ticker,report_type,filing_date,filename,filing_id,Label_T5,Label_T10,Label_T20
COST,10-Q,2016-03-09,COST_10-Q_0000909832-16-000023.txt,0000909832-16-000023,0.0,0.0,0.0
COST,10-Q,2016-06-01,COST_10-Q_0000909832-16-000028.txt,0000909832-16-000028,0.0,1.0,1.0
COST,10-K,2016-10-12,COST_10-K_0000909832-16-000032.txt,0000909832-16-000032,0.0,0.0,-1.0
COST,10-Q,2016-12-16,COST_10-Q_0000909832-16-000040.txt,0000909832-16-000040,1.0,0.0,1.0
COST,10-Q,2017-03-09,COST_10-Q_0000909832-17-000004.txt,0000909832-17-000004,0.0,0.0,1.0
COST,10-Q,2017-06-01,COST_10-Q_0000909832-17-000009.txt,0000909832-17-000009,0.0,0.0,-1.0
COST,10-K,2017-10-18,COST_10-K_0000909832-17-000014.txt,0000909832-17-000014,1.0,1.0,1.0
COST,10-Q,2017-12-21,COST_10-Q_0000909832-17-000022.txt,0000909832-17-000022,0.0,0.0,1.0
COST,10-Q,2018-03-15,COST_10-Q_0000909832-18-000002.txt,0000909832-18-000002,-1.0,1.0,1.0
COST,10-Q,2018-06-07,COST_10-Q_0000909832-18-000008.txt,0000909832-18-000008,1.0,1.0,1.0
COST,10-K,2018-10-26,COST_10-K_0000909832-18-000013.txt,0000909832-18-000013,1.0,1.0,0.0
COST,10-Q,2018-12-20,COST_10-Q_0000909832-18-000022.txt,0000909832-18-000022,0.0,1.0,1.0
COST,10-Q,2019-03-13,COST_10-Q_0000909832-19-000003.txt,0000909832-19-000003,0.0,1.0,1.0
COST,10-Q,2019-06-06,COST_10-Q_0000909832-19-000013.txt,0000909832-19-000013,1.0,1.0,1.0
COST,10-K,2019-10-11,COST_10-K_0000909832-19-000019.txt,0000909832-19-000019,1.0,0.0,1.0
COST,10-Q,2019-12-23,COST_10-Q_0000909832-19-000033.txt,0000909832-19-000033,0.0,0.0,1.0
COST,10-Q,2020-03-12,COST_10-Q_0000909832-20-000004.txt,0000909832-20-000004,1.0,1.0,1.0
COST,10-Q,2020-06-04,COST_10-Q_0000909832-20-000009.txt,0000909832-20-000009,-1.0,-1.0,-1.0
COST,10-K,2020-10-07,COST_10-K_0000909832-20-000017.txt,0000909832-20-000017,1.0,1.0,1.0
COST,10-Q,2020-12-16,COST_10-Q_0000909832-20-000026.txt,0000909832-20-000026,-1.0,1.0,-1.0
COST,10-Q,2021-03-10,COST_10-Q_0000909832-21-000003.txt,0000909832-21-000003,1.0,1.0,1.0
COST,10-Q,2021-06-03,COST_10-Q_0000909832-21-000008.txt,0000909832-21-000008,0.0,0.0,1.0
COST,10-K,2021-10-06,COST_10-K_0000909832-21-000014.txt,0000909832-21-000014,0.0,1.0,1.0
COST,10-Q,2021-12-22,COST_10-Q_0000909832-21-000021.txt,0000909832-21-000021,1.0,0.0,-1.0
COST,10-Q,2022-03-10,COST_10-Q_0000909832-22-000005.txt,0000909832-22-000005,1.0,1.0,1.0
COST,10-Q,2022-06-02,COST_10-Q_0000909832-22-000014.txt,0000909832-22-000014,0.0,-1.0,0.0
COST,10-K,2022-10-05,COST_10-K_0000909832-22-000021.txt,0000909832-22-000021,-1.0,0.0,0.0
COST,10-Q,2022-12-29,COST_10-Q_0000909832-22-000035.txt,0000909832-22-000035,1.0,1.0,1.0
COST,10-Q,2023-03-09,COST_10-Q_0000909832-23-000014.txt,0000909832-23-000014,1.0,1.0,1.0
COST,10-Q,2023-06-01,COST_10-Q_0000909832-23-000028.txt,0000909832-23-000028,1.0,1.0,1.0
COST,10-K,2023-10-11,COST_10-K_0000909832-23-000042.txt,0000909832-23-000042,1.0,-1.0,0.0
COST,10-Q,2023-12-20,COST_10-Q_0000909832-23-000065.txt,0000909832-23-000065,1.0,0.0,1.0
COST,10-Q,2024-03-13,COST_10-Q_0000909832-24-000017.txt,0000909832-24-000017,0.0,0.0,0.0
COST,10-Q,2024-06-06,COST_10-Q_0000909832-24-000029.txt,0000909832-24-000029,0.0,0.0,1.0
COST,10-K,2024-10-09,COST_10-K_0000909832-24-000049.txt,0000909832-24-000049,-1.0,0.0,0.0
COST,10-Q,2024-12-19,COST_10-Q_0000909832-24-000079.txt,0000909832-24-000079,-1.0,-1.0,0.0
COST,10-Q,2025-03-13,COST_10-Q_0000909832-25-000015.txt,0000909832-25-000015,0.0,1.0,1.0
COST,10-Q,2025-06-05,COST_10-Q_0000909832-25-000033.txt,0000909832-25-000033,0.0,-1.0,-1.0
COST,10-K,2025-10-08,COST_10-K_0000909832-25-000101.txt,0000909832-25-000101,1.0,1.0,1.0
ACN,10-Q,2016-03-24,ACN_10-Q_0001467373-16-000774.txt,0001467373-16-000774,1.0,0.0,0.0
ACN,10-Q,2016-06-23,ACN_10-Q_0001467373-16-000915.txt,0001467373-16-000915,-1.0,-1.0,-1.0
ACN,10-K,2016-10-28,ACN_10-K_0001467373-16-001080.txt,0001467373-16-001080,1.0,1.0,1.0
ACN,10-Q,2016-12-21,ACN_10-Q_0001467373-16-001180.txt,0001467373-16-001180,0.0,0.0,-1.0
ACN,10-Q,2017-03-23,ACN_10-Q_0001467373-17-000154.txt,0001467373-17-000154,0.0,-1.0,0.0
ACN,10-Q,2017-06-22,ACN_10-Q_0001467373-17-000277.txt,0001467373-17-000277,0.0,1.0,1.0
ACN,10-K,2017-10-26,ACN_10-K_0001467373-17-000430.txt,0001467373-17-000430,1.0,1.0,1.0
ACN,10-Q,2017-12-21,ACN_10-Q_0001467373-17-000506.txt,0001467373-17-000506,-1.0,1.0,1.0
ACN,10-Q,2018-03-22,ACN_10-Q_0001467373-18-000142.txt,0001467373-18-000142,1.0,0.0,1.0
ACN,10-Q,2018-06-28,ACN_10-Q_0001467373-18-000228.txt,0001467373-18-000228,0.0,1.0,0.0
ACN,10-K,2018-10-24,ACN_10-K_0001467373-18-000318.txt,0001467373-18-000318,1.0,1.0,1.0
ACN,10-Q,2018-12-20,ACN_10-Q_0001467373-18-000424.txt,0001467373-18-000424,-1.0,0.0,1.0
ACN,10-Q,2019-03-28,ACN_10-Q_0001467373-19-000130.txt,0001467373-19-000130,0.0,1.0,1.0
ACN,10-Q,2019-06-27,ACN_10-Q_0001467373-19-000217.txt,0001467373-19-000217,1.0,1.0,1.0
ACN,10-K,2019-10-29,ACN_10-K_0001467373-19-000339.txt,0001467373-19-000339,0.0,1.0,1.0
ACN,10-Q,2019-12-19,ACN_10-Q_0001467373-19-000395.txt,0001467373-19-000395,1.0,0.0,1.0
ACN,10-Q,2020-03-19,ACN_10-Q_0001467373-20-000158.txt,0001467373-20-000158,1.0,0.0,1.0
ACN,10-Q,2020-06-25,ACN_10-Q_0001467373-20-000251.txt,0001467373-20-000251,0.0,0.0,0.0
ACN,10-K,2020-10-22,ACN_10-K_0001467373-20-000376.txt,0001467373-20-000376,-1.0,1.0,1.0
ACN,10-Q,2020-12-17,ACN_10-Q_0001467373-20-000431.txt,0001467373-20-000431,-1.0,-1.0,-1.0
ACN,10-Q,2021-03-18,ACN_10-Q_0001467373-21-000106.txt,0001467373-21-000106,0.0,1.0,1.0
ACN,10-Q,2021-06-24,ACN_10-Q_0001467373-21-000161.txt,0001467373-21-000161,1.0,1.0,1.0
ACN,10-K,2021-10-15,ACN_10-K_0001467373-21-000229.txt,0001467373-21-000229,1.0,1.0,1.0
ACN,10-Q,2021-12-16,ACN_10-Q_0001467373-21-000297.txt,0001467373-21-000297,0.0,1.0,-1.0
ACN,10-Q,2022-03-17,ACN_10-Q_0001467373-22-000144.txt,0001467373-22-000144,0.0,1.0,0.0
ACN,10-Q,2022-06-23,ACN_10-Q_0001467373-22-000201.txt,0001467373-22-000201,-1.0,0.0,0.0
ACN,10-K,2022-10-12,ACN_10-K_0001467373-22-000295.txt,0001467373-22-000295,1.0,1.0,1.0
ACN,10-Q,2022-12-16,ACN_10-Q_0001467373-22-000370.txt,0001467373-22-000370,0.0,0.0,1.0
ACN,10-Q,2023-03-23,ACN_10-Q_0001467373-23-000124.txt,0001467373-23-000124,1.0,1.0,0.0
ACN,10-Q,2023-06-22,ACN_10-Q_0001467373-23-000221.txt,0001467373-23-000221,0.0,0.0,1.0
ACN,10-K,2023-10-12,ACN_10-K_0001467373-23-000324.txt,0001467373-23-000324,0.0,-1.0,1.0
ACN,10-Q,2023-12-19,ACN_10-Q_0001467373-23-000403.txt,0001467373-23-000403,1.0,-1.0,1.0
ACN,10-Q,2024-03-21,ACN_10-Q_0001467373-24-000108.txt,0001467373-24-000108,0.0,-1.0,-1.0
ACN,10-Q,2024-06-20,ACN_10-Q_0001467373-24-000196.txt,0001467373-24-000196,0.0,-1.0,1.0
ACN,10-K,2024-10-10,ACN_10-K_0001467373-24-000278.txt,0001467373-24-000278,1.0,0.0,0.0
ACN,10-Q,2024-12-19,ACN_10-Q_0001467373-24-000352.txt,0001467373-24-000352,-1.0,-1.0,-1.0
ACN,10-Q,2025-03-20,ACN_10-Q_0001467373-25-000100.txt,0001467373-25-000100,1.0,0.0,-1.0
ACN,10-Q,2025-06-20,ACN_10-Q_0001467373-25-000169.txt,0001467373-25-000169,1.0,1.0,0.0
ACN,10-K,2025-10-10,ACN_10-K_0001467373-25-000217.txt,0001467373-25-000217,0.0,1.0,1.0
AAPL,10-Q,2016-01-27,AAPL_10-Q_0001193125-16-439878.txt,0001193125-16-439878,1.0,0.0,1.0
AAPL,10-Q,2016-04-27,AAPL_10-Q_0001193125-16-559625.txt,0001193125-16-559625,-1.0,-1.0,1.0
AAPL,10-Q,2016-07-27,AAPL_10-Q_0001628280-16-017809.txt,0001628280-16-017809,1.0,1.0,1.0
AAPL,10-K,2016-10-26,AAPL_10-K_0001628280-16-020309.txt,0001628280-16-020309,-1.0,-1.0,-1.0
AAPL,10-Q,2017-02-01,AAPL_10-Q_0001628280-17-000717.txt,0001628280-17-000717,1.0,1.0,1.0
AAPL,10-Q,2017-05-03,AAPL_10-Q_0001628280-17-004790.txt,0001628280-17-004790,1.0,1.0,1.0
AAPL,10-Q,2017-08-02,AAPL_10-Q_0000320193-17-000009.txt,0000320193-17-000009,1.0,1.0,1.0
AAPL,10-K,2017-11-03,AAPL_10-K_0000320193-17-000070.txt,0000320193-17-000070,1.0,0.0,0.0
AAPL,10-Q,2018-02-02,AAPL_10-Q_0000320193-18-000007.txt,0000320193-18-000007,-1.0,1.0,1.0
AAPL,10-Q,2018-05-02,AAPL_10-Q_0000320193-18-000070.txt,0000320193-18-000070,1.0,1.0,1.0
AAPL,10-Q,2018-08-01,AAPL_10-Q_0000320193-18-000100.txt,0000320193-18-000100,1.0,1.0,1.0
AAPL,10-K,2018-11-05,AAPL_10-K_0000320193-18-000145.txt,0000320193-18-000145,-1.0,-1.0,-1.0
AAPL,10-Q,2019-01-30,AAPL_10-Q_0000320193-19-000010.txt,0000320193-19-000010,1.0,1.0,1.0
AAPL,10-Q,2019-05-01,AAPL_10-Q_0000320193-19-000066.txt,0000320193-19-000066,-1.0,-1.0,-1.0
AAPL,10-Q,2019-07-31,AAPL_10-Q_0000320193-19-000076.txt,0000320193-19-000076,-1.0,-1.0,-1.0
AAPL,10-K,2019-10-31,AAPL_10-K_0000320193-19-000119.txt,0000320193-19-000119,1.0,1.0,1.0
AAPL,10-Q,2020-01-29,AAPL_10-Q_0000320193-20-000010.txt,0000320193-20-000010,0.0,0.0,-1.0
AAPL,10-Q,2020-05-01,AAPL_10-Q_0000320193-20-000052.txt,0000320193-20-000052,1.0,1.0,1.0
AAPL,10-Q,2020-07-31,AAPL_10-Q_0000320193-20-000062.txt,0000320193-20-000062,1.0,1.0,1.0
AAPL,10-K,2020-10-30,AAPL_10-K_0000320193-20-000096.txt,0000320193-20-000096,1.0,1.0,1.0
AAPL,10-Q,2021-01-28,AAPL_10-Q_0000320193-21-000010.txt,0000320193-21-000010,0.0,0.0,-1.0
AAPL,10-Q,2021-04-29,AAPL_10-Q_0000320193-21-000056.txt,0000320193-21-000056,-1.0,-1.0,-1.0
AAPL,10-Q,2021-07-28,AAPL_10-Q_0000320193-21-000065.txt,0000320193-21-000065,0.0,0.0,1.0
AAPL,10-K,2021-10-29,AAPL_10-K_0000320193-21-000105.txt,0000320193-21-000105,0.0,0.0,1.0
AAPL,10-Q,2022-01-28,AAPL_10-Q_0000320193-22-000007.txt,0000320193-22-000007,0.0,0.0,-1.0
AAPL,10-Q,2022-04-29,AAPL_10-Q_0000320193-22-000059.txt,0000320193-22-000059,0.0,-1.0,-1.0
AAPL,10-Q,2022-07-29,AAPL_10-Q_0000320193-22-000070.txt,0000320193-22-000070,1.0,1.0,0.0
AAPL,10-K,2022-10-28,AAPL_10-K_0000320193-22-000108.txt,0000320193-22-000108,-1.0,-1.0,-1.0
AAPL,10-Q,2023-02-03,AAPL_10-Q_0000320193-23-000006.txt,0000320193-23-000006,-1.0,0.0,0.0
AAPL,10-Q,2023-05-05,AAPL_10-Q_0000320193-23-000064.txt,0000320193-23-000064,0.0,0.0,1.0
AAPL,10-Q,2023-08-04,AAPL_10-Q_0000320193-23-000077.txt,0000320193-23-000077,-1.0,-1.0,1.0
AAPL,10-K,2023-11-03,AAPL_10-K_0000320193-23-000106.txt,0000320193-23-000106,1.0,1.0,1.0
AAPL,10-Q,2024-02-02,AAPL_10-Q_0000320193-24-000006.txt,0000320193-24-000006,1.0,-1.0,-1.0
AAPL,10-Q,2024-05-03,AAPL_10-Q_0000320193-24-000069.txt,0000320193-24-000069,0.0,1.0,1.0
AAPL,10-Q,2024-08-02,AAPL_10-Q_0000320193-24-000081.txt,0000320193-24-000081,-1.0,1.0,1.0
AAPL,10-K,2024-11-01,AAPL_10-K_0000320193-24-000123.txt,0000320193-24-000123,1.0,0.0,1.0
AAPL,10-Q,2025-01-31,AAPL_10-Q_0000320193-25-000008.txt,0000320193-25-000008,-1.0,1.0,0.0
AAPL,10-Q,2025-05-02,AAPL_10-Q_0000320193-25-000057.txt,0000320193-25-000057,0.0,0.0,0.0
AAPL,10-Q,2025-08-01,AAPL_10-Q_0000320193-25-000073.txt,0000320193-25-000073,1.0,1.0,1.0
AAPL,10-K,2025-10-31,AAPL_10-K_0000320193-25-000079.txt,0000320193-25-000079,0.0,0.0,1.0
V,10-Q,2016-01-28,V_10-Q_0001403161-16-000015.txt,0001403161-16-000015,1.0,0.0,1.0
V,10-Q,2016-04-25,V_10-Q_0001403161-16-000022.txt,0001403161-16-000022,0.0,0.0,0.0
V,10-Q,2016-07-25,V_10-Q_0001403161-16-000039.txt,0001403161-16-000039,0.0,0.0,1.0
V,10-K,2016-11-15,V_10-K_0001403161-16-000058.txt,0001403161-16-000058,1.0,0.0,0.0
V,10-Q,2017-02-02,V_10-Q_0001403161-17-000011.txt,0001403161-17-000011,1.0,1.0,1.0
V,10-Q,2017-04-21,V_10-Q_0001403161-17-000028.txt,0001403161-17-000028,0.0,1.0,1.0
V,10-Q,2017-07-20,V_10-Q_0001403161-17-000037.txt,0001403161-17-000037,1.0,1.0,1.0
V,10-K,2017-11-17,V_10-K_0001403161-17-000044.txt,0001403161-17-000044,1.0,-1.0,1.0
V,10-Q,2018-02-01,V_10-Q_0001403161-18-000009.txt,0001403161-18-000009,-1.0,-1.0,-1.0
V,10-Q,2018-04-27,V_10-Q_0001403161-18-000020.txt,0001403161-18-000020,1.0,1.0,1.0
V,10-Q,2018-07-27,V_10-Q_0001403161-18-000034.txt,0001403161-18-000034,0.0,0.0,1.0
V,10-K,2018-11-16,V_10-K_0001403161-18-000055.txt,0001403161-18-000055,-1.0,1.0,-1.0
V,10-Q,2019-01-31,V_10-Q_0001403161-19-000005.txt,0001403161-19-000005,1.0,1.0,1.0
V,10-Q,2019-04-26,V_10-Q_0001403161-19-000017.txt,0001403161-19-000017,-1.0,-1.0,0.0
V,10-Q,2019-07-26,V_10-Q_0001403161-19-000030.txt,0001403161-19-000030,-1.0,-1.0,-1.0
V,10-K,2019-11-14,V_10-K_0001403161-19-000050.txt,0001403161-19-000050,0.0,1.0,1.0
V,10-Q,2020-01-31,V_10-Q_0001403161-20-000012.txt,0001403161-20-000012,1.0,1.0,-1.0
V,10-Q,2020-05-04,V_10-Q_0001403161-20-000028.txt,0001403161-20-000028,1.0,1.0,1.0
V,10-Q,2020-07-31,V_10-Q_0001403161-20-000048.txt,0001403161-20-000048,1.0,1.0,1.0
V,10-K,2020-11-19,V_10-K_0001403161-20-000070.txt,0001403161-20-000070,0.0,0.0,0.0
V,10-Q,2021-01-29,V_10-Q_0001403161-21-000012.txt,0001403161-21-000012,1.0,1.0,1.0
V,10-Q,2021-04-29,V_10-Q_0001403161-21-000029.txt,0001403161-21-000029,-1.0,-1.0,-1.0
V,10-Q,2021-07-29,V_10-Q_0001403161-21-000042.txt,0001403161-21-000042,-1.0,-1.0,-1.0
V,10-K,2021-11-18,V_10-K_0001403161-21-000060.txt,0001403161-21-000060,-1.0,-1.0,1.0
V,10-Q,2022-01-28,V_10-Q_0001403161-22-000013.txt,0001403161-22-000013,0.0,0.0,-1.0
V,10-Q,2022-04-28,V_10-Q_0001403161-22-000027.txt,0001403161-22-000027,-1.0,-1.0,-1.0
V,10-Q,2022-07-28,V_10-Q_0001403161-22-000058.txt,0001403161-22-000058,0.0,0.0,0.0
V,10-K,2022-11-16,V_10-K_0001403161-22-000081.txt,0001403161-22-000081,0.0,1.0,0.0
V,10-Q,2023-01-27,V_10-Q_0001403161-23-000013.txt,0001403161-23-000013,0.0,-1.0,-1.0
V,10-Q,2023-04-27,V_10-Q_0001403161-23-000031.txt,0001403161-23-000031,-1.0,1.0,-1.0
V,10-Q,2023-07-26,V_10-Q_0001403161-23-000072.txt,0001403161-23-000072,0.0,1.0,1.0
V,10-K,2023-11-15,V_10-K_0001403161-23-000099.txt,0001403161-23-000099,1.0,1.0,1.0
V,10-Q,2024-01-26,V_10-Q_0001403161-24-000016.txt,0001403161-24-000016,1.0,1.0,1.0
V,10-Q,2024-04-24,V_10-Q_0001403161-24-000030.txt,0001403161-24-000030,-1.0,1.0,0.0
V,10-Q,2024-07-24,V_10-Q_0001403161-24-000041.txt,0001403161-24-000041,1.0,0.0,1.0
V,10-Q,2025-01-31,V_10-Q_0001403161-25-000017.txt,0001403161-25-000017,1.0,1.0,1.0
V,10-Q,2025-07-30,V_10-Q_0001403161-25-000052.txt,0001403161-25-000052,-1.0,-1.0,0.0
V,10-K,2025-11-06,V_10-K_0001403161-25-000089.txt,0001403161-25-000089,0.0,-1.0,-1.0
PEP,10-K,2016-02-11,PEP_10-K_0000077476-16-000066.txt,0000077476-16-000066,1.0,1.0,1.0
PEP,10-Q,2016-04-18,PEP_10-Q_0000077476-16-000074.txt,0000077476-16-000074,-1.0,0.0,0.0
PEP,10-Q,2016-07-07,PEP_10-Q_0000077476-16-000094.txt,0000077476-16-000094,1.0,1.0,0.0
PEP,10-Q,2016-09-29,PEP_10-Q_0000077476-16-000107.txt,0000077476-16-000107,-1.0,-1.0,-1.0
PEP,10-K,2017-02-15,PEP_10-K_0000077476-17-000010.txt,0000077476-17-000010,1.0,1.0,1.0
PEP,10-Q,2017-04-26,PEP_10-Q_0000077476-17-000017.txt,0000077476-17-000017,-1.0,0.0,1.0
PEP,10-Q,2017-07-11,PEP_10-Q_0000077476-17-000033.txt,0000077476-17-000033,1.0,1.0,1.0
PEP,10-Q,2017-10-04,PEP_10-Q_0000077476-17-000048.txt,0000077476-17-000048,1.0,1.0,1.0
PEP,10-K,2018-02-13,PEP_10-K_0000077476-18-000012.txt,0000077476-18-000012,-1.0,-1.0,0.0
PEP,10-Q,2018-04-26,PEP_10-Q_0000077476-18-000032.txt,0000077476-18-000032,-1.0,-1.0,-1.0
PEP,10-Q,2018-07-10,PEP_10-Q_0000077476-18-000055.txt,0000077476-18-000055,1.0,1.0,0.0
PEP,10-Q,2018-10-02,PEP_10-Q_0000077476-18-000076.txt,0000077476-18-000076,0.0,-1.0,1.0
PEP,10-K,2019-02-15,PEP_10-K_0000077476-19-000017.txt,0000077476-19-000017,0.0,1.0,1.0
PEP,10-Q,2019-04-17,PEP_10-Q_0000077476-19-000038.txt,0000077476-19-000038,0.0,0.0,1.0
PEP,10-Q,2019-07-09,PEP_10-Q_0000077476-19-000070.txt,0000077476-19-000070,1.0,-1.0,-1.0
PEP,10-Q,2019-10-03,PEP_10-Q_0000077476-19-000093.txt,0000077476-19-000093,0.0,0.0,0.0
PEP,10-K,2020-02-13,PEP_10-K_0000077476-20-000015.txt,0000077476-20-000015,0.0,-1.0,-1.0
PEP,10-Q,2020-04-28,PEP_10-Q_0000077476-20-000041.txt,0000077476-20-000041,-1.0,0.0,-1.0
PEP,10-Q,2020-07-13,PEP_10-Q_0000077476-20-000060.txt,0000077476-20-000060,-1.0,1.0,0.0
PEP,10-K,2021-02-11,PEP_10-K_0000077476-21-000007.txt,0000077476-21-000007,-1.0,-1.0,0.0
PEP,10-Q,2021-04-15,PEP_10-Q_0000077476-21-000018.txt,0000077476-21-000018,1.0,1.0,1.0
PEP,10-Q,2021-07-13,PEP_10-Q_0000077476-21-000039.txt,0000077476-21-000039,1.0,1.0,1.0
PEP,10-Q,2021-10-05,PEP_10-Q_0000077476-21-000050.txt,0000077476-21-000050,1.0,1.0,1.0
PEP,10-K,2022-02-10,PEP_10-K_0000077476-22-000010.txt,0000077476-22-000010,0.0,0.0,-1.0
PEP,10-Q,2022-04-26,PEP_10-Q_0000077476-22-000020.txt,0000077476-22-000020,-1.0,-1.0,-1.0
PEP,10-Q,2022-07-12,PEP_10-Q_0000077476-22-000043.txt,0000077476-22-000043,0.0,1.0,1.0
PEP,10-Q,2022-10-12,PEP_10-Q_0000077476-22-000052.txt,0000077476-22-000052,1.0,1.0,1.0
PEP,10-K,2023-02-09,PEP_10-K_0000077476-23-000007.txt,0000077476-23-000007,1.0,1.0,0.0
PEP,10-Q,2023-04-25,PEP_10-Q_0000077476-23-000023.txt,0000077476-23-000023,1.0,1.0,-1.0
PEP,10-Q,2023-07-13,PEP_10-Q_0000077476-23-000046.txt,0000077476-23-000046,0.0,0.0,-1.0
PEP,10-Q,2023-10-10,PEP_10-Q_0000077476-23-000058.txt,0000077476-23-000058,-1.0,0.0,1.0
PEP,10-K,2024-02-09,PEP_10-K_0000077476-24-000008.txt,0000077476-24-000008,0.0,0.0,0.0
PEP,10-Q,2024-04-23,PEP_10-Q_0000077476-24-000017.txt,0000077476-24-000017,1.0,1.0,1.0
PEP,10-Q,2024-07-11,PEP_10-Q_0000077476-24-000042.txt,0000077476-24-000042,1.0,1.0,1.0
PEP,10-Q,2024-10-08,PEP_10-Q_0000077476-24-000052.txt,0000077476-24-000052,1.0,1.0,-1.0
PEP,10-K,2025-02-04,PEP_10-K_0000077476-25-000007.txt,0000077476-25-000007,0.0,0.0,1.0
PEP,10-Q,2025-04-24,PEP_10-Q_0000077476-25-000019.txt,0000077476-25-000019,0.0,-1.0,-1.0
PEP,10-Q,2025-07-17,PEP_10-Q_0000077476-25-000044.txt,0000077476-25-000044,0.0,-1.0,1.0
PEP,10-Q,2025-10-09,PEP_10-Q_0000077476-25-000053.txt,0000077476-25-000053,1.0,1.0,-1.0
DHR,10-K,2016-02-24,DHR_10-K_0000313616-16-000145.txt,0000313616-16-000145,1.0,1.0,1.0
DHR,10-Q,2016-07-25,DHR_10-Q_0000313616-16-000206.txt,0000313616-16-000206,0.0,0.0,0.0
DHR,10-Q,2016-10-20,DHR_10-Q_0000313616-16-000220.txt,0000313616-16-000220,-1.0,-1.0,0.0
DHR,10-K,2017-02-22,DHR_10-K_0000313616-17-000066.txt,0000313616-17-000066,1.0,1.0,1.0
DHR,10-Q,2017-04-20,DHR_10-Q_0000313616-17-000124.txt,0000313616-17-000124,0.0,1.0,-1.0
DHR,10-Q,2017-07-20,DHR_10-Q_0000313616-17-000203.txt,0000313616-17-000203,-1.0,-1.0,-1.0
DHR,10-Q,2017-10-19,DHR_10-Q_0000313616-17-000218.txt,0000313616-17-000218,1.0,1.0,1.0
DHR,10-K,2018-02-21,DHR_10-K_0000313616-18-000038.txt,0000313616-18-000038,0.0,1.0,1.0
DHR,10-Q,2018-04-19,DHR_10-Q_0000313616-18-000065.txt,0000313616-18-000065,0.0,-1.0,0.0
DHR,10-Q,2018-07-19,DHR_10-Q_0000313616-18-000116.txt,0000313616-18-000116,0.0,-1.0,-1.0
DHR,10-Q,2018-10-18,DHR_10-Q_0000313616-18-000130.txt,0000313616-18-000130,-1.0,0.0,0.0
DHR,10-Q,2019-04-18,DHR_10-Q_0000313616-19-000068.txt,0000313616-19-000068,1.0,1.0,1.0
DHR,10-Q,2019-07-18,DHR_10-Q_0000313616-19-000127.txt,0000313616-19-000127,0.0,-1.0,-1.0
DHR,10-Q,2019-10-24,DHR_10-Q_0000313616-19-000148.txt,0000313616-19-000148,0.0,0.0,1.0
DHR,10-K,2020-02-21,DHR_10-K_0000313616-20-000041.txt,0000313616-20-000041,-1.0,-1.0,-1.0
DHR,10-Q,2020-05-06,DHR_10-Q_0000313616-20-000093.txt,0000313616-20-000093,-1.0,-1.0,1.0
DHR,10-Q,2020-07-23,DHR_10-Q_0000313616-20-000120.txt,0000313616-20-000120,1.0,1.0,1.0
DHR,10-Q,2020-10-22,DHR_10-Q_0000313616-20-000142.txt,0000313616-20-000142,-1.0,1.0,-1.0
DHR,10-K,2021-02-25,DHR_10-K_0000313616-21-000045.txt,0000313616-21-000045,-1.0,0.0,0.0
DHR,10-Q,2021-04-22,DHR_10-Q_0000313616-21-000059.txt,0000313616-21-000059,0.0,1.0,0.0
DHR,10-Q,2021-07-22,DHR_10-Q_0000313616-21-000098.txt,0000313616-21-000098,1.0,1.0,1.0
DHR,10-Q,2021-10-21,DHR_10-Q_0000313616-21-000110.txt,0000313616-21-000110,-1.0,-1.0,0.0
DHR,10-Q,2022-04-21,DHR_10-Q_0000313616-22-000107.txt,0000313616-22-000107,-1.0,-1.0,-1.0
DHR,10-Q,2022-07-21,DHR_10-Q_0000313616-22-000171.txt,0000313616-22-000171,1.0,1.0,1.0
DHR,10-Q,2022-10-20,DHR_10-Q_0000313616-22-000223.txt,0000313616-22-000223,0.0,0.0,1.0
DHR,10-K,2023-02-22,DHR_10-K_0000313616-23-000087.txt,0000313616-23-000087,-1.0,0.0,-1.0
DHR,10-Q,2023-04-25,DHR_10-Q_0000313616-23-000125.txt,0000313616-23-000125,1.0,0.0,0.0
DHR,10-Q,2023-07-25,DHR_10-Q_0000313616-23-000214.txt,0000313616-23-000214,0.0,0.0,-1.0
DHR,10-Q,2023-10-24,DHR_10-Q_0000313616-23-000256.txt,0000313616-23-000256,-1.0,0.0,1.0
DHR,10-K,2024-02-21,DHR_10-K_0000313616-24-000052.txt,0000313616-24-000052,1.0,0.0,0.0
DHR,10-Q,2024-04-23,DHR_10-Q_0000313616-24-000102.txt,0000313616-24-000102,-1.0,0.0,1.0
DHR,10-Q,2024-07-23,DHR_10-Q_0000313616-24-000186.txt,0000313616-24-000186,1.0,0.0,1.0
DHR,10-K,2025-02-20,DHR_10-K_0000313616-25-000043.txt,0000313616-25-000043,0.0,1.0,0.0
DHR,10-Q,2025-04-22,DHR_10-Q_0000313616-25-000088.txt,0000313616-25-000088,0.0,0.0,0.0
DHR,10-Q,2025-07-22,DHR_10-Q_0000313616-25-000153.txt,0000313616-25-000153,1.0,1.0,1.0
DHR,10-Q,2025-10-21,DHR_10-Q_0000313616-25-000182.txt,0000313616-25-000182,0.0,-1.0,0.0
MSFT,10-Q,2016-01-28,MSFT_10-Q_0001193125-16-441821.txt,0001193125-16-441821,0.0,-1.0,0.0
MSFT,10-Q,2016-04-21,MSFT_10-Q_0001193125-16-550254.txt,0001193125-16-550254,-1.0,-1.0,-1.0
MSFT,10-K,2016-07-28,MSFT_10-K_0001193125-16-662209.txt,0001193125-16-662209,1.0,1.0,1.0
MSFT,10-Q,2016-10-20,MSFT_10-Q_0001193125-16-742796.txt,0001193125-16-742796,1.0,1.0,1.0
MSFT,10-Q,2017-01-26,MSFT_10-Q_0001564590-17-000654.txt,0001564590-17-000654,-1.0,0.0,1.0
MSFT,10-Q,2017-04-27,MSFT_10-Q_0001564590-17-007547.txt,0001564590-17-007547,1.0,0.0,1.0
MSFT,10-K,2017-08-02,MSFT_10-K_0001564590-17-014900.txt,0001564590-17-014900,0.0,1.0,1.0
MSFT,10-Q,2017-10-26,MSFT_10-Q_0001564590-17-020171.txt,0001564590-17-020171,1.0,1.0,1.0
MSFT,10-Q,2018-01-31,MSFT_10-Q_0001564590-18-001129.txt,0001564590-18-001129,-1.0,-1.0,-1.0
MSFT,10-Q,2018-04-26,MSFT_10-Q_0001564590-18-009307.txt,0001564590-18-009307,0.0,1.0,1.0
MSFT,10-K,2018-08-03,MSFT_10-K_0001564590-18-019062.txt,0001564590-18-019062,0.0,0.0,1.0
MSFT,10-Q,2018-10-24,MSFT_10-Q_0001564590-18-024893.txt,0001564590-18-024893,1.0,1.0,0.0
MSFT,10-Q,2019-01-30,MSFT_10-Q_0001564590-19-001392.txt,0001564590-19-001392,0.0,0.0,1.0
MSFT,10-Q,2019-04-24,MSFT_10-Q_0001564590-19-012709.txt,0001564590-19-012709,1.0,0.0,1.0
MSFT,10-K,2019-08-01,MSFT_10-K_0001564590-19-027952.txt,0001564590-19-027952,0.0,-1.0,0.0
MSFT,10-Q,2019-10-23,MSFT_10-Q_0001564590-19-037549.txt,0001564590-19-037549,1.0,1.0,1.0
MSFT,10-Q,2020-01-29,MSFT_10-Q_0001564590-20-002450.txt,0001564590-20-002450,1.0,1.0,-1.0
MSFT,10-Q,2020-04-29,MSFT_10-Q_0001564590-20-019706.txt,0001564590-20-019706,0.0,0.0,0.0
MSFT,10-K,2020-07-30,MSFT_10-K_0001564590-20-034944.txt,0001564590-20-034944,1.0,1.0,1.0
MSFT,10-Q,2020-10-27,MSFT_10-Q_0001564590-20-047996.txt,0001564590-20-047996,-1.0,0.0,0.0
MSFT,10-Q,2021-01-26,MSFT_10-Q_0001564590-21-002316.txt,0001564590-21-002316,1.0,1.0,0.0
MSFT,10-Q,2021-04-27,MSFT_10-Q_0001564590-21-020891.txt,0001564590-21-020891,-1.0,-1.0,-1.0
MSFT,10-K,2021-07-29,MSFT_10-K_0001564590-21-039151.txt,0001564590-21-039151,1.0,1.0,1.0
MSFT,10-Q,2021-10-26,MSFT_10-Q_0001564590-21-051992.txt,0001564590-21-051992,1.0,1.0,1.0
MSFT,10-Q,2022-01-25,MSFT_10-Q_0001564590-22-002324.txt,0001564590-22-002324,1.0,1.0,-1.0
MSFT,10-Q,2022-04-26,MSFT_10-Q_0001564590-22-015675.txt,0001564590-22-015675,1.0,0.0,-1.0
MSFT,10-K,2022-07-28,MSFT_10-K_0001564590-22-026876.txt,0001564590-22-026876,1.0,1.0,0.0
MSFT,10-Q,2022-10-25,MSFT_10-Q_0001564590-22-035087.txt,0001564590-22-035087,-1.0,-1.0,0.0
MSFT,10-Q,2023-01-24,MSFT_10-Q_0001564590-23-000733.txt,0001564590-23-000733,1.0,1.0,1.0
MSFT,10-Q,2023-04-25,MSFT_10-Q_0000950170-23-014423.txt,0000950170-23-014423,1.0,1.0,1.0
MSFT,10-K,2023-07-27,MSFT_10-K_0000950170-23-035122.txt,0000950170-23-035122,0.0,-1.0,-1.0
MSFT,10-Q,2023-10-24,MSFT_10-Q_0000950170-23-054855.txt,0000950170-23-054855,1.0,1.0,1.0
MSFT,10-Q,2024-01-30,MSFT_10-Q_0000950170-24-008814.txt,0000950170-24-008814,0.0,0.0,0.0
MSFT,10-Q,2024-04-25,MSFT_10-Q_0000950170-24-048288.txt,0000950170-24-048288,0.0,1.0,1.0
MSFT,10-K,2024-07-30,MSFT_10-K_0000950170-24-087843.txt,0000950170-24-087843,-1.0,-1.0,-1.0
MSFT,10-Q,2024-10-30,MSFT_10-Q_0000950170-24-118967.txt,0000950170-24-118967,-1.0,-1.0,-1.0
MSFT,10-Q,2025-01-29,MSFT_10-Q_0000950170-25-010491.txt,0000950170-25-010491,-1.0,-1.0,-1.0
MSFT,10-Q,2025-04-30,MSFT_10-Q_0000950170-25-061046.txt,0000950170-25-061046,1.0,1.0,1.0
MSFT,10-K,2025-07-30,MSFT_10-K_0000950170-25-100235.txt,0000950170-25-100235,1.0,1.0,-1.0
MSFT,10-Q,2025-10-29,MSFT_10-Q_0001193125-25-256321.txt,0001193125-25-256321,-1.0,-1.0,-1.0
HON,10-K,2016-02-12,HON_10-K_0000930413-16-005457.txt,0000930413-16-005457,0.0,0.0,1.0
HON,10-Q,2016-04-22,HON_10-Q_0000930413-16-006542.txt,0000930413-16-006542,0.0,0.0,0.0
HON,10-Q,2016-07-22,HON_10-Q_0000930413-16-007670.txt,0000930413-16-007670,0.0,0.0,0.0
HON,10-Q,2016-10-21,HON_10-Q_0000930413-16-008530.txt,0000930413-16-008530,0.0,0.0,1.0
HON,10-K,2017-02-10,HON_10-K_0000930413-17-000391.txt,0000930413-17-000391,1.0,1.0,1.0
HON,10-Q,2017-04-21,HON_10-Q_0000930413-17-001646.txt,0000930413-17-001646,1.0,1.0,1.0
HON,10-Q,2017-10-20,HON_10-Q_0000930413-17-003588.txt,0000930413-17-003588,1.0,0.0,1.0
HON,10-K,2018-02-09,HON_10-K_0000930413-18-000292.txt,0000930413-18-000292,1.0,1.0,1.0
HON,10-Q,2018-04-20,HON_10-Q_0000930413-18-001371.txt,0000930413-18-001371,-1.0,-1.0,0.0
HON,10-Q,2018-07-20,HON_10-Q_0000930413-18-002303.txt,0000930413-18-002303,1.0,0.0,1.0
HON,10-Q,2018-10-19,HON_10-Q_0000930413-18-003111.txt,0000930413-18-003111,-1.0,-1.0,0.0
HON,10-K,2019-02-08,HON_10-K_0000930413-19-000366.txt,0000930413-19-000366,1.0,1.0,1.0
HON,10-Q,2019-04-18,HON_10-Q_0001628280-19-004415.txt,0001628280-19-004415,1.0,1.0,0.0
HON,10-Q,2019-07-18,HON_10-Q_0000773840-19-000013.txt,0000773840-19-000013,0.0,-1.0,-1.0
HON,10-Q,2019-10-17,HON_10-Q_0000773840-19-000026.txt,0000773840-19-000026,1.0,1.0,1.0
HON,10-K,2020-02-14,HON_10-K_0000773840-20-000009.txt,0000773840-20-000009,-1.0,-1.0,-1.0
HON,10-Q,2020-05-01,HON_10-Q_0000773840-20-000025.txt,0000773840-20-000025,0.0,-1.0,1.0
HON,10-Q,2020-07-24,HON_10-Q_0000773840-20-000038.txt,0000773840-20-000038,0.0,1.0,1.0
HON,10-Q,2020-10-30,HON_10-Q_0000773840-20-000048.txt,0000773840-20-000048,1.0,1.0,1.0
HON,10-K,2021-02-12,HON_10-K_0000773840-21-000015.txt,0000773840-21-000015,0.0,1.0,1.0
HON,10-Q,2021-04-23,HON_10-Q_0000773840-21-000032.txt,0000773840-21-000032,0.0,1.0,0.0
HON,10-Q,2021-07-23,HON_10-Q_0000773840-21-000057.txt,0000773840-21-000057,1.0,0.0,0.0
HON,10-Q,2021-10-22,HON_10-Q_0000773840-21-000065.txt,0000773840-21-000065,0.0,1.0,0.0
HON,10-K,2022-02-11,HON_10-K_0000773840-22-000018.txt,0000773840-22-000018,-1.0,1.0,0.0
HON,10-Q,2022-04-29,HON_10-Q_0000773840-22-000037.txt,0000773840-22-000037,0.0,0.0,1.0
HON,10-Q,2022-07-28,HON_10-Q_0000773840-22-000054.txt,0000773840-22-000054,0.0,1.0,1.0
HON,10-Q,2022-10-27,HON_10-Q_0000773840-22-000071.txt,0000773840-22-000071,1.0,1.0,1.0
HON,10-K,2023-02-10,HON_10-K_0000773840-23-000013.txt,0000773840-23-000013,0.0,-1.0,-1.0
HON,10-Q,2023-04-27,HON_10-Q_0000773840-23-000038.txt,0000773840-23-000038,0.0,-1.0,-1.0
HON,10-Q,2023-07-27,HON_10-Q_0000773840-23-000073.txt,0000773840-23-000073,-1.0,-1.0,-1.0
HON,10-Q,2023-10-26,HON_10-Q_0000773840-23-000085.txt,0000773840-23-000085,1.0,1.0,1.0
HON,10-K,2024-02-16,HON_10-K_0000773840-24-000014.txt,0000773840-24-000014,0.0,1.0,0.0
HON,10-Q,2024-04-25,HON_10-Q_0000773840-24-000051.txt,0000773840-24-000051,0.0,1.0,1.0
HON,10-Q,2024-07-25,HON_10-Q_0000773840-24-000082.txt,0000773840-24-000082,0.0,0.0,0.0
HON,10-Q,2024-10-24,HON_10-Q_0000773840-24-000099.txt,0000773840-24-000099,-1.0,1.0,1.0
HON,10-K,2025-02-14,HON_10-K_0000773840-25-000010.txt,0000773840-25-000010,1.0,1.0,1.0
HON,10-Q,2025-04-29,HON_10-Q_0000773840-25-000037.txt,0000773840-25-000037,0.0,0.0,1.0
HON,10-Q,2025-07-24,HON_10-Q_0000773840-25-000064.txt,0000773840-25-000064,0.0,-1.0,-1.0
HON,10-Q,2025-10-23,HON_10-Q_0000773840-25-000105.txt,0000773840-25-000105,-1.0,-1.0,-1.0
BMY,10-K,2016-02-12,BMY_10-K_0000014272-16-000288.txt,0000014272-16-000288,1.0,1.0,1.0
BMY,10-Q,2016-04-28,BMY_10-Q_0000014272-16-000399.txt,0000014272-16-000399,-1.0,-1.0,-1.0
BMY,10-Q,2016-07-28,BMY_10-Q_0000014272-16-000461.txt,0000014272-16-000461,0.0,-1.0,-1.0
BMY,10-Q,2016-10-27,BMY_10-Q_0000014272-16-000491.txt,0000014272-16-000491,-1.0,1.0,1.0
BMY,10-K,2017-02-21,BMY_10-K_0000014272-17-000047.txt,0000014272-17-000047,1.0,1.0,0.0
BMY,10-Q,2017-04-27,BMY_10-Q_0000014272-17-000132.txt,0000014272-17-000132,0.0,0.0,-1.0
BMY,10-Q,2017-07-27,BMY_10-Q_0000014272-17-000165.txt,0000014272-17-000165,1.0,1.0,1.0
BMY,10-Q,2017-10-26,BMY_10-Q_0000014272-17-000195.txt,0000014272-17-000195,1.0,1.0,0.0
BMY,10-K,2018-02-13,BMY_10-K_0000014272-18-000055.txt,0000014272-18-000055,1.0,1.0,1.0
BMY,10-Q,2018-04-26,BMY_10-Q_0000014272-18-000117.txt,0000014272-18-000117,0.0,0.0,0.0
BMY,10-Q,2018-07-26,BMY_10-Q_0000014272-18-000160.txt,0000014272-18-000160,1.0,1.0,1.0
BMY,10-Q,2018-10-25,BMY_10-Q_0000014272-18-000197.txt,0000014272-18-000197,1.0,1.0,1.0
BMY,10-K,2019-02-25,BMY_10-K_0000014272-19-000047.txt,0000014272-19-000047,1.0,0.0,-1.0
BMY,10-Q,2019-04-25,BMY_10-Q_0000014272-19-000107.txt,0000014272-19-000107,1.0,1.0,1.0
BMY,10-Q,2019-07-25,BMY_10-Q_0000014272-19-000160.txt,0000014272-19-000160,0.0,1.0,1.0
BMY,10-Q,2019-10-31,BMY_10-Q_0000014272-19-000194.txt,0000014272-19-000194,0.0,1.0,0.0
BMY,10-K,2020-02-24,BMY_10-K_0000014272-20-000082.txt,0000014272-20-000082,-1.0,-1.0,-1.0
BMY,10-Q,2020-05-07,BMY_10-Q_0000014272-20-000168.txt,0000014272-20-000168,1.0,0.0,0.0
BMY,10-Q,2020-08-06,BMY_10-Q_0000014272-20-000229.txt,0000014272-20-000229,1.0,1.0,-1.0
BMY,10-Q,2020-11-05,BMY_10-Q_0000014272-20-000279.txt,0000014272-20-000279,0.0,-1.0,-1.0
BMY,10-K,2021-02-10,BMY_10-K_0000014272-21-000066.txt,0000014272-21-000066,1.0,1.0,0.0
BMY,10-Q,2021-04-29,BMY_10-Q_0000014272-21-000126.txt,0000014272-21-000126,1.0,1.0,1.0
BMY,10-Q,2021-07-28,BMY_10-Q_0000014272-21-000186.txt,0000014272-21-000186,0.0,-1.0,-1.0
BMY,10-Q,2021-10-27,BMY_10-Q_0000014272-21-000224.txt,0000014272-21-000224,1.0,1.0,0.0
BMY,10-K,2022-02-09,BMY_10-K_0000014272-22-000051.txt,0000014272-22-000051,0.0,0.0,1.0
BMY,10-Q,2022-04-29,BMY_10-Q_0000014272-22-000114.txt,0000014272-22-000114,1.0,0.0,0.0
BMY,10-Q,2022-07-27,BMY_10-Q_0000014272-22-000166.txt,0000014272-22-000166,-1.0,0.0,-1.0
BMY,10-Q,2022-10-26,BMY_10-Q_0000014272-22-000196.txt,0000014272-22-000196,1.0,1.0,1.0
BMY,10-K,2023-02-14,BMY_10-K_0000014272-23-000046.txt,0000014272-23-000046,0.0,-1.0,-1.0
BMY,10-Q,2023-04-27,BMY_10-Q_0000014272-23-000104.txt,0000014272-23-000104,-1.0,1.0,-1.0
BMY,10-Q,2023-07-27,BMY_10-Q_0000014272-23-000152.txt,0000014272-23-000152,0.0,0.0,0.0
BMY,10-Q,2023-10-26,BMY_10-Q_0000014272-23-000181.txt,0000014272-23-000181,-1.0,-1.0,-1.0
BMY,10-K,2024-02-13,BMY_10-K_0000014272-24-000044.txt,0000014272-24-000044,1.0,1.0,1.0
BMY,10-Q,2024-10-31,BMY_10-Q_0000014272-24-000147.txt,0000014272-24-000147,-1.0,1.0,1.0
BMY,10-K,2025-02-12,BMY_10-K_0000014272-25-000039.txt,0000014272-25-000039,0.0,1.0,1.0
BMY,10-Q,2025-04-24,BMY_10-Q_0000014272-25-000091.txt,0000014272-25-000091,0.0,-1.0,-1.0
BMY,10-Q,2025-07-31,BMY_10-Q_0000014272-25-000131.txt,0000014272-25-000131,1.0,1.0,1.0
BMY,10-Q,2025-10-30,BMY_10-Q_0000014272-25-000149.txt,0000014272-25-000149,1.0,1.0,1.0
META,10-K,2016-01-28,META_10-K_0001326801-16-000043.txt,0001326801-16-000043,0.0,-1.0,0.0
META,10-Q,2016-04-28,META_10-Q_0001326801-16-000067.txt,0001326801-16-000067,0.0,1.0,1.0
META,10-Q,2016-07-28,META_10-Q_0001326801-16-000082.txt,0001326801-16-000082,0.0,0.0,0.0
META,10-Q,2016-11-03,META_10-Q_0001326801-16-000087.txt,0001326801-16-000087,0.0,-1.0,-1.0
META,10-K,2017-02-03,META_10-K_0001326801-17-000007.txt,0001326801-17-000007,1.0,1.0,1.0
META,10-Q,2017-05-04,META_10-Q_0001326801-17-000024.txt,0001326801-17-000024,0.0,-1.0,1.0
META,10-Q,2017-07-27,META_10-Q_0001326801-17-000038.txt,0001326801-17-000038,0.0,-1.0,-1.0
META,10-Q,2017-11-02,META_10-Q_0001326801-17-000053.txt,0001326801-17-000053,0.0,0.0,-1.0
META,10-K,2018-02-01,META_10-K_0001326801-18-000009.txt,0001326801-18-000009,-1.0,-1.0,-1.0
META,10-Q,2018-04-26,META_10-Q_0001326801-18-000032.txt,0001326801-18-000032,0.0,1.0,1.0
META,10-Q,2018-07-26,META_10-Q_0001326801-18-000057.txt,0001326801-18-000057,0.0,0.0,0.0
META,10-Q,2018-10-31,META_10-Q_0001326801-18-000067.txt,0001326801-18-000067,0.0,-1.0,-1.0
META,10-K,2019-01-31,META_10-K_0001326801-19-000009.txt,0001326801-19-000009,0.0,0.0,0.0
META,10-Q,2019-04-25,META_10-Q_0001326801-19-000037.txt,0001326801-19-000037,0.0,-1.0,-1.0
META,10-Q,2019-07-25,META_10-Q_0001326801-19-000055.txt,0001326801-19-000055,-1.0,-1.0,-1.0
META,10-Q,2019-10-31,META_10-Q_0001326801-19-000069.txt,0001326801-19-000069,0.0,0.0,1.0
META,10-K,2020-01-30,META_10-K_0001326801-20-000013.txt,0001326801-20-000013,0.0,0.0,-1.0
META,10-Q,2020-04-30,META_10-Q_0001326801-20-000048.txt,0001326801-20-000048,0.0,0.0,1.0
META,10-Q,2020-07-31,META_10-Q_0001326801-20-000076.txt,0001326801-20-000076,1.0,1.0,1.0
META,10-Q,2020-10-30,META_10-Q_0001326801-20-000084.txt,0001326801-20-000084,1.0,1.0,1.0
META,10-K,2021-01-28,META_10-K_0001326801-21-000014.txt,0001326801-21-000014,0.0,0.0,-1.0
META,10-Q,2021-04-29,META_10-Q_0001326801-21-000033.txt,0001326801-21-000033,-1.0,-1.0,0.0
META,10-Q,2021-07-29,META_10-Q_0001326801-21-000049.txt,0001326801-21-000049,0.0,0.0,0.0
META,10-Q,2021-10-26,META_10-Q_0001326801-21-000065.txt,0001326801-21-000065,1.0,1.0,1.0
META,10-K,2022-02-03,META_10-K_0001326801-22-000018.txt,0001326801-22-000018,0.0,-1.0,-1.0
META,10-Q,2022-04-28,META_10-Q_0001326801-22-000057.txt,0001326801-22-000057,0.0,-1.0,-1.0
META,10-Q,2022-07-28,META_10-Q_0001326801-22-000082.txt,0001326801-22-000082,1.0,1.0,1.0
META,10-Q,2022-10-27,META_10-Q_0001326801-22-000108.txt,0001326801-22-000108,-1.0,1.0,1.0
META,10-K,2023-02-02,META_10-K_0001326801-23-000013.txt,0001326801-23-000013,-1.0,-1.0,0.0
META,10-Q,2023-04-27,META_10-Q_0001326801-23-000067.txt,0001326801-23-000067,0.0,0.0,1.0
META,10-Q,2023-07-27,META_10-Q_0001326801-23-000093.txt,0001326801-23-000093,0.0,0.0,-1.0
META,10-Q,2023-10-26,META_10-Q_0001326801-23-000103.txt,0001326801-23-000103,1.0,1.0,1.0
META,10-K,2024-02-02,META_10-K_0001326801-24-000012.txt,0001326801-24-000012,0.0,0.0,1.0
META,10-Q,2024-04-25,META_10-Q_0001326801-24-000049.txt,0001326801-24-000049,0.0,1.0,1.0
META,10-Q,2024-08-01,META_10-Q_0001326801-24-000069.txt,0001326801-24-000069,0.0,1.0,1.0
META,10-Q,2024-10-31,META_10-Q_0001326801-24-000081.txt,0001326801-24-000081,1.0,1.0,0.0
META,10-K,2025-01-30,META_10-K_0001326801-25-000017.txt,0001326801-25-000017,1.0,1.0,-1.0
META,10-Q,2025-05-01,META_10-Q_0001326801-25-000054.txt,0001326801-25-000054,0.0,1.0,1.0
META,10-Q,2025-07-31,META_10-Q_0001628280-25-036791.txt,0001628280-25-036791,0.0,0.0,-1.0
META,10-Q,2025-10-30,META_10-Q_0001628280-25-047240.txt,0001628280-25-047240,-1.0,-1.0,0.0
PG,10-Q,2016-01-26,PG_10-Q_0000080424-16-000166.txt,0000080424-16-000166,1.0,1.0,1.0
PG,10-Q,2016-04-26,PG_10-Q_0000080424-16-000183.txt,0000080424-16-000183,1.0,1.0,1.0
PG,10-K,2016-08-09,PG_10-K_0000080424-16-000212.txt,0000080424-16-000212,1.0,1.0,1.0
PG,10-Q,2016-10-25,PG_10-Q_0000080424-16-000244.txt,0000080424-16-000244,0.0,0.0,-1.0
PG,10-Q,2017-01-20,PG_10-Q_0000080424-17-000011.txt,0000080424-17-000011,0.0,0.0,1.0
PG,10-Q,2017-04-26,PG_10-Q_0000080424-17-000026.txt,0000080424-17-000026,-1.0,-1.0,-1.0
PG,10-K,2017-08-07,PG_10-K_0000080424-17-000047.txt,0000080424-17-000047,0.0,1.0,1.0
PG,10-Q,2017-10-20,PG_10-Q_0000080424-17-000078.txt,0000080424-17-000078,-1.0,-1.0,0.0
PG,10-Q,2018-01-23,PG_10-Q_0000080424-18-000013.txt,0000080424-18-000013,-1.0,-1.0,-1.0
PG,10-Q,2018-04-19,PG_10-Q_0000080424-18-000034.txt,0000080424-18-000034,-1.0,-1.0,-1.0
PG,10-K,2018-08-07,PG_10-K_0000080424-18-000055.txt,0000080424-18-000055,-1.0,1.0,1.0
PG,10-Q,2018-10-19,PG_10-Q_0000080424-18-000100.txt,0000080424-18-000100,0.0,1.0,1.0
PG,10-Q,2019-01-23,PG_10-Q_0000080424-19-000014.txt,0000080424-19-000014,0.0,1.0,1.0
PG,10-Q,2019-04-23,PG_10-Q_0000080424-19-000031.txt,0000080424-19-000031,1.0,1.0,1.0
PG,10-K,2019-08-06,PG_10-K_0000080424-19-000050.txt,0000080424-19-000050,1.0,1.0,1.0
PG,10-Q,2019-10-22,PG_10-Q_0000080424-19-000086.txt,0000080424-19-000086,0.0,-1.0,0.0
PG,10-Q,2020-01-23,PG_10-Q_0000080424-20-000017.txt,0000080424-20-000017,1.0,1.0,1.0
PG,10-Q,2020-04-20,PG_10-Q_0000080424-20-000038.txt,0000080424-20-000038,0.0,0.0,0.0
PG,10-K,2020-08-06,PG_10-K_0000080424-20-000053.txt,0000080424-20-000053,1.0,1.0,1.0
PG,10-Q,2020-10-20,PG_10-Q_0000080424-20-000097.txt,0000080424-20-000097,0.0,0.0,0.0
PG,10-Q,2021-01-20,PG_10-Q_0000080424-21-000026.txt,0000080424-21-000026,-1.0,-1.0,-1.0
PG,10-Q,2021-04-20,PG_10-Q_0000080424-21-000062.txt,0000080424-21-000062,-1.0,-1.0,0.0
PG,10-K,2021-08-06,PG_10-K_0000080424-21-000100.txt,0000080424-21-000100,1.0,1.0,1.0
PG,10-Q,2021-10-19,PG_10-Q_0000080424-21-000129.txt,0000080424-21-000129,1.0,1.0,1.0
PG,10-Q,2022-01-19,PG_10-Q_0000080424-22-000016.txt,0000080424-22-000016,-1.0,0.0,-1.0
PG,10-Q,2022-04-20,PG_10-Q_0000080424-22-000035.txt,0000080424-22-000035,-1.0,-1.0,-1.0
PG,10-K,2022-08-05,PG_10-K_0000080424-22-000064.txt,0000080424-22-000064,0.0,1.0,-1.0
PG,10-Q,2022-10-19,PG_10-Q_0000080424-22-000102.txt,0000080424-22-000102,1.0,1.0,1.0
PG,10-Q,2023-01-19,PG_10-Q_0000080424-23-000014.txt,0000080424-23-000014,0.0,0.0,-1.0
PG,10-K,2023-08-04,PG_10-K_0000080424-23-000073.txt,0000080424-23-000073,1.0,-1.0,0.0
PG,10-Q,2023-10-18,PG_10-Q_0000080424-23-000103.txt,0000080424-23-000103,1.0,0.0,1.0
PG,10-Q,2024-01-23,PG_10-Q_0000080424-24-000018.txt,0000080424-24-000018,1.0,1.0,1.0
PG,10-Q,2024-04-19,PG_10-Q_0000080424-24-000051.txt,0000080424-24-000051,1.0,1.0,1.0
PG,10-K,2024-08-05,PG_10-K_0000080424-24-000083.txt,0000080424-24-000083,0.0,0.0,1.0
PG,10-Q,2024-10-18,PG_10-Q_0000080424-24-000113.txt,0000080424-24-000113,-1.0,-1.0,-1.0
PG,10-Q,2025-01-22,PG_10-Q_0000080424-25-000013.txt,0000080424-25-000013,1.0,1.0,1.0
PG,10-Q,2025-04-24,PG_10-Q_0000080424-25-000037.txt,0000080424-25-000037,0.0,0.0,1.0
PG,10-K,2025-08-04,PG_10-K_0000080424-25-000076.txt,0000080424-25-000076,1.0,1.0,1.0
PG,10-Q,2025-10-24,PG_10-Q_0000080424-25-000245.txt,0000080424-25-000245,-1.0,-1.0,-1.0
KO,10-K,2016-02-25,KO_10-K_0000021344-16-000050.txt,0000021344-16-000050,0.0,1.0,1.0
KO,10-Q,2016-04-28,KO_10-Q_0000021344-16-000059.txt,0000021344-16-000059,0.0,1.0,0.0
KO,10-Q,2016-07-28,KO_10-Q_0000021344-16-000065.txt,0000021344-16-000065,0.0,0.0,0.0
KO,10-Q,2016-10-27,KO_10-Q_0000021344-16-000076.txt,0000021344-16-000076,0.0,-1.0,-1.0
KO,10-K,2017-02-24,KO_10-K_0000021344-17-000009.txt,0000021344-17-000009,1.0,1.0,1.0
KO,10-Q,2017-04-27,KO_10-Q_0000021344-17-000019.txt,0000021344-17-000019,1.0,1.0,1.0
KO,10-Q,2017-07-27,KO_10-Q_0000021344-17-000026.txt,0000021344-17-000026,-1.0,-1.0,-1.0
KO,10-Q,2017-10-26,KO_10-Q_0000021344-17-000032.txt,0000021344-17-000032,-1.0,0.0,-1.0
KO,10-K,2018-02-23,KO_10-K_0000021344-18-000008.txt,0000021344-18-000008,0.0,1.0,-1.0
KO,10-Q,2018-05-01,KO_10-Q_0000021344-18-000023.txt,0000021344-18-000023,-1.0,-1.0,1.0
KO,10-Q,2018-07-26,KO_10-Q_0000021344-18-000032.txt,0000021344-18-000032,0.0,0.0,-1.0
KO,10-Q,2018-10-30,KO_10-Q_0000021344-18-000042.txt,0000021344-18-000042,1.0,1.0,1.0
KO,10-K,2019-02-21,KO_10-K_0000021344-19-000014.txt,0000021344-19-000014,0.0,0.0,0.0
KO,10-Q,2019-04-25,KO_10-Q_0000021344-19-000028.txt,0000021344-19-000028,1.0,-1.0,1.0
KO,10-Q,2019-07-25,KO_10-Q_0000021344-19-000034.txt,0000021344-19-000034,-1.0,0.0,1.0
KO,10-Q,2019-10-24,KO_10-Q_0000021344-19-000042.txt,0000021344-19-000042,0.0,-1.0,-1.0
KO,10-K,2020-02-24,KO_10-K_0000021344-20-000006.txt,0000021344-20-000006,-1.0,-1.0,-1.0
KO,10-Q,2020-04-24,KO_10-Q_0000021344-20-000014.txt,0000021344-20-000014,0.0,0.0,0.0
KO,10-Q,2020-07-22,KO_10-Q_0000021344-20-000041.txt,0000021344-20-000041,0.0,-1.0,-1.0
KO,10-Q,2020-10-22,KO_10-Q_0000021344-20-000046.txt,0000021344-20-000046,-1.0,-1.0,1.0
KO,10-K,2021-02-25,KO_10-K_0000021344-21-000008.txt,0000021344-21-000008,0.0,1.0,1.0
KO,10-Q,2021-04-27,KO_10-Q_0000021344-21-000014.txt,0000021344-21-000014,1.0,1.0,1.0
KO,10-Q,2021-07-26,KO_10-Q_0000021344-21-000024.txt,0000021344-21-000024,0.0,0.0,-1.0
KO,10-Q,2021-10-28,KO_10-Q_0000021344-21-000030.txt,0000021344-21-000030,1.0,1.0,-1.0
KO,10-K,2022-02-22,KO_10-K_0000021344-22-000009.txt,0000021344-22-000009,0.0,-1.0,-1.0
KO,10-Q,2022-04-28,KO_10-Q_0000021344-22-000016.txt,0000021344-22-000016,-1.0,-1.0,-1.0
KO,10-Q,2022-07-27,KO_10-Q_0000021344-22-000034.txt,0000021344-22-000034,1.0,0.0,1.0
KO,10-Q,2022-10-26,KO_10-Q_0000021344-22-000042.txt,0000021344-22-000042,0.0,0.0,1.0
KO,10-K,2023-02-21,KO_10-K_0000021344-23-000011.txt,0000021344-23-000011,0.0,0.0,1.0
KO,10-Q,2023-04-26,KO_10-Q_0000021344-23-000024.txt,0000021344-23-000024,0.0,0.0,-1.0
KO,10-Q,2023-07-27,KO_10-Q_0000021344-23-000048.txt,0000021344-23-000048,-1.0,-1.0,-1.0
KO,10-Q,2023-10-24,KO_10-Q_0000021344-23-000060.txt,0000021344-23-000060,0.0,1.0,1.0
KO,10-K,2024-02-20,KO_10-K_0000021344-24-000009.txt,0000021344-24-000009,0.0,-1.0,0.0
KO,10-Q,2024-05-02,KO_10-Q_0000021344-24-000017.txt,0000021344-24-000017,1.0,1.0,1.0
KO,10-Q,2024-07-29,KO_10-Q_0000021344-24-000044.txt,0000021344-24-000044,1.0,1.0,1.0
KO,10-Q,2024-10-24,KO_10-Q_0000021344-24-000060.txt,0000021344-24-000060,-1.0,-1.0,-1.0
KO,10-K,2025-02-20,KO_10-K_0000021344-25-000011.txt,0000021344-25-000011,0.0,0.0,0.0
KO,10-Q,2025-05-01,KO_10-Q_0000021344-25-000029.txt,0000021344-25-000029,0.0,0.0,0.0
KO,10-Q,2025-07-24,KO_10-Q_0000021344-25-000061.txt,0000021344-25-000061,-1.0,1.0,1.0
KO,10-Q,2025-10-23,KO_10-Q_0001628280-25-046054.txt,0001628280-25-046054,-1.0,-1.0,1.0
CMCSA,10-K,2016-02-05,CMCSA_10-K_0001193125-16-452423.txt,0001193125-16-452423,-1.0,-1.0,0.0
CMCSA,10-Q,2016-04-27,CMCSA_10-Q_0001193125-16-558907.txt,0001193125-16-558907,0.0,1.0,1.0
CMCSA,10-Q,2016-07-27,CMCSA_10-Q_0001193125-16-659869.txt,0001193125-16-659869,-1.0,-1.0,-1.0
CMCSA,10-Q,2016-10-26,CMCSA_10-Q_0001193125-16-747958.txt,0001193125-16-747958,-1.0,1.0,1.0
CMCSA,10-K,2017-02-03,CMCSA_10-K_0001193125-17-030512.txt,0001193125-17-030512,0.0,0.0,0.0
CMCSA,10-Q,2017-04-27,CMCSA_10-Q_0001166691-17-000009.txt,0001166691-17-000009,-1.0,0.0,1.0
CMCSA,10-Q,2017-07-27,CMCSA_10-Q_0001166691-17-000022.txt,0001166691-17-000022,0.0,1.0,1.0
CMCSA,10-K,2018-01-31,CMCSA_10-K_0001166691-18-000004.txt,0001166691-18-000004,-1.0,-1.0,-1.0
CMCSA,10-Q,2018-04-25,CMCSA_10-Q_0001166691-18-000010.txt,0001166691-18-000010,-1.0,-1.0,-1.0
CMCSA,10-Q,2018-10-25,CMCSA_10-Q_0001166691-18-000024.txt,0001166691-18-000024,1.0,1.0,1.0
CMCSA,10-K,2019-01-31,CMCSA_10-K_0001166691-19-000005.txt,0001166691-19-000005,1.0,0.0,1.0
CMCSA,10-Q,2019-04-25,CMCSA_10-Q_0001166691-19-000010.txt,0001166691-19-000010,0.0,0.0,0.0
CMCSA,10-Q,2019-07-25,CMCSA_10-Q_0001166691-19-000015.txt,0001166691-19-000015,-1.0,-1.0,-1.0
CMCSA,10-Q,2019-10-24,CMCSA_10-Q_0001166691-19-000020.txt,0001166691-19-000020,0.0,0.0,-1.0
CMCSA,10-K,2020-01-30,CMCSA_10-K_0001166691-20-000008.txt,0001166691-20-000008,0.0,1.0,-1.0
CMCSA,10-Q,2020-04-30,CMCSA_10-Q_0001166691-20-000017.txt,0001166691-20-000017,-1.0,-1.0,1.0
CMCSA,10-Q,2020-07-30,CMCSA_10-Q_0001166691-20-000024.txt,0001166691-20-000024,-1.0,0.0,1.0
CMCSA,10-Q,2020-10-29,CMCSA_10-Q_0001166691-20-000032.txt,0001166691-20-000032,1.0,1.0,1.0
CMCSA,10-K,2021-02-04,CMCSA_10-K_0001166691-21-000008.txt,0001166691-21-000008,1.0,0.0,1.0
CMCSA,10-Q,2021-04-29,CMCSA_10-Q_0001166691-21-000020.txt,0001166691-21-000020,0.0,1.0,1.0
CMCSA,10-Q,2021-07-29,CMCSA_10-Q_0001166691-21-000029.txt,0001166691-21-000029,0.0,1.0,1.0
CMCSA,10-Q,2021-10-28,CMCSA_10-Q_0001166691-21-000036.txt,0001166691-21-000036,0.0,1.0,0.0
CMCSA,10-K,2022-02-02,CMCSA_10-K_0001166691-22-000009.txt,0001166691-22-000009,0.0,-1.0,-1.0
CMCSA,10-Q,2022-04-28,CMCSA_10-Q_0001166691-22-000018.txt,0001166691-22-000018,-1.0,0.0,1.0
CMCSA,10-Q,2022-07-28,CMCSA_10-Q_0001166691-22-000030.txt,0001166691-22-000030,0.0,0.0,-1.0
CMCSA,10-Q,2022-10-27,CMCSA_10-Q_0001166691-22-000039.txt,0001166691-22-000039,-1.0,1.0,1.0
CMCSA,10-K,2023-02-03,CMCSA_10-K_0001166691-23-000010.txt,0001166691-23-000010,-1.0,-1.0,-1.0
CMCSA,10-Q,2023-07-27,CMCSA_10-Q_0001166691-23-000032.txt,0001166691-23-000032,0.0,0.0,0.0
CMCSA,10-Q,2023-10-26,CMCSA_10-Q_0001166691-23-000040.txt,0001166691-23-000040,1.0,1.0,1.0
CMCSA,10-K,2024-01-31,CMCSA_10-K_0001166691-24-000011.txt,0001166691-24-000011,-1.0,-1.0,-1.0
CMCSA,10-Q,2024-04-25,CMCSA_10-Q_0001166691-24-000031.txt,0001166691-24-000031,0.0,1.0,1.0
CMCSA,10-Q,2024-07-23,CMCSA_10-Q_0001166691-24-000048.txt,0001166691-24-000048,1.0,0.0,1.0
CMCSA,10-Q,2024-10-31,CMCSA_10-Q_0001166691-24-000056.txt,0001166691-24-000056,0.0,0.0,0.0
CMCSA,10-K,2025-01-31,CMCSA_10-K_0001166691-25-000011.txt,0001166691-25-000011,0.0,1.0,1.0
CMCSA,10-Q,2025-04-24,CMCSA_10-Q_0001166691-25-000021.txt,0001166691-25-000021,0.0,1.0,1.0
CMCSA,10-Q,2025-07-31,CMCSA_10-Q_0001166691-25-000036.txt,0001166691-25-000036,-1.0,0.0,0.0
CMCSA,10-Q,2025-10-30,CMCSA_10-Q_0001166691-25-000054.txt,0001166691-25-000054,0.0,1.0,-1.0
LLY,10-K,2016-02-19,LLY_10-K_0000059478-16-000321.txt,0000059478-16-000321,0.0,0.0,-1.0
LLY,10-Q,2016-04-29,LLY_10-Q_0000059478-16-000353.txt,0000059478-16-000353,-1.0,1.0,0.0
LLY,10-Q,2016-07-28,LLY_10-Q_0000059478-16-000399.txt,0000059478-16-000399,0.0,-1.0,-1.0
LLY,10-Q,2016-10-28,LLY_10-Q_0000059478-16-000440.txt,0000059478-16-000440,-1.0,1.0,-1.0
LLY,10-K,2017-02-21,LLY_10-K_0000059478-17-000098.txt,0000059478-17-000098,1.0,1.0,1.0
LLY,10-Q,2017-05-01,LLY_10-Q_0000059478-17-000129.txt,0000059478-17-000129,-1.0,0.0,-1.0
LLY,10-Q,2017-07-28,LLY_10-Q_0000059478-17-000183.txt,0000059478-17-000183,0.0,-1.0,-1.0
LLY,10-Q,2017-10-27,LLY_10-Q_0000059478-17-000204.txt,0000059478-17-000204,0.0,0.0,1.0
LLY,10-K,2018-02-20,LLY_10-K_0000059478-18-000089.txt,0000059478-18-000089,0.0,0.0,0.0
LLY,10-Q,2018-04-27,LLY_10-Q_0000059478-18-000136.txt,0000059478-18-000136,-1.0,0.0,0.0
LLY,10-Q,2018-07-25,LLY_10-Q_0000059478-18-000188.txt,0000059478-18-000188,1.0,1.0,1.0
LLY,10-Q,2018-11-06,LLY_10-Q_0000059478-18-000256.txt,0000059478-18-000256,1.0,1.0,1.0
LLY,10-K,2019-02-19,LLY_10-K_0000059478-19-000082.txt,0000059478-19-000082,1.0,1.0,1.0
LLY,10-Q,2019-05-02,LLY_10-Q_0000059478-19-000174.txt,0000059478-19-000174,-1.0,0.0,-1.0
LLY,10-Q,2019-08-02,LLY_10-Q_0000059478-19-000232.txt,0000059478-19-000232,0.0,0.0,0.0
LLY,10-Q,2019-10-25,LLY_10-Q_0000059478-19-000278.txt,0000059478-19-000278,1.0,1.0,1.0
LLY,10-K,2020-02-19,LLY_10-K_0000059478-20-000057.txt,0000059478-20-000057,-1.0,0.0,1.0
LLY,10-Q,2020-05-01,LLY_10-Q_0000059478-20-000104.txt,0000059478-20-000104,0.0,1.0,0.0
LLY,10-Q,2020-07-31,LLY_10-Q_0000059478-20-000131.txt,0000059478-20-000131,1.0,0.0,0.0
LLY,10-Q,2020-10-28,LLY_10-Q_0000059478-20-000155.txt,0000059478-20-000155,1.0,1.0,1.0
LLY,10-K,2021-02-17,LLY_10-K_0000059478-21-000083.txt,0000059478-21-000083,0.0,-1.0,-1.0
LLY,10-Q,2021-04-30,LLY_10-Q_0000059478-21-000122.txt,0000059478-21-000122,1.0,1.0,1.0
LLY,10-Q,2021-08-03,LLY_10-Q_0000059478-21-000171.txt,0000059478-21-000171,1.0,1.0,1.0
LLY,10-Q,2021-10-27,LLY_10-Q_0000059478-21-000216.txt,0000059478-21-000216,1.0,1.0,1.0
LLY,10-K,2022-02-23,LLY_10-K_0000059478-22-000068.txt,0000059478-22-000068,1.0,1.0,1.0
LLY,10-Q,2022-04-29,LLY_10-Q_0000059478-22-000133.txt,0000059478-22-000133,0.0,0.0,1.0
LLY,10-Q,2022-08-04,LLY_10-Q_0000059478-22-000196.txt,0000059478-22-000196,-1.0,1.0,0.0
LLY,10-Q,2022-11-01,LLY_10-Q_0000059478-22-000250.txt,0000059478-22-000250,1.0,0.0,1.0
LLY,10-K,2023-02-22,LLY_10-K_0000059478-23-000082.txt,0000059478-23-000082,-1.0,-1.0,0.0
LLY,10-Q,2023-04-27,LLY_10-Q_0000059478-23-000162.txt,0000059478-23-000162,1.0,1.0,1.0
LLY,10-Q,2023-08-08,LLY_10-Q_0000059478-23-000221.txt,0000059478-23-000221,1.0,1.0,1.0
LLY,10-Q,2023-11-02,LLY_10-Q_0000059478-23-000284.txt,0000059478-23-000284,0.0,0.0,0.0
LLY,10-K,2024-02-21,LLY_10-K_0000059478-24-000065.txt,0000059478-24-000065,0.0,1.0,1.0
LLY,10-Q,2024-04-30,LLY_10-Q_0000059478-24-000118.txt,0000059478-24-000118,0.0,-1.0,1.0
LLY,10-Q,2024-08-08,LLY_10-Q_0000059478-24-000187.txt,0000059478-24-000187,1.0,1.0,1.0
LLY,10-Q,2024-10-30,LLY_10-Q_0000059478-24-000245.txt,0000059478-24-000245,-1.0,-1.0,-1.0
LLY,10-K,2025-02-19,LLY_10-K_0000059478-25-000067.txt,0000059478-25-000067,1.0,1.0,-1.0
LLY,10-Q,2025-05-01,LLY_10-Q_0000059478-25-000132.txt,0000059478-25-000132,-1.0,-1.0,-1.0
LLY,10-Q,2025-08-07,LLY_10-Q_0000059478-25-000204.txt,0000059478-25-000204,1.0,1.0,1.0
LLY,10-Q,2025-10-30,LLY_10-Q_0000059478-25-000254.txt,0000059478-25-000254,1.0,1.0,1.0
RTX,10-K,2016-02-11,RTX_10-K_0000101829-16-000050.txt,0000101829-16-000050,1.0,1.0,1.0
RTX,10-Q,2016-04-29,RTX_10-Q_0000101829-16-000062.txt,0000101829-16-000062,-1.0,-1.0,-1.0
RTX,10-Q,2016-07-29,RTX_10-Q_0000101829-16-000080.txt,0000101829-16-000080,0.0,1.0,0.0
RTX,10-Q,2016-10-27,RTX_10-Q_0000101829-16-000091.txt,0000101829-16-000091,1.0,1.0,1.0
RTX,10-K,2017-02-09,RTX_10-K_0000101829-17-000007.txt,0000101829-17-000007,1.0,1.0,1.0
RTX,10-Q,2017-04-28,RTX_10-Q_0000101829-17-000016.txt,0000101829-17-000016,1.0,1.0,1.0
RTX,10-Q,2017-07-28,RTX_10-Q_0000101829-17-000034.txt,0000101829-17-000034,1.0,-1.0,-1.0
RTX,10-Q,2017-10-27,RTX_10-Q_0000101829-17-000044.txt,0000101829-17-000044,1.0,-1.0,-1.0
RTX,10-K,2018-02-09,RTX_10-K_0000101829-18-000005.txt,0000101829-18-000005,1.0,1.0,1.0
RTX,10-Q,2018-04-27,RTX_10-Q_0000101829-18-000009.txt,0000101829-18-000009,-1.0,1.0,1.0
RTX,10-Q,2018-07-27,RTX_10-Q_0000101829-18-000027.txt,0000101829-18-000027,0.0,0.0,0.0
RTX,10-Q,2018-10-26,RTX_10-Q_0000101829-18-000043.txt,0000101829-18-000043,1.0,1.0,1.0
RTX,10-K,2019-02-07,RTX_10-K_0000101829-19-000007.txt,0000101829-19-000007,1.0,1.0,1.0
RTX,10-Q,2019-04-26,RTX_10-Q_0000101829-19-000016.txt,0000101829-19-000016,0.0,-1.0,-1.0
RTX,10-Q,2019-07-26,RTX_10-Q_0000101829-19-000038.txt,0000101829-19-000038,-1.0,-1.0,-1.0
RTX,10-Q,2019-10-25,RTX_10-Q_0000101829-19-000047.txt,0000101829-19-000047,1.0,1.0,1.0
RTX,10-K,2020-02-06,RTX_10-K_0000101829-20-000013.txt,0000101829-20-000013,-1.0,-1.0,-1.0
RTX,10-Q,2020-05-07,RTX_10-Q_0000101829-20-000034.txt,0000101829-20-000034,-1.0,1.0,1.0
RTX,10-Q,2020-07-29,RTX_10-Q_0000101829-20-000055.txt,0000101829-20-000055,0.0,1.0,1.0
RTX,10-Q,2020-10-27,RTX_10-Q_0000101829-20-000071.txt,0000101829-20-000071,0.0,1.0,1.0
RTX,10-K,2021-02-08,RTX_10-K_0000101829-21-000008.txt,0000101829-21-000008,0.0,1.0,1.0
RTX,10-Q,2021-04-27,RTX_10-Q_0000101829-21-000024.txt,0000101829-21-000024,1.0,1.0,1.0
RTX,10-Q,2021-07-27,RTX_10-Q_0000101829-21-000051.txt,0000101829-21-000051,0.0,0.0,-1.0
RTX,10-Q,2021-10-26,RTX_10-Q_0000101829-21-000056.txt,0000101829-21-000056,-1.0,1.0,-1.0
RTX,10-K,2022-02-11,RTX_10-K_0000101829-22-000005.txt,0000101829-22-000005,-1.0,1.0,1.0
RTX,10-Q,2022-04-26,RTX_10-Q_0000101829-22-000018.txt,0000101829-22-000018,-1.0,-1.0,-1.0
RTX,10-Q,2022-07-26,RTX_10-Q_0000101829-22-000040.txt,0000101829-22-000040,1.0,0.0,1.0
RTX,10-Q,2022-10-25,RTX_10-Q_0000101829-22-000056.txt,0000101829-22-000056,1.0,1.0,1.0
RTX,10-K,2023-02-07,RTX_10-K_0000101829-23-000009.txt,0000101829-23-000009,1.0,1.0,0.0
RTX,10-Q,2023-04-25,RTX_10-Q_0000101829-23-000015.txt,0000101829-23-000015,-1.0,-1.0,-1.0
RTX,10-Q,2023-07-25,RTX_10-Q_0000101829-23-000032.txt,0000101829-23-000032,0.0,0.0,0.0
RTX,10-Q,2023-10-24,RTX_10-Q_0000101829-23-000037.txt,0000101829-23-000037,1.0,1.0,0.0
RTX,10-K,2024-02-05,RTX_10-K_0000101829-24-000008.txt,0000101829-24-000008,0.0,-1.0,-1.0
RTX,10-Q,2024-04-23,RTX_10-Q_0000101829-24-000012.txt,0000101829-24-000012,0.0,1.0,1.0
RTX,10-Q,2024-07-25,RTX_10-Q_0000101829-24-000027.txt,0000101829-24-000027,1.0,0.0,1.0
RTX,10-Q,2024-10-22,RTX_10-Q_0000101829-24-000038.txt,0000101829-24-000038,-1.0,-1.0,-1.0
RTX,10-K,2025-02-03,RTX_10-K_0000101829-25-000005.txt,0000101829-25-000005,0.0,-1.0,0.0
RTX,10-Q,2025-04-22,RTX_10-Q_0000101829-25-000015.txt,0000101829-25-000015,1.0,1.0,1.0
RTX,10-Q,2025-07-22,RTX_10-Q_0000101829-25-000032.txt,0000101829-25-000032,1.0,1.0,1.0
RTX,10-Q,2025-10-21,RTX_10-Q_0000101829-25-000042.txt,0000101829-25-000042,1.0,0.0,0.0
AMZN,10-K,2016-01-29,AMZN_10-K_0001018724-16-000172.txt,0001018724-16-000172,-1.0,-1.0,-1.0
AMZN,10-Q,2016-04-29,AMZN_10-Q_0001018724-16-000227.txt,0001018724-16-000227,0.0,1.0,1.0
AMZN,10-Q,2016-07-29,AMZN_10-Q_0001018724-16-000286.txt,0001018724-16-000286,1.0,1.0,1.0
AMZN,10-Q,2016-10-28,AMZN_10-Q_0001018724-16-000324.txt,0001018724-16-000324,-1.0,-1.0,0.0
AMZN,10-K,2017-02-10,AMZN_10-K_0001018724-17-000011.txt,0001018724-17-000011,1.0,1.0,1.0
AMZN,10-Q,2017-04-28,AMZN_10-Q_0001018724-17-000051.txt,0001018724-17-000051,1.0,1.0,1.0
AMZN,10-Q,2017-07-28,AMZN_10-Q_0001018724-17-000100.txt,0001018724-17-000100,-1.0,-1.0,-1.0
AMZN,10-Q,2017-10-27,AMZN_10-Q_0001018724-17-000135.txt,0001018724-17-000135,0.0,0.0,1.0
AMZN,10-K,2018-02-02,AMZN_10-K_0001018724-18-000005.txt,0001018724-18-000005,-1.0,0.0,1.0
AMZN,10-Q,2018-04-27,AMZN_10-Q_0001018724-18-000072.txt,0001018724-18-000072,0.0,0.0,0.0
AMZN,10-Q,2018-07-27,AMZN_10-Q_0001018724-18-000108.txt,0001018724-18-000108,0.0,1.0,1.0
AMZN,10-Q,2018-10-26,AMZN_10-Q_0001018724-18-000159.txt,0001018724-18-000159,0.0,1.0,-1.0
AMZN,10-K,2019-02-01,AMZN_10-K_0001018724-19-000004.txt,0001018724-19-000004,0.0,0.0,1.0
AMZN,10-Q,2019-04-26,AMZN_10-Q_0001018724-19-000043.txt,0001018724-19-000043,0.0,-1.0,-1.0
AMZN,10-Q,2019-07-26,AMZN_10-Q_0001018724-19-000071.txt,0001018724-19-000071,-1.0,-1.0,-1.0
AMZN,10-Q,2019-10-25,AMZN_10-Q_0001018724-19-000089.txt,0001018724-19-000089,1.0,1.0,0.0
AMZN,10-K,2020-01-31,AMZN_10-K_0001018724-20-000004.txt,0001018724-20-000004,1.0,1.0,-1.0
AMZN,10-Q,2020-05-01,AMZN_10-Q_0001018724-20-000010.txt,0001018724-20-000010,1.0,1.0,1.0
AMZN,10-Q,2020-07-31,AMZN_10-Q_0001018724-20-000021.txt,0001018724-20-000021,0.0,0.0,1.0
AMZN,10-Q,2020-10-30,AMZN_10-Q_0001018724-20-000030.txt,0001018724-20-000030,1.0,1.0,1.0
AMZN,10-K,2021-02-03,AMZN_10-K_0001018724-21-000004.txt,0001018724-21-000004,0.0,0.0,-1.0
AMZN,10-Q,2021-04-30,AMZN_10-Q_0001018724-21-000010.txt,0001018724-21-000010,-1.0,-1.0,-1.0
AMZN,10-Q,2021-07-30,AMZN_10-Q_0001018724-21-000020.txt,0001018724-21-000020,0.0,0.0,0.0
AMZN,10-Q,2021-10-29,AMZN_10-Q_0001018724-21-000028.txt,0001018724-21-000028,1.0,1.0,1.0
AMZN,10-K,2022-02-04,AMZN_10-K_0001018724-22-000005.txt,0001018724-22-000005,0.0,0.0,-1.0
AMZN,10-Q,2022-04-29,AMZN_10-Q_0001018724-22-000013.txt,0001018724-22-000013,-1.0,-1.0,-1.0
AMZN,10-Q,2022-07-29,AMZN_10-Q_0001018724-22-000019.txt,0001018724-22-000019,1.0,1.0,0.0
AMZN,10-Q,2022-10-28,AMZN_10-Q_0001018724-22-000023.txt,0001018724-22-000023,-1.0,0.0,-1.0
AMZN,10-K,2023-02-03,AMZN_10-K_0001018724-23-000004.txt,0001018724-23-000004,-1.0,-1.0,-1.0
AMZN,10-Q,2023-04-28,AMZN_10-Q_0001018724-23-000008.txt,0001018724-23-000008,0.0,1.0,1.0
AMZN,10-Q,2023-08-04,AMZN_10-Q_0001018724-23-000012.txt,0001018724-23-000012,0.0,-1.0,0.0
AMZN,10-Q,2023-10-27,AMZN_10-Q_0001018724-23-000018.txt,0001018724-23-000018,1.0,1.0,1.0
AMZN,10-K,2024-02-02,AMZN_10-K_0001018724-24-000008.txt,0001018724-24-000008,0.0,0.0,1.0
AMZN,10-Q,2024-05-01,AMZN_10-Q_0001018724-24-000083.txt,0001018724-24-000083,1.0,1.0,0.0
AMZN,10-Q,2024-08-02,AMZN_10-Q_0001018724-24-000130.txt,0001018724-24-000130,0.0,1.0,1.0
AMZN,10-Q,2024-11-01,AMZN_10-Q_0001018724-24-000161.txt,0001018724-24-000161,1.0,1.0,1.0
AMZN,10-K,2025-02-07,AMZN_10-K_0001018724-25-000004.txt,0001018724-25-000004,0.0,-1.0,-1.0
AMZN,10-Q,2025-05-02,AMZN_10-Q_0001018724-25-000036.txt,0001018724-25-000036,0.0,1.0,1.0
AMZN,10-Q,2025-08-01,AMZN_10-Q_0001018724-25-000086.txt,0001018724-25-000086,1.0,1.0,1.0
AMZN,10-Q,2025-10-31,AMZN_10-Q_0001018724-25-000123.txt,0001018724-25-000123,0.0,-1.0,-1.0
NFLX,10-K,2016-01-28,NFLX_10-K_0001065280-16-000047.txt,0001065280-16-000047,-1.0,-1.0,0.0
NFLX,10-Q,2016-04-20,NFLX_10-Q_0001065280-16-000057.txt,0001065280-16-000057,-1.0,-1.0,-1.0
NFLX,10-Q,2016-07-19,NFLX_10-Q_0001065280-16-000072.txt,0001065280-16-000072,1.0,1.0,1.0
NFLX,10-Q,2016-10-20,NFLX_10-Q_0001065280-16-000081.txt,0001065280-16-000081,0.0,0.0,-1.0
NFLX,10-K,2017-01-27,NFLX_10-K_0001628280-17-000496.txt,0001628280-17-000496,0.0,1.0,0.0
NFLX,10-Q,2017-04-20,NFLX_10-Q_0001628280-17-003939.txt,0001628280-17-003939,1.0,1.0,1.0
NFLX,10-Q,2017-07-19,NFLX_10-Q_0001065280-17-000046.txt,0001065280-17-000046,0.0,0.0,-1.0
NFLX,10-Q,2017-10-18,NFLX_10-Q_0001065280-17-000180.txt,0001065280-17-000180,0.0,0.0,0.0
NFLX,10-K,2018-01-29,NFLX_10-K_0001065280-18-000069.txt,0001065280-18-000069,-1.0,-1.0,0.0
NFLX,10-Q,2018-04-18,NFLX_10-Q_0001065280-18-000205.txt,0001065280-18-000205,-1.0,-1.0,0.0
NFLX,10-Q,2018-07-18,NFLX_10-Q_0001065280-18-000360.txt,0001065280-18-000360,-1.0,-1.0,-1.0
NFLX,10-Q,2018-10-18,NFLX_10-Q_0001065280-18-000538.txt,0001065280-18-000538,-1.0,-1.0,-1.0
NFLX,10-K,2019-01-29,NFLX_10-K_0001065280-19-000043.txt,0001065280-19-000043,1.0,1.0,1.0
NFLX,10-Q,2019-04-18,NFLX_10-Q_0001065280-19-000157.txt,0001065280-19-000157,1.0,1.0,0.0
NFLX,10-Q,2019-07-19,NFLX_10-Q_0001065280-19-000260.txt,0001065280-19-000260,1.0,0.0,-1.0
NFLX,10-Q,2019-10-18,NFLX_10-Q_0001065280-19-000368.txt,0001065280-19-000368,0.0,1.0,1.0
NFLX,10-K,2020-01-29,NFLX_10-K_0001065280-20-000040.txt,0001065280-20-000040,1.0,1.0,1.0
NFLX,10-Q,2020-04-21,NFLX_10-Q_0001065280-20-000155.txt,0001065280-20-000155,-1.0,0.0,1.0
NFLX,10-Q,2020-07-20,NFLX_10-Q_0001065280-20-000309.txt,0001065280-20-000309,0.0,0.0,-1.0
NFLX,10-Q,2020-10-22,NFLX_10-Q_0001065280-20-000451.txt,0001065280-20-000451,1.0,1.0,0.0
NFLX,10-K,2021-01-28,NFLX_10-K_0001065280-21-000040.txt,0001065280-21-000040,0.0,0.0,0.0
NFLX,10-Q,2021-04-22,NFLX_10-Q_0001065280-21-000144.txt,0001065280-21-000144,0.0,0.0,0.0
NFLX,10-Q,2021-07-22,NFLX_10-Q_0001065280-21-000250.txt,0001065280-21-000250,0.0,1.0,1.0
NFLX,10-Q,2021-10-21,NFLX_10-Q_0001065280-21-000363.txt,0001065280-21-000363,1.0,1.0,1.0
NFLX,10-K,2022-01-27,NFLX_10-K_0001065280-22-000036.txt,0001065280-22-000036,0.0,0.0,0.0
NFLX,10-Q,2022-04-21,NFLX_10-Q_0001065280-22-000145.txt,0001065280-22-000145,-1.0,-1.0,-1.0
NFLX,10-Q,2022-07-21,NFLX_10-Q_0001065280-22-000257.txt,0001065280-22-000257,0.0,0.0,1.0
NFLX,10-Q,2022-10-20,NFLX_10-Q_0001065280-22-000368.txt,0001065280-22-000368,1.0,0.0,1.0
NFLX,10-K,2023-01-26,NFLX_10-K_0001065280-23-000035.txt,0001065280-23-000035,0.0,0.0,-1.0
NFLX,10-Q,2023-04-21,NFLX_10-Q_0001065280-23-000120.txt,0001065280-23-000120,0.0,0.0,1.0
NFLX,10-Q,2023-07-21,NFLX_10-Q_0001065280-23-000198.txt,0001065280-23-000198,0.0,0.0,-1.0
NFLX,10-Q,2023-10-20,NFLX_10-Q_0001065280-23-000273.txt,0001065280-23-000273,0.0,1.0,1.0
NFLX,10-K,2024-01-26,NFLX_10-K_0001065280-24-000030.txt,0001065280-24-000030,0.0,0.0,1.0
NFLX,10-Q,2024-04-22,NFLX_10-Q_0001065280-24-000128.txt,0001065280-24-000128,0.0,1.0,1.0
NFLX,10-Q,2024-07-19,NFLX_10-Q_0001065280-24-000200.txt,0001065280-24-000200,0.0,-1.0,1.0
NFLX,10-Q,2024-10-18,NFLX_10-Q_0001065280-24-000287.txt,0001065280-24-000287,0.0,0.0,1.0
NFLX,10-K,2025-01-27,NFLX_10-K_0001065280-25-000044.txt,0001065280-25-000044,0.0,1.0,0.0
NFLX,10-Q,2025-04-18,NFLX_10-Q_0001065280-25-000176.txt,0001065280-25-000176,1.0,1.0,1.0
NFLX,10-Q,2025-07-18,NFLX_10-Q_0001065280-25-000323.txt,0001065280-25-000323,-1.0,-1.0,1.0
NFLX,10-Q,2025-10-22,NFLX_10-Q_0001065280-25-000406.txt,0001065280-25-000406,0.0,0.0,0.0
UNH,10-K,2016-02-09,UNH_10-K_0000731766-16-000058.txt,0000731766-16-000058,1.0,1.0,1.0
UNH,10-Q,2016-05-04,UNH_10-Q_0000731766-16-000068.txt,0000731766-16-000068,-1.0,-1.0,1.0
UNH,10-Q,2016-08-02,UNH_10-Q_0000731766-16-000081.txt,0000731766-16-000081,-1.0,-1.0,-1.0
UNH,10-Q,2016-11-08,UNH_10-Q_0000731766-16-000088.txt,0000731766-16-000088,1.0,1.0,1.0
UNH,10-K,2017-02-08,UNH_10-K_0000731766-17-000009.txt,0000731766-17-000009,1.0,1.0,1.0
UNH,10-Q,2017-08-04,UNH_10-Q_0000731766-17-000028.txt,0000731766-17-000028,-1.0,-1.0,1.0
UNH,10-Q,2017-11-07,UNH_10-Q_0000731766-17-000045.txt,0000731766-17-000045,0.0,0.0,1.0
UNH,10-K,2018-02-13,UNH_10-K_0000731766-18-000005.txt,0000731766-18-000005,0.0,0.0,0.0
UNH,10-Q,2018-05-07,UNH_10-Q_0000731766-18-000018.txt,0000731766-18-000018,1.0,1.0,1.0
UNH,10-Q,2018-08-07,UNH_10-Q_0000731766-18-000030.txt,0000731766-18-000030,1.0,1.0,1.0
UNH,10-Q,2018-11-08,UNH_10-Q_0000731766-18-000040.txt,0000731766-18-000040,-1.0,-1.0,-1.0
UNH,10-K,2019-02-12,UNH_10-K_0000731766-19-000005.txt,0000731766-19-000005,1.0,-1.0,-1.0
UNH,10-Q,2019-05-07,UNH_10-Q_0000731766-19-000013.txt,0000731766-19-000013,0.0,1.0,0.0
UNH,10-Q,2019-08-07,UNH_10-Q_0000731766-19-000025.txt,0000731766-19-000025,0.0,-1.0,-1.0
UNH,10-Q,2019-11-06,UNH_10-Q_0000731766-19-000034.txt,0000731766-19-000034,0.0,1.0,1.0
UNH,10-K,2020-02-14,UNH_10-K_0000731766-20-000006.txt,0000731766-20-000006,-1.0,-1.0,-1.0
UNH,10-Q,2020-05-06,UNH_10-Q_0000731766-20-000026.txt,0000731766-20-000026,-1.0,0.0,1.0
UNH,10-Q,2020-08-03,UNH_10-Q_0000731766-20-000042.txt,0000731766-20-000042,1.0,1.0,1.0
UNH,10-Q,2020-11-02,UNH_10-Q_0000731766-20-000049.txt,0000731766-20-000049,1.0,1.0,1.0
UNH,10-K,2021-03-01,UNH_10-K_0000731766-21-000013.txt,0000731766-21-000013,1.0,1.0,1.0
UNH,10-Q,2021-05-05,UNH_10-Q_0000731766-21-000021.txt,0000731766-21-000021,-1.0,0.0,0.0
UNH,10-Q,2021-08-03,UNH_10-Q_0000731766-21-000037.txt,0000731766-21-000037,-1.0,0.0,-1.0
UNH,10-Q,2021-11-03,UNH_10-Q_0000731766-21-000051.txt,0000731766-21-000051,0.0,-1.0,-1.0
UNH,10-K,2022-02-15,UNH_10-K_0000731766-22-000008.txt,0000731766-22-000008,-1.0,1.0,1.0
UNH,10-Q,2022-05-04,UNH_10-Q_0000731766-22-000019.txt,0000731766-22-000019,-1.0,-1.0,-1.0
UNH,10-Q,2022-08-03,UNH_10-Q_0000731766-22-000036.txt,0000731766-22-000036,0.0,0.0,-1.0
UNH,10-Q,2022-11-02,UNH_10-Q_0000731766-22-000044.txt,0000731766-22-000044,0.0,-1.0,0.0
UNH,10-K,2023-02-24,UNH_10-K_0000731766-23-000008.txt,0000731766-23-000008,0.0,-1.0,0.0
UNH,10-Q,2023-05-03,UNH_10-Q_0000731766-23-000029.txt,0000731766-23-000029,0.0,0.0,0.0
UNH,10-Q,2023-08-02,UNH_10-Q_0000731766-23-000053.txt,0000731766-23-000053,0.0,0.0,-1.0
UNH,10-Q,2023-11-06,UNH_10-Q_0000731766-23-000064.txt,0000731766-23-000064,1.0,0.0,1.0
UNH,10-K,2024-02-28,UNH_10-K_0000731766-24-000081.txt,0000731766-24-000081,-1.0,-1.0,0.0
UNH,10-Q,2024-05-09,UNH_10-Q_0000731766-24-000155.txt,0000731766-24-000155,1.0,1.0,-1.0
UNH,10-Q,2024-08-09,UNH_10-Q_0000731766-24-000262.txt,0000731766-24-000262,1.0,1.0,1.0
UNH,10-Q,2024-11-04,UNH_10-Q_0000731766-24-000323.txt,0000731766-24-000323,1.0,1.0,1.0
UNH,10-K,2025-02-27,UNH_10-K_0000731766-25-000063.txt,0000731766-25-000063,1.0,1.0,1.0
UNH,10-Q,2025-05-07,UNH_10-Q_0000731766-25-000131.txt,0000731766-25-000131,-1.0,-1.0,-1.0
UNH,10-Q,2025-08-11,UNH_10-Q_0000731766-25-000236.txt,0000731766-25-000236,1.0,1.0,1.0
UNH,10-Q,2025-10-28,UNH_10-Q_0000731766-25-000305.txt,0000731766-25-000305,-1.0,-1.0,-1.0
MA,10-K,2016-02-12,MA_10-K_0001141391-16-000085.txt,0001141391-16-000085,1.0,0.0,1.0
MA,10-Q,2016-04-28,MA_10-Q_0001141391-16-000135.txt,0001141391-16-000135,-1.0,-1.0,0.0
MA,10-Q,2016-07-28,MA_10-Q_0001141391-16-000207.txt,0001141391-16-000207,0.0,0.0,0.0
MA,10-Q,2016-10-28,MA_10-Q_0001141391-16-000235.txt,0001141391-16-000235,-1.0,-1.0,-1.0
MA,10-K,2017-02-15,MA_10-K_0001141391-17-000014.txt,0001141391-17-000014,1.0,1.0,1.0
MA,10-Q,2017-05-02,MA_10-Q_0001141391-17-000063.txt,0001141391-17-000063,-1.0,0.0,1.0
MA,10-Q,2017-07-27,MA_10-Q_0001141391-17-000125.txt,0001141391-17-000125,0.0,0.0,1.0
MA,10-Q,2017-10-31,MA_10-Q_0001141391-17-000152.txt,0001141391-17-000152,1.0,1.0,0.0
MA,10-K,2018-02-14,MA_10-K_0001141391-18-000009.txt,0001141391-18-000009,0.0,0.0,1.0
MA,10-Q,2018-05-02,MA_10-Q_0001141391-18-000056.txt,0001141391-18-000056,1.0,1.0,1.0
MA,10-Q,2018-07-26,MA_10-Q_0001141391-18-000111.txt,0001141391-18-000111,-1.0,-1.0,0.0
MA,10-Q,2018-10-30,MA_10-Q_0001141391-18-000127.txt,0001141391-18-000127,1.0,1.0,1.0
MA,10-K,2019-02-13,MA_10-K_0001141391-19-000013.txt,0001141391-19-000013,0.0,1.0,1.0
MA,10-Q,2019-04-30,MA_10-Q_0001141391-19-000076.txt,0001141391-19-000076,-1.0,-1.0,0.0
MA,10-Q,2019-10-29,MA_10-Q_0001141391-19-000150.txt,0001141391-19-000150,-1.0,0.0,1.0
MA,10-K,2020-02-14,MA_10-K_0001141391-20-000032.txt,0001141391-20-000032,-1.0,-1.0,-1.0
MA,10-Q,2020-04-29,MA_10-Q_0001141391-20-000091.txt,0001141391-20-000091,0.0,-1.0,1.0
MA,10-Q,2020-07-30,MA_10-Q_0001141391-20-000165.txt,0001141391-20-000165,1.0,1.0,1.0
MA,10-Q,2020-10-28,MA_10-Q_0001141391-20-000203.txt,0001141391-20-000203,1.0,1.0,1.0
MA,10-K,2021-02-12,MA_10-K_0001141391-21-000018.txt,0001141391-21-000018,0.0,1.0,1.0
MA,10-Q,2021-04-29,MA_10-Q_0001141391-21-000091.txt,0001141391-21-000091,-1.0,-1.0,-1.0
MA,10-Q,2021-07-29,MA_10-Q_0001141391-21-000156.txt,0001141391-21-000156,-1.0,-1.0,-1.0
MA,10-Q,2021-10-28,MA_10-Q_0001141391-21-000182.txt,0001141391-21-000182,0.0,1.0,-1.0
MA,10-K,2022-02-11,MA_10-K_0001141391-22-000023.txt,0001141391-22-000023,0.0,0.0,-1.0
MA,10-Q,2022-04-28,MA_10-Q_0001141391-22-000088.txt,0001141391-22-000088,-1.0,-1.0,-1.0
MA,10-Q,2022-07-28,MA_10-Q_0001141391-22-000150.txt,0001141391-22-000150,0.0,0.0,-1.0
MA,10-Q,2022-10-27,MA_10-Q_0001141391-22-000163.txt,0001141391-22-000163,-1.0,1.0,1.0
MA,10-K,2023-02-14,MA_10-K_0001141391-23-000020.txt,0001141391-23-000020,-1.0,-1.0,-1.0
MA,10-Q,2023-04-27,MA_10-Q_0001141391-23-000059.txt,0001141391-23-000059,0.0,1.0,-1.0
MA,10-Q,2023-07-27,MA_10-Q_0001141391-23-000131.txt,0001141391-23-000131,0.0,0.0,0.0
MA,10-Q,2023-10-26,MA_10-Q_0001141391-23-000157.txt,0001141391-23-000157,1.0,1.0,1.0
MA,10-K,2024-02-13,MA_10-K_0001141391-24-000022.txt,0001141391-24-000022,0.0,1.0,1.0
MA,10-Q,2024-05-01,MA_10-Q_0001141391-24-000087.txt,0001141391-24-000087,1.0,1.0,0.0
MA,10-Q,2024-07-31,MA_10-Q_0001141391-24-000161.txt,0001141391-24-000161,-1.0,0.0,1.0
MA,10-Q,2024-10-31,MA_10-Q_0001141391-24-000202.txt,0001141391-24-000202,1.0,1.0,1.0
MA,10-K,2025-02-12,MA_10-K_0001141391-25-000011.txt,0001141391-25-000011,0.0,0.0,-1.0
MA,10-Q,2025-05-01,MA_10-Q_0001141391-25-000090.txt,0001141391-25-000090,1.0,1.0,1.0
MA,10-Q,2025-07-31,MA_10-Q_0001141391-25-000172.txt,0001141391-25-000172,-1.0,1.0,1.0
MA,10-Q,2025-10-30,MA_10-Q_0001141391-25-000193.txt,0001141391-25-000193,0.0,0.0,0.0
INTC,10-K,2016-02-12,INTC_10-K_0000050863-16-000105.txt,0000050863-16-000105,0.0,1.0,1.0
INTC,10-Q,2016-05-02,INTC_10-Q_0000050863-16-000125.txt,0000050863-16-000125,-1.0,0.0,1.0
INTC,10-Q,2016-08-01,INTC_10-Q_0000050863-16-000142.txt,0000050863-16-000142,1.0,0.0,1.0
INTC,10-Q,2016-10-31,INTC_10-Q_0000050863-16-000153.txt,0000050863-16-000153,0.0,0.0,1.0
INTC,10-K,2017-02-17,INTC_10-K_0000050863-17-000012.txt,0000050863-17-000012,0.0,-1.0,-1.0
INTC,10-Q,2017-04-27,INTC_10-Q_0000050863-17-000029.txt,0000050863-17-000029,-1.0,-1.0,-1.0
INTC,10-Q,2017-07-27,INTC_10-Q_0000050863-17-000041.txt,0000050863-17-000041,1.0,1.0,0.0
INTC,10-Q,2017-10-26,INTC_10-Q_0000050863-17-000048.txt,0000050863-17-000048,1.0,1.0,1.0
INTC,10-K,2018-02-16,INTC_10-K_0000050863-18-000007.txt,0000050863-18-000007,1.0,1.0,1.0
INTC,10-Q,2018-04-27,INTC_10-Q_0000050863-18-000013.txt,0000050863-18-000013,0.0,1.0,1.0
INTC,10-Q,2018-07-27,INTC_10-Q_0000050863-18-000022.txt,0000050863-18-000022,1.0,1.0,0.0
INTC,10-Q,2018-10-26,INTC_10-Q_0000050863-18-000029.txt,0000050863-18-000029,1.0,1.0,1.0
INTC,10-K,2019-02-01,INTC_10-K_0000050863-19-000007.txt,0000050863-19-000007,0.0,1.0,1.0
INTC,10-Q,2019-04-26,INTC_10-Q_0000050863-19-000013.txt,0000050863-19-000013,0.0,-1.0,-1.0
INTC,10-Q,2019-07-26,INTC_10-Q_0000050863-19-000023.txt,0000050863-19-000023,-1.0,-1.0,-1.0
INTC,10-Q,2019-10-25,INTC_10-Q_0000050863-19-000029.txt,0000050863-19-000029,0.0,1.0,1.0
INTC,10-K,2020-01-24,INTC_10-K_0000050863-20-000011.txt,0000050863-20-000011,-1.0,-1.0,-1.0
INTC,10-Q,2020-04-24,INTC_10-Q_0000050863-20-000017.txt,0000050863-20-000017,0.0,0.0,1.0
INTC,10-Q,2020-07-24,INTC_10-Q_0000050863-20-000026.txt,0000050863-20-000026,-1.0,-1.0,0.0
INTC,10-Q,2020-10-23,INTC_10-Q_0000050863-20-000043.txt,0000050863-20-000043,-1.0,-1.0,-1.0
INTC,10-K,2021-01-22,INTC_10-K_0000050863-21-000010.txt,0000050863-21-000010,0.0,0.0,1.0
INTC,10-Q,2021-04-23,INTC_10-Q_0000050863-21-000018.txt,0000050863-21-000018,-1.0,0.0,-1.0
INTC,10-Q,2021-07-23,INTC_10-Q_0000050863-21-000030.txt,0000050863-21-000030,0.0,1.0,0.0
INTC,10-Q,2021-10-22,INTC_10-Q_0000050863-21-000038.txt,0000050863-21-000038,0.0,1.0,0.0
INTC,10-K,2022-01-27,INTC_10-K_0000050863-22-000007.txt,0000050863-22-000007,0.0,1.0,0.0
INTC,10-Q,2022-04-29,INTC_10-Q_0000050863-22-000020.txt,0000050863-22-000020,0.0,0.0,1.0
INTC,10-Q,2022-07-29,INTC_10-Q_0000050863-22-000030.txt,0000050863-22-000030,0.0,0.0,-1.0
INTC,10-Q,2022-10-28,INTC_10-Q_0000050863-22-000038.txt,0000050863-22-000038,0.0,1.0,0.0
INTC,10-K,2023-01-27,INTC_10-K_0000050863-23-000006.txt,0000050863-23-000006,1.0,0.0,-1.0
INTC,10-Q,2023-04-28,INTC_10-Q_0000050863-23-000028.txt,0000050863-23-000028,0.0,-1.0,-1.0
INTC,10-Q,2023-07-28,INTC_10-Q_0000050863-23-000069.txt,0000050863-23-000069,-1.0,-1.0,-1.0
INTC,10-Q,2023-10-27,INTC_10-Q_0000050863-23-000103.txt,0000050863-23-000103,1.0,1.0,1.0
INTC,10-K,2024-01-26,INTC_10-K_0000050863-24-000010.txt,0000050863-24-000010,0.0,0.0,0.0
INTC,10-Q,2024-04-26,INTC_10-Q_0000050863-24-000076.txt,0000050863-24-000076,-1.0,-1.0,-1.0
INTC,10-Q,2024-08-02,INTC_10-Q_0000050863-24-000124.txt,0000050863-24-000124,-1.0,0.0,0.0
INTC,10-Q,2024-11-01,INTC_10-Q_0000050863-24-000149.txt,0000050863-24-000149,1.0,1.0,1.0
INTC,10-K,2025-01-31,INTC_10-K_0000050863-25-000009.txt,0000050863-25-000009,0.0,1.0,1.0
INTC,10-Q,2025-04-25,INTC_10-Q_0000050863-25-000074.txt,0000050863-25-000074,0.0,1.0,0.0
INTC,10-Q,2025-07-24,INTC_10-Q_0000050863-25-000109.txt,0000050863-25-000109,-1.0,-1.0,1.0
INTC,10-Q,2025-11-06,INTC_10-Q_0000050863-25-000179.txt,0000050863-25-000179,-1.0,-1.0,1.0
MCD,10-K,2016-02-25,MCD_10-K_0000063908-16-000103.txt,0000063908-16-000103,0.0,1.0,1.0
MCD,10-Q,2016-05-06,MCD_10-Q_0000063908-16-000121.txt,0000063908-16-000121,-1.0,-1.0,-1.0
MCD,10-Q,2016-08-04,MCD_10-Q_0000063908-16-000142.txt,0000063908-16-000142,0.0,0.0,-1.0
MCD,10-Q,2016-11-04,MCD_10-Q_0000063908-16-000161.txt,0000063908-16-000161,1.0,1.0,1.0
MCD,10-K,2017-03-01,MCD_10-K_0000063908-17-000017.txt,0000063908-17-000017,-1.0,-1.0,0.0
MCD,10-Q,2017-05-08,MCD_10-Q_0000063908-17-000025.txt,0000063908-17-000025,1.0,1.0,1.0
MCD,10-Q,2017-08-08,MCD_10-Q_0000063908-17-000039.txt,0000063908-17-000039,1.0,1.0,1.0
MCD,10-Q,2017-11-02,MCD_10-Q_0000063908-17-000053.txt,0000063908-17-000053,0.0,0.0,1.0
MCD,10-K,2018-02-23,MCD_10-K_0000063908-18-000010.txt,0000063908-18-000010,-1.0,-1.0,-1.0
MCD,10-Q,2018-05-08,MCD_10-Q_0000063908-18-000025.txt,0000063908-18-000025,0.0,-1.0,0.0
MCD,10-Q,2018-08-02,MCD_10-Q_0000063908-18-000049.txt,0000063908-18-000049,1.0,1.0,1.0
MCD,10-Q,2018-11-01,MCD_10-Q_0000063908-18-000064.txt,0000063908-18-000064,1.0,1.0,1.0
MCD,10-K,2019-02-22,MCD_10-K_0000063908-19-000010.txt,0000063908-19-000010,1.0,-1.0,1.0
MCD,10-Q,2019-05-08,MCD_10-Q_0000063908-19-000039.txt,0000063908-19-000039,0.0,1.0,1.0
MCD,10-Q,2019-08-06,MCD_10-Q_0000063908-19-000062.txt,0000063908-19-000062,1.0,1.0,1.0
MCD,10-Q,2019-11-04,MCD_10-Q_0000063908-19-000085.txt,0000063908-19-000085,1.0,1.0,1.0
MCD,10-K,2020-02-26,MCD_10-K_0000063908-20-000022.txt,0000063908-20-000022,-1.0,-1.0,-1.0
MCD,10-Q,2020-05-07,MCD_10-Q_0000063908-20-000042.txt,0000063908-20-000042,-1.0,0.0,1.0
MCD,10-Q,2020-08-10,MCD_10-Q_0000063908-20-000063.txt,0000063908-20-000063,1.0,1.0,1.0
MCD,10-Q,2020-11-09,MCD_10-Q_0000063908-20-000076.txt,0000063908-20-000076,1.0,1.0,-1.0
MCD,10-K,2021-02-23,MCD_10-K_0000063908-21-000013.txt,0000063908-21-000013,0.0,0.0,1.0
MCD,10-Q,2021-05-05,MCD_10-Q_0000063908-21-000018.txt,0000063908-21-000018,-1.0,-1.0,0.0
MCD,10-Q,2021-08-04,MCD_10-Q_0000063908-21-000030.txt,0000063908-21-000030,0.0,1.0,1.0
MCD,10-Q,2021-11-02,MCD_10-Q_0000063908-21-000039.txt,0000063908-21-000039,1.0,1.0,-1.0
MCD,10-K,2022-02-24,MCD_10-K_0000063908-22-000011.txt,0000063908-22-000011,-1.0,-1.0,-1.0
MCD,10-Q,2022-05-02,MCD_10-Q_0000063908-22-000016.txt,0000063908-22-000016,0.0,0.0,1.0
MCD,10-Q,2022-08-04,MCD_10-Q_0000063908-22-000041.txt,0000063908-22-000041,0.0,1.0,-1.0
MCD,10-Q,2022-11-07,MCD_10-Q_0000063908-22-000055.txt,0000063908-22-000055,-1.0,0.0,0.0
MCD,10-K,2023-02-24,MCD_10-K_0000063908-23-000012.txt,0000063908-23-000012,1.0,0.0,1.0
MCD,10-Q,2023-05-04,MCD_10-Q_0000063908-23-000036.txt,0000063908-23-000036,0.0,0.0,-1.0
MCD,10-Q,2023-08-02,MCD_10-Q_0000063908-23-000076.txt,0000063908-23-000076,0.0,-1.0,-1.0
MCD,10-Q,2023-11-02,MCD_10-Q_0000063908-23-000101.txt,0000063908-23-000101,0.0,1.0,1.0
MCD,10-K,2024-02-22,MCD_10-K_0000063908-24-000072.txt,0000063908-24-000072,0.0,0.0,-1.0
MCD,10-Q,2024-05-08,MCD_10-Q_0000063908-24-000092.txt,0000063908-24-000092,1.0,-1.0,-1.0
MCD,10-Q,2024-08-08,MCD_10-Q_0000063908-24-000123.txt,0000063908-24-000123,0.0,1.0,1.0
MCD,10-Q,2024-11-07,MCD_10-Q_0000063908-24-000156.txt,0000063908-24-000156,0.0,-1.0,1.0
MCD,10-K,2025-02-25,MCD_10-K_0000063908-25-000012.txt,0000063908-25-000012,0.0,0.0,0.0
MCD,10-Q,2025-05-12,MCD_10-Q_0000063908-25-000025.txt,0000063908-25-000025,1.0,0.0,-1.0
MCD,10-Q,2025-08-06,MCD_10-Q_0000063908-25-000039.txt,0000063908-25-000039,0.0,1.0,1.0
MCD,10-Q,2025-11-05,MCD_10-Q_0000063908-25-000059.txt,0000063908-25-000059,0.0,0.0,1.0
AMD,10-K,2016-02-18,AMD_10-K_0000002488-16-000111.txt,0000002488-16-000111,1.0,1.0,1.0
AMD,10-Q,2016-04-28,AMD_10-Q_0000002488-16-000124.txt,0000002488-16-000124,0.0,0.0,1.0
AMD,10-Q,2016-07-26,AMD_10-Q_0000002488-16-000213.txt,0000002488-16-000213,-1.0,-1.0,1.0
AMD,10-Q,2016-10-26,AMD_10-Q_0000002488-16-000263.txt,0000002488-16-000263,-1.0,-1.0,1.0
AMD,10-K,2017-02-21,AMD_10-K_0000002488-17-000043.txt,0000002488-17-000043,0.0,-1.0,0.0
AMD,10-Q,2017-05-08,AMD_10-Q_0000002488-17-000107.txt,0000002488-17-000107,1.0,1.0,1.0
AMD,10-Q,2017-08-03,AMD_10-Q_0000002488-17-000156.txt,0000002488-17-000156,-1.0,-1.0,0.0
AMD,10-Q,2017-11-02,AMD_10-Q_0000002488-17-000227.txt,0000002488-17-000227,0.0,0.0,0.0
AMD,10-K,2018-02-27,AMD_10-K_0000002488-18-000042.txt,0000002488-18-000042,-1.0,-1.0,-1.0
AMD,10-Q,2018-05-03,AMD_10-Q_0000002488-18-000068.txt,0000002488-18-000068,1.0,1.0,1.0
AMD,10-Q,2018-08-02,AMD_10-Q_0000002488-18-000128.txt,0000002488-18-000128,0.0,0.0,1.0
AMD,10-Q,2018-10-31,AMD_10-Q_0000002488-18-000189.txt,0000002488-18-000189,1.0,1.0,1.0
AMD,10-K,2019-02-08,AMD_10-K_0000002488-19-000011.txt,0000002488-19-000011,0.0,1.0,0.0
AMD,10-Q,2019-05-01,AMD_10-Q_0000002488-19-000045.txt,0000002488-19-000045,0.0,1.0,1.0
AMD,10-Q,2019-07-31,AMD_10-Q_0000002488-19-000104.txt,0000002488-19-000104,-1.0,0.0,0.0
AMD,10-Q,2019-10-30,AMD_10-Q_0000002488-19-000159.txt,0000002488-19-000159,1.0,1.0,1.0
AMD,10-K,2020-02-04,AMD_10-K_0000002488-20-000008.txt,0000002488-20-000008,1.0,1.0,0.0
AMD,10-Q,2020-04-29,AMD_10-Q_0000002488-20-000051.txt,0000002488-20-000051,0.0,0.0,0.0
AMD,10-Q,2020-07-29,AMD_10-Q_0000002488-20-000103.txt,0000002488-20-000103,1.0,1.0,1.0
AMD,10-Q,2020-10-28,AMD_10-Q_0000002488-20-000164.txt,0000002488-20-000164,1.0,1.0,1.0
AMD,10-K,2021-01-29,AMD_10-K_0001628280-21-001185.txt,0001628280-21-001185,1.0,1.0,0.0
AMD,10-Q,2021-04-28,AMD_10-Q_0000002488-21-000056.txt,0000002488-21-000056,-1.0,-1.0,-1.0
AMD,10-Q,2021-07-28,AMD_10-Q_0000002488-21-000116.txt,0000002488-21-000116,1.0,1.0,1.0
AMD,10-Q,2021-10-27,AMD_10-Q_0000002488-21-000178.txt,0000002488-21-000178,1.0,1.0,1.0
AMD,10-K,2022-02-03,AMD_10-K_0000002488-22-000016.txt,0000002488-22-000016,1.0,-1.0,-1.0
AMD,10-Q,2022-05-04,AMD_10-Q_0000002488-22-000078.txt,0000002488-22-000078,-1.0,0.0,1.0
AMD,10-Q,2022-08-03,AMD_10-Q_0000002488-22-000123.txt,0000002488-22-000123,0.0,0.0,-1.0
AMD,10-Q,2022-11-02,AMD_10-Q_0000002488-22-000170.txt,0000002488-22-000170,0.0,1.0,1.0
AMD,10-K,2023-02-27,AMD_10-K_0000002488-23-000047.txt,0000002488-23-000047,0.0,1.0,1.0
AMD,10-Q,2023-05-03,AMD_10-Q_0000002488-23-000076.txt,0000002488-23-000076,1.0,1.0,1.0
AMD,10-Q,2023-08-02,AMD_10-Q_0000002488-23-000139.txt,0000002488-23-000139,0.0,0.0,0.0
AMD,10-Q,2023-11-01,AMD_10-Q_0000002488-23-000195.txt,0000002488-23-000195,1.0,1.0,1.0
AMD,10-K,2024-01-31,AMD_10-K_0000002488-24-000012.txt,0000002488-24-000012,0.0,1.0,1.0
AMD,10-Q,2024-05-01,AMD_10-Q_0000002488-24-000056.txt,0000002488-24-000056,1.0,1.0,1.0
AMD,10-Q,2024-07-31,AMD_10-Q_0000002488-24-000123.txt,0000002488-24-000123,-1.0,0.0,0.0
AMD,10-K,2025-02-05,AMD_10-K_0000002488-25-000012.txt,0000002488-25-000012,0.0,0.0,-1.0
AMD,10-Q,2025-05-07,AMD_10-Q_0000002488-25-000047.txt,0000002488-25-000047,1.0,1.0,1.0
AMD,10-Q,2025-08-06,AMD_10-Q_0000002488-25-000108.txt,0000002488-25-000108,1.0,0.0,0.0
AMD,10-Q,2025-11-05,AMD_10-Q_0000002488-25-000166.txt,0000002488-25-000166,0.0,-1.0,-1.0
PM,10-K,2016-02-17,PM_10-K_0001413329-16-000076.txt,0001413329-16-000076,0.0,0.0,1.0
PM,10-Q,2016-07-26,PM_10-Q_0001413329-16-000096.txt,0001413329-16-000096,0.0,0.0,1.0
PM,10-Q,2016-10-25,PM_10-Q_0001413329-16-000105.txt,0001413329-16-000105,0.0,1.0,-1.0
PM,10-K,2017-02-14,PM_10-K_0001413329-17-000014.txt,0001413329-17-000014,1.0,1.0,1.0
PM,10-Q,2017-04-27,PM_10-Q_0001413329-17-000023.txt,0001413329-17-000023,0.0,0.0,1.0
PM,10-K,2018-02-13,PM_10-K_0001413329-18-000007.txt,0001413329-18-000007,0.0,0.0,1.0
PM,10-Q,2018-04-26,PM_10-Q_0001413329-18-000023.txt,0001413329-18-000023,0.0,0.0,0.0
PM,10-Q,2018-07-26,PM_10-Q_0001413329-18-000039.txt,0001413329-18-000039,1.0,0.0,-1.0
PM,10-Q,2018-10-25,PM_10-Q_0001413329-18-000053.txt,0001413329-18-000053,-1.0,0.0,-1.0
PM,10-K,2019-02-07,PM_10-K_0001413329-19-000007.txt,0001413329-19-000007,1.0,1.0,1.0
PM,10-Q,2019-07-25,PM_10-Q_0001413329-19-000055.txt,0001413329-19-000055,-1.0,-1.0,-1.0
PM,10-Q,2019-10-24,PM_10-Q_0001413329-19-000071.txt,0001413329-19-000071,0.0,0.0,1.0
PM,10-K,2020-02-07,PM_10-K_0001413329-20-000007.txt,0001413329-20-000007,1.0,-1.0,-1.0
PM,10-Q,2020-07-29,PM_10-Q_0001413329-20-000053.txt,0001413329-20-000053,0.0,0.0,1.0
PM,10-K,2021-02-09,PM_10-K_0001413329-21-000007.txt,0001413329-21-000007,0.0,1.0,0.0
PM,10-Q,2021-07-27,PM_10-Q_0001413329-21-000058.txt,0001413329-21-000058,0.0,0.0,0.0
PM,10-Q,2021-10-27,PM_10-Q_0001413329-21-000091.txt,0001413329-21-000091,0.0,0.0,-1.0
PM,10-K,2022-02-11,PM_10-K_0001413329-22-000011.txt,0001413329-22-000011,1.0,-1.0,-1.0
PM,10-Q,2022-04-28,PM_10-Q_0001413329-22-000035.txt,0001413329-22-000035,-1.0,0.0,1.0
PM,10-Q,2022-07-29,PM_10-Q_0001413329-22-000072.txt,0001413329-22-000072,0.0,1.0,0.0
PM,10-Q,2022-10-27,PM_10-Q_0001413329-22-000114.txt,0001413329-22-000114,0.0,1.0,1.0
PM,10-K,2023-02-10,PM_10-K_0001413329-23-000025.txt,0001413329-23-000025,0.0,-1.0,-1.0
PM,10-Q,2023-04-26,PM_10-Q_0001413329-23-000117.txt,0001413329-23-000117,-1.0,-1.0,-1.0
PM,10-Q,2023-07-27,PM_10-Q_0001413329-23-000176.txt,0001413329-23-000176,-1.0,-1.0,-1.0
PM,10-Q,2023-10-26,PM_10-Q_0001413329-23-000201.txt,0001413329-23-000201,1.0,0.0,1.0
PM,10-K,2024-02-08,PM_10-K_0001413329-24-000013.txt,0001413329-24-000013,0.0,1.0,1.0
PM,10-Q,2024-04-26,PM_10-Q_0001413329-24-000087.txt,0001413329-24-000087,1.0,1.0,1.0
PM,10-Q,2024-07-25,PM_10-Q_0001413329-24-000145.txt,0001413329-24-000145,1.0,1.0,1.0
PM,10-Q,2024-10-24,PM_10-Q_0001413329-24-000172.txt,0001413329-24-000172,0.0,-1.0,0.0
PM,10-K,2025-02-06,PM_10-K_0001413329-25-000013.txt,0001413329-25-000013,0.0,1.0,1.0
PM,10-Q,2025-04-24,PM_10-Q_0001413329-25-000094.txt,0001413329-25-000094,0.0,0.0,1.0
PM,10-Q,2025-07-25,PM_10-Q_0001413329-25-000150.txt,0001413329-25-000150,0.0,1.0,1.0
PM,10-Q,2025-10-24,PM_10-Q_0001628280-25-046179.txt,0001628280-25-046179,-1.0,-1.0,0.0
BRK-B,10-K,2016-02-29,BRK-B_10-K_0001193125-16-483023.txt,0001193125-16-483023,1.0,1.0,1.0
BRK-B,10-Q,2016-05-06,BRK-B_10-Q_0001193125-16-582004.txt,0001193125-16-582004,-1.0,-1.0,-1.0
BRK-B,10-Q,2016-08-05,BRK-B_10-Q_0001193125-16-673492.txt,0001193125-16-673492,1.0,1.0,1.0
BRK-B,10-Q,2016-11-04,BRK-B_10-Q_0001193125-16-760194.txt,0001193125-16-760194,1.0,1.0,1.0
BRK-B,10-K,2017-02-27,BRK-B_10-K_0001193125-17-056969.txt,0001193125-17-056969,1.0,1.0,-1.0
BRK-B,10-Q,2017-05-05,BRK-B_10-Q_0001193125-17-160889.txt,0001193125-17-160889,-1.0,-1.0,0.0
BRK-B,10-Q,2017-08-04,BRK-B_10-Q_0001193125-17-248832.txt,0001193125-17-248832,-1.0,-1.0,1.0
BRK-B,10-Q,2017-11-03,BRK-B_10-Q_0001193125-17-332829.txt,0001193125-17-332829,-1.0,-1.0,1.0
BRK-B,10-K,2018-02-26,BRK-B_10-K_0001193125-18-057033.txt,0001193125-18-057033,-1.0,0.0,-1.0
BRK-B,10-Q,2018-05-07,BRK-B_10-Q_0001193125-18-153460.txt,0001193125-18-153460,1.0,0.0,-1.0
BRK-B,10-Q,2018-08-06,BRK-B_10-Q_0001193125-18-238892.txt,0001193125-18-238892,0.0,0.0,1.0
BRK-B,10-Q,2018-11-05,BRK-B_10-Q_0001193125-18-317734.txt,0001193125-18-317734,0.0,0.0,-1.0
BRK-B,10-K,2019-02-25,BRK-B_10-K_0001193125-19-048926.txt,0001193125-19-048926,0.0,0.0,-1.0
BRK-B,10-Q,2019-05-06,BRK-B_10-Q_0001193125-19-137433.txt,0001193125-19-137433,-1.0,-1.0,-1.0
BRK-B,10-Q,2019-08-05,BRK-B_10-Q_0001564590-19-028491.txt,0001564590-19-028491,0.0,1.0,1.0
BRK-B,10-Q,2019-11-04,BRK-B_10-Q_0000950123-19-009995.txt,0000950123-19-009995,1.0,0.0,0.0
BRK-B,10-K,2020-02-24,BRK-B_10-K_0001564590-20-005874.txt,0001564590-20-005874,-1.0,-1.0,-1.0
BRK-B,10-Q,2020-05-04,BRK-B_10-Q_0001564590-20-020599.txt,0001564590-20-020599,0.0,0.0,1.0
BRK-B,10-Q,2020-08-10,BRK-B_10-Q_0001564590-20-038544.txt,0001564590-20-038544,-1.0,0.0,1.0
BRK-B,10-Q,2020-11-09,BRK-B_10-Q_0001564590-20-052144.txt,0001564590-20-052144,1.0,1.0,1.0
BRK-B,10-K,2021-03-01,BRK-B_10-K_0001564590-21-009611.txt,0001564590-21-009611,1.0,1.0,1.0
BRK-B,10-Q,2021-05-03,BRK-B_10-Q_0001564590-21-022703.txt,0001564590-21-022703,1.0,1.0,1.0
BRK-B,10-Q,2021-08-09,BRK-B_10-Q_0001564590-21-042312.txt,0001564590-21-042312,0.0,0.0,-1.0
BRK-B,10-Q,2021-11-08,BRK-B_10-Q_0001564590-21-055032.txt,0001564590-21-055032,-1.0,-1.0,-1.0
BRK-B,10-K,2022-02-28,BRK-B_10-K_0001564590-22-007322.txt,0001564590-22-007322,0.0,1.0,1.0
BRK-B,10-Q,2022-05-02,BRK-B_10-Q_0001564590-22-016907.txt,0001564590-22-016907,-1.0,-1.0,0.0
BRK-B,10-Q,2022-08-08,BRK-B_10-Q_0001564590-22-028282.txt,0001564590-22-028282,1.0,-1.0,-1.0
BRK-B,10-Q,2022-11-07,BRK-B_10-Q_0000950170-22-022287.txt,0000950170-22-022287,1.0,1.0,1.0
BRK-B,10-K,2023-02-27,BRK-B_10-K_0000950170-23-004451.txt,0000950170-23-004451,1.0,0.0,0.0
BRK-B,10-Q,2023-05-08,BRK-B_10-Q_0000950170-23-018438.txt,0000950170-23-018438,0.0,1.0,1.0
BRK-B,10-Q,2023-08-07,BRK-B_10-Q_0000950170-23-038705.txt,0000950170-23-038705,-1.0,-1.0,0.0
BRK-B,10-Q,2023-11-06,BRK-B_10-Q_0000950170-23-058993.txt,0000950170-23-058993,1.0,1.0,1.0
BRK-B,10-K,2024-02-26,BRK-B_10-K_0000950170-24-019719.txt,0000950170-24-019719,-1.0,-1.0,0.0
BRK-B,10-Q,2024-05-06,BRK-B_10-Q_0000950170-24-053185.txt,0000950170-24-053185,1.0,1.0,1.0
BRK-B,10-Q,2024-08-05,BRK-B_10-Q_0000950170-24-090305.txt,0000950170-24-090305,1.0,1.0,1.0
BRK-B,10-Q,2024-11-04,BRK-B_10-Q_0000950170-24-120241.txt,0000950170-24-120241,1.0,1.0,1.0
BRK-B,10-K,2025-02-24,BRK-B_10-K_0000950170-25-025210.txt,0000950170-25-025210,1.0,0.0,1.0
BRK-B,10-Q,2025-05-05,BRK-B_10-Q_0000950170-25-063112.txt,0000950170-25-063112,0.0,0.0,-1.0
BRK-B,10-Q,2025-08-04,BRK-B_10-Q_0000950170-25-101578.txt,0000950170-25-101578,1.0,1.0,1.0
BRK-B,10-Q,2025-11-03,BRK-B_10-Q_0001193125-25-261548.txt,0001193125-25-261548,1.0,1.0,1.0
TMO,10-K,2016-02-25,TMO_10-K_0000097745-16-000043.txt,0000097745-16-000043,1.0,1.0,1.0
TMO,10-Q,2016-05-06,TMO_10-Q_0000097745-16-000054.txt,0000097745-16-000054,0.0,1.0,1.0
TMO,10-Q,2016-08-05,TMO_10-Q_0000097745-16-000065.txt,0000097745-16-000065,-1.0,-1.0,-1.0
TMO,10-Q,2016-11-04,TMO_10-Q_0000097745-16-000072.txt,0000097745-16-000072,1.0,0.0,-1.0
TMO,10-K,2017-02-28,TMO_10-K_0000097745-17-000007.txt,0000097745-17-000007,0.0,0.0,-1.0
TMO,10-Q,2017-05-05,TMO_10-Q_0000097745-17-000023.txt,0000097745-17-000023,0.0,0.0,1.0
TMO,10-Q,2017-08-04,TMO_10-Q_0000097745-17-000041.txt,0000097745-17-000041,-1.0,-1.0,1.0
TMO,10-Q,2017-11-03,TMO_10-Q_0000097745-17-000047.txt,0000097745-17-000047,-1.0,-1.0,-1.0
TMO,10-K,2018-02-28,TMO_10-K_0000097745-18-000006.txt,0000097745-18-000006,0.0,1.0,0.0
TMO,10-Q,2018-05-04,TMO_10-Q_0000097745-18-000017.txt,0000097745-18-000017,1.0,1.0,1.0
TMO,10-Q,2018-08-03,TMO_10-Q_0000097745-18-000029.txt,0000097745-18-000029,0.0,-1.0,1.0
TMO,10-Q,2018-11-02,TMO_10-Q_0000097745-18-000040.txt,0000097745-18-000040,1.0,1.0,1.0
TMO,10-K,2019-02-27,TMO_10-K_0000097745-19-000007.txt,0000097745-19-000007,-1.0,0.0,1.0
TMO,10-Q,2019-05-03,TMO_10-Q_0000097745-19-000016.txt,0000097745-19-000016,-1.0,-1.0,-1.0
TMO,10-Q,2019-08-02,TMO_10-Q_0000097745-19-000035.txt,0000097745-19-000035,0.0,0.0,1.0
TMO,10-Q,2019-11-01,TMO_10-Q_0000097745-19-000049.txt,0000097745-19-000049,-1.0,0.0,1.0
TMO,10-K,2020-02-26,TMO_10-K_0000097745-20-000009.txt,0000097745-20-000009,1.0,-1.0,-1.0
TMO,10-Q,2020-05-01,TMO_10-Q_0000097745-20-000018.txt,0000097745-20-000018,0.0,1.0,1.0
TMO,10-Q,2020-07-31,TMO_10-Q_0000097745-20-000038.txt,0000097745-20-000038,0.0,0.0,1.0
TMO,10-Q,2020-10-30,TMO_10-Q_0000097745-20-000051.txt,0000097745-20-000051,1.0,1.0,-1.0
TMO,10-K,2021-02-25,TMO_10-K_0000097745-21-000011.txt,0000097745-21-000011,-1.0,1.0,-1.0
TMO,10-Q,2021-05-07,TMO_10-Q_0000097745-21-000026.txt,0000097745-21-000026,-1.0,0.0,-1.0
TMO,10-Q,2021-08-06,TMO_10-Q_0000097745-21-000045.txt,0000097745-21-000045,1.0,1.0,1.0
TMO,10-Q,2021-11-04,TMO_10-Q_0000097745-21-000058.txt,0000097745-21-000058,-1.0,0.0,0.0
TMO,10-K,2022-02-24,TMO_10-K_0000097745-22-000011.txt,0000097745-22-000011,1.0,0.0,1.0
TMO,10-Q,2022-05-06,TMO_10-Q_0000097745-22-000027.txt,0000097745-22-000027,0.0,0.0,0.0
TMO,10-Q,2022-08-05,TMO_10-Q_0000097745-22-000047.txt,0000097745-22-000047,0.0,0.0,-1.0
TMO,10-Q,2022-11-04,TMO_10-Q_0000097745-22-000057.txt,0000097745-22-000057,1.0,1.0,1.0
TMO,10-K,2023-02-23,TMO_10-K_0000097745-23-000008.txt,0000097745-23-000008,0.0,0.0,0.0
TMO,10-Q,2023-05-05,TMO_10-Q_0000097745-23-000033.txt,0000097745-23-000033,-1.0,-1.0,-1.0
TMO,10-Q,2023-08-04,TMO_10-Q_0000097745-23-000059.txt,0000097745-23-000059,0.0,-1.0,1.0
TMO,10-Q,2023-11-03,TMO_10-Q_0000097745-23-000069.txt,0000097745-23-000069,0.0,1.0,1.0
TMO,10-K,2024-02-22,TMO_10-K_0000097745-24-000007.txt,0000097745-24-000007,1.0,1.0,1.0
TMO,10-Q,2024-05-03,TMO_10-Q_0000097745-24-000023.txt,0000097745-24-000023,1.0,1.0,0.0
TMO,10-Q,2024-08-02,TMO_10-Q_0000097745-24-000040.txt,0000097745-24-000040,-1.0,-1.0,0.0
TMO,10-Q,2024-11-01,TMO_10-Q_0000097745-24-000046.txt,0000097745-24-000046,0.0,-1.0,-1.0
TMO,10-K,2025-02-20,TMO_10-K_0000097745-25-000010.txt,0000097745-25-000010,-1.0,0.0,-1.0
TMO,10-Q,2025-05-02,TMO_10-Q_0000097745-25-000041.txt,0000097745-25-000041,-1.0,0.0,-1.0
TMO,10-Q,2025-08-01,TMO_10-Q_0000097745-25-000101.txt,0000097745-25-000101,0.0,1.0,1.0
TMO,10-Q,2025-10-31,TMO_10-Q_0000097745-25-000159.txt,0000097745-25-000159,0.0,1.0,1.0
TXN,10-K,2016-02-24,TXN_10-K_0001564590-16-013126.txt,0001564590-16-013126,1.0,1.0,1.0
TXN,10-Q,2016-08-04,TXN_10-Q_0001564590-16-022552.txt,0001564590-16-022552,0.0,0.0,0.0
TXN,10-K,2017-02-23,TXN_10-K_0001564590-17-002142.txt,0001564590-17-002142,1.0,1.0,1.0
TXN,10-Q,2017-05-03,TXN_10-Q_0001564590-17-008260.txt,0001564590-17-008260,0.0,-1.0,1.0
TXN,10-Q,2017-08-03,TXN_10-Q_0001564590-17-015153.txt,0001564590-17-015153,-1.0,-1.0,1.0
TXN,10-K,2018-02-22,TXN_10-K_0001564590-18-002832.txt,0001564590-18-002832,1.0,1.0,0.0
TXN,10-Q,2018-05-03,TXN_10-Q_0001564590-18-010545.txt,0001564590-18-010545,1.0,1.0,1.0
TXN,10-Q,2018-11-02,TXN_10-Q_0001564590-18-026405.txt,0001564590-18-026405,0.0,1.0,1.0
TXN,10-K,2019-02-22,TXN_10-K_0001564590-19-003839.txt,0001564590-19-003839,0.0,-1.0,1.0
TXN,10-Q,2019-07-31,TXN_10-Q_0001564590-19-027328.txt,0001564590-19-027328,-1.0,-1.0,0.0
TXN,10-K,2020-02-20,TXN_10-K_0000097476-20-000009.txt,0000097476-20-000009,-1.0,-1.0,-1.0
TXN,10-Q,2020-04-22,TXN_10-Q_0000097476-20-000017.txt,0000097476-20-000017,1.0,0.0,1.0
TXN,10-Q,2020-07-22,TXN_10-Q_0000097476-20-000026.txt,0000097476-20-000026,0.0,0.0,1.0
TXN,10-K,2021-02-05,TXN_10-K_0000097476-21-000006.txt,0000097476-21-000006,1.0,0.0,-1.0
TXN,10-Q,2021-04-28,TXN_10-Q_0000097476-21-000013.txt,0000097476-21-000013,0.0,-1.0,1.0
TXN,10-Q,2021-07-22,TXN_10-Q_0000097476-21-000020.txt,0000097476-21-000020,1.0,1.0,0.0
TXN,10-Q,2021-10-27,TXN_10-Q_0000097476-21-000032.txt,0000097476-21-000032,0.0,0.0,1.0
TXN,10-K,2022-02-04,TXN_10-K_0000097476-22-000009.txt,0000097476-22-000009,-1.0,-1.0,-1.0
TXN,10-Q,2022-10-26,TXN_10-Q_0000097476-22-000048.txt,0000097476-22-000048,0.0,1.0,1.0
TXN,10-K,2023-02-03,TXN_10-K_0000097476-23-000007.txt,0000097476-23-000007,-1.0,-1.0,-1.0
TXN,10-Q,2023-04-26,TXN_10-Q_0000097476-23-000025.txt,0000097476-23-000025,0.0,0.0,1.0
TXN,10-Q,2023-10-25,TXN_10-Q_0000097476-23-000041.txt,0000097476-23-000041,1.0,1.0,1.0
TXN,10-K,2024-02-02,TXN_10-K_0000097476-24-000007.txt,0000097476-24-000007,1.0,0.0,1.0
TXN,10-Q,2024-04-24,TXN_10-Q_0000097476-24-000021.txt,0000097476-24-000021,0.0,1.0,1.0
TXN,10-Q,2024-10-23,TXN_10-Q_0000097476-24-000042.txt,0000097476-24-000042,1.0,1.0,0.0
TXN,10-K,2025-02-14,TXN_10-K_0000097476-25-000007.txt,0000097476-25-000007,1.0,1.0,0.0
TXN,10-Q,2025-04-24,TXN_10-Q_0000097476-25-000027.txt,0000097476-25-000027,0.0,0.0,1.0
TXN,10-Q,2025-07-29,TXN_10-Q_0000097476-25-000036.txt,0000097476-25-000036,0.0,0.0,1.0
TXN,10-Q,2025-10-23,TXN_10-Q_0000097476-25-000060.txt,0000097476-25-000060,-1.0,-1.0,-1.0
UPS,10-K,2016-02-25,UPS_10-K_0001090727-16-000053.txt,0001090727-16-000053,1.0,1.0,1.0
UPS,10-Q,2016-05-10,UPS_10-Q_0001090727-16-000063.txt,0001090727-16-000063,-1.0,-1.0,1.0
UPS,10-Q,2016-08-05,UPS_10-Q_0001090727-16-000074.txt,0001090727-16-000074,1.0,1.0,1.0
UPS,10-Q,2016-11-03,UPS_10-Q_0001090727-16-000086.txt,0001090727-16-000086,1.0,1.0,1.0
UPS,10-K,2017-02-21,UPS_10-K_0001090727-17-000011.txt,0001090727-17-000011,0.0,-1.0,0.0
UPS,10-Q,2017-05-04,UPS_10-Q_0001090727-17-000020.txt,0001090727-17-000020,-1.0,-1.0,1.0
UPS,10-Q,2017-08-03,UPS_10-Q_0001090727-17-000029.txt,0001090727-17-000029,0.0,1.0,1.0
UPS,10-Q,2017-11-02,UPS_10-Q_0001090727-17-000035.txt,0001090727-17-000035,-1.0,-1.0,1.0
UPS,10-K,2018-02-21,UPS_10-K_0001090727-18-000009.txt,0001090727-18-000009,0.0,1.0,1.0
UPS,10-Q,2018-05-03,UPS_10-Q_0001090727-18-000020.txt,0001090727-18-000020,1.0,1.0,1.0
UPS,10-Q,2018-08-02,UPS_10-Q_0001090727-18-000032.txt,0001090727-18-000032,1.0,1.0,1.0
UPS,10-Q,2018-10-30,UPS_10-Q_0001090727-18-000039.txt,0001090727-18-000039,0.0,1.0,1.0
UPS,10-K,2019-02-21,UPS_10-K_0001090727-19-000006.txt,0001090727-19-000006,0.0,-1.0,0.0
UPS,10-Q,2019-04-30,UPS_10-Q_0001090727-19-000011.txt,0001090727-19-000011,-1.0,-1.0,-1.0
UPS,10-Q,2019-07-30,UPS_10-Q_0001090727-19-000045.txt,0001090727-19-000045,-1.0,-1.0,-1.0
UPS,10-Q,2019-10-29,UPS_10-Q_0001090727-19-000060.txt,0001090727-19-000060,1.0,1.0,1.0
UPS,10-K,2020-02-20,UPS_10-K_0001090727-20-000005.txt,0001090727-20-000005,-1.0,-1.0,-1.0
UPS,10-Q,2020-05-08,UPS_10-Q_0001090727-20-000023.txt,0001090727-20-000023,-1.0,1.0,1.0
UPS,10-Q,2020-11-02,UPS_10-Q_0001090727-20-000047.txt,0001090727-20-000047,0.0,1.0,1.0
UPS,10-K,2021-02-22,UPS_10-K_0001090727-21-000013.txt,0001090727-21-000013,0.0,0.0,0.0
UPS,10-Q,2021-05-05,UPS_10-Q_0001090727-21-000019.txt,0001090727-21-000019,0.0,0.0,0.0
UPS,10-Q,2021-08-06,UPS_10-Q_0001090727-21-000036.txt,0001090727-21-000036,0.0,0.0,1.0
UPS,10-Q,2021-11-04,UPS_10-Q_0001090727-21-000042.txt,0001090727-21-000042,0.0,0.0,-1.0
UPS,10-K,2022-02-22,UPS_10-K_0001090727-22-000007.txt,0001090727-22-000007,0.0,0.0,1.0
UPS,10-Q,2022-05-04,UPS_10-Q_0001090727-22-000022.txt,0001090727-22-000022,-1.0,-1.0,0.0
UPS,10-Q,2022-08-03,UPS_10-Q_0001090727-22-000034.txt,0001090727-22-000034,1.0,1.0,0.0
UPS,10-Q,2022-11-02,UPS_10-Q_0001090727-22-000047.txt,0001090727-22-000047,0.0,1.0,1.0
UPS,10-K,2023-02-21,UPS_10-K_0001090727-23-000006.txt,0001090727-23-000006,1.0,1.0,1.0
UPS,10-Q,2023-05-03,UPS_10-Q_0001090727-23-000025.txt,0001090727-23-000025,0.0,0.0,-1.0
UPS,10-Q,2023-08-08,UPS_10-Q_0001090727-23-000038.txt,0001090727-23-000038,-1.0,-1.0,-1.0
UPS,10-Q,2023-11-01,UPS_10-Q_0001090727-23-000054.txt,0001090727-23-000054,0.0,1.0,1.0
UPS,10-K,2024-02-20,UPS_10-K_0001090727-24-000008.txt,0001090727-24-000008,0.0,0.0,1.0
UPS,10-Q,2024-05-03,UPS_10-Q_0001090727-24-000028.txt,0001090727-24-000028,1.0,1.0,-1.0
UPS,10-Q,2024-08-07,UPS_10-Q_0001090727-24-000045.txt,0001090727-24-000045,0.0,1.0,1.0
UPS,10-K,2025-02-18,UPS_10-K_0001090727-25-000019.txt,0001090727-25-000019,0.0,0.0,0.0
UPS,10-Q,2025-08-06,UPS_10-Q_0001090727-25-000064.txt,0001090727-25-000064,0.0,0.0,0.0
UPS,10-Q,2025-11-05,UPS_10-Q_0001628280-25-049661.txt,0001628280-25-049661,1.0,0.0,1.0
BAC,10-K,2016-02-24,BAC_10-K_0000070858-16-000137.txt,0000070858-16-000137,1.0,1.0,1.0
BAC,10-Q,2016-05-02,BAC_10-Q_0000070858-16-000166.txt,0000070858-16-000166,-1.0,-1.0,0.0
BAC,10-Q,2016-08-01,BAC_10-Q_0000070858-16-000200.txt,0000070858-16-000200,1.0,1.0,1.0
BAC,10-Q,2016-11-01,BAC_10-Q_0000070858-16-000222.txt,0000070858-16-000222,1.0,1.0,1.0
BAC,10-K,2017-02-23,BAC_10-K_0000070858-17-000013.txt,0000070858-17-000013,1.0,1.0,-1.0
BAC,10-Q,2017-05-02,BAC_10-Q_0000070858-17-000025.txt,0000070858-17-000025,1.0,1.0,-1.0
BAC,10-Q,2017-07-31,BAC_10-Q_0000070858-17-000037.txt,0000070858-17-000037,1.0,1.0,-1.0
BAC,10-K,2018-02-22,BAC_10-K_0000070858-18-000009.txt,0000070858-18-000009,0.0,0.0,-1.0
BAC,10-Q,2018-04-30,BAC_10-Q_0000070858-18-000020.txt,0000070858-18-000020,0.0,1.0,-1.0
BAC,10-Q,2018-07-30,BAC_10-Q_0000070858-18-000030.txt,0000070858-18-000030,0.0,-1.0,0.0
BAC,10-Q,2018-10-29,BAC_10-Q_0000070858-18-000042.txt,0000070858-18-000042,1.0,1.0,1.0
BAC,10-K,2019-02-26,BAC_10-K_0000070858-19-000012.txt,0000070858-19-000012,0.0,0.0,-1.0
BAC,10-Q,2019-04-26,BAC_10-Q_0000070858-19-000026.txt,0000070858-19-000026,0.0,-1.0,-1.0
BAC,10-Q,2019-07-29,BAC_10-Q_0000070858-19-000042.txt,0000070858-19-000042,-1.0,-1.0,-1.0
BAC,10-K,2020-02-19,BAC_10-K_0000070858-20-000011.txt,0000070858-20-000011,-1.0,-1.0,-1.0
BAC,10-Q,2020-05-01,BAC_10-Q_0000070858-20-000023.txt,0000070858-20-000023,0.0,-1.0,1.0
BAC,10-Q,2020-07-31,BAC_10-Q_0000070858-20-000040.txt,0000070858-20-000040,1.0,1.0,1.0
BAC,10-Q,2020-10-30,BAC_10-Q_0000070858-20-000071.txt,0000070858-20-000071,1.0,1.0,1.0
BAC,10-K,2021-02-24,BAC_10-K_0000070858-21-000023.txt,0000070858-21-000023,0.0,1.0,1.0
BAC,10-Q,2021-04-29,BAC_10-Q_0000070858-21-000063.txt,0000070858-21-000063,1.0,1.0,1.0
BAC,10-Q,2021-07-30,BAC_10-Q_0000070858-21-000084.txt,0000070858-21-000084,1.0,1.0,1.0
BAC,10-Q,2021-10-29,BAC_10-Q_0000070858-21-000107.txt,0000070858-21-000107,-1.0,-1.0,-1.0
BAC,10-K,2022-02-22,BAC_10-K_0000070858-22-000062.txt,0000070858-22-000062,-1.0,-1.0,-1.0
BAC,10-Q,2022-04-29,BAC_10-Q_0000070858-22-000088.txt,0000070858-22-000088,1.0,0.0,1.0
BAC,10-Q,2022-07-29,BAC_10-Q_0000070858-22-000112.txt,0000070858-22-000112,0.0,1.0,0.0
BAC,10-Q,2022-10-28,BAC_10-Q_0000070858-22-000131.txt,0000070858-22-000131,0.0,1.0,0.0
BAC,10-K,2023-02-22,BAC_10-K_0000070858-23-000092.txt,0000070858-23-000092,0.0,-1.0,-1.0
BAC,10-Q,2023-05-01,BAC_10-Q_0000070858-23-000142.txt,0000070858-23-000142,-1.0,-1.0,-1.0
BAC,10-Q,2023-07-31,BAC_10-Q_0000070858-23-000176.txt,0000070858-23-000176,0.0,-1.0,-1.0
BAC,10-Q,2023-10-31,BAC_10-Q_0000070858-23-000272.txt,0000070858-23-000272,1.0,1.0,1.0
BAC,10-K,2024-02-20,BAC_10-K_0000070858-24-000122.txt,0000070858-24-000122,0.0,1.0,1.0
BAC,10-Q,2024-04-30,BAC_10-Q_0000070858-24-000156.txt,0000070858-24-000156,1.0,1.0,1.0
BAC,10-Q,2024-07-30,BAC_10-Q_0000070858-24-000208.txt,0000070858-24-000208,-1.0,-1.0,-1.0
BAC,10-Q,2024-10-29,BAC_10-Q_0000070858-24-000280.txt,0000070858-24-000280,-1.0,1.0,1.0
BAC,10-K,2025-02-25,BAC_10-K_0000070858-25-000139.txt,0000070858-25-000139,-1.0,-1.0,0.0
BAC,10-Q,2025-04-30,BAC_10-Q_0000070858-25-000200.txt,0000070858-25-000200,0.0,1.0,1.0
BAC,10-Q,2025-07-31,BAC_10-Q_0000070858-25-000268.txt,0000070858-25-000268,-1.0,0.0,1.0
BAC,10-Q,2025-10-31,BAC_10-Q_0000070858-25-000405.txt,0000070858-25-000405,0.0,0.0,0.0
CVX,10-K,2016-02-25,CVX_10-K_0000093410-16-000049.txt,0000093410-16-000049,0.0,1.0,1.0
CVX,10-Q,2016-05-05,CVX_10-Q_0000093410-16-000056.txt,0000093410-16-000056,0.0,0.0,0.0
CVX,10-Q,2016-08-04,CVX_10-Q_0000093410-16-000070.txt,0000093410-16-000070,0.0,1.0,0.0
CVX,10-Q,2016-11-03,CVX_10-Q_0000093410-16-000083.txt,0000093410-16-000083,1.0,1.0,1.0
CVX,10-K,2017-02-23,CVX_10-K_0000093410-17-000013.txt,0000093410-17-000013,1.0,0.0,-1.0
CVX,10-Q,2017-05-04,CVX_10-Q_0000093410-17-000019.txt,0000093410-17-000019,1.0,1.0,0.0
CVX,10-Q,2017-08-03,CVX_10-Q_0000093410-17-000033.txt,0000093410-17-000033,0.0,-1.0,0.0
CVX,10-Q,2017-11-02,CVX_10-Q_0000093410-17-000046.txt,0000093410-17-000046,1.0,0.0,1.0
CVX,10-K,2018-02-22,CVX_10-K_0000093410-18-000010.txt,0000093410-18-000010,0.0,1.0,1.0
CVX,10-Q,2018-05-03,CVX_10-Q_0000093410-18-000016.txt,0000093410-18-000016,1.0,1.0,0.0
CVX,10-Q,2018-08-02,CVX_10-Q_0000093410-18-000029.txt,0000093410-18-000029,0.0,-1.0,-1.0
CVX,10-Q,2018-11-08,CVX_10-Q_0000093410-18-000035.txt,0000093410-18-000035,0.0,-1.0,-1.0
CVX,10-K,2019-02-22,CVX_10-K_0000093410-19-000008.txt,0000093410-19-000008,1.0,1.0,1.0
CVX,10-Q,2019-05-02,CVX_10-Q_0000093410-19-000014.txt,0000093410-19-000014,1.0,1.0,0.0
CVX,10-Q,2019-08-07,CVX_10-Q_0000093410-19-000029.txt,0000093410-19-000029,-1.0,0.0,0.0
CVX,10-Q,2019-11-07,CVX_10-Q_0000093410-19-000038.txt,0000093410-19-000038,0.0,-1.0,-1.0
CVX,10-K,2020-02-21,CVX_10-K_0000093410-20-000010.txt,0000093410-20-000010,-1.0,-1.0,-1.0
CVX,10-Q,2020-05-06,CVX_10-Q_0000093410-20-000020.txt,0000093410-20-000020,0.0,1.0,1.0
CVX,10-Q,2020-08-05,CVX_10-Q_0000093410-20-000039.txt,0000093410-20-000039,1.0,0.0,-1.0
CVX,10-K,2021-02-25,CVX_10-K_0000093410-21-000009.txt,0000093410-21-000009,1.0,1.0,1.0
CVX,10-Q,2021-05-06,CVX_10-Q_0000093410-21-000015.txt,0000093410-21-000015,-1.0,-1.0,0.0
CVX,10-Q,2021-08-05,CVX_10-Q_0000093410-21-000036.txt,0000093410-21-000036,0.0,-1.0,-1.0
CVX,10-Q,2021-11-04,CVX_10-Q_0000093410-21-000046.txt,0000093410-21-000046,0.0,1.0,1.0
CVX,10-K,2022-02-24,CVX_10-K_0000093410-22-000019.txt,0000093410-22-000019,1.0,1.0,1.0
CVX,10-Q,2022-05-04,CVX_10-Q_0000093410-22-000026.txt,0000093410-22-000026,-1.0,0.0,1.0
CVX,10-Q,2022-08-04,CVX_10-Q_0000093410-22-000066.txt,0000093410-22-000066,1.0,1.0,1.0
CVX,10-Q,2022-11-03,CVX_10-Q_0000093410-22-000075.txt,0000093410-22-000075,0.0,1.0,0.0
CVX,10-K,2023-02-23,CVX_10-K_0000093410-23-000009.txt,0000093410-23-000009,0.0,0.0,-1.0
CVX,10-Q,2023-05-04,CVX_10-Q_0000093410-23-000066.txt,0000093410-23-000066,0.0,0.0,0.0
CVX,10-Q,2023-08-03,CVX_10-Q_0000093410-23-000079.txt,0000093410-23-000079,0.0,0.0,1.0
CVX,10-Q,2023-11-02,CVX_10-Q_0000093410-23-000088.txt,0000093410-23-000088,-1.0,-1.0,0.0
CVX,10-K,2024-02-26,CVX_10-K_0000093410-24-000013.txt,0000093410-24-000013,-1.0,-1.0,1.0
CVX,10-Q,2024-05-02,CVX_10-Q_0000093410-24-000021.txt,0000093410-24-000021,1.0,1.0,1.0
CVX,10-Q,2024-08-07,CVX_10-Q_0000093410-24-000040.txt,0000093410-24-000040,0.0,1.0,0.0
CVX,10-Q,2024-11-07,CVX_10-Q_0000093410-24-000059.txt,0000093410-24-000059,1.0,1.0,0.0
CVX,10-K,2025-02-21,CVX_10-K_0000093410-25-000009.txt,0000093410-25-000009,0.0,0.0,1.0
CVX,10-Q,2025-05-08,CVX_10-Q_0000093410-25-000019.txt,0000093410-25-000019,1.0,0.0,1.0
CVX,10-Q,2025-08-07,CVX_10-Q_0000093410-25-000062.txt,0000093410-25-000062,1.0,1.0,1.0
CVX,10-Q,2025-11-06,CVX_10-Q_0000093410-25-000108.txt,0000093410-25-000108,1.0,0.0,0.0
XOM,10-K,2016-02-24,XOM_10-K_0000034088-16-000065.txt,0000034088-16-000065,0.0,0.0,1.0
XOM,10-Q,2016-05-04,XOM_10-Q_0000034088-16-000071.txt,0000034088-16-000071,1.0,1.0,1.0
XOM,10-Q,2016-08-03,XOM_10-Q_0000034088-16-000082.txt,0000034088-16-000082,0.0,1.0,0.0
XOM,10-Q,2016-11-03,XOM_10-Q_0000034088-16-000097.txt,0000034088-16-000097,1.0,1.0,1.0
XOM,10-K,2017-02-22,XOM_10-K_0000034088-17-000017.txt,0000034088-17-000017,1.0,0.0,1.0
XOM,10-Q,2017-05-03,XOM_10-Q_0000034088-17-000027.txt,0000034088-17-000027,0.0,0.0,-1.0
XOM,10-Q,2017-08-02,XOM_10-Q_0000034088-17-000041.txt,0000034088-17-000041,0.0,-1.0,-1.0
XOM,10-Q,2017-11-01,XOM_10-Q_0000034088-17-000052.txt,0000034088-17-000052,-1.0,-1.0,0.0
XOM,10-K,2018-02-28,XOM_10-K_0000034088-18-000015.txt,0000034088-18-000015,0.0,-1.0,-1.0
XOM,10-Q,2018-05-03,XOM_10-Q_0000034088-18-000024.txt,0000034088-18-000024,1.0,1.0,1.0
XOM,10-Q,2018-08-02,XOM_10-Q_0000034088-18-000039.txt,0000034088-18-000039,0.0,-1.0,1.0
XOM,10-Q,2018-11-07,XOM_10-Q_0000034088-18-000048.txt,0000034088-18-000048,-1.0,-1.0,-1.0
XOM,10-K,2019-02-27,XOM_10-K_0000034088-19-000010.txt,0000034088-19-000010,0.0,1.0,0.0
XOM,10-Q,2019-05-02,XOM_10-Q_0000034088-19-000017.txt,0000034088-19-000017,0.0,0.0,-1.0
XOM,10-Q,2019-08-07,XOM_10-Q_0000034088-19-000042.txt,0000034088-19-000042,-1.0,0.0,1.0
XOM,10-Q,2019-11-06,XOM_10-Q_0000034088-19-000062.txt,0000034088-19-000062,-1.0,-1.0,-1.0
XOM,10-K,2020-02-26,XOM_10-K_0000034088-20-000016.txt,0000034088-20-000016,0.0,-1.0,-1.0
XOM,10-Q,2020-05-06,XOM_10-Q_0000034088-20-000037.txt,0000034088-20-000037,0.0,1.0,1.0
XOM,10-Q,2020-08-05,XOM_10-Q_0000034088-20-000073.txt,0000034088-20-000073,1.0,0.0,-1.0
XOM,10-Q,2020-11-04,XOM_10-Q_0000034088-20-000090.txt,0000034088-20-000090,1.0,1.0,1.0
XOM,10-K,2021-02-24,XOM_10-K_0000034088-21-000012.txt,0000034088-21-000012,0.0,1.0,0.0
XOM,10-Q,2021-05-05,XOM_10-Q_0000034088-21-000024.txt,0000034088-21-000024,0.0,-1.0,1.0
XOM,10-Q,2021-08-04,XOM_10-Q_0000034088-21-000051.txt,0000034088-21-000051,1.0,-1.0,-1.0
XOM,10-Q,2021-11-03,XOM_10-Q_0000034088-21-000064.txt,0000034088-21-000064,1.0,1.0,-1.0
XOM,10-K,2022-02-23,XOM_10-K_0000034088-22-000011.txt,0000034088-22-000011,1.0,1.0,1.0
XOM,10-Q,2022-05-04,XOM_10-Q_0000034088-22-000026.txt,0000034088-22-000026,-1.0,0.0,1.0
XOM,10-Q,2022-08-03,XOM_10-Q_0000034088-22-000051.txt,0000034088-22-000051,0.0,1.0,1.0
XOM,10-Q,2022-11-02,XOM_10-Q_0000034088-22-000064.txt,0000034088-22-000064,0.0,1.0,1.0
XOM,10-K,2023-02-22,XOM_10-K_0000034088-23-000020.txt,0000034088-23-000020,0.0,0.0,-1.0
XOM,10-Q,2023-05-02,XOM_10-Q_0000034088-23-000030.txt,0000034088-23-000030,0.0,-1.0,-1.0
XOM,10-Q,2023-08-01,XOM_10-Q_0000034088-23-000048.txt,0000034088-23-000048,0.0,1.0,1.0
XOM,10-Q,2023-10-31,XOM_10-Q_0000034088-23-000056.txt,0000034088-23-000056,0.0,0.0,-1.0
XOM,10-K,2024-02-28,XOM_10-K_0000034088-24-000018.txt,0000034088-24-000018,1.0,1.0,1.0
XOM,10-Q,2024-04-29,XOM_10-Q_0000034088-24-000029.txt,0000034088-24-000029,-1.0,-1.0,-1.0
XOM,10-Q,2024-08-05,XOM_10-Q_0000034088-24-000050.txt,0000034088-24-000050,1.0,1.0,1.0
XOM,10-Q,2024-11-04,XOM_10-Q_0000034088-24-000068.txt,0000034088-24-000068,1.0,1.0,0.0
XOM,10-K,2025-02-19,XOM_10-K_0000034088-25-000010.txt,0000034088-25-000010,0.0,-1.0,1.0
XOM,10-Q,2025-05-05,XOM_10-Q_0000034088-25-000024.txt,0000034088-25-000024,1.0,1.0,0.0
XOM,10-Q,2025-08-04,XOM_10-Q_0000034088-25-000042.txt,0000034088-25-000042,-1.0,0.0,1.0
XOM,10-Q,2025-11-03,XOM_10-Q_0000034088-25-000061.txt,0000034088-25-000061,1.0,1.0,1.0
TSLA,10-K,2016-02-24,TSLA_10-K_0001564590-16-013195.txt,0001564590-16-013195,1.0,1.0,1.0
TSLA,10-Q,2016-05-10,TSLA_10-Q_0001564590-16-018886.txt,0001564590-16-018886,0.0,1.0,1.0
TSLA,10-Q,2016-08-05,TSLA_10-Q_0001564590-16-023024.txt,0001564590-16-023024,-1.0,-1.0,-1.0
TSLA,10-Q,2016-11-02,TSLA_10-Q_0001564590-16-026820.txt,0001564590-16-026820,0.0,-1.0,-1.0
TSLA,10-K,2017-03-01,TSLA_10-K_0001564590-17-003118.txt,0001564590-17-003118,0.0,0.0,1.0
TSLA,10-Q,2017-08-04,TSLA_10-Q_0001564590-17-015705.txt,0001564590-17-015705,0.0,-1.0,0.0
TSLA,10-Q,2017-11-03,TSLA_10-Q_0001564590-17-021343.txt,0001564590-17-021343,0.0,1.0,0.0
TSLA,10-K,2018-02-23,TSLA_10-K_0001564590-18-002956.txt,0001564590-18-002956,-1.0,-1.0,-1.0
TSLA,10-Q,2018-08-06,TSLA_10-Q_0001564590-18-019254.txt,0001564590-18-019254,0.0,-1.0,-1.0
TSLA,10-Q,2018-11-02,TSLA_10-Q_0001564590-18-026353.txt,0001564590-18-026353,0.0,0.0,0.0
TSLA,10-K,2019-02-19,TSLA_10-K_0001564590-19-003165.txt,0001564590-19-003165,-1.0,-1.0,-1.0
TSLA,10-Q,2019-04-29,TSLA_10-Q_0001564590-19-013462.txt,0001564590-19-013462,1.0,-1.0,-1.0
TSLA,10-Q,2019-07-29,TSLA_10-Q_0001564590-19-026445.txt,0001564590-19-026445,0.0,0.0,-1.0
TSLA,10-Q,2019-10-29,TSLA_10-Q_0001564590-19-038256.txt,0001564590-19-038256,0.0,1.0,0.0
TSLA,10-K,2020-02-13,TSLA_10-K_0001564590-20-004475.txt,0001564590-20-004475,1.0,-1.0,-1.0
TSLA,10-Q,2020-04-30,TSLA_10-Q_0001564590-20-019931.txt,0001564590-20-019931,0.0,0.0,1.0
TSLA,10-Q,2020-07-28,TSLA_10-Q_0001564590-20-033670.txt,0001564590-20-033670,0.0,-1.0,1.0
TSLA,10-Q,2020-10-26,TSLA_10-Q_0001564590-20-047486.txt,0001564590-20-047486,-1.0,0.0,1.0
TSLA,10-K,2021-02-08,TSLA_10-K_0001564590-21-004599.txt,0001564590-21-004599,-1.0,-1.0,-1.0
TSLA,10-Q,2021-04-28,TSLA_10-Q_0000950170-21-000046.txt,0000950170-21-000046,0.0,-1.0,-1.0
TSLA,10-Q,2021-07-27,TSLA_10-Q_0000950170-21-000524.txt,0000950170-21-000524,1.0,1.0,1.0
TSLA,10-Q,2021-10-25,TSLA_10-Q_0000950170-21-002253.txt,0000950170-21-002253,1.0,1.0,1.0
TSLA,10-K,2022-02-07,TSLA_10-K_0000950170-22-000796.txt,0000950170-22-000796,0.0,-1.0,-1.0
TSLA,10-Q,2022-04-25,TSLA_10-Q_0000950170-22-006034.txt,0000950170-22-006034,-1.0,-1.0,-1.0
TSLA,10-Q,2022-07-25,TSLA_10-Q_0000950170-22-012936.txt,0000950170-22-012936,1.0,1.0,1.0
TSLA,10-Q,2022-10-24,TSLA_10-Q_0000950170-22-019867.txt,0000950170-22-019867,1.0,-1.0,-1.0
TSLA,10-K,2023-01-31,TSLA_10-K_0000950170-23-001409.txt,0000950170-23-001409,1.0,1.0,1.0
TSLA,10-Q,2023-04-24,TSLA_10-Q_0000950170-23-013890.txt,0000950170-23-013890,0.0,1.0,1.0
TSLA,10-Q,2023-07-24,TSLA_10-Q_0000950170-23-033872.txt,0000950170-23-033872,0.0,-1.0,-1.0
TSLA,10-Q,2023-10-23,TSLA_10-Q_0001628280-23-034847.txt,0001628280-23-034847,-1.0,1.0,1.0
TSLA,10-K,2024-01-29,TSLA_10-K_0001628280-24-002390.txt,0001628280-24-002390,-1.0,0.0,1.0
TSLA,10-Q,2024-04-24,TSLA_10-Q_0001628280-24-017503.txt,0001628280-24-017503,1.0,1.0,1.0
TSLA,10-Q,2024-07-24,TSLA_10-Q_0001628280-24-032662.txt,0001628280-24-032662,1.0,-1.0,0.0
TSLA,10-Q,2024-10-24,TSLA_10-Q_0001628280-24-043486.txt,0001628280-24-043486,0.0,1.0,1.0
TSLA,10-K,2025-01-30,TSLA_10-K_0001628280-25-003063.txt,0001628280-25-003063,-1.0,-1.0,-1.0
TSLA,10-Q,2025-04-23,TSLA_10-Q_0001628280-25-018911.txt,0001628280-25-018911,1.0,1.0,1.0
TSLA,10-Q,2025-07-24,TSLA_10-Q_0001628280-25-035806.txt,0001628280-25-035806,0.0,1.0,1.0
TSLA,10-Q,2025-10-23,TSLA_10-Q_0001628280-25-045968.txt,0001628280-25-045968,0.0,0.0,-1.0
ABT,10-K,2016-02-19,ABT_10-K_0001047469-16-010246.txt,0001047469-16-010246,0.0,0.0,1.0
ABT,10-Q,2016-05-04,ABT_10-Q_0001104659-16-117710.txt,0001104659-16-117710,0.0,0.0,1.0
ABT,10-Q,2016-11-03,ABT_10-Q_0001104659-16-154583.txt,0001104659-16-154583,1.0,1.0,0.0
ABT,10-K,2017-02-17,ABT_10-K_0001047469-17-000744.txt,0001047469-17-000744,1.0,1.0,0.0
ABT,10-Q,2017-08-02,ABT_10-Q_0001104659-17-048855.txt,0001104659-17-048855,0.0,1.0,1.0
ABT,10-Q,2017-11-02,ABT_10-Q_0001104659-17-065654.txt,0001104659-17-065654,1.0,1.0,1.0
ABT,10-K,2018-02-16,ABT_10-K_0001047469-18-000856.txt,0001047469-18-000856,0.0,0.0,1.0
ABT,10-Q,2018-05-02,ABT_10-Q_0001104659-18-029831.txt,0001104659-18-029831,1.0,1.0,1.0
ABT,10-Q,2018-08-01,ABT_10-Q_0001104659-18-048736.txt,0001104659-18-048736,0.0,-1.0,1.0
ABT,10-Q,2018-10-31,ABT_10-Q_0001104659-18-065076.txt,0001104659-18-065076,1.0,0.0,1.0
ABT,10-K,2019-02-22,ABT_10-K_0001047469-19-000624.txt,0001047469-19-000624,1.0,0.0,1.0
ABT,10-K,2020-02-21,ABT_10-K_0001104659-20-023904.txt,0001104659-20-023904,-1.0,-1.0,-1.0
ABT,10-K,2021-02-19,ABT_10-K_0001104659-21-025751.txt,0001104659-21-025751,-1.0,-1.0,-1.0
ABT,10-K,2022-02-18,ABT_10-K_0001104659-22-025141.txt,0001104659-22-025141,1.0,0.0,1.0
ABT,10-Q,2022-05-03,ABT_10-Q_0001104659-22-055285.txt,0001104659-22-055285,-1.0,0.0,1.0
ABT,10-Q,2022-08-02,ABT_10-Q_0001628280-22-020209.txt,0001628280-22-020209,0.0,1.0,-1.0
ABT,10-Q,2022-11-01,ABT_10-Q_0001628280-22-027550.txt,0001628280-22-027550,0.0,1.0,1.0
ABT,10-K,2023-02-17,ABT_10-K_0001628280-23-004026.txt,0001628280-23-004026,-1.0,-1.0,-1.0
ABT,10-Q,2023-11-01,ABT_10-Q_0001628280-23-035957.txt,0001628280-23-035957,0.0,1.0,1.0
ABT,10-K,2024-02-16,ABT_10-K_0001628280-24-005348.txt,0001628280-24-005348,1.0,1.0,-1.0
ABT,10-Q,2024-07-31,ABT_10-Q_0001628280-24-033740.txt,0001628280-24-033740,1.0,1.0,1.0
ABT,10-K,2025-02-21,ABT_10-K_0001628280-25-007110.txt,0001628280-25-007110,1.0,1.0,-1.0
ABT,10-Q,2025-07-30,ABT_10-Q_0001628280-25-036720.txt,0001628280-25-036720,0.0,0.0,1.0
ABT,10-Q,2025-10-29,ABT_10-Q_0001628280-25-047131.txt,0001628280-25-047131,0.0,1.0,1.0
JPM,10-K,2016-02-23,JPM_10-K_0000019617-16-000902.txt,0000019617-16-000902,1.0,1.0,1.0
JPM,10-Q,2016-04-29,JPM_10-Q_0000019617-16-000960.txt,0000019617-16-000960,-1.0,-1.0,1.0
JPM,10-Q,2016-08-03,JPM_10-Q_0000019617-16-001056.txt,0000019617-16-001056,1.0,1.0,1.0
JPM,10-Q,2016-11-01,JPM_10-Q_0000019617-16-001150.txt,0000019617-16-001150,1.0,1.0,1.0
JPM,10-K,2017-02-28,JPM_10-K_0000019617-17-000314.txt,0000019617-17-000314,0.0,0.0,-1.0
JPM,10-Q,2017-05-02,JPM_10-Q_0000019617-17-000364.txt,0000019617-17-000364,0.0,1.0,-1.0
JPM,10-Q,2017-08-02,JPM_10-Q_0000019617-17-000486.txt,0000019617-17-000486,0.0,-1.0,-1.0
JPM,10-K,2018-02-27,JPM_10-K_0000019617-18-000057.txt,0000019617-18-000057,0.0,0.0,-1.0
JPM,10-Q,2018-05-02,JPM_10-Q_0000019617-18-000092.txt,0000019617-18-000092,1.0,1.0,0.0
JPM,10-Q,2018-08-01,JPM_10-Q_0000019617-18-000151.txt,0000019617-18-000151,1.0,-1.0,0.0
JPM,10-Q,2018-10-31,JPM_10-Q_0000019617-18-000206.txt,0000019617-18-000206,1.0,0.0,0.0
JPM,10-K,2019-02-26,JPM_10-K_0000019617-19-000054.txt,0000019617-19-000054,-1.0,-1.0,-1.0
JPM,10-Q,2019-05-02,JPM_10-Q_0000019617-19-000067.txt,0000019617-19-000067,-1.0,-1.0,-1.0
JPM,10-Q,2019-08-06,JPM_10-Q_0000019617-19-000127.txt,0000019617-19-000127,0.0,-1.0,0.0
JPM,10-K,2020-02-25,JPM_10-K_0000019617-20-000257.txt,0000019617-20-000257,-1.0,-1.0,-1.0
JPM,10-Q,2020-05-07,JPM_10-Q_0000019617-20-000299.txt,0000019617-20-000299,-1.0,0.0,1.0
JPM,10-Q,2020-08-03,JPM_10-Q_0000019617-20-000372.txt,0000019617-20-000372,1.0,1.0,1.0
JPM,10-Q,2020-11-02,JPM_10-Q_0000019617-20-000438.txt,0000019617-20-000438,1.0,1.0,1.0
JPM,10-K,2021-02-23,JPM_10-K_0000019617-21-000236.txt,0000019617-21-000236,0.0,0.0,0.0
JPM,10-Q,2021-05-04,JPM_10-Q_0000019617-21-000292.txt,0000019617-21-000292,1.0,1.0,1.0
JPM,10-Q,2021-08-02,JPM_10-Q_0000019617-21-000373.txt,0000019617-21-000373,1.0,1.0,1.0
JPM,10-Q,2021-11-02,JPM_10-Q_0000019617-21-000458.txt,0000019617-21-000458,-1.0,-1.0,-1.0
JPM,10-K,2022-02-22,JPM_10-K_0000019617-22-000272.txt,0000019617-22-000272,-1.0,-1.0,-1.0
JPM,10-Q,2022-05-03,JPM_10-Q_0000019617-22-000319.txt,0000019617-22-000319,-1.0,0.0,1.0
JPM,10-Q,2022-08-03,JPM_10-Q_0000019617-22-000422.txt,0000019617-22-000422,1.0,1.0,0.0
JPM,10-Q,2022-11-03,JPM_10-Q_0000019617-22-000492.txt,0000019617-22-000492,1.0,1.0,1.0
JPM,10-K,2023-02-21,JPM_10-K_0000019617-23-000231.txt,0000019617-23-000231,1.0,0.0,-1.0
JPM,10-Q,2023-05-03,JPM_10-Q_0000019617-23-000310.txt,0000019617-23-000310,0.0,0.0,0.0
JPM,10-Q,2023-08-03,JPM_10-Q_0000019617-23-000432.txt,0000019617-23-000432,-1.0,-1.0,-1.0
JPM,10-Q,2023-11-01,JPM_10-Q_0000019617-23-000524.txt,0000019617-23-000524,1.0,1.0,1.0
JPM,10-K,2024-02-16,JPM_10-K_0000019617-24-000225.txt,0000019617-24-000225,1.0,1.0,1.0
JPM,10-Q,2024-05-01,JPM_10-Q_0000019617-24-000326.txt,0000019617-24-000326,1.0,1.0,1.0
JPM,10-Q,2024-08-02,JPM_10-Q_0000019617-24-000453.txt,0000019617-24-000453,1.0,1.0,1.0
JPM,10-Q,2024-10-30,JPM_10-Q_0000019617-24-000611.txt,0000019617-24-000611,1.0,1.0,1.0
JPM,10-K,2025-02-14,JPM_10-K_0000019617-25-000270.txt,0000019617-25-000270,-1.0,-1.0,-1.0
JPM,10-Q,2025-05-01,JPM_10-Q_0000019617-25-000421.txt,0000019617-25-000421,0.0,1.0,1.0
JPM,10-Q,2025-08-05,JPM_10-Q_0000019617-25-000615.txt,0000019617-25-000615,0.0,0.0,1.0
JPM,10-Q,2025-11-04,JPM_10-Q_0001628280-25-048859.txt,0001628280-25-048859,1.0,-1.0,0.0
PFE,10-K,2016-02-29,PFE_10-K_0000078003-16-000077.txt,0000078003-16-000077,0.0,1.0,0.0
PFE,10-Q,2016-05-12,PFE_10-Q_0000078003-16-000096.txt,0000078003-16-000096,0.0,1.0,1.0
PFE,10-Q,2016-08-11,PFE_10-Q_0000078003-16-000105.txt,0000078003-16-000105,0.0,-1.0,-1.0
PFE,10-Q,2016-11-10,PFE_10-Q_0000078003-16-000113.txt,0000078003-16-000113,-1.0,-1.0,-1.0
PFE,10-K,2017-02-23,PFE_10-K_0000078003-17-000014.txt,0000078003-17-000014,1.0,0.0,0.0
PFE,10-Q,2017-05-11,PFE_10-Q_0000078003-17-000024.txt,0000078003-17-000024,-1.0,-1.0,-1.0
PFE,10-Q,2017-11-09,PFE_10-Q_0000078003-17-000049.txt,0000078003-17-000049,1.0,1.0,1.0
PFE,10-K,2018-02-22,PFE_10-K_0000078003-18-000027.txt,0000078003-18-000027,0.0,0.0,0.0
PFE,10-Q,2018-05-10,PFE_10-Q_0000078003-18-000045.txt,0000078003-18-000045,1.0,1.0,1.0
PFE,10-Q,2018-08-09,PFE_10-Q_0000078003-18-000070.txt,0000078003-18-000070,0.0,1.0,1.0
PFE,10-Q,2018-11-08,PFE_10-Q_0000078003-18-000091.txt,0000078003-18-000091,0.0,0.0,0.0
PFE,10-K,2019-02-28,PFE_10-K_0000078003-19-000015.txt,0000078003-19-000015,-1.0,-1.0,-1.0
PFE,10-Q,2019-05-09,PFE_10-Q_0000078003-19-000026.txt,0000078003-19-000026,1.0,1.0,1.0
PFE,10-Q,2019-08-08,PFE_10-Q_0000078003-19-000064.txt,0000078003-19-000064,-1.0,-1.0,0.0
PFE,10-Q,2019-11-07,PFE_10-Q_0000078003-19-000082.txt,0000078003-19-000082,-1.0,1.0,1.0
PFE,10-K,2020-02-27,PFE_10-K_0000078003-20-000014.txt,0000078003-20-000014,1.0,-1.0,-1.0
PFE,10-Q,2020-05-07,PFE_10-Q_0000078003-20-000037.txt,0000078003-20-000037,1.0,0.0,-1.0
PFE,10-Q,2020-08-06,PFE_10-Q_0000078003-20-000060.txt,0000078003-20-000060,0.0,0.0,-1.0
PFE,10-Q,2020-11-05,PFE_10-Q_0000078003-20-000070.txt,0000078003-20-000070,1.0,1.0,1.0
PFE,10-K,2021-02-25,PFE_10-K_0000078003-21-000038.txt,0000078003-21-000038,1.0,1.0,1.0
PFE,10-Q,2021-05-13,PFE_10-Q_0000078003-21-000065.txt,0000078003-21-000065,0.0,-1.0,0.0
PFE,10-Q,2021-08-12,PFE_10-Q_0000078003-21-000093.txt,0000078003-21-000093,1.0,0.0,-1.0
PFE,10-Q,2021-11-12,PFE_10-Q_0000078003-21-000107.txt,0000078003-21-000107,0.0,1.0,1.0
PFE,10-K,2022-02-24,PFE_10-K_0000078003-22-000027.txt,0000078003-22-000027,1.0,1.0,1.0
PFE,10-Q,2022-05-11,PFE_10-Q_0000078003-22-000071.txt,0000078003-22-000071,1.0,1.0,1.0
PFE,10-Q,2022-08-10,PFE_10-Q_0000078003-22-000094.txt,0000078003-22-000094,-1.0,-1.0,-1.0
PFE,10-Q,2022-11-09,PFE_10-Q_0000078003-22-000101.txt,0000078003-22-000101,1.0,1.0,1.0
PFE,10-K,2023-02-23,PFE_10-K_0000078003-23-000024.txt,0000078003-23-000024,-1.0,-1.0,-1.0
PFE,10-Q,2023-05-10,PFE_10-Q_0001628280-23-017196.txt,0001628280-23-017196,-1.0,1.0,1.0
PFE,10-Q,2023-08-09,PFE_10-Q_0000078003-23-000088.txt,0000078003-23-000088,-1.0,1.0,-1.0
PFE,10-Q,2023-11-08,PFE_10-Q_0000078003-23-000115.txt,0000078003-23-000115,0.0,0.0,-1.0
PFE,10-K,2024-02-22,PFE_10-K_0000078003-24-000039.txt,0000078003-24-000039,-1.0,-1.0,0.0
PFE,10-Q,2024-05-08,PFE_10-Q_0000078003-24-000107.txt,0000078003-24-000107,1.0,1.0,1.0
PFE,10-Q,2024-08-05,PFE_10-Q_0000078003-24-000166.txt,0000078003-24-000166,-1.0,-1.0,-1.0
PFE,10-Q,2024-11-04,PFE_10-Q_0000078003-24-000191.txt,0000078003-24-000191,-1.0,-1.0,-1.0
PFE,10-K,2025-02-27,PFE_10-K_0000078003-25-000054.txt,0000078003-25-000054,0.0,-1.0,-1.0
PFE,10-Q,2025-05-05,PFE_10-Q_0000078003-25-000114.txt,0000078003-25-000114,0.0,0.0,0.0
PFE,10-Q,2025-08-05,PFE_10-Q_0000078003-25-000138.txt,0000078003-25-000138,0.0,1.0,0.0
PFE,10-Q,2025-11-04,PFE_10-Q_0000078003-25-000150.txt,0000078003-25-000150,1.0,1.0,1.0
MRK,10-K,2016-02-26,MRK_10-K_0000310158-16-000063.txt,0000310158-16-000063,1.0,1.0,1.0
MRK,10-Q,2016-05-09,MRK_10-Q_0000310158-16-000066.txt,0000310158-16-000066,1.0,1.0,1.0
MRK,10-Q,2016-08-08,MRK_10-Q_0000310158-16-000094.txt,0000310158-16-000094,0.0,0.0,0.0
MRK,10-Q,2016-11-07,MRK_10-Q_0000310158-16-000098.txt,0000310158-16-000098,1.0,1.0,0.0
MRK,10-K,2017-02-28,MRK_10-K_0000310158-17-000010.txt,0000310158-17-000010,0.0,-1.0,-1.0
MRK,10-Q,2017-05-09,MRK_10-Q_0000310158-17-000016.txt,0000310158-17-000016,1.0,1.0,1.0
MRK,10-Q,2017-08-08,MRK_10-Q_0000310158-17-000037.txt,0000310158-17-000037,0.0,0.0,1.0
MRK,10-Q,2017-11-07,MRK_10-Q_0000310158-17-000045.txt,0000310158-17-000045,0.0,-1.0,-1.0
MRK,10-K,2018-02-27,MRK_10-K_0000310158-18-000005.txt,0000310158-18-000005,0.0,0.0,0.0
MRK,10-Q,2018-05-08,MRK_10-Q_0000310158-18-000011.txt,0000310158-18-000011,1.0,1.0,1.0
MRK,10-Q,2018-08-07,MRK_10-Q_0000310158-18-000034.txt,0000310158-18-000034,0.0,1.0,1.0
MRK,10-Q,2018-11-06,MRK_10-Q_0000310158-18-000039.txt,0000310158-18-000039,1.0,1.0,1.0
MRK,10-K,2019-02-27,MRK_10-K_0000310158-19-000014.txt,0000310158-19-000014,0.0,1.0,1.0
MRK,10-Q,2019-05-08,MRK_10-Q_0000310158-19-000019.txt,0000310158-19-000019,0.0,1.0,1.0
MRK,10-Q,2019-08-06,MRK_10-Q_0000310158-19-000037.txt,0000310158-19-000037,1.0,1.0,1.0
MRK,10-Q,2019-11-05,MRK_10-Q_0000310158-19-000042.txt,0000310158-19-000042,0.0,1.0,1.0
MRK,10-K,2020-02-26,MRK_10-K_0000310158-20-000005.txt,0000310158-20-000005,1.0,0.0,-1.0
MRK,10-Q,2020-05-06,MRK_10-Q_0000310158-20-000009.txt,0000310158-20-000009,0.0,0.0,1.0
MRK,10-Q,2020-08-05,MRK_10-Q_0000310158-20-000026.txt,0000310158-20-000026,1.0,1.0,1.0
MRK,10-Q,2020-11-05,MRK_10-Q_0000310158-20-000030.txt,0000310158-20-000030,0.0,0.0,1.0
MRK,10-K,2021-02-25,MRK_10-K_0000310158-21-000004.txt,0000310158-21-000004,-1.0,0.0,1.0
MRK,10-Q,2021-05-05,MRK_10-Q_0000310158-21-000009.txt,0000310158-21-000009,0.0,1.0,0.0
MRK,10-Q,2021-08-09,MRK_10-Q_0000310158-21-000028.txt,0000310158-21-000028,1.0,1.0,1.0
MRK,10-Q,2021-11-05,MRK_10-Q_0000310158-21-000032.txt,0000310158-21-000032,0.0,0.0,-1.0
MRK,10-K,2022-02-25,MRK_10-K_0000310158-22-000003.txt,0000310158-22-000003,1.0,1.0,1.0
MRK,10-Q,2022-05-05,MRK_10-Q_0000310158-22-000011.txt,0000310158-22-000011,1.0,1.0,1.0
MRK,10-Q,2022-08-05,MRK_10-Q_0000310158-22-000030.txt,0000310158-22-000030,1.0,1.0,-1.0
MRK,10-Q,2022-11-03,MRK_10-Q_0000310158-22-000034.txt,0000310158-22-000034,1.0,1.0,1.0
MRK,10-K,2023-02-24,MRK_10-K_0001628280-23-005061.txt,0001628280-23-005061,-1.0,-1.0,-1.0
MRK,10-Q,2023-05-05,MRK_10-Q_0001628280-23-015990.txt,0001628280-23-015990,0.0,-1.0,-1.0
MRK,10-Q,2023-08-07,MRK_10-Q_0001628280-23-027770.txt,0001628280-23-027770,1.0,1.0,1.0
MRK,10-Q,2023-11-03,MRK_10-Q_0001628280-23-036717.txt,0001628280-23-036717,-1.0,-1.0,1.0
MRK,10-K,2024-02-26,MRK_10-K_0001628280-24-006850.txt,0001628280-24-006850,-1.0,-1.0,-1.0
MRK,10-Q,2024-05-03,MRK_10-Q_0001628280-24-020283.txt,0001628280-24-020283,1.0,1.0,0.0
MRK,10-Q,2024-08-05,MRK_10-Q_0001628280-24-034715.txt,0001628280-24-034715,0.0,0.0,1.0
MRK,10-Q,2024-11-06,MRK_10-Q_0001628280-24-045689.txt,0001628280-24-045689,-1.0,-1.0,1.0
MRK,10-K,2025-02-25,MRK_10-K_0001628280-25-007732.txt,0001628280-25-007732,0.0,1.0,-1.0
MRK,10-Q,2025-05-02,MRK_10-Q_0001628280-25-021834.txt,0001628280-25-021834,-1.0,-1.0,-1.0
MRK,10-Q,2025-08-05,MRK_10-Q_0000310158-25-000014.txt,0000310158-25-000014,0.0,1.0,1.0
MRK,10-Q,2025-11-05,MRK_10-Q_0000310158-25-000059.txt,0000310158-25-000059,1.0,1.0,1.0
JNJ,10-K,2016-02-24,JNJ_10-K_0000200406-16-000071.txt,0000200406-16-000071,1.0,1.0,1.0
JNJ,10-Q,2016-05-10,JNJ_10-Q_0000200406-16-000084.txt,0000200406-16-000084,-1.0,-1.0,1.0
JNJ,10-Q,2016-08-04,JNJ_10-Q_0000200406-16-000105.txt,0000200406-16-000105,0.0,-1.0,-1.0
JNJ,10-Q,2016-11-04,JNJ_10-Q_0000200406-16-000112.txt,0000200406-16-000112,1.0,1.0,-1.0
JNJ,10-K,2017-02-27,JNJ_10-K_0000200406-17-000006.txt,0000200406-17-000006,1.0,1.0,1.0
JNJ,10-Q,2017-05-08,JNJ_10-Q_0000200406-17-000024.txt,0000200406-17-000024,1.0,1.0,1.0
JNJ,10-Q,2017-08-03,JNJ_10-Q_0000200406-17-000042.txt,0000200406-17-000042,0.0,0.0,0.0
JNJ,10-Q,2017-11-02,JNJ_10-Q_0000200406-17-000052.txt,0000200406-17-000052,0.0,0.0,0.0
JNJ,10-K,2018-02-21,JNJ_10-K_0000200406-18-000005.txt,0000200406-18-000005,0.0,0.0,0.0
JNJ,10-Q,2018-05-01,JNJ_10-Q_0000200406-18-000019.txt,0000200406-18-000019,-1.0,0.0,-1.0
JNJ,10-Q,2018-08-02,JNJ_10-Q_0000200406-18-000041.txt,0000200406-18-000041,0.0,0.0,1.0
JNJ,10-Q,2018-10-31,JNJ_10-Q_0000200406-18-000055.txt,0000200406-18-000055,1.0,1.0,1.0
JNJ,10-K,2019-02-20,JNJ_10-K_0000200406-19-000009.txt,0000200406-19-000009,0.0,1.0,1.0
JNJ,10-Q,2019-05-01,JNJ_10-Q_0000200406-19-000033.txt,0000200406-19-000033,-1.0,-1.0,-1.0
JNJ,10-Q,2019-07-29,JNJ_10-Q_0000200406-19-000053.txt,0000200406-19-000053,-1.0,0.0,-1.0
JNJ,10-Q,2019-10-28,JNJ_10-Q_0000200406-19-000066.txt,0000200406-19-000066,0.0,1.0,1.0
JNJ,10-K,2020-02-18,JNJ_10-K_0000200406-20-000010.txt,0000200406-20-000010,-1.0,-1.0,-1.0
JNJ,10-Q,2020-04-29,JNJ_10-Q_0000200406-20-000035.txt,0000200406-20-000035,0.0,0.0,0.0
JNJ,10-Q,2020-07-24,JNJ_10-Q_0000200406-20-000050.txt,0000200406-20-000050,-1.0,0.0,1.0
JNJ,10-Q,2020-10-23,JNJ_10-Q_0000200406-20-000056.txt,0000200406-20-000056,-1.0,-1.0,0.0
JNJ,10-K,2021-02-22,JNJ_10-K_0000200406-21-000008.txt,0000200406-21-000008,-1.0,-1.0,0.0
JNJ,10-Q,2021-04-30,JNJ_10-Q_0000200406-21-000036.txt,0000200406-21-000036,1.0,1.0,1.0
JNJ,10-Q,2021-07-29,JNJ_10-Q_0000200406-21-000057.txt,0000200406-21-000057,1.0,1.0,1.0
JNJ,10-Q,2021-10-29,JNJ_10-Q_0000200406-21-000070.txt,0000200406-21-000070,0.0,1.0,-1.0
JNJ,10-K,2022-02-17,JNJ_10-K_0000200406-22-000022.txt,0000200406-22-000022,0.0,1.0,1.0
JNJ,10-Q,2022-04-29,JNJ_10-Q_0000200406-22-000048.txt,0000200406-22-000048,-1.0,-1.0,0.0
JNJ,10-Q,2022-07-29,JNJ_10-Q_0000200406-22-000071.txt,0000200406-22-000071,-1.0,-1.0,-1.0
JNJ,10-Q,2022-10-27,JNJ_10-Q_0000200406-22-000086.txt,0000200406-22-000086,0.0,1.0,1.0
JNJ,10-K,2023-02-16,JNJ_10-K_0000200406-23-000016.txt,0000200406-23-000016,0.0,-1.0,-1.0
JNJ,10-Q,2023-04-28,JNJ_10-Q_0000200406-23-000056.txt,0000200406-23-000056,0.0,-1.0,-1.0
JNJ,10-Q,2023-07-31,JNJ_10-Q_0000200406-23-000082.txt,0000200406-23-000082,1.0,1.0,0.0
JNJ,10-Q,2023-10-27,JNJ_10-Q_0000200406-23-000102.txt,0000200406-23-000102,1.0,1.0,1.0
JNJ,10-K,2024-02-16,JNJ_10-K_0000200406-24-000013.txt,0000200406-24-000013,1.0,1.0,0.0
JNJ,10-Q,2024-05-01,JNJ_10-Q_0000200406-24-000049.txt,0000200406-24-000049,-1.0,0.0,-1.0
JNJ,10-Q,2024-07-25,JNJ_10-Q_0000200406-24-000075.txt,0000200406-24-000075,0.0,0.0,1.0
JNJ,10-Q,2024-10-23,JNJ_10-Q_0000200406-24-000096.txt,0000200406-24-000096,-1.0,-1.0,-1.0
JNJ,10-K,2025-02-13,JNJ_10-K_0000200406-25-000038.txt,0000200406-25-000038,1.0,1.0,1.0
JNJ,10-Q,2025-04-23,JNJ_10-Q_0000200406-25-000119.txt,0000200406-25-000119,0.0,0.0,0.0
JNJ,10-Q,2025-07-24,JNJ_10-Q_0000200406-25-000178.txt,0000200406-25-000178,-1.0,0.0,1.0
JNJ,10-Q,2025-10-22,JNJ_10-Q_0000200406-25-000209.txt,0000200406-25-000209,-1.0,-1.0,1.0
NVDA,10-K,2016-03-17,NVDA_10-K_0001045810-16-000205.txt,0001045810-16-000205,1.0,1.0,1.0
NVDA,10-Q,2016-05-25,NVDA_10-Q_0001045810-16-000275.txt,0001045810-16-000275,1.0,1.0,1.0
NVDA,10-Q,2016-08-23,NVDA_10-Q_0001045810-16-000300.txt,0001045810-16-000300,-1.0,0.0,1.0
NVDA,10-Q,2016-11-22,NVDA_10-Q_0001045810-16-000353.txt,0001045810-16-000353,0.0,0.0,1.0
NVDA,10-K,2017-03-01,NVDA_10-K_0001045810-17-000027.txt,0001045810-17-000027,-1.0,0.0,1.0
NVDA,10-Q,2017-05-23,NVDA_10-Q_0001045810-17-000075.txt,0001045810-17-000075,1.0,1.0,1.0
NVDA,10-Q,2017-08-23,NVDA_10-Q_0001045810-17-000123.txt,0001045810-17-000123,0.0,0.0,1.0
NVDA,10-Q,2017-11-21,NVDA_10-Q_0001045810-17-000172.txt,0001045810-17-000172,-1.0,-1.0,-1.0
NVDA,10-K,2018-02-28,NVDA_10-K_0001045810-18-000010.txt,0001045810-18-000010,0.0,0.0,-1.0
NVDA,10-Q,2018-05-22,NVDA_10-Q_0001045810-18-000080.txt,0001045810-18-000080,1.0,1.0,1.0
NVDA,10-Q,2018-08-16,NVDA_10-Q_0001045810-18-000114.txt,0001045810-18-000114,1.0,1.0,1.0
NVDA,10-Q,2018-11-15,NVDA_10-Q_0001045810-18-000150.txt,0001045810-18-000150,-1.0,-1.0,-1.0
NVDA,10-K,2019-02-21,NVDA_10-K_0001045810-19-000023.txt,0001045810-19-000023,0.0,0.0,1.0
NVDA,10-Q,2019-05-16,NVDA_10-Q_0001045810-19-000079.txt,0001045810-19-000079,-1.0,-1.0,-1.0
NVDA,10-Q,2019-08-15,NVDA_10-Q_0001045810-19-000144.txt,0001045810-19-000144,1.0,1.0,1.0
NVDA,10-Q,2019-11-14,NVDA_10-Q_0001045810-19-000170.txt,0001045810-19-000170,0.0,1.0,1.0
NVDA,10-K,2020-02-20,NVDA_10-K_0001045810-20-000010.txt,0001045810-20-000010,-1.0,-1.0,-1.0
NVDA,10-Q,2020-05-21,NVDA_10-Q_0001045810-20-000065.txt,0001045810-20-000065,0.0,0.0,1.0
NVDA,10-Q,2020-08-19,NVDA_10-Q_0001045810-20-000147.txt,0001045810-20-000147,1.0,1.0,1.0
NVDA,10-Q,2020-11-18,NVDA_10-Q_0001045810-20-000189.txt,0001045810-20-000189,0.0,0.0,0.0
NVDA,10-K,2021-02-26,NVDA_10-K_0001045810-21-000010.txt,0001045810-21-000010,-1.0,-1.0,-1.0
NVDA,10-Q,2021-05-26,NVDA_10-Q_0001045810-21-000064.txt,0001045810-21-000064,1.0,1.0,1.0
NVDA,10-Q,2021-08-20,NVDA_10-Q_0001045810-21-000131.txt,0001045810-21-000131,1.0,1.0,0.0
NVDA,10-Q,2021-11-22,NVDA_10-Q_0001045810-21-000163.txt,0001045810-21-000163,0.0,0.0,-1.0
NVDA,10-K,2022-03-18,NVDA_10-K_0001045810-22-000036.txt,0001045810-22-000036,1.0,0.0,-1.0
NVDA,10-Q,2022-05-27,NVDA_10-Q_0001045810-22-000079.txt,0001045810-22-000079,0.0,-1.0,-1.0
NVDA,10-Q,2022-08-31,NVDA_10-Q_0001045810-22-000147.txt,0001045810-22-000147,-1.0,-1.0,-1.0
NVDA,10-Q,2022-11-18,NVDA_10-Q_0001045810-22-000166.txt,0001045810-22-000166,0.0,1.0,1.0
NVDA,10-K,2023-02-24,NVDA_10-K_0001045810-23-000017.txt,0001045810-23-000017,0.0,0.0,1.0
NVDA,10-Q,2023-05-26,NVDA_10-Q_0001045810-23-000093.txt,0001045810-23-000093,0.0,0.0,1.0
NVDA,10-Q,2023-08-28,NVDA_10-Q_0001045810-23-000175.txt,0001045810-23-000175,1.0,-1.0,-1.0
NVDA,10-Q,2023-11-21,NVDA_10-Q_0001045810-23-000227.txt,0001045810-23-000227,-1.0,-1.0,-1.0
NVDA,10-K,2024-02-21,NVDA_10-K_0001045810-24-000029.txt,0001045810-24-000029,1.0,1.0,1.0
NVDA,10-Q,2024-05-29,NVDA_10-Q_0001045810-24-000124.txt,0001045810-24-000124,1.0,1.0,1.0
NVDA,10-Q,2024-08-28,NVDA_10-Q_0001045810-24-000264.txt,0001045810-24-000264,-1.0,-1.0,0.0
NVDA,10-Q,2024-11-20,NVDA_10-Q_0001045810-24-000316.txt,0001045810-24-000316,-1.0,0.0,-1.0
NVDA,10-K,2025-02-26,NVDA_10-K_0001045810-25-000023.txt,0001045810-25-000023,-1.0,-1.0,-1.0
NVDA,10-Q,2025-05-28,NVDA_10-Q_0001045810-25-000116.txt,0001045810-25-000116,1.0,1.0,1.0
NVDA,10-Q,2025-08-27,NVDA_10-Q_0001045810-25-000209.txt,0001045810-25-000209,-1.0,-1.0,-1.0
CSCO,10-Q,2016-02-18,CSCO_10-Q_0000858877-16-000090.txt,0000858877-16-000090,0.0,0.0,1.0
CSCO,10-Q,2016-05-24,CSCO_10-Q_0000858877-16-000109.txt,0000858877-16-000109,1.0,1.0,0.0
CSCO,10-K,2016-09-08,CSCO_10-K_0000858877-16-000117.txt,0000858877-16-000117,0.0,0.0,1.0
CSCO,10-Q,2016-11-22,CSCO_10-Q_0000858877-16-000123.txt,0000858877-16-000123,0.0,0.0,1.0
CSCO,10-Q,2017-02-21,CSCO_10-Q_0000858877-17-000004.txt,0000858877-17-000004,0.0,0.0,0.0
CSCO,10-Q,2017-05-23,CSCO_10-Q_0000858877-17-000010.txt,0000858877-17-000010,0.0,0.0,0.0
CSCO,10-K,2017-09-07,CSCO_10-K_0000858877-17-000016.txt,0000858877-17-000016,0.0,1.0,1.0
CSCO,10-Q,2017-11-21,CSCO_10-Q_0000858877-17-000019.txt,0000858877-17-000019,1.0,1.0,1.0
CSCO,10-Q,2018-02-20,CSCO_10-Q_0000858877-18-000004.txt,0000858877-18-000004,0.0,0.0,0.0
CSCO,10-Q,2018-05-22,CSCO_10-Q_0000858877-18-000007.txt,0000858877-18-000007,-1.0,1.0,0.0
CSCO,10-K,2018-09-06,CSCO_10-K_0000858877-18-000011.txt,0000858877-18-000011,0.0,1.0,1.0
CSCO,10-Q,2018-11-20,CSCO_10-Q_0000858877-18-000015.txt,0000858877-18-000015,1.0,1.0,-1.0
CSCO,10-Q,2019-02-19,CSCO_10-Q_0000858877-19-000003.txt,0000858877-19-000003,1.0,1.0,1.0
CSCO,10-Q,2019-05-21,CSCO_10-Q_0000858877-19-000007.txt,0000858877-19-000007,-1.0,-1.0,0.0
CSCO,10-K,2019-09-05,CSCO_10-K_0000858877-19-000012.txt,0000858877-19-000012,1.0,0.0,0.0
CSCO,10-Q,2019-11-19,CSCO_10-Q_0000858877-19-000018.txt,0000858877-19-000018,0.0,-1.0,1.0
CSCO,10-Q,2020-02-18,CSCO_10-Q_0000858877-20-000004.txt,0000858877-20-000004,-1.0,-1.0,-1.0
CSCO,10-Q,2020-05-18,CSCO_10-Q_0000858877-20-000006.txt,0000858877-20-000006,0.0,1.0,1.0
CSCO,10-K,2020-09-03,CSCO_10-K_0000858877-20-000010.txt,0000858877-20-000010,0.0,-1.0,-1.0
CSCO,10-Q,2020-11-17,CSCO_10-Q_0000858877-20-000015.txt,0000858877-20-000015,0.0,1.0,1.0
CSCO,10-Q,2021-02-16,CSCO_10-Q_0000858877-21-000004.txt,0000858877-21-000004,-1.0,-1.0,1.0
CSCO,10-Q,2021-05-25,CSCO_10-Q_0000858877-21-000008.txt,0000858877-21-000008,0.0,1.0,0.0
CSCO,10-K,2021-09-09,CSCO_10-K_0000858877-21-000013.txt,0000858877-21-000013,-1.0,-1.0,-1.0
CSCO,10-Q,2021-11-23,CSCO_10-Q_0000858877-21-000018.txt,0000858877-21-000018,0.0,1.0,1.0
CSCO,10-Q,2022-02-22,CSCO_10-Q_0000858877-22-000004.txt,0000858877-22-000004,-1.0,-1.0,0.0
CSCO,10-Q,2022-05-25,CSCO_10-Q_0000858877-22-000009.txt,0000858877-22-000009,1.0,0.0,0.0
CSCO,10-K,2022-09-08,CSCO_10-K_0000858877-22-000013.txt,0000858877-22-000013,-1.0,-1.0,-1.0
CSCO,10-Q,2022-11-22,CSCO_10-Q_0000858877-22-000025.txt,0000858877-22-000025,1.0,0.0,0.0
CSCO,10-Q,2023-02-21,CSCO_10-Q_0000858877-23-000005.txt,0000858877-23-000005,-1.0,0.0,1.0
CSCO,10-Q,2023-05-24,CSCO_10-Q_0000858877-23-000013.txt,0000858877-23-000013,1.0,1.0,1.0
CSCO,10-K,2023-09-07,CSCO_10-K_0000858877-23-000023.txt,0000858877-23-000023,0.0,-1.0,-1.0
CSCO,10-Q,2023-11-21,CSCO_10-Q_0000858877-23-000031.txt,0000858877-23-000031,0.0,0.0,1.0
CSCO,10-Q,2024-02-20,CSCO_10-Q_0000858877-24-000003.txt,0000858877-24-000003,0.0,1.0,1.0
CSCO,10-Q,2024-05-21,CSCO_10-Q_0000858877-24-000007.txt,0000858877-24-000007,-1.0,-1.0,0.0
CSCO,10-K,2024-09-05,CSCO_10-K_0000858877-24-000017.txt,0000858877-24-000017,0.0,1.0,1.0
CSCO,10-Q,2024-11-19,CSCO_10-Q_0000858877-24-000030.txt,0000858877-24-000030,1.0,1.0,0.0
CSCO,10-Q,2025-02-18,CSCO_10-Q_0000858877-25-000007.txt,0000858877-25-000007,0.0,-1.0,-1.0
CSCO,10-Q,2025-05-20,CSCO_10-Q_0000858877-25-000033.txt,0000858877-25-000033,0.0,1.0,1.0
CSCO,10-K,2025-09-03,CSCO_10-K_0000858877-25-000111.txt,0000858877-25-000111,0.0,0.0,0.0
HD,10-K,2016-03-24,HD_10-K_0000354950-16-000060.txt,0000354950-16-000060,1.0,1.0,1.0
HD,10-Q,2016-05-24,HD_10-Q_0000354950-16-000065.txt,0000354950-16-000065,0.0,-1.0,-1.0
HD,10-Q,2016-08-23,HD_10-Q_0000354950-16-000082.txt,0000354950-16-000082,-1.0,-1.0,-1.0
HD,10-Q,2016-11-22,HD_10-Q_0000354950-16-000094.txt,0000354950-16-000094,0.0,1.0,1.0
HD,10-K,2017-03-23,HD_10-K_0000354950-17-000005.txt,0000354950-17-000005,-1.0,0.0,1.0
HD,10-Q,2017-05-23,HD_10-Q_0000354950-17-000014.txt,0000354950-17-000014,0.0,0.0,1.0
HD,10-Q,2017-08-22,HD_10-Q_0000354950-17-000032.txt,0000354950-17-000032,0.0,1.0,1.0
HD,10-Q,2017-11-21,HD_10-Q_0000354950-17-000046.txt,0000354950-17-000046,1.0,1.0,1.0
HD,10-K,2018-03-22,HD_10-K_0000354950-18-000019.txt,0000354950-18-000019,1.0,0.0,0.0
HD,10-Q,2018-05-22,HD_10-Q_0000354950-18-000034.txt,0000354950-18-000034,0.0,1.0,1.0
HD,10-Q,2018-08-21,HD_10-Q_0000354950-18-000051.txt,0000354950-18-000051,1.0,1.0,1.0
HD,10-Q,2018-11-20,HD_10-Q_0000354950-18-000065.txt,0000354950-18-000065,1.0,1.0,-1.0
HD,10-K,2019-03-28,HD_10-K_0000354950-19-000010.txt,0000354950-19-000010,1.0,1.0,1.0
HD,10-Q,2019-05-29,HD_10-Q_0000354950-19-000024.txt,0000354950-19-000024,1.0,1.0,1.0
HD,10-Q,2019-08-27,HD_10-Q_0000354950-19-000057.txt,0000354950-19-000057,1.0,1.0,1.0
HD,10-Q,2019-11-26,HD_10-Q_0000354950-19-000066.txt,0000354950-19-000066,-1.0,-1.0,0.0
HD,10-K,2020-03-25,HD_10-K_0000354950-20-000015.txt,0000354950-20-000015,0.0,0.0,1.0
HD,10-Q,2020-05-27,HD_10-Q_0000354950-20-000041.txt,0000354950-20-000041,1.0,1.0,0.0
HD,10-Q,2020-08-25,HD_10-Q_0000354950-20-000068.txt,0000354950-20-000068,0.0,-1.0,-1.0
HD,10-Q,2020-11-24,HD_10-Q_0000354950-20-000103.txt,0000354950-20-000103,0.0,-1.0,0.0
HD,10-K,2021-03-24,HD_10-K_0000354950-21-000089.txt,0000354950-21-000089,1.0,1.0,1.0
HD,10-Q,2021-05-25,HD_10-Q_0000354950-21-000147.txt,0000354950-21-000147,0.0,-1.0,0.0
HD,10-Q,2021-08-24,HD_10-Q_0000354950-21-000189.txt,0000354950-21-000189,0.0,1.0,1.0
HD,10-Q,2021-11-23,HD_10-Q_0000354950-21-000234.txt,0000354950-21-000234,-1.0,0.0,-1.0
HD,10-K,2022-03-23,HD_10-K_0000354950-22-000070.txt,0000354950-22-000070,-1.0,-1.0,-1.0
HD,10-Q,2022-05-24,HD_10-Q_0000354950-22-000158.txt,0000354950-22-000158,1.0,1.0,-1.0
HD,10-Q,2022-08-23,HD_10-Q_0000354950-22-000193.txt,0000354950-22-000193,-1.0,-1.0,-1.0
HD,10-Q,2022-11-22,HD_10-Q_0000354950-22-000239.txt,0000354950-22-000239,0.0,0.0,0.0
HD,10-K,2023-03-15,HD_10-K_0000354950-23-000059.txt,0000354950-23-000059,0.0,0.0,0.0
HD,10-Q,2023-05-23,HD_10-Q_0000354950-23-000144.txt,0000354950-23-000144,-1.0,1.0,1.0
HD,10-Q,2023-08-22,HD_10-Q_0000354950-23-000185.txt,0000354950-23-000185,1.0,1.0,-1.0
HD,10-Q,2023-11-21,HD_10-Q_0000354950-23-000240.txt,0000354950-23-000240,1.0,1.0,1.0
HD,10-K,2024-03-13,HD_10-K_0000354950-24-000062.txt,0000354950-24-000062,1.0,1.0,-1.0
HD,10-Q,2024-05-21,HD_10-Q_0000354950-24-000152.txt,0000354950-24-000152,-1.0,0.0,1.0
HD,10-Q,2024-08-20,HD_10-Q_0000354950-24-000201.txt,0000354950-24-000201,1.0,0.0,1.0
HD,10-Q,2024-11-19,HD_10-Q_0000354950-24-000240.txt,0000354950-24-000240,1.0,1.0,-1.0
HD,10-K,2025-03-21,HD_10-K_0000354950-25-000085.txt,0000354950-25-000085,1.0,0.0,0.0
HD,10-Q,2025-05-28,HD_10-Q_0000354950-25-000165.txt,0000354950-25-000165,0.0,-1.0,0.0
HD,10-Q,2025-08-26,HD_10-Q_0000354950-25-000217.txt,0000354950-25-000217,0.0,1.0,0.0
CRM,10-K,2016-03-07,CRM_10-K_0001108524-16-000053.txt,0001108524-16-000053,0.0,0.0,1.0
CRM,10-Q,2016-09-01,CRM_10-Q_0001108524-16-000085.txt,0001108524-16-000085,-1.0,-1.0,-1.0
CRM,10-K,2017-03-06,CRM_10-K_0001108524-17-000006.txt,0001108524-17-000006,1.0,0.0,0.0
CRM,10-Q,2017-05-22,CRM_10-Q_0001108524-17-000012.txt,0001108524-17-000012,1.0,1.0,-1.0
CRM,10-Q,2017-08-25,CRM_10-Q_0001108524-17-000020.txt,0001108524-17-000020,1.0,1.0,-1.0
CRM,10-K,2018-03-09,CRM_10-K_0001108524-18-000011.txt,0001108524-18-000011,0.0,-1.0,-1.0
CRM,10-Q,2018-05-31,CRM_10-Q_0001108524-18-000035.txt,0001108524-18-000035,1.0,1.0,1.0
CRM,10-Q,2018-08-31,CRM_10-Q_0001108524-18-000057.txt,0001108524-18-000057,0.0,1.0,1.0
CRM,10-Q,2018-11-28,CRM_10-Q_0001108524-18-000087.txt,0001108524-18-000087,0.0,0.0,-1.0
CRM,10-K,2019-03-08,CRM_10-K_0001108524-19-000009.txt,0001108524-19-000009,1.0,1.0,1.0
CRM,10-Q,2019-06-05,CRM_10-Q_0001108524-19-000025.txt,0001108524-19-000025,-1.0,-1.0,0.0
CRM,10-Q,2019-08-23,CRM_10-Q_0001108524-19-000052.txt,0001108524-19-000052,1.0,0.0,1.0
CRM,10-Q,2019-12-04,CRM_10-Q_0001108524-19-000076.txt,0001108524-19-000076,0.0,1.0,1.0
CRM,10-K,2020-03-05,CRM_10-K_0001108524-20-000014.txt,0001108524-20-000014,-1.0,-1.0,-1.0
CRM,10-Q,2020-06-01,CRM_10-Q_0001108524-22-000007.txt,0001108524-22-000007,0.0,0.0,1.0
CRM,10-Q,2020-08-28,CRM_10-Q_0001108524-20-000041.txt,0001108524-20-000041,0.0,-1.0,-1.0
CRM,10-Q,2020-12-04,CRM_10-Q_0001108524-20-000047.txt,0001108524-20-000047,0.0,0.0,0.0
CRM,10-K,2021-03-17,CRM_10-K_0001108524-22-000008.txt,0001108524-22-000008,0.0,0.0,1.0
CRM,10-Q,2021-06-02,CRM_10-Q_0001108524-21-000030.txt,0001108524-21-000030,0.0,1.0,1.0
CRM,10-Q,2021-08-27,CRM_10-Q_0001108524-21-000047.txt,0001108524-21-000047,0.0,-1.0,1.0
CRM,10-Q,2021-12-02,CRM_10-Q_0001108524-21-000055.txt,0001108524-21-000055,0.0,0.0,0.0
CRM,10-K,2022-03-11,CRM_10-K_0001108524-22-000013.txt,0001108524-22-000013,1.0,1.0,0.0
CRM,10-Q,2022-06-01,CRM_10-Q_0001108524-22-000022.txt,0001108524-22-000022,1.0,-1.0,-1.0
CRM,10-Q,2022-08-25,CRM_10-Q_0001108524-22-000041.txt,0001108524-22-000041,-1.0,-1.0,-1.0
CRM,10-Q,2022-12-01,CRM_10-Q_0001108524-22-000060.txt,0001108524-22-000060,-1.0,-1.0,-1.0
CRM,10-K,2023-03-08,CRM_10-K_0001108524-23-000011.txt,0001108524-23-000011,0.0,0.0,1.0
CRM,10-Q,2023-06-01,CRM_10-Q_0001108524-23-000023.txt,0001108524-23-000023,0.0,0.0,0.0
CRM,10-Q,2023-08-31,CRM_10-Q_0001108524-23-000040.txt,0001108524-23-000040,0.0,-1.0,-1.0
CRM,10-Q,2023-11-30,CRM_10-Q_0001108524-23-000048.txt,0001108524-23-000048,0.0,0.0,1.0
CRM,10-K,2024-03-06,CRM_10-K_0001108524-24-000005.txt,0001108524-24-000005,0.0,0.0,-1.0
CRM,10-Q,2024-05-30,CRM_10-Q_0001108524-24-000009.txt,0001108524-24-000009,1.0,1.0,1.0
CRM,10-Q,2024-08-29,CRM_10-Q_0001108524-24-000022.txt,0001108524-24-000022,-1.0,0.0,1.0
CRM,10-Q,2024-12-04,CRM_10-Q_0001108524-24-000034.txt,0001108524-24-000034,-1.0,-1.0,-1.0
CRM,10-K,2025-03-05,CRM_10-K_0001108524-25-000006.txt,0001108524-25-000006,-1.0,-1.0,-1.0
CRM,10-Q,2025-05-29,CRM_10-Q_0001108524-25-000030.txt,0001108524-25-000030,0.0,0.0,1.0
CRM,10-Q,2025-09-04,CRM_10-Q_0001108524-25-000088.txt,0001108524-25-000088,0.0,0.0,0.0
NKE,10-Q,2016-04-05,NKE_10-Q_0000320187-16-000264.txt,0000320187-16-000264,-1.0,0.0,0.0
NKE,10-K,2016-07-21,NKE_10-K_0000320187-16-000336.txt,0000320187-16-000336,-1.0,-1.0,0.0
NKE,10-Q,2016-10-11,NKE_10-Q_0000320187-16-000381.txt,0000320187-16-000381,-1.0,-1.0,-1.0
NKE,10-Q,2017-01-05,NKE_10-Q_0000320187-17-000003.txt,0000320187-17-000003,0.0,0.0,-1.0
NKE,10-Q,2017-04-04,NKE_10-Q_0000320187-17-000031.txt,0000320187-17-000031,0.0,0.0,0.0
NKE,10-K,2017-07-20,NKE_10-K_0000320187-17-000090.txt,0000320187-17-000090,0.0,0.0,-1.0
NKE,10-Q,2017-10-06,NKE_10-Q_0000320187-17-000184.txt,0000320187-17-000184,-1.0,1.0,1.0
NKE,10-Q,2018-01-05,NKE_10-Q_0000320187-18-000007.txt,0000320187-18-000007,0.0,1.0,0.0
NKE,10-Q,2018-04-05,NKE_10-Q_0000320187-18-000041.txt,0000320187-18-000041,-1.0,-1.0,-1.0
NKE,10-K,2018-07-25,NKE_10-K_0000320187-18-000142.txt,0000320187-18-000142,0.0,1.0,1.0
NKE,10-Q,2018-10-05,NKE_10-Q_0000320187-18-000213.txt,0000320187-18-000213,-1.0,-1.0,-1.0
NKE,10-Q,2019-01-08,NKE_10-Q_0000320187-19-000007.txt,0000320187-19-000007,0.0,1.0,1.0
NKE,10-Q,2019-04-04,NKE_10-Q_0000320187-19-000030.txt,0000320187-19-000030,0.0,1.0,0.0
NKE,10-K,2019-07-23,NKE_10-K_0000320187-19-000051.txt,0000320187-19-000051,0.0,-1.0,-1.0
NKE,10-Q,2019-10-04,NKE_10-Q_0000320187-19-000071.txt,0000320187-19-000071,0.0,1.0,-1.0
NKE,10-Q,2020-01-07,NKE_10-Q_0000320187-20-000004.txt,0000320187-20-000004,1.0,1.0,-1.0
NKE,10-Q,2020-04-07,NKE_10-Q_0000320187-20-000018.txt,0000320187-20-000018,0.0,0.0,0.0
NKE,10-K,2020-07-24,NKE_10-K_0000320187-20-000047.txt,0000320187-20-000047,0.0,1.0,1.0
NKE,10-Q,2020-10-08,NKE_10-Q_0000320187-20-000061.txt,0000320187-20-000061,0.0,0.0,0.0
NKE,10-Q,2021-01-05,NKE_10-Q_0000320187-21-000003.txt,0000320187-21-000003,1.0,0.0,-1.0
NKE,10-Q,2021-04-02,NKE_10-Q_0000320187-21-000012.txt,0000320187-21-000012,0.0,0.0,0.0
NKE,10-K,2021-07-20,NKE_10-K_0000320187-21-000028.txt,0000320187-21-000028,0.0,1.0,1.0
NKE,10-Q,2021-10-05,NKE_10-Q_0000320187-21-000045.txt,0000320187-21-000045,1.0,1.0,1.0
NKE,10-Q,2022-04-05,NKE_10-Q_0000320187-22-000017.txt,0000320187-22-000017,-1.0,1.0,-1.0
NKE,10-K,2022-07-21,NKE_10-K_0000320187-22-000038.txt,0000320187-22-000038,0.0,0.0,1.0
NKE,10-Q,2022-10-06,NKE_10-Q_0000320187-22-000058.txt,0000320187-22-000058,0.0,0.0,0.0
NKE,10-Q,2023-01-05,NKE_10-Q_0000320187-23-000003.txt,0000320187-23-000003,1.0,1.0,1.0
NKE,10-Q,2023-04-06,NKE_10-Q_0000320187-23-000013.txt,0000320187-23-000013,1.0,1.0,1.0
NKE,10-K,2023-07-20,NKE_10-K_0000320187-23-000039.txt,0000320187-23-000039,0.0,0.0,-1.0
NKE,10-Q,2024-01-05,NKE_10-Q_0000320187-24-000004.txt,0000320187-24-000004,1.0,0.0,0.0
NKE,10-K,2024-07-25,NKE_10-K_0000320187-24-000044.txt,0000320187-24-000044,0.0,0.0,1.0
NKE,10-Q,2025-01-03,NKE_10-Q_0000320187-25-000004.txt,0000320187-25-000004,-1.0,0.0,1.0
NKE,10-Q,2025-04-03,NKE_10-Q_0000320187-25-000016.txt,0000320187-25-000016,0.0,0.0,1.0
NKE,10-K,2025-07-17,NKE_10-K_0000320187-25-000047.txt,0000320187-25-000047,0.0,0.0,1.0
NKE,10-Q,2025-10-01,NKE_10-Q_0000320187-25-000097.txt,0000320187-25-000097,-1.0,-1.0,-1.0
ADBE,10-K,2016-01-19,ADBE_10-K_0000796343-16-000224.txt,0000796343-16-000224,-1.0,0.0,-1.0
ADBE,10-Q,2016-03-30,ADBE_10-Q_0000796343-16-000290.txt,0000796343-16-000290,1.0,0.0,1.0
ADBE,10-Q,2016-06-29,ADBE_10-Q_0000796343-16-000352.txt,0000796343-16-000352,0.0,1.0,1.0
ADBE,10-K,2017-01-20,ADBE_10-K_0000796343-17-000031.txt,0000796343-17-000031,1.0,1.0,1.0
ADBE,10-Q,2017-03-29,ADBE_10-Q_0000796343-17-000088.txt,0000796343-17-000088,0.0,0.0,1.0
ADBE,10-Q,2017-06-28,ADBE_10-Q_0000796343-17-000130.txt,0000796343-17-000130,-1.0,0.0,1.0
ADBE,10-K,2018-01-22,ADBE_10-K_0000796343-18-000015.txt,0000796343-18-000015,0.0,-1.0,1.0
ADBE,10-Q,2018-03-28,ADBE_10-Q_0000796343-18-000065.txt,0000796343-18-000065,1.0,1.0,1.0
ADBE,10-Q,2018-06-27,ADBE_10-Q_0000796343-18-000134.txt,0000796343-18-000134,1.0,1.0,1.0
ADBE,10-Q,2018-09-26,ADBE_10-Q_0000796343-18-000160.txt,0000796343-18-000160,0.0,-1.0,-1.0
ADBE,10-K,2019-01-25,ADBE_10-K_0000796343-19-000019.txt,0000796343-19-000019,0.0,1.0,1.0
ADBE,10-Q,2019-03-27,ADBE_10-Q_0000796343-19-000079.txt,0000796343-19-000079,1.0,1.0,1.0
ADBE,10-Q,2019-09-26,ADBE_10-Q_0000796343-19-000165.txt,0000796343-19-000165,-1.0,-1.0,-1.0
ADBE,10-K,2020-01-21,ADBE_10-K_0000796343-20-000013.txt,0000796343-20-000013,1.0,1.0,1.0
ADBE,10-Q,2020-03-25,ADBE_10-Q_0000796343-20-000064.txt,0000796343-20-000064,0.0,0.0,1.0
ADBE,10-Q,2020-06-24,ADBE_10-Q_0000796343-20-000143.txt,0000796343-20-000143,0.0,1.0,0.0
ADBE,10-Q,2020-09-23,ADBE_10-Q_0000796343-20-000201.txt,0000796343-20-000201,1.0,1.0,1.0
ADBE,10-K,2021-01-15,ADBE_10-K_0000796343-21-000004.txt,0000796343-21-000004,1.0,1.0,1.0
ADBE,10-Q,2021-03-31,ADBE_10-Q_0000796343-21-000069.txt,0000796343-21-000069,1.0,1.0,1.0
ADBE,10-Q,2021-06-30,ADBE_10-Q_0000796343-21-000159.txt,0000796343-21-000159,1.0,1.0,1.0
ADBE,10-Q,2021-09-29,ADBE_10-Q_0000796343-21-000210.txt,0000796343-21-000210,0.0,1.0,1.0
ADBE,10-K,2022-01-21,ADBE_10-K_0000796343-22-000032.txt,0000796343-22-000032,1.0,1.0,-1.0
ADBE,10-Q,2022-03-30,ADBE_10-Q_0000796343-22-000099.txt,0000796343-22-000099,0.0,-1.0,-1.0
ADBE,10-Q,2022-06-29,ADBE_10-Q_0000796343-22-000157.txt,0000796343-22-000157,1.0,0.0,1.0
ADBE,10-Q,2022-09-28,ADBE_10-Q_0000796343-22-000196.txt,0000796343-22-000196,1.0,0.0,1.0
ADBE,10-K,2023-01-17,ADBE_10-K_0000796343-23-000007.txt,0000796343-23-000007,1.0,1.0,1.0
ADBE,10-Q,2023-03-29,ADBE_10-Q_0000796343-23-000055.txt,0000796343-23-000055,0.0,0.0,0.0
ADBE,10-Q,2023-09-27,ADBE_10-Q_0000796343-23-000205.txt,0000796343-23-000205,1.0,1.0,1.0
ADBE,10-K,2024-01-17,ADBE_10-K_0000796343-24-000006.txt,0000796343-24-000006,1.0,1.0,1.0
ADBE,10-Q,2024-03-27,ADBE_10-Q_0000796343-24-000065.txt,0000796343-24-000065,0.0,-1.0,-1.0
ADBE,10-Q,2024-06-26,ADBE_10-Q_0000796343-24-000150.txt,0000796343-24-000150,1.0,1.0,0.0
ADBE,10-Q,2024-09-25,ADBE_10-Q_0000796343-24-000208.txt,0000796343-24-000208,0.0,-1.0,-1.0
ADBE,10-K,2025-01-13,ADBE_10-K_0000796343-25-000004.txt,0000796343-25-000004,1.0,1.0,1.0
ADBE,10-Q,2025-03-26,ADBE_10-Q_0000796343-25-000059.txt,0000796343-25-000059,0.0,-1.0,-1.0
ADBE,10-Q,2025-06-25,ADBE_10-Q_0000796343-25-000073.txt,0000796343-25-000073,-1.0,-1.0,-1.0
ADBE,10-Q,2025-09-24,ADBE_10-Q_0000796343-25-000107.txt,0000796343-25-000107,-1.0,0.0,0.0
VZ,10-K,2016-02-23,VZ_10-K_0001193125-16-473367.txt,0001193125-16-473367,1.0,1.0,1.0
VZ,10-Q,2016-04-28,VZ_10-Q_0001193125-16-562197.txt,0001193125-16-562197,0.0,0.0,-1.0
VZ,10-Q,2016-07-29,VZ_10-Q_0001193125-16-664131.txt,0001193125-16-664131,-1.0,-1.0,-1.0
VZ,10-Q,2016-10-26,VZ_10-Q_0001193125-16-747399.txt,0001193125-16-747399,-1.0,0.0,1.0
VZ,10-K,2017-02-21,VZ_10-K_0001193125-17-050292.txt,0001193125-17-050292,0.0,0.0,1.0
VZ,10-Q,2017-04-27,VZ_10-Q_0001193125-17-141799.txt,0001193125-17-141799,-1.0,-1.0,-1.0
VZ,10-Q,2017-08-03,VZ_10-Q_0001193125-17-247167.txt,0001193125-17-247167,0.0,0.0,0.0
VZ,10-Q,2017-10-26,VZ_10-Q_0000732712-17-000009.txt,0000732712-17-000009,-1.0,-1.0,-1.0
VZ,10-K,2018-02-23,VZ_10-K_0000732712-18-000009.txt,0000732712-18-000009,0.0,0.0,-1.0
VZ,10-Q,2018-05-01,VZ_10-Q_0000732712-18-000022.txt,0000732712-18-000022,-1.0,-1.0,0.0
VZ,10-Q,2018-07-31,VZ_10-Q_0000732712-18-000044.txt,0000732712-18-000044,1.0,1.0,1.0
VZ,10-Q,2018-10-30,VZ_10-Q_0000732712-18-000055.txt,0000732712-18-000055,-1.0,0.0,1.0
VZ,10-K,2019-02-15,VZ_10-K_0000732712-19-000012.txt,0000732712-19-000012,1.0,1.0,1.0
VZ,10-Q,2019-08-08,VZ_10-Q_0000732712-19-000052.txt,0000732712-19-000052,0.0,1.0,1.0
VZ,10-Q,2019-10-30,VZ_10-Q_0000732712-19-000063.txt,0000732712-19-000063,-1.0,-1.0,-1.0
VZ,10-K,2020-02-21,VZ_10-K_0000732712-20-000014.txt,0000732712-20-000014,-1.0,-1.0,-1.0
VZ,10-Q,2020-04-27,VZ_10-Q_0000732712-20-000027.txt,0000732712-20-000027,-1.0,-1.0,-1.0
VZ,10-Q,2020-07-28,VZ_10-Q_0000732712-20-000052.txt,0000732712-20-000052,0.0,1.0,1.0
VZ,10-Q,2020-10-27,VZ_10-Q_0000732712-20-000061.txt,0000732712-20-000061,0.0,1.0,1.0
VZ,10-K,2021-02-25,VZ_10-K_0000732712-21-000012.txt,0000732712-21-000012,-1.0,-1.0,1.0
VZ,10-Q,2021-04-27,VZ_10-Q_0000732712-21-000024.txt,0000732712-21-000024,1.0,1.0,0.0
VZ,10-Q,2021-07-28,VZ_10-Q_0000732712-21-000046.txt,0000732712-21-000046,-1.0,0.0,-1.0
VZ,10-K,2022-02-11,VZ_10-K_0000732712-22-000008.txt,0000732712-22-000008,0.0,0.0,-1.0
VZ,10-Q,2022-04-27,VZ_10-Q_0000732712-22-000019.txt,0000732712-22-000019,0.0,0.0,1.0
VZ,10-Q,2022-07-28,VZ_10-Q_0000732712-22-000043.txt,0000732712-22-000043,-1.0,0.0,-1.0
VZ,10-K,2023-02-10,VZ_10-K_0000732712-23-000012.txt,0000732712-23-000012,0.0,-1.0,-1.0
VZ,10-Q,2023-04-27,VZ_10-Q_0000732712-23-000029.txt,0000732712-23-000029,-1.0,-1.0,-1.0
VZ,10-Q,2023-07-28,VZ_10-Q_0000732712-23-000055.txt,0000732712-23-000055,-1.0,0.0,0.0
VZ,10-K,2024-02-09,VZ_10-K_0000732712-24-000010.txt,0000732712-24-000010,0.0,0.0,0.0
VZ,10-Q,2024-04-25,VZ_10-Q_0000732712-24-000029.txt,0000732712-24-000029,0.0,0.0,0.0
VZ,10-Q,2024-07-25,VZ_10-Q_0000732712-24-000052.txt,0000732712-24-000052,1.0,0.0,1.0
VZ,10-K,2025-02-12,VZ_10-K_0000732712-25-000006.txt,0000732712-25-000006,1.0,1.0,1.0
VZ,10-Q,2025-07-25,VZ_10-Q_0000732712-25-000086.txt,0000732712-25-000086,0.0,0.0,1.0
VZ,10-Q,2025-10-29,VZ_10-Q_0000732712-25-000116.txt,0000732712-25-000116,0.0,0.0,0.0
NEE,10-K,2016-02-22,NEE_10-K_0000753308-16-000337.txt,0000753308-16-000337,-1.0,0.0,1.0
NEE,10-Q,2016-04-29,NEE_10-Q_0000753308-16-000372.txt,0000753308-16-000372,0.0,1.0,1.0
NEE,10-Q,2016-07-28,NEE_10-Q_0000753308-16-000402.txt,0000753308-16-000402,0.0,0.0,-1.0
NEE,10-Q,2016-11-01,NEE_10-Q_0000753308-16-000444.txt,0000753308-16-000444,0.0,-1.0,-1.0
NEE,10-K,2017-02-23,NEE_10-K_0000753308-17-000060.txt,0000753308-17-000060,1.0,0.0,1.0
NEE,10-Q,2017-04-21,NEE_10-Q_0000753308-17-000081.txt,0000753308-17-000081,0.0,1.0,1.0
NEE,10-Q,2017-10-26,NEE_10-Q_0000753308-17-000142.txt,0000753308-17-000142,-1.0,1.0,1.0
NEE,10-Q,2018-04-24,NEE_10-Q_0000753308-18-000081.txt,0000753308-18-000081,0.0,-1.0,-1.0
NEE,10-Q,2018-07-25,NEE_10-Q_0000753308-18-000114.txt,0000753308-18-000114,0.0,1.0,1.0
NEE,10-Q,2018-10-23,NEE_10-Q_0000753308-18-000159.txt,0000753308-18-000159,1.0,0.0,1.0
NEE,10-Q,2019-04-23,NEE_10-Q_0000753308-19-000118.txt,0000753308-19-000118,1.0,0.0,1.0
NEE,10-Q,2019-07-24,NEE_10-Q_0000753308-19-000165.txt,0000753308-19-000165,-1.0,1.0,1.0
NEE,10-Q,2019-10-23,NEE_10-Q_0000753308-19-000207.txt,0000753308-19-000207,0.0,-1.0,0.0
NEE,10-K,2020-02-14,NEE_10-K_0000753308-20-000021.txt,0000753308-20-000021,-1.0,-1.0,-1.0
NEE,10-Q,2020-04-23,NEE_10-Q_0000753308-20-000113.txt,0000753308-20-000113,0.0,-1.0,-1.0
NEE,10-Q,2020-07-24,NEE_10-Q_0000753308-20-000150.txt,0000753308-20-000150,0.0,1.0,0.0
NEE,10-Q,2020-10-23,NEE_10-Q_0000753308-20-000186.txt,0000753308-20-000186,-1.0,0.0,0.0
NEE,10-K,2021-02-12,NEE_10-K_0000753308-21-000014.txt,0000753308-21-000014,-1.0,-1.0,-1.0
NEE,10-Q,2021-04-23,NEE_10-Q_0000753308-21-000108.txt,0000753308-21-000108,0.0,-1.0,-1.0
NEE,10-Q,2021-07-26,NEE_10-Q_0000753308-21-000148.txt,0000753308-21-000148,1.0,1.0,1.0
NEE,10-Q,2021-10-25,NEE_10-Q_0000753308-21-000167.txt,0000753308-21-000167,1.0,0.0,1.0
NEE,10-Q,2022-07-27,NEE_10-Q_0000753308-22-000055.txt,0000753308-22-000055,1.0,1.0,1.0
NEE,10-Q,2022-11-03,NEE_10-Q_0000753308-22-000081.txt,0000753308-22-000081,1.0,1.0,1.0
NEE,10-K,2023-02-17,NEE_10-K_0000753308-23-000019.txt,0000753308-23-000019,-1.0,0.0,0.0
NEE,10-Q,2023-04-26,NEE_10-Q_0000753308-23-000033.txt,0000753308-23-000033,1.0,1.0,0.0
NEE,10-Q,2023-07-26,NEE_10-Q_0000753308-23-000045.txt,0000753308-23-000045,-1.0,-1.0,-1.0
NEE,10-Q,2023-11-07,NEE_10-Q_0000753308-23-000058.txt,0000753308-23-000058,0.0,0.0,1.0
NEE,10-Q,2024-04-23,NEE_10-Q_0000753308-24-000023.txt,0000753308-24-000023,0.0,1.0,1.0
NEE,10-Q,2024-10-23,NEE_10-Q_0000753308-24-000057.txt,0000753308-24-000057,-1.0,-1.0,-1.0
NEE,10-K,2025-02-14,NEE_10-K_0000753308-25-000011.txt,0000753308-25-000011,1.0,1.0,1.0
NEE,10-Q,2025-04-23,NEE_10-Q_0000753308-25-000024.txt,0000753308-25-000024,0.0,0.0,1.0
NEE,10-Q,2025-07-23,NEE_10-Q_0000753308-25-000040.txt,0000753308-25-000040,-1.0,-1.0,1.0
NEE,10-Q,2025-10-28,NEE_10-Q_0000753308-25-000056.txt,0000753308-25-000056,-1.0,1.0,1.0
ABBV,10-K,2016-02-19,ABBV_10-K_0001047469-16-010239.txt,0001047469-16-010239,1.0,1.0,1.0
ABBV,10-Q,2016-05-06,ABBV_10-Q_0001104659-16-118639.txt,0001104659-16-118639,-1.0,-1.0,0.0
ABBV,10-Q,2016-11-07,ABBV_10-Q_0001551152-16-000005.txt,0001551152-16-000005,1.0,1.0,1.0
ABBV,10-K,2017-02-17,ABBV_10-K_0001551152-17-000004.txt,0001551152-17-000004,0.0,1.0,1.0
ABBV,10-Q,2017-05-05,ABBV_10-Q_0001551152-17-000016.txt,0001551152-17-000016,-1.0,-1.0,1.0
ABBV,10-Q,2017-08-07,ABBV_10-Q_0001551152-17-000025.txt,0001551152-17-000025,0.0,0.0,1.0
ABBV,10-Q,2017-11-07,ABBV_10-Q_0001551152-17-000035.txt,0001551152-17-000035,0.0,0.0,0.0
ABBV,10-K,2018-02-16,ABBV_10-K_0001551152-18-000014.txt,0001551152-18-000014,0.0,0.0,-1.0
ABBV,10-Q,2018-05-04,ABBV_10-Q_0001551152-18-000025.txt,0001551152-18-000025,1.0,1.0,0.0
ABBV,10-Q,2018-08-07,ABBV_10-Q_0001551152-18-000032.txt,0001551152-18-000032,0.0,1.0,0.0
ABBV,10-Q,2018-11-07,ABBV_10-Q_0001551152-18-000042.txt,0001551152-18-000042,0.0,0.0,0.0
ABBV,10-K,2019-02-27,ABBV_10-K_0001551152-19-000008.txt,0001551152-19-000008,-1.0,0.0,0.0
ABBV,10-Q,2019-05-03,ABBV_10-Q_0001551152-19-000016.txt,0001551152-19-000016,-1.0,0.0,-1.0
ABBV,10-Q,2019-08-05,ABBV_10-Q_0001551152-19-000023.txt,0001551152-19-000023,-1.0,1.0,0.0
ABBV,10-Q,2019-11-06,ABBV_10-Q_0001551152-19-000030.txt,0001551152-19-000030,1.0,1.0,1.0
ABBV,10-K,2020-02-21,ABBV_10-K_0001551152-20-000007.txt,0001551152-20-000007,-1.0,-1.0,-1.0
ABBV,10-Q,2020-05-08,ABBV_10-Q_0001551152-20-000015.txt,0001551152-20-000015,1.0,1.0,1.0
ABBV,10-Q,2020-08-04,ABBV_10-Q_0001551152-20-000023.txt,0001551152-20-000023,-1.0,1.0,-1.0
ABBV,10-Q,2020-11-04,ABBV_10-Q_0001551152-20-000032.txt,0001551152-20-000032,1.0,1.0,1.0
ABBV,10-K,2021-02-19,ABBV_10-K_0001551152-21-000008.txt,0001551152-21-000008,1.0,0.0,0.0
ABBV,10-Q,2021-05-07,ABBV_10-Q_0001551152-21-000016.txt,0001551152-21-000016,0.0,0.0,-1.0
ABBV,10-Q,2021-08-02,ABBV_10-Q_0001551152-21-000025.txt,0001551152-21-000025,-1.0,1.0,1.0
ABBV,10-Q,2021-11-02,ABBV_10-Q_0001551152-21-000031.txt,0001551152-21-000031,0.0,0.0,0.0
ABBV,10-K,2022-02-18,ABBV_10-K_0001551152-22-000007.txt,0001551152-22-000007,1.0,1.0,1.0
ABBV,10-Q,2022-05-06,ABBV_10-Q_0001551152-22-000017.txt,0001551152-22-000017,0.0,0.0,-1.0
ABBV,10-Q,2022-08-04,ABBV_10-Q_0001551152-22-000030.txt,0001551152-22-000030,1.0,1.0,0.0
ABBV,10-Q,2022-11-04,ABBV_10-Q_0001551152-22-000045.txt,0001551152-22-000045,1.0,1.0,1.0
ABBV,10-K,2023-02-17,ABBV_10-K_0001551152-23-000011.txt,0001551152-23-000011,1.0,1.0,1.0
ABBV,10-Q,2023-05-05,ABBV_10-Q_0001551152-23-000023.txt,0001551152-23-000023,0.0,0.0,-1.0
ABBV,10-Q,2023-08-07,ABBV_10-Q_0001551152-23-000033.txt,0001551152-23-000033,0.0,0.0,-1.0
ABBV,10-Q,2023-11-06,ABBV_10-Q_0001551152-23-000045.txt,0001551152-23-000045,-1.0,-1.0,1.0
ABBV,10-K,2024-02-20,ABBV_10-K_0001551152-24-000011.txt,0001551152-24-000011,1.0,1.0,1.0
ABBV,10-Q,2024-05-03,ABBV_10-Q_0001551152-24-000020.txt,0001551152-24-000020,-1.0,1.0,-1.0
ABBV,10-Q,2024-08-07,ABBV_10-Q_0001551152-24-000031.txt,0001551152-24-000031,1.0,1.0,1.0
ABBV,10-Q,2024-11-04,ABBV_10-Q_0001551152-24-000040.txt,0001551152-24-000040,-1.0,-1.0,-1.0
ABBV,10-K,2025-02-14,ABBV_10-K_0001551152-25-000020.txt,0001551152-25-000020,1.0,1.0,1.0
ABBV,10-Q,2025-05-09,ABBV_10-Q_0001551152-25-000029.txt,0001551152-25-000029,0.0,0.0,1.0
ABBV,10-Q,2025-08-04,ABBV_10-Q_0001551152-25-000040.txt,0001551152-25-000040,0.0,1.0,1.0
ABBV,10-Q,2025-11-04,ABBV_10-Q_0001551152-25-000049.txt,0001551152-25-000049,1.0,1.0,1.0
WMT,10-K,2016-03-30,WMT_10-K_0000104169-16-000079.txt,0000104169-16-000079,0.0,0.0,1.0
WMT,10-Q,2016-06-03,WMT_10-Q_0000104169-16-000088.txt,0000104169-16-000088,0.0,0.0,1.0
WMT,10-Q,2016-08-31,WMT_10-Q_0000104169-16-000119.txt,0000104169-16-000119,0.0,1.0,-1.0
WMT,10-Q,2016-12-01,WMT_10-Q_0000104169-16-000140.txt,0000104169-16-000140,0.0,1.0,-1.0
WMT,10-K,2017-03-31,WMT_10-K_0000104169-17-000021.txt,0000104169-17-000021,1.0,1.0,1.0
WMT,10-Q,2017-06-02,WMT_10-Q_0000104169-17-000029.txt,0000104169-17-000029,0.0,-1.0,-1.0
WMT,10-Q,2017-08-31,WMT_10-Q_0000104169-17-000057.txt,0000104169-17-000057,1.0,1.0,0.0
WMT,10-Q,2017-12-01,WMT_10-Q_0000104169-17-000081.txt,0000104169-17-000081,0.0,0.0,0.0
WMT,10-K,2018-03-30,WMT_10-K_0000104169-18-000028.txt,0000104169-18-000028,0.0,0.0,1.0
WMT,10-Q,2018-06-04,WMT_10-Q_0000104169-18-000054.txt,0000104169-18-000054,0.0,-1.0,-1.0
WMT,10-Q,2018-09-06,WMT_10-Q_0000104169-18-000086.txt,0000104169-18-000086,0.0,0.0,-1.0
WMT,10-Q,2018-11-30,WMT_10-Q_0000104169-18-000110.txt,0000104169-18-000110,-1.0,-1.0,-1.0
WMT,10-K,2019-03-28,WMT_10-K_0000104169-19-000016.txt,0000104169-19-000016,1.0,1.0,1.0
WMT,10-Q,2019-06-07,WMT_10-Q_0000104169-19-000024.txt,0000104169-19-000024,1.0,1.0,1.0
WMT,10-Q,2019-09-06,WMT_10-Q_0000104169-19-000064.txt,0000104169-19-000064,1.0,1.0,1.0
WMT,10-Q,2019-12-04,WMT_10-Q_0000104169-19-000088.txt,0000104169-19-000088,1.0,1.0,0.0
WMT,10-K,2020-03-20,WMT_10-K_0000104169-20-000011.txt,0000104169-20-000011,0.0,0.0,1.0
WMT,10-Q,2020-06-03,WMT_10-Q_0000104169-20-000020.txt,0000104169-20-000020,-1.0,-1.0,-1.0
WMT,10-Q,2020-09-02,WMT_10-Q_0000104169-20-000042.txt,0000104169-20-000042,-1.0,-1.0,-1.0
WMT,10-Q,2020-12-02,WMT_10-Q_0000104169-20-000076.txt,0000104169-20-000076,-1.0,-1.0,-1.0
WMT,10-K,2021-03-19,WMT_10-K_0000104169-21-000033.txt,0000104169-21-000033,1.0,1.0,1.0
WMT,10-Q,2021-06-04,WMT_10-Q_0000104169-21-000042.txt,0000104169-21-000042,0.0,-1.0,-1.0
WMT,10-Q,2021-09-02,WMT_10-Q_0000104169-21-000058.txt,0000104169-21-000058,-1.0,-1.0,-1.0
WMT,10-Q,2021-12-01,WMT_10-Q_0000104169-21-000072.txt,0000104169-21-000072,0.0,1.0,1.0
WMT,10-K,2022-03-18,WMT_10-K_0000104169-22-000012.txt,0000104169-22-000012,-1.0,1.0,1.0
WMT,10-Q,2022-06-03,WMT_10-Q_0000104169-22-000029.txt,0000104169-22-000029,0.0,-1.0,0.0
WMT,10-Q,2022-09-02,WMT_10-Q_0000104169-22-000072.txt,0000104169-22-000072,1.0,0.0,0.0
WMT,10-Q,2022-12-01,WMT_10-Q_0000104169-22-000083.txt,0000104169-22-000083,-1.0,-1.0,-1.0
WMT,10-K,2023-03-17,WMT_10-K_0000104169-23-000020.txt,0000104169-23-000020,1.0,1.0,1.0
WMT,10-Q,2023-06-02,WMT_10-Q_0000104169-23-000052.txt,0000104169-23-000052,1.0,1.0,1.0
WMT,10-Q,2023-09-01,WMT_10-Q_0000104169-23-000097.txt,0000104169-23-000097,1.0,1.0,-1.0
WMT,10-Q,2023-11-30,WMT_10-Q_0000104169-23-000132.txt,0000104169-23-000132,0.0,0.0,0.0
WMT,10-K,2024-03-15,WMT_10-K_0000104169-24-000056.txt,0000104169-24-000056,0.0,-1.0,-1.0
WMT,10-Q,2024-06-07,WMT_10-Q_0000104169-24-000105.txt,0000104169-24-000105,0.0,1.0,1.0
WMT,10-Q,2024-08-30,WMT_10-Q_0000104169-24-000141.txt,0000104169-24-000141,0.0,1.0,1.0
WMT,10-Q,2024-12-06,WMT_10-Q_0000104169-24-000178.txt,0000104169-24-000178,-1.0,-1.0,-1.0
WMT,10-K,2025-03-14,WMT_10-K_0000104169-25-000021.txt,0000104169-25-000021,0.0,0.0,1.0
WMT,10-Q,2025-06-06,WMT_10-Q_0000104169-25-000090.txt,0000104169-25-000090,-1.0,0.0,0.0
WMT,10-Q,2025-08-29,WMT_10-Q_0000104169-25-000137.txt,0000104169-25-000137,1.0,1.0,1.0
GOOGL,10-K,2016-02-11,GOOGL_10-K_0001652044-16-000012.txt,0001652044-16-000012,1.0,1.0,1.0
GOOGL,10-Q,2016-05-03,GOOGL_10-Q_0001652044-16-000021.txt,0001652044-16-000021,1.0,1.0,1.0
GOOGL,10-Q,2016-08-04,GOOGL_10-Q_0001652044-16-000032.txt,0001652044-16-000032,1.0,0.0,0.0
GOOGL,10-Q,2016-11-03,GOOGL_10-Q_0001652044-16-000038.txt,0001652044-16-000038,0.0,0.0,-1.0
GOOGL,10-K,2017-02-03,GOOGL_10-K_0001652044-17-000008.txt,0001652044-17-000008,1.0,1.0,1.0
GOOGL,10-Q,2017-05-02,GOOGL_10-Q_0001652044-17-000014.txt,0001652044-17-000014,1.0,1.0,1.0
GOOGL,10-Q,2017-07-25,GOOGL_10-Q_0001652044-17-000026.txt,0001652044-17-000026,-1.0,-1.0,-1.0
GOOGL,10-Q,2017-10-27,GOOGL_10-Q_0001652044-17-000042.txt,0001652044-17-000042,1.0,0.0,1.0
GOOGL,10-K,2018-02-06,GOOGL_10-K_0001652044-18-000007.txt,0001652044-18-000007,-1.0,1.0,1.0
GOOGL,10-Q,2018-04-24,GOOGL_10-Q_0001652044-18-000016.txt,0001652044-18-000016,0.0,1.0,1.0
GOOGL,10-Q,2018-07-24,GOOGL_10-Q_0001652044-18-000027.txt,0001652044-18-000027,-1.0,0.0,-1.0
GOOGL,10-Q,2018-10-26,GOOGL_10-Q_0001652044-18-000035.txt,0001652044-18-000035,0.0,0.0,-1.0
GOOGL,10-K,2019-02-05,GOOGL_10-K_0001652044-19-000004.txt,0001652044-19-000004,-1.0,-1.0,0.0
GOOGL,10-Q,2019-04-30,GOOGL_10-Q_0001652044-19-000015.txt,0001652044-19-000015,0.0,-1.0,-1.0
GOOGL,10-Q,2019-07-26,GOOGL_10-Q_0001652044-19-000023.txt,0001652044-19-000023,-1.0,-1.0,-1.0
GOOGL,10-Q,2019-10-29,GOOGL_10-Q_0001652044-19-000032.txt,0001652044-19-000032,1.0,1.0,1.0
GOOGL,10-K,2020-02-04,GOOGL_10-K_0001652044-20-000008.txt,0001652044-20-000008,1.0,1.0,-1.0
GOOGL,10-Q,2020-04-29,GOOGL_10-Q_0001652044-20-000021.txt,0001652044-20-000021,0.0,0.0,1.0
GOOGL,10-Q,2020-07-31,GOOGL_10-Q_0001652044-20-000032.txt,0001652044-20-000032,0.0,0.0,1.0
GOOGL,10-Q,2020-10-30,GOOGL_10-Q_0001652044-20-000050.txt,0001652044-20-000050,1.0,1.0,1.0
GOOGL,10-K,2021-02-03,GOOGL_10-K_0001652044-21-000010.txt,0001652044-21-000010,0.0,0.0,0.0
GOOGL,10-Q,2021-04-28,GOOGL_10-Q_0001652044-21-000020.txt,0001652044-21-000020,-1.0,-1.0,0.0
GOOGL,10-Q,2021-07-28,GOOGL_10-Q_0001652044-21-000047.txt,0001652044-21-000047,0.0,0.0,1.0
GOOGL,10-Q,2021-10-27,GOOGL_10-Q_0001652044-21-000057.txt,0001652044-21-000057,0.0,0.0,0.0
GOOGL,10-K,2022-02-02,GOOGL_10-K_0001652044-22-000019.txt,0001652044-22-000019,-1.0,-1.0,-1.0
GOOGL,10-Q,2022-04-27,GOOGL_10-Q_0001652044-22-000029.txt,0001652044-22-000029,1.0,0.0,-1.0
GOOGL,10-Q,2022-07-27,GOOGL_10-Q_0001652044-22-000071.txt,0001652044-22-000071,1.0,1.0,0.0
GOOGL,10-Q,2022-10-26,GOOGL_10-Q_0001652044-22-000090.txt,0001652044-22-000090,-1.0,-1.0,1.0
GOOGL,10-K,2023-02-03,GOOGL_10-K_0001652044-23-000016.txt,0001652044-23-000016,-1.0,-1.0,-1.0
GOOGL,10-Q,2023-04-26,GOOGL_10-Q_0001652044-23-000045.txt,0001652044-23-000045,1.0,1.0,1.0
GOOGL,10-Q,2023-07-26,GOOGL_10-Q_0001652044-23-000070.txt,0001652044-23-000070,0.0,0.0,1.0
GOOGL,10-Q,2023-10-25,GOOGL_10-Q_0001652044-23-000094.txt,0001652044-23-000094,0.0,1.0,1.0
GOOGL,10-K,2024-01-31,GOOGL_10-K_0001652044-24-000022.txt,0001652044-24-000022,1.0,1.0,0.0
GOOGL,10-Q,2024-04-26,GOOGL_10-Q_0001652044-24-000053.txt,0001652044-24-000053,-1.0,0.0,0.0
GOOGL,10-Q,2024-07-24,GOOGL_10-Q_0001652044-24-000079.txt,0001652044-24-000079,0.0,-1.0,-1.0
GOOGL,10-Q,2024-10-30,GOOGL_10-Q_0001652044-24-000118.txt,0001652044-24-000118,0.0,1.0,-1.0
GOOGL,10-K,2025-02-05,GOOGL_10-K_0001652044-25-000014.txt,0001652044-25-000014,-1.0,-1.0,-1.0
GOOGL,10-Q,2025-04-25,GOOGL_10-Q_0001652044-25-000043.txt,0001652044-25-000043,0.0,-1.0,1.0
GOOGL,10-Q,2025-07-24,GOOGL_10-Q_0001652044-25-000062.txt,0001652044-25-000062,0.0,1.0,1.0
GOOGL,10-Q,2025-10-30,GOOGL_10-Q_0001652044-25-000091.txt,0001652044-25-000091,0.0,0.0,1.0
LIN,10-Q,2017-10-30,LIN_10-Q_0001707925-17-000008.txt,0001707925-17-000008,0.0,0.0,1.0
LIN,10-K,2018-03-23,LIN_10-K_0001707925-18-000004.txt,0001707925-18-000004,0.0,0.0,1.0
LIN,10-Q,2018-11-09,LIN_10-Q_0001707925-18-000033.txt,0001707925-18-000033,-1.0,-1.0,-1.0
LIN,10-K,2019-03-18,LIN_10-K_0001628280-19-003050.txt,0001628280-19-003050,-1.0,1.0,1.0
LIN,10-Q,2019-05-10,LIN_10-Q_0001628280-19-006519.txt,0001628280-19-006519,1.0,1.0,1.0
LIN,10-Q,2019-08-09,LIN_10-Q_0001707925-19-000059.txt,0001707925-19-000059,-1.0,-1.0,-1.0
LIN,10-Q,2019-11-12,LIN_10-Q_0001707925-19-000076.txt,0001707925-19-000076,0.0,0.0,0.0
LIN,10-K,2020-03-02,LIN_10-K_0001707925-20-000015.txt,0001707925-20-000015,-1.0,-1.0,-1.0
LIN,10-Q,2020-05-07,LIN_10-Q_0001707925-20-000047.txt,0001707925-20-000047,-1.0,1.0,1.0
LIN,10-Q,2020-07-31,LIN_10-Q_0001628280-20-011079.txt,0001628280-20-011079,0.0,1.0,1.0
LIN,10-Q,2020-11-05,LIN_10-Q_0001628280-20-015678.txt,0001628280-20-015678,0.0,0.0,0.0
LIN,10-K,2021-03-01,LIN_10-K_0001628280-21-003574.txt,0001628280-21-003574,0.0,1.0,1.0
LIN,10-Q,2021-05-06,LIN_10-Q_0001628280-21-009226.txt,0001628280-21-009226,0.0,0.0,1.0
LIN,10-Q,2021-07-30,LIN_10-Q_0001628280-21-015013.txt,0001628280-21-015013,0.0,0.0,1.0
LIN,10-Q,2021-10-29,LIN_10-Q_0001628280-21-020801.txt,0001628280-21-020801,1.0,1.0,0.0
LIN,10-K,2022-02-28,LIN_10-K_0001628280-22-004180.txt,0001628280-22-004180,-1.0,0.0,1.0
LIN,10-Q,2022-05-02,LIN_10-Q_0001628280-22-011722.txt,0001628280-22-011722,-1.0,0.0,1.0
LIN,10-Q,2022-07-28,LIN_10-Q_0001628280-22-019683.txt,0001628280-22-019683,0.0,1.0,0.0
LIN,10-Q,2022-10-27,LIN_10-Q_0001628280-22-027183.txt,0001628280-22-027183,0.0,1.0,1.0
LIN,10-K,2023-02-28,LIN_10-K_0001628280-23-005434.txt,0001628280-23-005434,0.0,0.0,0.0
LIN,10-Q,2023-04-27,LIN_10-Q_0001628280-23-013457.txt,0001628280-23-013457,-1.0,0.0,-1.0
LIN,10-Q,2023-07-27,LIN_10-Q_0001628280-23-025878.txt,0001628280-23-025878,0.0,0.0,-1.0
LIN,10-Q,2023-10-26,LIN_10-Q_0001628280-23-035251.txt,0001628280-23-035251,1.0,1.0,1.0
LIN,10-K,2024-02-28,LIN_10-K_0001628280-24-007424.txt,0001628280-24-007424,1.0,1.0,1.0
LIN,10-Q,2024-05-02,LIN_10-Q_0001707925-24-000090.txt,0001707925-24-000090,1.0,1.0,1.0
LIN,10-Q,2024-08-02,LIN_10-Q_0001628280-24-034299.txt,0001628280-24-034299,-1.0,0.0,1.0
LIN,10-Q,2024-10-31,LIN_10-Q_0001628280-24-044457.txt,0001628280-24-044457,1.0,0.0,1.0
LIN,10-K,2025-02-26,LIN_10-K_0001628280-25-007990.txt,0001628280-25-007990,1.0,-1.0,0.0
LIN,10-Q,2025-05-01,LIN_10-Q_0001628280-25-021379.txt,0001628280-25-021379,0.0,0.0,1.0
LIN,10-Q,2025-08-01,LIN_10-Q_0001628280-25-037164.txt,0001628280-25-037164,1.0,1.0,1.0
LIN,10-Q,2025-10-31,LIN_10-Q_0001628280-25-047710.txt,0001628280-25-047710,0.0,1.0,-1.0
AVGO,10-Q,2018-06-14,AVGO_10-Q_0001730168-18-000019.txt,0001730168-18-000019,-1.0,-1.0,-1.0
AVGO,10-Q,2018-09-13,AVGO_10-Q_0001730168-18-000039.txt,0001730168-18-000039,1.0,1.0,0.0
AVGO,10-K,2018-12-21,AVGO_10-K_0001730168-18-000084.txt,0001730168-18-000084,1.0,-1.0,1.0
AVGO,10-Q,2019-03-15,AVGO_10-Q_0001730168-19-000036.txt,0001730168-19-000036,0.0,1.0,1.0
AVGO,10-Q,2019-06-14,AVGO_10-Q_0001730168-19-000101.txt,0001730168-19-000101,1.0,1.0,1.0
AVGO,10-Q,2019-09-13,AVGO_10-Q_0001730168-19-000118.txt,0001730168-19-000118,0.0,-1.0,-1.0
AVGO,10-K,2019-12-20,AVGO_10-K_0001730168-19-000144.txt,0001730168-19-000144,-1.0,-1.0,-1.0
AVGO,10-Q,2020-03-13,AVGO_10-Q_0001730168-20-000045.txt,0001730168-20-000045,-1.0,0.0,1.0
AVGO,10-Q,2020-06-12,AVGO_10-Q_0001730168-20-000109.txt,0001730168-20-000109,0.0,1.0,1.0
AVGO,10-Q,2020-09-11,AVGO_10-Q_0001730168-20-000164.txt,0001730168-20-000164,0.0,0.0,1.0
AVGO,10-K,2020-12-18,AVGO_10-K_0001730168-20-000226.txt,0001730168-20-000226,0.0,-1.0,1.0
AVGO,10-Q,2021-03-12,AVGO_10-Q_0001730168-21-000045.txt,0001730168-21-000045,1.0,1.0,1.0
AVGO,10-Q,2021-06-11,AVGO_10-Q_0001730168-21-000116.txt,0001730168-21-000116,-1.0,0.0,1.0
AVGO,10-Q,2021-09-09,AVGO_10-Q_0001730168-21-000123.txt,0001730168-21-000123,1.0,1.0,0.0
AVGO,10-K,2021-12-17,AVGO_10-K_0001730168-21-000153.txt,0001730168-21-000153,1.0,1.0,-1.0
AVGO,10-Q,2022-03-10,AVGO_10-Q_0001730168-22-000029.txt,0001730168-22-000029,1.0,1.0,1.0
AVGO,10-Q,2022-06-09,AVGO_10-Q_0001730168-22-000081.txt,0001730168-22-000081,-1.0,-1.0,-1.0
AVGO,10-Q,2022-09-08,AVGO_10-Q_0001730168-22-000094.txt,0001730168-22-000094,-1.0,-1.0,-1.0
AVGO,10-K,2022-12-16,AVGO_10-K_0001730168-22-000118.txt,0001730168-22-000118,0.0,0.0,1.0
AVGO,10-Q,2023-03-08,AVGO_10-Q_0001730168-23-000008.txt,0001730168-23-000008,0.0,0.0,0.0
AVGO,10-Q,2023-06-07,AVGO_10-Q_0001730168-23-000064.txt,0001730168-23-000064,1.0,1.0,1.0
AVGO,10-Q,2023-09-06,AVGO_10-Q_0001730168-23-000077.txt,0001730168-23-000077,0.0,-1.0,-1.0
AVGO,10-K,2023-12-14,AVGO_10-K_0001730168-23-000096.txt,0001730168-23-000096,0.0,0.0,0.0
AVGO,10-Q,2024-03-14,AVGO_10-Q_0001730168-24-000023.txt,0001730168-24-000023,1.0,1.0,1.0
AVGO,10-Q,2024-06-13,AVGO_10-Q_0001730168-24-000080.txt,0001730168-24-000080,0.0,-1.0,0.0
AVGO,10-Q,2024-09-11,AVGO_10-Q_0001730168-24-000099.txt,0001730168-24-000099,0.0,1.0,1.0
AVGO,10-K,2024-12-20,AVGO_10-K_0001730168-24-000139.txt,0001730168-24-000139,1.0,0.0,1.0
AVGO,10-Q,2025-03-12,AVGO_10-Q_0001730168-25-000021.txt,0001730168-25-000021,0.0,-1.0,-1.0
AVGO,10-Q,2025-06-11,AVGO_10-Q_0001730168-25-000064.txt,0001730168-25-000064,0.0,1.0,1.0
AVGO,10-Q,2025-09-10,AVGO_10-Q_0001730168-25-000098.txt,0001730168-25-000098,-1.0,-1.0,-1.0
DIS,10-Q,2019-05-08,DIS_10-Q_0001744489-19-000100.txt,0001744489-19-000100,0.0,0.0,0.0
DIS,10-Q,2019-08-06,DIS_10-Q_0001744489-19-000167.txt,0001744489-19-000167,-1.0,-1.0,-1.0
DIS,10-K,2019-11-20,DIS_10-K_0001744489-19-000225.txt,0001744489-19-000225,1.0,0.0,0.0
DIS,10-K,2020-11-25,DIS_10-K_0001744489-20-000197.txt,0001744489-20-000197,0.0,1.0,1.0
DIS,10-Q,2021-02-11,DIS_10-Q_0001744489-21-000047.txt,0001744489-21-000047,-1.0,0.0,1.0
DIS,10-K,2021-11-24,DIS_10-K_0001744489-21-000220.txt,0001744489-21-000220,-1.0,0.0,0.0
DIS,10-Q,2022-05-11,DIS_10-Q_0001744489-22-000100.txt,0001744489-22-000100,0.0,0.0,0.0
DIS,10-K,2022-11-29,DIS_10-K_0001744489-22-000213.txt,0001744489-22-000213,0.0,0.0,-1.0
DIS,10-Q,2023-05-10,DIS_10-Q_0001744489-23-000099.txt,0001744489-23-000099,-1.0,-1.0,-1.0
DIS,10-Q,2023-08-09,DIS_10-Q_0001744489-23-000171.txt,0001744489-23-000171,0.0,-1.0,-1.0
DIS,10-K,2023-11-21,DIS_10-K_0001744489-23-000216.txt,0001744489-23-000216,0.0,-1.0,-1.0
DIS,10-Q,2024-02-07,DIS_10-Q_0001744489-24-000081.txt,0001744489-24-000081,1.0,1.0,1.0
DIS,10-Q,2024-05-07,DIS_10-Q_0001744489-24-000152.txt,0001744489-24-000152,0.0,0.0,-1.0
DIS,10-Q,2024-08-07,DIS_10-Q_0001744489-24-000232.txt,0001744489-24-000232,0.0,1.0,1.0
DIS,10-K,2024-11-14,DIS_10-K_0001744489-24-000276.txt,0001744489-24-000276,1.0,1.0,1.0
DIS,10-Q,2025-02-05,DIS_10-Q_0001744489-25-000067.txt,0001744489-25-000067,-1.0,0.0,-1.0
DIS,10-Q,2025-05-07,DIS_10-Q_0001744489-25-000098.txt,0001744489-25-000098,1.0,1.0,1.0
DIS,10-Q,2025-08-06,DIS_10-Q_0001744489-25-000136.txt,0001744489-25-000136,1.0,1.0,1.0
DIS,10-K,2025-11-13,DIS_10-K_0001744489-25-000155.txt,0001744489-25-000155,-1.0,-1.0,1.0
