Date,Open,High,Low,Close,Volume
2015-12-16,91.63163399516483,93.25388748849937,91.22179899661785,93.13435363769531,3146800
2015-12-17,91.35840384144366,91.48647767301449,88.14805063016858,88.16513061523438,7181300
2015-12-18,88.05414938009798,88.05414938009798,87.0124980585346,87.02957153320312,5473700
2015-12-21,87.87484153176777,88.22490961840107,87.25155878771776,87.93460845947266,2176200
2015-12-22,88.19076123069476,88.74574359936813,87.72115926163876,88.59205627441406,1815100
2015-12-23,88.84818873481517,89.35194411699385,88.58350756780129,89.15556335449219,1491800
2015-12-24,88.9848071741732,89.47148259481399,88.95919370689315,88.99334716796875,686200
2015-12-28,88.4895681761877,88.96770347560405,88.30172744738702,88.86524963378906,1400900
2015-12-29,89.22385880172578,90.16305601260706,89.22385880172578,89.92398834228516,1563100
2015-12-30,89.90692017315556,90.83757744665625,89.57393211070064,90.38505554199219,2047300
2015-12-31,89.99229816964417,90.44482006229634,89.12140132625962,89.22386169433594,1987700
2016-01-04,87.6186841583489,87.64429762061745,86.20988510662997,86.94416809082031,2817000
2016-01-05,87.06369472907444,87.83213110415329,86.63678635559785,87.39668273925781,2409000
2016-01-06,86.07328640173225,87.99437457844145,85.842758686734,87.22594451904297,3134200
2016-01-07,85.16824628186288,86.09890369090346,84.39126968023953,84.66449737548828,3194700
2016-01-08,84.93770923395438,85.21946386406766,83.67405733855323,83.84481811523438,2330200
2016-01-11,84.08388814158322,85.1426192353983,83.74236009109603,84.72425079345703,2734400
2016-01-12,85.34753869896916,86.48311676804971,84.90355676595674,86.24404907226562,2811000
2016-01-13,86.568521395548,86.87589609450487,84.30590461704644,84.74989318847656,3160200
2016-01-14,84.63033968519186,87.49062520732396,84.45103890472338,86.98686981201172,4285500
2016-01-15,84.30587805308544,86.24404604492713,84.05827037282741,84.7583999633789,5184300
2016-01-19,85.51829313693675,87.04661946441034,85.19383858648108,86.55994415283203,3477500
2016-01-20,84.73279651110762,85.54392656244049,82.93978212969256,84.57910919189453,5245000
2016-01-21,84.56203172044361,85.3048548138732,83.67406130853779,83.92166900634766,4499300
2016-01-22,85.20240139043257,87.39671087597974,85.00602060920387,87.29425048828125,3609700
2016-01-25,87.26864007185156,88.07123018495729,86.44043648945218,86.87588500976562,2962100
2016-01-26,86.9100169616943,88.05412840100284,86.61971584863782,87.54183959960938,2925500
2016-01-27,87.66140808399699,88.45545831993938,86.5172961924822,87.0551986694336,3044300
2016-01-28,87.8065005189526,88.44686300178314,86.73922971423505,88.01142120361328,3378800
2016-01-29,88.25905065293776,90.20575204022444,88.14805029275196,90.11183166503906,4878500
2016-02-01,89.43734370437114,91.18767141353652,89.42027022810515,90.74368286132812,3693100
2016-02-02,89.88130432862394,90.18014546199673,88.32735779433123,88.64327239990234,2992900
2016-02-03,89.18117394789026,89.37755470406641,85.91106012216252,87.1747055053711,4535300
2016-02-04,87.27715232609754,87.96020184188681,86.55994284329795,87.71260070800781,3875400
2016-02-05,87.44794763966352,87.59309498630031,84.16929303415918,84.50228118896484,3894500
2016-02-08,82.52142641947536,82.52142641947536,79.70382730183064,81.17239379882812,6681700
2016-02-09,80.26734325055686,81.18092723982205,78.0388802134891,79.67820739746094,6679500
2016-02-10,80.62594351361149,81.74444175379797,80.36979579544176,80.43810272216797,4649100
2016-02-11,79.01224372323736,80.1905091030269,78.76463595588359,79.77214050292969,4202800
2016-02-12,80.62591765137886,81.1125929485057,80.2502361889985,80.8564453125,3122500
2016-02-16,82.17133828847817,82.89708136528665,81.52244212155388,82.74340057373047,3808300
2016-02-17,83.45208655804873,85.30487472740117,83.443553076692,84.53643798828125,3741700
2016-02-18,85.05722269294922,86.33794775339699,83.93871837723376,84.1180191040039,2740200
2016-02-19,83.9387413946473,84.5449506411328,83.61429330210903,84.48518371582031,3229400
2016-02-22,85.51829833302473,85.88543332288083,85.02308299947538,85.6805191040039,2126300
2016-02-23,85.67197677266535,85.96227787941223,84.9974672158559,85.08284759521484,2359100
2016-02-24,84.22904572099397,85.05724922737294,83.60575646426234,84.99748229980469,2567800
2016-02-25,85.34753097808976,86.17573435935213,84.66448141108465,86.15866088867188,2794500
2016-02-26,86.64534152281304,87.17470382961392,86.19281309582014,86.33796691894531,2109900
2016-02-29,85.96226968045856,86.85877986348315,85.50120785896918,85.60366821289062,2389500
2016-03-01,86.55994625736004,88.32734680175781,86.23549821312126,88.32734680175781,2125500
2016-03-02,88.35296151646482,88.35296151646482,87.07223637174711,87.65283203125,2436000
2016-03-03,87.47351308753264,87.81504104996564,86.3891688094697,87.77235412597656,2036200
2016-03-04,88.01995487237069,88.41271626177716,87.5759730828431,88.0968017578125,1581900
2016-03-07,87.46499299145268,87.56744683598295,86.66240313407178,87.43083953857422,1835600
2016-03-08,86.8758674607224,87.89191163150909,86.54287939895474,87.61869049072266,2330600
2016-03-09,87.88338817653322,88.30175670212978,87.6187069786813,88.28468322753906,2296300
2016-03-10,88.48958142076232,89.13848407716891,87.17470263645951,88.4383544921875,2406900
2016-03-11,89.215317293452,90.33382175217366,88.93356269484924,90.23136138916016,2952700
2016-03-14,89.7361439800252,91.10224955115805,89.62515014159432,90.77780151367188,2757900
2016-03-15,90.55580274036771,91.60600021278358,89.99228707071165,91.41815948486328,2391000
2016-03-16,91.5633403175677,92.14393618290848,90.72660324093691,91.86217498779297,2332800
2016-03-17,91.8621500225052,92.78427376640188,91.52062850026685,92.69035339355469,2876700
2016-03-18,92.83551622493924,92.83551622493924,91.52063739144435,92.0158462524414,8616800
2016-03-21,91.6401465049471,92.93794500193111,91.47791925003497,92.34881591796875,3472200
2016-03-22,91.97314201362593,92.57935112879254,91.60600054792167,92.06706237792969,2136200
2016-03-23,91.68289225532804,92.51963601097889,91.53774488891274,91.92196655273438,3193300
2016-03-24,92.88670864197107,97.71077373200178,92.7927882948971,97.59123992919922,6472700
2016-03-28,97.70225694889773,98.58168721302019,97.06189434716522,97.48026275634766,4214700
2016-03-29,96.9082224431153,98.59024285288719,96.86552899058157,98.41094207763672,4033800
2016-03-30,98.53043523264259,99.47817216332115,98.21452075104854,98.50482177734375,3182300
2016-03-31,98.2743317350548,99.04276830924091,98.18895134105779,98.53047943115234,2740600
2016-04-01,97.98401766843493,99.48673054438491,97.93278423090796,99.34158325195312,2019200
2016-04-04,99.11106005567429,99.21351390714189,98.12062939745071,98.6158447265625,2231900
2016-04-05,97.75350347681832,98.31702580612686,97.24975458919997,97.44612884521484,2069700
2016-04-06,97.32657745874768,98.14624082400994,97.11312325381151,97.90717315673828,2918800
2016-04-07,97.10459337359252,97.35219452807962,95.44818659740258,95.7128677368164,3075900
2016-04-08,96.4130296856886,96.6777174281336,95.49944560834545,96.33618927001953,1627300
2016-04-11,96.43010407892987,97.33514810840595,96.31057020764463,96.56671142578125,2465400
2016-04-12,96.7630698879186,97.76203408770009,96.41300183559356,97.6681137084961,2715500
2016-04-13,98.16814025734209,99.15955818482216,97.82329609339646,99.10783386230469,4390500
2016-04-14,99.14231510203908,99.37508112172067,98.40090248030499,98.92678833007812,2062200
2016-04-15,98.93540489422777,99.40955981570372,98.57331494177772,98.98712921142578,2299700
2016-04-18,98.51298919103552,99.7285635290534,98.23711514357386,99.65097045898438,2237500
2016-04-19,99.6681920421557,99.85785663690343,98.6077975248636,99.228515625,1823000
2016-04-20,99.57335642313596,100.15958943400271,99.21988940337832,99.60784149169922,2220900
2016-04-21,99.42683590574839,100.15100287637955,98.65956093942681,98.69404602050781,2327300
2016-04-22,98.28020667859606,99.11645159481705,97.96984760500156,98.23709869384766,2634600
2016-04-25,98.15952068607808,98.4957419485982,97.62501188489851,98.36642456054688,1805900
2016-04-26,98.63366491034515,99.19402919779812,98.14225760666673,98.80608367919922,2177200
2016-04-27,98.40089499610109,99.7199176878027,98.40089499610109,99.55612182617188,1990200
2016-04-28,99.13369982599671,100.03891496890556,98.26297633589631,98.56471252441406,2028200
2016-04-29,98.4440238152869,98.4440238152869,96.80601881078853,97.3491439819336,2451100
2016-05-02,97.3318927577247,98.88368158895602,96.82324614927211,98.62505340576172,2293900
2016-05-03,97.83192974504692,98.1767673694892,96.77153497555429,97.67675018310547,2031600
2016-05-04,96.78014635468375,98.20262440671716,96.78014635468375,97.89226531982422,1822100
2016-05-05,97.9784682024413,98.65091065355627,97.82328866931056,98.34917449951172,1704600
2016-05-06,98.1250147599789,99.7199113340941,97.71982343295063,99.61646270751953,1917600
2016-05-09,99.38369816857532,100.20270380010182,99.14230925060278,99.54750061035156,1452900
2016-05-10,99.650954256835,100.82342041225598,99.55612852916667,100.81480407714844,1622200
2016-05-11,100.85791373321807,100.85791373321807,99.88373502063517,99.98719024658203,1582900
2016-05-12,100.36652840942645,100.54757014975608,99.54752912069384,100.31480407714844,2114300
2016-05-13,100.19410243211833,100.54756297305038,99.26302505343135,99.52165985107422,1803400
2016-05-16,99.67681924903073,101.37516460846656,99.1509334236076,100.99584197998047,2609800
2016-05-17,101.1337854123438,101.29758787195432,99.89235561655728,100.194091796875,2136800
2016-05-18,100.05614454934235,101.16826346014643,99.5388816222452,100.45271301269531,1367300
2016-05-19,100.23720020987703,100.23720020987703,98.78885986581115,100.0302963256836,1752500
2016-05-20,100.09063256949497,100.78894379013113,100.09063256949497,100.40961456298828,1538200
2016-05-23,100.59930640155855,100.59930640155855,99.86650990947089,100.15962982177734,1256200
2016-05-24,100.50443835063189,102.77177745396742,100.50443835063189,102.6941909790039,2066400
2016-05-25,102.7890453596767,103.21147605016634,102.13384203958134,102.20281219482422,2123600
2016-05-26,102.23728051175178,102.76316638272492,101.77174845362165,102.08210754394531,1435900
2016-05-27,102.45279313201043,102.53900909423828,101.53033890142083,102.53900909423828,1317400
2016-05-31,102.49590260185695,102.72005226766706,101.80621435814335,102.56487274169922,1955700
2016-06-01,102.56490304244953,102.69422044851939,101.82349026349593,102.5993881225586,1202900
2016-06-02,102.33209936518399,102.82350009735343,101.7286270896617,102.79763793945312,1605700
2016-06-03,102.487278407535,102.59073361600379,101.65104013749155,102.50452423095703,1196700
2016-06-06,102.5907539774758,103.24595727310921,102.17693963882424,103.10801696777344,1202900
2016-06-07,103.40110432110343,103.58214598192465,102.79762554101232,103.15109252929688,1317300
2016-06-08,103.09939660351384,103.4097557208373,102.19418799245038,102.86663055419922,2072100
2016-06-09,102.03038488429326,103.04767163421235,101.55622987498334,102.97008514404297,1197200
2016-06-10,102.15968277406263,102.49590398864966,101.67690494334376,101.96139526367188,1452100
2016-06-13,101.60794358593527,102.53902083482572,100.89239311258308,100.93550109863281,1992300
2016-06-14,100.93549760099454,102.00450852896115,100.65100068857727,101.80622100830078,1425300
2016-06-15,101.98728245193705,102.0648689413311,101.15103743145899,101.25448608398438,1453300
2016-06-16,100.7113527477563,102.17693220993561,100.54755029141845,101.98727416992188,1568800
2016-06-17,101.80620285988431,101.82344868157436,100.68546781212164,101.35791015625,2216500
2016-06-20,102.6769591376707,103.73735381472446,102.50454034048,102.63385772705078,2092700
2016-06-21,103.11664348847609,103.31492446263792,102.7631763767048,102.96146392822266,2040400
2016-06-22,103.40113597649693,104.12530284147945,102.52178298061163,102.61661529541016,3275500
2016-06-23,102.19417109794614,102.51315307617188,100.43547191630931,102.51315307617188,2858800
2016-06-24,97.21979854591747,99.0560905719276,95.63352490381436,96.08181762695312,6814300
2016-06-27,95.12488924704621,95.4783562965611,93.67655570958476,94.21968078613281,3648000
2016-06-28,95.34904501019149,95.69388916951665,94.46969865239981,95.31455993652344,2873000
2016-06-29,96.27150514081076,96.57324133184792,95.60768552052899,96.3490982055664,3603000
2016-06-30,96.83187633695559,97.68536058712337,96.65083462191126,97.66812133789062,3682600
2016-07-01,97.98707980922627,98.4784805112183,97.66809786755093,97.86637878417969,2195500
2016-07-05,97.85778532915367,97.90088674063277,97.09912682073853,97.50431823730469,2041100
2016-07-06,97.09910411926855,97.86637878417969,96.5214940371182,97.86637878417969,2667200
2016-07-07,97.85778084293855,98.19400209289759,96.99567372461172,97.15946960449219,2050500
2016-07-08,98.04743155412709,99.34920838245846,97.56464716374143,99.23713684082031,1962800
2016-07-11,99.7457908905217,99.98718640846482,99.25439009650931,99.53888702392578,1522300
2016-07-12,99.91822285056034,101.22862286190202,99.65958806724075,100.43548583984375,2431400
2016-07-13,100.86653496715437,101.00447526612041,100.25443968954232,100.71997833251953,1537200
2016-07-14,101.2975691325286,101.72862261819894,100.57340243373245,100.66822814941406,1502000
2016-07-15,100.41823694734828,100.55617066181223,98.49573523858945,99.21990203857422,2749000
2016-07-18,99.29748624991366,99.41818070582423,98.20261323490936,98.40089416503906,2390700
2016-07-19,97.97848001679571,98.31470128289513,97.45259412318265,97.73709106445312,1827000
2016-07-20,98.16813401267392,100.04752768040252,98.16813401267392,99.53025817871094,2665700
2016-07-21,99.20265757322963,99.39232217582793,96.53012704466997,96.86634826660156,2465300
2016-07-22,97.22843128619692,97.53016743586608,96.42667147287332,97.29740142822266,1982800
2016-07-25,97.2284427285937,97.51293966491502,96.60772453202193,97.47845458984375,1834100
2016-07-26,97.76294377243647,98.64229009626716,97.38361455409324,98.50435638427734,2796100
2016-07-27,98.66814687419418,98.66814687419418,97.59913599950251,98.03018951416016,2275800
2016-07-28,98.2198663702175,98.2198663702175,96.4870291833871,96.62496948242188,2224600
2016-07-29,96.90084247635643,97.52156066072473,95.97838811274114,97.25430297851562,2678700
2016-08-01,97.05603090307135,97.89227594589751,96.81464193758669,97.31465911865234,2235300
2016-08-02,97.1077581899365,97.4094944059873,96.62498024425521,97.27156066894531,2120100
2016-08-03,97.25428912107357,97.94397735595703,97.06462452761288,97.94397735595703,1601600
2016-08-04,97.56465092904733,98.27157842999169,97.1508432382946,98.03018951416016,2215300
2016-08-05,97.59051132862014,98.91815691911934,97.02152411975165,98.7974624633789,2746700
2016-08-08,98.79748581646905,98.9268032145737,97.84054627879318,98.00434875488281,1481900
2016-08-09,97.82330579080018,98.11641908392984,97.20258754963618,97.31465911865234,1820000
2016-08-10,97.58190303758558,97.83191488147125,97.21981306316368,97.6077651977539,1498600
2016-08-11,97.87502033738004,98.27158882352494,97.74570295383477,97.75432586669922,1297600
2016-08-12,97.59051872204806,97.8922614616136,97.13360302250716,97.44396209716797,1414700
2016-08-15,97.41809324369422,98.37503256192241,97.2025664887303,97.93535614013672,2284400
2016-08-16,97.50430465308835,97.64224493625726,96.84910146274552,97.4008560180664,1998500
2016-08-17,97.49568364747617,98.03881530138068,96.90945716460948,97.35774993896484,1566900
2016-08-18,97.19396359035794,97.53018487114558,96.48703595160497,96.85774230957031,2405600
2016-08-19,96.73703118736157,97.54741391824508,96.32322348712451,97.4612045288086,1519000
2016-08-22,97.18534910362732,98.15090497355474,96.86636706667997,98.07331848144531,1458600
2016-08-23,98.22847622258824,99.91820519696162,97.96984148496438,99.55612182617188,2385100
2016-08-24,99.54750412141512,99.76303088825725,98.51297169415999,98.7716064453125,2266800
2016-08-25,98.48709253489227,99.36644527514389,97.99569185440593,99.1767807006836,1869300
2016-08-26,99.28887325194232,100.17684251367005,98.74574814611458,99.31473541259766,1419300
2016-08-29,99.2112727287117,99.6250803953418,98.58193173996253,99.01298522949219,1367700
2016-08-30,99.12508583418762,99.6164866606384,98.90955904052753,99.44406127929688,1319000
2016-08-31,99.08195624082431,99.46990175388308,98.69401072776553,99.14230346679688,1999400
2016-09-01,98.92679491025349,99.57337526914404,98.3146996264531,99.19404602050781,1572700
2016-09-02,99.57336342698196,100.22856662106126,99.34921375423158,99.7113037109375,1539600
2016-09-06,99.85785859170214,100.00441520783816,98.99575156404836,99.45266723632812,1479200
2016-09-07,99.46130773985762,99.88373841646343,99.09060138930595,99.24578094482422,1484300
2016-09-08,98.65092210453517,98.76299366694484,96.77152824173508,96.81463623046875,3078500
2016-09-09,96.30600350277865,96.63360190147745,95.11629782369259,95.16802215576172,3282700
2016-09-12,95.02145156831841,97.38362332867008,94.9266192551879,97.2112045288086,2370900
2016-09-13,96.19391137099987,96.5215096997027,94.97833720824713,95.2886962890625,2483200
2016-09-14,95.47835421665785,96.15941956423531,94.21967873364858,94.65935516357422,2328100
2016-09-15,94.52142214088582,96.05597173013058,93.82311749299146,95.45249938964844,2903300
2016-09-16,95.11627702790484,95.2542107423842,94.07312823598832,94.72832489013672,2604900
2016-09-19,95.35770313183743,95.93531352999868,94.95251158832328,95.26287078857422,1785700
2016-09-20,95.84904828830769,96.34044897299525,95.43523406982422,95.43523406982422,1995200
2016-09-21,96.11633680429135,96.46118102458261,95.47837927203416,96.29737854003906,2466900
2016-09-22,96.53875846505149,98.51297798737012,96.47841122957477,97.98709869384766,2596200
2016-09-23,95.27145060361816,98.09916063566115,94.40072065364667,97.49568176269531,2265200
2016-09-26,96.94392946147848,98.2370899607104,96.94392946147848,98.04743194580078,3224200
2016-09-27,98.06467326146475,100.19407864751899,98.06467326146475,100.11648559570312,3134700
2016-09-28,99.72854392648152,100.91824928905801,99.46129284541513,100.56478881835938,3640300
2016-09-29,103.93562204231795,107.72889431206156,103.75458035423749,104.86669921875,7643400
2016-09-30,104.98740241176925,106.06503629524916,104.98740241176925,105.32362365722656,4815800
2016-10-03,104.82358643762822,105.58224480326126,104.0045874227519,104.19425201416016,3667500
2016-10-04,104.47014398336489,104.69429368248665,101.52173912915809,101.935546875,3973700
2016-10-05,102.15104158212367,102.34070614663823,101.30618052955413,101.90965270996094,2875100
2016-10-06,101.9096897947297,102.4269527915029,101.45277403795744,102.17694091796875,2504500
2016-10-07,102.176947668539,102.28040290567101,99.94409306362925,100.00444030761719,3034300
2016-10-10,100.33202241930559,101.71139904791468,100.33202241930559,101.26309967041016,2157600
2016-10-11,101.19413586866541,101.24586677076283,100.18547207206701,100.8406753540039,2708200
2016-10-12,101.21999742243608,101.7027752920336,100.61651850808401,101.40103912353516,2366500
2016-10-13,100.93548667460004,102.15967700615093,100.03027171575573,101.82345581054688,3106600
2016-10-14,102.1252021558379,102.7286810478999,101.60793923218115,101.94416046142578,2508500
2016-10-17,101.9441721088267,101.9441721088267,100.6510113632602,100.73722076416016,1904900
2016-10-18,101.46998189085842,101.95276623883888,101.1682457842168,101.32342529296875,2472900
2016-10-19,101.66318388368573,102.36004668889832,101.15795868219543,101.75900268554688,2263100
2016-10-20,101.56735176605176,102.03773310103546,101.0098642532804,101.08826446533203,2247800
2016-10-21,101.00115623546907,101.0447126492316,100.09524397034477,100.68756866455078,1979100
2016-10-24,101.06212959567112,101.48024856540374,100.59175489266333,100.87049865722656,1539800
2016-10-25,100.8704964787784,100.93147146827927,100.13007734741369,100.40882110595703,1456400
2016-10-26,99.99070671046229,100.95760055655411,99.74680675753378,100.56561279296875,1830900
2016-10-27,100.73983194945868,101.1405256792924,100.3478441852608,100.57432556152344,1871600
2016-10-28,100.9140340560131,101.54992170895127,100.19975284566075,100.75724029541016,1656200
2016-10-31,100.7223746253748,101.5324744382662,100.58300611609118,101.25373077392578,1877800
2016-11-01,101.48026700516111,101.65447939750304,100.57434794427418,101.16667938232422,2444400
2016-11-02,101.16662805171246,103.83211484761642,101.04467810979355,103.31818389892578,5361100
2016-11-03,102.90009941606897,103.22239959631727,101.6196245984649,101.87223052978516,2086400
2016-11-04,101.9506358685881,102.89139862109981,101.42799211022913,102.11614227294922,2068300
2016-11-07,102.8826836453962,104.52901510158408,102.8826836453962,104.50288391113281,2311100
2016-11-08,104.44187980953679,105.40006085176165,104.10216113680046,104.36347961425781,2118800
2016-11-09,100.94017765758805,102.78685921563627,99.87747164475911,102.09870910644531,5797600
2016-11-10,102.21194053853642,105.22586598201737,102.16839077462575,104.81645965576172,4357500
2016-11-11,104.23284674366197,105.40008415507656,103.40532143431801,103.81472778320312,3201800
2016-11-14,103.80601510040657,104.17186503694741,101.21892106414204,102.13355255126953,3622500
2016-11-15,102.39487711138833,102.64748303334328,100.50463915916833,101.03599548339844,3119900
2016-11-16,101.21020668247341,102.81298149734457,100.8356441655106,102.19451904296875,2147100
2016-11-17,102.35128578530458,103.25720434634388,102.09867330374595,103.10912322998047,1313600
2016-11-18,103.00462133033886,103.27465246045539,102.67361521452587,103.16141510009766,2123500
2016-11-21,103.3965878157717,104.42445646205266,103.16140051726694,104.250244140625,1694600
2016-11-22,104.4593183072162,104.8687246436726,103.93667460684054,104.0760498046875,2251800
2016-11-23,103.97149873348201,104.7815986418037,103.71888621951354,104.3721923828125,1958700
2016-11-25,104.44191454678135,105.2084583063579,104.17187672408838,105.17361450195312,783700
2016-11-28,104.99065936513144,105.73978433028273,104.60738427251239,105.19100952148438,2075600
2016-11-29,105.17361270702362,105.86176287927735,104.85131915188812,105.34783172607422,1484000
2016-11-30,105.408801496998,105.52203886943654,104.03250122070312,104.03250122070312,2635500
2016-12-01,104.09345926956492,104.57255316300666,102.02030322638217,102.49068450927734,2260400
2016-12-02,102.46456598212272,103.00463495959102,101.19279707948048,102.16840362548828,1922800
2016-12-05,102.66491110209344,103.29208623304616,102.16839856438513,102.54296112060547,2052300
2016-12-06,102.90009821359406,103.56211714425473,102.55167349345474,103.14400482177734,1973600
2016-12-07,103.35306113872588,105.96628641836105,103.1788421326182,105.89659881591797,2024100
2016-12-08,105.98370274497631,106.61087786209157,105.63527138593724,106.044677734375,1449300
2016-12-09,105.68754459764764,107.54293218782453,105.27813823298627,107.41226959228516,2227200
2016-12-12,107.02027771797637,107.83037775414167,106.7937963514745,107.673583984375,1608700
2016-12-13,107.83907717991045,109.51153942241635,107.73454579758851,109.23279571533203,2333200
2016-12-14,109.1021461304532,109.45057746721045,107.516789861694,107.70842742919922,2041300
2016-12-15,107.53419811868174,109.12826684547719,107.36869840007944,108.49238586425781,1761400
2016-12-16,108.51854275054548,109.02376792772968,106.65444247892535,107.14224243164062,4514000
2016-12-19,107.34257751620287,108.39657749170667,107.28160253070347,107.70842742919922,2750400
2016-12-20,108.04818621452947,108.24852982154549,107.15097967563243,108.10044860839844,3290800
2016-12-21,103.26595293627184,104.51159056100194,102.43842762646105,102.69975280761719,6032500
2016-12-22,102.83910729716025,103.33561975682115,101.9244825797715,102.60391998291016,2758400
2016-12-23,102.26420522803002,102.9697738437849,102.01159268325704,102.33389282226562,1697200
2016-12-27,102.22936818695021,103.20497463339932,102.09870560056704,102.3948745727539,1546300
2016-12-28,102.78685116615696,102.78685116615696,101.12309470730908,101.57605743408203,1797700
2016-12-29,101.89835306711454,102.7694280384171,101.4889467672784,101.92448425292969,1633900
2016-12-30,102.40356945401645,102.74328815437609,101.55862568540805,102.02900695800781,1739500
2017-01-03,102.24678384984763,102.62134637572463,100.88790894004964,101.44539642333984,2351600
2017-01-04,101.8373807074385,102.61263692019996,101.41926178630517,101.68929290771484,2639800
2017-01-05,101.8983688682326,102.03773742944973,100.13008081983384,100.16492462158203,3685400
2017-01-06,100.16491744669372,101.68929877366253,99.59871733895027,101.3060302734375,4125300
2017-01-09,101.16664707124862,101.34957201851725,100.10393453835732,100.17362213134766,2550800
2017-01-10,100.1213739841147,101.03599885040208,99.86004879616083,100.22589874267578,2550100
2017-01-11,100.52206347849578,101.27118856343712,100.09523855895605,101.14923858642578,2845800
2017-01-12,100.71370456115669,101.01857951429736,100.0342604067318,100.85307312011719,2110800
2017-01-13,100.47851169561449,102.29906211476214,100.47851169561449,101.87223052978516,2665600
2017-01-17,100.97502776138299,101.35830294631977,100.5830466100801,101.07084655761719,2374300
2017-01-18,101.51507445092615,101.87221172103652,100.8182118396153,101.00113677978516,2262200
2017-01-19,100.69625991082587,101.04469120966924,100.40880359084701,100.6091537475586,1647100
2017-01-20,100.9401955819218,101.26249581052951,100.0081453486796,100.23462677001953,2781400
2017-01-23,99.98198664711812,100.40881153293053,99.83390549327348,100.01683044433594,2320000
2017-01-24,100.34782525352293,101.60217522906854,100.03423775963653,101.46280670166016,2810100
2017-01-25,101.82866621106544,103.10043488087436,101.65444722807983,102.41228485107422,2905900
2017-01-26,101.90706388840069,102.29905163163237,100.7136953741402,100.98372650146484,2864600
2017-01-27,101.21892047595232,101.42798327771112,100.23460803932889,100.47850799560547,2545100
2017-01-30,100.45237754754572,100.4610901591271,98.78862760737643,99.85133361816406,2529700
2017-01-31,99.2764066973237,99.31995645454384,98.09174431024158,99.18930053710938,2339000
2017-02-01,99.12833282233201,99.97326994866087,97.83042635069253,98.61439514160156,2471600
2017-02-02,98.5621277899281,99.10218998299302,98.17885270134718,98.98895263671875,2450500
2017-02-03,99.30256803865382,100.02556201497413,98.727655244247,99.7293930053711,1663700
2017-02-06,99.36352417566066,100.36526174666461,98.76248030390332,99.45934295654297,2019400
2017-02-07,100.13006234292165,101.19277483992543,100.13006234292165,100.97500610351562,2538200
2017-02-08,101.1753776715284,101.1753776715284,100.1039523375625,100.54820251464844,2373700
2017-02-09,100.54819976268753,102.31648116474175,100.54819976268753,101.89836883544922,2117100
2017-02-10,101.65445429325244,103.51855434322148,101.49766052055527,102.43842315673828,2183000
2017-02-13,102.69975160302583,103.61437643479357,102.55167043680278,103.30078887939453,1988400
2017-02-14,103.19626318261726,104.52900695800781,103.14400080578635,104.52900695800781,2559400
2017-02-15,104.18928147283906,104.67708134708617,103.91925034899153,104.46802520751953,1951100
2017-02-16,104.4680160879766,105.39135338242008,104.11958478859862,105.15616607666016,1966900
2017-02-17,104.97325065364767,105.65268809383716,104.6161067118289,105.60042572021484,1904900
2017-02-21,105.07777973562966,106.46279250573012,105.02551735985139,106.35826110839844,2117100
2017-02-22,105.97497620491342,107.0376820072916,105.90528861747985,106.45406341552734,1557000
2017-02-23,106.78508215640211,106.88961354995429,106.03596376282368,106.68927001953125,1439600
2017-02-24,106.27116980814387,107.51680755615234,105.92273841404392,107.51680755615234,1447700
2017-02-27,107.15095002449046,107.51679997188901,106.6892812843291,106.95931243896484,1679800
2017-02-28,106.92446432308274,107.22062665547188,106.2101830349836,106.70669555664062,1744900
2017-03-01,107.35130106476372,108.26593264283933,106.67186350197662,108.07429504394531,1879700
2017-03-02,108.00458112665775,108.38785623108191,107.63001863254534,108.31816864013672,1896600
2017-03-03,108.18752987182619,108.23108628719376,107.13352974853454,107.6997299194336,2123000
2017-03-06,107.13350385036455,107.51677894646447,106.73281017979386,107.35127258300781,1814100
2017-03-07,107.69098858315334,108.34429476475752,107.24674516461988,108.13523864746094,2705300
2017-03-08,108.10911891423034,108.70145018078767,107.82166256889188,108.41399383544922,2168600
2017-03-09,108.33560794051931,108.33560794051931,106.83735776935069,107.29902648925781,2338100
2017-03-10,107.70841636723135,108.30074758515202,107.20319131311018,107.95231628417969,1931100
2017-03-13,108.21364021150835,108.66659624566626,107.5516214116398,108.04813385009766,2233700
2017-03-14,108.16138071999062,108.64918723715556,107.6909994243895,107.93490600585938,1627800
2017-03-15,107.4993731652242,108.8756666685304,107.16836039891787,108.71016693115234,2087700
2017-03-16,108.78859892604216,109.04992418694191,107.67362355165447,108.10044860839844,2182000
2017-03-17,108.63176914890745,109.27636282782527,107.86522549413426,109.07601928710938,4603600
2017-03-20,109.07602892659193,109.22411010382068,108.16139738107164,108.35303497314453,2257400
2017-03-21,108.9540682985673,109.24152465860116,107.69100549498296,108.57079315185547,3219900
2017-03-22,108.91050599039733,110.21711848804254,108.42270611792439,110.17356872558594,4288600
2017-03-23,106.88960296236566,107.15092809747397,104.99937197517485,105.19100952148438,7116800
2017-03-24,105.20844937898904,105.67011811806954,103.44888060339962,103.64051818847656,3949800
2017-03-27,103.42273647953334,104.3547864529365,103.04817396802882,103.99764251708984,3122800
2017-03-28,104.37221229067508,106.56731849391167,103.66664362638032,105.7049560546875,5516000
2017-03-29,105.97500654210057,106.01855631238284,104.65968119729749,105.38267517089844,2438900
2017-03-30,105.30426427847638,105.40008306747248,104.57256441244296,104.98196411132812,2030200
2017-03-31,105.14747820623829,105.58301577149275,104.38964045021623,104.42448425292969,2102800
2017-04-03,102.78686945135676,102.93495063439364,101.91579428651477,102.47328186035156,3917500
2017-04-04,102.1596897225662,102.84783986965729,102.1596897225662,102.82170867919922,1690600
2017-04-05,102.99592563010154,103.73633819106203,102.34261925647004,102.47328186035156,1902100
2017-04-06,102.50808928697458,102.72585800090461,101.70670201469777,101.75025177001953,2049600
2017-04-07,101.9157894552207,102.56038318582966,101.48025189344627,102.29906463623047,2408000
2017-04-10,102.35132909702513,103.27466662010319,102.2380917211418,102.64749145507812,2308300
2017-04-11,102.25142386836696,102.79709578671594,101.90818068714302,102.16341400146484,2295300
2017-04-12,102.1370195761723,102.44505749140609,101.62655290822894,101.7233657836914,2087800
2017-04-13,101.5297396140118,101.99619798583092,101.05447824044434,101.08968353271484,1838900
2017-04-17,101.10729794533955,101.85539876722528,101.10729794533955,101.84659576416016,1168300
2017-04-18,101.65292591289376,102.40982269496398,101.55611306532285,102.30420684814453,1978100
2017-04-19,102.41866293304622,103.28997216326643,102.09301898965808,102.92912292480469,2185400
2017-04-20,103.54520938746646,105.49025668861329,103.3075753155168,104.91818237304688,3743500
2017-04-21,105.38461279963111,105.5958445218469,104.75973406286705,104.93576049804688,2639000
2017-04-24,105.5606451463575,106.06230876395053,104.83015050757682,105.05017852783203,2106800
2017-04-25,105.067790727828,105.56065811978436,104.45171488128643,104.46051788330078,1947200
2017-04-26,104.49573121312525,105.13820940039801,104.20529255682317,104.71575927734375,1581400
2017-04-27,104.83895893595589,106.1591271258315,104.83895893595589,106.04470825195312,2008200
2017-04-28,105.78066636327901,106.80159281994628,105.63984521630594,106.7575912475586,2476600
2017-05-01,106.81920076205165,107.10083634639447,106.58156675089622,106.71358489990234,1931900
2017-05-02,106.74879824363546,107.11844371697225,105.79827555672159,106.21192932128906,2697100
2017-05-03,105.99191461237032,106.37916613674619,105.32302744700928,105.87750244140625,1762100
2017-05-04,106.27355933925477,106.4847844093716,105.80710089849835,106.33516693115234,1557500
2017-05-05,106.41437063907242,106.95123291015625,106.29114875200553,106.95123291015625,1716900
2017-05-08,106.5815976927189,106.95124324547069,106.28236273517429,106.59040069580078,1522100
2017-05-09,106.75760452652227,107.04803642751611,106.4143613314837,106.55517578125,1094400
2017-05-10,106.55519688705685,106.8192332654111,106.10633772974424,106.66960906982422,1343600
2017-05-11,106.27354236568571,106.40556053144479,105.32301962988771,106.31755065917969,1835200
2017-05-12,105.94787694971029,106.93360477730286,105.94787694971029,106.45834350585938,2362300
2017-05-15,106.45836635776853,107.8489451858892,106.2823466111783,107.59371185302734,1772200
2017-05-16,107.98096636193146,108.52663162039912,107.56731255972335,108.37701416015625,2180600
2017-05-17,108.37700185324755,108.37700185324755,105.91268532382124,106.00070190429688,2277900
2017-05-18,106.37035830318216,106.51997576181428,105.0941983317761,105.96550750732422,1968800
2017-05-19,106.50239259037345,106.67841236661133,105.78070076423961,106.47599029541016,2190100
2017-05-22,107.02166329010771,108.1130007532824,106.68722300543024,107.99858856201172,1912500
2017-05-23,108.13056262336585,108.3153853406181,107.19764603683866,107.50568389892578,1472300
2017-05-24,105.99192885945634,107.50572315125216,105.87751667311335,107.32969665527344,2026900
2017-05-25,108.03375898661807,108.74664763040516,107.54969465150192,108.341796875,1425500
2017-05-26,108.20099071560819,108.3506081707444,107.83133850652897,108.156982421875,1414500
2017-05-30,107.91053866562811,109.10749158723368,107.68170765318887,108.93146514892578,1373000
2017-05-31,109.1339154564777,109.66198144638695,108.72026163805305,109.54756927490234,2655600
2017-06-01,109.95241566765303,110.26925659179688,109.0106958972041,110.26925659179688,1902600
2017-06-02,110.33967648184263,110.87654549775843,109.9172196424557,110.66531372070312,1766000
2017-06-05,110.89413537166386,111.75664826792163,110.40127469650119,111.40460205078125,1950000
2017-06-06,111.06135514780073,111.77424384566412,110.9029346910841,111.1845703125,1513600
2017-06-07,110.96453532501614,111.57180810880106,110.48047098349252,111.37818908691406,1640400
2017-06-08,111.37819385843098,111.77424163502819,110.47167271503962,111.04374694824219,2128900
2017-06-09,110.89415352013,111.54543476385561,109.99644189849332,110.73573303222656,1929200
2017-06-12,110.48048245889836,111.15817260742188,109.77639673367663,111.15817260742188,2355800
2017-06-13,111.28138532486068,112.26710666139309,110.9645444053401,111.83585357666016,2434100
2017-06-14,112.47831936505823,112.65433908398822,111.51019076677773,111.99425506591797,1861200
2017-06-15,111.14055981677782,112.09108253824496,109.57396128402057,111.80064392089844,2196300
2017-06-16,112.23190743733623,112.6543642577812,111.3605982189025,112.2671127319336,2965400
2017-06-19,113.0680097229138,113.0680097229138,112.11748698317572,112.4519271850586,2123000
2017-06-20,112.06467279445431,112.33750539063209,111.22856228934845,111.36058044433594,2356400
2017-06-21,111.83585793835512,111.9326708183579,110.92054043678898,111.87106323242188,3257900
2017-06-22,108.22738338026004,109.04588788195042,104.82134721876346,107.44408416748047,8691100
2017-06-23,107.4969202083048,108.79948942038388,107.12727463862768,108.02498626708984,3817800
2017-06-26,108.38581565455169,109.17791795470657,107.62011564528146,107.67292022705078,2623000
2017-06-27,107.81373379026864,108.11296868547686,107.37367773398182,107.54090118408203,2214800
2017-06-28,108.06017578899629,108.98429629298724,107.54091280951111,108.90508270263672,1727500
2017-06-29,108.69386953108595,108.69386953108595,107.91057011779694,108.24501037597656,2687300
2017-06-30,108.51783943670985,109.4859615359866,108.38582126073499,108.85227966308594,2290300
2017-07-03,108.97547564882996,109.90839228926814,108.94907336122844,109.0722885131836,1236200
2017-07-05,109.13389393339837,109.82038025636584,109.1250909327977,109.17790222167969,1328600
2017-07-06,108.56183125570637,108.80826158084503,107.40008349810785,108.20098876953125,1938100
2017-07-07,108.73784748971586,109.79397927379539,108.31539074725077,109.31871795654297,1889400
2017-07-10,109.17790262766289,109.45953821543327,108.77304517519102,109.18669891357422,1301500
2017-07-11,109.18670719944403,109.2219124899272,108.42981024086195,109.00188446044922,1379800
2017-07-12,109.39794372837076,110.43647634153031,109.23952327162701,110.42767333984375,2017900
2017-07-13,110.63008513800916,111.20215932968499,110.40126083311664,110.656494140625,1713700
2017-07-14,111.06137855835836,111.73906210705289,110.65652768690492,111.5102310180664,1752900
2017-07-17,111.57180895191603,111.81824598246823,111.02614374249956,111.2637710571289,2005600
2017-07-18,111.11414847135677,112.27589613133969,110.43646513416765,112.0998764038086,1641400
2017-07-19,112.21431639955625,112.65437254229961,111.52782989123243,112.46074676513672,2275300
2017-07-20,112.56635123005879,113.3232415411993,112.34632318102221,113.1296157836914,1655300
2017-07-21,113.12961974920816,113.49927870246002,112.66316134325562,113.4024658203125,1765400
2017-07-24,112.89198471733228,113.09440674347675,112.29350149600087,112.66314697265625,1763200
2017-07-25,112.87437982694557,113.80729652904573,112.37271618519249,113.4904556274414,1600000
2017-07-26,113.53446977207956,114.07133873221065,113.3056454427984,113.98332214355469,1615300
2017-07-27,114.15054041435485,114.15054041435485,112.1438858351364,112.79517364501953,2097000
2017-07-28,112.63675465998053,113.1208123082685,112.04707442284307,113.00639343261719,1133900
2017-07-31,113.09441813462321,113.67529541192266,112.82158550028613,113.37606048583984,1584400
2017-08-01,113.62248616463378,114.31776886781046,113.49046128187771,114.29136657714844,3465700
2017-08-02,114.15054256492829,114.27375772809829,113.12081296641198,113.20001983642578,1318300
2017-08-03,113.72812025556381,114.66103720863254,112.64557909807559,114.43221282958984,3559700
2017-08-04,114.46736865405249,115.004237530379,114.0097066374847,114.59058380126953,1283200
2017-08-07,114.26495944747744,114.7226215153143,113.86891167487329,114.1329345703125,952900
2017-08-08,113.8161187341799,114.31777571625723,113.48167179316387,113.64889526367188,1099500
2017-08-09,113.54326258704793,114.22095269652661,113.46405571734725,114.08013153076172,1216900
2017-08-10,113.72809914919493,114.22095983071034,112.82158466081202,112.86559295654297,1800900
2017-08-11,113.24403711627376,113.27924912537127,112.75997271203288,112.83038330078125,1105500
2017-08-14,113.42885783046341,114.30016026136086,113.20882979365972,114.1417465209961,1421600
2017-08-15,113.89532929505087,114.23857253476869,113.30565570012267,113.86892700195312,1152500
2017-08-16,114.11534181375698,114.84583649200547,113.88650406548317,114.44097900390625,1935500
2017-08-17,114.30897486071954,114.44098631666277,112.26710814582307,112.29351043701172,1567200
2017-08-18,112.41672471614008,112.90957864286146,112.01186722955663,112.16149139404297,1263500
2017-08-21,112.20547864078395,112.92717022274918,112.00305663806785,112.803955078125,1284500
2017-08-22,113.14722024421984,113.94812555485356,112.64555656784944,113.80730438232422,959500
2017-08-23,113.25283559603731,113.65769313181552,112.90079607492777,112.97120666503906,1543300
2017-08-24,113.17364610073439,113.60490599536139,112.89201712648025,113.24405670166016,1099000
2017-08-25,113.81609994374762,114.22094397761148,113.6928713610257,113.87770080566406,1252400
2017-08-28,114.159366113059,114.32657616019922,113.55208651048244,113.74571228027344,999900
2017-08-29,113.06802828868662,114.4058027453264,112.90960109132699,114.11536407470703,1170800
2017-08-30,114.1065211790928,114.37936719357641,113.61366058296399,114.229736328125,1149100
2017-08-31,114.41457755872668,115.22427911145498,114.26496010729872,115.08345794677734,2003500
2017-09-01,115.25068125030128,115.25068125030128,114.30015853413946,114.50259399414062,1528300
2017-09-05,114.5026044748295,114.7578311080704,113.62249226035563,114.21216583251953,2442400
2017-09-06,114.59940723420841,115.62913682266378,114.4585860692627,115.40029907226562,1549900
2017-09-07,115.73476587751162,118.66554140822493,115.61155069436366,118.14627838134766,2094800
2017-09-08,118.29587050070118,118.78873112764268,117.62697671032785,117.68859100341797,2178800
2017-09-11,118.48075377420382,119.92413789931565,117.59184488385986,119.89773559570312,1667200
2017-09-12,120.18812042432677,120.53136364669406,119.70405602625843,119.88888549804688,1658800
2017-09-13,119.61604438409798,119.84486870630627,118.11985642931494,118.62151336669922,3078600
2017-09-14,118.37506891969335,119.02635666136061,117.93501290140452,118.69190979003906,3290500
2017-09-15,118.81515480088719,119.3872223966681,117.9702411244574,119.12319946289062,3713500
2017-09-18,119.24637754059985,120.88338636793301,119.24637754059985,120.52253723144531,2496500
2017-09-19,120.57534069980144,121.27062325181619,120.32011413574219,120.32011413574219,2379600
2017-09-20,119.70404726629978,121.58748670777005,119.70404726629978,121.46427154541016,1997700
2017-09-21,121.41150025622257,121.56111774943791,120.19695430263644,120.27616119384766,2007000
2017-09-22,120.2937318046528,121.45548638139184,120.13531805115932,121.36746978759766,1918500
2017-09-25,121.40268008710508,121.6931187271994,120.80419680251619,121.59630584716797,2463200
2017-09-26,121.89553686540931,122.07155661542683,120.35534055122545,120.4345474243164,2911500
2017-09-27,120.85701293837826,121.05062526598714,119.80086756191491,120.25852966308594,3885500
2017-09-28,116.8700675636997,121.17381474307655,116.41241898901181,119.97687530517578,4246400
2017-09-29,120.49615016326568,121.07702736909872,118.6743116802743,118.87674713134766,3312000
2017-10-02,119.0175554988119,119.55442441688169,118.4806865807421,119.20238494873047,2667500
2017-10-03,118.67432277604549,119.66885383391762,117.63579685286075,118.15505981445312,2534900
2017-10-04,118.39271466761514,119.41363476641236,118.33991007640388,118.95598602294922,2193000
2017-10-05,119.25520363683859,120.02089695686257,119.05278159017236,119.88888549804688,1666100
2017-10-06,119.8360763308652,120.54896504009535,119.44882482722265,119.915283203125,1275700
2017-10-09,119.91527865138552,120.5753627540537,119.72165290691389,120.56656646728516,1012100
2017-10-10,120.57533516463945,121.45544710014778,120.44332374609016,121.03299713134766,1804100
2017-10-11,120.7426156868717,121.03305437448684,120.05612912685363,120.49618530273438,2648200
2017-10-12,120.5577092837526,122.90760615249039,119.81841860291287,122.51155853271484,2872200
2017-10-13,122.84600531047383,123.21565065089369,121.63144674235132,122.51155853271484,1687200
2017-10-16,122.71400688372377,122.83723545314739,121.56106233902497,122.4147720336914,1453100
2017-10-17,122.2563798641434,122.58201705658624,121.70190492181497,122.02754211425781,1446700
2017-10-18,122.83619492324998,123.1916575875555,122.063085662596,122.11640167236328,1584800
2017-10-19,122.14307441036969,123.2272119381224,121.60100564649333,123.18277740478516,1351700
2017-10-20,123.67152431788519,123.96477595265695,123.08502104834167,123.95589447021484,1368900
2017-10-23,124.18694639251152,124.56017208189802,123.56490357686734,123.813720703125,1518200
2017-10-24,123.82258257599086,123.9025565911543,122.67624768010556,123.44047546386719,1215000
2017-10-25,123.52046062387215,125.51101105779755,123.21832749965144,125.4399185180664,2354700
2017-10-26,125.81313086651518,126.99501879036804,125.59985326989413,126.15969848632812,1965500
2017-10-27,126.75505729256265,127.61703542513548,126.17744923071999,127.32378387451172,2367600
2017-10-30,127.42158696915872,127.76815466117027,126.3019098625484,127.33271789550781,2145000
2017-10-31,127.23494611855249,127.33269665945929,126.32854680415996,126.50627136230469,2255300
2017-11-01,126.41741052467796,127.24384943509233,125.71539372852244,127.03946685791016,2060100
2017-11-02,126.63067465170639,127.76812804802726,126.12414544453281,127.45709991455078,1585200
2017-11-03,127.45711489754204,128.57680546206933,127.16387681203939,127.99918365478516,1336000
2017-11-06,127.18164250769783,128.15026652913278,126.44407263794274,127.90143585205078,1488700
2017-11-07,128.3901697813658,128.3901697813658,127.02167583538304,127.5193099975586,1284400
2017-11-08,127.7503380753684,128.85225186933067,127.0749794297537,128.75450134277344,1208300
2017-11-09,128.50571160798896,128.6123436379909,127.04834844006186,127.81257629394531,1288500
2017-11-10,127.53712981449664,128.02588266094472,126.80844128715249,127.86592102050781,922500
2017-11-13,127.61704965719156,128.21243430473092,127.21716606520395,127.89252471923828,1456200
2017-11-14,127.43936787037921,129.29661496159144,126.8706410342347,128.81675720214844,1811900
2017-11-15,128.32795994094042,128.85225205709662,127.67924573670041,128.1946563720703,1792800
2017-11-16,128.81676322223328,130.87839301478576,128.4968535144816,130.6651153564453,2040100
2017-11-17,130.08748716639963,130.44293631656356,128.63012395550203,129.25216674804688,2557100
2017-11-20,129.18107718808707,130.4962689049881,128.74565400301248,130.24745178222656,1602600
2017-11-21,130.62955120642994,131.93584780325548,130.1052589830824,131.52706909179688,1732000
2017-11-22,131.38489070698344,131.80255087921904,130.65620238622694,130.727294921875,1263700
2017-11-24,131.66921913589104,131.66921913589104,130.45179192708198,131.18936157226562,601800
2017-11-27,131.51817068326272,131.60703973590822,131.0116414903079,131.0738525390625,1352100
2017-11-28,131.5270681891503,131.95362342240117,130.31852214730355,131.55372619628906,1925900
2017-11-29,132.01578778978973,132.01578778978973,129.0566277043519,130.5850830078125,1973000
2017-11-30,130.62955120642994,132.05137487465984,130.45182663778007,131.52706909179688,2837100
2017-12-01,131.25160175640133,131.8381050712748,129.518763380199,130.24745178222656,1971600
2017-12-04,131.07387608099944,131.49153629632391,129.81201395197175,130.76284790039062,2099800
2017-12-05,130.84285311160014,131.94475377747372,130.4429558085146,131.22496032714844,1398900
2017-12-06,131.50040553652357,131.94472371916038,130.86948131050764,131.75811767578125,1363400
2017-12-07,131.5181738742023,132.1046770930598,130.84281516005709,132.05136108398438,1526400
2017-12-08,132.49569019605548,133.81974972930485,132.1580040313,133.7664337158203,1736000
2017-12-11,133.78419131980777,134.30848345761137,133.4109657186842,133.90859985351562,1983300
2017-12-12,133.83754778794366,135.78366395034726,133.25993946957132,135.16162109375,2317900
2017-12-13,134.90389493754526,135.73921535540876,133.6598093531842,134.5573272705078,1596800
2017-12-14,134.93055929862504,135.43708859865214,134.31739796049396,134.3707275390625,1612500
2017-12-15,135.55261037732842,135.87252007064438,133.88198292069382,135.6592559814453,3498800
2017-12-18,136.00580159478912,136.62784435311164,134.69950502255426,134.82391357421875,2277500
2017-12-19,135.03717843701327,135.77473463540434,134.17520013919147,135.26821899414062,2063900
2017-12-20,135.23267781358257,135.84583908536732,134.73504361025437,134.85057067871094,3206200
2017-12-21,138.89386701614225,140.7955483010878,136.7700266392194,137.02772521972656,4563600
2017-12-22,138.43176514809082,138.6272662236802,136.6722690273004,136.7522430419922,1818600
2017-12-26,136.08577416353688,136.37902579494246,135.48150793604543,135.95248413085938,1514400
2017-12-27,136.174635006087,136.63671613115653,135.8102908594053,136.2457275390625,1690400
2017-12-28,136.3701297156847,136.77001333042915,135.95246957864768,136.46788024902344,1124300
2017-12-29,137.23215169564398,137.36545532919035,136.0236188657467,136.0413818359375,1452100
2018-01-02,136.405676350999,136.93886357161642,135.76585711006376,136.7078094482422,3061900
2018-01-03,135.95250484563638,137.72977786954917,135.95250484563638,137.33877563476562,2064200
2018-01-04,137.73865836237817,139.3915228051074,137.5342757627633,138.96498107910156,1777000
2018-01-05,139.16937551848898,140.15576266596184,138.7428337561953,140.111328125,1597600
2018-01-08,139.84474704435468,141.30211062644983,139.37377069864536,141.23101806640625,2616900
2018-01-09,140.84886842773332,141.728623339086,139.91579750227115,141.70196533203125,3204700
2018-01-10,141.24871918921409,141.4264437146833,140.16458195648607,141.20428466796875,1624100
2018-01-11,141.20435629206244,141.64867461086632,140.44902328580727,141.39097595214844,1809200
2018-01-12,141.73750279830236,142.75054773046762,140.91107747237166,142.27957153320312,2048800
2018-01-16,142.4039900437275,142.51062207788203,140.32458402061775,140.3690185546875,2858700
2018-01-17,141.38202150205902,142.59944872823962,141.12430941682348,142.368408203125,2143100
2018-01-18,142.2973727137409,143.1415747102366,142.021897557365,143.0171661376953,1715500
2018-01-19,143.60361795036997,144.40338512108167,142.3595191120808,143.73690795898438,2246700
2018-01-22,143.25710337725044,143.85248823522346,142.91053566710144,143.4525909423828,1720000
2018-01-23,143.32818260751387,144.00355506089196,142.75057427614138,142.96385192871094,1635800
2018-01-24,143.24816998641919,143.95020026232564,142.6616667694752,142.71499633789062,1951900
2018-01-25,143.17708646579544,143.73693171352346,142.7327682843008,142.8838348388672,1327100
2018-01-26,143.2926154596547,144.47450346547149,142.4750716218484,144.44784545898438,1950700
2018-01-29,144.25234854321747,144.49228416805488,143.0438024959649,143.2393035888672,1314800
2018-01-30,143.0348972661821,143.21262180490072,141.3909147741301,141.9152069091797,1700000
2018-01-31,142.26184039392382,143.02606846792716,141.94193065225915,142.8039093017578,1878300
2018-02-01,142.32401305011024,143.18599146692662,141.77304924626407,142.59060668945312,1692600
2018-02-02,142.16400283278986,142.42171490119136,139.1870799633167,139.427001953125,2183600
2018-02-05,138.7339368092437,141.53315013722394,133.94418624485218,134.92169189453125,3733700
2018-02-06,133.55318668260514,137.8986190502823,132.78895867546987,137.46319580078125,4259600
2018-02-07,137.04550763428813,141.23097751371444,136.02358119107348,137.87193298339844,2918700
2018-02-08,138.01408308930723,138.15626813253746,133.62421818603593,133.74862670898438,2900900
2018-02-09,134.7972467668059,137.72974936117322,132.22019327984066,136.7078094482422,3656800
2018-02-12,137.44535105473733,139.04489882920757,136.7610974257534,137.6941680908203,2273700
2018-02-13,137.0277038990526,139.50700657308383,136.84109788415472,139.3737030029297,2059500
2018-02-14,138.6361939257349,142.2884909689645,137.87196589169233,141.9952392578125,2583200
2018-02-15,142.52842491465344,143.16824435672564,140.50233453459768,143.12380981445312,1854900
2018-02-16,143.03492926417925,145.3809289548174,142.93717871208952,144.5456085205078,1997900
2018-02-20,144.29677664774562,144.59890975622199,143.13266518428117,143.46145629882812,1425700
2018-02-21,143.59475662900542,145.52309604367758,142.55505363913232,142.59060668945312,1628600
2018-02-22,143.14157593207347,143.95911992425428,142.10187280420706,142.46621704101562,1511700
2018-02-23,143.15932974270186,144.8921680141746,142.46619443411274,144.8032989501953,1577200
2018-02-26,145.57639245977333,146.47391016295822,144.7766117239187,146.39393615722656,1782800
2018-02-27,146.44727730260746,147.14041259030228,144.44784545898438,144.44784545898438,1820800
2018-02-28,144.75886800159154,146.0829411543729,143.0260296872238,143.079345703125,2002200
2018-03-01,143.31933088611115,143.59480610318863,138.52069796268026,138.7606201171875,3005400
2018-03-02,137.92527920508107,140.0757779402747,137.4631844214681,139.9602508544922,2960100
2018-03-05,139.66693536294764,141.87964415163964,139.5069873721923,141.15985107421875,1936800
2018-03-06,141.44424299375612,142.31510280033694,139.49812726188057,140.4311981201172,2352500
2018-03-07,139.49811460941993,141.25762414576943,139.0893495280957,140.89328002929688,3176200
2018-03-08,141.30207666000263,141.66642085782453,140.44009822101717,140.848876953125,3093200
2018-03-09,141.87077189678305,143.8080059728403,141.47978333675178,143.5236358642578,2988000
2018-03-12,143.95908409896234,144.64333786325716,143.08822430045973,143.68360900878906,2105000
2018-03-13,144.06572656669275,146.00296093922037,144.01241055305243,144.39453125,2742200
2018-03-14,144.63444489611874,145.02544705275164,142.55503912804133,143.07044982910156,2214800
2018-03-15,143.32816195132384,145.28317291933143,142.97271280778554,144.72332763671875,1840300
2018-03-16,144.50115763545085,145.10542384580202,142.96382054427895,142.9727020263672,4018600
2018-03-19,142.67944156010518,143.5147618481242,141.62196219801785,142.73275756835938,1890000
2018-03-20,143.0260287880148,144.98102619602355,143.0260287880148,144.74110412597656,2249400
2018-03-21,145.02546657379182,145.4875613265137,143.89689448060255,143.9857635498047,3452600
2018-03-22,139.2937448256676,140.35122422863515,133.0555139880072,133.4998321533203,8203600
2018-03-23,134.477320098301,135.49036484143642,130.77170870737118,130.9405517578125,4039800
2018-03-26,132.40682365831975,136.11243582081008,132.40682365831975,135.8280792236328,4231000
2018-03-27,136.1657619457653,136.54788267725448,131.3404724419244,132.2824249267578,3212000
2018-03-28,133.01110686647792,133.60650526305182,130.93170067863477,130.99391174316406,2965700
2018-03-29,131.7759281043115,136.40573120117188,131.35828133695532,136.40573120117188,3595900
2018-04-02,134.91278610258135,134.91278610258135,130.18523389884757,131.5004119873047,2845800
2018-04-03,131.9536347494788,132.38017645982922,129.78535958596296,132.22021484375,2363300
2018-04-04,130.3540725901001,133.72199849993765,129.7942273323494,133.268798828125,2161100
2018-04-05,134.27293742862275,135.1349156414094,133.30431364963246,134.6905975341797,3336300
2018-04-06,133.20660890591216,133.99749486622292,129.90977501049423,130.96725463867188,1927200
2018-04-09,131.74922266875316,133.67756195476318,131.52706357737623,131.74034118652344,1465800
2018-04-10,133.28656830816075,135.73031822097843,133.1532647226621,135.11715698242188,2257400
2018-04-11,133.93381631430566,134.35516209564997,132.82219227771174,133.03733825683594,1734900
2018-04-12,133.73658513750357,135.48472822872617,133.51246563136417,134.55238342285156,2005600
2018-04-13,135.36821907282507,135.7357784473488,133.9876485527727,134.58828735351562,1607800
2018-04-16,135.77158318565085,136.3094754288789,134.90199847729403,135.74468994140625,2151600
2018-04-17,136.84735575413265,138.58652519322897,136.33637042774092,138.27276611328125,2702300
2018-04-18,138.37136484213963,139.58160176032885,137.46591343788316,139.4202423095703,1975700
2018-04-19,138.95407656143738,139.14234294206395,137.71693266375038,138.58651733398438,1512900
2018-04-20,138.07557839699817,138.73000366327062,136.18400881765356,136.6322479248047,2302000
2018-04-23,137.36730870252995,137.5735084744081,136.36325780324267,137.1969757080078,1533000
2018-04-24,137.67213373219948,138.36241194673883,134.3372344607594,135.43093872070312,1922600
2018-04-25,135.8164207204784,135.8164207204784,133.06422661908536,134.55238342285156,2040200
2018-04-26,135.30538682151098,137.27764891075557,135.00956118728982,136.52459716796875,1634600
2018-04-27,136.52463505417307,137.1342472361549,135.5385174150642,136.61428833007812,1179500
2018-04-30,137.31356375225135,137.3942435069562,135.5295672162488,135.54750061035156,1504700
2018-05-01,135.44883859377882,136.21981011198284,134.57925396234523,136.1929168701172,1204800
2018-05-02,136.0136071709576,136.34529956562815,134.83922349117967,135.10816955566406,1642100
2018-05-03,134.74067156821053,136.30053482796762,133.70075360892494,136.0226287841797,1725000
2018-05-04,135.1081916490005,138.02174485249094,134.78545905467794,137.55557250976562,1504100
2018-05-07,137.11630507210754,137.23285158749331,136.1212139615749,136.53359985351562,2057000
2018-05-08,135.68197290037065,136.7129172968424,135.39509332758178,136.2108917236328,1770100
2018-05-09,137.07150556297654,138.9361817823192,136.44397358511392,138.6134490966797,1515300
2018-05-10,138.94512584802095,140.74704164780113,138.44308669304334,140.33465576171875,1299400
2018-05-11,140.33468076946085,141.30287879355592,139.68922909923484,140.81878662109375,1211600
2018-05-14,141.0339243778532,141.32975007777645,139.23199485785463,139.465087890625,1636700
2018-05-15,138.7120570144364,138.7748170494432,137.50181974827362,138.12039184570312,1774500
2018-05-16,138.50585261899465,138.99891826059184,137.75281437319288,138.12933349609375,1946900
2018-05-17,138.42516820360112,139.59955216897853,137.8962494782915,138.89132690429688,1615300
2018-05-18,138.95408864029264,139.78780660613347,138.61342262629216,139.23199462890625,1517400
2018-05-21,139.8684641470092,141.12352754115258,139.8684641470092,140.69322204589844,1653000
2018-05-22,140.72014701896566,141.13251922182403,139.0885505594641,139.2499237060547,1757100
2018-05-23,139.2140612389145,139.90435312232702,138.13829038527498,139.23199462890625,1738000
2018-05-24,139.69816134264403,139.89538758704006,138.67617702130465,139.48300170898438,1911100
2018-05-25,139.30369107603332,140.28084863909356,138.99889189328968,139.84158325195312,1314900
2018-05-29,138.91824401719617,139.1692567757249,136.8563417757077,137.64523315429688,2047300
2018-05-30,138.77482286832156,140.33468612289312,138.53276993327137,139.8774871826172,1577800
2018-05-31,139.85058732227267,140.5498391645504,138.87342945026543,139.6175079345703,2767100
2018-06-01,140.69329174409404,142.79104746172806,140.35262564870717,142.44142150878906,1808800
2018-06-04,142.2262547207973,143.43650570938874,141.697335888995,142.92550659179688,1481800
2018-06-05,142.6834581774493,143.75922916537334,142.584845038938,143.36477661132812,1756500
2018-06-06,143.94748903189893,145.9018046417439,143.5799297433491,145.86595153808594,1771300
2018-06-07,145.89283998963697,145.99145312041665,143.07789951367158,143.98333740234375,1841800
2018-06-08,144.0730008363791,145.52529097465924,143.9833475551052,145.38185119628906,1725200
2018-06-11,144.8080598909448,146.69066876797908,144.8080598909448,145.90176391601562,1978400
2018-06-12,146.52035989876902,147.03134522254945,145.63284179430642,145.9824676513672,2881300
2018-06-13,146.20659095012843,147.24650869330688,145.77628534849782,146.1438446044922,2357600
2018-06-14,146.42178098267823,146.97759307011736,145.3549697729124,145.91078186035156,1914400
2018-06-15,145.08602028001218,146.75347018350135,144.0102492375739,146.55624389648438,8561500
2018-06-18,145.22946639956294,146.1080111932935,144.20748181280695,146.01837158203125,1789800
2018-06-19,145.33701281573633,146.43071709891484,144.60190794951666,146.40382385253906,2574400
2018-06-20,146.12588778899803,146.45758021216747,144.9246107674749,145.02322387695312,2026800
2018-06-21,144.66464080409077,145.1666662618365,143.10477794311907,143.46336364746094,2034200
2018-06-22,143.88472889960838,143.88472889960838,142.03798628121513,143.10479736328125,3623900
2018-06-25,141.63455962504977,141.69730596987986,139.26785832773615,139.99400329589844,3134500
2018-06-26,140.32568165378953,141.27594601922115,139.99398921506975,140.62152099609375,2164000
2018-06-27,140.8904461650896,142.2710158782399,139.22299700656714,139.25885009765625,3191900
2018-06-28,143.87572530352602,148.42086058129814,143.16750018977302,147.47059631347656,5801100
2018-06-29,147.19273851242104,148.42090910776187,146.15282065401644,146.65484619140625,3370000
2018-07-02,145.13975983295157,146.50241000816465,144.60188132530158,146.3320770263672,2279400
2018-07-03,146.9417088530097,148.29538567709497,146.14384399869203,146.4307098388672,1919100
2018-07-05,146.75344696798555,147.78440488324122,146.26935486317865,147.7395782470703,2427900
2018-07-06,147.71266148075085,148.0712471546825,146.13485168545165,147.4795684814453,1840400
2018-07-09,147.91886031462147,149.04841759616,147.91886031462147,148.931884765625,1651600
2018-07-10,149.263560003861,150.40209068811103,149.12012026680333,149.2277069091797,2071000
2018-07-11,148.27746341346716,149.80148703579138,147.5692517755952,149.09326171875,1307100
2018-07-12,150.17799402887192,150.74276585063575,149.6938882625963,150.63519287109375,1717000
2018-07-13,150.384180872891,151.05653935667442,150.27660789281953,150.68898010253906,1420300
2018-07-16,150.7427517780557,151.02963126894383,150.0524736515443,150.28555297851562,1522800
2018-07-17,149.7835481263773,151.45995763416846,149.71182824380216,150.6710662841797,2315300
2018-07-18,150.13317890168287,150.13317890168287,148.78846183766527,149.15602111816406,2206500
2018-07-19,149.00362171092974,149.95388624889534,148.37607613679904,149.61322021484375,2055100
2018-07-20,149.34428627203204,149.70288572643997,149.10224702937347,149.2815399169922,1110200
2018-07-23,148.75258831436102,149.21876070559492,148.37606919499976,148.7794952392578,1783300
2018-07-24,149.11119159610456,149.28152460958597,147.3003021547528,148.07127380371094,2545500
2018-07-25,147.91884795595882,149.81937665539297,147.91884795595882,149.7835235595703,2285200
2018-07-26,150.07041597004914,150.70692138687411,147.9726606737569,148.07127380371094,2228000
2018-07-27,148.24159327764698,148.59121912842951,144.43156201794366,145.2473602294922,2704000
2018-07-30,145.44456259907622,145.60592203641392,141.715211683395,142.91648864746094,2553200
2018-07-31,143.70540002602633,144.60187786314543,142.44136299268848,142.8358154296875,2722700
2018-08-01,143.71439228794003,144.68259021186026,142.6206879856877,143.176513671875,2060600
2018-08-02,141.91249227667942,143.70544855641214,141.5001063135057,143.5709686279297,1774700
2018-08-03,143.87575988015826,144.27917224638722,142.5041496274785,143.76817321777344,1478500
2018-08-06,143.67851494182054,144.34189982428242,143.05994301042568,143.9564208984375,1135800
2018-08-07,144.49431941720877,145.14875821501136,144.33295994103975,144.5122528076172,1415700
2018-08-08,144.42259721970547,144.91564912839777,144.2432906938166,144.4584503173828,1123400
2018-08-09,144.44953313778714,144.99638537330426,143.9206006168191,144.01025390625,1722100
2018-08-10,143.48132489173355,144.7543221722036,143.32892525384318,144.0460968017578,1354200
2018-08-13,144.0908780760594,145.13975549777282,143.48127971643086,143.64263916015625,1590100
2018-08-14,143.51713795211586,144.89772152288754,143.33784511516498,144.548095703125,2083200
2018-08-15,143.9385434121954,144.72744863736784,143.2213580874179,143.8040771484375,1669400
2018-08-16,145.05010994266723,146.35000000936756,144.79012372182783,146.0272674560547,1957000
2018-08-17,146.54726952030003,148.0712794860269,146.17971023280526,147.8202667236328,2717500
2018-08-20,148.22366973644336,148.49261587318333,147.73957763364643,148.0264434814453,1285800
2018-08-21,148.36709391770265,148.72567960958304,147.48854939717856,147.56922912597656,1291600
2018-08-22,147.64095135900484,148.6898288876383,147.32717861422094,147.84713745117188,1184400
2018-08-23,147.900948778268,149.24566588890355,147.900948778268,148.09817504882812,1299200
2018-08-24,148.73467217703828,149.5235635359637,147.92783374830464,148.70777893066406,1768200
2018-08-27,149.51458089329063,149.9359265944964,148.94083559280122,149.5952606201172,1406800
2018-08-28,150.05246640804722,150.51862503948698,149.33528139461464,150.31243896484375,1668500
2018-08-29,150.20485605885068,152.32950403828022,150.20485605885068,152.19503784179688,1370800
2018-08-30,152.00679836829747,152.19506475583245,150.72484147123802,151.17308044433594,1480000
2018-08-31,151.24478756103323,152.00678554350932,150.78757509238088,151.56752014160156,2803300
2018-09-04,151.28961955625041,152.0336979239833,150.50072823268167,151.95301818847656,1676900
2018-09-05,151.5496271790679,151.76477317072465,150.16008337321304,151.18206787109375,1869000
2018-09-06,150.859331928286,152.32955544908387,150.46487937992094,151.82752990722656,1813000
2018-09-07,151.38821362415615,152.1053986564376,151.0206680933932,151.56752014160156,1826600
2018-09-10,152.27575450367485,153.2977388823907,151.90819523855865,151.9978485107422,1888500
2018-09-11,152.14129179058818,153.30670228089429,151.710972489165,153.01983642578125,1963400
2018-09-12,153.0198260806603,153.32462530585187,151.96197496847387,152.71502685546875,1743300
2018-09-13,153.44119019628627,154.65142738685014,153.16328418243464,154.25698852539062,1586500
2018-09-14,153.96114375432325,154.43627602193104,153.32463832609562,153.87149047851562,2212900
2018-09-17,153.70113160583733,153.94318446646344,153.08255967266345,153.3335723876953,1770900
2018-09-18,153.42325189095595,154.93830197386418,153.35153200594127,154.56178283691406,2078400
2018-09-19,154.92935116337773,155.3686166758811,154.05976631566224,155.21621704101562,1531100
2018-09-20,155.89748372897054,156.33676277485208,155.3237384849445,156.1036834716797,1818900
2018-09-21,156.65952669985833,157.45739155333752,155.87062170166107,156.15750122070312,4743000
2018-09-24,155.14448166245572,155.3148146724085,154.40937681007443,154.75900268554688,2074700
2018-09-25,155.5747881314396,156.43541304150511,154.57969699128677,154.92933654785156,1979900
2018-09-26,155.1534655341767,156.4802492424208,154.60661336644836,155.06381225585938,2623900
2018-09-27,151.442026009651,155.92441612909846,151.23583989432373,152.4460906982422,3112800
2018-09-28,152.3922527100248,153.11839747533386,151.55852131636902,152.58050537109375,2384500
2018-10-01,153.4232487949623,156.1485359746792,153.39635554852063,155.5478973388672,2336700
2018-10-02,155.1982501898606,155.59270265584692,154.6513981218645,155.2251434326172,1762700
2018-10-03,155.7361517979648,156.72228302241808,155.682365309207,156.1126708984375,1655500
2018-10-04,155.87064162808312,156.11269454332273,152.83158144045746,154.0687255859375,1779100
2018-10-05,153.77289821111202,154.32871029485912,152.49990086110245,153.5039520263672,1485800
2018-10-08,152.70605222199194,153.96112957183746,151.19100228292328,152.3115997314453,1693600
2018-10-09,151.69304448300443,152.2936830859992,150.7069132367931,151.3254852294922,2027900
2018-10-10,151.05653935883464,151.17308587335933,144.85291338987113,144.99635314941406,2972300
2018-10-11,144.44056526847328,144.81708447634728,139.05273613406686,139.85060119628906,4752800
2018-10-12,143.0689144646248,143.64265981230412,141.09666568692515,142.9344482421875,3376300
2018-10-15,142.48620391832478,143.09580234273687,141.50007272687276,141.57179260253906,1945100
2018-10-16,143.0510029498005,145.12186496898318,142.45035064405428,144.5122528076172,2830200
2018-10-17,143.97847196512646,145.07313061678468,142.7571736525606,143.75230407714844,2687200
2018-10-18,143.33619256568295,143.33619256568295,140.37791211336219,141.30972290039062,2196000
2018-10-19,141.1378281262522,143.5261608820314,140.61311687936652,143.19143676757812,2426100
2018-10-22,143.01950564568685,145.00978006689135,142.06055612119135,144.34033203125,1958300
2018-10-23,141.7620231419436,144.13227188977223,140.74879546604237,143.01951599121094,2204000
2018-10-24,142.82053713216564,143.336206700368,138.41478974520052,138.52334594726562,2473700
2018-10-25,140.58597004461728,142.90194108318858,140.11555072176776,141.96107482910156,2313700
2018-10-26,139.59080627021152,141.20112033273745,138.2880771849791,139.72650146484375,2472500
2018-10-29,141.1740266564175,141.70777966573297,136.270707521418,138.1795654296875,1909200
2018-10-30,138.81283454475226,140.0974667641432,137.79055105715577,139.88034057617188,2296400
2018-10-31,141.32779514533377,144.24988047970163,141.15590533668987,142.59432983398438,2414900
2018-11-01,142.84763050626927,144.03276181804537,142.43148932861908,143.4628143310547,1771600
2018-11-02,143.78845848437192,145.35353596660673,141.119680912925,142.38621520996094,1998600
2018-11-05,142.60337875987145,143.80659356029105,141.78916609425474,143.4809112548828,1705200
2018-11-06,143.80660658846313,144.72031995387903,143.5713831329074,144.22274780273438,1364700
2018-11-07,144.7474603757534,148.35710513838342,144.7384186289896,148.24853515625,2278400
2018-11-08,147.3438773954055,148.8546774987553,147.3438773954055,148.81849670410156,1294400
2018-11-09,148.39328162352777,149.85884519996233,147.5881244507196,149.40650939941406,1882100
2018-11-12,148.83659863780895,149.22560086027707,146.84632356920602,146.9548797607422,2263800
2018-11-13,147.16295050669578,148.22141478755597,145.58881670726007,146.0592498779297,1486700
2018-11-14,147.66050649022466,147.8233407597481,144.18657069845347,145.0098114013672,2819900
2018-11-15,144.67509395907175,147.41624805555654,144.23179986467662,147.00010681152344,2561800
2018-11-16,146.29444951829925,150.02169206769517,146.27635222124783,149.27081298828125,3218500
2018-11-19,148.81846531852733,150.1211945184362,146.6563009338483,147.25338745117188,2194400
2018-11-20,144.92837985547257,145.62498081561873,142.70289556811667,143.75230407714844,2224800
2018-11-21,144.74743145816504,144.74743145816504,141.7982075117136,142.01531982421875,2525600
2018-11-23,140.99305969490172,142.82048619752575,140.450251269767,141.9700927734375,938800
2018-11-26,143.42662600302094,144.27701949560912,142.37721746299033,143.2999725341797,2127500
2018-11-27,142.97428607265007,144.18655644409637,142.49481125419604,143.94229125976562,1930000
2018-11-28,144.75652201604407,146.88250615415905,144.1051572505023,146.74681091308594,2784000
2018-11-29,146.74677912288539,146.97294701180874,145.48023066239904,145.7154541015625,2414600
2018-11-30,146.34873142113486,148.85466186247052,145.6340331129958,148.83657836914062,5832800
2018-12-03,150.1483362929564,151.14348050661064,148.98130227838078,150.9173126220703,2319800
2018-12-04,150.59164828875493,152.31956064167719,148.44756710057345,148.55613708496094,3108900
2018-12-06,145.3898118948564,146.3216227499236,141.70779102149285,144.06898498535156,6012000
2018-12-07,143.7342394247942,145.4531100770475,141.34590676686832,142.4405517578125,3090000
2018-12-10,142.05153186474203,143.52613711704092,139.69033854681916,142.68479919433594,2280800
2018-12-11,144.74744198407052,145.4983209958659,142.4043460799594,143.20950317382812,1786300
2018-12-12,144.9826690857383,145.84211816948047,143.41759104578594,143.49900817871094,2423400
2018-12-13,144.55746256208334,145.73353835143868,144.04180695083684,144.97361755371094,2227100
2018-12-14,143.23666618310017,143.51711219020152,140.3326640685147,140.70358276367188,2336100
2018-12-17,139.9798408990046,140.20600881208577,136.4968633200714,137.2115478515625,2755000
2018-12-18,138.713264644351,139.34653185084818,136.74107385361438,137.63670349121094,2692600
2018-12-19,137.7724301914514,141.31875496741597,135.3207779160279,136.56922912597656,3261000
2018-12-20,132.08205251660496,133.16765566686175,126.19264541842199,129.82037353515625,6409200
2018-12-21,127.57677762770747,131.04167109750293,123.87666073538195,124.12092590332031,6236900
2018-12-24,123.56005757305404,123.86764262592553,120.8641398784735,120.92745971679688,2305400
2018-12-26,121.94972528489096,125.76744025459355,119.98658971678574,125.75838470458984,2488600
2018-12-27,124.03952895116318,127.02494812011719,121.85022524171522,127.02494812011719,2684100
2018-12-28,127.56773564342195,128.28243392822864,125.57746091083135,126.4911880493164,2015600
2018-12-31,127.01590634114626,127.82106363483254,126.10219285637268,127.56775665283203,1826400
2019-01-02,125.68603913396598,127.73060611604576,125.09800802033146,127.18779754638672,2059300
2019-01-03,125.86693458121178,126.26499220044856,122.65534839421308,122.84532165527344,2801300
2019-01-04,124.95327719020858,127.866321784092,124.3923850350302,127.6220703125,2296400
2019-01-07,127.40493158421077,128.7981200860136,126.51835708306353,128.06533813476562,2315600
2019-01-08,130.84268425033073,132.8148621091118,129.08761878454817,131.30406188964844,2647800
2019-01-09,131.41262716175302,133.16769274874375,131.30407095775666,131.9644775390625,2181500
2019-01-10,130.86978124687963,133.1043209347672,130.51695991743378,133.0048065185547,1836300
2019-01-11,129.37710174048576,133.37574921102365,129.37710174048576,132.29014587402344,2004100
2019-01-14,130.97837946144296,131.77449504675002,130.4084318215803,131.11407470703125,1484500
2019-01-15,131.24976876078114,133.43907256603927,131.1864351172789,132.88722229003906,1543800
2019-01-16,134.5970358097985,135.21221965891309,133.6380861490717,133.7828369140625,2677100
2019-01-17,133.20387431285033,135.35698370511415,133.20387431285033,134.90464782714844,1814700
2019-01-18,135.70074963303347,136.96728444126416,134.89559240404523,136.10784912109375,2470500
2019-01-22,135.2484416512392,136.0626407950194,133.81001672193563,134.7689666748047,1950300
2019-01-23,135.57406085306863,136.54205210356943,133.3847576521834,134.27133178710938,1989400
2019-01-24,134.62416923447643,135.98117654019995,134.49751577144323,135.83642578125,1947100
2019-01-25,137.13017014327207,137.709159615062,136.5692779749062,137.3744354248047,1742800
2019-01-28,136.3520836252748,137.72718811035156,135.8816506006607,137.72718811035156,2046500
2019-01-29,137.52818298339844,137.88100436160897,136.70492849950935,137.52818298339844,1963200
2019-01-30,137.98050600203808,139.77175177121381,137.36532218175836,139.4008331298828,1679400
2019-01-31,138.8671171661324,140.13365212675106,138.52333747502342,138.912353515625,2115600
2019-02-01,139.54561274823757,140.42314542058477,139.0118597466806,139.98890686035156,1957400
2019-02-04,140.2240990223751,141.70775990502477,139.52749802012212,141.6263427734375,1666100
2019-02-05,141.80725239095088,142.40433887191864,141.62632085846732,142.3229217529297,1985700
2019-02-06,142.1691518457947,142.96526735752687,141.93394217378045,142.17820739746094,1375100
2019-02-07,140.99308981788755,141.1287850510665,139.49133148446566,140.38694763183594,2109800
2019-02-08,139.45509866057947,141.08351003334147,139.33750075879027,140.75782775878906,2300000
2019-02-11,141.1287656257184,142.30484143343793,140.242191347859,140.5135955810547,1410500
2019-02-12,141.15587633494724,142.06054772787988,140.8030550438711,141.6986846923828,1861300
2019-02-13,142.0334602275986,143.42664860439297,141.90680673879913,142.96527099609375,1952100
2019-02-14,142.68480221808682,143.69802996690922,141.79822793786718,142.8024139404297,1552900
2019-02-15,143.91514707881348,144.14131495884604,143.14617076502606,144.05084228515625,2395200
2019-02-19,143.48994826297132,144.83791377777442,143.10998788657264,144.27700805664062,1656500
2019-02-20,144.54845778669596,144.85604288289503,143.327145346111,144.48513793945312,1942300
2019-02-21,144.3675019678388,144.79269874297466,143.73423458067694,144.322265625,1835700
2019-02-22,144.91027341197727,146.4029896609217,144.71125838297618,146.1044464111328,1679300
2019-02-25,146.61104578332217,146.92768629695922,146.13157104268788,146.2582244873047,1368000
2019-02-26,146.2130390330393,147.0091545643301,145.6883277787063,145.95973205566406,1526200
2019-02-27,145.51642692015457,145.887331771047,144.86506228826613,145.31739807128906,1536300
2019-02-28,145.5616279005359,146.55677199750383,145.10025043968201,145.99588012695312,2017300
2019-03-01,147.46151565127104,149.18038669239834,147.17201402520476,148.547119140625,2227600
2019-03-04,149.0445929234159,149.19838538404218,145.57065853186316,147.298583984375,1896300
2019-03-05,147.43434428137638,148.28473786629107,147.02724478763054,148.06761169433594,1564900
2019-03-06,148.42037587741964,148.42037587741964,146.86434008877345,146.90957641601562,1733300
2019-03-07,146.74677911395534,146.9638914526254,145.45309161121233,146.4210968017578,1655000
2019-03-08,145.65211112784618,146.3848928323032,145.19977537900192,146.27633666992188,1458100
2019-03-11,146.9910779358571,148.42951666475994,146.54779756521012,148.31190490722656,1240400
2019-03-12,148.8094219375164,150.0126367046489,148.11282100829402,148.35708618164062,2351200
2019-03-13,149.2436859098787,149.52413191779078,148.05856823556948,148.46566772460938,2095200
2019-03-14,148.78228888190606,149.20747180967766,148.4656483183781,149.10797119140625,2270100
2019-03-15,149.27079696658316,151.1163207461439,149.18032429522984,150.52828979492188,3737200
2019-03-18,150.85396988454187,151.47819541687264,149.3974482438338,150.56446838378906,1592100
2019-03-19,151.17966925098318,151.65010234076004,149.75028648895594,150.35641479492188,1949600
2019-03-20,150.5373824934318,151.31540079615854,149.09895763970798,150.41978454589844,2128800
2019-03-21,149.43364347048413,152.81712011550442,149.43364347048413,152.2019500732422,1666400
2019-03-22,151.8038717373035,152.36476361773006,149.37030333347985,149.4879150390625,1602600
2019-03-25,149.25275849416192,149.69605267179548,148.36618394309178,149.34323120117188,1769900
2019-03-26,150.60973911371698,151.6229807935555,150.12122247487272,151.02589416503906,1777800
2019-03-27,151.0801676257757,151.80390771655834,149.60554839867302,150.60069274902344,2376200
2019-03-28,154.62648335342638,160.57018297332715,154.22842560178563,158.4261016845703,5398700
2019-03-29,158.588945964458,160.09974599164008,158.27230535937323,159.2403106689453,2773000
2019-04-01,158.769881339381,159.6926503268698,158.12755836666955,159.51171875,2977900
2019-04-02,159.0684225009999,159.71978721227418,157.9194856069197,158.6522674560547,1923600
2019-04-03,159.13168752271392,160.47965282557143,158.7517272060578,160.29872131347656,2481800
2019-04-04,160.2987607473826,160.52492864418647,159.09554587988285,160.27162170410156,2270200
2019-04-05,160.5249272371799,161.4115015197062,160.16305032294983,161.167236328125,1861500
2019-04-08,160.73301477601217,162.00860515025505,160.46161051278264,161.8548126220703,1373300
2019-04-09,160.80538977909225,161.45675448759627,160.3801929887023,160.78729248046875,1813900
2019-04-10,161.27074059874403,162.1372943813518,160.63222801779781,161.4531707763672,1582600
2019-04-11,161.61734865169564,162.79404900944886,161.3619436273909,162.69371032714844,1417200
2019-04-12,162.82143992266057,163.60590231880514,162.18292725568992,162.9491424560547,2663400
2019-04-15,162.7393365483972,163.86129543269928,162.31973458726316,163.55116271972656,1619800
2019-04-16,164.00723658830702,164.0984447187263,162.60249497825092,163.3322296142578,1618200
2019-04-17,163.80658671906613,164.18969433562532,163.1863073028278,163.23191833496094,1637400
2019-04-18,163.02210688104162,163.27751193147427,161.80892593222086,162.92176818847656,1319700
2019-04-22,161.68120218293134,162.593366934316,161.47140818730114,162.42918395996094,1393900
2019-04-23,162.54776777002613,164.69136065955547,162.32885712158435,164.62750244140625,1785500
2019-04-24,164.97412359620492,165.47581701173505,164.43594971342267,164.9285125732422,1463900
2019-04-25,164.71872652385335,164.71872652385335,162.92176069688298,164.14405822753906,1035300
2019-04-26,164.2991493520121,164.96503979906268,163.3596205497712,164.94679260253906,1010300
2019-04-29,164.90114265653895,165.7585797498817,164.7734401480749,165.2933807373047,1111900
2019-04-30,165.63086589974395,166.77107176100014,165.25687503680507,166.6251220703125,1535800
2019-05-01,167.1085886948017,167.2454217660169,165.3663505851189,165.3845977783203,1242400
2019-05-02,165.10182560239215,166.31500643311952,162.81229700940546,163.63323974609375,1889900
2019-05-03,161.48053228803178,162.3288527836656,161.015333253994,161.43492126464844,2680200
2019-05-06,158.56161387136856,161.33458882695663,157.70417670527303,160.77816772460938,1630200
2019-05-07,159.55588979078453,159.76568383000085,157.22074976906356,158.66197204589844,2308500
2019-05-08,158.7805161507883,159.8568638168496,157.95044293260483,158.55247497558594,1984900
2019-05-09,156.98358182475175,159.24574683586158,156.33593863410914,159.13629150390625,2044800
2019-05-10,158.46125347047493,159.6105759866858,155.67914833995343,158.9903106689453,2139600
2019-05-13,156.33594015935827,156.89236129977897,155.3872947965833,155.99844360351562,1853800
2019-05-14,156.81026913042896,159.4190612650851,156.81026913042896,158.36094665527344,2181200
2019-05-15,157.0839341028415,160.66873571969992,157.05655634895356,159.9937286376953,2060800
2019-05-16,160.78727834959696,163.96160766336013,160.64132865462352,162.5203857421875,2232100
2019-05-17,160.8967644627868,163.45082893964283,160.8967644627868,162.66636657714844,1551100
2019-05-20,161.43492005713708,163.70621538674942,160.94235719645962,162.85789489746094,1566000
2019-05-21,163.83392004298815,164.18966375772203,163.1041854203589,163.7974395751953,1224900
2019-05-22,163.56940104340688,165.4484583323174,163.450815163718,164.54541015625,1212300
2019-05-23,163.22270550536524,163.22270550536524,160.94229442793144,162.61155700683594,1250200
2019-05-24,163.78831061738404,164.49068141638892,162.94912066465827,163.10418701171875,1288100
2019-05-28,163.51467888160184,164.29002463259403,162.18292589006708,162.72109985351562,2336500
2019-05-29,162.0369310873034,163.00382340854134,161.09740259262665,162.0095672607422,1547700
2019-05-30,162.05519728799354,163.69709666691276,162.05519728799354,163.11331176757812,1047900
2019-05-31,161.88187954171832,162.93999399377162,160.98796198254962,162.42918395996094,1799600
2019-06-03,162.24673894108662,162.6937046773633,158.9264598218967,159.7747802734375,1774600
2019-06-04,161.6994239594643,162.38354741547326,160.33117704744637,162.3379364013672,2269700
2019-06-05,163.66059705285136,164.5089175042447,162.7210684779781,163.78829956054688,1492100
2019-06-06,164.18962886123924,165.08354627674058,163.5784802462568,164.5544891357422,1737700
2019-06-07,165.67647833810102,168.04809819872662,165.3480984905032,166.85316467285156,1965900
2019-06-10,168.13931587022904,168.99675288994572,167.59201149893335,168.23965454101562,1525000
2019-06-11,169.44372995355073,170.2829199078269,166.9900183082636,167.26365661621094,1423400
2019-06-12,167.49166404372644,168.81431388523407,167.12680376101733,168.37646484375,1402100
2019-06-13,169.54406972036927,169.75387764917392,168.05725053643013,168.7048797607422,1323700
2019-06-14,168.44037563608987,169.50760691066134,167.96604598565855,168.72314453125,1864700
2019-06-17,168.75047232550094,169.0514883517645,167.6376302593856,167.74708557128906,1177900
2019-06-18,168.74135353282563,169.36161885039152,168.1028271054705,168.2943878173828,1972600
2019-06-19,168.50416612214065,169.09708147543634,167.39132417379903,167.7926788330078,2023500
2019-06-20,168.5589381806948,170.53834817315249,168.27616930135264,170.13699340820312,2122000
2019-06-21,170.66600226501288,170.85754903667984,168.9237645381825,169.26126098632812,3306600
2019-06-24,169.7265200184998,170.71164580644023,169.27955423212364,169.76300048828125,1703100
2019-06-25,170.13698772716293,170.26469024642532,168.2761636824472,168.65927124023438,1863300
2019-06-26,169.32513685520362,169.59877512899126,167.2089080810547,167.2089080810547,2395300
2019-06-27,163.0950583357038,167.0264861391033,162.35620712308733,166.9261474609375,3434500
2019-06-28,168.04811840055368,169.20657160197132,166.80757370700016,168.5406951904297,2937900
2019-07-01,168.59542765884822,170.538343205976,168.23055337473485,170.45623779296875,2397800
2019-07-02,170.4926955190635,172.16195847379203,169.88154688293793,172.0342559814453,2123500
2019-07-03,172.7001714297442,174.1961212158203,171.5782125698198,174.1961212158203,1106900
2019-07-05,173.2383402393852,174.89848688592585,171.71502666640623,174.5792236328125,2111000
2019-07-08,174.2782552691723,174.35123014467064,173.18365997376597,173.59413146972656,1877200
2019-07-09,172.46303978549776,174.3603306992851,172.46303978549776,174.30560302734375,1732500
2019-07-10,174.68866492536125,175.2177221465372,174.20521872504224,174.87110900878906,1584400
2019-07-11,175.58260861849237,177.5711212158203,175.36368405425566,177.5711212158203,1922200
2019-07-12,177.8721502340145,178.99410913060947,176.7958023647755,178.9758758544922,2059400
2019-07-15,178.98500537738119,179.11270791205231,177.9451379040499,178.1640625,1267000
2019-07-16,178.0089615810629,178.41944689071104,176.39443984809913,177.18801879882812,1460100
2019-07-17,177.72621088945775,177.97249931673338,176.54039370163062,176.78668212890625,1557700
2019-07-18,176.67719613560502,178.4559146494459,176.22111375161865,177.70794677734375,1562400
2019-07-19,177.71705952962142,178.7478101488289,176.83225861054643,176.89610290527344,1583200
2019-07-22,177.5528902162522,178.2370138835409,177.24275749419556,177.36134338378906,1090000
2019-07-23,178.16402461511026,178.3282075882616,176.04779572651913,177.3795623779297,1111800
2019-07-24,176.95993812685438,177.46163145679586,175.938318195721,177.38865661621094,1250900
2019-07-25,177.88126806866762,178.41945592543885,176.67721766585106,177.84478759765625,1531000
2019-07-26,177.96336473729946,179.72383618658347,177.48903512628027,179.6326141357422,1255400
2019-07-29,179.69643809540008,180.12515659926223,178.96670358338827,180.0157012939453,1319700
2019-07-30,179.12181721546952,179.9062795873337,178.1914190374806,178.46505737304688,1143900
2019-07-31,178.8390019884958,179.1400179981617,173.77648531416583,175.6646728515625,1566000
2019-08-01,176.34882803548683,179.8971486630464,176.25760598518764,177.10592651367188,1837100
2019-08-02,177.38869733091386,177.38869733091386,173.76740180706886,176.0569305419922,1833100
2019-08-05,172.92820505001865,174.22347740025765,168.048117785793,169.25218200683594,2422000
2019-08-06,170.27384326100676,172.90999962209503,170.1278935168034,172.2258758544922,2055600
2019-08-07,170.7663954713909,172.7275444208126,168.20320043456636,172.28057861328125,2495100
2019-08-08,173.3113035114547,177.21536755075667,172.74576581708362,177.1241455078125,1804100
2019-08-09,176.60424686793212,176.66809117330362,173.50289177495515,174.6613311767578,1831800
2019-08-12,174.66129442659377,175.03528529739768,172.69102923499028,173.31129455566406,1597200
2019-08-13,172.18019611294883,176.0660264701956,172.18019611294883,175.93832397460938,2072000
2019-08-14,173.67615789790446,174.57920598541665,170.40148987889512,170.5474395751953,2316500
2019-08-15,170.89408146483598,173.52110663372656,170.30116599157566,172.9099578857422,1932600
2019-08-16,174.33290748559554,176.64981354455068,173.74000601679563,176.2484588623047,2526900
2019-08-19,177.87211769297232,179.0488040397116,177.43428253122386,178.0363006591797,1891000
2019-08-20,177.97248362848168,178.7660625904321,176.15727057458997,177.1424102783203,1423500
2019-08-21,178.50155968761513,179.550543803271,177.9360218776301,178.5380401611328,1044700
2019-08-22,179.2038906199204,179.66908962580712,177.2062476159745,179.09442138671875,1160900
2019-08-23,177.8721087755963,180.5447445496387,174.74339067136012,175.8744659423828,2290400
2019-08-26,177.2701220193989,178.30087280273438,176.47654301617632,178.30087280273438,1641500
2019-08-27,178.80255512859517,180.06133313822818,178.09106766968452,179.84242248535156,1632700
2019-08-28,179.596148138471,180.17993312271676,177.47993279002964,179.550537109375,1326200
2019-08-29,180.6086234344559,182.35086147571013,180.09781339312116,181.28363037109375,1494200
2019-08-30,182.43296569894719,183.05323110142885,179.48667720009777,180.76370239257812,2176600
2019-09-03,179.11266493228993,180.38968997256708,178.27347506031794,178.55624389648438,1696500
2019-09-04,180.45354100144687,180.93698717020465,180.03393912289732,180.34408569335938,1250700
2019-09-05,182.25057288292135,182.25057288292135,181.0191445445673,181.96780395507812,2216100
2019-09-06,182.43300001517383,184.9870647990929,181.5573154909463,183.45462036132812,2184100
2019-09-09,183.31779438700622,183.45461356453526,175.90188875720995,177.71710205078125,2702800
2019-09-10,176.02950817073977,176.54031808367628,171.38659402530283,173.00112915039062,3631000
2019-09-11,173.31131279330333,175.5643609730987,172.61807255280104,174.56097412109375,2430300
2019-09-12,177.5984994403761,178.99411059398577,175.07179882433414,178.3464813232422,2122200
2019-09-13,178.78425849904067,178.78425849904067,176.92344887146783,177.5254669189453,1592600
2019-09-16,176.38530850448808,178.0728190053082,176.05692860935397,177.10592651367188,1360000
2019-09-17,176.37616901878434,178.59272258490518,176.37616901878434,177.82650756835938,1457800
2019-09-18,177.1241646127435,177.49815554321256,174.71604995568723,177.0785675048828,1780500
2019-09-19,177.39780767561587,178.90288795749885,177.16064983659055,177.5711212158203,1567900
2019-09-20,177.91773179158974,178.9940794825456,175.54609794722094,176.1298828125,2541000
2019-09-23,175.4366412162199,176.90522696335805,175.14474182667567,175.90184020996094,1516300
2019-09-24,177.36135316346594,178.66574234679172,173.11066120254864,173.4390411376953,2950200
2019-09-25,174.77076391653637,175.13562423294346,172.1346084626879,174.10487365722656,2825100
2019-09-26,171.54168508921043,176.35791341861557,170.83019776226615,175.2450714111328,3594600
2019-09-27,176.55862683569347,176.57687402995418,173.6670659200078,174.5701141357422,2012500
2019-09-30,174.67046315986414,176.36709044467213,174.59748829703528,175.45492553710938,2025200
2019-10-01,175.6829213883345,176.38527816440904,172.77311385779396,172.96466064453125,2066900
2019-10-02,171.79712439505258,172.0798932714008,166.82582874954315,168.61367797851562,2930700
2019-10-03,169.04239749444847,169.74475441097806,166.78934919064935,169.48934936523438,2172800
2019-10-04,170.4015275229666,173.14715285686057,169.75389822017397,172.9829559326172,1568800
2019-10-07,171.75151990669858,172.12551084963513,170.3832725805194,170.40151977539062,1596400
2019-10-08,169.12445051459346,169.4072193281553,166.0139657283572,166.19639587402344,2200000
2019-10-09,167.6467441311676,169.0241217363737,167.1268174896713,168.1484375,1683100
2019-10-10,167.6832275390625,168.63187264106264,166.561268928397,167.6832275390625,1999700
2019-10-11,169.39815157538177,171.2224813955447,168.5133504991202,168.72314453125,2381200
2019-10-14,169.078855721467,169.96365662729818,168.03898848101466,169.20655822753906,1348400
2019-10-15,169.4984660833765,170.921440913068,169.2612943327413,170.57481384277344,1462400
2019-10-16,169.09993157146064,171.29854142020199,168.706022185831,170.91378784179688,1923100
2019-10-17,171.27106271502223,171.61000930597444,169.622108797104,170.42825317382812,1486500
2019-10-18,171.18856718831006,172.34284166819836,170.95039044370125,171.38095092773438,2896700
2019-10-21,171.2618837189816,171.8023698696309,169.83279505975182,171.61915588378906,1344700
2019-10-22,171.5550407381205,172.3245478811707,167.03873971415112,167.38685607910156,1752100
2019-10-23,167.0845374942476,169.32894019356903,166.6997839439351,168.62356567382812,2263000
2019-10-24,169.52130136810294,171.32598748062864,169.1548594797332,169.47549438476562,2008700
2019-10-25,169.17318410624733,169.31976086076128,167.66165151301703,167.70745849609375,1389200
2019-10-28,168.93500776046457,170.32744499662977,167.24024723094925,167.52423095703125,1832700
2019-10-29,167.2311237848982,170.16258955765448,167.06622140919208,169.2923126220703,1554000
2019-10-30,169.6129660966533,171.34436449236898,168.8251332088585,170.9229736328125,1243300
2019-10-31,170.53816706789738,172.27872073233945,168.87088780803137,169.86026000976562,1574800
2019-11-01,171.0328114156485,172.5443577964779,170.4923254271975,172.42526245117188,1502100
2019-11-04,172.69095428086658,173.29557295128092,171.6649448850093,172.04054260253906,1144500
2019-11-05,172.2237172917479,172.2237172917479,169.91518269922497,171.1977081298828,1536600
2019-11-06,171.2985062389595,173.38717608037777,171.22521786122024,173.35052490234375,1652200
2019-11-07,173.42386015531613,174.23917435783696,172.83756695325994,173.22232055664062,1676800
2019-11-08,172.8283763922208,173.7902671964169,172.47110426247139,173.78109741210938,1282400
2019-11-11,172.9199890332029,174.4773428197623,172.72761924529289,174.11090087890625,1167000
2019-11-12,174.21166042589817,175.56746058155028,173.9368324809921,175.3659210205078,1522800
2019-11-13,175.10944262339677,178.42567604986215,174.50483783588155,178.17832946777344,1817700
2019-11-14,177.72025978428542,179.9280251291883,177.5645272134204,179.7814483642578,1672900
2019-11-15,179.46083962355877,180.98154233035797,179.3783954231295,180.2944793701172,2426200
2019-11-18,180.86240828846155,182.25485950420713,180.2486338525616,181.4029083251953,1561000
2019-11-19,181.56777850989423,182.07162731826432,180.82575298226158,181.69602966308594,1342200
2019-11-20,182.05329170115226,182.9968567001484,180.2577756553898,181.118896484375,1477300
2019-11-21,180.85324553375023,181.32044319670803,179.68065949554665,180.26695251464844,1217400
2019-11-22,181.4304301131347,181.76937670347402,178.72798524110837,180.15707397460938,1117900
2019-11-25,181.05481972508673,181.73272683687662,180.83495455896627,181.7144012451172,1951900
2019-11-26,181.71438276689284,184.1328434349652,181.17389668076342,184.05955505371094,2324500
2019-11-27,183.7114517481662,184.4626472254764,182.4747469200296,184.36187744140625,1205000
2019-11-29,184.35269206121123,184.73744554457605,183.21674322104263,184.27940368652344,750600
2019-12-02,184.53599357008554,184.76501460778107,181.4304688580675,182.8412322998047,1262300
2019-12-03,180.96320289072213,182.5663496752826,179.98300041117994,182.07167053222656,1243600
2019-12-04,182.99690437418928,183.5740416712739,182.52055083780948,182.83201599121094,1221800
2019-12-05,183.21675267630067,183.2442340709358,182.19074333437862,183.079345703125,1816600
2019-12-06,184.49926020140202,185.8001114170565,183.6656346190162,185.55276489257812,1345700
2019-12-09,184.83823925078966,185.85509286649176,184.53592990792362,185.076416015625,1976300
2019-12-10,185.0763870649251,185.2870824000263,184.013726628047,184.93898010253906,1403000
2019-12-11,185.168043659114,185.61691582514345,183.52824564600633,185.3237762451172,1669700
2019-12-12,185.1955130205822,187.2750132794004,184.35271756258155,186.8078155517578,1932600
2019-12-13,186.01999398901006,189.37286440864494,185.97418699846907,189.31790161132812,1648300
2019-12-16,189.7393196206358,191.15009685321596,187.76974454954401,187.79722595214844,2702400
2019-12-17,187.79720656124948,188.4567881123165,185.9192316999707,186.3314666748047,2377400
2019-12-18,186.51466260932546,188.8689906477468,186.43220444585614,188.49339294433594,3002800
2019-12-19,185.10392813152595,190.82029724121094,185.10392813152595,190.82029724121094,3759800
2019-12-20,193.39450126713822,195.35492054370727,191.52569598543988,193.38534545898438,4148800
2019-12-23,193.2570653505571,193.55936073608788,191.3149579807481,193.13796997070312,2220900
2019-12-24,193.0280386521692,193.90747134066132,192.89061768449002,193.85250854492188,998500
2019-12-26,193.85250558309212,194.3197033180697,193.5318706417369,194.25558471679688,1059800
2019-12-27,194.62204184035366,194.78694422810034,193.85253463975567,194.41134643554688,1292200
2019-12-30,194.429622052094,194.429622052094,191.50731262420507,192.96388244628906,1193900
2019-12-31,192.3592954020921,193.34866770174781,191.86461624142984,192.89979553222656,1371000
2020-01-02,193.16545563991443,194.1365023571215,191.28748081107167,192.51502990722656,2431100
2020-01-03,191.00348515682768,192.95474825523655,189.62935936433252,192.19439697265625,1802100
2020-01-06,190.79278352394925,191.26913705199038,189.45529497932927,190.93934631347656,2841400
2020-01-07,186.1482487399398,188.95146328342133,186.13909293298866,186.81698608398438,3097400
2020-01-08,186.88107083496783,188.20938937611947,186.45051038683675,187.18338012695312,2271300
2020-01-09,188.25524379792935,189.88587204200016,187.94377862284418,188.85069274902344,2910600
2020-01-10,189.56519657706005,190.82939657777013,189.38198262958872,190.23394775390625,1573100
2020-01-13,190.07823132225028,192.23101984971416,190.07823132225028,192.0019989013672,2202800
2020-01-14,191.9653442475299,193.29366283151214,189.65680938414113,190.29806518554688,2499100
2020-01-15,191.28213631298144,191.68677384651565,190.11420780162112,190.6016082763672,1986000
2020-01-16,191.4108370957151,192.2936836857875,191.19012194010435,192.18331909179688,2691600
2020-01-17,193.1213538368087,193.71910479525977,191.60397738389665,192.38565063476562,2584500
2020-01-21,190.82228423823585,193.26849134611913,190.36247150513165,192.33966064453125,2687200
2020-01-22,193.3052637891437,194.8318453802653,192.52359058817464,192.57876586914062,1873600
2020-01-23,192.56956935429307,193.86624464519403,192.08216897386157,193.74668884277344,2368400
2020-01-24,194.04097281379464,194.58354846953338,191.32808050273,191.80628967285156,2348900
2020-01-27,188.6887576689835,191.13496492268717,188.3852935955315,189.9486541748047,1381300
2020-01-28,191.1625495408419,194.0042030204557,190.5923862171856,193.34207153320312,1810200
2020-01-29,193.74669933474595,194.23411377394362,191.08898212243574,191.24533081054688,1491600
2020-01-30,190.8222449525972,192.1373023629989,188.7071040092996,191.622314453125,1579600
2020-01-31,191.7419315837293,192.78111296948236,187.60361651357687,188.71636962890625,1793600
2020-02-03,188.83587514524976,191.66832304429,188.75311222751074,191.09815979003906,2345700
2020-02-04,193.12139198524793,196.60676712349894,192.89148556621788,195.4480438232422,2242800
2020-02-05,196.69867556080715,197.2228687725222,193.49838310899779,195.16290283203125,2102500
2020-02-06,195.88023724652106,197.14932496411106,195.24569338772608,196.94700622558594,1611500
2020-02-07,196.1928764477411,196.23886052350716,194.12371932959684,194.5743408203125,1447700
2020-02-10,193.2960834350017,195.85264116729425,193.2960834350017,195.46640014648438,1421600
2020-02-11,196.22972685074342,196.7814938245904,194.73992374689666,195.08938598632812,1321000
2020-02-12,195.1445295137044,195.76067691867243,194.53757331214015,194.951416015625,1801300
2020-02-13,193.001809180568,196.37683325630738,192.51440876293958,195.32846069335938,1721200
2020-02-14,196.1101171299077,196.3768023224535,194.3628344776889,195.30084228515625,2096600
2020-02-18,195.4203787214982,196.85499196246292,194.2248630099047,196.5791015625,1699400
2020-02-19,197.71946752818425,198.99774631509493,197.14930425171735,198.56552124023438,1806000
2020-02-20,198.52875430684674,198.93339176565988,194.6019495545643,196.7078857421875,1481700
2020-02-21,195.50315573447094,196.38600227156294,193.5719508601597,194.8594207763672,2088800
2020-02-24,188.03579069436154,191.1625111759219,187.09776893694593,187.93463134765625,2600400
2020-02-25,188.32091116407173,188.9646462157899,180.1178532835603,181.25819396972656,2883600
2020-02-26,182.7020071555607,185.25856507345844,179.1338555151686,179.94313049316406,2671100
2020-02-27,176.75200885908436,178.72921199797065,171.39059079637465,171.45497131347656,3040100
2020-02-28,165.77170192855544,168.47540337778375,161.21036691182653,166.07518005371094,5785200
2020-03-02,167.37182766318995,174.5633052356846,163.71172239390478,174.31500244140625,4317900
2020-03-03,174.5173647447425,176.47615785086754,166.10278156922683,167.57418823242188,3514000
2020-03-04,170.86639901192677,174.46213762815256,169.48696093707113,173.68045043945312,3875400
2020-03-05,170.2134769057992,172.3929988377212,166.37864033402013,167.88682556152344,3548200
2020-03-06,163.18755584276195,165.8176855544475,159.94127867833117,164.38307189941406,3284400
2020-03-09,152.10606484860722,157.14562311472892,147.23206051558006,150.9197540283203,5112200
2020-03-10,157.32955295869652,160.6953861000563,152.6946319697219,160.52984619140625,4349500
2020-03-11,155.71096905951603,157.4122675164197,149.57705570287547,151.83934020996094,5188300
2020-03-12,140.70271771109958,145.99056494534025,135.25853580773136,140.27049255371094,6357900
2020-03-13,147.71020819156485,153.31073681926333,140.63828753321206,153.12680053710938,5742800
2020-03-16,136.37125483658804,153.1268320305065,131.9754462104976,140.2796630859375,5324900
2020-03-17,141.6223471637046,147.74705723348902,140.22451227562163,145.03416442871094,6081100
2020-03-18,139.3876283066508,146.95614140292378,130.5868065124898,139.00137329101562,5860200
2020-03-19,139.19449558298248,163.5093924395082,139.19449558298248,145.7606201171875,6338300
2020-03-20,144.86862717396588,146.65270317586072,135.57121131350138,137.888671875,6449700
2020-03-23,136.11373466520442,136.11373466520442,126.1266034145977,132.14096069335938,6173700
2020-03-24,140.02216418869145,144.96056233454325,137.47481182782016,144.24325561523438,4685100
2020-03-25,143.86623486220165,146.8550181401697,136.20575173047874,139.61756896972656,4795500
2020-03-26,141.0705498750235,157.80774565034145,137.94382870401458,157.56863403320312,5194500
2020-03-27,151.7382062904281,155.68339347973583,147.70105093890493,149.78860473632812,3802500
2020-03-30,150.92893038475128,156.67658967654657,150.61626108704675,156.17080688476562,2731300
2020-03-31,153.97289836471595,156.22599217734026,149.1264818426979,150.1380615234375,2963000
2020-04-01,145.82499078128248,147.89414770947147,140.31643017414004,142.2476348876953,2973100
2020-04-02,141.6683298985823,147.59991235497094,141.20851708750763,143.70989990234375,3030000
2020-04-03,143.09372424668334,145.9629511325282,136.3620592823605,139.92100524902344,3766600
2020-04-06,146.2020674655265,153.34756198923145,144.41799163558466,152.70382690429688,3090000
2020-04-07,157.32953978102475,157.70658962190504,150.7542087207635,150.92893981933594,3002500
2020-04-08,153.19122589763674,158.81013857290705,151.80259636793187,157.9272918701172,2466200
2020-04-09,159.30672042260684,165.41303314247054,158.64458894422884,163.61976623535156,3743700
2020-04-13,162.01963357192494,162.7829245137005,155.9317165113966,158.69979858398438,1918500
2020-04-14,162.7736848355058,164.51177616313254,161.87245593327648,163.7852783203125,2875000
2020-04-15,161.01399068504583,161.02322336090586,156.0163643855312,156.53367614746094,2504700
2020-04-16,158.20567216549952,158.93546217411046,154.75076332572326,155.14797973632812,3051800
2020-04-17,159.36967980231435,161.80844543520936,158.93550438963666,161.7437744140625,4759100
2020-04-20,159.43430099258077,163.4157684160392,158.66756616110368,161.42042541503906,2511700
2020-04-21,157.79926619883878,159.62833691354422,153.07877496821482,153.56837463378906,2711400
2020-04-22,157.07871621456425,160.1271769493397,156.3119952642321,159.17568969726562,1921200
2020-04-23,160.14561525829777,161.95622024213228,159.0186087665032,159.72067260742188,3027900
2020-04-24,162.95390796790102,162.95390796790102,159.41586204380926,162.0855712890625,2121100
2020-04-27,162.79683773036018,166.77830507516697,162.76912561253857,165.75291442871094,2457800
2020-04-28,168.2009708453052,169.29101869054253,163.42505529972033,164.7645263671875,2160100
2020-04-29,168.4134256582188,173.82674796837557,167.8499223187495,173.26324462890625,2957600
2020-04-30,171.3879478658534,172.26553115971055,170.15009294206808,171.07386779785156,2740800
2020-05-01,167.85916550203373,169.04159640290715,165.59590542087784,166.36264038085938,2064200
2020-05-04,164.41351299290164,166.87075851015004,163.3973686880193,165.84536743164062,1710500
2020-05-05,168.20094365330473,169.87297404820842,167.2032650213633,167.7760009765625,1621900
2020-05-06,168.21943306741542,168.58893742898462,165.40191649946468,166.6305389404297,1474900
2020-05-07,169.04161568199376,173.14316540835296,168.58896079499996,172.84756469726562,2295400
2020-05-08,174.58424229844854,175.37868936215776,173.37408520825096,174.18701171875,1778600
2020-05-11,172.27484529806344,175.08311575572546,171.16630376107648,173.4387969970703,2013800
2020-05-12,173.52189028434177,175.50801496505457,171.53577969931663,171.56349182128906,1912300
2020-05-13,170.93532244355072,171.02770558325574,165.1247838057207,167.20327758789062,2349300
2020-05-14,165.0786163533234,166.28875954354137,161.60522686656057,166.27029418945312,2773300
2020-05-15,164.77373011690577,169.9376426997173,164.27489785570774,169.86373901367188,3630000
2020-05-18,174.59344624916403,179.34164840343556,173.77128719837899,178.05760192871094,2254700
2020-05-19,177.82667326925642,179.68345579621806,175.44333226850293,175.60037231445312,1784100
2020-05-20,177.82670348383232,180.7550688055639,177.57728026462047,180.3024139404297,2294800
2020-05-21,179.85898491516178,180.61648716102053,178.0114349641161,178.75045776367188,1373000
2020-05-22,179.28625024061364,180.03450572090128,176.56111686220407,178.9444580078125,1317500
2020-05-26,184.2192174189859,184.74577595952758,181.0876205864415,181.42941284179688,2408700
2020-05-27,183.25849809037373,184.7088175824738,181.25390793253655,184.69033813476562,2000500
2020-05-28,184.76421398795486,188.61635365685555,184.76421398795486,186.2976837158203,2280600
2020-05-29,186.13141420647167,186.98128544367788,183.5448416043691,186.25149536132812,2535400
2020-06-01,186.1775781481341,188.21912678059215,184.63487583115705,187.87733459472656,1530800
2020-06-02,188.5332242231789,190.10363880288736,186.91661807730821,190.0944061279297,1939200
2020-06-03,188.83807507977895,191.9881510671368,188.73645927064848,191.48007202148438,1605400
2020-06-04,190.38079168481735,191.95120640954514,186.90740266224506,187.61871337890625,2451400
2020-06-05,190.288402040957,193.73407856741625,189.179860853442,192.59783935546875,2537900
2020-06-08,191.69255036613242,195.2121450518125,191.22143017782324,195.17518615722656,1626900
2020-06-09,193.42923338224676,193.79873771855736,189.83574944323155,191.53549194335938,2269600
2020-06-10,191.46161161700527,194.75949530848098,190.2052769863034,193.46620178222656,2077200
2020-06-11,189.8542036055774,190.25142000942904,180.9490149678152,181.013671875,4046600
2020-06-12,185.77112948266264,186.99973763894175,182.2700148791322,186.22377014160156,2590100
2020-06-15,181.51257336266767,185.43861751364193,179.9791033230864,184.56101989746094,2310800
2020-06-16,187.85886040378332,191.11055193238425,186.7133744766537,188.819580078125,2154000
2020-06-17,190.3253591972769,190.60249451215523,188.1267702204464,189.55862426757812,1594800
2020-06-18,186.35312747820825,187.68336573833665,184.0991142147338,187.46165466308594,2228000
2020-06-19,191.7202467977771,192.41307800983216,186.15913175124308,186.1868438720703,3710000
2020-06-22,185.49400168670317,188.5239822138571,184.2653793851916,187.15679931640625,2454500
2020-06-23,189.71564991414232,193.69711754523615,189.71564991414232,191.59091186523438,2203800
2020-06-24,189.8449794505519,191.59091349210738,185.2168721583491,186.45472717285156,2753700
2020-06-25,196.76401664227453,201.2812744886853,195.3783545532444,200.75473022460938,4690200
2020-06-26,200.2559275183496,200.3944881191048,194.9811805795295,196.2744598388672,3348400
2020-06-29,194.1313083814618,197.12434442152414,194.1313083814618,196.5054168701172,2247900
2020-06-30,196.1821196347499,199.20286825336754,195.9604226250318,198.35299682617188,3136400
2020-07-01,198.14972801682669,200.3667822724464,197.57699205485716,198.2328643798828,2124700
2020-07-02,200.06194774443608,201.79863506586372,198.51923117329184,199.2767333984375,2006200
2020-07-06,201.1612394956364,202.91642045802325,199.82176856097797,200.96725463867188,1934500
2020-07-07,199.83099254520084,203.11038215399026,199.6462262891961,199.84022521972656,1783700
2020-07-08,200.8933195179847,202.44525451365834,199.8494494177158,202.205078125,1750700
2020-07-09,201.81714145202005,203.79401954564727,199.74788021275958,202.59310913085938,1756700
2020-07-10,202.30670603220972,204.02492793494088,201.07808370591985,203.4706573486328,1373600
2020-07-13,204.45915731620377,204.95798969918724,198.82412321675747,199.29525756835938,2090000
2020-07-14,198.42688427110383,202.6485289349932,197.2352065587424,202.4545440673828,1747800
2020-07-15,203.97505629525398,206.52474449894464,202.5472371260119,203.75253295898438,2193700
2020-07-16,203.77111276677596,204.55920399679667,202.6770713529253,203.14991760253906,1408400
2020-07-17,203.68764930043614,206.42276668016837,202.39889831013085,205.7737579345703,2069700
2020-07-20,205.82942676996632,207.78573404975432,204.07709572957475,207.15525817871094,1371800
2020-07-21,208.51812133721288,209.29694590277396,206.23731737705543,206.5247344970703,1546200
2020-07-22,206.5247653866718,208.36981776644237,206.23734822366836,207.89695739746094,1488000
2020-07-23,207.7578712165705,209.0837023114827,205.24526312457238,206.10752868652344,1444900
2020-07-24,204.16974821044573,206.91413171556786,204.16974821044573,205.31015014648438,1542300
2020-07-27,205.365785931468,208.16581099210157,204.74459089517862,207.05322265625,1523200
2020-07-28,206.7936192190728,208.38833446385908,205.7366581054195,205.9962615966797,1422300
2020-07-29,205.8108651939878,208.98174903784746,205.764504388768,208.0360565185547,1473700
2020-07-30,204.72606749453269,207.67444178122338,203.7710944319853,207.6651611328125,1408600
2020-07-31,207.58170436246903,208.56449100069668,204.8094928388808,208.40687561035156,1495500
2020-08-03,208.61087923888476,211.39235762873656,208.11021935353693,210.632080078125,1631700
2020-08-04,209.80690561316044,211.1883782860244,209.12081667478716,210.60426330566406,1260500
2020-08-05,211.33670006141637,212.69034476146587,210.89166754402066,212.0413360595703,1155400
2020-08-06,211.09566545612176,214.14602809442172,211.09566545612176,214.0718536376953,1317900
2020-08-07,212.55130288485742,214.9804561049672,212.05990951051965,214.6930389404297,1275400
2020-08-10,212.9592264905341,214.41485926643375,212.80161110380155,213.56187438964844,1315700
2020-08-11,213.78442276093622,215.57383366755525,211.5406986412289,211.92083740234375,1757200
2020-08-12,213.52478724054208,214.47049367725768,212.55126715692265,213.0148468017578,1512900
2020-08-13,212.8665112753813,215.45329377836097,212.25458271044752,214.8506317138672,1745700
2020-08-14,213.7751371123738,215.03606024099338,212.69962887608534,213.4784393310547,1130500
2020-08-17,214.5910825301508,216.7420995521701,214.15531639460954,215.6758575439453,1395400
2020-08-18,216.35265790856278,217.81755735329588,215.63874118865505,217.16854858398438,1475800
2020-08-19,216.76982384191587,219.27315085305625,216.76982384191587,217.53936767578125,1671500
2020-08-20,216.89965415346398,219.69039862094795,216.56587623149508,219.3751678466797,1279300
2020-08-21,219.60698609834617,220.942097959009,217.88246896954507,220.19110107421875,1976100
2020-08-24,220.71954603262878,221.9248559812454,218.67053185257626,220.43212890625,1293200
2020-08-25,220.59902493566062,221.34075527061594,219.4679035053323,220.858642578125,1501700
2020-08-26,221.2851280128172,223.67720091614925,220.76592102244985,222.9354705810547,2322100
2020-08-27,224.71561394509294,225.0864861847341,222.5182507461204,223.3248748779297,1295300
2020-08-28,224.34472937570428,225.5036784615616,222.75928080142728,225.29043579101562,1212200
2020-08-31,225.57789076191497,225.80039996945598,221.6838240093165,222.45335388183594,2001100
2020-09-01,221.1182362807897,222.5367889404297,219.9221928086516,222.5367889404297,1914500
2020-09-02,224.27984683120542,229.76864277296605,223.2970601586907,229.1752471923828,1702800
2020-09-03,227.24679649571593,228.21103613980193,219.85733423390428,221.57257080078125,2350500
2020-09-04,222.6758565162634,223.32486522341654,215.0175254771988,218.87451171875,1946400
2020-09-08,214.22018198988818,218.80961818593227,213.82149609166677,215.70362854003906,2361200
2020-09-09,219.55135297456852,223.7791976563575,217.70630064002316,221.50765991210938,1670200
2020-09-10,223.44537869291767,226.21758993654402,215.2029335468604,216.63075256347656,2024100
2020-09-11,219.20829384869225,220.44141756917105,216.2599336976802,217.66921997070312,1301000
2020-09-14,220.29306962796863,223.43613929294682,219.56060581095448,221.4334716796875,1576400
2020-09-15,222.861304978718,225.11430972310364,221.59110110205683,222.7036895751953,1297500
2020-09-16,223.87191234407618,227.06132875921037,221.748709420275,221.98049926757812,1800400
2020-09-17,220.1076252301863,221.6745268037952,216.84403448648354,219.56988525390625,2002500
2020-09-18,217.53011989872815,221.03478107335135,216.42679802017474,218.9764862060547,3676400
2020-09-21,215.879804538689,216.93676575361013,213.2744887285002,216.8718719482422,2305900
2020-09-22,217.0850957228501,219.80168005104255,214.90626553039763,219.66259765625,1786200
2020-09-23,221.15529304166506,221.91557041143818,213.58967022545647,213.84927368164062,2688100
2020-09-24,202.92733895551555,204.39225225689842,197.62398695462525,198.80148315429688,4828600
2020-09-25,197.51272491128285,199.40413761774988,195.09283881296517,198.99618530273438,3691100
2020-09-28,203.13133113020297,207.58169867609888,202.39888149544834,206.55255126953125,2587600
2020-09-29,207.09956894653175,208.76845852109574,206.1167823491019,207.7578582763672,2572000
2020-09-30,208.86120690192666,211.6704988180838,208.2585447893823,209.5287628173828,2250100
2020-10-01,210.79895526494712,212.5420194104696,207.71151286024858,208.77774047851562,1928800
2020-10-02,205.87574379326426,208.53668669492362,205.226735054729,206.2002410888672,1936100
2020-10-05,208.02676718385598,208.55525487610026,205.86648390625632,207.21087646484375,1446000
2020-10-06,207.3035941201066,208.86122947361505,204.05853579323988,204.2996063232422,2286300
2020-10-07,205.73660656480422,208.26776119148616,204.02137065205537,207.1737060546875,2005800
2020-10-08,209.57512442580773,210.2704940417517,207.6559116424145,209.17645263671875,1394200
2020-10-09,210.2281981988166,213.234645467724,210.17235307969233,212.86233520507812,1312500
2020-10-12,213.79315406903504,215.72919894344784,211.82918663127194,214.630859375,1524300
2020-10-13,214.75186330714115,215.85018865592787,212.97405105336483,213.50460815429688,1634000
2020-10-14,213.0392243121452,215.85019994644435,212.51798417340703,213.5511474609375,1443800
2020-10-15,209.97689403210174,214.71461130243767,209.66973165506982,212.9368133544922,1273300
2020-10-16,213.17880992853623,215.88741194959266,212.85302778203635,214.1282196044922,1796400
2020-10-19,214.2957517396338,217.10674117556206,210.0978944616109,210.5819091796875,1904500
2020-10-20,211.01008486222415,216.2131974229496,210.77738736806583,214.4447021484375,1783800
2020-10-21,213.9885935097418,218.15854251071568,213.20673339808175,216.96713256835938,1701800
2020-10-22,216.96714248040914,218.46571486424926,212.08049525519928,212.3504180908203,1661300
2020-10-23,211.94086459472047,213.89552913226308,211.22415237059118,213.8024444580078,1187600
2020-10-26,209.76281456087062,212.21079656758633,203.2379824086355,204.05706787109375,2162100
2020-10-27,205.3601847384033,207.56615230547672,204.96925467605655,205.3881072998047,1567800
2020-10-28,201.80460283489964,202.84708322024244,198.18382985073941,199.13323974609375,2412300
2020-10-29,200.5945325409209,203.4055221040368,197.74631762983472,201.46017456054688,1499000
2020-10-30,200.38046707948058,202.73536460819042,198.85397207032406,201.8976593017578,1972700
2020-11-02,204.00122810804348,207.71508505727732,203.21006518586674,204.9506378173828,2087200
2020-11-03,206.63534077679543,212.00600203410863,206.1047837601954,210.0885772705078,1544000
2020-11-04,209.42772511015457,214.91937977639688,208.86924549543684,212.1456298828125,1725000
2020-11-05,217.21843283491455,219.7781050412582,216.3341852769048,217.7955322265625,1954800
2020-11-06,218.74494556636637,220.5972227182059,215.0776450177137,219.9363555908203,1417600
2020-11-09,223.28721320509808,230.83592069596645,223.08243826826242,223.59437561035156,3052100
2020-11-10,222.09583437291957,223.0266245066307,219.27554140399332,222.1889190673828,2818000
2020-11-11,224.2831415880901,227.1872015446175,223.51058426319815,225.94924926757812,1757200
2020-11-12,225.25116473610785,226.2657223587027,220.49482759030656,221.66761779785156,1672200
2020-11-13,223.38026385794382,225.64207640290144,221.61175460037984,225.04637145996094,1456200
2020-11-16,227.00104097142412,229.6165582674585,225.84685640474027,227.99697875976562,1631400
2020-11-17,226.52636932248302,228.49965388110218,224.58102153180045,226.9452362060547,1318100
2020-11-18,226.51709374614532,226.9452634686452,222.97078551148033,223.13832092285156,1613200
2020-11-19,224.79509611421454,226.61945083099545,222.1702756024007,226.36813354492188,1611700
2020-11-20,227.06617413645967,228.97429611126532,225.4931370655356,226.5914764404297,1771900
2020-11-23,227.7736239525691,229.59796437343803,225.7817339486329,229.16049194335938,1288600
2020-11-24,230.28670657027513,232.7812164033577,228.881204890199,232.69744873046875,1899300
2020-11-25,232.69746478156088,233.0790920324569,231.13374463553734,232.07383728027344,1434000
2020-11-27,232.77196349219972,233.54452089184034,231.3106163837555,232.80918884277344,888100
2020-11-30,231.82257181897344,233.10706665633114,229.24427935657042,231.85049438476562,2441400
2020-12-01,234.102969593551,236.3554795141683,232.90225683606565,234.8103790283203,2078600
2020-12-02,233.35839017624343,234.39156774630314,230.95695003494978,232.3810577392578,1671100
2020-12-03,232.697471069169,234.2891280204818,231.63637116920268,232.63230895996094,1552300
2020-12-04,232.90223907025128,235.91800331881842,232.74400649894582,235.89938354492188,1852700
2020-12-07,232.5578815419993,233.62828433495275,231.17099936264643,232.0459442138672,1973400
2020-12-08,231.76671970540144,233.21874989376974,230.09129479469613,232.56719970703125,1825600
2020-12-09,232.8091623853618,233.1814868624275,228.56476276589868,229.69102478027344,2201500
2020-12-10,228.85332345548815,230.66837524391468,227.68983600276738,229.12326049804688,1874000
2020-12-11,228.87196146275042,229.8306740639423,227.62470622273582,228.8161163330078,1838900
2020-12-14,229.9982181460353,232.12972102894614,226.69391075570996,226.88006591796875,2412500
2020-12-15,231.68294540629557,231.68294540629557,228.09939817729162,229.95167541503906,2415800
2020-12-16,229.92372650839923,231.10581946280664,229.17909174321088,230.32395935058594,2248000
2020-12-17,245.5237530774451,252.41159249902003,245.07696370968756,246.16600036621094,4855600
2020-12-18,245.62616437598015,248.4836678277229,240.7208833430015,247.82281494140625,5948000
2020-12-21,243.0478638954447,245.10490170345653,239.90178936233562,243.32711791992188,2680500
2020-12-22,242.80585296309445,243.04786744007998,240.46958950198774,241.51206970214844,1602900
2020-12-23,242.7779680218666,243.792554222394,239.5202026888108,239.6226043701172,1455900
2020-12-24,240.1438128780153,241.8006178926609,238.54285298927698,239.49224853515625,528100
2020-12-28,241.75406080877949,242.34975154894803,240.50680580376965,241.70750427246094,1057100
2020-12-29,242.83380248900158,242.96409831052048,239.42710788019735,239.92042541503906,1065200
2020-12-30,240.76743433191643,241.30727997193057,239.38985506310482,239.71563720703125,992800
2020-12-31,239.7714994512219,243.23403923971063,239.65980920086022,243.1316375732422,1325300
2021-01-04,242.93618260854976,243.55050739851342,236.46719514591746,238.71038818359375,2505100
2021-01-05,238.6545323234794,240.73952108197403,237.48174212489428,240.06935119628906,1809200
2021-01-06,241.26077198656955,245.34692519081383,239.16649455059397,242.6941680908203,2535600
2021-01-07,242.34047906655465,246.58490774496408,242.3218734918817,244.98394775390625,2068200
2021-01-08,245.55170500500532,248.08345491418382,243.20612445602112,245.8774871826172,2010700
2021-01-11,244.63953313079816,246.38942294669408,242.25671290652303,242.33119201660156,1745100
2021-01-12,242.11708846441655,243.14096313793522,238.30084381155038,240.51612854003906,1898200
2021-01-13,239.5168012247715,241.98246909066782,239.5168012247715,240.1051788330078,1870700
2021-01-14,240.26393998089958,240.26393998089958,237.34060740440208,238.16250610351562,2253200
2021-01-15,236.87362386722964,239.06846052272536,236.32258462223646,236.90164184570312,1915100
2021-01-19,237.61149596237885,240.31065654080112,236.9950718625516,238.9470672607422,2249400
2021-01-20,240.95505650883578,245.05520096299816,240.03043477196022,244.39208984375,2081600
2021-01-21,243.26198195372268,244.52284800288507,239.94639762307497,240.90838623046875,1625600
2021-01-22,238.50809726771004,239.44206798403582,236.82696137933337,237.94772338867188,2049600
2021-01-25,235.22984134745195,237.03239780669747,232.61472075648385,235.39794921875,1921600
2021-01-26,236.47202381789847,237.61146911565166,234.55738119454205,236.2852325439453,1345500
2021-01-27,232.24112102581955,234.63208336023283,228.2530627759335,229.85015869140625,1833100
2021-01-28,232.78286270133876,236.10779611746307,231.75548922949724,232.87625122070312,1794200
2021-01-29,231.84888371225966,232.7735055526028,225.76872554388729,225.94618225097656,2494400
2021-02-01,229.85019122572822,232.46529774211274,227.8608291067356,231.22312927246094,1559700
2021-02-02,233.49268927646042,234.82826061851563,232.2131538996295,232.32522583007812,2010300
2021-02-03,231.80216800968694,233.5953898709955,230.30780933296623,231.97027587890625,2470400
2021-02-04,233.0817134057505,236.32259270513273,230.60669688086716,236.3039093017578,1702200
2021-02-05,237.31259110953516,238.86298575703884,235.51003465586427,236.7989044189453,1497700
2021-02-08,237.1538169899809,240.35734361196853,237.00437827119055,240.31997680664062,1508700
2021-02-09,239.38599223544557,241.7209186381966,238.73221569292724,240.66552734375,1542600
2021-02-10,240.98308672926157,242.07584488496855,238.96572104096228,239.9744110107422,1428300
2021-02-11,240.96442393048537,242.82301637410345,240.0678201012176,241.87037658691406,1285300
2021-02-12,240.45079800767365,241.51550991672102,238.54548956210837,240.46946716308594,1219200
2021-02-16,240.63753653793881,242.3560391441012,239.34865245768634,240.0771484375,1606700
2021-02-17,239.7035851475471,244.33607204549327,238.88170058574136,241.6929473876953,1881000
2021-02-18,238.71352756161912,241.05780274433928,237.88229434875973,240.61883544921875,1664300
2021-02-19,241.39403002879544,241.4313968329956,237.37796790414833,237.49937438964844,2038400
2021-02-22,236.00507160945074,237.38734433209447,233.57674195368014,235.94903564453125,1476000
2021-02-23,234.94963742440717,240.8990254737923,234.04368481939355,239.27392578125,2191300
2021-02-24,236.49071290371145,243.27133464485308,236.12646492280842,242.1505584716797,2476300
2021-02-25,241.8796989450517,242.00109117225,235.90227898191472,237.02304077148438,2157700
2021-02-26,238.38666473270845,238.95638737750176,233.3151968862269,234.33322143554688,2712800
2021-03-01,237.2285848844603,242.64560416191352,237.2285848844603,241.11390686035156,1954700
2021-03-02,241.1138647855307,243.87840991003475,240.1331785081827,242.11322021484375,2099800
2021-03-03,242.73894986062774,242.83235261983174,237.27523047743765,237.39663696289062,2114400
2021-03-04,236.1358007116211,237.82628530478348,228.98158212558945,230.6907501220703,2590400
2021-03-05,232.78285709854813,234.12776290486786,228.2997949903643,233.03501892089844,3236500
2021-03-08,237.78896769596992,238.9003809596873,232.77353488682482,232.9229736328125,2856100
2021-03-09,235.8462747703084,240.46007785410788,235.0243760300919,237.57411193847656,2729200
2021-03-10,239.36734361969062,241.18856926856182,237.79826553178063,240.16122436523438,2046000
2021-03-11,242.83239494194362,250.40688404142057,242.83239494194362,248.7817840576172,2972000
2021-03-12,247.483508086608,248.66964033547106,245.35405653200493,247.4554901123047,1828600
2021-03-15,246.2787653246153,248.98727497482017,246.08263943509905,248.6790771484375,2295700
2021-03-16,249.57563686915452,249.61300367565656,245.7276823725874,246.11993408203125,2185600
2021-03-17,246.12925970269345,248.6976787339904,244.35472134521035,246.8203887939453,2626500
2021-03-18,249.57568440267002,253.58242721309267,246.64300233793585,249.26748657226562,4089900
2021-03-19,248.76308912879307,251.34082874937587,243.8877611799981,246.36277770996094,4460500
2021-03-22,245.77439924127097,248.3708368081361,245.02723403596002,247.68905639648438,2295700
2021-03-23,247.9692452775645,249.49162222893838,246.9138537221936,248.46424865722656,2160300
2021-03-24,248.36150179442845,251.9759638533475,248.15602709974067,249.88385009765625,2160600
2021-03-25,248.60432875529162,251.7051185028719,248.25876413630402,250.87387084960938,1714700
2021-03-26,250.76170982095235,262.7258686627442,250.76170982095235,262.2308654785156,3171900
2021-03-29,259.84936601663395,262.716663311453,259.40104975636825,261.08221435546875,2398700
2021-03-30,261.31567480871695,261.58650579474505,258.26157232346293,260.15753173828125,1763100
2021-03-31,260.1108026703019,260.82994974532346,257.8692790120672,258.0093688964844,2375800
2021-04-01,260.2229059135814,260.3723446424616,257.8412920841382,259.9613952636719,2301900
2021-04-05,260.58712571612415,264.0241304129943,260.3909713837484,262.567138671875,2631300
2021-04-06,262.84728265388594,264.36031014046176,261.1848164831092,263.0340881347656,1786600
2021-04-07,263.35169079782054,264.90208541162525,262.539140937533,263.9120788574219,2736300
2021-04-08,265.35974530748615,266.50853950594734,264.52852622276407,265.63995361328125,1600600
2021-04-09,266.18162462221625,268.8154285906622,264.8740714649271,268.7126770019531,1787800
2021-04-12,267.0876141728916,269.07697641333147,266.31243099830795,268.553955078125,1437500
2021-04-13,267.6759382322821,268.10555666108417,265.3223144429393,266.3870544433594,2228000
2021-04-14,266.42456454696503,268.6917524011714,265.2066279609056,266.48077392578125,1903500
2021-04-15,268.18583510304853,269.04773119968735,266.4526365601459,267.1459045410156,2047500
2021-04-16,267.15527547347324,269.3100442507393,267.0147520472563,268.84161376953125,2625500
2021-04-19,268.9728822229253,269.0946787652094,266.9211537094543,268.4482421875,1437100
2021-04-20,267.87665089987837,270.659129130739,267.7174005454236,270.3780822753906,1889800
2021-04-21,271.38053469482475,272.76707065757284,269.61923146467933,272.3642272949219,1585900
2021-04-22,272.61715107866297,274.762570599656,270.89333040968774,271.8395690917969,1460400
2021-04-23,271.86770107726676,274.3972372619407,271.4086483275197,273.31982421875,1505300
2021-04-26,273.18870788936175,273.910080657987,270.60296205311016,271.2400207519531,1420700
2021-04-27,271.755383046522,272.5236162277104,269.8816603162518,271.92401123046875,1270900
2021-04-28,272.36431752598793,273.04823656576116,271.5211480764686,271.9427185058594,1159900
2021-04-29,273.63838974447907,274.7626345510451,272.2518535525451,274.0693664550781,1247800
2021-04-30,272.411067954399,272.55161997970475,270.1532294697734,271.6615905761719,1969200
2021-05-03,274.4347122719627,274.8937936478271,272.973211258608,273.72271728515625,1300400
2021-05-04,272.523526839882,273.50721951432627,270.89336915753614,273.1886901855469,1810700
2021-05-05,273.8819759680596,274.34102876711813,270.8652820226768,271.2400207519531,1553800
2021-05-06,271.2026604501866,272.7953077467146,269.45070553789236,272.7765808105469,1863200
2021-05-07,273.75081741000395,275.5214699736599,272.6640551326771,273.12310791015625,1394200
2021-05-10,272.27057771152994,275.5308647448016,271.8677342863916,272.2611999511719,1620700
2021-05-11,270.2282178287863,270.246944758113,266.6025699482149,269.7691650390625,1541700
2021-05-12,267.22093028197753,267.29586659802993,261.5154490067166,261.7496643066406,2116600
2021-05-13,263.3704084524193,269.11337201902245,263.3704084524193,267.30523681640625,1698200
2021-05-14,268.74793800912187,275.9055699131001,268.52310051374394,270.00335693359375,1285600
2021-05-17,269.4787246653038,270.33124305627825,268.0359506508245,268.8791198730469,1500000
2021-05-18,267.7643133624643,268.59813360408316,264.96310735530295,265.14111328125,1438400
2021-05-19,262.25557568052176,263.32361128132453,259.39816016452875,263.22991943359375,1625200
2021-05-20,263.91379097933867,267.12721778399043,263.8013436278547,266.021728515625,2094700
2021-05-21,267.0054425059521,269.01033920130396,264.8225684857391,265.48773193359375,2210200
2021-05-24,267.1928057953892,267.97976571394594,266.26529383470245,266.8648986816406,1231300
2021-05-25,267.7548859527626,268.1296532583624,265.7031578947482,267.9328918457031,1761300
2021-05-26,267.8485905593002,268.71986454585607,265.4408506005218,266.021728515625,1873200
2021-05-27,266.22784234686,267.26774448719704,261.52478113282496,262.3679504394531,7166300
2021-05-28,264.7101180773815,266.93050311624023,264.2885476958776,264.3447570800781,2005700
2021-06-01,267.5488922575564,267.5488922575564,262.89268949951986,263.1456604003906,1670800
2021-06-02,263.304830901097,265.24414046217385,263.304830901097,264.0074768066406,2089800
2021-06-03,262.3210602389021,263.06118837855104,259.86648917832576,261.97442626953125,1540600
2021-06-04,263.55778625731955,265.5439273259081,263.42661197243035,265.2909851074219,1146200
2021-06-07,265.29099803630055,266.30279555028864,263.314206041199,264.37286376953125,1404000
2021-06-08,264.1948275933109,265.58139230029377,263.18303019521585,263.6795654296875,1321400
2021-06-09,265.2254246736414,265.3846750747769,263.76392341596716,264.29791259765625,1166500
2021-06-10,265.6281913249865,266.73368041465596,264.9255455931364,266.2746276855469,2007200
2021-06-11,267.00541075122044,267.53942843449846,266.0123402827025,267.2677307128906,1473100
2021-06-14,267.6987284735924,267.79242031815625,265.3003659245878,267.6706237792969,1672400
2021-06-15,268.7386320955112,269.7691850997486,267.3520672724705,268.12030029296875,1408200
2021-06-16,269.32885612547886,269.32885612547886,265.159812534058,266.0123596191406,2350600
2021-06-17,264.66325265291397,267.40824873015816,264.66325265291397,266.7899169921875,1872100
2021-06-18,264.98182392588257,266.0685863715278,263.0706190324558,263.4922180175781,3134000
2021-06-21,266.03107630052733,269.3475726790941,264.2042142663608,267.5300598144531,1959400
2021-06-22,267.7175016652003,268.5231886820009,265.79691879246855,267.6238098144531,2019800
2021-06-23,269.5818088965199,270.1907629552026,267.55818528416694,267.6612548828125,2161300
2021-06-24,278.4632295109502,278.99721859838047,271.26811467700355,273.1512145996094,3003900
2021-06-25,273.87263924802863,276.5801820099388,272.0832594032883,276.0555419921875,4233600
2021-06-28,275.8493577744778,277.18906215555955,274.0318451297776,275.34344482421875,1662400
2021-06-29,276.1773076912626,278.85671686910325,275.99930178468065,277.7137451171875,2060700
2021-06-30,277.3015539991807,278.23841525512927,275.24047639053583,276.1773376464844,1595300
2021-07-01,276.8237774923723,281.11458951571956,276.3740737915039,281.0583801269531,3104100
2021-07-02,281.0583685228857,285.90195365368714,281.0583685228857,285.5927734375,2280100
2021-07-06,285.61148807607526,287.4758612820641,282.64165412065677,286.1174011230469,1856200
2021-07-07,286.5108709407088,290.2302106834924,285.9300216282043,290.0615539550781,1889900
2021-07-08,285.7707519184689,289.71492930594775,283.55039559485425,289.630615234375,1867700
2021-07-09,290.98908151443277,296.25423665007355,290.5955872479857,292.88153076171875,2054000
2021-07-12,292.1507388151286,292.46926813297,291.1108368001812,291.8977966308594,1456900
2021-07-13,291.5606050315524,294.0901420460741,290.47384246335173,292.8909606933594,1570600
2021-07-14,294.11222254248287,296.43280256813705,293.62368994234794,295.3711853027344,1743800
2021-07-15,294.8920352495821,296.4046255696362,294.3471059216772,295.8879089355469,1927800
2021-07-16,297.936076993155,297.936076993155,292.4681463140807,293.041259765625,2666100
2021-07-19,289.36776949643723,291.0494928082022,287.73303867479217,290.47637939453125,1851600
2021-07-20,291.2468405221336,295.16459289556104,290.29793035073106,293.1822204589844,1448700
2021-07-21,293.69883582019366,295.05172619617963,293.07878734668304,294.7886657714844,1180300
2021-07-22,295.7282129058228,295.94430954879897,293.849201416624,295.24908447265625,1274800
2021-07-23,296.8837898456001,299.5143942364165,296.4516252681312,299.37347412109375,1221000
2021-07-26,299.5144609025295,300.39759871703814,297.68244165268675,299.68359375,1345800
2021-07-27,298.6500974194777,300.73580136640805,296.7053136031289,300.53851318359375,1641000
2021-07-28,301.44047469060536,301.58139484175643,296.9966014480082,297.17510986328125,2006300
2021-07-29,298.5937378814735,299.83389240883565,297.0059707982844,299.0916748046875,1863800
2021-07-30,298.4903727471899,299.87144738792415,297.72937536060584,298.4621887207031,2305400
2021-08-02,299.9559485571771,300.16264094014616,296.4140226964359,296.95892333984375,1507200
2021-08-03,298.54671350425076,300.26602497707194,296.4140459045633,299.2513427734375,1979600
2021-08-04,298.78159036900047,299.88082464598966,296.7428790698118,297.6072082519531,1448300
2021-08-05,298.6782366680042,301.1679208398309,297.86087136172864,300.93304443359375,1952400
2021-08-06,301.58130692768873,302.86842505206863,299.23254285504316,302.361083984375,1392600
2021-08-09,302.5302456698623,302.76512209955007,300.05934104211696,300.19085693359375,1225100
2021-08-10,300.61359442925374,302.57715760417744,299.7586409312169,300.8108825683594,918900
2021-08-11,301.2243267117477,301.44979891519085,297.8984683537617,300.4445495605469,1841600
2021-08-12,300.35996976298986,302.361092726737,299.3640960611087,302.29534912109375,910900
2021-08-13,302.6993313674506,304.4374225754847,302.1262180047975,303.88311767578125,970300
2021-08-16,304.3998919310501,308.6276682078702,303.59193067155036,308.3927917480469,1781000
2021-08-17,307.78206895989103,309.98991305980803,307.0022631832591,309.37921142578125,1531700
2021-08-18,307.5660394748569,309.26654284675743,304.7569260308284,304.9166259765625,1636800
2021-08-19,303.28187768857555,309.0974211275169,302.9436693487225,308.3927917480469,1294200
2021-08-20,309.8583576742675,313.37209964788775,308.4678789836328,312.52655029296875,1726800
2021-08-23,314.0204299016798,314.6217274151963,312.6017955477181,312.7803039550781,2017900
2021-08-24,312.9868923640076,313.79485337387956,310.7414603395529,310.89178466796875,1451300
2021-08-25,311.85957058677207,314.3492553265951,311.0985731506647,313.2688293457031,1613600
2021-08-26,314.2365112394178,314.2365112394178,311.20189713380483,313.071533203125,1702300
2021-08-27,313.8794309568637,315.58933807627756,313.1842059689106,315.3544616699219,1126200
2021-08-30,314.7344223611079,318.1636125719484,312.7802630406874,316.6134338378906,973800
2021-08-31,316.8013095718893,316.9985977259799,314.8283420166739,316.20001220703125,1641300
2021-09-01,317.0362544710516,318.5206610701491,316.2940368357815,317.4590148925781,1621100
2021-09-02,317.9850770435501,321.3578989158857,317.78778888333227,320.3714294433594,1600500
2021-09-03,320.3714501303395,323.26511512898674,319.53527627826566,322.56048583984375,1566100
2021-09-07,322.56053549275913,323.59399767687455,319.62928178613606,320.83184814453125,1380700
2021-09-08,320.22110708646727,321.5645933048812,319.1688653301868,319.7325744628906,1392800
2021-09-09,320.80363189857906,321.8276897463561,319.338005192454,320.4654235839844,1668200
2021-09-10,322.7202157526284,324.6180069907947,320.84120430719827,321.2358093261719,1725200
2021-09-13,324.1294722447736,324.57104107845737,315.55178046431496,318.90582275390625,1854200
2021-09-14,320.4277964020509,322.4947203116352,319.4319227014613,320.1083679199219,1758800
2021-09-15,319.6573718829594,324.5991804475557,319.2721711515522,323.5939025878906,1657200
2021-09-16,323.7912199667835,324.12942821654667,319.6385926478241,321.5270080566406,2252700
2021-09-17,319.46011485542704,320.85996914215383,314.33042187654064,315.1101989746094,4455100
2021-09-20,311.0703708330316,314.65928980924605,308.3739938202405,312.1883850097656,2650200
2021-09-21,313.59764916339583,315.16660779415594,310.85427961061964,311.1173400878906,2820300
2021-09-22,315.15725673056085,316.4349709562132,312.98700045651606,314.4150390625,2441100
2021-09-23,317.19591246846164,323.88518852032394,316.7355638465168,322.2504577636719,4543400
2021-09-24,320.0707926635426,322.1377166570631,317.28986383980094,318.7085266113281,2035900
2021-09-27,317.1019403947354,317.28985299551965,312.9305329659734,314.2740478515625,2025300
2021-09-28,311.50251013673176,311.9346747342507,304.2683047192045,304.5971374511719,2300500
2021-09-29,306.560610639896,306.6639711464408,303.5260264477471,303.95819091796875,1741300
2021-09-30,304.8602311882588,306.17556225974124,299.0446879291895,300.56671142578125,2382100
2021-10-01,303.8079399343799,307.1150181991097,300.2566096952323,305.2077941894531,1802300
2021-10-04,303.8361602093583,304.7005181329807,296.8932274799065,300.1626892089844,1774500
2021-10-05,301.5437402650516,307.5283869632232,301.40282014489026,305.45208740234375,1628800
2021-10-06,303.56372556772243,305.658833963491,301.1210332615916,305.5179138183594,2166400
2021-10-07,308.1578371946839,309.59527961766753,306.0909134034624,306.5137023925781,1188400
2021-10-08,306.97413643712537,307.8103104173122,304.9072407418267,305.5179138183594,1229800
2021-10-11,305.0856815046741,308.8437041226392,304.8789891138285,306.74859619140625,1475900
2021-10-12,308.26121453832246,309.4731849707259,307.39688531367113,307.86663818359375,2054600
2021-10-13,309.30830035534524,312.41786201699506,307.056201745345,311.1269226074219,1768500
2021-10-14,313.91617320420426,319.692417455754,312.860778638267,319.4757080078125,1638400
2021-10-15,321.4921628301532,322.18004845042003,319.6264373570162,322.0952453613281,2074900
2021-10-18,321.88798704700145,324.37563096542937,320.992795268525,323.3768005371094,1636800
2021-10-19,325.09175866558235,330.5193867949677,324.6111790376297,329.5582275390625,2177800
2021-10-20,329.803200445073,330.21781248329995,325.6288411238705,325.8455505371094,1740100
2021-10-21,325.84558027570563,327.4474931838331,324.8279143886248,327.08941650390625,1520200
2021-10-22,328.1542801810163,334.84458137894876,328.1542801810163,333.3746032714844,1459400
2021-10-25,332.8845551659938,336.5500966388195,331.1978677656492,335.87164306640625,1523800
2021-10-26,336.3898602250751,338.57599137962853,335.71140672043987,335.7773742675781,1547700
2021-10-27,334.53356466502777,336.32394819231257,333.3745602049621,333.6195373535156,1567700
2021-10-28,334.9292903190694,337.73733937921554,334.2696724085775,335.7585144042969,1500600
2021-10-29,334.1189464220543,338.8681212451072,333.66666322899476,338.0860290527344,1936400
2021-11-01,338.12372025183225,339.11314730860124,331.78209296740897,334.8162841796875,1600200
2021-11-02,336.43705085715226,342.2792632284459,336.01300655914673,340.6396789550781,2204300
2021-11-03,340.111951465202,341.5819293295159,333.93993086545845,341.20501708984375,1727500
2021-11-04,341.9966046157013,345.74694967136145,340.61142959261315,345.63385009765625,1979200
2021-11-05,347.56550688986147,350.6468011022904,345.78455558596187,347.197998046875,2110600
2021-11-08,348.649139082079,349.27105721339103,344.99302999552,345.75628662109375,1731600
2021-11-09,345.4736123880108,346.5572458614075,343.72092877550494,346.26513671875,1865700
2021-11-10,343.9093956657329,346.12379459213156,341.75153213689674,343.6926574707031,1352400
2021-11-11,344.48416941458424,345.97301151439126,343.23092980490196,345.07781982421875,1184300
2021-11-12,346.7645736988844,350.16624498011754,345.2286281871573,349.8081970214844,1802100
2021-11-15,350.3169345420646,350.6467434800585,346.82102881506296,347.18853759765625,1957400
2021-11-16,346.10497453975125,351.5797067039857,345.8411330652061,349.74224853515625,2041600
2021-11-17,350.1097045614279,353.2852629468844,348.24397881865724,351.26873779296875,2254600
2021-11-18,349.8929720870244,351.24044698070793,347.9706823132811,349.3841247558594,2555900
2021-11-19,350.48662400449024,353.07793516023736,348.3381926328969,348.4512634277344,2554000
2021-11-22,349.98724497978225,351.19338151025426,342.1284788479706,342.3357849121094,2098400
2021-11-23,341.53485006658815,342.5902159144046,336.63490433708324,339.8858337402344,1998600
2021-11-24,338.50068097945706,341.9871556146152,338.00126572398415,341.45947265625,2191500
2021-11-26,340.328706353847,340.96002791603496,332.3474663530511,333.1955261230469,2649400
2021-11-29,338.415894000262,348.20632565610316,338.415894000262,344.7104187011719,2857100
2021-11-30,340.79983250268435,343.98476532754904,336.6725759566514,336.7762145996094,4761200
2021-12-01,344.1920418602017,348.2533305089369,339.1790549332685,339.35809326171875,2876800
2021-12-02,338.952911545662,347.6032011216035,338.952911545662,344.2203369140625,3183100
2021-12-03,348.09329141024386,349.365395747804,336.7197808523759,340.5643615722656,2331900
2021-12-06,341.10128330824375,344.31451200685564,337.42633936262854,341.32745361328125,2100200
2021-12-07,348.64913241369686,351.60795236759964,344.8611170571312,349.91180419921875,1943800
2021-12-08,350.47724476562973,353.2287303772789,348.31938091649886,352.91778564453125,2271000
2021-12-09,351.2876394811243,352.30533440202964,349.1957429843382,350.01556396484375,1841400
2021-12-10,352.62568241433246,358.006179519936,351.47608121291773,357.5444641113281,1984000
2021-12-13,357.5443934626432,359.15570975427914,355.4901974000244,355.92364501953125,2843900
2021-12-14,352.7764109241882,354.09561818866837,345.3605537864617,348.3947448730469,2475200
2021-12-15,348.84703233171,354.18985776376235,346.0955469688658,353.643310546875,2804900
2021-12-16,389.23381872604693,389.78033719587035,375.99455617195736,377.4833984375,6298500
2021-12-17,373.48804028375974,381.2619741979211,368.7388940881966,373.3749694824219,4929100
2021-12-20,368.3243266584057,368.84257747959134,361.38901951725603,363.51861572265625,2690800
2021-12-21,365.61048607216594,370.46329991691425,362.64226236181025,370.21832275390625,2222400
2021-12-22,370.5480860622742,380.4516159673253,370.51981836181466,380.39508056640625,2282400
2021-12-23,379.0852297285764,383.37268881100255,377.8225580035001,380.0369567871094,1374000
2021-12-27,383.28795633151327,391.94765042601836,382.89217974462395,391.3634033203125,1906300
2021-12-28,391.0524449374381,393.0783735394159,389.8086085724476,391.3068542480469,1362600
2021-12-29,390.8828289039972,393.2856697134745,388.8851680534172,391.4482116699219,1041700
2021-12-30,392.23971932086386,392.6166315632275,388.11246268906365,389.9499206542969,1278000
2021-12-31,388.8851950578945,392.88994918949106,388.3292156491436,390.62841796875,1163200
2022-01-03,390.7319917848445,391.55178371553376,381.6671197935683,383.7118835449219,2129900
2022-01-04,385.2196390496095,387.63191208935586,379.93337759536814,380.9698791503906,2516300
2022-01-05,380.6212337942054,380.65893364815685,374.18537123616005,374.2607421875,2471400
2022-01-06,362.4914556735407,369.5681001269628,354.0767684613586,356.1875,4386600
2022-01-07,357.2146021978991,358.06266193257665,348.7810793411607,349.3558654785156,3469000
2022-01-10,342.44887003058136,351.82468825875316,339.4335144533084,351.4760437011719,2952400
2022-01-11,348.1874048552618,354.0955836472954,342.8634155556238,353.4642333984375,2407000
2022-01-12,356.9692336202866,362.25031520409993,355.8071955839188,356.345703125,3143400
2022-01-13,357.3187723615133,358.320192236508,340.82365657695567,341.3999328613281,2944100
2022-01-14,337.3092688902341,339.5199523852195,330.3937797021569,333.8326110839844,3949800
2022-01-18,329.345076026606,331.6218978982497,325.90624495266377,329.0333251953125,3425600
2022-01-19,331.6030704729328,336.39289952145475,324.51753477906675,324.7442626953125,3374700
2022-01-20,326.3596828057042,336.269973049011,323.13812346511475,323.752197265625,2817300
2022-01-21,322.52409718775573,325.0654157060683,316.72339243297193,317.0823974609375,2830700
2022-01-24,310.1574368721429,320.81407908777976,301.46586560753826,320.2661437988281,4544500
2022-01-25,313.56796062797935,320.91802035500046,309.1276809544998,316.4399719238281,3625400
2022-01-26,322.5524971896201,324.9521112230836,309.9213244804207,311.65966796875,4422200
2022-01-27,318.87740571211225,322.8453167167073,312.7177245297868,314.9378356933594,2778000
2022-01-28,315.44799568181554,324.1017987619866,309.0899277313767,323.9034118652344,2457400
2022-01-31,325.9345669887967,334.1537980366111,324.5552577635264,334.0404052734375,3159300
2022-02-01,334.6450916028629,336.9880521946867,329.60019420154725,333.8893127441406,2087200
2022-02-02,334.8151517418165,340.20017004005274,333.97434988811074,339.60498046875,2603200
2022-02-03,326.1991242432278,332.48162596045756,324.9709764180063,326.4541931152344,2706300
2022-02-04,325.8306651788971,331.1684284986754,322.01391602522233,328.2964172363281,2142800
2022-02-07,327.04937628491564,329.0238751387101,324.05457313183047,324.9520568847656,1265100
2022-02-08,321.1919896325184,326.8131626290372,321.07859687061625,326.0007019042969,2197700
2022-02-09,332.1982181007471,336.82742840280633,332.0942819315243,335.8826904296875,2430500
2022-02-10,326.96438552737726,332.15098815249684,321.2014777044016,323.4688720703125,2457700
2022-02-11,324.9331081223319,325.91564346738187,309.2032301535016,310.98876953125,3091600
2022-02-14,305.2259233195679,309.75122615972197,303.69545245796246,308.1073913574219,2689900
2022-02-15,314.33322669566326,314.9095030333955,309.25998827797696,311.2061462402344,2395600
2022-02-16,307.86184472646,316.9029965754365,307.1438344402681,315.2780456542969,2867500
2022-02-17,314.52217434067666,314.52217434067666,304.4418076214085,305.0653381347656,2148000
2022-02-18,304.59294618554105,308.44746408612775,302.41060396891777,303.430908203125,2421800
2022-02-22,302.3255879746356,309.8551502748036,300.22826866001463,303.3647766113281,2794300
2022-02-23,304.93310631856843,306.86983672326085,295.3156793749663,295.85418701171875,2192200
2022-02-24,285.6415293516854,299.085132135496,284.09214525086793,298.69781494140625,3785900
2022-02-25,299.79367457684805,305.3109694582435,298.9056474474632,304.68743896484375,2552600
2022-02-28,301.07858522064305,301.79659539741454,294.6732621021568,298.5561218261719,3419300
2022-03-01,299.48195973522485,299.8409648046685,292.64206552748186,294.1441955566406,2525400
2022-03-02,297.98924139995836,302.56176938077095,295.27781940612795,300.7384033203125,2220800
2022-03-03,304.99920395779316,305.80223700163015,298.15931025442615,301.3241882324219,2120900
2022-03-04,297.1673525380007,298.83955739717976,292.86880579188966,296.7989196777344,1917300
2022-03-07,295.8730050611491,296.64769704934366,287.7671666618597,288.1639404296875,2908100
2022-03-08,286.9264342172718,291.9335640382095,280.92734080644755,284.9519348144531,2902600
2022-03-09,293.841876246814,295.41014487866687,290.7431365780409,292.32086181640625,2825900
2022-03-10,288.1450780001599,293.01992933687995,287.21922441951557,292.415283203125,2049000
2022-03-11,297.0350748520448,301.10689328185805,294.01190175204226,294.3614501953125,3811900
2022-03-14,291.9902017070801,295.8447203402916,287.10589320797396,290.677001953125,3156600
2022-03-15,294.09687613405595,299.40632697822724,293.10491294099484,298.75445556640625,2695200
2022-03-16,302.949184119038,307.4744589329206,298.10267297456846,306.9548645019531,3473100
2022-03-17,320.17169131486384,325.4244321059576,300.738424410274,301.8437805175781,4661600
2022-03-18,304.08281092388313,306.54859205938556,299.0190291581409,306.0478820800781,7566200
2022-03-21,305.49988542405316,308.31521470207025,303.18529490322356,306.56744384765625,2290500
2022-03-22,306.0951402525335,310.58264616672955,305.39604329396394,309.3733825683594,2022800
2022-03-23,307.03980301546045,309.0993246208359,302.59009578908604,302.7884826660156,1837500
2022-03-24,302.6562924149753,307.4366938604594,302.31620052831835,307.3138732910156,1430400
2022-03-25,309.4772770970238,311.30064344142403,306.34076868912155,309.60009765625,1814000
2022-03-28,308.5325026902831,312.6043497221968,307.35158026937563,312.4626159667969,1984400
2022-03-29,320.26615306891154,322.2123108666171,318.37667723959646,321.8627624511719,2223000
2022-03-30,317.97047215430456,321.8816724399931,317.8854491949543,319.7560119628906,1721600
2022-03-31,318.8490630118332,324.7536752898301,318.593994140625,318.593994140625,2752600
2022-04-01,319.878821645811,322.4390534385292,317.7626178464673,321.8155517578125,2090300
2022-04-04,323.0909383144088,325.70788101757813,321.2581442940439,325.43389892578125,2317500
2022-04-05,322.6280000598209,326.21799262760203,322.6280000598209,323.87506103515625,3058100
2022-04-06,319.5954384014049,323.03426986166573,316.0526707649611,321.4565734863281,2299000
2022-04-07,320.25665620370955,325.75503709527135,319.14187252402246,322.8830261230469,2313100
2022-04-08,323.50659270463694,325.27324796753743,319.5764795744999,320.1905822753906,2170000
2022-04-11,317.5264083444436,318.7734692698708,306.90753493095883,309.1843566894531,2445400
2022-04-12,311.50846935504285,315.49526484570913,308.2207707544603,308.67425537109375,1835000
2022-04-13,307.32871422460164,310.1808522326113,306.286402251827,308.5131530761719,2081400
2022-04-14,309.73549875269896,311.0620644688668,302.5435895929738,302.7141418457031,2964800
2022-04-18,301.8139429192143,304.16387987791023,294.5272732031746,297.1520080566406,2479300
2022-04-19,296.30867311113616,303.9743574380109,295.7780468501706,303.7564392089844,1758200
2022-04-20,307.0349521391812,311.15680480970434,305.69890174711026,306.69384765625,2273600
2022-04-21,309.0816537639999,312.9950439037311,304.48602576798436,305.4051513671875,1910200
2022-04-22,304.18281274484195,306.85491351488275,294.03454959372664,294.49884033203125,1906800
2022-04-25,293.16282776992625,300.49686350666246,290.17801888454505,300.203125,2049600
2022-04-26,295.27588416123217,298.58282841486266,286.2552076409079,287.2027587890625,2101400
2022-04-27,287.08905727799856,293.08704332235226,286.5205208057125,287.2027587890625,1821200
2022-04-28,291.99734189844844,299.5588098652102,289.5905540781518,297.3794250488281,2215200
2022-04-29,293.74085214315994,295.61701380244006,284.0758189897277,284.6064453125,2972100
2022-05-02,284.70126905885724,289.9980776080573,281.65963733776516,288.6241455078125,2528900
2022-05-03,290.5949199096509,291.4951048835931,286.8331414620067,288.8324890136719,2121700
2022-05-04,287.2500724054264,299.31240673221936,285.0328065930542,298.34588623046875,1900200
2022-05-05,294.41357667131166,295.82544738986377,279.1579990853836,283.03350830078125,2231700
2022-05-06,280.1434226180377,281.47947288004303,274.51496786191245,280.22869873046875,2477000
2022-05-09,275.4152183488658,277.14922421491514,270.8669555179926,272.4114685058594,2584100
2022-05-10,274.7898272757477,277.06394420084354,268.8676327223911,272.5062255859375,2634600
2022-05-11,270.74376406675185,273.35898522529544,265.750151671363,266.2049865722656,2398600
2022-05-12,263.4191847386276,266.8872249573803,260.3775540475678,266.4608154296875,2284600
2022-05-13,268.1949306875398,273.5296491857438,266.2524331532449,271.7292785644531,2373600
2022-05-16,269.7487740748558,273.81377539400813,267.25671066610926,271.16064453125,1598000
2022-05-17,279.22438749041464,279.22438749041464,273.0842740714242,275.8037414550781,1598000
2022-05-18,271.8239753336026,272.1840493728903,258.1318794951362,259.7806091308594,2666000
2022-05-19,255.98091138247548,263.41919293766927,255.5545307584738,259.2594299316406,2679500
2022-05-20,261.1261583975828,263.79825983856745,254.10482914531033,262.1400451660156,3007800
2022-05-23,266.52717192005395,269.0381765485401,261.6757149207982,268.5265197753906,2128900
2022-05-24,265.1437216781238,266.29025026507514,258.7287830484162,264.66046142578125,2088700
2022-05-25,263.73182626281874,266.583963692686,260.8038974852786,264.97314453125,1812600
2022-05-26,267.62630811300545,277.5187429166199,266.3660490831043,276.25848388671875,2742800
2022-05-27,278.04942757448765,288.2166624020304,278.04942757448765,288.19769287109375,2759000
2022-05-31,286.53947585130413,287.4112356749813,281.1384513849577,282.8061218261719,4143700
2022-06-01,288.1786735738791,290.6233422888926,281.78270469414554,282.986083984375,1784600
2022-06-02,284.22736288879946,290.6707264274724,282.2564697193092,290.5380554199219,1318500
2022-06-03,286.4447157024467,290.7276656259681,286.08467053731647,288.95574951171875,1714500
2022-06-06,293.74086828630584,295.9391939825852,287.83761397483084,288.7472839355469,1401000
2022-06-07,284.6727825933735,290.79398378967016,284.6538419806451,290.4528503417969,2311100
2022-06-08,289.00305216101634,291.28665351861906,285.90457083156,286.766845703125,1428600
2022-06-09,284.88121515735,286.7478918678395,279.2906697897352,279.93499755859375,2497900
2022-06-10,275.63314814553144,275.94582727915264,270.9806688624975,271.00909423828125,2169900
2022-06-13,262.14947540666674,266.5555819796152,260.44386617661496,261.99786376953125,2414200
2022-06-14,260.2448964210342,262.7085349942741,258.3118841353273,260.69024658203125,2052600
2022-06-15,262.4526824601549,270.8574550775885,261.6188329659271,266.4418640136719,2536000
2022-06-16,260.90820335255347,260.9555693411641,254.97652416346847,256.69158935546875,2741800
2022-06-17,258.3119102632072,263.9782766631074,256.7200312395918,260.9366455078125,4446100
2022-06-21,263.56135299841634,269.398271694395,263.1065469422147,267.9011535644531,2550200
2022-06-22,264.4520055658958,275.13089494379676,264.4520055658958,271.37860107421875,2939000
2022-06-23,261.5240869789988,271.2649105112482,260.5765359392198,270.8385009765625,3482100
2022-06-24,270.4405603452526,283.89576848692104,270.0236355518664,283.6683654785156,4647900
2022-06-27,283.2609298299884,285.2128827942263,276.34381832568516,277.27239990234375,2107500
2022-06-28,277.71773543110356,280.97731337590466,268.6212395134486,268.91497802734375,2167500
2022-06-29,263.81713558798936,266.4039310507506,260.8133864968795,265.13421630859375,2405800
2022-06-30,262.7843621245095,265.9397238206393,260.87980387204715,263.08758544921875,2562200
2022-07-01,263.02124771071357,267.5600260267876,261.78944272528344,265.93023681640625,2400200
2022-07-05,261.789377546629,261.9125637978954,255.53553543979032,260.73760986328125,3181300
2022-07-06,263.3812974636777,264.56573634679233,260.53864414420264,261.4672546386719,2260300
2022-07-07,262.7180138428614,265.0868914720671,260.0174875621742,264.7457580566406,2169100
2022-07-08,263.08753975458046,265.13425346543005,260.7470875354896,264.4330749511719,1987600
2022-07-11,262.2537104673493,263.45711888465377,258.9846764859995,260.453369140625,1850000
2022-07-12,260.19749963320885,264.64151595295914,258.1507860877344,259.3162841796875,2280400
2022-07-13,255.03715738645744,261.5985099190773,254.20983130649927,258.81231689453125,2185200
2022-07-14,255.33194941455392,256.74881320850966,248.92271856616617,255.48410034179688,1877700
2022-07-15,258.74576462809375,259.45895580456596,253.76291587499452,258.1942138671875,1741100
2022-07-18,259.60152522008383,261.7886326891031,254.8374000313521,255.4650115966797,2048900
2022-07-19,259.0215671035397,266.73352790232195,258.40344480341304,266.2961120605469,1942100
2022-07-20,266.2579843728246,269.73836007950456,265.73498922573344,267.8365173339844,2158500
2022-07-21,267.38009839987717,274.0841123364894,266.98072762397237,273.8749084472656,1546800
2022-07-22,273.3899291995602,276.7942153753066,271.7733510537562,273.8749084472656,1502400
2022-07-25,274.0935866092024,275.3488098748962,271.4405366855825,275.0920715332031,1354700
2022-07-26,273.7797720964639,274.54049757613836,269.73835631858236,271.1837463378906,1710700
2022-07-27,274.6641927918159,284.8105390816772,273.8178876540258,282.9277038574219,1821500
2022-07-28,282.4046317479779,289.55554982189705,280.3030746793048,288.7757873535156,1845400
2022-07-29,289.58408260042046,292.655569061572,288.0531131297568,291.22918701171875,1868000
2022-08-01,287.68225475565595,291.7236707727283,286.2653911324831,289.7837829589844,1425700
2022-08-02,287.53966766447036,291.5335208283072,284.7154294536964,287.634765625,1772100
2022-08-03,287.2543341187927,294.2246044836543,286.81691838454253,293.04547119140625,1359800
2022-08-04,294.0153999559892,295.5558880330476,292.3132424667296,295.3656921386719,1624600
2022-08-05,289.9074332515607,294.39578389529095,289.37491953279783,294.1675720214844,1504500
2022-08-08,295.26112621108314,297.45775255792773,293.3782911910073,295.0994567871094,1604700
2022-08-09,292.97893877533085,295.8126664546878,292.712681899019,294.58599853515625,1761100
2022-08-10,299.5402880134907,302.1743302577748,298.9412027942921,300.9476623535156,1474800
2022-08-11,302.15529471513645,304.17124357250367,298.38965384911427,298.9887390136719,1570100
2022-08-12,301.21390320318875,305.1887481028477,299.00775836153093,304.7132873535156,1774400
2022-08-15,302.0887671751448,305.2077888649527,302.00318771345235,304.60870361328125,1125300
2022-08-16,302.57367715915814,307.0335007667306,302.5071056975961,305.03656005859375,1596000
2022-08-17,301.84153583587045,304.60869205170377,300.13937810950654,302.82098388671875,1505900
2022-08-18,303.3439563090218,305.1126563567327,300.8905916254631,303.7813720703125,1386200
2022-08-19,301.34704035802093,302.1553294981727,298.1804842920338,299.8160705566406,1672500
2022-08-22,294.14854485338793,297.49580722017697,293.36881125187205,294.7856750488281,1648100
2022-08-23,292.9598913740469,295.99333336784576,291.4574481295721,291.64764404296875,1217900
2022-08-24,291.6285577345801,292.86477292300987,288.9469525160998,291.22918701171875,1695500
2022-08-25,292.04701928451385,295.4418161536143,290.8678858589844,294.56695556640625,1722900
2022-08-26,294.6240257765963,294.7001157554957,283.3746360472034,283.4982604980469,1701600
2022-08-29,280.52188633655487,283.25102682486045,278.8102389770079,280.655029296875,1662800
2022-08-30,282.9371215194782,283.3745371761485,275.4533758016542,278.14447021484375,1661100
2022-08-31,280.18900155163374,281.3966903749263,273.32334747006234,274.30279541015625,2455000
2022-09-01,273.675236543542,274.84488060856074,270.18537037381066,274.6166687011719,2021400
2022-09-02,278.21116063059543,278.77220093487534,268.93967432563625,270.1283264160156,1889400
2022-09-06,270.00467057022286,272.1727705702628,267.54178720762036,269.5482177734375,2354500
2022-09-07,268.31200423329216,273.9034270945502,265.67796222054636,272.6862487792969,1899300
2022-09-08,270.2518866384629,274.1506413523229,268.502165639881,273.82733154296875,1790700
2022-09-09,275.19666827879126,277.75464936085586,274.72120754264273,276.29022216796875,2005100
2022-09-12,279.4472483821274,282.24295943170256,278.3061601907559,280.76904296875,2026400
2022-09-13,273.9604479012686,275.71013971031385,266.58128890762043,267.703369140625,1789200
2022-09-14,267.1518927909481,268.7113889855051,262.4828646691285,264.86016845703125,2397600
2022-09-15,263.6240026917087,266.7239873398513,258.2988359867967,260.41937255859375,2198700
2022-09-16,259.66814504885576,260.6570825301197,256.87243347335254,259.2972717285156,3838900
2022-09-19,257.11013078981347,261.82669277184397,256.9389719038915,261.484375,2165200
2022-09-20,258.27980876497486,258.55558416191275,254.4951592682837,256.97705078125,2390100
2022-09-21,256.74880821976245,261.4463628102579,252.22241253665632,252.3936004638672,2746500
2022-09-22,251.12887574877647,258.1371631270126,249.08440016250682,249.4457550048828,3462900
2022-09-23,246.4218104801757,247.58190684663106,243.62609895947392,247.2205810546875,3100000
2022-09-26,245.3758056250619,249.4837646783437,244.44389205612472,244.9003448486328,2349800
2022-09-27,246.7356052770587,250.28255295529502,241.79081632871294,243.75921630859375,2495800
2022-09-28,244.38683859645934,250.76751407784377,243.4644435312362,249.0748748779297,2552600
2022-09-29,246.21261990253552,248.29511139378985,243.14113285628684,245.59449768066406,2559100
2022-09-30,246.01289141100517,251.09080870295006,244.339289316242,244.67208862304688,2924400
2022-10-03,247.4963210836076,253.99113098881608,245.97486994418207,251.8896026611328,1893900
2022-10-04,257.1291832679588,261.44637526328194,256.67275949318054,260.8472900390625,3143700
2022-10-05,258.0326079086483,263.34825670474766,256.34945793472326,260.8758544921875,1843000
2022-10-06,260.162634844741,262.17858397639094,255.98810414662128,256.2448425292969,2336800
2022-10-07,253.40159437188922,253.7629201974716,245.61354427056855,246.96383666992188,1951200
2022-10-10,248.65643782498597,248.65643782498597,243.36931694515278,245.19509887695312,1526800
2022-10-11,243.62610033774618,244.6816092750942,238.93804978932178,240.56411743164062,2261800
2022-10-12,241.06081050871575,242.54128164915002,238.72068087500156,238.8544158935547,1699400
2022-10-13,232.74146338112413,247.54630706671858,232.0537540241993,245.91297912597656,3435100
2022-10-14,249.41835997442945,250.0487625628042,240.75514123486744,241.3855438232422,1723100
2022-10-17,246.34276284752383,251.0802991252745,246.06576116014824,250.45945739746094,2534800
2022-10-18,256.954464006517,257.6517340584509,250.2111067741904,252.20736694335938,2114500
2022-10-19,250.42127764454227,252.80915319416724,248.12892294667657,252.2169647216797,2412600
2022-10-20,252.4270751537545,257.5657875162266,248.94078300953498,250.03919982910156,1970100
2022-10-21,249.80044227118674,257.78551347239835,248.98855873360986,257.4798583984375,3206600
2022-10-24,260.53625217329335,264.51924045548213,258.00511053059034,262.96234130859375,2201900
2022-10-25,263.13429430689166,268.54044742387606,263.13429430689166,268.024658203125,1701400
2022-10-26,265.5318055825132,270.90930688456916,265.5318055825132,267.31793212890625,1772500
2022-10-27,268.5691238782127,270.11646252478454,265.9615825104233,266.3340759277344,1927800
2022-10-28,266.54419746925646,275.2933763063979,266.54419746925646,274.87310791015625,2306300
2022-10-31,270.76599800170294,275.0163990407102,270.5653954659873,271.1671447753906,2364500
2022-11-01,274.185385415457,275.2647096924387,267.97690976452037,268.8460998535156,1537200
2022-11-02,267.22235964960896,270.5080786534013,259.8963739749126,260.2306823730469,1727200
2022-11-03,254.6812690185188,256.3718744167564,244.53754918247895,245.35899353027344,3225500
2022-11-04,248.27216109669286,252.31245655558735,244.6426023382383,249.44700622558594,2496300
2022-11-07,250.9657023466108,257.0404433196614,249.6475904735117,257.00225830078125,2170000
2022-11-08,258.9316573206301,262.5707771537523,254.18455978716668,256.96405029296875,2444000
2022-11-09,254.3755905052408,257.1168667240904,253.468186219026,254.49020385742188,1831600
2022-11-10,265.70366242898916,274.42418798520765,264.9299931373671,274.1471862792969,3121400
2022-11-11,274.3286914616669,278.6555208701829,268.04381572646014,277.07952880859375,2620500
2022-11-14,273.3162296779149,279.6966261530624,272.1987202436593,275.95245361328125,2493000
2022-11-15,279.8589359985943,283.15421499327664,277.0221394745653,279.5246276855469,1960700
2022-11-16,279.62019835744644,279.93538507236434,277.0985880426295,278.4358215332031,1607900
2022-11-17,272.991474738352,276.6974621565627,270.64181342173606,274.2618408203125,1555400
2022-11-18,277.5761966999835,277.85319843071386,270.34573155078215,273.6505432128906,1322900
2022-11-21,272.69536854107747,275.8760057234271,272.3037534806848,274.1471862792969,1308100
2022-11-22,275.89512206413673,280.57535189144585,274.2809160056007,279.7539367675781,1417500
2022-11-23,279.9354245204148,283.09699868832274,279.28592934132774,281.3204040527344,1229100
2022-11-25,281.1007154495639,284.17630051389244,281.1007154495639,283.1065368652344,677900
2022-11-28,280.10735338791085,281.74065204728373,276.7834202409391,277.566650390625,1253100
2022-11-29,276.33451546907406,277.58575996001616,273.7651589742088,275.0641784667969,1055000
2022-11-30,273.76521038304054,287.4716248232496,273.3927168743894,287.43341064453125,2767100
2022-12-01,288.8851753371887,291.4449707506387,286.5450458035784,289.24810791015625,1767200
2022-12-02,285.6376110747422,288.59858206243655,283.1637759406657,286.669189453125,1744500
2022-12-05,282.5047606422852,283.87064756441725,277.5475288341095,279.61065673828125,1800300
2022-12-06,278.20660250222573,279.36235529057745,269.6102502621654,272.60943603515625,1920300
2022-12-07,272.31337617791763,274.18546274047776,269.53388510476987,273.8320617675781,1861600
2022-12-08,275.08328180913094,280.87149019862153,273.9753039817571,279.0471496582031,2046000
2022-12-09,276.41091114009885,278.68414397290303,274.9686251107971,275.474853515625,1827200
2022-12-12,273.3067531421613,279.8113251221833,271.72119995886175,279.2286682128906,2429900
2022-12-13,289.37231724878916,290.29881417539946,279.7921612195135,282.1036376953125,3516800
2022-12-14,280.861845683426,283.9565515029238,274.9494648548224,278.37847900390625,2552200
2022-12-15,274.5388055250328,275.4557706726057,266.75433749319103,268.5118103027344,2870000
2022-12-16,262.3511163437592,262.6663030819545,251.44328831390735,252.61813354492188,6532500
2022-12-19,251.3573332479514,252.40800431075914,242.76098134131368,243.9453582763672,4147500
2022-12-20,242.35982432031864,250.66006756667446,242.1305830185929,250.15383911132812,3102500
2022-12-21,252.61813950014624,258.56870668769534,252.55127198932917,256.8590087890625,3580100
2022-12-22,252.57988880274223,254.00305309044865,248.95033016812343,252.8855438232422,2276200
2022-12-23,253.86939614655046,254.74811806369522,251.50061300461562,254.1559295654297,1213300
2022-12-27,253.99359131322913,255.23527509604534,251.87315639184862,253.4109344482422,1009600
2022-12-28,254.1654650444079,257.0691297112117,250.88930697021485,251.31910705566406,1387000
2022-12-29,253.67829341594688,258.721484417261,253.67829341594688,256.3431701660156,1516800
2022-12-30,253.63053955799631,254.91999788978413,250.82239622169922,254.87222290039062,1339500
2023-01-03,257.1264286841685,261.15716343052407,255.0728325693715,258.1388854980469,2250100
2023-01-04,261.16669235944124,262.64719254634684,255.03464486442567,257.2601318359375,2052400
2023-01-05,255.42623220739975,256.113941390537,249.67621040846035,251.18536376953125,2477100
2023-01-06,252.14056925968657,258.35857746166477,249.64761199158485,257.135986328125,1587000
2023-01-09,259.7244391418551,265.9997534144959,259.33282408621756,261.47235107421875,2181500
2023-01-10,261.0807713553749,263.89847631197927,259.1036033003558,262.5994567871094,1853000
2023-01-11,263.6735517327999,269.677258322684,263.46255800787463,269.5717468261719,2382400
2023-01-12,271.16381178898337,276.1796912674236,270.80896532302467,272.2187805175781,2482500
2023-01-13,268.84291831504754,271.0871086257214,267.55778519362417,270.5884094238281,2226800
2023-01-17,271.4515553231299,275.96870649413364,270.78020358271453,273.2162170410156,2863700
2023-01-18,272.9284673103726,275.5179332888496,265.6396564798912,266.52197265625,2192700
2023-01-19,265.9274094527786,267.52904803667894,261.429428332391,261.7171630859375,2212500
2023-01-20,263.26115324607383,269.56216492188065,261.6403445330928,268.9867248535156,3306600
2023-01-23,267.15495174616933,271.28848563432217,266.07121250655644,267.90301513671875,2593300
2023-01-24,265.3807201555138,266.7329943733866,261.8034553890423,263.6160583496094,2205300
2023-01-25,259.6551731112441,262.5419450509317,254.78317473493274,261.9761047363281,2576300
2023-01-26,265.8218963341137,265.9753197297976,259.77981842843207,263.0310363769531,1942600
2023-01-27,262.07195600697077,267.97975133393334,261.76505070653366,265.9177551269531,2101100
2023-01-30,262.36926915578215,266.0904155467237,262.11990493326505,263.08856201171875,1732900
2023-01-31,263.6831672107436,267.6248779296875,262.6953395467568,267.6248779296875,1841800
2023-02-01,265.27521681067896,273.59022601344753,264.412071218669,271.9886169433594,1797000
2023-02-02,277.5703053164631,283.6794940646821,275.11509233272386,282.0586853027344,2715900
2023-02-03,276.41945237346295,277.8196676145058,275.01923713242,277.3785095214844,2168000
2023-02-06,274.29036753576895,276.01665884099026,271.8351833706034,272.8326110839844,1262400
2023-02-07,271.12548983397846,277.02368592757887,270.9336666812988,276.0358581542969,1401100
2023-02-08,274.1753020430529,277.34017938467207,272.35309905035984,273.0531921386719,1381800
2023-02-09,275.65221974210806,277.53196356657105,272.7750482836416,273.4847412109375,1752000
2023-02-10,270.16638275590554,272.91887180715844,269.514201717997,272.3338317871094,1347600
2023-02-13,272.72707051607665,276.6016695041394,272.72707051607665,276.54412841796875,1284500
2023-02-14,273.7820695439476,276.3427652346661,271.748872892374,273.1107177734375,1821100
2023-02-15,270.4540754733195,276.0453649358158,270.42530493388665,275.87274169921875,1890200
2023-02-16,271.4420072270898,273.7725096201437,267.2317605772117,269.70611572265625,1899200
2023-02-17,267.36596661161224,267.9605773961992,263.65441990876496,265.706787109375,2722400
2023-02-21,260.8635371568955,261.96644699346075,257.77537205365235,258.1302185058594,2446200
2023-02-22,259.5496639234648,261.33349633003644,257.1807913847319,258.5906066894531,1823800
2023-02-23,259.6839041733647,261.15126049980097,256.8451030928813,260.1250915527344,1885500
2023-02-24,256.4519289205366,256.4519289205366,253.42130418964143,255.6175537109375,1735000
2023-02-27,257.9000948826612,258.93586385988857,254.6009355209663,255.3489990234375,1512900
2023-02-28,253.85280679265887,257.49721178765486,251.99223381901734,254.67758178710938,2160400
2023-03-01,254.15972549060228,255.08041208999438,251.0331900519571,252.7978515625,1700500
2023-03-02,253.07603244162772,255.29145235318325,250.90855368544948,254.3995361328125,2278300
2023-03-03,256.94103061227946,258.67692188828175,255.09962781966976,258.17822265625,1596100
2023-03-06,259.13727633718474,260.911508805623,258.06310764988433,258.5906066894531,1649100
2023-03-07,258.1973758309244,258.98380974488106,252.9129613898114,253.38291931152344,2219300
2023-03-08,252.6443813265905,254.71594798205646,251.7428653950054,252.86497497558594,1462700
2023-03-09,254.94613386968666,255.78053812486922,248.12725199475494,249.1246795654297,1949800
2023-03-10,249.489128127426,249.68092198663115,241.29877229557619,242.59349060058594,2924600
2023-03-13,242.74696627151394,244.80893337915617,239.03541962413735,241.02066040039062,3232100
2023-03-14,245.87347771271675,246.21875350732333,239.72593248184003,242.1427459716797,2925600
2023-03-15,237.8078154505379,237.81740075370294,232.85907708395524,236.09109497070312,4508000
2023-03-16,234.92104127945626,243.40870274126365,233.55918190970888,242.56472778320312,4119600
2023-03-17,243.9170013508126,245.25967547766118,238.24897020680456,239.7642822265625,6470800
2023-03-20,240.4548083139519,243.4950177043401,239.7738713027309,242.2098846435547,3182100
2023-03-21,244.44451913331739,247.9163017319277,243.54300296738927,247.07232666015625,2831200
2023-03-22,246.7270491396777,250.620818785643,242.67022690198917,242.90040588378906,3059300
2023-03-23,248.82736653221505,263.3666458414129,248.6834845583845,260.5374450683594,5166900
2023-03-24,259.3770289696438,260.940267605505,253.9775323023239,260.8635559082031,4123600
2023-03-27,259.6455502992087,263.1269031355624,259.5592386686976,262.7432861328125,3743800
2023-03-28,262.7049233893271,264.85320184313775,261.4389610427178,263.7406921386719,2869400
2023-03-29,264.69979725444273,268.78539044742416,264.69979725444273,268.4784851074219,2431500
2023-03-30,269.4950891272843,271.4515741259823,269.28409536009036,271.0871276855469,2293600
2023-03-31,271.5282879151303,274.2520070328616,271.03915934467085,274.108154296875,3009300
2023-04-03,271.7871990604398,274.7314820426488,271.5666053962459,274.1368713378906,2417300
2023-04-04,272.7941972839045,275.66176857792834,272.58320355627103,274.1368713378906,2331700
2023-04-05,274.52052840227435,275.1535096776068,269.40876631411425,269.8115539550781,2443200
2023-04-06,269.1690151218518,270.684312720417,267.44269448645946,270.16644287109375,2125300
2023-04-10,266.6082934958262,270.19518721626747,265.0450256248136,270.147216796875,1575900
2023-04-11,271.42273397397224,275.8823432202717,270.98154667600403,274.6067810058594,3122500
2023-04-12,277.66860004714306,277.91891410165175,272.4212017916556,273.2107238769531,2656000
2023-04-13,272.4790133473089,274.8090588281439,269.32095387323403,274.66461181640625,3164200
2023-04-14,272.7582225866529,274.3565128005928,267.45305676796977,268.868408203125,2871700
2023-04-17,268.4158893023509,271.3428804805019,268.4158893023509,269.5712890625,2899000
2023-04-18,270.8999793622664,270.94813816238127,268.05966794487216,269.5520324707031,1893800
2023-04-19,268.43509028769273,269.59048985456775,267.19306954378834,269.49420166015625,2204700
2023-04-20,266.9716642549891,267.2508912610004,263.81360476018864,265.30596923828125,2686100
2023-04-21,265.4792753353726,267.5011807303726,265.161527196363,266.05694580078125,1600700
2023-04-24,265.54664354223837,267.29898892860353,264.64158732655676,266.9427490234375,1359700
2023-04-25,265.60443411197457,266.4228398326458,260.53036565667185,260.63629150390625,1935400
2023-04-26,261.743479220675,263.39953621410103,260.1548268996806,261.12725830078125,2009400
2023-04-27,263.66916314278166,266.21100134245216,260.7614180095624,265.2096862792969,1983600
2023-04-28,263.54396504156915,270.0045004265609,263.54396504156915,269.8697204589844,2084500
2023-05-01,268.71432586115617,269.5038479444267,267.13531107764766,269.0320739746094,1165600
2023-05-02,269.4556635818118,269.9563504080919,263.84241773485917,266.45166015625,1728300
2023-05-03,267.78037902305726,269.18609264334737,264.60307427155857,264.9496765136719,1951200
2023-05-04,263.12028538072957,263.6016969120455,255.80282422812135,256.59234619140625,2586200
2023-05-05,259.2113037492176,260.3281823624182,254.5608798921067,255.77401733398438,2592700
2023-05-08,256.13025441175495,257.0738318631533,253.6654290112006,254.97488403320312,1843000
2023-05-09,253.17444289599334,254.657169882284,251.95163828536607,253.6847381591797,2712000
2023-05-10,255.96653364284515,259.8755931794735,254.58970362610307,258.8935241699219,2800200
2023-05-11,260.2607324530836,262.31155053578976,258.2099143703774,262.1478576660156,2915700
2023-05-12,262.9758891297345,266.9908451720948,262.36930584978774,266.88494873046875,2664400
2023-05-15,266.0376850843105,268.17515383628705,264.4105114703583,267.1930847167969,2762700
2023-05-16,266.7887036290245,270.2645110076272,266.08583204487707,268.8106384277344,2079000
2023-05-17,270.7362562239078,275.72367331602334,269.8119541850793,274.0483703613281,2486600
2023-05-18,273.9617773337772,277.2161251136465,273.6921879582102,276.79248046875,1869700
2023-05-19,277.870814404518,280.5185785190424,276.6672852615523,279.1321105957031,2213300
2023-05-22,278.61217608716805,280.9229461510257,278.1307644329046,280.1334533691406,2044100
2023-05-23,278.40996403530767,280.220076378582,276.44579645185763,277.3893737792969,2219800
2023-05-24,275.3963437973647,277.57233383007355,274.3083487810103,276.156982421875,2815100
2023-05-25,277.7841242348908,282.2516084975742,274.577906600567,280.9132995605469,3689600
2023-05-26,283.0700614623609,297.1272880782555,282.72345916442777,292.31317138671875,4578800
2023-05-30,294.8260932641078,307.05396004798706,293.66108538213615,296.96356201171875,6238600
2023-05-31,293.3529542972304,298.812174560836,291.7354184350624,294.546875,5270100
2023-06-01,294.3639327904674,294.71053502127563,288.9335961102252,293.8536376953125,2393700
2023-06-02,296.06811101894345,300.59339146090025,295.2208219674256,299.8135070800781,2272500
2023-06-05,293.9884893317497,295.97190315745723,290.6667662778785,293.131591796875,3008000
2023-06-06,291.6199023756624,297.8108486453346,290.5415450675865,296.58807373046875,2419400
2023-06-07,297.9745850032346,300.40088930046034,295.7408277488151,299.4669494628906,2490000
2023-06-08,299.312851914152,299.312851914152,295.3075037633602,295.9044494628906,1870300
2023-06-09,297.6374977977105,299.6016650710448,295.24007777637985,297.24273681640625,2202600
2023-06-12,296.3858790213319,300.2564474338499,296.1066814243461,299.90020751953125,2642300
2023-06-13,303.5974146110027,305.6674785880434,301.73917291058666,303.443359375,3981900
2023-06-14,304.2713725266545,306.52437525492974,301.65249228657666,303.3374328613281,2421100
2023-06-15,307.3138910440346,312.9945418463123,303.6166536128942,311.7332458496094,3288900
2023-06-16,313.80337008360993,315.7386248573248,307.2272707579487,307.6605529785156,5266300
2023-06-20,305.46528717455215,308.7196341782682,303.2989350501527,305.6000671386719,3349400
2023-06-21,304.72394196885847,305.8600958131834,301.45034857009244,301.5562744140625,3121400
2023-06-22,287.12349329063437,296.1355335663146,284.99566228259766,295.8274230957031,4889000
2023-06-23,288.86630458628287,291.4370563371945,286.6325763301645,287.3354187011719,4233800
2023-06-26,285.56381022004854,289.6750558702651,285.4867972707764,286.35333251953125,2826900
2023-06-27,286.07407154670256,289.8387144040134,285.10161055214604,289.62689208984375,2054200
2023-06-28,289.3091298577044,290.9170281702365,286.7094954272566,290.5030212402344,2061700
2023-06-29,290.1949508293667,299.0240538474642,288.9432922318257,296.8673095703125,2739400
2023-06-30,297.98417444008226,301.0652207607994,296.8672958833982,297.1080017089844,2668500
2023-07-03,296.549562923552,299.69798439358186,295.9815007283313,299.4091491699219,1172800
2023-07-05,294.75871096877756,300.3815949769194,293.6899619288374,298.37890625,1924800
2023-07-06,295.50973821285965,296.9828566768091,293.3241105311519,296.52069091796875,1375800
2023-07-07,295.32676191712744,299.68834970788953,293.9306565654997,294.392822265625,1902800
2023-07-10,293.8632817485995,297.6182866216595,292.8138079111952,296.98284912109375,1684500
2023-07-11,296.98285245376235,299.2454636552169,294.4602307785445,298.20562744140625,1347800
2023-07-12,301.8196324301345,304.0808120512867,300.283191001262,303.3077697753906,1788200
2023-07-13,304.3900991024999,305.82990315044646,303.69434912496416,304.593017578125,1822700
2023-07-14,305.424007208572,307.1827122967825,304.3997129241576,305.13409423828125,1295500
2023-07-17,305.04712524449536,309.9270466959842,304.39970898293956,309.009033203125,2033400
2023-07-18,308.7577755507357,311.86931926743387,308.6418221621101,311.56976318359375,1574200
2023-07-19,312.12055707409553,313.27047727512104,307.96540355907007,308.06201171875,2170900
2023-07-20,305.5979615767803,305.5979615767803,300.2542260685583,301.9452819824219,2097000
2023-07-21,302.64102011850497,305.82985649341293,302.0225626818563,304.19677734375,3265700
2023-07-24,304.01315716371437,306.187371700656,302.14817132732577,302.7376403808594,1341500
2023-07-25,302.91153797926626,308.6417934889857,302.476683322647,306.89276123046875,2163900
2023-07-26,305.73325924538847,307.8301520577803,303.79095130800795,305.8492126464844,1512500
2023-07-27,309.2216380938087,312.6617264584284,307.2406987706396,308.0813903808594,2981200
2023-07-28,308.9607387944481,311.2992108868404,303.3947399469804,304.9215087890625,1920900
2023-07-31,304.3900454141299,307.65620363565137,304.3900454141299,305.694580078125,1351400
2023-08-01,304.81520084132893,310.55512926880084,303.66528063345584,310.158935546875,1913800
2023-08-02,306.8445092205664,310.1106675361193,306.02313333516884,307.076416015625,1799700
2023-08-03,305.43365205542057,307.63685498957193,303.5686661770144,306.44830322265625,1355900
2023-08-04,304.950492872964,307.1730410295706,300.7663506727952,301.4910888671875,2140600
2023-08-07,303.51072956135795,305.48202597002984,301.53943315268606,305.23077392578125,1530600
2023-08-08,302.38977728428887,304.6799454127038,299.19126819924975,304.5350036621094,1550300
2023-08-09,303.9841523913599,304.5736214130435,299.761349548346,301.0368957519531,1504500
2023-08-10,301.00790290335317,304.21608409849557,298.46648314604664,299.9546203613281,1862400
2023-08-11,297.59683186404766,300.0416142076341,295.81881102231876,298.64044189453125,1351200
2023-08-14,297.66447692707504,301.9452567480342,297.39390918305594,301.2108459472656,1334200
2023-08-15,300.37982798064905,301.007928514607,296.17634057697285,297.0460205078125,1256100
2023-08-16,295.2582941006789,299.9449397747484,294.9780832641522,297.2779235839844,1212500
2023-08-17,297.9543768418042,298.7950684681768,294.50461579801595,295.3453369140625,1653700
2023-08-18,292.63962942828226,294.57226470081594,291.161164624381,292.73626708984375,1997100
2023-08-21,293.97315945958684,296.93976175083435,292.8329116992598,296.18603515625,1072400
2023-08-22,299.17191747500345,300.4571068328734,297.50017750785514,298.4954833984375,1139700
2023-08-23,299.5584648150243,306.02313210843215,298.83372659369763,304.7185974121094,1486100
2023-08-24,305.7428786901744,307.1440509874743,303.07586220249686,303.55902099609375,2077500
2023-08-25,306.0037764238299,308.97034874369365,303.5783100564019,308.02337646484375,1451500
2023-08-28,308.02343604972435,311.3862027347877,308.0040908225477,310.10101318359375,1236400
2023-08-29,309.59855106815115,313.4444767526848,308.79649083959066,312.55548095703125,1525000
2023-08-30,312.9033487163663,313.00965900365077,310.68082968405486,312.3622131347656,1470400
2023-08-31,313.92764047390995,315.24184793912195,312.8067083531835,312.86468505859375,1986300
2023-09-01,315.06787895559154,317.6479602282625,314.14989482080085,316.7009582519531,1732700
2023-09-05,316.70099403919625,317.80261051303944,313.55081798754844,315.1742248535156,1736600
2023-09-06,313.3284784615848,316.7009174129572,312.8066587060362,315.3094177246094,1247900
2023-09-07,312.9902935388194,317.9571806148421,312.3428772014705,317.1454772949219,1533000
2023-09-08,318.43063228589523,319.3099848261234,313.5990443657441,314.50738525390625,1416800
2023-09-11,316.4593814076366,317.17447657504704,313.5604282410269,314.8939514160156,1551300
2023-09-12,310.6227933137056,311.6277423495461,302.5636788642448,304.28375244140625,3205000
2023-09-13,303.64595963556457,306.042408170023,302.3800860655931,303.33673095703125,2496200
2023-09-14,304.9988265223521,306.3130042934678,302.747290016996,305.9264831542969,1904000
2023-09-15,305.5786217378903,306.02311957165233,300.9692679656918,302.00323486328125,3339300
2023-09-18,301.49110036020556,306.0811090996638,300.52478273084597,305.24041748046875,1350700
2023-09-19,300.62146079586137,307.0764563500267,300.5248231220023,306.6416015625,1898800
2023-09-20,308.01375629497323,312.4298351098067,305.79123745718533,306.1294250488281,1693100
2023-09-21,303.74259588231024,305.8588337691095,301.17221703711084,301.4910888671875,1911600
2023-09-22,303.462389558944,307.92677218492975,302.3897616805456,305.4433288574219,1994400
2023-09-25,304.93116127335304,307.9460672868268,304.27407242214383,306.31298828125,2054600
2023-09-26,302.18683360397233,303.89720509753676,298.33123591169164,300.14788818359375,2343600
2023-09-27,301.69403226512424,304.37075109126147,300.18657905524316,303.79095458984375,2435400
2023-09-28,291.5863451563883,296.35995661273716,284.5708697185812,290.63934326171875,4326800
2023-09-29,294.0987913656407,298.88204618067454,292.6686305850987,296.76580810546875,3171700
2023-10-02,297.2102832375372,298.0702904856783,294.8331209334995,297.8770446777344,2063300
2023-10-03,296.7174969873335,301.05625382454446,295.25834789059326,295.91546630859375,2454800
2023-10-04,300.273560513152,300.52481255841826,296.53391563471223,298.96905517578125,2153800
2023-10-05,298.40851312022363,299.95462706118434,295.08437846854287,299.2298889160156,2095400
2023-10-06,297.8964376745027,304.49637499544207,296.38898432908246,301.67474365234375,2441500
2023-10-09,299.3845250424086,302.54437296897447,297.9736801179304,301.5007629394531,1407600
2023-10-10,302.8052419504769,304.8055262814392,301.06588222161326,301.80029296875,1904600
2023-10-11,303.0520301613456,305.4099137307714,300.75236374583307,303.2655029296875,1298000
2023-10-12,302.53775658509335,302.53775658509335,295.18267366906207,295.3282165527344,2295500
2023-10-13,293.3293145551955,296.9195298656824,291.19461674818393,292.8732604980469,1672500
2023-10-16,294.99833808022873,298.6952757438386,292.98978686685393,296.2791748046875,1491600
2023-10-17,293.7951324354866,300.6359148704373,293.4458294945277,299.1028137207031,1576200
2023-10-18,297.61823990514614,300.1895965695051,294.3094263815806,294.7557678222656,1373800
2023-10-19,295.8812857659703,297.88986623803305,292.6306900979805,293.9503479003906,1384700
2023-10-20,293.40703199905425,293.93101606500153,287.14842062441613,288.1866760253906,2385700
2023-10-23,286.2460223367893,289.6324488540235,285.95493653174896,286.18780517578125,1314900
2023-10-24,287.4783013709757,289.15697500700094,285.32417775523624,287.30364990234375,1849200
2023-10-25,284.819625075278,286.73116737559457,282.4811372126178,283.9948425292969,2174900
2023-10-26,285.0913056432013,287.11928219168453,281.75338387203783,283.37384033203125,2692500
2023-10-27,283.2670966925542,284.3441733219615,279.9000662538564,281.4331970214844,1480300
2023-10-30,283.0827180198252,285.1010114010227,281.06445425060843,284.0142517089844,1843500
2023-10-31,284.3829421476181,288.45832048532304,284.3829421476181,288.2739562988281,1953400
2023-11-01,289.32195339351813,293.2129383244813,289.32195339351813,291.7186584472656,1973000
2023-11-02,294.6587539166875,299.7141414168933,292.35905763647895,298.9766845703125,2152800
2023-11-03,300.451587588724,307.33119149953023,299.84027781519694,304.18731689453125,2145600
2023-11-06,303.0520543929909,304.85684553256954,301.81003899023204,303.7991943359375,1426200
2023-11-07,303.7118684224642,308.9225113951816,303.4304657482256,305.8368835449219,1860400
2023-11-08,307.4670034919003,309.98014271409687,306.02122812769755,308.3888244628906,1815000
2023-11-09,307.8647922430241,307.97154341809573,304.14845958763874,304.8955993652344,1574900
2023-11-10,306.1765241383687,310.7661449152791,305.41967141411806,310.203369140625,1433500
2023-11-13,306.6325223150095,307.55431362727245,304.9829573806743,306.2637939453125,1448600
2023-11-14,310.32951274666283,312.62917947508976,309.36887035242,310.9796142578125,1823700
2023-11-15,310.1354238470121,316.05441517197454,309.2815326903639,315.8409423828125,2347100
2023-11-16,317.3934303130747,319.8871735883511,316.4036794969059,317.6069030761719,2142100
2023-11-17,317.93683738087555,319.16914002997055,316.5395663776268,318.1017761230469,1561500
2023-11-20,316.7724711775256,322.1965874557085,316.5396025210553,321.0807189941406,1413900
2023-11-21,321.4688034067882,322.5749886117464,319.0041981329722,320.4596862792969,1602800
2023-11-22,324.32155382150444,325.5732818850396,322.9339955995289,323.2445068359375,1425700
2023-11-24,323.2638681919583,324.9619374691611,322.2353257415823,324.1274719238281,708500
2023-11-27,323.9140743125649,324.5059586698847,322.33243896669904,322.5653076171875,1586900
2023-11-28,321.7598717463601,323.3026854023923,320.1976326328826,322.6913757324219,1377800
2023-11-29,325.0590164594793,325.83526495250027,322.9048928375671,323.4482727050781,1307300
2023-11-30,324.2827539600009,325.05900241949405,322.30328189271864,323.25421142578125,4298100
2023-12-01,323.894602614181,328.4551437817929,323.2736097641973,328.0281982421875,1688800
2023-12-04,325.2434001185152,328.75597361936804,324.25367878889955,326.44659423828125,2349500
2023-12-05,324.7000071205838,327.3198680445852,323.41917043134805,325.8643798828125,1516500
2023-12-06,327.7468018900986,329.3866541960266,325.0396153266157,325.45684814453125,1502100
2023-12-07,326.5727031213004,326.5727031213004,324.3021453161476,325.1560363769531,1870200
2023-12-08,325.15607187793677,327.6886071483505,324.63208783123673,327.2228698730469,1274500
2023-12-11,325.26278305028615,332.2297422274282,325.2530999320163,332.152099609375,1814100
2023-12-12,331.7833671189926,333.0642037932597,331.0750485068765,333.03509521484375,1935300
2023-12-13,333.2097592226302,334.95636282925244,329.78451151088956,333.4426574707031,2461000
2023-12-14,332.569375502336,335.14076194559306,330.6287243674923,332.5596923828125,2551300
2023-12-15,328.39694993361326,336.6641121643609,326.27193481448745,333.9375,3880200
2023-12-18,332.4917107300276,333.7725473865241,330.53166404925446,331.70574951171875,3208000
2023-12-19,322.85639821057924,334.5682039077135,322.16744581923155,331.3758544921875,3252800
2023-12-20,335.30567674108937,336.3439321308911,329.1441039060035,329.4255065917969,3406200
2023-12-21,330.0756216377233,339.12874506468415,330.0756216377233,338.4010009765625,3304200
2023-12-22,339.6139545872279,344.29093101156315,337.58597766898833,343.9319152832031,2313900
2023-12-26,343.6310911061697,344.39762694018305,341.07913027115205,342.942138671875,1535700
2023-12-27,343.980309685014,344.83420066417943,341.19548088612925,343.32049560546875,1309700
2023-12-28,343.63102459045564,343.98032749348334,340.82677018924124,341.15667724609375,1300800
2023-12-29,341.3507782907781,342.4375379930083,339.0607949650951,340.49688720703125,1233500
2024-01-02,337.8576077894966,339.904980196376,335.0436700152918,336.62530517578125,2319500
2024-01-03,332.365581211127,333.5687753150388,327.5139538734397,327.89239501953125,3060900
2024-01-04,327.89242292211503,329.7166100822519,326.5436561937103,327.0870361328125,2750600
2024-01-05,327.97000479766575,329.66807434913295,325.5830124623871,326.6309509277344,1510800
2024-01-08,325.0590275495672,330.3667089749305,325.0590275495672,330.2502746582031,1909500
2024-01-09,329.20226716904756,332.588722738991,327.9990732242767,332.5790100097656,1625900
2024-01-10,334.35471444361053,335.3735738842758,332.6081405624434,335.08245849609375,1569100
2024-01-11,333.30677874891876,338.09047591928385,332.8701204690839,337.6441345214844,1785800
2024-01-12,339.6139256014425,347.0466224980436,338.3621974128701,345.7560729980469,2405900
2024-01-16,341.9136198648828,345.9016733966616,340.691000158325,344.03863525390625,2097500
2024-01-17,342.61674604147845,347.9924905830587,342.61674604147845,344.4086608886719,1917100
2024-01-18,346.7167246505809,350.37848048121106,345.88896002982,350.15447998046875,2064100
2024-01-19,352.0827743988097,355.28681096618465,350.70961586993474,354.3908386230469,2506500
2024-01-22,354.4882086261837,359.0166921604898,354.0012742736752,357.61431884765625,2302500
2024-01-23,357.7603965739357,360.3314242450146,356.08537091686344,360.195068359375,1693100
2024-01-24,361.3052619039445,362.51284949529,358.21808526850896,359.2601318359375,2250100
2024-01-25,362.6492382564528,365.91170440840614,360.4482854415615,362.2207336425781,2227400
2024-01-26,362.20129906702437,364.36328900313543,360.14642043381724,361.3735046386719,1404800
2024-01-29,360.83780710473127,365.6195058169332,360.409302514465,363.5938720703125,1683100
2024-01-30,364.2269000501202,365.4442359460096,361.28582722489256,361.5974426269531,1849500
2024-01-31,361.30530920978697,362.98036466231355,353.9428637770836,354.3713684082031,2320100
2024-02-01,354.48818498040845,361.50976955358124,353.9525691164225,361.2176208496094,1500000
2024-02-02,362.4641655209186,365.01569656041704,359.8249898716792,363.2043151855469,1590500
2024-02-05,362.76606591793643,364.22686886794156,359.4257036384183,360.6625061035156,1787300
2024-02-06,360.8377840388837,361.99669005391667,352.9299757387372,355.1698913574219,4012000
2024-02-07,355.46209223991207,360.2535395464077,354.60508298833435,357.0689697265625,2531800
2024-02-08,358.0720224922799,359.81525571879877,357.3319025188761,358.85113525390625,1679800
2024-02-09,359.60098853072157,362.74659487777285,358.3349712106689,361.957763671875,1482600
2024-02-12,359.834749983501,360.7209741002396,356.61124684289615,357.8285827636719,1325000
2024-02-13,351.9658744937371,356.20220909090665,350.5927161225104,353.32928466796875,1696900
2024-02-14,356.66963957691183,361.4903012109767,356.66963957691183,361.2857971191406,2114600
2024-02-15,362.85367534556394,364.77219755601834,360.46771525730327,361.8019104003906,2358800
2024-02-16,362.5712685592229,363.671744834466,358.72450541421006,359.8249816894531,2410200
2024-02-20,360.2145397958204,360.3313992782061,351.99508604008145,353.46563720703125,1631000
2024-02-21,350.9238306001334,352.910530995084,349.5896352865049,351.47894287109375,1757700
2024-02-22,360.0587604841692,362.4642175191806,358.77324658332805,361.6072082519531,1614600
2024-02-23,364.21714463729955,368.0931527522683,363.0874533818798,367.46014404296875,1614500
2024-02-26,367.0121127718058,370.36222319221275,367.0121127718058,367.6159362792969,1455000
2024-02-27,367.14850490840325,369.8266438699367,365.10337466648207,368.03472900390625,1083200
2024-02-28,368.35605437990614,369.57339014519516,365.40523367364995,368.15155029296875,1264200
2024-02-29,370.4596485847449,370.4596485847449,364.37296919251355,364.98651123046875,3329500
2024-03-01,365.97982949648,372.0178270593098,365.97982949648,371.0342102050781,2110500
2024-03-04,372.3197258035072,376.8677055320422,371.6380058520402,373.6831359863281,1642900
2024-03-05,371.5698785150407,374.12140979773903,364.18793699871986,367.0316467285156,1539400
2024-03-06,370.0701199940348,373.0501559511144,367.9275968849706,370.87841796875,1451200
2024-03-07,374.5985773284388,377.38385717431646,373.6734199255949,376.7995300292969,1564300
2024-03-08,376.5852838390506,377.3838632928543,367.8594287509885,368.2879333496094,1641100
2024-03-11,364.5969152139028,365.746072978617,357.47793843810325,363.46722412109375,2220000
2024-03-12,365.20078613561316,372.4269054341342,365.0547117651821,370.53759765625,1793700
2024-03-13,369.5831637442277,371.21925599240257,367.83993048688535,368.82354736328125,1635800
2024-03-14,371.02447836594575,371.5211311535663,366.7199659791936,368.32684326171875,1706700
2024-03-15,359.1530435342403,365.3371156774552,357.2832025672407,364.81121826171875,3865400
2024-03-18,368.86252811664326,369.03781735447023,362.45445525722926,362.9316711425781,2164400
2024-03-19,363.7302026863443,368.4437235169223,361.33449406239765,368.20025634765625,2062800
2024-03-20,368.1515388250474,371.30686351995257,365.39550381513254,370.4985656738281,2877600
2024-03-21,354.47845822639886,359.38676479082227,333.33577709346696,336.013916015625,9574800
2024-03-22,341.175385563197,341.3117414376471,327.01535701954805,328.6806640625,5899600
2024-03-25,327.2296069466375,327.2296069466375,321.0747500897048,325.0968322753906,5320000
2024-03-26,326.3823650725437,329.0117926876874,325.60325229315345,327.5997009277344,3006500
2024-03-27,329.05075643429365,333.41366912740887,329.05075643429365,332.0307922363281,3295200
2024-03-28,332.4982310865262,337.91293813465046,331.9333706542486,337.5525817871094,3614900
2024-04-01,335.8483225331525,335.9846784074354,329.2357759131217,330.3070373535156,2320200
2024-04-02,327.87238050030044,330.02462195443076,324.2982693795379,327.6678466796875,2453300
2024-04-03,327.4535879791652,328.3787750920947,323.2172830939428,323.5970764160156,1975700
2024-04-04,325.3889958109551,329.15786281495855,321.5422323900709,321.8343811035156,2273000
2024-04-05,322.86669062324677,325.0968582796285,321.69803628904396,324.29827880859375,3694700
2024-04-08,325.30134595629346,326.24599974136396,323.0127486708016,323.1296081542969,2431900
2024-04-09,324.9312449718702,326.11936582534537,321.20134139651475,325.7103576660156,2416600
2024-04-10,321.00792810092776,322.15174958081633,316.40325452010546,317.146240234375,2156700
2024-04-11,318.75930411988526,319.6880734539021,316.0317117634931,317.9185485839844,2204200
2024-04-12,313.7929319811065,315.2887191296162,306.18689833783674,308.34747314453125,4207900
2024-04-15,308.9829735243119,314.4088910276863,305.1995131698807,306.26513671875,2997900
2024-04-16,308.09331478809315,308.5821345197477,304.8670866580602,306.9201354980469,2900300
2024-04-17,309.7846006056872,309.93124055276877,305.6198470974467,307.5067138671875,2760000
2024-04-18,305.63947188166924,310.6645238942708,305.0333401053625,308.9341125488281,3025100
2024-04-19,310.7524706716801,311.4270442994342,307.56538625604185,309.7944030761719,3381500
2024-04-22,311.41727806810445,311.92563984031233,308.44524579282484,310.32232666015625,2433300
2024-04-23,311.35867365785657,312.6589212113558,309.41315054649766,309.74554443359375,2000300
2024-04-24,308.77764206567906,308.77764206567906,303.7428048365529,306.5290832519531,4133800
2024-04-25,302.27639111834293,303.3029007670081,298.52225862453696,302.09063720703125,3639000
2024-04-26,302.4914616419125,302.56965967969404,300.3992986501565,301.1227722167969,3371800
2024-04-29,300.1939831599166,301.71909839653955,295.735949416682,296.3811950683594,4719100
2024-04-30,295.2471114485388,296.2345368321004,292.9789807829261,294.1814880371094,5225000
2024-05-01,293.4189427566111,296.7037970980426,291.4343357998656,291.9818115234375,2617200
2024-05-02,294.0348893287917,296.5474003720883,291.6005464891386,293.624267578125,2684200
2024-05-03,295.75549088519085,298.1409336526985,294.92452117810143,296.91888427734375,2767100
2024-05-06,298.34628591072254,299.9300572681297,296.4887468271537,299.21636962890625,2361300
2024-05-07,301.01517607110947,305.17014366988224,300.721896174683,303.7134704589844,2483600
2024-05-08,303.18555184964004,306.39220816211514,303.18555184964004,305.01373291015625,2296400
2024-05-09,300.1353220405383,301.3182574641089,296.14656606728744,299.7540283203125,3238100
2024-05-10,301.11298737046616,302.3448227751522,299.21636421904464,299.4803161621094,1786900
2024-05-13,301.2596070153566,301.89506672554904,300.01801558666705,300.5361633300781,1695000
2024-05-14,301.9928354216962,305.30704764581753,299.3727687235409,300.0864562988281,1813600
2024-05-15,298.180057476159,301.621337890625,294.6996631265312,301.621337890625,4230800
2024-05-16,302.7358919607941,303.64508965791373,299.89095705205744,301.1130065917969,2583100
2024-05-17,302.8140517152777,303.0682475346644,293.3016383952436,296.80157470703125,4232000
2024-05-20,296.72340778377117,300.203802410965,294.8658686553307,298.86444091796875,2418000
2024-05-21,299.93005307390297,300.28198899943084,296.18567680011506,296.8504943847656,1866500
2024-05-22,297.1633003634961,301.2987262768005,296.8993484335709,300.24285888671875,2432400
2024-05-23,303.205147951637,304.036117710833,297.74990249027144,299.0892639160156,2526100
2024-05-24,300.027801528227,300.5850333704372,293.6144589373578,294.25970458984375,2048700
2024-05-28,292.67591448624825,293.6046838886632,289.2053064070537,291.0726013183594,3530200
2024-05-29,287.57267969316894,289.4790888294809,284.5029068920754,287.201171875,4480000
2024-05-30,283.4861107120849,284.0042584238913,277.93312583174617,278.43170166015625,5007800
2024-05-31,278.431729719157,279.008563304095,272.4583664364629,275.9778747558594,6882000
2024-06-03,279.9470785498284,281.0909000643042,274.4331774143155,275.459716796875,3596600
2024-06-04,275.45971845749114,282.4205070095309,274.07145722292154,281.61883544921875,3498600
2024-06-05,281.8143393386648,285.773766923272,281.6187995271245,284.5126037597656,3002200
2024-06-06,284.6885879365912,287.29886826847115,284.1019983651534,285.21649169921875,2363200
2024-06-07,284.92326541860973,285.28498726905883,281.7068230290214,281.95123291015625,2626900
2024-06-10,280.95403311085664,284.02380550448146,280.5825253420001,283.9358215332031,2509900
2024-06-11,283.63278510783493,287.7290972616548,282.3325376171532,287.64111328125,2457600
2024-06-12,285.1090094101702,287.57265018575225,279.0574185766925,279.3409423828125,3749600
2024-06-13,281.2376107514124,283.07554822863653,275.78236480623866,276.0072326660156,3119200
2024-06-14,275.1175338415461,280.53366499717504,274.43317426103647,280.29901123046875,2966200
2024-06-17,279.829775870854,282.14677680367816,277.60075891627986,279.1454162597656,3559600
2024-06-18,278.93030745509566,283.42745486573074,278.0308958740815,278.96942138671875,5314900
2024-06-20,307.59472531541115,310.62541377833173,291.33657541064315,299.3141174316406,11374600
2024-06-21,300.16466640471447,303.41043683398016,295.81415852297283,302.0710754394531,8473700
2024-06-24,298.53199807607376,305.3852608552669,297.86721034383584,300.34063720703125,4399600
2024-06-25,301.0934298130562,303.0682509008383,298.6004311384028,300.3015441894531,4481400
2024-06-26,293.2136751207066,298.90351478525287,292.73461143994894,297.8085632324219,3162100
2024-06-27,298.18001686977163,298.6297226397229,294.7191650414308,296.4104919433594,3162000
2024-06-28,296.75270826279643,298.7177434101209,294.90495524905435,296.6256103515625,14905500
2024-07-01,296.93845784827164,297.5543456753888,292.90080191553807,295.7848205566406,2411100
2024-07-02,294.2010452867413,297.20240568884725,294.2010452867413,297.03619384765625,2177200
2024-07-03,297.93565998716815,300.0278229950908,297.1828882563357,298.9132995605469,1751200
2024-07-05,298.09208033222404,298.8644239346234,291.0237356080289,292.45111083984375,3158900
2024-07-08,293.7415351302058,295.1982381705506,288.9902218156951,292.773681640625,2557700
2024-07-09,292.4022006672147,292.4608566516417,287.89529679765946,291.3952331542969,2479200
2024-07-10,290.2611771799537,291.33658665477805,284.0336180039503,288.8338317871094,2283500
2024-07-11,290.100529168857,296.71870787664017,288.6669240706978,292.60443115234375,2988000
2024-07-12,294.1754792219619,306.3808235152318,293.6256025499229,305.0159606933594,3951600
2024-07-15,307.01911979102977,313.5980125296113,307.01911979102977,312.1251220703125,3866200
2024-07-16,312.6258997596342,319.2735342665217,312.28221934203634,319.1262512207031,3640500
2024-07-17,320.059134562945,322.63177864443554,317.77122775096865,319.7154541015625,4383900
2024-07-18,323.4565795525562,330.1729566965713,321.91494695695,322.1702575683594,4563600
2024-07-19,325.10619478844944,329.72126350386844,321.7872768568544,323.24053955078125,5376200
2024-07-22,324.74291547951617,326.8049682796592,323.7609884285943,325.5186462402344,3419300
2024-07-23,325.44004998161245,326.19615293027334,322.0425910401759,324.35992431640625,1994000
2024-07-24,323.4271375348916,326.5300306185183,322.2095575782157,322.7397766113281,3286500
2024-07-25,319.70561929473723,329.62308832795065,317.4962834689932,324.15374755859375,2764500
2024-07-26,320.02963932287815,323.84931951151646,319.33244962461225,322.5237121582031,2438200
2024-07-29,322.72015869856244,323.03438255697495,318.01671958044597,320.30462646484375,1629200
2024-07-30,321.57124953902724,324.47777490711206,321.0410305578234,323.2503662109375,1985400
2024-07-31,325.6462685064578,327.89485964934744,323.09325243992123,324.6446838378906,2606300
2024-08-01,327.845798956246,332.79471953846587,320.5206317613573,322.1506042480469,2538100
2024-08-02,319.11646509176086,320.7759242175914,314.5603391235307,317.3097229003906,2682700
2024-08-05,305.97825390759186,312.1251264327755,304.6232198375659,308.06976318359375,3186500
2024-08-06,311.2708411180228,316.82855121466594,310.0139758288689,312.92047119140625,2284200
2024-08-07,314.16754170247634,319.8528772047763,312.1840300721872,312.27239990234375,2327700
2024-08-08,309.6015776076216,313.7355119398772,308.78659136558184,310.1711120605469,2213700
2024-08-09,310.48531690663,311.5850703078606,307.5591637764728,310.1219787597656,1851300
2024-08-12,309.7685165003456,311.7323705295826,307.08784496266463,308.2857971191406,2276500
2024-08-13,310.3969400922324,314.3933903093474,309.43467077792445,313.5587463378906,2269600
2024-08-14,314.2166233834142,316.24921935777337,312.27239723845764,314.0496826171875,1404600
2024-08-15,316.45540851764935,319.3324472190273,316.12155695872787,319.25390625,2271600
2024-08-16,319.037883437399,321.78726686373477,317.4275088833795,321.0115661621094,2292800
2024-08-19,321.64002579701656,324.45815166833694,321.0901490399802,323.4860534667969,1678200
2024-08-20,323.9671501858187,324.5955978151169,322.12112273229553,324.3992004394531,1790100
2024-08-21,324.86073363593215,327.6297750406744,324.5661675145913,327.57086181640625,1233900
2024-08-22,327.8556163638444,328.03235602981306,323.6922255583698,324.5956115722656,1679200
2024-08-23,325.6658772212614,327.7279296916224,323.7118522915634,327.24676513671875,1518700
2024-08-26,327.0602478300386,331.11561133119824,325.7739257949635,330.6933898925781,1692200
2024-08-27,329.1222698454995,334.8272630612815,328.94553018530746,334.2283020019531,2154100
2024-08-28,334.4050809505529,337.39014763731217,329.0535664264191,331.2923889160156,1528000
2024-08-29,334.1006563194603,337.6552272071182,332.84379097853105,334.0613708496094,1612600
2024-08-30,334.83708540227246,337.24281838351095,332.5197522154418,335.7699279785156,2004000
2024-09-03,335.1905811821681,339.2950587532404,333.5311521464359,335.7012023925781,2049300
2024-09-04,333.8551618436844,338.6764267474097,332.85360714592497,337.7730407714844,1478300
2024-09-05,337.99891986682786,338.2247738690959,333.3642231359285,334.76837158203125,1195100
2024-09-06,334.5425624563953,336.25110595742456,330.673767429668,333.6980895996094,1613400
2024-09-09,334.4738100993619,336.06452709851317,332.96163407780796,335.6324768066406,1569400
2024-09-10,337.5963053708582,341.710581726282,336.03504510199826,341.416015625,1655700
2024-09-11,340.10022761039386,344.3814449917104,336.05469309032816,343.9788513183594,2121700
2024-09-12,344.14580064430896,346.05074150404806,338.96122705853327,343.56646728515625,2182100
2024-09-13,344.75457212861073,345.07859485020555,342.4863231793461,343.26202392578125,1812000
2024-09-16,344.49925146905304,348.56444347208804,343.3111282364986,347.719970703125,2536400
2024-09-17,348.68230000340816,348.8590396798273,330.2318824198693,330.9486999511719,4528800
2024-09-18,328.9455508405724,332.8732589103106,326.9424113345163,330.1042175292969,2150800
2024-09-19,333.8551647570573,334.22830179458634,326.22560310317516,329.1811828613281,2645700
2024-09-20,326.31398438598995,330.27114895556116,325.8721052542426,330.14349365234375,5231000
2024-09-23,331.2825240957801,333.3052912454786,328.01269052283703,333.0794372558594,1998500
2024-09-24,331.83242543299565,334.4639827015121,329.22049591745554,333.4820556640625,2842900
2024-09-25,329.0830114770783,333.6096803200955,328.120712281025,330.9584655761719,3552700
2024-09-26,348.5938954766652,357.41158029341887,343.3798657789003,349.3794250488281,4454800
2024-09-27,349.8900025345092,351.86368521205816,342.9870575582325,343.3798522949219,2575200
2024-09-30,342.2015757716614,347.6610877539781,341.4356738738842,347.0915832519531,2424900
2024-10-01,348.5742320324302,348.5742320324302,343.5762275440312,345.61865234375,1827300
2024-10-02,346.3354537042539,350.7344973240534,344.99021854795365,349.85076904296875,2421300
2024-10-03,353.0518446657832,357.8633109904275,352.8358195248154,354.7113037109375,3646300
2024-10-04,357.6178051738756,361.1429193087123,353.3169603623937,355.6932067871094,2131400
2024-10-07,353.49371028245696,355.4575642284706,349.4187193376853,350.3515319824219,1536800
2024-10-08,353.0322078758118,354.1319613049368,351.0585250459511,353.8668518066406,2348300
2024-10-09,354.45599609439466,359.8369365246452,354.24976986232116,358.48187255859375,2046400
2024-10-10,358.44242824823687,359.33962245153674,353.8578889293127,355.98748779296875,2088000
2024-10-11,357.4171137108999,358.2847315383254,354.99174939369436,355.66217041015625,1436500
2024-10-14,356.49032524942453,360.4734659476772,356.076254090066,359.46783447265625,2256500
2024-10-15,360.28612789395174,365.77773069450296,360.28612789395174,363.4706726074219,2955900
2024-10-16,360.5424626807395,367.6213880658288,359.7438668411183,367.0199890136719,2110700
2024-10-17,367.749563142672,370.22424141289304,366.54673494978437,369.8692932128906,1906900
2024-10-18,370.22423331992866,372.01859166025395,368.39039951734827,371.5552062988281,1893300
2024-10-21,369.721438130019,372.0284962933894,368.94254987571634,370.7369384765625,1785100
2024-10-22,369.34676116241957,369.5833732411456,365.90589680291936,366.5566101074219,1740200
2024-10-23,365.6199994524773,367.23692901990574,363.04675262842176,365.4129638671875,2211800
2024-10-24,362.32701804737275,368.1834081746893,358.6298035775016,359.1030578613281,2311800
2024-10-25,358.87625104735014,360.30585254414206,354.5283236260235,355.7212829589844,2129300
2024-10-28,358.87627745690907,361.82418010785693,355.31710683975876,356.2340087890625,2717700
2024-10-29,355.82975657823624,359.9410419092061,353.99592269379895,357.9297790527344,2642900
2024-10-30,352.9607217283355,353.77902524669224,340.4789227628006,341.6916198730469,3916800
2024-10-31,339.77891963196583,342.9634342086273,337.7972031913269,339.96624755859375,3078200
2024-11-01,342.0564031569358,343.05219581604666,339.97608830790307,340.8042907714844,2579800
2024-11-04,340.40007617582927,341.8000711857167,336.77185356123016,339.0592041015625,1931300
2024-11-05,337.96485463632524,342.52968700652,337.3930019376783,340.6268310546875,1553900
2024-11-06,350.8902921125594,352.2015876820269,348.03111896585233,351.1170654296875,3009700
2024-11-07,352.9607535526359,356.9044491230564,351.27483212092375,355.6325988769531,2250500
2024-11-08,355.6917441518117,357.65375311518386,350.12128029759276,350.5255126953125,2289500
2024-11-11,350.00295609687936,355.56358088387327,349.1156306764887,352.27056884765625,2985200
2024-11-12,352.60583153750497,357.03262013872836,351.9255416520062,355.53399658203125,3233600
2024-11-13,354.4790685570972,365.42282928201996,353.986106633344,365.00872802734375,3353900
2024-11-14,366.1523981922044,366.7636661550482,355.948080495289,356.97344970703125,3503000
2024-11-15,355.2086187618822,355.23819527180416,343.93951716151884,348.59307861328125,3614700
2024-11-18,348.5930855233308,350.49591123804447,346.86771887166674,347.8240661621094,1759900
2024-11-19,346.30576689520143,348.98748108364697,345.06349316372757,348.9677734375,2447000
2024-11-20,348.73110358367904,352.3001429738051,346.7001029352868,352.0438232421875,1792700
2024-11-21,354.45934162594335,358.383329490285,353.2663821587475,355.9678039550781,2240100
2024-11-22,353.1973489412943,359.5072856257151,352.25087047383437,353.6114501953125,2211100
2024-11-25,354.93258706091547,359.0241650330438,353.45370128149494,356.2044372558594,3054800
2024-11-26,356.8945278739748,359.3987826182809,355.54381715343334,358.0677795410156,2106100
2024-11-27,358.95512113897973,360.52276644651914,355.8001830557458,357.0621643066406,1657000
2024-11-29,355.08044356022083,359.8621799136611,354.9325610107342,357.2691955566406,1311300
2024-12-02,357.66353967289126,358.24523106135956,351.9353252250881,356.2931213378906,2445500
2024-12-03,343.8902305031001,349.35225711484736,341.7409237083577,347.5776062011719,3044700
2024-12-04,348.69169703548545,357.01286654750805,348.1395520052204,354.962158203125,2074000
2024-12-05,351.0578970703309,353.84804820454934,349.8945141995547,353.0888977050781,1821300
2024-12-06,360.157951781906,366.64534722937356,356.46073753522063,357.5945739746094,2332100
2024-12-09,355.3762453570703,360.8481104058914,353.05931841199947,354.4396057128906,2185000
2024-12-10,353.47342705301855,361.1932280667501,352.0635630921284,357.7917785644531,2157800
2024-12-11,358.7284052437919,361.4298270128526,358.3143039806762,358.7185363769531,1541300
2024-12-12,356.22411454210317,356.9044043496997,350.3973014572145,355.1100158691406,1834200
2024-12-13,354.51849001136264,355.6819030385336,351.23537678080896,353.63116455078125,1808700
2024-12-16,354.4889068129612,355.93821607017867,351.43256696060496,352.0339660644531,2306300
2024-12-17,352.32972186981516,353.4339818221314,348.0508161016142,352.27056884765625,2479100
2024-12-18,352.2705532629887,354.34099921097385,342.2338564406296,342.7169494628906,3232900
2024-12-19,359.8621690522601,371.6045245351835,358.07764947030165,366.92138671875,6075500
2024-12-20,365.48198832183624,366.8326992010721,356.90443867213673,361.2129211425781,7013100
2024-12-23,355.50439886300205,357.8509023758522,350.72269239179894,353.7198791503906,3549300
2024-12-24,354.8832975073407,356.85514518325203,353.49314128526237,356.5396423339844,1075400
2024-12-26,355.2776761935544,356.8551604192359,354.015694830611,355.3565368652344,910500
2024-12-27,353.7297286176326,355.3564968187864,349.0170142056082,351.16632080078125,1195700
2024-12-30,347.6465958433637,349.63818128549457,344.3141984895564,347.5282897949219,1490100
2024-12-31,349.98326482313223,350.08183313933625,345.4972931795301,346.8381652832031,1748600
2025-01-02,348.1297261241202,349.81564752497235,341.238097781112,343.90997314453125,2253600
2025-01-03,345.07332799940525,349.82548790897573,344.17613373604604,348.869140625,2029700
2025-01-06,347.8437605208891,349.5001052221025,344.72823781831784,346.38458251953125,2356300
2025-01-07,350.3480438638839,358.1072596994445,348.8297127199979,351.3734130859375,4663100
2025-01-08,355.9185097171607,358.4819177438056,350.34804598434135,352.6945495605469,2216900
2025-01-10,350.032533694868,352.9607286528547,343.8310644232247,344.8663024902344,2830000
2025-01-13,340.2718694743877,345.97050755964733,339.5225577944142,344.2254333496094,2711200
2025-01-14,346.2662972553581,347.5578550557171,340.7648555648526,344.0775451660156,1825400
2025-01-15,347.39027510072964,350.2001640951637,344.14657720458604,344.8071594238281,2624000
2025-01-16,345.65862218694247,349.7577079171074,343.56949652437726,347.09429931640625,2025800
2025-01-17,351.41119958048444,353.4706229683402,348.4309474040243,349.1042175292969,4064800
2025-01-21,345.7972332967811,353.3319845637799,344.55959108741536,352.8963623046875,3098600
2025-01-22,354.698328799948,356.6092712404662,351.331948200663,355.5597229003906,3155800
2025-01-23,354.5498302899558,359.7281360973806,354.114177821238,359.6687316894531,2111100
2025-01-24,358.5598285873127,360.4014257647983,356.58948156449554,358.8271484375,1827800
2025-01-27,355.767677716592,370.1540292070923,355.3815188528445,369.4609375,3855600
2025-01-28,368.32232832683445,378.24325758308424,367.08468609455343,374.649169921875,4052700
2025-01-29,376.11451627089696,378.12444603297314,369.49065267428836,370.7184143066406,2345600
2025-01-30,374.26299652079575,382.0947998887098,372.9956521327465,376.9858093261719,2218600
2025-01-31,376.9858275999081,383.1740388211804,375.8868157906302,381.1443176269531,3104400
2025-02-03,377.37196294894653,382.83737988100864,374.7976611982685,381.4017028808594,2792900
2025-02-04,377.7383162808946,388.5701634055988,376.7877853006809,387.74835205078125,3166600
2025-02-05,386.956267186019,394.4118225950203,386.5602277249369,394.31280517578125,3463400
2025-02-06,391.29299144392746,393.94648921407656,382.1047364571214,383.51068115234375,2828000
2025-02-07,385.15425624059475,386.6691290989215,381.5502276168831,382.16412353515625,2437400
2025-02-10,384.4017845300164,386.1443945437043,381.38194942826874,383.0651550292969,1771300
2025-02-11,381.193817015664,386.49093194464126,380.0948051897067,386.154296875,2121000
2025-02-12,382.23341627088,387.63945931585914,382.1839226677652,384.9859313964844,2251000
2025-02-13,384.76809814873025,387.0453779521706,380.92648209754594,385.67901611328125,3387300
2025-02-14,386.14438165094435,387.13449545004937,383.5997819354345,384.1641540527344,2024700
2025-02-18,380.82745905226665,386.6295111625771,377.71848735278706,383.7284851074219,3701100
2025-02-19,382.17399064327566,388.14437525262434,380.6393264414202,386.3621826171875,1438000
2025-02-20,384.0354133107632,386.1443604214509,380.45120638959617,381.0353698730469,2252400
2025-02-21,376.24325657553004,378.9858610154836,360.3321200259072,360.65887451171875,3751700
2025-02-24,360.80737379495804,363.302449695394,357.4904865189235,360.31231689453125,2755800
2025-02-25,357.5102782157724,361.9657903233342,355.9459117041025,359.36181640625,1947600
2025-02-26,359.11428250930305,359.42121536589883,353.3319914052167,354.8072814941406,2267500
2025-02-27,354.51024601709406,358.0449596546865,351.8567481949839,353.3419189453125,2735400
2025-02-28,353.6191352517231,355.5894822472843,339.0248676068263,345.0546569824219,5768000
2025-03-03,345.96557274353665,348.5101422120251,339.61893974305315,341.579345703125,3011100
2025-03-04,338.7971260957446,345.78732696748546,338.6189128670981,342.3615417480469,3156300
2025-03-05,341.8070926590165,345.3516868241794,340.0644826743327,344.8170471191406,2578500
2025-03-06,341.1140080839994,343.6685187031406,336.4604911818288,338.46051025390625,3467600
2025-03-07,335.64859486964343,339.5001522465472,332.58914670160414,338.7971496582031,4459900
2025-03-10,335.53967299525226,336.5396673650279,329.2425336499402,331.9851379394531,3454700
2025-03-11,329.7870881570834,331.12374781788867,322.331532520714,324.5494079589844,3390000
2025-03-12,325.25238404180794,326.7375547451952,319.69786011475975,321.12359619140625,3086200
2025-03-13,320.4899429018823,320.4899429018823,311.49969254900367,313.9353942871094,3667400
2025-03-14,313.28191292240416,315.74728662979214,311.182876488626,315.6680908203125,4086000
2025-03-17,316.83641833753165,323.4998951384081,316.4403788577849,322.4899597167969,3518100
2025-03-18,320.44043874569024,321.83647258762426,316.3314423797987,320.8661804199219,2811300
2025-03-19,321.975090134027,323.4998737569422,317.89582635208706,321.26220703125,4314100
2025-03-20,293.2221987425401,303.8164285942361,288.6280863771127,297.9351501464844,10699500
2025-03-21,295.10342751809196,302.57880538260764,292.6578450451624,302.30157470703125,11735300
2025-03-24,305.05407597430946,307.3907301011254,302.1629303060721,304.1431579589844,3793200
2025-03-25,304.5095011538229,309.3808745695748,302.40058404385195,305.8461608886719,3890400
2025-03-26,305.9748541256299,309.6580785224455,305.9649433189476,308.08380126953125,3669700
2025-03-27,306.1630088612247,309.90563804171967,304.44022041467406,305.4798278808594,2871000
2025-03-28,305.33129860121437,307.0045933411567,300.8361734869633,301.3213195800781,2377500
2025-03-31,299.4599212328893,310.01450741032653,297.4301698788635,308.9551086425781,5511900
2025-04-01,308.5194524991678,312.89573838102393,307.90558680481575,310.4798583984375,3503900
2025-04-02,306.6877320980433,314.8561704832212,306.6877320980433,313.2026672363281,4123000
2025-04-03,304.9550586992158,308.70759856378453,297.9945597044239,298.4797058105469,3614800
2025-04-04,293.8657469680232,296.09350289077366,281.78637742752255,282.2418212890625,4659000
2025-04-07,276.1823257447491,290.1429353547032,272.29118604496693,281.9051818847656,6333600
2025-04-08,287.42016163072066,290.13306394512733,273.9446962486604,278.608154296875,4730400
2025-04-09,277.23186013153264,297.47969914534633,276.1625505374388,296.9747314453125,6702200
2025-04-10,291.01454966692756,294.6264901457846,276.9548615259201,283.8006286621094,4578600
2025-04-11,281.17373665746817,284.87522541568904,275.35287328067574,282.92498779296875,5019500
2025-04-14,288.4772277871458,291.8006026483093,285.21355190699603,288.3478698730469,3299300
2025-04-15,287.47226663761666,290.6264743868606,285.91007232655124,287.2235107421875,3273200
2025-04-16,288.0095664359908,291.0443759880446,282.3279603439916,283.82049560546875,3183900
2025-04-17,284.0991235364539,285.24342495370087,280.3677850864139,280.9449157714844,2321500
2025-04-21,280.93493210176837,280.93493210176837,274.6065972002861,277.8404235839844,2835500
2025-04-22,279.99961717511474,283.68121640746267,278.755837754147,282.546875,2499500
2025-04-23,293.1836756275482,295.4622880026585,285.5419022417689,286.7259826660156,2763100
2025-04-24,283.5817039261915,290.30807265564283,283.3229880933024,289.9598083496094,3271400
2025-04-25,290.06924268741216,292.5468718758556,287.5816839125505,291.9299621582031,2919200
2025-04-28,293.0543183622229,294.58666309683827,288.4473849374925,291.7906494140625,1865200
2025-04-29,294.14885698520965,297.55185088703735,293.3329303864597,296.98468017578125,3251900
2025-04-30,293.80058921338883,298.059288742557,290.2583078464036,297.6612854003906,2834700
2025-05-01,299.3130292052245,303.2433843419544,297.01452725272645,299.034423828125,2848600
2025-05-02,303.48217195850935,304.8154998242126,302.3577905284777,303.8105163574219,1810000
2025-05-05,301.91998094693025,307.8702325589514,301.9000914080823,306.1786804199219,3548600
2025-05-06,302.3478459573137,304.4274719304829,301.6911571260817,302.28814697265625,2719400
2025-05-07,303.28315311554206,306.5567889595131,301.95978521071123,304.5667419433594,2647700
2025-05-08,307.46226295228513,311.69111284725994,306.4672394475852,307.3428649902344,2861600
2025-05-09,308.48714178000154,310.03937604742464,305.17372680761594,306.36773681640625,1844400
2025-05-12,314.89509426391794,320.8652353777541,313.7906023676901,320.48712158203125,3271300
2025-05-13,320.31800746101766,324.0891250038924,319.9597831784402,320.9249572753906,2775500
2025-05-14,319.93987216242175,320.497082906175,316.3179719623173,318.81549072265625,2417100
2025-05-15,318.6264517155044,322.3876396298914,318.168749371515,321.6015625,3050400
2025-05-16,315.84039387531044,316.47719316777403,308.1886602187973,316.1090393066406,3968000
2025-05-19,314.2185071568698,319.293133525581,313.5020889593375,317.80059814453125,2247300
2025-05-20,316.87519764900276,318.73588686667813,315.8105455068767,318.5866394042969,2930500
2025-05-21,315.4622767675849,321.2532907868684,314.8453670212396,316.1388854980469,2788000
2025-05-22,315.929936153706,317.6015684250478,314.4672503248547,314.8752136230469,2996600
2025-05-23,309.5617524453449,310.17869253436896,306.3378859605532,308.03936767578125,2947200
2025-05-27,311.9597614524663,314.1289357928353,310.45729659368396,313.8602600097656,3248900
2025-05-28,313.18366098918716,315.8105377252086,312.48713236095784,314.41748046875,3437600
2025-05-29,315.939857425816,316.8354028871961,313.2135026955653,316.1488342285156,2557800
2025-05-30,316.5767056379404,317.40256184785744,312.52695238236834,315.2433776855469,4012700
2025-06-02,312.0692436687753,313.3727221018131,309.6612732950748,312.9050598144531,2340400
2025-06-03,311.44237341910116,312.4274370237513,309.05432295484417,311.3428649902344,3678200
2025-06-04,313.5418505944407,315.21351320614684,312.8254628024774,314.825439453125,2337800
2025-06-05,315.72097517640947,316.3776943943035,311.8503491743151,313.810546875,3787400
2025-06-06,316.8354014087616,318.5567726578402,314.8055449331908,316.0692138671875,2309500
2025-06-09,316.4274393093429,317.6413692183601,314.4672417603324,315.0443420410156,2291300
2025-06-10,315.98963260016586,320.0891247227498,315.4224618951081,319.3229675292969,2356100
2025-06-11,319.32296081861335,320.1687065165089,316.2582713777901,317.63140869140625,1859000
2025-06-12,315.9199747920377,317.03439630129463,314.5368774922111,316.5468444824219,2194500
2025-06-13,312.7558102204379,315.73092092453817,309.73093011930143,310.1587829589844,3102600
2025-06-16,312.7657470703125,315.472212409819,311.26328212025766,312.7657470703125,2930000
2025-06-17,311.41252795430785,314.37770912491345,310.29810641428975,310.4772033691406,2533800
2025-06-18,312.6364075101775,312.6364075101775,304.3478444411502,304.8553161621094,4593100
2025-06-20,280.02946448552837,287.43244197072556,271.8304803233951,283.9498596191406,11697400
2025-06-23,284.5767398123014,293.86029632009127,282.815559032531,293.5319519042969,5454900
2025-06-24,294.2085530795856,300.1488448292285,293.5419043124461,299.2234802246094,4940500
2025-06-25,299.5020862483093,300.14884547769714,292.8851857648023,293.1339416503906,3164500
2025-06-26,295.1140391242226,295.4821929892809,291.1439047681361,294.6065673828125,3634000
2025-06-27,294.40757779997904,295.22350441251615,291.5319451164189,293.9896545410156,4159500
2025-06-30,295.26326307737446,297.52198585187097,294.2682395793816,297.402587890625,3136800
2025-07-01,296.6364078183731,302.6762078907556,296.4473509197464,301.114013671875,3565600
2025-07-02,301.66130062440413,301.66130062440413,296.83543037199684,300.7856750488281,2748500
2025-07-03,301.4921344491671,303.78067645876837,300.7856762338794,303.2632751464844,1616100
2025-07-07,302.0194831201593,303.2732224529134,297.8005931779115,299.04437255859375,2753300
2025-07-08,300.2483413177924,306.238371859984,299.01452189402653,301.8204650878906,2890500
2025-07-09,301.6513279887959,302.6762009794561,293.3229861499648,295.91998291015625,3177400
2025-07-10,292.0400085449219,292.6000061035156,285.7900085449219,288.3599853515625,5197200
2025-07-11,287.2099914550781,287.739990234375,280.42999267578125,281.05999755859375,5077100
2025-07-14,280.69000244140625,280.94000244140625,276.95001220703125,279.989990234375,4281800
2025-07-15,281.0400085449219,281.1099853515625,275.9599914550781,276.07000732421875,3970300
2025-07-16,276.75,280.2699890136719,276.0299987792969,279.6700134277344,3176400
2025-07-17,280.75,283.1300048828125,278.25,282.70001220703125,3513000
2025-07-18,283.239990234375,283.82000732421875,280.6400146484375,282.44000244140625,4207400
2025-07-21,283.5199890136719,284.6000061035156,282.17999267578125,282.45001220703125,2955600
2025-07-22,281.79998779296875,287.07000732421875,281.79998779296875,286.9599914550781,3614500
2025-07-23,289.739990234375,291.0,285.7799987792969,286.0400085449219,2953400
2025-07-24,281.7799987792969,284.3999938964844,279.2699890136719,281.7099914550781,3952800
2025-07-25,281.79998779296875,284.29998779296875,280.55999755859375,283.1499938964844,2632300
2025-07-28,280.19000244140625,280.989990234375,275.7099914550781,277.0400085449219,3693900
2025-07-29,277.45001220703125,278.9599914550781,276.5400085449219,278.8999938964844,3492600
2025-07-30,278.5,278.69000244140625,272.3900146484375,274.0,4272700
2025-07-31,271.0,273.8800048828125,266.1300048828125,267.1000061035156,4794100
2025-08-01,264.6300048828125,265.1099853515625,254.1999969482422,255.3699951171875,6042400
2025-08-04,258.0799865722656,259.1400146484375,256.6099853515625,258.7799987792969,3470600
2025-08-05,255.74000549316406,255.8000030517578,245.74000549316406,247.07000732421875,10175900
2025-08-06,247.6999969482422,248.08999633789062,244.0,247.5399932861328,8064700
2025-08-07,248.1999969482422,251.3300018310547,239.82000732421875,241.72000122070312,7246300
2025-08-08,242.66000366210938,242.9199981689453,238.02999877929688,239.1999969482422,3810900
2025-08-11,238.0,241.82000732421875,236.9600067138672,238.61000061035156,4675000
2025-08-12,238.92999267578125,242.4199981689453,236.6699981689453,237.8699951171875,4832300
2025-08-13,238.75,246.72999572753906,237.30999755859375,245.67999267578125,5278400
2025-08-14,244.5399932861328,246.6699981689453,242.35000610351562,246.16000366210938,4928200
2025-08-15,245.74000549316406,249.39999389648438,245.74000549316406,247.00999450683594,4223400
2025-08-18,247.0,250.99000549316406,245.10000610351562,249.1300048828125,3776000
2025-08-19,250.52999877929688,257.6199951171875,250.39999389648438,255.8800048828125,4555700
2025-08-20,257.0400085449219,260.3900146484375,254.99000549316406,255.0500030517578,5069900
2025-08-21,255.0,255.0,250.72999572753906,253.99000549316406,2670200
2025-08-22,254.69000244140625,262.1700134277344,254.47000122070312,259.2200012207031,3102600
2025-08-25,259.2200012207031,259.7300109863281,255.0399932861328,256.04998779296875,2358600
2025-08-26,255.33999633789062,256.69000244140625,253.16000366210938,255.4199981689453,4884400
2025-08-27,256.1199951171875,258.2900085449219,255.44000244140625,257.1199951171875,2239000
2025-08-28,258.0,258.1300048828125,253.9600067138672,256.1700134277344,2984900
2025-08-29,256.9200134277344,260.3800048828125,256.0899963378906,259.9700012207031,2805800
2025-09-02,257.8500061035156,260.3999938964844,251.97999572753906,256.1700134277344,3537800
2025-09-03,253.2100067138672,254.80999755859375,251.32000732421875,254.14999389648438,2934800
2025-09-04,253.27000427246094,254.6999969482422,247.88999938964844,252.94000244140625,4165400
2025-09-05,252.92999267578125,258.6499938964844,250.19000244140625,254.9499969482422,4235900
2025-09-08,255.27999877929688,256.0,249.47000122070312,255.57000732421875,4707800
2025-09-09,255.0,255.9600067138672,249.83999633789062,251.99000549316406,3456400
2025-09-10,252.0399932861328,252.0399932861328,240.66000366210938,243.11000061035156,5117500
2025-09-11,243.2100067138672,244.55999755859375,242.35000610351562,244.14999389648438,4644500
2025-09-12,244.5,245.25,238.00999450683594,238.5399932861328,5637500
2025-09-15,240.6699981689453,242.25,235.9199981689453,237.8699951171875,5385900
2025-09-16,237.50999450683594,238.75,235.8300018310547,236.80999755859375,6464100
2025-09-17,237.72999572753906,245.1999969482422,236.99000549316406,241.24000549316406,5248200
2025-09-18,241.97999572753906,243.33999633789062,237.92999267578125,239.5500030517578,5698200
2025-09-19,239.52000427246094,240.97000122070312,234.17999267578125,239.6999969482422,11522600
2025-09-22,239.86000061035156,242.49000549316406,238.58999633789062,239.99000549316406,6070400
2025-09-23,240.50999450683594,241.1999969482422,234.10000610351562,235.5,6777800
2025-09-24,236.6699981689453,240.07000732421875,235.75,239.0800018310547,6855400
2025-09-25,238.49000549316406,242.0,229.39999389648438,232.55999755859375,10401100
2025-09-26,232.60000610351562,241.3000030517578,231.0500030517578,238.97000122070312,8163200
2025-09-29,240.5,249.1300048828125,237.25,247.0,7837500
2025-09-30,246.58999633789062,252.10000610351562,245.3800048828125,246.60000610351562,8966400
2025-10-01,245.25999450683594,248.99000549316406,239.7100067138672,243.7100067138672,6545100
2025-10-02,244.91000366210938,248.17999267578125,243.25,244.33999633789062,4323200
2025-10-03,244.8800048828125,246.4600067138672,242.66000366210938,245.32000732421875,3384000
2025-10-06,246.0,248.41000366210938,242.0500030517578,248.1699981689453,3400900
2025-10-07,249.1300048828125,252.8300018310547,248.2100067138672,251.22999572753906,5930400
2025-10-08,251.7100067138672,253.6699981689453,247.64999389648438,252.97999572753906,5672000
2025-10-09,253.50999450683594,254.1699981689453,249.61000061035156,252.0399932861328,4427400
2025-10-10,251.64999389648438,252.9499969482422,240.7100067138672,240.94000244140625,4548800
2025-10-13,242.22999572753906,243.9600067138672,239.8699951171875,243.55999755859375,3572500
2025-10-14,242.05999755859375,246.07000732421875,239.5500030517578,244.1999969482422,3788600
2025-10-15,243.91000366210938,247.30999755859375,239.05999755859375,239.7100067138672,4118100
2025-10-16,239.80999755859375,240.08999633789062,233.75,234.02000427246094,4800800
2025-10-17,234.35000610351562,239.1199951171875,233.60000610351562,238.38999938964844,4436100
2025-10-20,240.10000610351562,244.19000244140625,239.74000549316406,242.17999267578125,3495200
2025-10-21,242.52000427246094,252.08999633789062,242.52000427246094,250.50999450683594,4475500
2025-10-22,248.61000061035156,251.0500030517578,247.1699981689453,249.13999938964844,3899900
2025-10-23,246.05999755859375,250.08999633789062,245.44000244140625,249.80999755859375,2885700
2025-10-24,250.00999450683594,251.08999633789062,247.11000061035156,247.64999389648438,2793900
2025-10-27,249.44000244140625,252.25,247.19000244140625,250.77000427246094,3033200
2025-10-28,250.0,254.67999267578125,249.19000244140625,253.35000610351562,3425100
2025-10-29,253.14999389648438,255.44000244140625,247.5,247.75,5780700
2025-10-30,245.80999755859375,251.8800048828125,245.47999572753906,249.25,3982200
2025-10-31,249.66000366210938,250.8800048828125,248.05999755859375,250.10000610351562,3847800
2025-11-03,249.52999877929688,249.52999877929688,242.94000244140625,248.44000244140625,4196300
2025-11-04,246.97000122070312,248.57000732421875,241.07000732421875,242.89999389648438,3688300
2025-11-05,243.3800048828125,248.99000549316406,242.75999450683594,247.82000732421875,3631800
2025-11-06,247.72999572753906,248.6699981689453,240.17999267578125,241.33999633789062,3512400
2025-11-07,240.0,246.5500030517578,239.44000244140625,245.75999450683594,4047400
2025-11-10,247.33999633789062,248.25999450683594,240.39999389648438,244.5500030517578,2818600
2025-11-11,244.88999938964844,244.88999938964844,238.52999877929688,242.55999755859375,3766700
2025-11-12,244.0,246.97000122070312,242.30999755859375,246.52999877929688,3230700
2025-11-13,245.42999267578125,248.5800018310547,244.32000732421875,247.57000732421875,3703500
2025-11-14,245.77000427246094,249.14999389648438,244.08999633789062,245.2100067138672,2845000
2025-11-17,243.92999267578125,244.97999572753906,240.58999633789062,241.3300018310547,3187800
2025-11-18,241.05999755859375,241.75,237.42999267578125,240.0,3375300
2025-11-19,240.0,244.3800048828125,240.0,241.0800018310547,2554600
2025-11-20,242.7899932861328,244.75,239.5399932861328,240.7899932861328,2905500
2025-11-21,241.8800048828125,253.97000122070312,241.2899932861328,251.85000610351562,5959400
2025-11-24,250.99000549316406,251.3300018310547,243.24000549316406,243.6199951171875,5596900
2025-11-25,245.0,251.67999267578125,245.0,249.22999572753906,3664500
2025-11-26,250.27999877929688,251.94000244140625,246.88999938964844,247.85000610351562,2389100
2025-11-28,247.49000549316406,251.4499969482422,245.1300048828125,250.0,1493700
2025-12-01,253.1300048828125,258.8999938964844,251.02000427246094,257.42999267578125,5025100
2025-12-02,257.79998779296875,262.9599914550781,257.0,261.0199890136719,4966400
2025-12-03,261.9800109863281,274.05999755859375,261.75,272.8500061035156,6961900
2025-12-04,276.29998779296875,280.7099914550781,269.1700134277344,269.3399963378906,4119400
2025-12-05,268.1000061035156,271.0,266.07000732421875,266.5899963378906,3785400
2025-12-08,265.7300109863281,268.6300048828125,265.010009765625,266.5,3218800
2025-12-09,267.92999267578125,272.3999938964844,267.25,269.5299987792969,3515000
2025-12-10,268.3800048828125,273.6400146484375,268.04998779296875,272.2200012207031,3580500
2025-12-11,273.1700134277344,277.6499938964844,269.7099914550781,270.3699951171875,4063100
2025-12-12,271.9599914550781,273.44000244140625,270.29998779296875,271.55999755859375,2983800
2025-12-15,276.0,276.3999938964844,271.0199890136719,274.6600036621094,4041700
2025-12-16,281.1300048828125,280.69000244140625,270.8299865722656,272.1300048828125,3247543
