Date,Open,High,Low,Close,Volume
2015-12-16,14.176370338511076,14.280786390966325,13.839028879449804,14.25669002532959,171576700
2015-12-17,14.296844224504097,14.320940581918874,13.895247459411621,13.895247459411621,97265700
2015-12-18,13.806901392037615,13.871156832623067,13.461527824401855,13.461527824401855,136737800
2015-12-21,13.63823060067911,13.678391210581013,13.469560635002988,13.63019847869873,65150300
2015-12-22,13.694452411437045,13.742645138001432,13.533814585467114,13.718548774719238,56173500
2015-12-23,13.78280543326068,13.927380561828615,13.734614234394899,13.927380561828613,65770700
2015-12-24,13.911313855105481,13.95950504543862,13.830994183236701,13.87115478515625,29369400
2015-12-28,13.830993641487899,13.839025761557195,13.638227355735518,13.758706092834473,41777500
2015-12-29,13.855093125631022,13.935412812463584,13.782805560678778,13.879189491271973,45670400
2015-12-30,13.814931607037002,13.84705855691068,13.686420743601616,13.694451332092285,35066400
2015-12-31,13.662326823921145,13.710518023329461,13.517751693725586,13.517751693725586,47153000
2016-01-04,13.212538318620508,13.2446652732562,13.051898949530372,13.196474075317383,114888000
2016-01-05,13.268761638210888,13.324984957801268,13.035834706227245,13.196474075317383,66670000
2016-01-06,13.003708446968632,13.08402813580882,12.867165435531508,12.915356636047363,102760800
2016-01-07,12.634237137101609,12.770780133905646,12.401310983609765,12.449502944946289,116255900
2016-01-08,12.802907916672725,12.802907916672725,12.176417012083922,12.208544731140137,124782400
2016-01-11,12.256734241202267,12.34508525943913,11.999711774175324,12.296894073486328,104611700
2016-01-12,12.481628229613888,12.51375594224412,12.096095678051109,12.296894073486328,100023500
2016-01-13,12.425406483585341,12.465566320910076,11.92742649232012,11.967585563659668,119413000
2016-01-14,12.055936409553523,12.208542860187372,11.766786216374463,12.039872169494629,125920000
2016-01-15,11.574016926448278,11.774815279137485,11.349122985912146,11.614176750183105,172296100
2016-01-19,11.798917043694546,11.8792367332114,11.252745759330049,11.437479972839355,185727400
2016-01-20,11.076043417621314,11.24471416067079,10.658383004251645,10.995723724365234,250537600
2016-01-21,10.979655536429554,11.116198496814109,10.64231419500713,10.73066520690918,188976000
2016-01-22,10.963592706492998,11.01981678127513,10.819018374445697,10.891305923461914,169999800
2016-01-25,10.875242737238398,10.883274858126457,10.39332620774781,10.409390449523926,186419100
2016-01-26,10.497738019944215,10.722632734744632,10.473642431210227,10.690505027770996,124246900
2016-01-27,10.602154365602548,11.027846718927025,10.594122246524625,10.73066520690918,124095800
2016-01-28,10.915403304418403,11.011786463554131,10.65034942529884,10.86721134185791,110996200
2016-01-29,10.971622540763342,11.365187152316937,10.915399243679962,11.357155799865723,159984100
2016-02-01,11.284871093941408,11.316998809752521,11.084072678625672,11.212583541870117,105739400
2016-02-02,11.035880150576725,11.043912270609963,10.545932318326129,10.626251220703125,147101200
2016-02-03,10.666412755787862,10.67444487710193,10.055986089638425,10.465614318847656,257664600
2016-02-04,10.353168281787973,10.915403784465491,10.353168281787973,10.642317771911621,179394400
2016-02-05,10.69854313406874,10.754767231255872,10.353170257562775,10.401361465454102,125842800
2016-02-08,10.176465585836986,10.200561185547112,9.742740961128222,9.855188369750977,221363600
2016-02-09,9.630294703992252,9.983700449928614,9.606199101401035,9.798965454101562,247349000
2016-02-10,9.975664759565857,10.072047901447517,9.56603583207996,9.622259140014648,227530000
2016-02-11,9.204600398368028,9.276887958368562,8.827099121690374,8.963642120361328,375088700
2016-02-12,9.22066330506821,9.662419993109118,9.156407870369737,9.598164558410645,245388400
2016-02-16,9.943538044574872,9.951570165368231,9.72667537906536,9.839122772216797,194306700
2016-02-17,10.096146094533212,10.19252926122737,10.015827171947407,10.088114738464355,221859400
2016-02-18,10.208592189161276,10.232687786231885,9.718644296804362,9.831090927124023,161539400
2016-02-19,9.8150272330203,9.831090708715433,9.622260162782293,9.7427396774292,121045600
2016-02-22,9.742740763306475,10.072050094604492,9.742740763306475,10.072050094604492,88865500
2016-02-23,10.015825595294642,10.023856950099233,9.718644019939171,9.76683521270752,104498700
2016-02-24,9.606196687087161,9.758803153124331,9.357206302938387,9.7427396774292,159552800
2016-02-25,9.750770409584868,9.903376853888144,9.710610577088714,9.895344734191895,103054600
2016-02-26,10.031887974194166,10.401357064296668,9.959600426958987,10.20055866241455,160314400
2016-02-29,10.200558827901029,10.329069684632833,10.047952377028293,10.055984497070312,123661100
2016-03-01,10.152368862285659,10.61018903602503,10.136304620266976,10.594124794006348,153558200
2016-03-02,10.642498930948696,10.892436747769622,10.58606168185036,10.811811447143555,139622500
2016-03-03,10.787623768991883,10.924686313690943,10.682811189580846,10.884373664855957,105082700
2016-03-04,11.093999269881998,11.198811853508628,10.876311418757494,10.916624069213867,171410900
2016-03-07,10.844061771473525,10.981124325721062,10.779561836404081,10.908561706542969,97650300
2016-03-08,10.80375319670003,10.86019123785798,10.52156606651095,10.52962875366211,125894800
2016-03-09,10.618309210057197,10.698934492169421,10.481246691806218,10.594121932983398,92253800
2016-03-10,10.666688580897388,10.803751161040895,10.48125142476207,10.698939323425293,123016200
2016-03-11,10.835998226815715,11.158498645451187,10.779560980336928,11.118185997009277,120400600
2016-03-14,11.061749537809158,11.07787413699364,10.876311649338444,10.997249603271484,87746800
2016-03-15,10.892436592659665,10.964999208409852,10.79568669462603,10.940811157226562,80404000
2016-03-16,10.892435730376906,11.134310840763249,10.553810729615982,10.731185913085938,149645400
2016-03-17,10.658622733763673,10.868247100595232,10.521560204162421,10.803747177124023,122212300
2016-03-18,11.029498785556925,11.190748610424754,10.924686207167882,11.118185997009277,146616200
2016-03-21,11.126249749639818,11.311686873832203,11.061749813494652,11.158499717712402,104695700
2016-03-22,11.021438189188748,11.158500758506527,10.989188218108092,11.094000816345215,83252100
2016-03-23,11.102065731473552,11.150440313361823,10.965003134623252,10.981127738952637,95789700
2016-03-24,10.811811208411306,11.037560968719792,10.698936712706981,11.029499053955078,94836500
2016-03-28,11.069814985014547,11.077877671629299,10.916627783834864,10.981127738952637,54498500
2016-03-29,10.916623706353947,10.916623706353947,10.690873947761794,10.819873809814453,101606800
2016-03-30,10.876313532300824,11.013376109147313,10.852126244886737,10.868250846862793,85897000
2016-03-31,10.876313195655287,11.053688425301772,10.844063223801378,10.900501251220703,79592100
2016-04-01,10.8601871291225,11.005311598437585,10.739249174310073,10.93274974822998,73130900
2016-04-04,10.91662617593141,11.00531340893063,10.811813572077785,10.892438888549805,59709600
2016-04-05,10.723125556461572,10.755375526916644,10.610250275418837,10.634437561035156,78445900
2016-04-06,10.642501292901482,10.723126611421199,10.569938660013742,10.698939323425293,62558500
2016-04-07,10.602185862723106,10.650561194971877,10.279686210730699,10.360311508178711,105704500
2016-04-08,10.505438665550463,10.594126669303625,10.368376086022865,10.384501457214355,76548100
2016-04-11,10.416752917443,10.55381551653305,10.384502939357114,10.45706558227539,79411500
2016-04-12,10.48125142476207,10.747313899417106,10.424814163138281,10.698939323425293,100791600
2016-04-13,10.924686207167882,11.166561328919533,10.90856084023119,11.118185997009277,138647200
2016-04-14,11.053686692771194,11.51324891188361,11.04562400884645,11.400374412536621,179383300
2016-04-15,11.505187285831978,11.521311885186606,11.247186776059023,11.28749942779541,87958700
2016-04-18,11.16656083841932,11.480997790874735,11.142372789076763,11.424560546875,81998200
2016-04-19,11.497124319868492,11.72287408759849,11.480998952009276,11.650311470031738,107153600
2016-04-20,11.739000105805948,12.045374423105779,11.714812052677091,12.037312507629395,115628700
2016-04-21,12.037312519094277,12.206625046658026,11.892187275782522,12.013124465942383,121589000
2016-04-22,11.988939009093064,12.206626907241569,11.988939009093064,12.182438850402832,83456600
2016-04-25,12.109875889712173,12.206625801603755,11.940563351676918,12.061500549316406,70489500
2016-04-26,12.109873067139743,12.206622956480834,11.932497885564523,12.16631031036377,84812400
2016-04-27,12.10987377166748,12.33562352659702,12.07762303777773,12.10987377166748,115789000
2016-04-28,12.029252039741404,12.158251937931654,11.900252141551155,11.924439430236816,78639300
2016-04-29,11.876060183219483,11.97281084398402,11.634185838007516,11.738998413085938,122128100
2016-05-02,11.755125809288833,11.916375667453979,11.610000552490213,11.908313751220703,68882800
2016-05-03,11.698688172376771,11.698688172376771,11.408437668177243,11.577750205993652,110549000
2016-05-04,11.360060180207972,11.505185395048876,11.28749757278752,11.39231014251709,99269700
2016-05-05,11.408436730217698,11.545499286176486,11.287499542677535,11.327812194824219,73145900
2016-05-06,11.150438472554688,11.40037633404933,11.126251185603591,11.376188278198242,76595100
2016-05-09,11.351998726728548,11.440685940457737,11.214936179847179,11.279436111450195,55399600
2016-05-10,11.35200080119645,11.553563316514426,11.327813514650286,11.529376029968262,59870500
2016-05-11,11.489064109010616,11.690626637238873,11.440688763919823,11.448751449584961,68088900
2016-05-12,11.529374279733098,11.66643683085432,11.327811795013638,11.400374412536621,72567100
2016-05-13,11.408435278370916,11.585810463903478,11.18268553153843,11.19074821472168,86193900
2016-05-16,11.142376788160478,11.303627432719141,11.126252185044645,11.231064796447754,57848600
2016-05-17,11.198812835898083,11.392312652383167,11.142374812748328,11.295562744140625,76273800
2016-05-18,11.3036252041022,11.89218732644052,11.29556251968389,11.843811988830566,150748500
2016-05-19,11.771250301570786,11.988937401632072,11.63418774012853,11.714812278747559,106156900
2016-05-20,11.803500781620825,11.851875353105775,11.634188243623603,11.706750869750977,81214000
2016-05-23,11.722876316836203,11.771251660713109,11.61000102705676,11.666439056396484,66303200
2016-05-24,11.771250639526981,11.892187835377626,11.7148126150834,11.835750579833984,96183700
2016-05-25,11.956684677666406,12.214684372045804,11.956684677666406,12.029247283935547,123498700
2016-05-26,12.077624126786286,12.085686810985717,11.843811667302036,11.851874351501465,65356600
2016-05-27,11.900248889721198,11.99699878692627,11.843810873010032,11.99699878692627,62411300
2016-05-31,12.11793927752219,12.134064649245992,11.876064083965451,11.924439430236816,85635900
2016-06-01,11.811179412687165,12.05387425652351,11.689831219260899,12.021514892578125,62612100
2016-06-02,12.094323172579205,12.1185925016945,11.948706426379367,12.086233139038086,64327300
2016-06-03,11.697922952018974,11.730282320663926,11.479496635034398,11.665563583374023,148600900
2016-06-06,11.681745207626157,11.892081531447676,11.625116494100501,11.746464729309082,80949300
2016-06-07,11.762638305410686,11.811177730168302,11.600841508731937,11.608931541442871,67447100
2016-06-08,11.608932968623566,11.697921024859909,11.56848357160411,11.673651695251465,58292900
2016-06-09,11.584665099784042,11.584665099784042,11.390508882487914,11.479496955871582,74814900
2016-06-10,11.309607493689763,11.325787560528667,11.123541354090655,11.188260078430176,90725700
2016-06-13,11.034556637579438,11.252982205394826,10.986017193893638,11.002197265625,71925000
2016-06-14,10.969838987265717,11.107365753151061,10.654334500625747,10.727143287658691,85377800
2016-06-15,10.824215168584645,11.050730664167888,10.743316391550959,10.791855812072754,100659100
2016-06-16,10.702868170153973,10.783766956009462,10.532982108571847,10.767587661743164,90152000
2016-06-17,10.824216632738695,10.945564043195551,10.74331784476211,10.8403959274292,89022300
2016-06-20,11.115451096836258,11.204439919642143,10.929384960984017,10.953654289245605,89874000
2016-06-21,11.018375396728516,11.042644730242143,10.880847887637623,11.018375396728516,73810800
2016-06-22,11.00219325507082,11.147809990030979,10.994103222154143,11.010282516479492,77980500
2016-06-23,11.1963517404457,11.366238609425311,11.180171671253277,11.358148574829102,82494600
2016-06-24,10.557249311546911,10.872752815584624,10.492530604487492,10.516799926757812,231499200
2016-06-27,10.330740690921434,10.330740690921434,9.748271169430799,9.853439331054688,250847700
2016-06-28,10.168937917099123,10.290286090791275,9.990961830096715,10.2741060256958,150136300
2016-06-29,10.573432198449055,10.694780394085345,10.45208477432087,10.670510292053223,118484000
2016-06-30,10.816129437228126,10.82421947244979,10.5734337811357,10.735231399536133,125773900
2016-07-01,10.670511936508463,10.735231447060077,10.532985194672433,10.59770393371582,88888100
2016-07-05,10.460175581480824,10.468264844581332,10.21747994377784,10.30646800994873,98246500
2016-07-06,10.12849116584625,10.452084812371517,10.071861699073247,10.403545379638672,94983300
2016-07-07,10.411636540064702,10.605792748984706,10.38736720682675,10.524894714355469,101100300
2016-07-08,10.743317345357966,10.775676704742768,10.605789875095562,10.654329299926758,92698900
2016-07-11,10.751411937745084,10.840400020916057,10.678603155374146,10.68669319152832,67267300
2016-07-12,10.848486171434674,11.00219371727682,10.840396138178132,10.953654289245605,89070600
2016-07-13,10.921297350481211,10.986016087874518,10.77567980559217,10.872757911682129,74595600
2016-07-14,11.107361317901896,11.147810713602727,11.034553331450065,11.042642593383789,97852100
2016-07-15,11.147810699262143,11.155900732693512,10.937475230602896,11.050732612609863,78652500
2016-07-18,11.196352212978288,11.511855860464445,11.180172143103,11.414777755737305,187187100
2016-07-19,11.374327412564897,11.625112285830573,11.3500573114039,11.536124229431152,96940100
2016-07-20,11.60893301191104,11.673651738780261,11.536124251306143,11.649381637573242,79277900
2016-07-21,11.673650737620497,11.706010098279892,11.536123261941057,11.54421329498291,65376300
2016-07-22,11.536124460729251,11.64938184905239,11.471405732685145,11.63320255279541,46604800
2016-07-25,11.576573873229108,11.641292601354808,11.552303771550898,11.625112533569336,46420800
2016-07-26,11.584664065987157,11.770731002922798,11.57657480295286,11.75455093383789,60205600
2016-07-27,11.78690883536267,11.89207695681748,11.689830747444706,11.835448265075684,100986000
2016-07-28,11.786910476600173,11.883988578035522,11.697922409828145,11.875899314880371,72049500
2016-07-29,11.778819365509975,11.89207674699527,11.714099869865171,11.722189903259277,63276500
2016-08-01,11.746461937781175,11.811180672575437,11.536125663945738,11.592754364013672,61460900
2016-08-02,11.552303304291309,11.689830788872829,11.39859652408682,11.43095588684082,83776300
2016-08-03,11.414773733050529,11.71409797668457,11.40668447247182,11.71409797668457,65305400
2016-08-04,11.71409797668457,11.762637397696434,11.617019906168768,11.71409797668457,46176600
2016-08-05,11.932526782564603,12.183312430678674,11.932526782564603,12.175222396850586,120947800
2016-08-08,12.19949219779096,12.272300962038363,12.070054737576964,12.239941596984863,71960300
2016-08-09,12.223762974579122,12.288481712341309,12.191403605698028,12.288481712341309,49973300
2016-08-10,12.264209979569056,12.280390046598743,11.95679564957754,11.98106575012207,79080700
2016-08-11,11.997242681910627,12.110500814279797,11.932523969559075,12.037692070007324,68945400
2016-08-12,11.948706649377044,12.06196403503418,11.8920771850404,12.06196403503418,63031300
2016-08-15,12.110501993462847,12.159040646698699,12.094321928045574,12.150951385498047,48592100
2016-08-16,12.110503898135526,12.288480016668723,12.078144533719662,12.272300720214844,80307500
2016-08-17,12.264212624370805,12.328931363430158,12.199493885311451,12.256122589111328,93407300
2016-08-18,12.22376130254325,12.32892942989836,12.183312675605837,12.26421070098877,62804300
2016-08-19,12.239940153336658,12.337018237047213,12.175221430862955,12.312748908996582,59834800
2016-08-22,12.296570990806131,12.337020392295619,12.231852257026217,12.280391693115234,60877100
2016-08-23,12.34510565035551,12.466453036364358,12.34510565035551,12.417914390563965,67817900
2016-08-24,12.434097064540595,12.539265187728317,12.426007030870444,12.458366394042969,65484900
2016-08-25,12.47454951999004,12.571627633309978,12.458369448682586,12.56353759765625,67714400
2016-08-26,12.628256722688555,12.862862363200751,12.603987386499925,12.773874282836914,126886300
2016-08-29,12.790048378398444,12.951845163235822,12.765778282041893,12.81431770324707,120144900
2016-08-30,12.814321434273971,13.129825063692135,12.78196206788472,13.097466468811035,121280600
2016-08-31,13.174675794263477,13.199058850554854,12.906469150947036,13.117783546447754,127664300
2016-09-01,13.125909962572939,13.125909962572939,12.800810327779901,12.98774242401123,128812600
2016-09-02,12.95523342002872,13.052763317689937,12.857703522367501,13.003998756408691,100997300
2016-09-06,13.044635478525151,13.0527631636757,12.760173474144416,12.825193405151367,96542200
2016-09-07,12.7764301232098,12.882087715445806,12.719537096560382,12.760174751281738,63310300
2016-09-08,12.81706806999724,12.955234859040225,12.743920444851723,12.890214920043945,69292700
2016-09-09,12.93085018631614,13.12590996726164,12.792682647705078,12.792682647705078,135182500
2016-09-12,12.719538161963037,12.955235648970632,12.581370589396633,12.922725677490234,109724000
2016-09-13,12.735792475261913,12.890214633166641,12.638262568938064,12.776430130004883,89317600
2016-09-14,12.735790412422492,12.873957951110059,12.646388206547638,12.703280448913574,75528100
2016-09-15,12.71140987783141,12.800812095974083,12.662644538327095,12.73579216003418,67322600
2016-09-16,12.72766320271796,12.743918572628342,12.581367973919322,12.589495658874512,90926200
2016-09-19,12.638258778767977,12.82519084938704,12.638258778767977,12.670768737792969,66186400
2016-09-20,12.792685226293083,12.808940598864428,12.60575309231556,12.678900718688965,68210400
2016-09-21,12.768300206126588,12.865830095356296,12.50822050151403,12.719534873962402,95464600
2016-09-22,12.752047569963544,12.76830294253489,12.597625406029886,12.678900718688965,75611300
2016-09-23,12.622007068257366,12.735792345357314,12.5976247856998,12.613880157470703,51604400
2016-09-26,12.516346767242679,12.548856728647259,12.207502521448477,12.264394760131836,94972100
2016-09-27,12.199375936013066,12.467583335530588,12.036826114350733,12.426945686340332,81992600
2016-09-28,12.483839995027356,12.508223053633783,12.313162460276448,12.50009536743164,66076400
2016-09-29,12.500093300208537,12.597623193208632,12.240013585541616,12.321288108825684,78997700
2016-09-30,12.402562927740515,12.784554800115542,12.329415317043567,12.719534873962402,119428700
2016-10-03,12.670770485404658,12.784554970136535,12.597622873734926,12.703280448913574,69873100
2016-10-04,12.760173482513158,13.044635487080457,12.73579120214424,12.841448783874512,98501500
2016-10-05,12.971489898732703,13.190931993443659,12.971489898732703,13.093402862548828,86056900
2016-10-06,13.14216437657179,13.190928930696767,13.036507584268136,13.182801246643066,75886700
2016-10-07,13.158420533821532,13.207185090871038,12.987742258852284,13.109654426574707,99605400
2016-10-10,13.18280662746138,13.329101899746789,13.150297428174543,13.24782657623291,64158500
2016-10-11,13.21531505126616,13.272207302654408,13.020255239278912,13.093402862548828,77374000
2016-10-12,13.077145907198927,13.199058081154318,13.012125977742892,13.02838134765625,67165800
2016-10-13,13.07714945170254,13.07714945170254,12.67890208206646,12.86583423614502,78637000
2016-10-14,13.125910934710532,13.190930866484678,12.95523342002872,13.003998756408691,108865700
2016-10-17,13.142165485709073,13.16654853992799,12.92272264833089,13.044634819030762,101795500
2016-10-18,13.158422614525453,13.22344255093865,13.093402678112254,13.215314865112305,71433100
2016-10-19,13.247823543215063,13.434757209558885,13.231569722391798,13.385991096496582,97969000
2016-10-20,13.36973458697601,13.516028246150277,13.33722385147249,13.459136009216309,88081200
2016-10-21,13.377862781735848,13.548541069030762,13.329098221164772,13.548541069030762,77954900
2016-10-24,13.613561637954076,13.654198515301804,13.499777141222438,13.629817008972168,68244800
2016-10-25,13.581052306322666,13.670455306009254,13.55667079746099,13.589179992675781,49350300
2016-10-26,13.52415833327027,13.711091995239258,13.507904512827396,13.711091995239258,58730400
2016-10-27,13.776109673950486,13.898021833414333,13.702962068232736,13.743598937988281,97937300
2016-10-28,13.776110152659577,13.800491655281256,13.410372111361715,13.55666732788086,115123600
2016-10-31,13.556669885538268,13.597306764372634,13.410374641418457,13.410374641418457,70387600
2016-11-01,13.459137462767401,13.613560372692005,13.272205364025565,13.499775886535645,88587100
2016-11-02,13.377864843608089,13.459140157218116,13.231571139347245,13.394120216369629,119202000
2016-11-03,13.394120216369627,13.54854315720891,13.36973870742499,13.394120216369629,69690400
2016-11-04,13.434758788655452,13.581052494444942,13.288463532668278,13.45101261138916,82437400
2016-11-07,13.702965548525412,13.849260797117124,13.694837862470584,13.824877738952637,91581900
2016-11-08,13.67045527282265,13.906153525897773,13.581052273353098,13.816750526428223,95842800
2016-11-09,14.353165717141415,14.670137739654107,14.141850518733724,14.605117797851562,319516900
2016-11-10,14.840813611236463,15.434120676232086,14.832685926075195,15.247188568115234,304986400
2016-11-11,15.149653214873181,15.466626637422623,15.141525532223508,15.45849895477295,212952500
2016-11-14,15.775478089037879,16.417551362154523,15.767350402646795,16.32002067565918,320959900
2016-11-15,16.08431989915438,16.40129183717277,15.929896997213275,16.38503646850586,190293100
2016-11-16,16.076192364139928,16.222486032909107,15.994917070247745,16.051809310913086,126734500
2016-11-17,16.059940911935154,16.433805184739022,16.011176343786317,16.32002067565918,167979200
2016-11-18,16.303765637264224,16.368785579528776,16.149344243259474,16.255001068115234,120620200
2016-11-21,16.336274591089627,16.539462082147462,16.263126970293,16.52320671081543,117479100
2016-11-22,16.52320431200308,16.63698879441321,16.352527588387886,16.498821258544922,104771800
2016-11-23,16.596357614185635,16.791417458158108,16.41755314476033,16.710142135620117,110801300
2016-11-25,16.758906319353525,16.97021996321495,16.661375633557924,16.95396614074707,62610400
2016-11-28,16.79953938373966,16.945834604094003,16.458184386311963,16.498821258544922,108651200
2016-11-29,16.56383626960003,16.693877632595157,16.45817950302525,16.490690231323242,114216800
2016-11-30,16.94344756096013,17.286069087750985,16.902658357801098,17.228965759277344,191699600
2016-12-01,17.473698320748827,17.897896784485987,17.40843713832383,17.538959503173828,199233900
2016-12-02,17.530800002206156,17.538957843731094,17.147390786229085,17.318700790405273,128468700
2016-12-05,17.514475219413104,17.840782487079192,17.506317382126614,17.816308975219727,130377300
2016-12-06,18.02025872858936,18.077362060546875,17.71842483059367,18.077362060546875,120789200
2016-12-07,18.101835006761583,18.41182518005371,17.90605149374302,18.41182518005371,168005200
2016-12-08,18.591296567892307,18.958390110824162,18.509719706368823,18.721818923950195,182693900
2016-12-09,18.721814776079302,18.901282586909993,18.583134608999128,18.836021423339844,130590400
2016-12-12,18.762606047231383,18.966547417309986,18.387354673142358,18.4444580078125,136986000
2016-12-13,18.599452328788832,18.664713504976017,18.18341330306376,18.4444580078125,118204100
2016-12-14,18.19972454939817,19.007332060363062,18.118147703089317,18.49340057373047,225340900
2016-12-15,18.681024468695128,19.080749266354356,18.59944763008229,18.893123626708984,162025800
2016-12-16,18.893123572218293,19.023645891242868,18.477083096846666,18.485240936279297,147497700
2016-12-19,18.436298140630406,18.53418911618095,18.216041111718177,18.33840560913086,97508900
2016-12-20,18.460768423724275,18.623922109367996,18.44445429991899,18.526029586791992,83879500
2016-12-21,18.534186746221028,18.534186746221028,18.330245424628128,18.46076774597168,61079100
2016-12-22,18.436295563330404,18.54234436467658,18.330245206035443,18.38735008239746,67123500
2016-12-23,18.362871760797123,18.477078371750668,18.297610617973902,18.436290740966797,38187800
2016-12-27,18.526033311084603,18.550506835635737,18.387354673142358,18.4444580078125,39988600
2016-12-28,18.452616213100566,18.493403865540696,18.158940136494174,18.21604347229004,52652900
2016-12-29,18.216038956393028,18.264984438377063,17.75921082732814,17.946836471557617,79188400
2016-12-30,17.96315831095398,18.15894186197876,17.906054969732086,18.028419494628906,72605900
2017-01-03,18.436293759773307,18.501554913282558,18.10998799222704,18.37919044494629,99298100
2017-01-04,18.53419167566142,18.72997520974825,18.43630068659261,18.721818923950195,76875100
2017-01-05,18.615763035293938,18.705497712043595,18.232353922184153,18.501556396484375,86826400
2017-01-06,18.583133233897815,18.640236553302596,18.403663880398494,18.501556396484375,66281500
2017-01-09,18.36287991192711,18.526032063432865,18.27314521723205,18.395509719848633,75901500
2017-01-10,18.428139198291053,18.87680951396365,18.387351553574963,18.71365737915039,100977700
2017-01-11,18.713651464773996,18.819700241088867,18.534182150466403,18.819700241088867,92385600
2017-01-12,18.770759010219276,18.86049368763551,18.44445321409038,18.69734001159668,120474200
2017-01-13,18.933911707583928,19.09706538859714,18.599448061860773,18.77075958251953,161930900
2017-01-17,18.501556195684437,18.591290871460195,17.954993413679695,17.98762321472168,152495900
2017-01-18,18.191565263707005,18.477083425126825,18.02841314000197,18.46076774597168,124366000
2017-01-19,18.542342550745104,18.60760370425436,18.281297936708093,18.37919044494629,75990800
2017-01-20,18.48523924609904,18.705496222794817,18.371032616382106,18.468923568725586,102564900
2017-01-23,18.452616407883685,18.56682308068096,18.289462684502528,18.403669357299805,61385600
2017-01-24,18.44445852833988,18.844183438260814,18.338408141574586,18.721818923950195,98508700
2017-01-25,19.023646759836762,19.105223601939002,18.844178951970907,19.064435958862305,99753300
2017-01-26,19.09706083443386,19.21126745033845,18.991012056229383,19.12153434753418,84146400
2017-01-27,19.11337772564717,19.12969340208523,18.9910132642588,19.0562744140625,54590200
2017-01-30,18.925760299784297,18.925760299784297,18.52603383391415,18.721818923950195,91561200
2017-01-31,18.574973915704426,18.787073053713474,18.35471693900865,18.468923568725586,91044300
2017-02-01,18.738127981660785,18.94206930231601,18.615763500457405,18.672866821289062,103630900
2017-02-02,18.55049917849669,18.59128836924525,18.3628735688989,18.534183502197266,88679100
2017-02-03,18.884965920796894,19.048119599176296,18.721813798366284,18.999174118041992,116035100
2017-02-06,18.884964667267205,19.072590295785314,18.81970351143705,18.860492706298828,92228400
2017-02-07,18.991016228302875,18.99917406779515,18.648394749371292,18.6810245513916,87982900
2017-02-08,18.542346059136207,18.542346059136207,18.313932756610132,18.49340057373047,102264500
2017-02-09,18.566816727088792,18.884964667267205,18.468924215369213,18.860492706298828,102634200
2017-02-10,18.917598377150576,18.958386021139038,18.72997116933656,18.827863693237305,90548300
2017-02-13,18.901279712237834,19.20311352031229,18.901279712237834,19.088905334472656,105342500
2017-02-14,19.088906759786212,19.717046382985345,19.031803440576976,19.62731170654297,139711400
2017-02-15,19.855724494439755,20.20650376882639,19.668098877518542,20.0515079498291,151233300
2017-02-16,20.018878151905174,20.084139303701622,19.823093140567234,20.0515079498291,98144500
2017-02-17,19.806783788728957,20.051512777905227,19.741522621218685,20.002567291259766,85789200
2017-02-21,20.05966861836404,20.23097858251782,20.05151077874498,20.214664459228516,78571500
2017-02-22,20.0759860823802,20.353346430290575,20.01888275591906,20.222824096679688,81531900
2017-02-23,20.22281944576265,20.304394718546767,19.994404636500782,20.0515079498291,85846000
2017-02-24,19.676258093403575,19.863883723459335,19.59468125896016,19.7659912109375,97074400
2017-02-27,19.74152173176868,20.116773039058625,19.733363891703828,20.043354034423828,69129100
2017-02-28,19.96993537334561,20.14940474596216,19.920989888063335,20.133089065551758,90242000
2017-03-01,20.759051143480654,20.955431409868385,20.636312111383152,20.86542320251465,143947500
2017-03-02,21.01271093009212,21.110900292928935,20.619950357361297,20.64449691772461,99824600
2017-03-03,20.701771725421636,20.988160192595306,20.701771725421636,20.816328048706055,92456100
2017-03-06,20.72631440973307,20.74267981743923,20.52175149547961,20.66085433959961,75660400
2017-03-07,20.63631075740688,20.750867075802244,20.53812141100116,20.628128051757812,64053700
2017-03-08,20.94724448409714,21.08634733985421,20.636307954432493,20.669038772583008,105314600
2017-03-09,20.74268913269043,20.889974746807418,20.644498203048478,20.74268913269043,78984600
2017-03-10,20.96361635963938,20.96361635963938,20.529942249521188,20.709957122802734,86998800
2017-03-13,20.701772689819336,20.791780899301955,20.5626698027515,20.701772689819336,56886200
2017-03-14,20.61175619361577,20.734493609285977,20.497199919724782,20.718128204345703,63182700
2017-03-15,20.77540490987412,20.906325023911613,20.423556518139282,20.603572845458984,114662700
2017-03-16,20.652677897409184,20.857240873683867,20.611765926430905,20.63631248474121,70306200
2017-03-17,20.63631310262336,20.677226635518302,20.31719534950132,20.34174346923828,105222400
2017-03-20,20.112630243858654,20.25991582534845,19.981710073799174,19.998075485229492,87287500
2017-03-21,20.047165076795224,20.09625973794896,18.77887566560096,18.836153030395508,259545800
2017-03-22,18.533404753244074,18.96707881110421,18.369755313805772,18.77069854736328,167984400
2017-03-23,18.852517202597515,19.22072947816465,18.74614362292692,18.877063751220703,111666800
2017-03-24,18.98344218231636,19.106179638872295,18.623410957153038,18.91798210144043,113499100
2017-03-27,18.230650525453594,18.860703220476015,18.13245962350553,18.84433937072754,119513500
2017-03-28,18.827977086593677,19.368023235251815,18.819794380015015,19.212554931640625,95761700
2017-03-29,19.23710803824847,19.351662838662605,19.073456985635044,19.10618782043457,67204500
2017-03-30,19.13073423379532,19.62168582704152,19.089822251313176,19.531679153442383,79189200
2017-03-31,19.49893913155706,19.613493877085798,19.30255889892578,19.30255889892578,77158300
2017-04-03,19.351653566910763,19.4334790540133,18.88525031932506,19.30255889892578,88076600
2017-04-04,18.983440786218885,19.23709838587196,18.983440786218885,19.179821014404297,75244400
2017-04-05,19.44984613369524,19.53985277261452,18.942529318650212,18.958894729614258,97453300
2017-04-06,18.9588965718731,19.196188811143795,18.787062861436297,19.03253936767578,82975200
2017-04-07,18.844340153086666,19.097997782670713,18.762514658181377,18.950712203979492,79519400
2017-04-10,18.926159649062164,19.048898642983207,18.746144851037712,18.836153030395508,63254700
2017-04-11,18.680688800828342,18.77887970494787,18.476125847879857,18.754331588745117,94206700
2017-04-12,18.721599013778917,18.77069524158633,18.500672231410864,18.533401489257812,76556300
2017-04-13,18.459767638293382,18.787068178553675,18.279752731323242,18.279752731323242,88061800
2017-04-17,18.296115159089254,18.680693035972034,18.21428964722071,18.66432762145996,85053200
2017-04-18,18.909800535199825,18.942529797263386,18.312475505451662,18.58249855041504,146488400
2017-04-19,18.7543355489513,18.942533130838164,18.55795525993564,18.6070499420166,101771800
2017-04-20,18.78705557775959,18.958889221577078,18.672500855675285,18.877063751220703,103802600
2017-04-21,18.844340450381175,18.885252418133508,18.484309203532828,18.58249855041504,127235400
2017-04-24,19.01616755285594,19.515301542874546,19.01616755285594,19.335285186767578,138638900
2017-04-25,19.62986010380166,19.924431245356743,19.56440002353291,19.62167739868164,131531100
2017-04-26,19.638044779980262,19.79351307148208,19.523490018185015,19.548036575317383,95172200
2017-04-27,19.55622277781324,19.580770900026266,19.1961914554815,19.351659774780273,80024200
2017-04-28,19.28619521004782,19.40893267130637,19.0816322543864,19.097997665405273,69384900
2017-05-01,19.245284969393776,19.449847943403423,19.10618208463955,19.318927764892578,72382900
2017-05-02,19.31892764867609,19.368022325149408,19.089816557314553,19.253467559814453,60262600
2017-05-03,19.12254772487361,19.458030881389668,19.097999605851097,19.449848175048828,64272800
2017-05-04,19.621680441801598,19.678957825833454,19.417117464149722,19.515308380126953,68133400
2017-05-05,19.621682800361206,19.629865507733857,19.310747723659766,19.425302505493164,56678800
2017-05-08,19.433482109451248,19.68713975472833,19.433482109451248,19.605314254760742,56016500
2017-05-09,19.662590924281748,19.891700424876657,19.53167076374425,19.62167739868164,61622000
2017-05-10,19.564400092969432,19.77714574477078,19.53167083306461,19.760780334472656,48495300
2017-05-11,19.719872064138325,19.82624412962318,19.507126372476897,19.695323944091797,68350800
2017-05-12,19.5725842718698,19.638044357299805,19.4334813952446,19.638044357299805,62589000
2017-05-15,19.687137603759766,19.752597684443508,19.621677523076023,19.687137603759766,50688800
2017-05-16,19.695320003986623,19.777145493747245,19.588947959781798,19.629859924316406,55774800
2017-05-17,19.12254952902742,19.188009625238422,18.37793878867603,18.467947006225586,190353300
2017-05-18,18.50067787072588,18.81979564528985,18.41066965300094,18.6070499420166,108444100
2017-05-19,18.7461477672389,19.065265455417688,18.713418508275335,18.860702514648438,89566700
2017-05-22,18.975263191642103,19.016175164939035,18.672509282892896,18.85252571105957,74839400
2017-05-23,18.84434068851844,19.228918496601512,18.688872399850155,19.1389102935791,79020000
2017-05-24,19.17982088494614,19.204367437871557,18.999804506472746,19.114360809326172,58823200
2017-05-25,19.155275101860752,19.294377974563584,18.999806818089002,19.024354934692383,60443500
2017-05-26,19.00799732955733,19.16346567717461,18.958902636880556,19.01618003845215,50399500
2017-05-30,18.92616582724679,18.99162591705069,18.721602851523155,18.746150970458984,61307900
2017-05-31,18.70099938455965,18.71741698191394,18.134550781670804,18.39725112915039,138636300
2017-06-01,18.45471926880811,18.586069461297875,18.30694991080267,18.57785987854004,69725100
2017-06-02,18.282322501736328,18.545022883459673,18.192018658337258,18.430091857910156,79722300
2017-06-05,18.421879873908196,18.635324297689753,18.38083196597852,18.39725112915039,51590300
2017-06-06,18.22484830870513,18.39724476491923,18.11812535082465,18.249475479125977,71735600
2017-06-07,18.306945650330224,18.56964753999043,18.282318473605866,18.5532283782959,66429700
2017-06-08,18.569649925293717,19.054002730958864,18.553230761490116,18.856977462768555,93685900
2017-06-09,19.062213432118796,19.431636810302734,19.05400384973496,19.431636810302734,108254300
2017-06-12,19.55477508377855,19.73538274306165,19.480890416947748,19.52193832397461,85829900
2017-06-13,19.66150035358507,19.792850539649976,19.423427162706346,19.513731002807617,68047300
2017-06-14,19.333123673318326,19.54656812100023,19.04579611472515,19.505521774291992,102352400
2017-06-15,19.333119132313236,19.661496092120274,19.267444053515305,19.32491111755371,69707500
2017-06-16,19.34132911461495,19.39058659909953,19.185351777866046,19.234607696533203,57745800
2017-06-19,19.382377134054355,19.702542956028235,19.37416755325792,19.628658294677734,58587800
2017-06-20,19.628661503045194,19.69433659433406,19.275657300185898,19.28386688232422,59693500
2017-06-21,19.292075283622257,19.349540789255425,18.939071102369844,18.988327026367188,72432800
2017-06-22,18.980119471943247,19.045794560808755,18.799511803199877,18.824140548706055,64763300
2017-06-23,18.971910308711976,18.971910308711976,18.66816203737096,18.733837127685547,85399600
2017-06-26,18.807720890534004,18.996536570330708,18.659951553017425,18.791301727294922,61307800
2017-06-27,18.96370406774692,19.374173845984657,18.881609798935788,19.10326385498047,88257800
2017-06-28,19.316704974246534,19.669707606963833,19.316704974246534,19.604032516479492,119049300
2017-06-29,20.178692562798208,20.25257724202168,19.73538605327519,19.965248107910156,150501200
2017-06-30,20.21152759071248,20.21152759071248,19.842104254970806,19.91598892211914,84005200
2017-07-03,20.080180264137006,20.44960368102338,20.063762663467088,20.260787963867188,58129700
2017-07-05,20.359292237181233,20.48243437409017,20.21152449136167,20.457805633544922,76172500
2017-07-06,20.441388837225734,20.61378690934568,20.268992330923282,20.285409927368164,84465400
2017-07-07,20.45780532425709,20.52348039890088,20.23615136015281,20.383920669555664,54478800
2017-07-10,20.29362389230123,20.51527793327222,20.227948794882177,20.433183670043945,54632800
2017-07-11,20.42497043060351,20.449599174908233,20.080175839425124,20.19510841369629,69410600
2017-07-12,20.04733939122876,20.19510872771974,19.94882597829558,19.9898738861084,68708700
2017-07-13,20.055544175288563,20.219731069811814,20.00628826351331,20.211523056030273,55533400
2017-07-14,19.866736669750086,19.96524853360328,19.554778780639996,19.87494468688965,92625400
2017-07-17,19.88315440051777,19.88315440051777,19.645082756459757,19.71896743774414,81522000
2017-07-18,19.628660555252655,19.751801149746083,19.382379366265795,19.620450973510742,107981400
2017-07-19,19.743590955622096,19.86673311211367,19.546565697380174,19.751800537109375,74140100
2017-07-20,19.71896105724704,19.801055294979413,19.562982162137263,19.65328598022461,62793500
2017-07-21,19.57119319751849,19.669705037467356,19.423423871777732,19.538354873657227,65922500
2017-07-24,19.48909855277317,19.727171698417546,19.480888971976736,19.628658294677734,51382700
2017-07-25,19.907778192023574,20.252572763549054,19.899568611056605,20.096593856811523,86154700
2017-07-26,20.25257767384115,20.25257767384115,19.817479172005644,19.87494468688965,65704700
2017-07-27,19.91599493624207,20.071973899081065,19.727179203542143,19.79285430908203,62902100
2017-07-28,19.74359426616961,19.8749444603553,19.669709586212925,19.727176666259766,50143400
2017-07-31,19.801055908203125,19.948823661716837,19.776427166375477,19.801055908203125,62272000
2017-08-01,19.940619800489436,20.104806749421172,19.924200635850944,20.071969985961914,52782500
2017-08-02,20.063754801711813,20.1868953704834,19.915985492858994,20.1868953704834,55317100
2017-08-03,20.15405626572493,20.195104164262215,19.9652406299051,20.006288528442383,53210600
2017-08-04,20.260778331160495,20.58915367570581,20.236149593138162,20.498849868774414,105206600
2017-08-07,20.531696182343588,20.56453294667804,20.44139234024276,20.49064826965332,41860900
2017-08-08,20.482436990013507,20.81081241013556,20.375713999837895,20.441389083862305,73399300
2017-08-09,20.195110407810127,20.33467017434893,20.080177822190244,20.310041427612305,56910400
2017-08-10,20.178687221322715,20.178687221322715,19.776427166375477,19.801055908203125,78023700
2017-08-11,19.760012501365477,19.899572271842903,19.538358471933485,19.587615966796875,68157400
2017-08-14,19.891357682201136,20.10480207542647,19.842101765554474,20.04733657836914,54989500
2017-08-15,20.318248201951672,20.400342447244267,20.071967031891376,20.0883846282959,45143200
2017-08-16,20.14585535769745,20.211530452704853,19.768222387041554,19.8585262298584,59188900
2017-08-17,19.760011415439813,19.842105669882827,19.390589619172758,19.407007217407227,78969300
2017-08-18,19.34133317290459,19.6204527136137,19.251030897370054,19.39059066772461,60461200
2017-08-21,19.357748128669645,19.407004046961642,18.99653440762105,19.193559646606445,70124800
2017-08-22,19.374172571477963,19.612244212969262,19.349543822709414,19.56298828125,59228600
2017-08-23,19.38238116834952,19.6779183094479,19.365962003339124,19.505521774291992,39825500
2017-08-24,19.645078359817074,19.6532879409911,19.439843527918974,19.57119369506836,39178700
2017-08-25,19.612242859447434,19.760012210224886,19.497311838095072,19.513731002807617,43511900
2017-08-28,19.57119829163754,19.620454224432624,19.34954424533284,19.472684860229492,37155000
2017-08-29,19.062211269939905,19.45626335057901,18.980118587048583,19.357749938964844,60897200
2017-08-30,19.580534011488595,19.83632805069745,19.44026041940931,19.696054458618164,58412900
2017-08-31,19.828075372329774,19.83632694479518,19.621790782174216,19.712554931640625,62362400
2017-09-01,19.720811503163503,19.951850869281785,19.638297331419334,19.877588272094727,56233900
2017-09-05,19.66305067538561,19.66305067538561,19.167967253486246,19.233978271484375,108605400
2017-09-06,19.382505011334157,19.456767609271704,19.151465642881018,19.31649398803711,64188900
2017-09-07,19.291734882724757,19.316489601024152,18.77189838905014,18.953428268432617,103501200
2017-09-08,18.92042695129414,19.167967883466165,18.854415931126475,18.887420654296875,68365000
2017-09-11,19.159719459798517,19.31649624866182,19.044200548966145,19.275239944458008,73741000
2017-09-12,19.357748542985384,19.82807881214826,19.349498542915274,19.762067794799805,99658500
2017-09-13,19.737313975144637,20.092123799793157,19.696057677601406,20.075620651245117,86339800
2017-09-14,20.116869250809803,20.24889281484674,19.968345692192496,20.00135040283203,70051000
2017-09-15,19.976601095536353,20.141629414872675,19.927093229266134,20.11687469482422,85937600
2017-09-18,20.14988296256152,20.43868176278401,20.14163138840352,20.380922317504883,68076400
2017-09-19,20.380921235954006,20.62021057853019,20.314910220019875,20.512943267822266,56218100
2017-09-20,20.52944570070539,20.826496071755546,20.356167366810688,20.67797088623047,82289900
2017-09-21,20.66971705709499,20.859500092242126,20.56244975360022,20.760482788085938,57864000
2017-09-22,20.636712644851823,20.686220510752104,20.504690619899947,20.64496421813965,61446000
2017-09-25,20.578950798072036,20.694469662933365,20.28190048976976,20.4304256439209,62361700
2017-09-26,20.488190465880677,20.595457786636803,20.37267157063148,20.47168731689453,53012700
2017-09-27,20.88425600336705,21.156551658570145,20.776988685668133,20.96677017211914,92877400
2017-09-28,21.11529765204883,21.15655395398762,20.909012994700817,20.999778747558594,64991400
2017-09-29,20.966769377260402,21.02452882104912,20.884255211636454,20.90900993347168,66232600
2017-10-02,21.008032955050435,21.164809766695882,20.950273491240893,21.140056610107422,54001400
2017-10-03,21.24731562444498,21.39584080101066,21.14004831571795,21.33808135986328,55946900
2017-10-04,21.338089398092496,21.41235201435066,21.206067318928504,21.214317321777344,53402800
2017-10-05,21.26381289037831,21.643375726553003,21.173047180064234,21.560861587524414,62636900
2017-10-06,21.65988694319754,21.70114324117764,21.486608603088865,21.626880645751953,53900600
2017-10-09,21.668138760502305,21.676390334956217,21.25556948076805,21.329832077026367,55172500
2017-10-10,21.313327433584572,21.412344746261336,21.21431012090781,21.395841598510742,46133800
2017-10-11,21.395840040877083,21.395840040877083,21.164800710669006,21.313325881958008,51652300
2017-10-12,21.346337034856337,21.39584491194829,20.909012994700817,20.999778747558594,71770000
2017-10-13,20.942012953735507,21.453599479972432,20.727478343903257,21.313325881958008,104196900
2017-10-16,21.346331969868704,21.725894893890626,21.346331969868704,21.65163230895996,71927200
2017-10-17,21.75890498406183,21.808412858046893,21.544368765023975,21.61863136291504,48644400
2017-10-18,21.73414771176312,21.907426037306916,21.725896138095308,21.849666595458984,55382500
2017-10-19,21.618634119716944,21.940437702396558,21.577376241279087,21.932186126708984,54542700
2017-10-20,22.311740965708367,22.427259827077915,22.19622053051237,22.419008255004883,83764700
2017-10-23,22.460272570523422,22.633552498347388,22.35300524288155,22.410764694213867,69607700
2017-10-24,22.567542337073125,22.971860085725055,22.559290761734054,22.8398380279541,90346500
2017-10-25,23.013116407185628,23.037871133222833,22.55929077995971,22.798580169677734,81265300
2017-10-26,22.848086963616886,23.087376325496102,22.839835389231133,22.88934326171875,55342500
2017-10-27,22.83983086278269,23.070868604488584,22.790323000106653,22.938846588134766,58856700
2017-10-30,22.815082901264834,22.905848654573514,22.658306120229945,22.773826599121094,51357600
2017-10-31,22.806824760117454,22.872835768839476,22.559283870866523,22.600540161132812,50311200
2017-11-01,22.806828621844648,22.881091215959636,22.57579083911079,22.716064453125,46527700
2017-11-02,22.699562161160312,23.054371996690886,22.50978066851784,22.996612548828125,59692000
2017-11-03,22.881084488875587,22.955347061157227,22.790320346840776,22.955347061157227,37816100
2017-11-06,22.889342877657,22.955353897808514,22.790327134343162,22.897594451904297,37261000
2017-11-07,22.889340349919763,22.914095069927917,22.295241234164248,22.427263259887695,68342100
2017-11-08,22.245736993319284,22.245736993319284,21.857922398846746,22.105464935302734,83128200
2017-11-09,21.857921600341797,21.998195227060986,21.552621195841038,21.857921600341797,95448600
2017-11-10,21.940429264955146,22.06419970501712,21.833160396095312,21.874418258666992,61105300
2017-11-13,21.668145771291684,21.849675746531606,21.569128419634282,21.78366470336914,55902200
2017-11-14,21.668135455350477,21.74239804028114,21.519610285489147,21.65163230895996,61596800
2017-11-15,21.445353078580496,22.220983841352624,21.296827871472317,22.105464935302734,98274900
2017-11-16,22.204481852536087,22.320000764629793,22.064208213353524,22.080711364746094,54565200
2017-11-17,21.874423235620007,22.05595315075818,21.816663788704535,21.96518898010254,48420700
2017-11-20,22.0642032623291,22.146717426949316,21.899176506915463,22.0642032623291,46328800
2017-11-21,22.113707691547305,22.163217126913782,22.02294354102851,22.05594825744629,57749100
2017-11-22,22.088959485479933,22.196226805099535,21.9404342938321,21.998193740844727,38103200
2017-11-24,22.04770081794655,22.06420396616239,21.923930353981426,21.940433502197266,14273600
2017-11-27,21.882674057268666,22.212729152451267,21.874422483160746,21.940433502197266,44828600
2017-11-28,21.965183800716733,22.85633316514503,21.9239259384865,22.80682373046875,99765000
2017-11-29,23.12038465180475,23.508199239003623,22.97185944748223,23.33492088317871,119728400
2017-11-30,23.716092018772223,23.79895620271528,23.268617838921333,23.343196868896484,122131900
2017-12-01,23.409494187439968,23.624944589094564,22.78800319131324,23.28519630432129,137774800
2017-12-04,23.906687017154177,24.28786739827225,23.8818268086117,24.080703735351562,145661700
2017-12-05,24.113855697282403,24.279585713781294,23.90669199125856,23.972984313964844,91349800
2017-12-06,23.807252705595292,24.006129673619444,23.67466806024586,23.73267364501953,74593800
2017-12-07,23.93983717343004,24.006129495613195,23.508937869506337,23.84868621826172,80706100
2017-12-08,24.047557678249117,24.10556324931019,23.832107285355644,24.072416305541992,60991300
2017-12-11,24.055850806537435,24.17186197948716,23.948124791198097,23.981271743774414,54001900
2017-12-12,24.296159744262695,24.44531786889047,23.956411385069966,24.296159744262695,76017200
2017-12-13,24.287868393635993,24.395594387868226,23.890114523855544,23.898401260375977,79980600
2017-12-14,24.08070312678848,24.180142377912063,23.790673689922425,23.807247161865234,60615800
2017-12-15,23.956404798010837,24.180141923433677,23.815533450211262,24.064130783081055,129859400
2017-12-18,24.27129819182285,24.44531492927347,24.254724717627507,24.428741455078125,70548600
2017-12-19,24.528177042412555,24.56132240530054,24.33758685934019,24.403879165649414,67984100
2017-12-20,24.66076535221244,24.727057668460315,24.403882824318604,24.428741455078125,81271200
2017-12-21,24.51989712961547,24.843072015234934,24.51161039145424,24.710487365722656,72953200
2017-12-22,24.843068196176777,24.884501880613435,24.544753570900106,24.760202407836914,54203000
2017-12-26,24.644188794891928,24.809920355044422,24.511604178983248,24.677335739135742,42371200
2017-12-27,24.577900637792727,24.635906219482422,24.528181793563494,24.635906219482422,35111800
2017-12-28,24.63590882562625,24.710487890126327,24.577903237800353,24.69391441345215,37914900
2017-12-29,24.735345278709882,24.76020391034691,24.461889266967773,24.461889266967773,40672000
2018-01-02,24.652473674920554,24.776771545410156,24.536462539868012,24.776771545410156,57121600
2018-01-03,24.776780216289318,24.809927169637675,24.60276345281162,24.69391441345215,57865700
2018-01-04,24.834782875550612,25.22425162879829,24.76020381984504,25.017087936401367,76512500
2018-01-05,25.166245551080273,25.207677656528453,24.90107470239799,25.133098602294922,56445200
2018-01-08,25.050232597095118,25.083379545597605,24.90107448990092,24.959081649780273,42914800
2018-01-09,25.025374165675306,25.307116908057623,24.967367005333703,25.0833797454834,69479100
2018-01-10,25.166242659128486,25.464557261248594,25.11652224166403,25.315399169921875,63532800
2018-01-11,25.406557083129883,25.431417297141152,25.232540326651982,25.406557083129883,59318300
2018-01-12,25.588857169669197,25.854028008872778,25.497706224834747,25.845741271972656,66371600
2018-01-16,26.301503925697098,26.342937615219807,25.71315975927743,25.887176513671875,104467900
2018-01-17,25.688297639365523,25.928608279164067,25.141385622518488,25.83745574951172,124382900
2018-01-18,25.961752142498938,26.276640238579507,25.86231288132256,26.086050033569336,76463800
2018-01-19,26.168916212169265,26.301500842030023,26.069476949506967,26.284927368164062,66491000
2018-01-22,26.24349460055464,26.46723175048828,26.16891555057676,26.46723175048828,53848800
2018-01-23,26.400938053667257,26.62467519187574,26.34293248017617,26.45065689086914,56531400
2018-01-24,26.52523785448375,26.690969441057387,26.367794585825692,26.59153175354004,81585000
2018-01-25,26.715831233737042,26.724116390585532,26.45894711649455,26.59153175354004,62265800
2018-01-26,26.6081048897463,26.68268394470215,26.475520254387796,26.68268394470215,52699900
2018-01-29,26.724109499187428,26.88984104302355,26.666103933004727,26.74896812438965,59126500
2018-01-30,26.47552578878455,26.682689522404043,26.392659979229986,26.417518615722656,60555800
2018-01-31,26.558380800081522,26.757259306200467,26.47551659982082,26.516948699951172,65734100
2018-02-01,26.516948993389423,26.931276321411133,26.48380204849169,26.931276321411133,62367400
2018-02-02,26.881560163244252,27.07215038500382,26.400942030343423,26.475521087646484,96971900
2018-02-05,25.78773785069302,26.50037989782999,24.155286897125215,25.07509422302246,155908300
2018-02-06,24.370737746029782,25.92860966819927,24.279585211494254,25.85403060913086,165878400
2018-02-07,25.787733810669042,26.301498816683655,25.5722834086027,25.895458221435547,101180500
2018-02-08,25.945183445036275,26.003189032844936,24.635908818305996,24.644195556640625,128981300
2018-02-09,25.000513968220538,25.365122502191852,24.138712266203527,25.133098602294922,143071100
2018-02-12,25.373405758231588,26.05290230977126,25.307113450289503,25.78773307800293,95055100
2018-02-13,25.721444588524022,26.019759228282886,25.4894206860151,25.83745574951172,76727300
2018-02-14,25.82916540626752,26.54180732781606,25.73801288934078,26.516948699951172,97251500
2018-02-15,26.84012757911854,26.906421478239672,26.409228298566013,26.690969467163086,68117400
2018-02-16,26.516952344383288,26.7324011913119,26.45066002674367,26.49209213256836,62137800
2018-02-20,26.483801040523936,26.649532597638245,26.309784328033853,26.458942413330078,58573900
2018-02-21,26.351216405203342,26.823549287894355,26.326357778030086,26.409223556518555,72210300
2018-02-22,26.508662755355665,26.632960639991506,26.17720120281564,26.260066986083984,64749700
2018-02-23,26.351216986329327,26.56666896347068,26.31807162252294,26.541807174682617,53626300
2018-02-26,26.65782272491378,26.881559894586907,26.558385036525873,26.864986419677734,61796300
2018-02-27,26.782115050315266,27.22130095432778,26.782115050315266,26.790403366088867,69235500
2018-02-28,26.922993366219604,27.155015677334333,26.591530212284066,26.599815368652344,72044000
2018-03-01,26.674672256581957,26.907565170241465,26.084120555272214,26.183931350708008,90547100
2018-03-02,25.884496592058504,26.3586018221442,25.47693083260047,26.30869483947754,82739100
2018-03-05,26.075802350539426,26.907564784274715,25.926084573069325,26.724578857421875,70543100
2018-03-06,26.865978901482567,26.882614563680423,26.574862745340386,26.707944869995117,50832600
2018-03-07,26.366922213040493,26.807756164157134,26.26710982447848,26.76616859436035,52763900
2018-03-08,26.774486978103486,26.841029633436836,26.458417297591172,26.782806396484375,53139800
2018-03-09,27.007385254085925,27.223642555320204,26.949162012487133,27.2153263092041,73905800
2018-03-12,27.190366261645767,27.489801834025307,27.1487786927993,27.31513214111328,60322800
2018-03-13,27.423266404386748,27.439902068965324,26.865982746254506,26.915889739990234,63347500
2018-03-14,27.073927674622592,27.073927674622592,26.558234690486373,26.7329044342041,58011400
2018-03-15,26.857660298448327,26.899247863827057,26.558224751036903,26.699623107910156,41964200
2018-03-16,26.707948733437004,27.090559500549947,26.682996822994863,26.75785255432129,83447600
2018-03-19,26.724583168327854,26.79944206913829,26.350288664275666,26.599817276000977,57363200
2018-03-20,26.66635993135623,26.78280640529948,26.51664054327113,26.599817276000977,44784500
2018-03-21,26.616454224023027,26.99074874613407,26.350289935617084,26.508325576782227,64546300
2018-03-22,26.150661930213726,26.19224949773691,25.30226222644316,25.410390853881836,110271900
2018-03-23,25.526843763922503,25.543477842223776,24.162749395966507,24.262561798095703,115740200
2018-03-26,24.861433575360067,25.418715700900584,24.661810340512417,25.318904876708984,83297000
2018-03-27,25.493571320252506,25.510206984291067,24.295830479368284,24.553678512573242,85821800
2018-03-28,24.778255956058914,24.919654345207427,24.129479317400595,24.44554901123047,79396100
2018-03-29,24.595269534240106,25.069374920554672,24.379010630814005,24.944610595703125,65678300
2018-04-02,24.786575470220377,25.002834378289055,23.913223591046226,24.379011154174805,86644200
2018-04-03,24.570316566609655,24.661809554792935,24.20433985448334,24.61190414428711,69698700
2018-04-04,24.12115768660563,24.927968251892626,24.079570118283304,24.85310935974121,66640800
2018-04-05,25.10264682841983,25.41039873100689,25.052741414628727,25.219093322753906,55765500
2018-04-06,24.961239534440853,25.194134041467212,24.428911045768068,24.64516830444336,79687600
2018-04-09,24.803206068729345,25.476934568894848,24.7533006652078,24.84479522705078,65917500
2018-04-10,25.352174758911133,25.435351503827587,25.144233689852218,25.352174758911133,60540500
2018-04-11,25.0776862710033,25.15254516385564,24.861427423481448,24.8697452545166,62211500
2018-04-12,25.13590961658529,25.618332713579186,25.094322047683637,25.493568420410156,57989100
2018-04-13,25.892813794631174,25.926085117640707,24.5869445093231,24.78656768798828,99254500
2018-04-16,25.019463391028264,25.260675735037708,24.512086796018107,24.894699096679688,110588900
2018-04-17,25.094325162387992,25.26067863157051,24.85311279071977,24.986196517944336,83475900
2018-04-18,24.977878544092903,25.13591259380879,24.53704296378589,24.561996459960938,79743200
2018-04-19,24.57863162898078,25.152549374776605,24.570315383017412,25.102643966674805,80902600
2018-04-20,25.16918182373047,25.393758511190576,25.06105160245081,25.16918182373047,65554600
2018-04-23,25.177505742338738,25.28563440329688,25.052741414628727,25.219093322753906,50686300
2018-04-24,25.33553896918753,25.66824594723224,24.95292816548634,25.110963821411133,81486800
2018-04-25,25.02778460221274,25.23572564969775,24.78657222562727,25.069372177124023,65893500
2018-04-26,24.98619654288149,25.185819754221185,24.944607382312224,25.01114845275879,45936700
2018-04-27,24.944607980427577,25.1275955319272,24.927972315800986,25.07769012451172,47411200
2018-04-30,25.17750275170945,25.31058489698766,24.886384963989258,24.886384963989258,55153900
2018-05-01,24.886383403204924,24.919653144205764,24.6368547930739,24.91133689880371,52871700
2018-05-02,24.911333870638572,25.011144667972523,24.586944813143184,24.603580474853516,68234600
2018-05-03,24.545360174333076,24.55367800618081,23.647054958812518,24.287513732910156,110672700
2018-05-04,24.112841058064088,24.47049987474171,23.971441097667448,24.37068748474121,58281900
2018-05-07,24.487134391567107,24.778252130109067,24.39563983722031,24.653486251831055,46765200
2018-05-08,24.761616971179333,25.061050960323097,24.67844024612559,24.894699096679688,65119800
2018-05-09,25.036099299996728,25.610016963411514,25.019463637529267,25.55179214477539,72266500
2018-05-10,25.46030238495906,25.84291315117765,25.302266744516285,25.693195343017578,54773200
2018-05-11,25.70982563259102,25.809638012652016,25.626648913617515,25.718143463134766,42024800
2018-05-14,25.817959436393217,25.975993479326803,25.809641604691844,25.88450050354004,41791600
2018-05-15,25.718143774544476,26.084120390580967,25.65992054649721,25.96767234802246,64433500
2018-05-16,25.934409039919867,25.992632282398137,25.801326889551138,25.834596633911133,43590100
2018-05-17,25.817958714772185,25.851228454183605,25.510205296279846,25.626651763916016,45981500
2018-05-18,25.593381704555963,25.610017367285774,25.14422832963575,25.16918182373047,58641700
2018-05-21,25.385438947953528,25.51852106778452,25.352167624763776,25.410390853881836,34983300
2018-05-22,25.451984552676358,25.90113639069228,25.40207914544443,25.693195343017578,61103000
2018-05-23,25.543480024372307,25.58506918983918,25.01946923120529,25.318904876708984,73893100
2018-05-24,25.285627706148443,25.293945537321317,24.81152243454317,25.127592086791992,62146200
2018-05-25,24.96123996383124,25.110957750461957,24.85310974616947,25.08600425720215,44166700
2018-05-29,24.75330294114663,24.786572684398585,23.871633327701492,24.087890625,135895000
2018-05-30,24.362374686177684,24.62022114933022,24.25424444950884,24.52872657775879,79435300
2018-05-31,24.386750134266414,24.43685944748203,24.077739251386376,24.253124237060547,97509300
2018-06-01,24.628938622334204,24.770916291962276,24.47860913767556,24.553773880004883,64796600
2018-06-04,24.679047919571804,24.7124551796941,24.495312767736706,24.553773880004883,43777000
2018-06-05,24.47861650683241,24.50367195946694,24.269825847050274,24.319936752319336,47690800
2018-06-06,24.461913491734084,25.096635670433393,24.453561674521428,25.088285446166992,74995800
2018-06-07,25.221907597866235,25.31377438769856,24.963006081481087,25.13003921508789,68402700
2018-06-08,25.0632266998291,25.09663237134211,24.89619356342592,25.0632266998291,49572900
2018-06-11,25.163447315318304,25.397293406354105,25.1049861907959,25.1049861907959,46732800
2018-06-12,25.19685159308294,25.2803681580406,24.846083294617557,24.971357345581055,49644600
2018-06-13,25.038169714838638,25.355532335938246,24.804325249760975,24.921247482299805,68900200
2018-06-14,25.088281360296513,25.096631583203,24.537072664654694,24.637292861938477,77863200
2018-06-15,24.42850061490495,24.562126473738846,24.111139598410922,24.453556060791016,105079500
2018-06-18,24.169599946273536,24.637290437364776,24.06102794382192,24.553773880004883,52644100
2018-06-19,24.253116350787664,24.528719873276348,24.177951608932037,24.436851501464844,65466200
2018-06-20,24.57048025830915,24.63729319308102,24.37004145399354,24.420150756835938,52256500
2018-06-21,24.39509952323978,24.595539955127858,24.219716136520574,24.4619140625,68322600
2018-06-22,24.60388867522075,24.65399957660196,24.211362838745117,24.211362838745117,76079200
2018-06-25,24.10278972856156,24.14454721546288,23.601691921015625,23.78542709350586,73616400
2018-06-26,23.81883332557176,23.944107373794974,23.39290028725608,23.83553695678711,56369300
2018-06-27,23.810483812100948,24.094439198432536,23.584989547729492,23.584989547729492,61764400
2018-06-28,23.718618484249102,24.08609048919128,23.635101902269565,23.94411277770996,71292100
2018-06-29,24.294875947810393,24.361688880504726,23.53487824105766,23.543230056762695,102307600
2018-07-02,23.451365510865852,23.618398666381836,23.24257486294399,23.618398666381836,52534300
2018-07-03,23.66015589120913,23.74367246802261,23.167409840250418,23.200817108154297,40599000
2018-07-05,23.342793028360337,23.451363454864904,23.22586919257147,23.317737579345703,44506800
2018-07-06,23.225870152451797,23.50982554790195,23.07554063804335,23.40960693359375,39424900
2018-07-09,23.576639630283374,24.294879970377846,23.568287813195504,24.261472702026367,61758900
2018-07-10,24.40344878087575,24.495317169775834,24.010922961573243,24.077735900878906,58858400
2018-07-11,23.94411323971931,24.14455208456995,23.90235574439697,23.952465057373047,50218900
2018-07-12,24.136198380064663,24.194659506124264,23.935759550883365,24.02762794494629,51700700
2018-07-13,23.90234812669696,23.960809238695163,23.568281898800105,23.84388542175293,75178000
2018-07-16,24.03597703634346,24.929600645797485,23.994217956074653,24.871139526367188,129172000
2018-07-17,24.963006499397984,25.221908020117517,24.704106571624493,25.0632266998291,87778900
2018-07-18,24.988063059019996,25.2970738972245,24.921250120076603,25.1634464263916,59109200
2018-07-19,24.996412602173375,25.071577350766997,24.754214724939278,24.77927017211914,59260600
2018-07-20,24.73751493621881,25.188501875850168,24.60388746538591,25.1634464263916,80432700
2018-07-23,25.171798059851216,25.76476428249015,25.163446243425756,25.68124771118164,74080200
2018-07-24,25.764767676188796,25.98191015301418,25.597734511570405,25.748064041137695,64761500
2018-07-25,25.63949420326857,25.98191076515198,25.614438750101606,25.948503494262695,57644100
2018-07-26,26.048727907917993,26.06542995310537,25.798178114748044,25.839937210083008,46215000
2018-07-27,25.881684375380622,26.006958425458098,25.723003062377966,25.94014549255371,57198900
2018-07-30,26.006961434722133,26.265862973511837,25.99860961802445,26.14893913269043,58721000
2018-07-31,26.19070090263318,26.240810215012974,25.739712312376064,25.78982162475586,64066000
2018-08-01,26.07377000881487,26.349373541898792,26.032012525265685,26.098825454711914,69070700
2018-08-02,25.87334015642981,26.148943784699785,25.781473342304107,26.123889923095703,46427200
2018-08-03,26.040367804763736,26.31597137451172,26.02366417194359,26.31597137451172,50153800
2018-08-06,26.265862531221607,26.382784777128002,26.157290508926128,26.324323654174805,41261500
2018-08-07,26.349377047205905,26.558167678619412,26.299267741691573,26.31597137451172,43946200
2018-08-08,26.315972100465945,26.650036801353863,26.290916650544546,26.558168411254883,43689600
2018-08-09,26.499710427428155,26.54982133320814,26.34938089598087,26.39113998413086,38219100
2018-08-10,26.08212698834101,26.16564356492144,25.806523400687936,26.048721313476562,55679800
2018-08-13,25.956855048746256,25.990262319296747,25.43070328114675,25.45575714111328,63960600
2018-08-14,25.56432730923542,25.806523631241603,25.405645971609577,25.714656829833984,42521200
2018-08-15,25.45574837640864,25.57267219013081,25.188496675807887,25.35552978515625,59747900
2018-08-16,25.52256500251529,25.756411070923214,25.489159331569024,25.656190872192383,44015400
2018-08-17,25.60608629903616,25.773119463458467,25.51421789930926,25.67289924621582,39843500
2018-08-20,25.63113793076287,25.831576742422538,25.597730665679887,25.78146743774414,40011000
2018-08-21,25.814875608372294,26.098831017275955,25.748062664685918,25.9067440032959,53510600
2018-08-22,25.823227482353545,25.96520518711823,25.78982021396363,25.873336791992188,33062900
2018-08-23,25.839936731675113,25.873342414377994,25.67290353932098,25.756420135498047,38259100
2018-08-24,25.839932992938717,25.956855254901377,25.764768226549478,25.798173904418945,43585000
2018-08-27,25.915094636939934,26.29926864735641,25.8816873701492,26.14893913269043,47729300
2018-08-28,26.19069476145636,26.232452246490535,26.048717082215838,26.115530014038086,38539000
2018-08-29,26.09048031125948,26.148941440356346,25.948502600761532,26.0069637298584,46401800
2018-08-30,25.90674163259899,26.01531205879936,25.8482805113414,25.89838981628418,47358900
2018-08-31,25.789820123033863,25.848282842510088,25.572679251049927,25.831579208374023,49266000
2018-09-04,25.81487670769832,26.023667364727874,25.739711943731976,26.0069637298584,44745600
2018-09-05,25.948494940053823,26.09047260863607,25.864978383309122,26.040363311767578,48516700
2018-09-06,26.057149814923854,26.10750294894516,25.788606169395766,25.889310836791992,42666000
2018-09-07,26.015196364195546,26.115901054406034,25.70469170330606,25.897708892822266,49103800
2018-09-10,25.914481545243447,26.015186196093264,25.80538630741509,25.8641300201416,34156200
2018-09-11,25.780213980392215,25.931270181163363,25.7634312030315,25.889310836791992,53071000
2018-09-12,25.914488922321457,25.98162484178421,25.494889025517605,25.536849975585938,59482300
2018-09-13,25.62076890994155,25.738256362579715,25.243128382681018,25.293479919433594,59219500
2018-09-14,25.285084739844915,25.50327684083298,25.268301963342992,25.486494064331055,33743900
2018-09-17,25.46132413914535,25.58720379929498,25.301875715944234,25.410972595214844,35026600
2018-09-18,25.45293285677465,25.511676593564538,25.28509223682058,25.35222816467285,49921700
2018-09-19,25.285091258837415,26.183036460019903,25.285091258837415,26.015195846557617,92666300
2018-09-20,26.26695153959502,26.32569686664893,26.13267970762193,26.174640655517578,83357400
2018-09-21,26.300514731070244,26.32569129447869,25.99001018495068,26.040363311767578,85992100
2018-09-24,25.998404794401946,26.183029741968664,25.729861162282685,25.7969970703125,45587700
2018-09-25,25.8893049917403,26.0487533455162,25.67950511595739,25.738248825073242,40949900
2018-09-26,25.771825317066302,25.7970018875212,25.226345762383026,25.28508949279785,57882400
2018-09-27,25.377396300019154,25.43614001727709,25.117244866171333,25.12563705444336,45879700
2018-09-28,24.88227057919405,25.05011115806524,24.68925503394465,24.722822189331055,74707600
2018-10-01,24.907449289527978,25.125641420577608,24.78996183459607,24.882272720336914,53900900
2018-10-02,24.823522567749023,24.941009992271425,24.563371156029657,24.823522567749023,42940300
2018-10-03,25.016540771530345,25.327045342010386,24.94101267602564,25.175989151000977,61080300
2018-10-04,25.318657837170345,25.838962413491615,25.293481267129344,25.536849975585938,72325700
2018-10-05,25.679507849392813,25.721467188757316,25.21794711315232,25.369003295898438,51931000
2018-10-08,25.217949586323385,25.52845417026952,25.100462144063613,25.40257453918457,47471600
2018-10-09,25.201163514323177,25.33543531667756,25.066891711968793,25.159202575683594,58868600
2018-10-10,25.15920408707717,25.28508370926563,24.513019999024515,24.538196563720703,88454400
2018-10-11,24.24448229300517,24.54659474047953,23.715787110571664,23.799707412719727,111417300
2018-10-12,24.328401491268217,24.37036244076161,23.271009573733036,23.883625030517578,102279200
2018-10-15,23.908803636637845,24.017900513966403,23.195483440958906,23.43045997619629,114636100
2018-10-16,23.698998877112256,23.98432689764005,23.413670856584467,23.942367553710938,87887800
2018-10-17,23.808095751361925,24.49623923648528,23.631862985297005,24.252870559692383,79068700
2018-10-18,24.0598498729804,24.252865374980203,23.615073559086657,23.707386016845703,77369200
2018-10-19,23.615076171021666,23.93397291456289,23.472412175362955,23.766132354736328,64305400
2018-10-22,23.76614138439054,23.791317958123916,22.91854927646197,22.977293014526367,89942900
2018-10-23,22.146476179386255,22.826228984757527,21.911501323782893,22.675172805786133,102392500
2018-10-24,22.540909308827302,22.574476471720512,21.886332825618904,21.97864532470703,86386600
2018-10-25,22.13808306095819,22.599643766261817,21.970244114103675,22.314315795898438,73780400
2018-10-26,22.096127121221862,22.30592703752691,21.71848663161424,22.1464786529541,91103500
2018-10-29,22.39824210286793,22.80944979429715,22.06256251809372,22.331106185913086,89367000
2018-10-30,22.45698766817609,22.54090797139996,22.08773929437906,22.473772048950195,79004800
2018-10-31,22.742315688781673,23.39689053106704,22.70874692730722,23.07799530029297,92296300
2018-11-01,23.304573335920843,23.497588860260752,23.170301527628194,23.3381404876709,49827300
2018-11-02,23.505981912441772,23.81648488029031,23.094774284348727,23.405277252197266,69010200
2018-11-05,23.45563413661837,23.699001236802545,23.405280998114172,23.547945022583008,41103100
2018-11-06,23.514371825878094,23.707387338639382,23.279395375138623,23.673818588256836,43514400
2018-11-07,23.850055220750562,24.05985514295961,23.61507873164373,23.950759887695312,56679200
2018-11-08,23.91718899630984,24.43749346121566,23.858445279439845,24.227693557739258,49421200
2018-11-09,24.126994607125646,24.244482068657774,23.816489972245083,23.933979034423828,43270600
2018-11-12,23.81648732457695,23.93397637369449,23.195479724499574,23.287792205810547,50307500
2018-11-13,23.28778663048934,23.615073930386778,23.237435107577284,23.296178817749023,57423400
2018-11-14,23.455628612210553,23.58150822753008,22.473765051684385,22.834619522094727,69213300
2018-11-15,22.775879524449792,23.47241521688764,22.557687408660698,23.413671493530273,66174800
2018-11-16,23.237440670843853,23.405279654281653,23.010856362524063,23.287792205810547,52456100
2018-11-19,23.312968773617115,23.514376514130337,23.111561033103893,23.287792205810547,46000000
2018-11-20,23.0108617795042,23.136741446877455,22.633221176737628,22.977293014526367,92330600
2018-11-21,23.153521001943314,23.296185022060566,22.868192961708807,22.884977340698242,40364400
2018-11-23,22.725521682825498,22.801049763507034,22.55768114783409,22.633209228515625,22974100
2018-11-26,22.80945215842424,23.27101143524711,22.742316234510973,23.128347396850586,53210700
2018-11-27,23.019246522660954,23.41366977965038,22.985677768544594,23.27939796447754,43617100
2018-11-28,23.39688535689516,23.89201327462032,23.128341727073984,23.85844612121582,61388100
2018-11-29,23.648647800398944,23.791311813414517,23.472415031075517,23.531160354614258,46824600
2018-11-30,23.447234305714968,24.026280803990662,23.388490597250417,23.83326530456543,64284600
2018-12-03,24.328398787283774,24.37035973211341,23.799703687601376,23.950759887695312,59908700
2018-12-04,23.76613314961354,23.76613314961354,22.43180561636799,22.64999771118164,103565700
2018-12-06,22.135220408529694,22.211170589585794,21.544498745371776,22.17741584777832,133294200
2018-12-07,22.067715440236526,22.396833519357106,21.350408869835107,21.460115432739258,107477600
2018-12-10,21.249142362786902,21.29133620287641,20.498081063969295,20.89470863342285,110166900
2018-12-11,21.274461068356615,21.434800580913972,20.700617356873547,20.74281120300293,78545000
2018-12-12,20.987542419025154,21.0888083051604,20.565597471079748,20.692180633544922,87191800
2018-12-13,20.810319562411017,20.945341783626986,20.489642189421055,20.59090805053711,64860100
2018-12-14,20.40525993510871,20.987544470886643,20.354626987090924,20.65842628479004,92762600
2018-12-17,20.47275880628789,21.038164817530646,20.3883695370772,20.649974822998047,98602800
2018-12-18,20.818753361419425,21.173187004431174,20.51495263609752,20.649974822998047,89046300
2018-12-19,20.633104982273945,21.299777046200866,20.31242597666498,20.405254364013672,121887600
2018-12-20,20.126770346942543,20.616226325096143,20.050820142609062,20.346181869506836,112594000
2018-12-21,20.17740021553479,20.68373429766146,19.62887229722743,19.72170066833496,160800400
2018-12-24,19.206931194456224,19.586680621960582,19.12254189625793,19.18161392211914,64859100
2018-12-26,19.333513551455017,20.405253892968005,19.147858390635346,20.346181869506836,100877800
2018-12-27,20.06770236530907,20.565597534179688,19.738584210379123,20.565597534179688,91575400
2018-12-28,20.751246606545752,20.886268821676115,20.47276308664041,20.582468032836914,78693800
2018-12-31,20.73437165269975,21.071927243035876,20.565594662327698,20.79344367980957,56257300
2019-01-02,20.320863872879226,21.2153865024883,20.26179185152653,21.063486099243164,71836300
2019-01-03,21.046608227185434,21.13099751372488,20.63310249369311,20.725929260253906,66599600
2019-01-04,21.181631861083854,21.645770553762684,21.122559839425662,21.586698532104492,83829100
2019-01-07,21.569820404052734,21.755477169247968,21.341971407046024,21.569820404052734,57016300
2019-01-08,21.70484209867973,21.763915728632256,21.173192305841678,21.527626037597656,67339400
2019-01-09,21.662649572267743,21.814549982175617,21.426359866900835,21.73859977722168,69707200
2019-01-10,21.56982221258973,21.755478993351492,21.451678159080984,21.71328353881836,65235800
2019-01-11,21.54450675312942,21.974890735883868,21.48543311622459,21.96645164489746,63476000
2019-01-14,21.747041776200113,22.346202795867033,21.612019529244407,22.253376007080078,76715400
2019-01-15,22.118350778124178,22.624684977586924,21.983328539546388,22.4052734375,80625500
2019-01-16,23.738619000931976,24.23651410404701,23.510769981723836,24.008665084838867,163131700
2019-01-17,23.91583695972897,24.47280409660856,23.704864510620276,24.464365005493164,107428800
2019-01-18,24.4896793228842,24.8609896295913,24.228072358659645,24.725967407226562,97928200
2019-01-22,24.45592154760392,24.725965976710025,24.37997135071886,24.548749923706055,84861400
2019-01-23,24.658456874108552,24.70909141587624,24.15212433316684,24.405290603637695,79425900
2019-01-24,24.261828283527244,24.64157928310614,24.253389193581953,24.540311813354492,59492300
2019-01-25,24.709087341827974,25.0803975960178,24.590941706775187,24.96225357055664,72182100
2019-01-28,24.74284638860538,25.038208113189143,24.717530727087166,25.004451751708984,59963800
2019-01-29,24.92850277379511,25.0635249984533,24.759724188176424,24.801918029785156,51451900
2019-01-30,24.827233494202034,24.869427332740955,24.430605939324185,24.531871795654297,66475800
2019-01-31,24.261831021904094,24.337781230392196,23.61203550910232,24.025541305541992,100201200
2019-02-01,24.135245538206537,24.337778871346046,23.890516754668056,23.949588775634766,64244100
2019-02-04,24.02553781165211,24.44748263762867,23.983343972891166,24.371532440185547,55195900
2019-02-05,24.346217634798226,24.371533295106122,24.10992794450959,24.287145614624023,46622600
2019-02-06,24.19432021906415,24.388414483462324,24.08461525514971,24.244953155517578,35606900
2019-02-07,24.084615505400105,24.16900319716864,23.544524942447612,23.83144760131836,62289200
2019-02-08,23.75549820533071,23.89895953968357,23.510770993547652,23.87364387512207,50031300
2019-02-11,23.915834898262826,24.017100763734668,23.8061283328111,23.97490692138672,47724400
2019-02-12,24.152126778311874,24.35466013711128,24.118370413715947,24.211198806762695,49178100
2019-02-13,24.363092485713675,24.464358332291777,24.185874839814588,24.21963119506836,48951200
2019-02-14,23.932716942373645,24.152128499103657,23.721744477393884,23.958032608032227,47756600
2019-02-15,24.27027389210476,24.734412696613635,24.194323671789892,24.565635681152344,65867000
2019-02-19,24.413732994572246,24.69221657357682,24.26183256791664,24.582509994506836,40841300
2019-02-20,24.55718891206927,24.85255060878325,24.48123871549734,24.81879425048828,42806300
2019-02-21,24.75128786671682,24.8525553513346,24.565632689441625,24.717533111572266,42754100
2019-02-22,24.514994543518622,24.700651303131337,24.439044343602845,24.540311813354492,47887800
2019-02-25,24.574073732238038,24.970701391840077,24.574073732238038,24.70065689086914,61227400
2019-02-26,24.489682478376306,25.00445416387318,24.439047931271382,24.717533111572266,53153200
2019-02-27,24.725970952622976,25.038210892607662,24.650020740453513,24.920066833496094,48128600
2019-02-28,25.021848881974275,25.064258148209632,24.606231925190524,24.665605545043945,62358100
2019-03-01,24.877657333037995,25.149080543921787,24.7758728200516,24.860692977905273,45771500
2019-03-04,24.87765447470826,25.055776947516502,24.402663910235887,24.62319564819336,56893200
2019-03-05,24.614714101999557,24.758907872133495,24.343290915349744,24.665605545043945,39932500
2019-03-06,24.606229891026132,24.73345929702412,24.42810742838121,24.4620361328125,41672000
2019-03-07,24.317843230144256,24.360252494365728,23.970082086537047,24.2160587310791,53908600
2019-03-08,23.800448921019978,24.317850512067224,23.75803964409915,24.300886154174805,40860700
2019-03-11,24.34328099013005,24.64863114170911,24.34328099013005,24.54684829711914,40709300
2019-03-12,24.597739719414125,24.699524181813242,24.504437430365698,24.54684829711914,34450000
2019-03-13,24.64015811148066,25.030330141346138,24.58078449380346,24.843727111816406,54683300
2019-03-14,24.860685648695622,25.140590954626543,24.801312041045044,24.9879150390625,45219100
2019-03-15,24.970952201751984,25.115145941644055,24.818276286829857,24.852203369140625,82346200
2019-03-18,24.920062449419518,25.41201734160054,24.87765318646637,25.293270111083984,58568600
2019-03-19,25.454428333377344,25.56469338822223,25.055775759326224,25.149076461791992,55455100
2019-03-20,25.12362808676497,25.15755516903535,24.25846564844251,24.29239273071289,81689900
2019-03-21,24.131239396271383,24.258468802494058,23.78347826428489,23.902225494384766,77444400
2019-03-22,23.673208033773104,23.808919595717455,22.655369701381062,22.90983009338379,118851600
2019-03-25,22.825013875090608,23.223666454407923,22.57055505728121,22.765640258789062,65568000
2019-03-26,23.02857824742806,23.198218515700958,22.7995643706025,23.079469680786133,59878500
2019-03-27,22.977689305697865,23.215185383471344,22.858942075715962,22.92679786682129,57621700
2019-03-28,23.07099029307512,23.249111127763644,22.918314367450908,23.181255340576172,45872300
2019-03-29,23.36786000664527,23.47812667976897,23.155810454433208,23.40178871154785,83446300
2019-04-01,23.664728818238146,24.377215416448294,23.622319556505726,24.207576751708984,91751100
2019-04-02,24.148201506026215,24.48748207092285,24.04641863080493,24.48748207092285,66694000
2019-04-03,24.657121329863394,24.801315088077025,24.343288902922335,24.4620361328125,63110600
2019-04-04,24.47052056517691,24.8606909952536,24.462038388287002,24.724979400634766,53712100
2019-04-05,24.869172935031305,25.021848881974275,24.580785394763428,24.665605545043945,46383400
2019-04-08,24.50444348559882,24.767386071017828,24.48748075251497,24.741939544677734,35272800
2019-04-09,24.597746436842925,24.657120048703014,24.377214722927185,24.504444122314453,40535300
2019-04-10,24.512927898190732,24.72497745028202,24.3856984904979,24.657121658325195,42669700
2019-04-11,24.80979759468047,25.013364970550946,24.589265866368372,24.657121658325195,50440100
2019-04-12,25.072743583166464,25.63255438283033,25.072743583166464,25.590145111083984,100192000
2019-04-15,25.530767716900325,25.564694805730056,25.15756003291462,25.31023597717285,57438800
2019-04-16,24.85220147566343,25.48834999416481,24.597742715386616,25.34415626525879,105168400
2019-04-17,25.30174950175167,25.547727729667127,24.987915489895652,25.471389770507812,94831600
2019-04-18,25.403533986567258,25.581654812732655,25.293267326532913,25.471389770507812,61796600
2019-04-22,25.38656895761372,25.53076269685967,25.259339568351866,25.488351821899414,34763400
2019-04-23,25.437463804102013,25.62406682554557,25.378090188997685,25.505319595336914,41889700
2019-04-24,25.403537987761496,25.590141018536638,25.318717840023794,25.46291160583496,40078100
2019-04-25,25.36960781721867,25.717368946841834,25.361125641153514,25.51380157470703,43243800
2019-04-26,25.590135294786066,25.77673828382368,25.488350816705026,25.74281120300293,40627500
2019-04-29,25.81066875695104,26.43833516447657,25.793704406469658,26.099056243896484,68408600
2019-04-30,26.12450356229728,26.1923593526743,25.793706786435518,25.93790054321289,47764200
2019-05-01,25.920930232287958,26.200835505472856,25.598615706545367,25.666471481323242,56161000
2019-05-02,25.66647922981172,25.920938057595357,25.57317690464649,25.870046615600586,40634100
2019-05-03,26.005751298881922,26.124498504599856,25.87003974440161,26.048160552978516,35256100
2019-05-06,25.539246631092727,25.963345703052102,25.50531792878738,25.84459686279297,39882000
2019-05-07,25.581657276210077,25.59013945224566,25.13211165318234,25.378089904785156,58528400
2019-05-08,25.216930633292694,25.539246836548113,25.16603919723484,25.276304244995117,39903400
2019-05-09,24.95399169548974,25.259343572368994,24.835244462396574,25.199968338012695,44173500
2019-05-10,24.987918110710094,25.199967659990975,24.758905827022097,25.089702606201172,59649900
2019-05-13,24.563813434596444,24.59774213132605,23.791953379900267,23.961593627929688,72547000
2019-05-14,24.05490086606677,24.589265006821208,23.927669845011756,24.275432586669922,52216100
2019-05-15,23.83437294948946,24.165169774285374,23.758034971796572,23.99553108215332,51973200
2019-05-16,24.139718077996168,24.453552098904105,24.11427316941549,24.249984741210938,42791500
2019-05-17,23.961593939708575,24.292390648079902,23.93614741683027,24.088823318481445,43772500
2019-05-20,24.088823318481445,24.190607792185336,23.953111765415805,24.088823318481445,41717600
2019-05-21,24.233021947966744,24.385697880502917,24.131239071482398,24.334806442260742,39258700
2019-05-22,24.182129298677463,24.283912170064497,24.046417724955035,24.165164947509766,29177600
2019-05-23,23.85980899234967,23.919184211220355,23.325444964987856,23.545976638793945,59772900
2019-05-24,23.69017594474375,23.9700812855575,23.630802329693815,23.902225494384766,35524400
2019-05-28,23.79195756416596,23.96159784202983,23.647763813324545,23.66472816467285,44273400
2019-05-29,23.350899249480708,23.62232244044814,23.223668213131123,23.53750228881836,49818900
2019-05-30,23.5544630819815,23.690174656949715,22.88438576499254,23.03706169128418,58649300
2019-05-31,22.47725070899948,22.79108473262172,22.46028635792594,22.562070846557617,68304200
2019-06-03,22.553592521162738,22.89287151150431,22.3924343940718,22.62993049621582,50109900
2019-06-04,23.05402940780933,23.707142468809923,23.020100700209902,23.68169593811035,58426400
2019-06-05,23.613840337755644,23.75803411063672,23.29152408411095,23.673213958740234,44874400
2019-06-06,23.673210362230364,23.911989724689867,23.485599051652326,23.775543212890625,38633600
2019-06-07,23.664683078409347,23.698795114041808,23.383265290647074,23.47707176208496,51317200
2019-06-10,23.75849106773906,24.278686631957488,23.74143504883315,23.93757438659668,48305800
2019-06-11,24.201935108114025,24.474826518942052,23.997267769906564,24.08254623413086,38691800
2019-06-12,24.048430899326405,24.10812532409275,23.75848515627466,23.835235595703125,33528900
2019-06-13,23.852295963867633,24.0143248906782,23.715851065464463,23.82671356201172,33404200
2019-06-14,23.801126728554426,24.022850068966537,23.69026587162402,23.911989212036133,37322100
2019-06-17,23.886404430579056,24.065487723002345,23.698793129961622,23.81818199157715,33410100
2019-06-18,23.89493372614038,24.560102135607877,23.732904814824636,24.40660285949707,60170700
2019-06-19,24.474828046343458,24.70507779960142,24.13371416815837,24.15077018737793,61953500
2019-06-20,24.38101734807771,24.39807336434574,23.74995938512165,24.10812759399414,60887200
2019-06-21,24.039909513841145,24.346909729567816,23.946103033911356,23.980215072631836,69444000
2019-06-24,23.94610305528673,24.20193683971258,23.784074124322874,23.860824584960938,40046400
2019-06-25,23.89493348716511,23.89493348716511,23.349152324652415,23.67321014404297,46901300
2019-06-26,23.82671050522771,24.031377826575213,23.749960056403484,23.80112648010254,42312300
2019-06-27,23.946105895629103,24.150773272756496,23.929049874230554,24.05696678161621,35575600
2019-06-28,24.739187493664915,24.960910842853302,24.50040812687326,24.73065948486328,101856900
2019-07-01,25.13999929195226,25.45552917596812,24.943859929036517,25.08883285522461,48029900
2019-07-02,25.020602811731987,25.097353256830342,24.670962618084467,24.85857391357422,32263500
2019-07-03,24.892688761962198,24.93532718004073,24.67096540954077,24.773298263549805,26642300
2019-07-05,25.037659589688115,25.216742882667294,24.85857467015768,24.952381134033203,33092000
2019-07-08,24.739187592184443,24.98649334221122,24.679493156886647,24.901216506958008,30924400
2019-07-09,24.70508066846688,25.0888330127124,24.679498263218317,25.029138565063477,28750100
2019-07-10,24.875631872643574,25.07177119141571,24.696546944574553,24.74771499633789,40574800
2019-07-11,24.815939146194665,25.15705138199619,24.756244708248328,25.037662506103516,37376800
2019-07-12,25.105882392046656,25.182632840591108,25.037659951846173,25.114410400390625,29632900
2019-07-15,25.157049471285166,25.18263349698393,24.798881244259054,24.918270111083984,46462100
2019-07-16,24.87563647440685,24.901220505021328,24.611274664263764,24.722135543823242,54920400
2019-07-17,24.815944001874737,25.25939080846068,24.730665519600244,24.8926944732666,84958300
2019-07-18,24.96944216330082,25.225275955075087,24.884163690525536,25.139997482299805,49468800
2019-07-19,25.191164034414236,25.250858473819243,25.054717510208025,25.071773529052734,44863200
2019-07-22,24.97797140757555,25.25086123270065,24.969443397221433,25.21674919128418,31224300
2019-07-23,25.370245894124686,25.822220608217172,25.327607476015622,25.7966365814209,64030300
2019-07-24,25.64313322125758,26.223024760768297,25.61755082345938,26.154802322387695,53171900
2019-07-25,26.214506328964497,26.34242324433802,25.76253149298945,25.873394012451172,43251900
2019-07-26,26.069528661218953,26.42769693521187,25.941611769053956,26.24008560180664,46978800
2019-07-29,26.1974451121892,26.30830760966961,26.001305772402645,26.02688980102539,39176700
2019-07-30,25.762519558544966,26.35093904854099,25.71135314140868,26.342411041259766,37598300
2019-07-31,26.291246945535796,26.4873862506691,26.086579632368277,26.163330078125,60607600
2019-08-01,26.052471160687343,26.495917879762803,25.037662464195332,25.148523330688477,76913400
2019-08-02,25.037661718889208,25.15705059102815,24.653909449083475,25.054716110229492,57492300
2019-08-05,24.329850555063274,24.42365539000549,23.630568537691417,23.94609832763672,96207700
2019-08-06,24.227517828784677,24.295740271174672,23.61351584727472,24.236045837402344,65115800
2019-08-07,23.54529701165883,23.818186823021293,23.127434284691102,23.784074783325195,75388500
2019-08-08,23.971686967560874,24.295743201358263,23.937574928976137,24.201936721801758,53141900
2019-08-09,24.108127705927547,24.321323030614096,23.852292340372937,24.15929412841797,53499600
2019-08-12,23.73290791502533,23.749963934560537,23.417378059830167,23.570878982543945,55674700
2019-08-13,23.51118034317169,24.091071891425898,23.349151439618016,23.639097213745117,69919200
2019-08-14,22.973933826303522,23.093322714564305,22.411098172286092,22.530487060546875,106591700
2019-08-15,22.66692725950547,22.88012258799087,22.351397457664522,22.385509490966797,70192000
2019-08-16,22.624293235492367,23.127434438494777,22.547542772217312,23.050683975219727,70841700
2019-08-19,23.570876399634265,23.622044452632867,23.144485717287473,23.255348205566406,44964800
2019-08-20,23.042159000834655,23.076269418699756,22.769269151706634,22.78632354736328,47665000
2019-08-21,22.96540641784668,23.09332331955602,22.846017526458184,22.96540641784668,47785400
2019-08-22,23.1018514970912,23.280934835470177,22.990988988669454,23.187129974365234,49353700
2019-08-23,22.98246219758492,23.21271196762758,22.394042504027812,22.5731258392334,81880700
2019-08-26,22.76926762408225,22.854544476299555,22.59018265601219,22.83749008178711,41499100
2019-08-27,22.905711732053486,22.93982214642766,22.41109852449072,22.5731258392334,52517000
2019-08-28,22.359927372783577,23.093319885811464,22.351399363730764,22.897180557250977,45897900
2019-08-29,23.02509695339963,23.408849219910174,22.956874508970127,23.306514739990234,55432900
2019-08-30,23.451490148173463,23.613519080995278,23.323573254493734,23.460018157958984,41326200
2019-09-03,23.204182481265743,23.22123850064363,22.69251491234136,23.067737579345703,50743100
2019-09-04,23.297991625644958,23.51971502325914,23.16154670812111,23.442964553833008,40862500
2019-09-05,23.90650044863076,24.40437363521464,23.86357935832997,24.138269424438477,63413700
2019-09-06,24.05242900562396,24.112516895083946,23.666147377278058,23.803491592407227,56054100
2019-09-09,24.035255371871372,24.764897380257548,24.009502723126506,24.576047897338867,68629300
2019-09-10,24.799239281002123,25.19410514831543,24.730567169809234,25.19410514831543,71066200
2019-09-11,25.211269946357977,25.297108845004622,24.807819918721766,25.288524627685547,53982200
2019-09-12,25.082506580817952,25.580379689821832,24.816402411506896,25.468788146972656,72943900
2019-09-13,25.752062759293047,26.026751166761976,25.640471207735814,25.897991180419922,79657000
2019-09-16,25.477376998526037,25.897993870817373,25.443040125389327,25.863656997680664,43391300
2019-09-17,25.623299492024216,25.76922789446574,25.400114780215308,25.7005558013916,48284900
2019-09-18,25.55462786995534,25.88081990875168,25.365778382566834,25.752059936523438,66640400
2019-09-19,25.752063991739174,25.837904532499397,25.53746345847468,25.597551345825195,43035700
2019-09-20,25.72630994666241,25.863654149540267,25.382949439467765,25.400117874145508,167269000
2019-09-23,25.15976348197549,25.425869294776763,25.039587719595538,25.340028762817383,52048300
2019-09-24,25.408696769366053,25.443031994257623,24.670470605572756,24.842151641845703,64806900
2019-09-25,24.704810839202963,25.24560339390285,24.704810839202963,25.108259201049805,45807700
2019-09-26,25.073923029115882,25.17693199524649,24.936578832456387,25.005250930786133,33198100
2019-09-27,25.245608822392025,25.50312883004728,25.073927725773668,25.19410514831543,41336600
2019-09-30,25.314275405661377,25.34002805571216,24.96233070799359,25.039587020874023,39191000
2019-10-01,25.27136228856808,25.33145018312996,24.38720739598986,24.412960052490234,49434400
2019-10-02,24.20693823815832,24.29277713253667,23.872160328449297,23.897912979125977,52293100
2019-10-03,23.829240511362798,23.93224783792664,23.314198966727787,23.872159957885742,53015800
2019-10-04,23.906501407758668,24.37862195910353,23.89791718935411,24.35287094116211,42641800
2019-10-07,24.3185295175813,24.56746689292086,24.189769540148262,24.301361083984375,36742400
2019-10-08,23.923665482087724,23.966584929011898,23.571719140767314,23.717647552490234,58201100
2019-10-09,23.88933418433636,24.095350524692947,23.820662070884165,23.940837860107422,37511400
2019-10-10,24.069594592377744,24.679059270203513,24.069594592377744,24.421539306640625,48239300
2019-10-11,24.88508218238362,25.18552331123858,24.773490605120458,24.816410064697266,70008600
2019-10-14,24.67047728607844,25.031006250061722,24.661893068213107,25.013837814331055,36040100
2019-10-15,25.185514127764467,25.958075579352514,24.988082066065534,25.52029037475586,78656000
2019-10-16,26.069672253724033,26.37011167609814,25.8808227456351,25.897991180419922,87131700
2019-10-17,26.009581660326262,26.215599594711634,25.752061698252533,25.97524642944336,55575900
2019-10-18,25.863655972939,26.17268126983662,25.837904956378974,26.052505493164062,48872900
2019-10-21,26.32719109438555,26.739223687872272,26.29285422629233,26.62763214111328,61087400
2019-10-22,26.58471083118632,26.928072960126975,26.39586297008654,26.78214454650879,58662100
2019-10-23,26.722055656382164,26.988161476297435,26.687720425043686,26.970993041992188,47771200
2019-10-24,26.99674522261456,27.056833104362948,26.78214470935776,26.91948890686035,39491000
2019-10-25,26.919488192755487,27.3401049911083,26.902319759205103,27.228511810302734,43702000
2019-10-28,27.443113536403587,27.666298270652693,27.245681453623536,27.33152198791504,58790300
2019-10-29,27.417362005859136,27.589041433936917,27.305768822200193,27.528953552246094,48266600
2019-10-30,27.477448130128668,27.477448130128668,27.065417177089262,27.14267349243164,45262400
2019-10-31,26.96240559433346,27.142670858395995,26.455948303914088,26.84222984313965,49430900
2019-11-01,27.211350801061005,27.331526586927605,26.928078136323816,27.297189712524414,41985300
2019-11-04,27.67487925864168,27.898062316373554,27.554700239585422,27.812223434448242,54228600
2019-11-05,27.90665225895709,28.40452707422833,27.898069678317107,28.172758102416992,68785600
2019-11-06,28.121250792002535,28.378774036480305,28.04399447356802,28.147005081176758,47524500
2019-11-07,28.42168903317012,28.842304154107968,28.33584687361087,28.524696350097656,68310700
2019-11-08,28.387352272051952,28.55903331724803,28.26717652277777,28.550447463989258,38724000
2019-11-11,28.353017486538842,28.541866977552612,28.301515461385137,28.481779098510742,27784000
2019-11-12,28.438864536546305,28.60195976844797,28.318688757824617,28.40452766418457,37282200
2019-11-13,28.086917197343702,28.232843979639963,27.8808992566703,28.147005081176758,48887800
2019-11-14,28.061165884018667,28.207095956334697,27.889488068886052,28.069751739501953,35554600
2019-11-15,28.258591728206675,28.29292859344101,28.069745518505222,28.26717758178711,36398300
2019-11-18,28.20709551151197,28.35302230698233,28.112670749951448,28.29293441772461,31133700
2019-11-19,28.43027710786479,28.456031397983047,28.17275712849159,28.27576446533203,33183700
2019-11-20,28.14700320855597,28.18134007547445,27.829392101375813,28.061161041259766,43612200
2019-11-21,28.13841512911083,28.361601471885475,28.009656800165704,28.18992042541504,42787600
2019-11-22,28.292929607496973,28.601954856594478,28.275761174264467,28.481779098510742,38783900
2019-11-25,28.610550443100788,28.76505984566609,28.550459269073535,28.73072624206543,50238800
2019-11-26,28.653466542616684,28.670634979675718,28.4302801353938,28.62771224975586,50626600
2019-11-27,28.747888707928283,28.842310191392457,28.593376062922548,28.68779754638672,32097700
2019-11-29,28.64487677067463,28.77363839374166,28.533286856863583,28.601957321166992,19503400
2019-12-02,28.71354904907302,28.971069007564807,28.619124300232446,28.696380615234375,47158800
2019-12-03,28.215671436295345,28.24142572171925,27.94098307176009,28.18992042541504,58745100
2019-12-04,28.395942009112275,28.584788237567828,28.19850665167961,28.456029891967773,46637900
2019-12-05,28.620016766408988,28.67180326573041,28.481922727306788,28.559600830078125,38304500
2019-12-06,29.06881911432116,29.172388805926357,28.97387885850759,29.0601863861084,50908500
2019-12-09,28.913466815490334,29.086085186305937,28.86168031651918,28.922096252441406,32974500
2019-12-10,28.82716051761381,29.025670500252193,28.740849682278604,28.939359664916992,41960100
2019-12-11,28.89619821365627,29.137861903523927,28.89619821365627,29.034292221069336,43107800
2019-12-12,29.155128591132538,30.04411198847665,29.068821057761507,29.931909561157227,64942500
2019-12-13,29.940541737882985,30.17357605021924,29.64709148817307,29.724769592285156,48539600
2019-12-16,30.164945108468178,30.285776977188544,29.949172973632816,29.949172973632812,50777100
2019-12-17,30.078631553375583,30.441130419108767,29.9836945882852,30.24262046813965,50840500
2019-12-18,30.30303955078125,30.441133587237022,30.25125305245226,30.30303955078125,48757900
2019-12-19,30.337567808123,30.40661318907332,30.11316291208505,30.164949417114258,45409500
2019-12-20,30.41523955408762,30.41523955408762,30.130418774667824,30.173572540283203,109395500
2019-12-23,30.242624920241454,30.372086233016446,30.164946815607788,30.35482406616211,33995400
2019-12-24,30.37207912385108,30.449757210302707,30.31166320021325,30.397974014282227,13805400
2019-12-26,30.484287756985694,30.691430460602803,30.458396153691645,30.656906127929688,26992100
2019-12-27,30.812252862321685,30.82951502335268,30.43249190448097,30.510169982910156,28111300
2019-12-30,30.70006008641671,30.7691087521877,30.28577796905554,30.33756446838379,30705100
2019-12-31,30.233985113761623,30.43249504748891,30.182201917741146,30.397974014282227,29630100
2020-01-02,30.510180582763432,30.777739233068257,30.458397374100485,30.76047706604004,37614200
2020-01-03,30.19083721183297,30.337563978013872,30.000956676453526,30.12179183959961,50357900
2020-01-06,29.698882140063255,30.121797053220774,29.66435780176017,30.07863998413086,42185000
2020-01-07,29.949173710985985,30.139050955469298,29.80244694362633,29.880125045776367,34149000
2020-01-08,29.836966605683557,30.37208050760745,29.819704442083292,30.18220329284668,45311600
2020-01-09,30.467016322200863,30.492911210038937,30.156304007508567,30.23398208618164,39861600
2020-01-10,30.208099467183228,30.268515402723867,29.914649226376586,29.98369789123535,39730400
2020-01-13,30.070003357759873,30.268513316917147,29.91464716495482,30.259883880615234,37956100
2020-01-14,30.467021283369508,30.786363084394882,30.303035664988073,30.484283447265625,66719300
2020-01-15,30.009589640086368,30.026851806384894,29.63846129572203,29.92327880859375,74745500
2020-01-16,30.121788758572414,30.199466852153055,29.862859585022807,29.966432571411133,50368500
2020-01-17,30.139051537237776,30.164946433402015,29.86286345591123,29.95780372619629,54156100
2020-01-21,29.707506267548155,29.79381709787588,29.53489119173575,29.569412231445312,50811000
2020-01-22,29.664353008747756,29.733401674197406,29.543521136632457,29.655723571777344,38879700
2020-01-23,29.422686280152753,29.569409740718612,29.11197390198829,29.448577880859375,45717100
2020-01-24,29.448578118215032,29.465840282965665,28.71495422463023,28.947988510131836,47797200
2020-01-27,28.110793310379744,28.59412407505931,28.02448577388265,28.35245704650879,57096200
2020-01-28,28.49917970731349,28.90483231378781,28.438763781977443,28.68906021118164,38834600
2020-01-29,28.766740428323565,28.86167739486121,28.464657486870625,28.490549087524414,37414700
2020-01-30,28.223001574216877,28.930734055498963,28.19710667397923,28.896209716796875,50542800
2020-01-31,28.5423406905803,28.628648236490232,28.179845046852392,28.335201263427734,54845300
2020-02-03,28.481923403380904,28.82716015554207,28.41287473598,28.456031799316406,48485500
2020-02-04,28.9652570394765,29.258707319875096,28.939362140449976,29.017040252685547,45061600
2020-02-05,29.4313191672858,30.044114559374357,29.405427563543196,29.95780372619629,54604800
2020-02-06,30.156313114991466,30.216729050825514,29.8628628727597,29.92327880859375,39511500
2020-02-07,29.62119783148412,29.914648060857505,29.55215246173702,29.87149429321289,31263000
2020-02-10,29.724768178386366,29.940540313720703,29.672984973055886,29.940540313720703,24373800
2020-02-11,30.078635522869032,30.242624459274804,30.000957419419358,30.00959014892578,32476300
2020-02-12,30.27714877000528,30.596490620651963,30.018219563750623,30.13905143737793,36656700
2020-02-13,30.00095038988014,30.233984645626776,29.81970262177304,30.130414962768555,31775100
2020-02-14,30.10453488406923,30.17358026825329,29.949178654127458,30.07863998413086,26447700
2020-02-18,30.00958335918927,30.06136984724612,29.353634346819398,29.578039169311523,40318000
2020-02-19,29.73339829066921,30.078631701366675,29.6988739618731,29.966432571411133,29632100
2020-02-20,29.742035916731055,30.277153283162548,29.742035916731055,30.07863998413086,42604100
2020-02-21,29.80244704722547,29.897387316007944,29.465843034212398,29.655723571777344,46675500
2020-02-24,28.637278524059578,28.663170127139896,28.06764020934175,28.24888801574707,79159600
2020-02-25,28.214362342982064,28.27477827558033,26.61764990873406,26.824790954589844,91586800
2020-02-26,27.092348857894898,27.273598308087703,26.375985432526814,26.4364013671875,80012800
2020-02-27,25.504264740868248,26.151581121562476,24.951888622796595,25.141767501831055,121148300
2020-02-28,24.166476333350467,24.813792663708067,23.90755045969165,24.598020553588867,171198800
2020-03-02,24.468556892388296,25.357536906187136,23.683146566502668,25.348907470703125,147776300
2020-03-03,25.348910611698106,25.676883525676555,23.838505698423017,23.950706481933594,138698500
2020-03-04,24.38225041076188,24.528975523329937,23.6486248479216,24.503082275390625,111239800
2020-03-05,23.66054719314431,23.756093252408867,22.93092665645007,23.26099395751953,110878700
2020-03-06,22.123126031060927,22.76588648024632,21.801746634825424,22.331588745117188,119121200
2020-03-09,19.30887971304776,20.403310363469828,18.683491479969987,19.048301696777344,145196000
2020-03-10,20.194848603701274,20.56834499348924,18.752979975716123,20.507543563842773,134863600
2020-03-11,19.838728093384642,20.811554456173678,19.334942598475855,19.69106674194336,127347000
2020-03-12,17.884381295558548,19.864779611824638,17.50219881556732,17.81489372253418,139552600
2020-03-13,19.274136812308484,21.063443282982803,18.65743307531511,20.98526954650879,128357400
2020-03-16,17.24162537740535,18.874584602435558,17.007104135338526,17.75409698486328,121688800
2020-03-17,18.292622131867002,19.70843383033313,17.397969760368525,19.09173011779785,120065700
2020-03-18,17.60643344573248,18.21444937985784,17.111334212167016,18.058103561401367,148272500
2020-03-19,17.597751710154622,18.891959297721456,16.503320765825638,18.41423225402832,122461300
2020-03-20,18.900644820582063,18.97013241836411,16.989733396503237,17.08527946472168,150910400
2020-03-23,16.729153478427413,17.085277584968363,15.591293568667673,15.70421028137207,181898500
2020-03-24,16.86812945615196,18.370799699348733,16.512005332775033,18.266569137573242,147882400
2020-03-25,18.857213905426573,19.195967391884686,17.728040035139532,18.32737159729004,146991300
2020-03-26,18.509769901243743,19.934267667828493,18.38816705968344,19.73448944091797,116111400
2020-03-27,18.831152926165604,19.282823037050523,18.327367543013853,18.76166534423828,91522800
2020-03-30,18.805094998007004,19.41311259974807,18.475029388617216,19.143848419189453,80449100
2020-03-31,18.952750399443136,19.534709354127223,18.205757863268712,18.440279006958008,95213700
2020-04-01,17.31111340027115,17.675923678119407,16.946303122422893,17.172138214111328,83961300
2020-04-02,17.067905792052933,18.058106052495454,17.015790512044866,17.867013931274414,70007400
2020-04-03,17.719351581514353,18.01467424593249,17.093963286889654,17.397972106933594,68293500
2020-04-06,18.266564699027054,18.761663888945012,18.075472621013454,18.57925796508789,97766200
2020-04-07,19.803984093686797,19.87347169323003,18.978819056200297,19.230710983276367,94560300
2020-04-08,19.465228159599327,20.498857435065453,19.465228159599327,20.368568420410156,81212300
2020-04-09,20.907097061875575,21.99284162600883,20.889724751237907,21.59328842163086,125275700
2020-04-13,21.523798590017254,21.584600014190386,20.65520302933929,20.776805877685547,83164700
2020-04-14,21.280595464127135,21.41088449276861,20.06456176894856,20.61177635192871,88991100
2020-04-15,19.248080936396313,19.673692638483015,19.030932007369536,19.274139404296875,99082200
2020-04-16,19.239396413110306,19.291511696619146,18.31868533978416,18.605321884155273,89213300
2020-04-17,19.404423180485093,20.325133926579312,19.378364719634675,20.220903396606445,92800300
2020-04-20,19.60420314729951,20.090616237293094,19.265451381000457,19.54340171813965,74446300
2020-04-21,19.0222466082614,19.430487671372376,18.674808639337638,18.796411514282227,78871300
2020-04-22,19.248079718528633,19.308881149734717,18.89195562999465,18.93538475036621,49669500
2020-04-23,19.074361208021365,19.447857632539968,18.97881680542732,18.99618911743164,50614800
2020-04-24,19.20465000195589,19.36968197961626,18.822467459034836,19.265451431274414,47633500
2020-04-27,19.560771967697526,20.542284199409092,19.499970544942986,20.385936737060547,66916700
2020-04-28,21.237166297835458,21.549859634608964,20.716008527593107,20.750751495361328,65504900
2020-04-29,21.636714679671748,21.810434449641445,21.289276796446863,21.5237979888916,73493900
2020-04-30,21.028701823023358,21.176363163356466,20.71600848686462,20.889726638793945,55244100
2020-05-01,20.307767773132987,20.377255366409603,19.812668463947755,20.047189712524414,51772600
2020-05-04,19.7171202352268,19.969012090741245,19.482599032126927,19.91689682006836,45886100
2020-05-05,20.39462896650058,20.429373593689903,19.647637705795216,19.68238067626953,45691900
2020-05-06,19.977697505094156,20.047185082321555,19.308878538833866,19.413110733032227,53874600
2020-05-07,19.68238044397312,20.299084315585052,19.638951317214033,19.838727951049805,51884300
2020-05-08,20.385943202911058,20.516233900669082,20.194852719829015,20.472803115844727,45181000
2020-05-11,20.07324264271716,20.081928796569443,19.595514121128446,19.612886428833008,68951800
2020-05-12,19.725807997749662,19.821354057058567,18.97881680542732,18.99618911743164,69588700
2020-05-13,18.813779814640156,18.89195354806587,17.99729951925746,18.12759017944336,112113400
2020-05-14,17.62380418385506,18.926697485133925,17.458770568479675,18.857208251953125,88359100
2020-05-15,18.587945581446583,18.84852525649578,18.440284262599764,18.622690200805664,64484000
2020-05-18,19.47391287756235,20.029813515978713,19.16990409466043,19.91689682006836,86589400
2020-05-19,19.682374462505486,19.97769707352078,19.274135162202928,19.291505813598633,62179000
2020-05-20,19.699749990294606,19.977700338627233,19.66500536839565,19.899526596069336,59789500
2020-05-21,19.81267058718966,20.212225533885018,19.786613772365346,19.890844345092773,57726000
2020-05-22,19.91690193965244,19.934274253247104,19.50866085375293,19.68238067626953,48107000
2020-05-26,20.629147923444936,21.367454601521718,20.585718801028875,21.08950424194336,119485500
2020-05-27,22.64428433821699,22.731144219246456,21.68882896032173,22.566110610961914,117672700
2020-05-28,22.652974519807614,22.705089795005886,21.532486991113753,21.59328842163086,84340800
2020-05-29,21.211107146888946,21.636718842821246,20.89841216346324,20.950529098510742,113811100
2020-06-01,21.089502199489125,21.601973746598475,20.889723948264624,21.37613868713379,58375500
2020-06-02,21.680150674671467,22.053647138946783,21.332712681176417,21.57592010498047,71118100
2020-06-03,22.149190697804126,22.705091424384577,22.053644639155042,22.57480239868164,86744600
2020-06-04,22.487335438077757,23.466947863578806,22.364884510490914,23.423215866088867,94545300
2020-06-05,25.321214828017162,25.373693561234962,24.38533435406479,24.586505889892578,118767900
2020-06-08,25.006338428529798,25.277480489272918,24.612743769169786,24.96260643005371,79598500
2020-06-09,24.24538970467133,24.962606836547575,24.096698571855,24.682716369628906,77773400
2020-06-10,24.464049641997175,24.577755493336443,23.187056758312835,23.265775680541992,90415300
2020-06-11,21.848835592503292,22.469840205197087,20.7117871488918,20.930450439453125,149875500
2020-06-12,21.89256769394903,21.91005948806535,21.026661325126508,21.673904418945312,73729700
2020-06-15,20.781767845992423,22.015029176359935,20.720542366484267,21.997535705566406,76538900
2020-06-16,22.89842643367706,22.950905170916418,21.743884204797375,22.566057205200195,96796500
2020-06-17,22.653524614466296,22.653524614466296,21.7963646114085,21.866336822509766,58349500
2020-06-18,21.603935365908296,22.294910547473165,21.498976244670416,21.901317596435547,53419000
2020-06-19,22.251181781413706,22.29491378178363,21.420260428234165,22.084997177124023,127563600
2020-06-22,21.770121199461236,21.892573802050517,21.525219330820402,21.533966064453125,55484300
2020-06-23,21.875080377308695,22.224941381953467,21.656417040872107,21.68265724182129,46108300
2020-06-24,21.463996879689663,21.463996879689663,20.711794364267693,20.825498580932617,75437100
2020-06-25,20.729284325935627,21.665163110267134,20.59808499348116,21.621429443359375,65031900
2020-06-26,21.07039687104665,21.08789033638554,20.13451816290878,20.24822235107422,118139200
2020-06-29,20.4756309763333,20.8517321137053,20.204488955450362,20.45813751220703,66269200
2020-06-30,20.29195918910034,20.912962291368874,20.20449351699055,20.77301788330078,61716200
2020-07-01,21.017914198176403,21.052899454018675,20.318190730378937,20.344430923461914,57379900
2020-07-02,20.851738590358398,20.98293627551895,20.309452711887282,20.37067985534668,56000200
2020-07-06,20.83424219078681,21.06165225827565,20.51936645606859,20.694297790527344,59589000
2020-07-07,20.449395198459936,20.4581419324129,20.029561978331255,20.125774383544922,60645800
2020-07-08,20.14326520027752,20.283209588568177,19.85462969089445,20.204490661621094,52922600
2020-07-09,20.064548452303473,20.25697159003275,19.58348810557695,19.915857315063477,79385900
2020-07-10,19.863377231117155,21.035412880330654,19.837138697710333,21.009174346923828,81142900
2020-07-13,21.315301476548008,21.43775240367662,20.86922809709109,21.15786361694336,73598100
2020-07-14,20.895461033473275,21.122871028872797,20.51061488889099,21.114124298095703,67423100
2020-07-15,21.656416259602288,21.752628658009495,21.236583069174326,21.51647186279297,57384400
2020-07-16,20.77301260332601,21.18409898900464,20.589336240023382,20.930450439453125,78067100
2020-07-17,20.886719264463487,20.974184924744122,20.291956444746344,20.3094482421875,66659100
2020-07-20,20.283210544581276,20.72928392888339,20.21323834713793,20.624324798583984,61114000
2020-07-21,20.738027024182696,21.41151040327711,20.720535227684774,21.359031677246094,75499300
2020-07-22,21.20159383174436,21.28031275492839,20.965437062192283,21.262819290161133,52193700
2020-07-23,21.446505323271463,21.551462814438175,21.087897503291583,21.463998794555664,61047600
2020-07-24,21.481484081441973,21.717640867335852,21.227835497839045,21.297807693481445,50217600
2020-07-27,21.184096476044147,21.22783012992962,20.88671430269618,21.114124298095703,54721300
2020-07-28,21.105381379291515,21.481482529294965,21.06164938577565,21.30655288696289,48406500
2020-07-29,21.306558772739137,22.119986755679044,21.157867618134325,22.102493286132812,71393500
2020-07-30,21.62142979724669,21.822601331777424,21.297808998176485,21.726388931274414,61755900
2020-07-31,21.80510718616005,21.822600652665088,21.39401906463564,21.76137351989746,61955800
2020-08-03,21.892569019172445,22.137470834309486,21.59518681370447,21.857582092285156,58284000
2020-08-04,21.83134644093107,21.91881210808524,21.743882442045745,21.875080108642578,37985300
2020-08-05,22.146225391281263,22.382382226409728,22.08499991586331,22.20745086669922,51322600
2020-08-06,22.25992062156689,22.45234369053597,22.111229537459966,22.27741241455078,51999700
2020-08-07,22.163711112075216,22.90716662851588,22.093738926308358,22.837194442749023,63354500
2020-08-10,23.012129657151775,23.44945634138338,22.924663986651673,23.230792999267578,64051100
2020-08-11,23.86054144727656,24.271627877416435,23.423214818854643,23.545665740966797,81441000
2020-08-12,24.03547028231791,24.114189206224932,23.099591596166235,23.379480361938477,61971300
2020-08-13,23.16956817441881,23.32700605204135,22.86343915329375,23.047117233276367,55955500
2020-08-14,22.793463298988335,23.318255584279147,22.67101237745233,23.152070999145508,50931900
2020-08-17,23.01213024827521,23.099595921022082,22.601043755114535,22.653522491455078,57518700
2020-08-18,22.627283015576854,22.732240483889175,22.2686736054146,22.32990074157715,45850100
2020-08-19,22.44360191612299,22.810956342200015,22.20744514187305,22.30365753173828,59856000
2020-08-20,22.00627702526387,22.1549681538779,21.883826096382474,21.953798294067383,49403700
2020-08-21,21.84883689880371,22.242431512653777,21.778864708371323,21.84883689880371,55010700
2020-08-24,22.05876042468126,22.478595367907754,21.90132419777411,22.4698486328125,54579500
2020-08-25,22.775974713521673,22.907172386277754,22.504830965787665,22.74098777770996,57304700
2020-08-26,22.68850742278157,22.68850742278157,22.338646430981726,22.356138229370117,39478000
2020-08-27,22.294915916735732,22.933412525584487,22.25118391217805,22.78472137451172,52934800
2020-08-28,23.090845480484635,23.152070941099133,22.732237781226555,23.003379821777344,46466400
2020-08-31,22.819701640066846,22.863433631836863,22.46984070110108,22.513572692871094,49416200
2020-09-01,22.373631011821153,22.653519796701776,22.21619315325862,22.487335205078125,46109200
2020-09-02,22.329903882902446,22.880934839732234,22.29491694303053,22.75848388671875,57300900
2020-09-03,23.075548774530578,23.445462208255996,22.42379517424636,22.599945068359375,86192500
2020-09-04,23.128394285960308,23.568767364489887,22.723250180170307,23.375003814697266,99621400
2020-09-08,23.022704308912346,23.18123888803774,22.3621446824832,22.4414119720459,74978600
2020-09-09,22.582326898789038,22.652786511582075,22.22122117323852,22.467830657958984,53822700
2020-09-10,22.635177302761882,22.80251786599801,22.089113936719244,22.141958236694336,56609600
2020-09-11,22.212416815271606,22.52948595994231,22.0979205574127,22.459026336669922,47708300
2020-09-14,22.608751046424675,22.89058951209316,22.494254799705516,22.679210662841797,47802400
2020-09-15,22.696828002628266,22.74967229966178,22.185995318264542,22.265262603759766,63820200
2020-09-16,22.265263472788337,22.820132813021935,22.06269057978847,22.547101974487305,64598600
2020-09-17,22.133150508476344,22.44141200389206,22.106729198511285,22.326915740966797,48862000
2020-09-18,22.15076707113236,22.529488214072128,22.10673043213987,22.203611373901367,94055800
2020-09-21,21.639928112495962,21.82488563887,21.164326164472005,21.55185317993164,75218600
2020-09-22,21.375702370793945,21.666348436656246,20.97055840268592,21.08505630493164,68665300
2020-09-23,21.225979440916475,21.36689866987759,20.48615264892578,20.48615264892578,59950300
2020-09-24,20.591842892257183,20.97937164311479,20.21312348379641,20.55661392211914,53570700
2020-09-25,20.50377054392253,20.741570722686156,20.37165728029949,20.6887264251709,42111300
2020-09-28,21.032216968106123,21.410938075000775,20.952951361441833,21.217174530029297,47996900
2020-09-29,21.12029295779288,21.129100621164906,20.723958185391822,20.93533706665039,45695200
2020-09-30,20.94414369850359,21.419745737939014,20.935336035565353,21.217174530029297,56226100
2020-10-01,21.37571150032566,21.499015435509122,21.01460567881113,21.225984573364258,44782200
2020-10-02,20.82083947109507,21.516629770117476,20.759187506349296,21.322864532470703,51682100
2020-10-05,21.59589075340747,21.76323127172322,21.472585180045346,21.6839656829834,44396800
2020-10-06,21.948192948739074,22.185994799666126,21.384515980517808,21.463783264160156,67541100
2020-10-07,21.692773549358787,22.115532912087343,21.666352244112424,21.912960052490234,47648000
2020-10-08,21.974616464757446,22.282876264231508,21.851310865077906,22.230031967163086,52080600
2020-10-09,22.318104738321523,22.45021630804955,22.05388159886546,22.33572006225586,44511500
2020-10-12,22.282878742612716,22.7496748449906,22.230034439666763,22.617563247680664,48362900
2020-10-13,22.582330635329978,22.617561287500706,21.877734390814986,21.97461700439453,61186900
2020-10-14,21.446164909958057,21.65754374318671,20.77679776478917,20.803220748901367,127409500
2020-10-15,20.776802149625507,21.314057847397716,20.679919533990518,21.27001953125,66832400
2020-10-16,21.31405044289688,21.446161985664503,21.08505631815128,21.349279403686523,58357700
2020-10-19,21.40212904528445,21.419744370035982,20.864875079481276,20.89129638671875,51377900
2020-10-20,21.041022971495405,21.560663284636924,21.032215309251843,21.26120948791504,62476400
2020-10-21,21.331668882879026,21.437359148806614,21.14671301736798,21.181941986083984,41564900
2020-10-22,21.181944379532833,21.939386611246498,21.13790774368947,21.904157638549805,55402000
2020-10-23,22.230033982850436,22.24764931010047,21.763237890064982,21.930580139160156,51007400
2020-10-26,21.551856493638624,21.64873910234453,21.27001801001039,21.613510131835938,59450200
2020-10-27,21.393323274057952,21.481396538905692,20.97056387529551,21.005794525146484,55009300
2020-10-28,20.61826776057443,20.838454303664623,20.36285224413261,20.671112060546875,81942500
2020-10-29,20.57423062181547,20.917721083088768,20.36285174719421,20.732765197753906,57490400
2020-10-30,20.688726368808936,20.99698784993969,20.46853983655696,20.87368392944336,66453400
2020-11-02,21.041022269429895,21.366899042009095,20.67110886699204,21.208364486694336,59756400
2020-11-03,21.648738123214965,21.965807242901253,21.58708616769592,21.745620727539062,65106200
2020-11-04,21.041019681297158,21.261206163286083,20.49495814670276,20.856063842773438,88845500
2020-11-05,21.049828924934953,21.833694002080534,21.014599958710363,21.675159454345703,74722600
2020-11-06,21.956997698686887,21.983419003136216,21.340474836561224,21.410934448242188,55454500
2020-11-09,23.42784528969761,24.89869126188237,23.16362046649623,24.44951057434082,178378800
2020-11-10,24.211709940584477,24.449511789315928,23.9386791216094,24.36143684387207,77694600
2020-11-11,24.440703224228436,24.458318548644673,23.8858339442353,24.07959747314453,48360900
2020-11-12,23.63922791047491,23.692072211587256,23.172431824294065,23.507116317749023,67912600
2020-11-13,23.6744553697894,23.96510152714553,23.568766774327134,23.7801456451416,52421000
2020-11-16,24.537585065163633,24.66088897246122,23.93867749276436,24.29097557067871,57396700
2020-11-17,24.000329926321648,24.30859138061933,23.788951075346322,24.26455307006836,46402300
2020-11-18,24.33501595545134,24.599240814575385,23.744915953931308,23.762531280517578,54416700
2020-11-19,23.71849464394191,23.788954270396985,23.471885111404134,23.762531280517578,46423000
2020-11-20,23.551148644815886,23.736106184691554,23.45426604393388,23.61280059814453,40538000
2020-11-23,23.877028401568246,24.238134184707167,23.832990086618413,24.12363624572754,45421200
2020-11-24,24.599240269319456,25.53283071912818,24.590432606221547,25.524023056030273,80387800
2020-11-25,25.286219757787833,25.576867583862974,25.083648557695955,25.56805992126465,57249900
2020-11-27,25.515213959461796,25.629711893412033,25.374294717592182,25.53282928466797,25971600
2020-11-30,25.29503247784953,25.418338098989825,24.748970726693265,24.801815032958984,63567900
2020-12-01,25.312642819142816,25.57686765819083,25.250990860665244,25.268606185913086,50255100
2020-12-02,25.26860540693668,25.700170782865346,25.127686169077926,25.594480514526367,45257500
2020-12-03,25.64765853813964,25.789456097809722,25.37292428721364,25.621070861816406,54013700
2020-12-04,25.878074828438553,26.081908568472304,25.700827069059695,25.957836151123047,66188200
2020-12-07,25.612202949229278,25.83376180119555,25.426094324950355,25.780588150024414,42197800
2020-12-08,25.57676153464065,25.833768995507047,25.497000190491676,25.638797760009766,33869100
2020-12-09,25.92238330966587,25.92238330966587,25.47926564625278,25.523576736450195,54886300
2020-12-10,25.37292449014231,25.816042290245363,25.231126929338153,25.79831886291504,58859600
2020-12-11,25.41723437056691,25.47927058501194,25.08046393449381,25.319747924804688,40538400
2020-12-14,25.62992892864539,25.665377467170018,24.93866467863572,25.009563446044922,40267100
2020-12-15,25.124775132405997,25.541305181842443,25.03615125008591,25.38178253173828,43672700
2020-12-16,25.523583178893183,25.541308295590067,25.204539530150132,25.45268440246582,42463200
2020-12-17,25.443823787840714,25.629934146655124,25.284302796463024,25.550172805786133,43182700
2020-12-18,25.60334216639021,25.789452493924806,25.31974708668036,25.408370971679688,82817200
2020-12-21,25.78945349531444,26.578202552679137,25.461545615192442,26.356643676757812,93397400
2020-12-22,26.3920976381851,26.3920976381851,25.85149336362004,25.88694190979004,39054300
2020-12-23,26.046459102569926,26.89724600597853,25.993285449344373,26.63137435913086,52537200
2020-12-24,26.82634705625221,26.82634705625221,26.356641666592804,26.551612854003906,22632300
2020-12-28,26.790898208760556,27.074493292475065,26.578201895974676,26.702274322509766,32861200
2020-12-29,26.737723822773884,26.808622591765808,26.525027515798115,26.59592628479004,33291900
2020-12-30,26.58706105055339,26.78203222306125,26.533887401753034,26.5693359375,26370100
2020-12-31,26.59592358393616,26.932692279858458,26.498437152587154,26.861793518066406,28716000
2021-01-04,26.99473303537579,27.092219483157155,26.36550662970361,26.6136531829834,51483900
2021-01-05,26.737724480951847,27.065632352086293,26.50730305346603,26.817485809326172,48507000
2021-01-06,28.2709130297419,28.909002001927806,27.7923467231925,28.492473602294922,107002800
2021-01-07,29.520503087723494,29.795233904546315,29.103971358063298,29.12169647216797,74358500
2021-01-08,29.174872115812526,29.245772581179295,28.45702349793546,28.829240798950195,44641400
2021-01-11,28.439299382717195,29.360985180608875,28.27091415226387,29.307809829711914,51868200
2021-01-12,29.61798856330527,30.105420789195783,29.42301905366918,29.830686569213867,68166200
2021-01-13,29.626854490988173,29.848413376873086,29.32553427095588,29.653440475463867,43172800
2021-01-14,29.671162181326917,30.459911183495418,29.617986837767724,30.123144149780273,48483500
2021-01-15,29.502777346603573,29.804097518539436,28.9798983241478,29.254629135131836,57684300
2021-01-19,28.80265289084087,29.777510559473626,28.536782924915578,29.04193687438965,78130200
2021-01-20,29.0330716026251,29.059660964784005,28.501331689525852,28.66085433959961,53920000
2021-01-21,28.66085462019965,28.784927042422858,28.12025045418142,28.15570068359375,49626600
2021-01-22,27.792342277827267,28.137973537849476,27.694855844340037,27.960725784301758,45314500
2021-01-25,27.712587316451312,27.739173302331757,27.092221727050568,27.615100860595703,48078400
2021-01-26,27.827793466817823,27.85438113949223,27.393538288629305,27.42012596130371,36373000
2021-01-27,26.861793944696075,26.968142934253137,26.29460384135131,26.4364013671875,63809200
2021-01-28,26.959286585855132,27.251744261535247,26.51616879298464,26.870662689208984,51223300
2021-01-29,26.941558794979162,27.030182682830947,26.223708515063816,26.27688217163086,64019100
2021-02-01,26.471853219886594,26.622513311636975,26.205981574842422,26.551612854003906,40985300
2021-02-02,27.101078945853033,27.650545647372994,27.065630408210403,27.49988555908203,53527000
2021-02-03,27.39354016475884,28.120253030696876,27.366952490263497,27.98731803894043,49404900
2021-02-04,28.182288729091837,28.829240250003597,28.164565303447755,28.802654266357422,51751900
2021-02-05,29.14828177874611,29.166006892440787,28.643127870966932,28.68743896484375,42008800
2021-02-08,28.74061574747632,29.493914523324825,28.714029765960703,29.325531005859375,46014100
2021-02-09,29.219188817029224,29.26349992088997,28.88241834239061,29.20146369934082,35868600
2021-02-10,29.352113100125,29.617983022230437,29.12169340249215,29.22804069519043,45031900
2021-02-11,29.219188523494868,29.52050875972963,28.846967817218758,29.139427185058594,29479900
2021-02-12,29.245770881524326,29.644577524234577,29.166009552982274,29.57367706298828,37468300
2021-02-16,30.114275433544275,30.62829353618229,29.86613062852974,30.37128448486328,52802600
2021-02-17,30.167453275377827,30.628296080631838,29.945894429431846,30.495359420776367,45455300
2021-02-18,30.18517826353714,30.70805727302964,30.1497280369601,30.300386428833008,37541700
2021-02-19,30.309256408184893,30.77896016664625,30.291531291544043,30.610576629638672,54514100
2021-02-22,30.530812850117638,31.239800555372145,30.4953626196749,31.15117835998535,56783400
2021-02-23,31.39045844026349,31.80699018922021,31.14231359274204,31.479084014892578,67440700
2021-02-24,31.674058893990487,32.36532151605061,31.549983081692336,32.241249084472656,58139500
2021-02-25,32.75526107348473,32.81729728386967,31.69177786861161,31.842439651489258,74762000
2021-02-26,31.665190998484928,31.931060947061127,30.734644488108323,30.76123046875,70933300
2021-03-01,31.47909590357648,31.94879979398333,31.230950962338333,31.718379974365234,45901700
2021-03-02,31.594292420892717,31.851298109887868,31.461355762565844,31.48794174194336,41167400
2021-03-03,31.87788444635564,32.76411973588929,31.76267291211485,32.27668762207031,66047000
2021-03-04,32.187636428067705,32.83780134934573,31.991695104732997,32.50826644897461,96512800
2021-03-05,32.980305371502986,33.487968472142256,32.214356581763056,32.89124298095703,74292300
2021-03-08,33.29202579727968,33.60374751735708,32.7932676476439,33.069366455078125,65335500
2021-03-09,32.55279617526286,33.096085530941586,31.893726404202678,32.34794998168945,63946000
2021-03-10,32.543880725013594,33.42560955887476,32.39247065002564,33.28310775756836,53365600
2021-03-11,33.194049725056,33.65718148894261,32.819980324508144,33.16733169555664,45834000
2021-03-12,33.77296595944878,34.00453356810671,33.47015252853145,33.79077911376953,46069600
2021-03-15,33.87093650778472,33.90656281631927,33.14952244627481,33.621559143066406,50131600
2021-03-16,33.327641194340835,33.59483506273843,32.92685718676677,33.523582458496094,50300400
2021-03-17,33.84422525711511,34.16485530315293,33.247499758387754,33.7996940612793,63796000
2021-03-18,34.29844124353817,35.598774295606226,34.21828374990049,34.68141555786133,95439700
2021-03-19,34.10251398813826,34.66361322118797,33.42562752007594,34.31626510620117,106252700
2021-03-22,33.91546648853981,34.182656971257096,33.309832915707936,33.54139709472656,54701300
2021-03-23,33.27420954806516,33.683901884216255,32.757638291387295,32.86451721191406,49838000
2021-03-24,33.140612596162505,33.65718385284037,32.85560893644769,32.86451721191406,43896800
2021-03-25,32.83779288547904,33.62155457929288,32.624041858309745,33.54139709472656,47517900
2021-03-26,34.15594382395366,34.5211050315998,33.91547470947755,34.44985580444336,66846000
2021-03-29,33.88875174426415,34.405323057219306,33.71953186459539,34.12031936645508,45680000
2021-03-30,34.40531459640324,35.14454167581271,34.40531459640324,34.72594451904297,56705900
2021-03-31,34.39642257811283,34.72596093074056,34.253920700426946,34.45876693725586,49270000
2021-04-01,34.58344798118181,35.197986494924365,34.485477334604376,35.171268463134766,65587000
2021-04-05,35.62549678525487,35.874874175547774,35.26924045839747,35.44736862182617,50328500
2021-04-06,35.20689770894139,35.759095380387016,35.14455335853822,35.34939956665039,42590100
2021-04-07,35.420647503240396,35.75909064454383,35.26033250986045,35.67002487182617,43136400
2021-04-08,35.447361620738974,35.491892803422914,34.930793786084635,35.358299255371094,45285900
2021-04-09,35.54533597478164,35.78580846341225,35.189079681067,35.6165885925293,45872900
2021-04-12,35.616591657500365,35.96393970513154,35.49189956571165,35.67893600463867,45544600
2021-04-13,35.4562808221771,35.465185702453475,34.91299139248029,35.019866943359375,46770400
2021-04-14,34.71703335342079,35.919395463182184,34.66359390492777,35.51860809326172,52023800
2021-04-15,35.38502114868515,35.48299179979277,33.88875014406947,34.503292083740234,118128900
2021-04-16,35.01095965138295,35.10892691772476,34.654703309643075,34.86845779418945,60633400
2021-04-19,35.08220994939678,35.11783626415796,34.7615799115709,34.886268615722656,42321100
2021-04-20,34.73486262482414,34.73486262482414,33.74625445266946,33.91547775268555,50834100
2021-04-21,33.621561895825664,34.53891733187215,33.31874504351245,34.48548126220703,37851800
2021-04-22,34.51219248727407,34.530005639485,33.99562126569134,34.16484451293945,48093400
2021-04-23,34.12921598219758,35.037666300626434,34.040153624464054,34.895164489746094,48674100
2021-04-26,35.04658189281886,35.49190061266414,34.984237543841495,35.10002136230469,34699800
2021-04-27,35.33157172229159,35.55423099474619,35.18906992382107,35.51860809326172,34304800
2021-04-28,35.56315166925908,35.82143733077424,35.518620478742136,35.65221405029297,34084400
2021-04-29,36.11534327887466,36.63191456432543,36.03518578277064,36.61410140991211,44008700
2021-04-30,36.373625320093964,36.42706477804265,36.044090489855755,36.09752655029297,39203400
2021-05-03,36.40034003710033,36.56065499884281,35.99955263274413,36.124244689941406,41940500
2021-05-04,35.839245701031246,36.58738115336178,35.42954996944882,36.51612854003906,53880000
2021-05-05,36.694263536940234,37.01489356182077,36.30238088541413,36.86348342895508,37471100
2021-05-06,36.943624310339366,37.460195428523086,36.729873321616296,37.4156608581543,39044400
2021-05-07,36.63191296926364,37.62942579039206,36.614099815625956,37.567081451416016,39249200
2021-05-10,37.852089079759835,38.24396830830479,37.43348841920335,37.45130157470703,41271500
2021-05-11,37.00598673887888,37.70959116584674,36.818953682853206,37.023799896240234,42964700
2021-05-12,37.745218319569986,37.905533341873294,36.551763929930054,36.67645263671875,47533000
2021-05-13,36.3914427699482,37.48692630591799,36.32019015093624,37.26426696777344,42026100
2021-05-14,37.4602036109821,37.834269621710334,37.3355115432279,37.727394104003906,30932600
2021-05-17,37.620526771736436,38.163812753500125,37.5492741460881,38.06584548950195,32656400
2021-05-18,38.03021561543564,38.25287495346803,37.531457475138794,37.54927062988281,37880300
2021-05-19,37.095046979038,37.406768692470514,36.792230144198484,37.38005065917969,42672800
2021-05-20,37.3177027209527,37.52254888397323,36.92582015038166,37.29098129272461,36871100
2021-05-21,37.42458780772088,37.94115578618367,37.308803982500166,37.763031005859375,40243800
2021-05-24,37.92332999927548,38.101454704321995,37.629418120428994,37.96786117553711,31390800
2021-05-25,38.02129432205418,38.52895716715987,37.34441166108351,37.4156608581543,52657700
2021-05-26,37.42457728936609,37.629423447175974,37.103947338877084,37.44239044189453,41332800
2021-05-27,37.83427354781339,38.16380841015275,37.51364356391053,37.8966178894043,52981100
2021-05-28,37.99458470732349,38.03911589003782,37.45129544467884,37.754112243652344,38509700
2021-06-01,38.25287194146325,38.546780477817684,38.092556958902065,38.22615051269531,42890700
2021-06-02,38.38646315475967,38.448807488897586,37.94114454091089,38.243961334228516,34180500
2021-06-03,38.252903983220016,38.89686323663542,38.17240907654309,38.68220901489258,46981200
2021-06-04,38.67326944484333,38.80742535778184,38.30657115724337,38.70009994506836,37192600
2021-06-07,38.700107838443486,38.80743327304734,38.512287474933224,38.565948486328125,28401900
2021-06-08,38.3334035182047,38.6732713220771,37.94881707451544,38.35129165649414,41871400
2021-06-09,37.98459650671618,38.217135500170414,37.66261681438432,37.85043716430664,42366300
2021-06-10,38.243957505033784,38.422835451223484,37.22435764710947,37.286964416503906,40123600
2021-06-11,37.394299608291526,37.46584875188111,37.125980937343094,37.43901824951172,31203600
2021-06-14,37.43007256532392,37.483736982007,36.7235098439716,36.991825103759766,36050700
2021-06-15,36.92027462079103,37.17070516755699,36.58041019815994,37.01865768432617,39247900
2021-06-16,36.920269903880474,37.55528684780146,36.37469364802538,37.224361419677734,63859100
2021-06-17,37.58212357027589,37.65367272076064,35.52503516958362,35.59658432006836,80728200
2021-06-18,34.89001558231138,35.14938848405407,34.424937608459686,34.68430709838867,102774200
2021-06-21,34.988392645444094,35.578687493033335,34.907897738417695,35.551856994628906,48119400
2021-06-22,35.66813940600456,36.008003865528046,35.13150538623756,35.748634338378906,44113200
2021-06-23,35.918557983902794,36.151096948623675,35.838063070766076,35.9543342590332,32039900
2021-06-24,36.16898580570104,36.678785795103984,35.93644683635426,36.517799377441406,37161800
2021-06-25,36.91132754098058,37.41218515870942,36.52674111183071,37.224361419677734,53178800
2021-06-28,37.08127080256228,37.188599660288325,36.759291053012944,37.170711517333984,34416500
2021-06-29,37.23330430220313,37.51950765815567,36.446243367427094,36.57145690917969,38519600
2021-06-30,36.45519417667488,36.99182815228933,36.41942130775172,36.87555694580078,29159800
2021-07-01,37.17070491223662,37.29591847885261,36.85766758388284,37.15281677246094,28045100
2021-07-02,37.00076737289816,37.09020806714177,36.75928261616083,36.80400466918945,28980800
2021-07-06,36.49990971455006,36.5625164887513,35.65918432645341,35.83806228637695,47578700
2021-07-07,35.3908671805761,35.775453579500784,35.203046868118875,35.551856994628906,43499900
2021-07-08,34.541205396015755,35.0957274780478,34.41599183291617,34.68430709838867,52793100
2021-07-09,35.462427135805974,35.99011532284442,35.23883050421026,35.81123733520508,43887200
2021-07-12,35.58764708402349,36.49992191391098,35.45348771628745,36.338932037353516,42624500
2021-07-13,36.20476820326135,36.20476820326135,35.39982233158961,35.65024948120117,54338100
2021-07-14,34.97945215715305,35.37298093935681,33.79886239872846,34.755855560302734,105651700
2021-07-15,34.33549458076801,35.17622001046196,34.27288780346911,34.729026794433594,54697300
2021-07-16,35.0778356634819,35.14044243847204,33.61998487768273,33.915130615234375,60469700
2021-07-19,32.868703761128266,33.31589700957899,32.65404950067388,33.029693603515625,83251500
2021-07-20,32.96708410800581,34.0940095001412,32.7434875021857,33.70942306518555,59462900
2021-07-21,34.031411049249876,34.675370523336916,33.96880425724856,34.398109436035156,49907400
2021-07-22,34.30866845879856,34.3444447394826,33.70048533442545,33.95091247558594,52715600
2021-07-23,34.16556173780541,34.22816851391482,33.593154978054635,33.71836853027344,48659400
2021-07-26,33.68259592651587,34.20134174147096,33.68259592651587,34.10295867919922,32258000
2021-07-27,33.73626817442812,34.201349678304425,33.50372571658268,33.968807220458984,39121400
2021-07-28,34.15661968639196,34.43388073353835,33.763090849118775,34.10295867919922,43331100
2021-07-29,34.478600315888656,34.863186799709204,34.317610466298014,34.594871520996094,43039100
2021-07-30,34.442822155374216,34.72902897043349,34.031405189685394,34.30866622924805,46210100
2021-08-02,34.3444447394826,34.83635665753952,33.90619383063784,33.95091247558594,49894000
2021-08-03,34.040352065621086,34.5501521073712,33.5842130313307,34.478599548339844,39680600
2021-08-04,34.01351045612668,34.6753578301998,33.861466420298534,34.22816467285156,42289800
2021-08-05,34.496493065168124,34.934744028012155,34.47860492262201,34.89896774291992,34754500
2021-08-06,35.30143530103403,36.14215736025764,35.30143530103403,35.90961837768555,58022300
2021-08-09,35.82017994407677,36.634071552175,35.59658331095292,36.374698638916016,56340100
2021-08-10,36.410472561796745,37.22436411720273,36.29420477660563,37.0544319152832,44987300
2021-08-11,37.20648622123103,37.734174522985214,37.09916077004116,37.51952362060547,58458200
2021-08-12,37.7699401039329,37.823604520222766,37.358523147818104,37.69839096069336,37400100
2021-08-13,37.644723811007296,37.76993736144491,37.05442892193474,37.233306884765625,41344900
2021-08-16,36.812947095428335,36.93816065576911,36.32103521759802,36.92921829223633,38599100
2021-08-17,36.71455942010037,37.17964073702784,36.32997301209906,36.750335693359375,43526900
2021-08-18,36.46412938190703,37.14386145978935,36.365746344308015,36.482017517089844,50342500
2021-08-19,35.88278582588769,36.37469772402488,35.784402763897496,35.94539260864258,51883900
2021-08-20,35.85595713367357,36.1958249799502,35.69496728079589,36.10638427734375,40415000
2021-08-23,36.338924525316216,36.75928386115055,36.312090610227486,36.589351654052734,35364500
2021-08-24,36.75928378601345,37.27802959369447,36.70562277957316,37.099151611328125,35579300
2021-08-25,37.260140090526825,37.96670621851546,37.1528146697607,37.69839096069336,51219900
2021-08-26,38.01141918349873,38.31551067343925,37.5821141527262,37.60000228881836,41184500
2021-08-27,37.67156547388499,38.14559272761944,37.51057560081509,38.00249099731445,46468600
2021-08-30,38.127699319337516,38.127699319337516,37.233312775494454,37.2601432800293,44855600
2021-08-31,37.269084647766306,37.62684062046339,36.99182701014919,37.34063720703125,54654600
2021-09-01,37.3406365710288,37.36746707438926,36.696677195867785,36.839778900146484,52361900
2021-09-02,36.95664364396002,37.29825307840802,36.53412680212427,36.875736236572266,44538900
2021-09-03,36.875741964052004,37.028565185466725,36.5700920919249,36.9027099609375,41812400
2021-09-07,37.082496291010074,37.621876683524185,37.01956869285999,37.145423889160156,43748600
2021-09-08,36.92968209453213,37.29825958598419,36.5700927924482,36.65998840332031,36064400
2021-09-09,36.55210809025303,37.172395952531474,36.46221249141753,36.794830322265625,36266400
2021-09-10,37.05553721579439,37.17240082373531,36.17454720042873,36.201515197753906,40514700
2021-09-13,36.49817170130672,36.82180137083889,36.27342925627577,36.8038215637207,42036300
2021-09-14,36.9746245820074,37.13643940174201,35.65313803060719,35.8149528503418,53820400
2021-09-15,35.71606686647824,36.26443894900867,35.66212744827452,36.08464431762695,52358200
2021-09-16,36.39029502145715,36.68695668463655,36.13858458915762,36.36332702636719,42922000
2021-09-17,36.26444057853897,36.56109881874628,36.030709947748285,36.40827560424805,92746000
2021-09-20,35.40142890348942,35.4733446986058,34.48447936799832,35.15870666503906,67566200
2021-09-21,35.3025405426075,35.59919876047454,35.0058788954432,35.17668533325195,38271100
2021-09-22,35.73404667254615,36.426253774322475,35.73404667254615,36.08464431762695,46261400
2021-09-23,36.642000573134375,37.64884902681771,36.54311679454309,37.47804260253906,49779800
2021-09-24,37.505014203494596,38.06237441600941,37.44208660349923,37.8825798034668,39042300
2021-09-27,38.36802654937288,39.04225381521805,38.332066938829804,38.889427185058594,49755400
2021-09-28,39.042259923888395,39.59063206792999,38.709642047565595,38.799537658691406,60781200
2021-09-29,38.81752280249175,38.9433780470866,38.42197725815108,38.71863555908203,44260200
2021-09-30,38.97033703910064,38.97033703910064,37.96349188580639,38.1612663269043,47410800
2021-10-01,38.188227730748146,39.04224952619203,38.107320330563,38.72761154174805,40987100
2021-10-04,38.75458685427653,39.617596999776,38.71862724088968,38.96134948730469,48273400
2021-10-05,39.34790435361095,40.22889425197084,39.25800532563712,39.75244140625,54070700
2021-10-06,39.419819019337595,39.81536787251572,39.15012880172344,39.77042007446289,47031700
2021-10-07,40.26485963643059,40.336775439823846,39.58164064305704,39.66254806518555,46258800
2021-10-08,39.61759120461712,40.282830237774434,39.48274438879022,39.860313415527344,39389400
2021-10-11,40.094054270233954,40.282840546563335,39.32993126312664,39.35689926147461,36283500
2021-10-12,39.25800739741548,39.55466906143906,38.89842155443542,39.141143798828125,36898300
2021-10-13,39.150128791900194,39.231036200093854,38.05338811663819,38.781551361083984,43908000
2021-10-14,39.88728770582067,40.54353522592988,39.08720515978748,40.51656723022461,82201000
2021-10-15,41.14584596094358,41.95491668017274,40.77726849979201,41.68522644042969,64264900
2021-10-18,41.61331214437401,42.15269264331398,41.37957808001513,41.60432052612305,49542500
2021-10-19,41.802090828369565,41.91895784895318,41.532400605658886,41.78411102294922,32515500
2021-10-20,41.793097194442886,42.467324378012776,41.39754838533194,42.33247756958008,40411000
2021-10-21,42.34146985994201,42.68307929292718,41.90097664439269,42.098751068115234,36848600
2021-10-22,42.242587850398024,42.80893629416097,42.242587850398024,42.76398849487305,36225600
2021-10-25,42.97075070996571,43.13256552931469,42.43137026500061,42.71004867553711,31679500
2021-10-26,42.84489944386361,43.5371065838182,42.647124995505855,43.11458969116211,35674800
2021-10-27,42.683078214551095,43.303366033331585,42.27854118956511,42.287532806396484,45790800
2021-10-28,42.78197102794924,43.15054849248398,42.52126897444242,42.95277404785156,37209600
2021-10-29,42.925806052418956,43.26741552152108,42.719043419074836,42.95277404785156,31756200
2021-11-01,43.240439897487164,43.303367500250346,42.50328504000664,43.01569747924805,36937200
2021-11-02,42.76399693554139,43.52811996214894,42.566222464481484,43.04267883300781,36283400
2021-11-03,42.97076079855214,43.77084346578761,42.79995775104843,43.48317337036133,42553000
2021-11-04,43.285391714450036,43.285391714450036,42.14369980272111,42.54823684692383,47646300
2021-11-05,42.79096556833004,42.988740042319066,42.08977014862055,42.22461700439453,38271200
2021-11-08,42.56622009248805,42.970757201977875,42.4763244811782,42.55723190307617,33815500
2021-11-09,41.93692943871929,42.57519697426412,41.72117524523973,42.14369201660156,36900300
2021-11-10,42.0268384106984,42.71904557250798,41.93694280185982,42.458343505859375,39385600
2021-11-11,42.53025899690146,43.05165965505693,42.26056533550317,42.692073822021484,31194800
2021-11-12,42.71005001757765,42.72802982354774,42.035822725536995,42.17066955566406,44268500
2021-11-15,42.48530303165316,42.60217004327973,42.161676846782385,42.2965202331543,35335500
2021-11-16,42.413393376126855,42.50328898003691,41.97289668665365,42.3234977722168,35120800
2021-11-17,42.323504560234326,42.43137998808739,41.7571525627342,41.81108856201172,32963700
2021-11-18,41.99087551060969,42.08077454171337,41.54139064298348,41.64027786254883,30639000
2021-11-19,41.08291885018691,41.145846459245796,40.30081611667106,40.813228607177734,48429500
2021-11-22,41.99986942602344,42.13471283610964,41.27170266608665,41.60432052612305,53697100
2021-11-23,42.13471313506292,42.83591190381711,41.95491849104139,42.70106506347656,49362900
2021-11-24,42.62914966430511,43.13257402693768,42.44036681430461,42.817935943603516,40060000
2021-11-26,40.92109766054027,41.38856227613088,40.22889063914438,41.13684844970703,55110100
2021-11-29,41.730167029825886,41.9818808488061,40.606455034029665,40.98402404785156,50231100
2021-11-30,40.23788290655724,40.65141158143593,39.87829707838542,39.9771842956543,77193600
2021-12-01,40.65141058711324,41.08291562794331,39.38386345801952,39.410831451416016,60601600
2021-12-02,40.043140628108105,41.09999601449534,39.74505109094055,40.54898452758789,57821400
2021-12-03,40.648346815205954,40.71157730125425,39.383730202633885,39.627620697021484,74605300
2021-12-06,40.25089804079201,40.53995267931306,39.70891800921272,39.88054656982422,48193100
2021-12-07,40.25089445984955,40.56704686579181,40.13346494658408,40.38638687133789,40740800
2021-12-08,40.35929058302465,40.46768520541745,39.8263454747059,39.88957595825195,50560300
2021-12-09,39.66376168685006,40.40446477479859,39.42890603893136,40.18767547607422,37316700
2021-12-10,40.38639257985316,40.49479065932898,39.808283272528556,40.21476745605469,37700200
2021-12-13,39.98894656709479,40.10637610657459,39.194044481529644,39.36567306518555,38653900
2021-12-14,39.37470670567225,40.48576132953399,39.320507658482505,39.86248779296875,47099400
2021-12-15,40.07927094973907,40.151536334920586,39.401798469776864,39.690853118896484,60057100
2021-12-16,40.37735766344445,40.973533266172225,39.826346200386375,40.648345947265625,69487200
2021-12-17,40.19670066945849,40.377360687470635,39.40179865768699,39.63665771484375,124242400
2021-12-20,39.085641704677684,39.16693853112099,38.57076295247102,38.98627853393555,56455200
2021-12-21,39.32953860289907,40.1786362487064,39.32953860289907,39.91667938232422,47845600
2021-12-22,39.81731782313344,40.26896614628621,39.63665780471169,39.99797439575195,35715700
2021-12-23,40.35929831981172,40.7115834944728,40.10637633714296,40.12443923950195,34053500
2021-12-27,40.241865242174114,40.48575575222405,40.025075974887464,40.32316207885742,33879200
2021-12-28,40.16960347978519,40.720614992437035,40.1244358902472,40.37736129760742,32492400
2021-12-29,40.51285562130604,40.756746143830306,40.287031446280245,40.31413269042969,25294900
2021-12-30,40.42251936732049,40.73867177176054,40.17862889283697,40.223793029785156,23852200
2021-12-31,40.21477327696382,40.39543332310331,39.99798053243567,40.18767547607422,24253900
2022-01-03,40.729640057837464,41.99425655897976,40.63027688971593,41.7142333984375,58587900
2022-01-04,42.50914265065213,43.746658127219526,42.491076303704745,43.34920883178711,74606700
2022-01-05,43.484702454520274,43.69246028139248,42.599472104706926,42.61753845214844,57791600
2022-01-06,43.34017398149207,43.50276765838806,42.626568782426716,43.475669860839844,52040900
2022-01-07,43.4937387748115,44.541562840093135,43.412441931565354,44.42413330078125,59082600
2022-01-10,45.08353348334856,45.23709569823971,43.66535808709829,44.19830322265625,66839500
2022-01-11,44.252498572378975,44.4873541542992,43.93634271902917,44.45122146606445,40454400
2022-01-12,44.41509053114748,44.60478542896682,43.9724771431092,44.13507080078125,41378000
2022-01-13,44.18927373579448,44.70415603455543,43.92732030670989,44.04474639892578,46337500
2022-01-14,42.92465805775243,43.565997864754195,42.6265685034595,43.27694320678711,72953300
2022-01-18,43.222740749206274,43.28597123527509,41.59680756523105,41.7864990234375,65877400
2022-01-19,43.71052192421296,43.88215048353298,41.867796033155244,41.949092864990234,84451800
2022-01-20,42.174930195851175,42.50011762482136,41.24453550970081,41.32583236694336,46265300
2022-01-21,41.16322834173381,41.56971252612882,40.34122852253649,40.57608413696289,71303600
2022-01-24,39.654722522233804,40.36832422469203,38.47140272369172,40.24186325073242,90672700
2022-01-25,40.0070121674672,41.16323085518731,39.59149650729323,41.03676986694336,73555300
2022-01-26,41.35291708247801,41.96715904372311,40.88320243883157,41.4613151550293,63735800
2022-01-27,41.88586376418479,42.229117448376165,40.72964518055472,41.072898864746094,63402400
2022-01-28,40.946441752966564,41.45228570815153,40.151539678785674,41.43421936035156,51048300
2022-01-31,41.11805771233347,41.79553009752959,40.847069447415564,41.6781005859375,44793700
2022-02-01,41.74134297695604,42.54527655212635,41.46132318315283,42.40074920654297,40326600
2022-02-02,42.20201299793905,42.41880222528589,41.82262668137813,42.35557174682617,41125600
2022-02-03,42.65366477305132,42.71689525674599,41.867794282898224,41.940059661865234,35879900
2022-02-04,42.52720707686069,43.981511759506425,42.165887045838694,43.61116027832031,60297100
2022-02-07,43.86408772583651,44.04474430397698,43.349208897368825,43.81892013549805,44824800
2022-02-08,44.39703571391791,45.18290290518587,44.20734078156752,44.604793548583984,49560500
2022-02-09,44.460265919133654,44.975144776858066,44.28863733602315,44.514461517333984,33861100
2022-02-10,44.875779535889855,45.264197385666385,44.04474479480866,44.30670166015625,47082800
2022-02-11,43.927315817467075,44.65898387805147,42.90658966688267,43.285972595214844,61056000
2022-02-14,43.37630005725412,43.529858814335796,42.400738144725274,42.834320068359375,44791900
2022-02-15,43.35823239432236,43.69245113753716,42.96981462012567,43.168540954589844,42397600
2022-02-16,42.852394438982095,43.57503455952827,42.73496834832629,43.06918716430664,36664600
2022-02-17,42.45493415817572,42.71689096188899,41.50647355231316,41.6148681640625,49442400
2022-02-18,41.614881383227726,42.03943196232682,41.29872889611372,41.51551818847656,37856500
2022-02-22,40.80190909566518,41.53358064182667,40.684483009066554,41.154197692871094,51905600
2022-02-23,41.50648198606917,41.65100931303585,40.259931637354505,40.449623107910156,45704900
2022-02-24,38.84175900246713,39.45600104840298,37.98362642836819,39.38373565673828,80484800
2022-02-25,39.57343545767957,40.96450996040412,39.41084175222539,40.66642379760742,68530700
2022-02-28,39.492134380582435,39.97991199896475,39.23920895148405,39.925716400146484,69955300
2022-03-01,39.48309633973004,39.51019758278482,37.875229381147875,38.36301040649414,74895600
2022-03-02,38.606895641068675,39.329532184007604,38.49849757527571,38.98627853393555,70834600
2022-03-03,39.113351982412446,39.4855141612887,38.31456359995237,38.5687255859375,48733800
2022-03-04,37.60656225857544,37.615637867999766,36.598999942554215,37.170860290527344,75572800
2022-03-07,36.24499154867835,36.40838021609617,34.68372359897537,34.801727294921875,109779000
2022-03-08,35.46435024532666,35.99990110838298,34.6474070770541,35.028648376464844,76553800
2022-03-09,36.58991803893681,37.76994443224383,36.45375968243372,37.25254821777344,78207900
2022-03-10,36.57176989298659,37.65194747948544,36.40838122105883,36.91669845581055,48804400
2022-03-11,37.25255359644106,37.5611762481108,36.57176864093293,36.60807800292969,43946600
2022-03-14,37.12546812761352,38.287339817376235,37.12546812761352,37.39778137207031,54262400
2022-03-15,37.45224845474018,37.92425977643187,37.098240829134255,37.670101165771484,41395300
2022-03-16,38.34180718202824,39.077052659666265,38.05133577170394,38.85012435913086,59477600
2022-03-17,38.49612145610305,39.06798181269106,37.96964953527477,39.058902740478516,50260200
2022-03-18,38.81381613462204,38.96812918407558,38.359959520284,38.94089889526367,74470600
2022-03-21,39.349368704596436,39.42198742796486,38.586889422484575,38.886436462402344,47106400
2022-03-22,39.77599821783164,40.511247268604,39.66707358674923,40.10277557373047,52360600
2022-03-23,39.685217765412006,39.94845193230242,39.0588935114935,39.11335754394531,48539300
2022-03-24,39.376603394828976,39.4219883666893,38.931822360234456,39.095211029052734,30360800
2022-03-25,39.46737328358762,40.17538853904659,39.331218368196254,39.69430160522461,38968100
2022-03-28,39.676136812878916,39.71244616612407,38.87735181738868,39.53090286254883,37428600
2022-03-29,40.166305855481454,40.29338513919219,39.13151344509318,39.43105697631836,46355800
2022-03-30,39.43106990624327,39.62169235696756,38.80474889001181,39.03167724609375,36601800
2022-03-31,38.88643375018949,38.93181871780363,37.397784651478815,37.41593933105469,67902500
2022-04-01,37.84256774117031,37.88795617810343,36.626231732106525,37.1254768371582,61929200
2022-04-04,36.74423369458204,37.343324329610226,36.45376571775937,37.06193542480469,53761700
2022-04-05,36.70791733902362,36.99838526051268,36.344834168487694,36.435604095458984,51781700
2022-04-06,36.07252991543547,36.31760947187035,35.718518801653886,36.03622055053711,54159800
2022-04-07,36.20867064327764,36.29036495094277,35.26464830195845,35.75481414794922,54585000
2022-04-08,35.845594612377035,36.39929673753536,35.69128157287482,36.00897979736328,41018900
2022-04-11,35.836518025252545,36.67161600023615,35.754823695772096,35.93636703491211,34198700
2022-04-12,35.91821287371179,36.38114856834031,35.26465822842505,35.55512619018555,42855300
2022-04-13,34.94695123928529,35.40988335551226,34.819871970621044,35.23741912841797,45484200
2022-04-14,34.937877204236365,35.373579057534144,33.966621044362576,34.102779388427734,79032000
2022-04-18,33.96662960171449,35.68221062601664,33.78508971409222,35.2646598815918,80080300
2022-04-19,35.59143934781961,36.19960908820547,35.50066939858069,35.918216705322266,53714200
2022-04-20,36.444689476808726,36.64438404325648,35.954523475920745,35.999908447265625,47064300
2022-04-21,36.30852204941107,36.49914095913436,35.05587706916425,35.319114685058594,46245900
2022-04-22,35.22835344669324,35.264659346075526,34.0392478099769,34.093711853027344,50409800
2022-04-25,33.485534753663096,33.948470360595635,32.61413103345555,33.8486213684082,64301100
2022-04-26,33.476460407275724,34.075550920312644,33.058909745797905,33.086143493652344,44809900
2022-04-27,32.922756729499795,33.50369259788944,32.83198333590709,32.90460205078125,39824900
2022-04-28,33.340303192298286,33.540001191000506,32.82290697988876,33.41292190551758,39567800
2022-04-29,33.35846380068293,33.7033958244909,32.26013153787366,32.387210845947266,47385200
2022-05-02,32.70490715344182,32.931835464998095,32.1330503014289,32.80475616455078,46652200
2022-05-03,32.98629777097944,34.157248628044606,32.97722216256118,33.703392028808594,48926000
2022-05-04,33.921243734009124,35.17388900890073,33.839549401675946,35.055885314941406,57860300
2022-05-05,34.53848609615935,34.68372006767145,33.46738425776347,34.07555389404297,48860600
2022-05-06,33.92123581640283,34.148164079621615,33.23137541978392,33.99385452270508,50440100
2022-05-09,33.46737963289475,33.63984733080457,32.73213426862836,33.01352310180664,51242000
2022-05-10,33.358457310111326,33.703389266805715,31.93334798231047,32.45981979370117,60235300
2022-05-11,32.58690818997862,33.51277268994894,32.2328971015766,32.28736114501953,54969300
2022-05-12,31.779039681038046,32.16028105048087,31.098254736637777,31.83350372314453,61231500
2022-05-13,32.251051779906405,32.432595128715626,31.552112137714293,31.924274444580078,49117900
2022-05-16,31.769966038127464,31.924275639668505,31.23441504355011,31.597501754760742,39076500
2022-05-17,32.33274181250287,32.87737178647823,32.16027755853534,32.66859817504883,42635600
2022-05-18,32.332741327432586,32.39628097071216,31.406873501950578,31.661035537719727,47396900
2022-05-19,31.12548555890437,31.624727111936366,31.08917620091816,31.270719528198242,47002700
2022-05-20,31.588419549654596,31.751808207229715,29.918227076504294,30.735170364379883,62406500
2022-05-23,31.55211474441071,32.91368477898971,31.461344793832772,32.55967712402344,69081900
2022-05-24,32.19658906533317,32.64136660465478,31.733653383417543,32.35997772216797,46146700
2022-05-25,32.22381001189858,32.92274940513946,32.03319112173747,32.532432556152344,49343400
2022-05-26,33.13152191552531,33.440144449956755,32.98628798536052,33.285831451416016,60201200
2022-05-27,33.48553864497804,33.630772615223435,33.204149775368776,33.60354232788086,43365600
2022-05-31,33.421997662436176,34.06647316320357,33.23137873336146,33.766929626464844,71609200
2022-06-01,34.00292549651408,34.01200456489002,32.83197498681978,33.285831451416016,35237900
2022-06-02,33.240197624161056,33.5140793590905,32.9297973958823,33.50495147705078,35341900
2022-06-03,33.30410244884581,33.48669142862556,32.98457434617758,33.03934860229492,25235200
2022-06-06,33.50495141358713,33.97055001382575,32.95718446217058,33.00283432006836,40394000
2022-06-07,32.7746001152037,33.24019873183959,32.62852961953407,33.185420989990234,29152200
2022-06-08,32.792848091139774,32.966309157832356,32.427673679997305,32.76546096801758,33590600
2022-06-09,32.62852469173361,32.71981743176618,31.496475909317866,31.505603790283203,49419000
2022-06-10,30.74787258595106,31.07653211082207,30.145331284552793,30.282270431518555,49318200
2022-06-13,29.57017299661601,29.917091722605782,28.976761402609704,29.232385635375977,61216600
2022-06-14,29.141090049705376,29.761888749497768,28.511159985505568,28.72113609313965,49349800
2022-06-15,29.19586382409159,29.661465860755637,28.68461715794875,29.259769439697266,51540100
2022-06-16,28.75765483074512,29.21412554234425,28.173372877113458,29.077184677124023,61363400
2022-06-17,29.241512765862986,29.74363333633379,28.88546616687108,29.141090393066406,80470300
2022-06-21,30.026644150458157,30.391822128569835,29.78014953762207,29.99012565612793,53537200
2022-06-22,29.570169749133107,30.072286794771948,29.50626413328425,29.761886596679688,38305600
2022-06-23,29.561040663196557,29.58842778813135,28.53854562739513,29.287158966064453,44091500
2022-06-24,28.529417958805286,29.91708926623297,28.511158713400256,29.49713706970215,79504700
2022-06-27,29.597562702405327,29.76189245625446,29.13196405489647,29.53365707397461,47900300
2022-06-28,29.971870246094742,30.58353936168263,29.387584777685493,29.45149040222168,49863800
2022-06-29,29.424100586912886,29.615817443023467,28.90372427312986,29.086313247680664,35149700
2022-06-30,28.45638314589959,28.80330010731849,27.972523583183552,28.419864654541016,46312300
2022-07-01,28.28292349803496,28.912853536986347,27.9633936671873,28.812429428100586,40236100
2022-07-05,28.118595653619128,28.52029037475586,27.799067542678372,28.52029037475586,47411800
2022-07-06,28.310317339840367,28.529423100294895,27.972528204161843,28.282928466796875,35933700
2022-07-07,28.757653790008224,29.223252366647497,28.73026492143635,29.086313247680664,40137900
2022-07-08,29.223256109831958,29.44236360387724,28.812433476416963,29.022411346435547,31153800
2022-07-11,28.803300959830825,29.02240843187233,28.565937724164723,28.72113609313965,29311900
2022-07-12,28.319444430661473,29.241513770430366,28.28292593653719,28.629844665527344,39527000
2022-07-13,28.36508932657741,28.43812456971646,27.75341851230131,28.155113220214844,44153700
2022-07-14,27.470406924932558,27.58908854101926,27.08697146644835,27.50692367553711,51707800
2022-07-15,27.98165697269453,29.789282488429564,27.945140217717867,29.442363739013672,77801700
2022-07-18,30.200105614465507,30.473987359991355,29.305419905768204,29.45149040222168,56382900
2022-07-19,30.03577527676156,30.693090756508045,29.83492704213596,30.446596145629883,46874900
2022-07-20,30.291398784792335,30.537893403929516,30.081422660918896,30.45572853088379,35514900
2022-07-21,30.209227768571008,30.73873191183679,30.081416543734253,30.720476150512695,31244000
2022-07-22,30.674826877120715,30.985227064396348,30.20922833750464,30.519628524780273,27115400
2022-07-25,30.8391587168634,31.021747689470576,30.52875850820969,30.79351234436035,30381000
2022-07-26,30.501369856445216,30.839157175195567,30.090545559265163,30.172710418701172,30645700
2022-07-27,30.346170936925255,30.830028720943467,30.08141711893256,30.665699005126953,30344800
2022-07-28,30.58353634689841,30.811771692770783,30.035772909842706,30.419206619262695,40176500
2022-07-29,30.556150225648885,30.985230321848494,30.44659474855548,30.86655044555664,48152500
2022-08-01,30.69309033408517,30.939584941570875,30.32791584649523,30.77525520324707,32336700
2022-08-02,30.6748286947624,30.784384166830055,30.127065264803946,30.163583755493164,37884100
2022-08-03,30.510499361180305,30.81177168934393,30.28226401533331,30.711347579956055,30065800
2022-08-04,30.601796715370988,30.73873583836221,30.282265129867884,30.492244720458984,28404500
2022-08-05,30.38268812140574,31.3412793599345,30.346173112846405,31.003488540649414,35874500
2022-08-08,31.195206442348294,31.304761919488396,30.53789099248325,30.57440948486328,33454300
2022-08-09,30.72047176311731,31.003481296953158,30.501364349978868,30.966962814331055,40196900
2022-08-10,31.496477034042936,32.34551278052473,31.450830662396644,32.01685333251953,61415800
2022-08-11,32.65591829877116,32.920672173046675,32.546366292469244,32.783729553222656,50420800
2022-08-12,33.01196307524391,33.148905687368924,32.58287947434114,33.139774322509766,31821700
2022-08-15,32.71981048413135,33.13976257126136,32.56460867991735,33.0941162109375,24908000
2022-08-16,33.039355632439666,33.72406184035983,32.95719074818541,33.45018005371094,31870200
2022-08-17,33.048479369888625,33.40452595860198,32.93892737703722,33.240196228027344,27125600
2022-08-18,33.09412623872519,33.23106884378555,32.86589088535467,33.12151336669922,23138300
2022-08-19,32.82937049281329,32.89327610945054,32.23596069795384,32.39115905761719,36485400
2022-08-22,31.724713787844827,31.788619407514894,31.450832063173817,31.69732666015625,31210300
2022-08-23,31.651673664468603,31.92555884456903,31.36866408617044,31.414310455322266,26588000
2022-08-24,31.268243482774356,31.77036056481083,31.085654503144237,31.514738082885742,31389400
2022-08-25,31.587771752969104,32.208572197452,31.450832629465463,32.08076095581055,40576700
2022-08-26,32.35464345815125,32.39116195166247,31.05826828186024,31.06739616394043,36152600
2022-08-29,30.912194812618942,31.176948641178488,30.68395947405276,30.948713302612305,34931000
2022-08-30,31.204343914010785,31.295636680233446,30.620061851955835,31.12217903137207,48194900
2022-08-31,31.16782358422246,31.37779972028084,30.674834317339872,30.6839656829834,44917600
2022-09-01,30.63801527363918,30.775860175256266,30.01312446258027,30.75748062133789,32848900
2022-09-02,31.18019279656186,31.685618145670798,30.573681676523,30.720714569091797,44000800
2022-09-06,30.913697857191078,30.996404087116257,29.967173730134846,30.380704879760742,40762400
2022-09-07,30.150971116681966,30.94127094785844,29.98555862734367,30.849376678466797,40742600
2022-09-08,30.748287749037672,31.91536308033523,30.57368725274893,31.841848373413086,44361800
2022-09-09,32.145100321083,32.39321901505473,32.01644696247716,32.108341217041016,37295100
2022-09-12,32.347267719854656,32.74241927353828,32.19104330057616,32.41159439086914,30534000
2022-09-13,31.777518566060976,31.90617191968212,31.069921615603725,31.244522094726562,40959600
2022-09-14,31.428314563191407,31.630482619472,30.821803383267582,31.125057220458984,32004400
2022-09-15,31.051541856401915,32.0715841611988,30.9688356288362,31.71318817138672,44863300
2022-09-16,31.419124043099927,31.455883147436637,30.932078180032487,31.35479736328125,54281800
2022-09-19,30.987219323235244,32.04401736616429,30.904513084611107,31.878604888916016,29782000
2022-09-20,31.704000827243437,31.961307538271125,31.134248750450258,31.40074348449707,33591100
2022-09-21,31.52939882523755,31.612105050585733,30.435838345018162,30.463409423828125,51667800
2022-09-22,30.61044300452497,30.71152527727312,29.76500118154979,29.866086959838867,47527500
2022-09-23,29.342286985904565,29.489319914047257,28.680637056491687,29.15849494934082,55316100
2022-09-26,28.78171711393047,29.241195360967087,28.193585518610128,28.515220642089844,40360200
2022-09-27,28.735772906227865,28.827668915514195,27.844383894752223,28.09250259399414,43396600
2022-09-28,28.0557471993046,28.772532265650558,27.927092076219633,28.551982879638672,38372900
2022-09-29,28.202776465025906,28.395756495465136,27.761675997448194,28.175207138061523,35220900
2022-09-30,28.26710427792385,28.66225588310915,27.724919761893396,27.75248908996582,42294100
2022-10-03,28.110878140829474,28.744958586506097,27.7524856837285,28.570356369018555,34591700
2022-10-04,29.14930254117419,29.884468868301155,29.094165636290114,29.755815505981445,39758700
2022-10-05,28.983890919489927,29.43417767351749,28.901184688366747,29.333093643188477,35791100
2022-10-06,29.039028803152323,29.29633552842747,28.818479430300506,28.91037368774414,40891900
2022-10-07,28.643873472776114,28.708200145755587,28.055741888083368,28.257911682128906,52304600
2022-10-10,28.395756495465136,28.533599624746085,27.890331103844833,28.175207138061523,37669100
2022-10-11,27.908714198914836,28.000608461590254,27.173547828116536,27.35733985900879,58124000
2022-10-12,27.23787472432139,27.85357575398314,27.09084179957566,27.440046310424805,36137900
2022-10-13,27.02651120784047,29.195249163539213,26.934615204963826,29.121732711791992,67671000
2022-10-14,29.232010170520617,29.985556086175972,29.011460787683934,29.13092613220215,58108500
2022-10-17,30.656389925982246,31.125056206571788,30.20609969083151,30.89531707763672,88896800
2022-10-18,32.145101655840506,32.49430614765713,31.501831330559764,32.05320739746094,81937900
2022-10-19,31.77751217420199,32.00725126104079,31.033156270849787,31.170997619628906,43139900
2022-10-20,31.226148307473082,31.823471565878364,30.867755754646563,30.968841552734375,39549100
2022-10-21,30.840189156842104,32.20024469816678,30.840189156842104,32.11753845214844,54870300
2022-10-24,32.26456519482465,32.40240657469827,31.896981170746216,32.227806091308594,33765600
2022-10-25,31.92455378816199,32.69647747145814,31.731570238182034,32.521873474121094,37132300
2022-10-26,32.54944102000081,33.16514376357063,32.48511433858114,32.8067512512207,41104600
2022-10-27,33.220280953492306,33.42244901236009,32.871076480115505,32.96297073364258,35261900
2022-10-28,33.11919515365634,33.358122316024186,32.7516111286616,33.24784851074219,31659100
2022-10-31,33.08243873886366,33.385696109963085,32.90783824084787,33.119197845458984,32565500
2022-11-01,33.48676765049963,33.78083339782804,33.18351388224106,33.26622009277344,29913200
2022-11-02,33.14676632022807,34.258703033287155,33.03649250299729,33.16514587402344,57380600
2022-11-03,32.80674566844989,33.21108524078665,32.5402474590381,32.981346130371094,30046500
2022-11-04,33.54191241687558,34.00139066916155,33.28460571736852,33.80841064453125,39369400
2022-11-07,34.01058578491211,34.31384317732689,33.75327903174194,34.01058578491211,37533700
2022-11-08,34.0840984757349,34.387352313428366,33.77165310946649,34.10247802734375,32664300
2022-11-09,33.89112003843972,33.96463474279667,33.44082976666659,33.56029510498047,30164400
2022-11-10,34.27708211303573,35.12252404822323,34.130049190247654,35.039817810058594,45702800
2022-11-11,35.0949475881884,35.471719614203344,34.89277954129265,35.297119140625,35688700
2022-11-14,35.00305593512185,35.159276869556706,34.69061056071102,34.699798583984375,35541400
2022-11-15,35.094947674185406,35.196033450651406,34.277076945383534,34.64466094970703,46082800
2022-11-16,34.56196115392094,34.681426503382546,34.18518905688804,34.33222198486328,23813000
2022-11-17,33.891109552951654,34.185175290481546,33.597043815421756,34.1576042175293,23689700
2022-11-18,34.72736706305101,34.78250220964255,33.927872382065104,34.17599105834961,32041800
2022-11-21,34.0840985788337,34.47925017576669,34.05653100410755,34.28627014160156,27935700
2022-11-22,34.543577298397466,34.73655733504624,34.396544388730625,34.451683044433594,23499300
2022-11-23,34.451684502456544,34.60790544191474,34.34140718638358,34.56195831298828,18934700
2022-11-25,34.663040500477294,34.80088187294295,34.51600759985607,34.64466094970703,16118500
2022-11-28,34.36897911718186,34.60790629682632,33.84517412229013,33.87274169921875,35428300
2022-11-29,33.98302043809963,34.139244909601985,33.744093223824166,34.001399993896484,27048800
2022-11-30,33.909499091729316,34.78250503540039,33.266228786754986,34.78250503540039,51747900
2022-12-01,34.6623504923047,34.837971798759185,33.64558962161175,33.784236907958984,46213200
2022-12-02,33.331309289667736,33.54390456384427,33.10022700999293,33.349796295166016,42295300
2022-12-05,33.10022682454576,33.174171320088824,31.55659537142776,31.86162567138672,71386600
2022-12-06,31.95406145844556,32.05573823873684,29.957510446477418,30.502864837646484,84085700
2022-12-07,30.123882426643846,30.42890916488359,29.902041913895125,30.26253318786621,49234100
2022-12-08,30.475133981284213,30.493620987880142,29.744913087906898,29.98523712158203,45491100
2022-12-09,29.680209757538726,30.13312906931031,29.652481011195626,29.929779052734375,36985500
2022-12-12,29.865075540585632,30.299507835158284,29.63399325745957,30.253292083740234,41060500
2022-12-13,31.011248499239024,31.12216703220313,30.105406173619524,30.271785736083984,54804800
2022-12-14,30.317992849041474,30.502859368603765,29.72642280727061,29.83734130859375,48819500
2022-12-15,29.34745308624854,29.569291890141475,29.10712727461,29.36594009399414,49027600
2022-12-16,29.227290838923167,29.513832404721196,28.977721525316138,29.301237106323242,61795200
2022-12-19,29.356693352258432,29.791127408256095,29.328962843698534,29.63399314880371,38374100
2022-12-20,29.94826792728995,30.114647467799927,29.70794035720393,29.7541561126709,35561100
2022-12-21,30.059184502809924,30.38269829620522,29.957507731732573,30.207077026367188,32544000
2022-12-22,30.05918967686641,30.11465070501029,29.458375976120358,29.93902587890625,30234400
2022-12-23,29.948267209393155,30.114646745914808,29.754155399427198,30.012969970703125,21378600
2022-12-27,30.040697386023457,30.197831649083895,29.837343844617354,30.06842613220215,22776100
2022-12-28,30.105399505635116,30.475132568339497,30.068425494157516,30.290266036987305,30541000
2022-12-29,30.401182821365527,30.650752095632804,30.271777314568187,30.632265090942383,22252900
2022-12-30,30.59529587510354,30.780162424936258,30.373458836133207,30.61378288269043,28198900
2023-01-03,30.715460711301326,31.510384434528405,30.696973703082527,30.974271774291992,35221500
2023-01-04,31.334761627523687,32.18514280817504,31.270058864910478,31.556598663330078,41998500
2023-01-05,31.353239187890782,31.55659270400766,31.03897070085262,31.49188995361328,34177000
2023-01-06,31.51037876166418,31.963301566393703,31.001998468298634,31.806163787841797,34068700
2023-01-09,32.12044528346274,32.12968702561335,31.15914190211174,31.32552146911621,43818800
2023-01-10,31.186866296172333,31.67675960514674,31.094431267851636,31.538108825683594,35096000
2023-01-11,31.538107218070333,31.833892241547723,31.427188715775216,31.77843475341797,36783700
2023-01-12,31.981785917398664,32.231355201173514,31.759948904733733,31.86162567138672,44230400
2023-01-13,31.612055776745976,32.71200613120738,30.586049916398743,32.56411361694336,89667800
2023-01-17,32.06497881563111,32.194387866054335,31.565843725285863,31.90784454345703,56458400
2023-01-18,31.73222209510845,31.741463835351613,30.974268931838704,31.168380737304688,54517800
2023-01-19,30.761673669583097,31.011242968772223,30.401185857210788,30.715457916259766,42707100
2023-01-20,30.780163318893973,31.3255177174195,30.586055022648345,31.288543701171875,45004400
2023-01-23,31.25157411953218,31.898601792495203,31.196113093548338,31.722980499267578,33683300
2023-01-24,31.63054768496313,32.15741506907778,31.380978367324158,31.95406150817871,26716700
2023-01-25,31.704482718362982,32.31453969276053,31.6582669754307,32.23134994506836,28859700
2023-01-26,32.39774183921303,32.675039928965106,32.157417768370976,32.66579818725586,30035500
2023-01-27,32.75822604676424,33.07249812029684,32.601091773016,32.76747131347656,29964900
2023-01-30,32.545628746855016,32.86914606717938,32.51790000049769,32.62881851196289,27353500
2023-01-31,32.50865323856358,32.795196533203125,32.35151898172096,32.795196533203125,38917400
2023-02-01,32.53638964802204,33.51617637656864,32.45319987616089,33.201904296875,44438700
2023-02-02,33.368282893379046,33.627097468509135,32.75822575906028,33.39601516723633,33729100
2023-02-03,33.29433076522394,33.97833224575672,33.18341227330638,33.67330551147461,37411700
2023-02-06,33.50692513889767,33.68254637370129,33.25735589404925,33.61784362792969,29463200
2023-02-07,33.4329798040947,34.200174602540606,33.39600932214918,33.987579345703125,44100200
2023-02-08,33.654824456042924,34.052286275526136,33.59012169715365,33.738014221191406,28032800
2023-02-09,33.52541673558941,33.59936122973206,32.8691439236673,33.01703643798828,35257100
2023-02-10,32.85989819245478,32.89687220201997,32.37924664621421,32.887630462646484,32898900
2023-02-13,32.7951975698207,33.072495607507655,32.71200780591103,32.952335357666016,29163900
2023-02-14,32.93385159016118,33.26661067852101,32.776713786864065,32.92460632324219,33625200
2023-02-15,32.64730390171517,32.91536019001644,32.49941138507235,32.869144439697266,23500100
2023-02-16,32.73973418079614,32.961574710501104,32.55487118641686,32.610328674316406,22681100
2023-02-17,32.425471590919614,32.71201140006345,32.11119950673496,32.6750373840332,28562700
2023-02-21,32.268332368831516,32.397737893218654,31.676762242469685,31.90784454345703,37068900
2023-02-22,31.759954231559377,31.935575523210883,31.491897897431024,31.69525146484375,38550400
2023-02-23,31.796923842561217,31.981786849826417,31.297785260459143,31.66751480102539,28488000
2023-02-24,31.297782172128084,31.695243945392964,31.279295168018614,31.621295928955078,27046600
2023-02-27,31.84313645223323,32.064973449475886,31.584321920736137,31.621295928955078,30137500
2023-02-28,31.75070259587433,31.880111629385606,31.593568344235504,31.704486846923828,32620600
2023-03-01,31.56584393000974,31.88011600243222,31.408706130780445,31.556598663330078,29281600
2023-03-02,31.31471240085662,31.35192622055918,30.700698571385125,31.156558990478516,44607200
2023-03-03,31.305412895971738,31.900819856970113,31.305412895971738,31.779876708984375,39109100
2023-03-06,31.85430607865042,32.15200957527192,31.621725000108277,31.71475601196289,36646700
2023-03-07,31.491476922436213,31.537995977723217,30.51463709280528,30.700702667236328,52855300
2023-03-08,30.38438995346862,30.672791749432847,30.17971748220979,30.291358947753906,40045600
2023-03-09,30.030863856297515,30.133200085495147,28.198125832332913,28.41210174560547,112457900
2023-03-10,28.207432787811044,28.877267426483293,26.904979109046824,28.160917282104492,165330900
2023-03-13,26.904975173421988,27.649233802574415,25.928135500852864,26.523542404174805,218403300
2023-03-14,27.900422849059225,27.9934556249634,26.486329623783124,26.75612449645996,154255800
2023-03-15,25.93743788901079,26.570058628283448,25.751374113870508,26.50493621826172,131104400
2023-03-16,26.402600871806705,27.416654424661324,26.151414678241572,26.951492309570312,108348800
2023-03-17,26.66309292075209,26.66309292075209,25.695556621373395,25.881620407104492,130665500
2023-03-20,26.272352587864553,26.449114665169862,25.723461222378923,25.81649398803711,81441200
2023-03-21,26.63518301052683,26.960796859198375,26.52354509206687,26.597970962524414,84854800
2023-03-22,26.709607552466082,26.737517917919188,25.714160919189453,25.714160919189453,76925900
2023-03-23,26.04907579161512,26.132805105758653,24.923384439500367,25.09084129333496,105335900
2023-03-24,24.74662635768931,25.388550611751533,24.486134918856855,25.249000549316406,96872700
2023-03-27,25.983955163635304,26.65378794815498,25.9653482537855,26.50493621826172,102469800
2023-03-28,26.402603588412006,26.653791582274913,26.03047421294075,26.160720825195312,63416500
2023-03-29,26.504935165734942,26.765426569930174,26.27235412520608,26.672393798828125,62666400
2023-03-30,26.904976385481707,27.03522120783773,26.151414267710603,26.328174591064453,67427100
2023-03-31,26.625880012113676,26.681698968582147,26.29096272439758,26.60727310180664,56482100
2023-04-03,26.644486466140613,26.960796859198375,26.3560864399242,26.597970962524414,51996800
2023-04-04,26.5607563344911,26.653789113354563,25.732768328956855,26.030471801757812,56233300
2023-04-05,25.732767829491525,25.965348884909528,25.54670227537607,25.714160919189453,47799400
2023-04-06,25.78858500601453,26.058379863415407,25.695554009830442,25.900224685668945,41216600
2023-04-10,25.742067684642656,26.142107327928937,25.72346077694274,25.993255615234375,40572700
2023-04-11,26.06768376851613,26.746819989333197,26.01186304049778,26.709606170654297,58761200
2023-04-12,26.68170155855445,26.98870851061092,26.39330151861117,26.495635986328125,44313300
2023-04-13,26.57006072998047,26.6444866008142,26.27235724664554,26.57006072998047,52261400
2023-04-14,27.25849854414327,27.788784832456045,27.21198304359338,27.463171005249023,81110800
2023-04-17,27.695751437934653,28.29115834903903,27.35153070841958,28.25394630432129,83704400
2023-04-18,28.653985533466685,28.774928676888162,27.72366130478981,28.430707931518555,114498800
2023-04-19,28.03066615422232,28.095790335948916,27.714357572384294,27.965543746948242,65594200
2023-04-20,27.7608733988931,28.12369925768375,27.695750990848882,27.816692352294922,43193800
2023-04-21,27.677146244467682,27.89112039460669,27.360835859717554,27.788785934448242,44759000
2023-04-24,27.71435750708604,27.816691957795975,27.52829196578205,27.686447143554688,28020300
2023-04-25,27.398049500076283,27.472475368087093,26.81194423684507,26.830551147460938,49718800
2023-04-26,26.75612710687817,26.923585764952993,26.32817700574777,26.458423614501953,45848400
2023-04-27,26.532846697130708,27.053827753997403,26.532846697130708,26.877065658569336,33060100
2023-04-28,26.542155391608926,27.379446984756378,26.52354847800604,27.239898681640625,45592500
2023-05-01,27.444563183023234,27.48177700178828,26.97940109517538,27.01661491394043,34076800
2023-05-02,26.839857486620225,26.84916094292778,25.7792865354456,26.197933197021484,70797700
2023-05-03,26.19792932914,26.514239699085294,25.872315504260715,25.918832778930664,51139500
2023-05-04,25.658340794344777,25.872314929717074,24.960597659863556,25.10944938659668,82173800
2023-05-05,25.695555975479436,25.946742168625132,25.55600592162304,25.77928352355957,50087100
2023-05-08,26.123501269986466,26.188623674602123,25.732765067840095,25.76067543029785,34245500
2023-05-09,25.509487620321952,25.890920370241428,25.342028993634873,25.732765197753906,32188800
2023-05-10,26.011867031834512,26.04908085622361,25.13736345212446,25.416460037231445,44446400
2023-05-11,25.12805641781322,25.574611600176443,25.007113280223667,25.481578826904297,34897300
2023-05-12,25.602523843167095,25.630432435079832,25.00711511520674,25.202484130859375,38142000
2023-05-15,25.2117854725077,25.88161823904369,25.146663064234378,25.72346305847168,38722800
2023-05-16,25.84440286069663,25.956040753490996,25.42575632658697,25.45366668701172,33347500
2023-05-17,25.80719383218566,26.672395646810468,25.79789037698562,26.579362869262695,61750400
2023-05-18,26.458421441263702,26.514240397886198,26.049078285642583,26.486330032348633,51146100
2023-05-19,26.47702500352305,26.6723940017691,26.076987101309772,26.151412963867188,50062500
2023-05-22,26.328175049231298,26.4677251035585,26.058381944734183,26.365388870239258,36473700
2023-05-23,26.346782398669987,27.05382903952672,26.328175487856015,26.588666915893555,51400400
2023-05-24,26.356084968397102,26.523543611190128,26.0490780480941,26.14211082458496,50606900
2023-05-25,26.039776680088867,26.27235775273109,25.937440440301405,26.20723533630371,40517800
2023-05-26,26.23514227837351,26.421206047521796,25.853709510999114,26.33747673034668,57879100
2023-05-30,26.346783086032406,26.504938283171906,26.00256409925702,26.290964126586914,41819600
2023-05-31,26.142110177536612,26.197929132268495,25.565308397131904,25.853710174560547,61905200
2023-06-01,26.031878998991886,26.238182869953206,25.63802485362066,26.050634384155273,57426100
2023-06-02,26.40698031465877,27.14780200279561,26.369471329314152,26.922740936279297,66578100
2023-06-05,27.025896845314126,27.025896845314126,26.538267460170136,26.763328552246094,34757800
2023-06-06,26.688303582241083,27.59792016291741,26.678927677498464,27.410369873046875,46297900
2023-06-07,27.476012906440722,27.804225030977495,27.204066944015754,27.644807815551758,44502600
2023-06-08,27.45725833982057,27.551031696143717,27.185310598369508,27.410369873046875,41483100
2023-06-09,27.382239631221132,27.569788139668724,27.269709095262826,27.4478816986084,32692000
2023-06-12,27.476012289360053,27.719826953865496,27.110291186907954,27.31659507751465,41011300
2023-06-13,27.316595616153304,27.9448867824491,27.222822256781658,27.569787979125977,42718800
2023-06-14,27.729204016727095,27.879243531685635,27.185310327849365,27.307218551635742,38322800
2023-06-15,27.100913838282732,27.635429852856447,26.90398763864491,27.541656494140625,42044900
2023-06-16,27.691692434009358,27.832354242508316,27.344724970340785,27.37285804748535,53050200
2023-06-20,27.204066649427673,27.232199730178923,26.80083476838721,27.072782516479492,39040900
2023-06-21,26.988384204304094,27.194688090747334,26.763324931289983,26.79145622253418,39553400
2023-06-22,26.725811769241915,26.753944846583522,26.16316274269338,26.21942710876465,50742900
2023-06-23,26.013125206014248,26.15378702612518,25.872463385903313,26.022502899169922,55181100
2023-06-26,26.069391357073748,26.519511716232294,26.06001545188971,26.341339111328125,47519300
2023-06-27,26.350718115847553,26.632041789279416,26.21005627913162,26.48200225830078,39081800
2023-06-28,26.491377146497697,26.510132533036458,26.163165036517782,26.322582244873047,37803800
2023-06-29,26.725814972274232,27.194688919156235,26.632039825175397,26.8758544921875,68376400
2023-06-30,27.13842293670894,27.29784014073796,26.88523059114307,26.90398597717285,50479000
2023-07-03,26.91336445531124,27.522900210164188,26.86647598886894,27.382238388061523,30995800
2023-07-05,27.325974917426993,27.588544989506527,27.14780409324916,27.269710540771484,37492000
2023-07-06,27.007137799676187,27.025893186245263,26.350715367267593,26.51951026916504,52098000
2023-07-07,26.538262943507615,27.025892245659854,26.5288870391615,26.75394630432129,34288000
2023-07-10,26.810212425801964,27.054027092814067,26.697681891560933,26.8758544921875,36086000
2023-07-11,26.87585394881789,27.26970812778041,26.650794673498183,27.213443756103516,40978700
2023-07-12,27.672941800913446,28.029285229538644,27.44788251094823,27.53227996826172,41855500
2023-07-13,27.682320948050357,28.010533100541597,27.57916809733851,27.822982788085938,39589000
2023-07-14,28.132437086981383,28.22621223499376,27.241575863782103,27.297842025756836,58720300
2023-07-17,27.335351003472503,27.719827500455224,27.307219711105883,27.569787979125977,49477200
2023-07-18,28.132436096677598,28.938899837138234,28.057416338630944,28.788860321044922,98253800
2023-07-19,28.967034071034906,29.726611210604833,28.779485551172886,29.56719398498535,70619800
2023-07-20,29.379640045058373,29.820380890299532,29.3139979817897,29.71722984313965,42128800
2023-07-21,29.88602474932425,30.111084018561538,29.464037501621785,29.98917579650879,70872400
2023-07-24,30.007928494466995,30.80501266421174,29.989173109891095,30.61746597290039,64548600
2023-07-25,30.720619012571042,30.74875388151812,30.073574262376685,30.148595809936523,51208800
2023-07-26,30.232994847235027,30.51431851088371,30.148597390417976,30.392410278320312,41814600
2023-07-27,30.41116865509108,30.70187182985973,29.83914178902444,29.961050033569336,45529500
2023-07-28,30.14859855502661,30.157974460713145,29.735987160326964,29.914159774780273,33296500
2023-07-31,29.91415751566967,30.242369636893272,29.80162876980637,30.007932662963867,29093400
2023-08-01,29.857892327465755,29.951667472199414,29.464038150474092,29.651588439941406,32712000
2023-08-02,29.220224691666086,29.33275522769815,28.86388127335356,29.24835777282715,38855100
2023-08-03,29.01391956121781,29.585944544924338,28.957653401289605,29.454660415649414,27933400
2023-08-04,29.40776952405868,29.69847082092044,29.22959695370579,29.351503372192383,30768100
2023-08-07,29.45465827128326,29.914154478905232,29.45465827128326,29.89539909362793,31745200
2023-08-08,29.351505083517132,29.36088277604161,28.58255218262959,29.323373794555664,45951800
2023-08-09,29.27649187182683,29.33275803954265,28.910770724735844,28.93890380859375,30732100
2023-08-10,29.079559983904673,29.370261306004437,28.882632012499535,29.013917922973633,26062600
2023-08-11,28.882634524651852,29.44528362081773,28.835747845226436,29.342132568359375,35720700
2023-08-14,29.117070137900345,29.17333629691524,28.83574649727421,29.004541397094727,32563700
2023-08-15,28.601310184126667,28.648196862426285,27.982396729788633,28.076171875,43406100
2023-08-16,27.898001767472003,27.98239922683233,27.391617011310043,27.466638565063477,47220400
2023-08-17,27.607303493622524,27.70107865770647,27.297846704174237,27.457263946533203,37202200
2023-08-18,27.232199958731826,27.522901307819225,27.175933796757093,27.297842025756836,31430400
2023-08-21,27.400994013233227,27.476013776478972,27.007139809039998,27.335351943969727,34959000
2023-08-22,27.316598592210166,27.41975144509177,26.650798367351324,26.669553756713867,37564200
2023-08-23,26.678926467895508,26.735190836860834,26.42573412463348,26.678926467895508,44686600
2023-08-24,26.63203889980316,26.997761781919774,26.60390760867949,26.83834457397461,31934800
2023-08-25,26.85709703463771,26.997760638748318,26.538262632247847,26.725812911987305,34253200
2023-08-28,26.90398722218988,27.194688564655838,26.791456689415757,26.969629287719727,33075200
2023-08-29,27.09153495248638,27.438502445747478,26.93211774562784,27.35410499572754,30428200
2023-08-30,27.400993746760843,27.4478822162161,27.129047778369255,27.232200622558594,33366400
2023-08-31,27.355122274052142,27.39294383464762,26.976897650511013,27.109275817871094,37243000
2023-09-01,27.19437786856144,27.54423498554901,27.19437786856144,27.402400970458984,35228600
2023-09-05,27.364578438685133,27.534779972170707,26.948530446111207,27.090364456176758,46543600
2023-09-06,26.85397450287307,27.005264357823098,26.58921815846918,26.844518661499023,45022600
2023-09-07,26.863431021416492,26.995809196955406,26.53248377905183,26.59867286682129,35023600
2023-09-08,26.58921968453073,26.83506436029654,26.43792801738013,26.81615447998047,36513900
2023-09-11,26.95798826830251,27.1943789036224,26.853975811636182,26.92962074279785,34168300
2023-09-12,26.91070912954952,27.553691947865005,26.85397588190916,27.392946243286133,42284000
2023-09-13,27.534776902314473,27.600965979397813,27.137640636297345,27.30784034729004,37215700
2023-09-14,27.582056519207523,27.837358811520566,27.515867436796857,27.610424041748047,44634800
2023-09-15,27.374033886125506,27.50641205314715,27.184920673079784,27.270021438598633,61661100
2023-09-18,27.23219946159507,27.23219946159507,26.939075589610113,27.194377899169922,25752300
2023-09-19,27.19437690519956,27.364578438685133,26.957986287251217,27.090364456176758,34888100
2023-09-20,27.24165602968525,27.392945890455824,26.976899675095442,26.99580955505371,26641100
2023-09-21,26.816153093758242,27.03363203604897,26.494661699277447,26.523027420043945,39906000
2023-09-22,26.541939536794743,26.655407832267677,26.097525803520277,26.135347366333008,41284400
2023-09-25,26.002966134403533,26.116434416537572,25.861132134373854,26.097522735595703,32749200
2023-09-26,25.851673167021765,26.002962989223164,25.539637683291765,25.690927505493164,42237400
2023-09-27,25.74766857453858,26.106983364266192,25.59637870629037,25.785491943359375,38296300
2023-09-28,25.690933122749037,26.13534684719593,25.690933122749037,26.059701919555664,36734300
2023-09-29,26.371732855220973,26.4662894490988,25.785485219509084,25.889495849609375,40645900
2023-10-02,25.78549136508045,25.87059213950124,25.133052695693546,25.24652099609375,50388600
2023-10-03,25.047949316796494,25.076316839826262,24.414422397269753,24.499523162841797,62144500
2023-10-04,24.47115611190356,24.59408024388672,24.187488090202468,24.527891159057617,55696400
2023-10-05,24.376602971825573,24.669726854738034,24.168578058421474,24.641359329223633,49044100
2023-10-06,24.367146028149115,24.80210391193073,24.083476196384403,24.650814056396484,58177300
2023-10-09,24.357687976267506,24.92502578479343,24.319864614057764,24.87774658203125,39953700
2023-10-10,25.16141958870941,25.813856438166088,25.12359622168835,25.539644241333008,51960100
2023-10-11,25.69093106367536,25.946233350318323,25.435628777032402,25.549097061157227,38508200
2023-10-12,25.50182179685235,25.605834256405565,25.161420498935637,25.435632705688477,44249800
2023-10-13,25.936782087524694,26.2109943003226,25.076320276390298,25.303255081176758,55089700
2023-10-16,25.681476665108057,25.700388347443656,25.31270787715031,25.52073097229004,56817500
2023-10-17,25.57746575411051,26.35282854484791,25.265430190875207,26.116437911987305,95344200
2023-10-18,26.040791593361728,26.513572833878673,25.72875424324393,25.82331085205078,68371100
2023-10-19,25.76657888216915,26.267727671162003,25.416719953340667,25.49236488342285,58611000
2023-10-20,25.341071947997552,25.47345191221448,24.811557501681374,24.87774658203125,62058400
2023-10-23,24.707546396361668,24.78319132135809,24.130754519582933,24.17803192138672,59857200
2023-10-24,24.33877933653043,24.46170347555549,24.017287931642826,24.083477020263672,55975700
2023-10-25,23.99837297184543,24.25367525325756,23.80926157353497,24.15911865234375,45522400
2023-10-26,24.102389887768645,24.92503012386816,24.05511248029335,24.698095321655273,60921000
2023-10-27,24.650816377951045,24.650816377951045,23.60124132825811,23.7998104095459,64709300
2023-10-30,23.941639308083147,24.37659894316549,23.90381775049871,24.2914981842041,41891900
2023-10-31,24.33877862281218,24.943938047905352,24.31986693989868,24.906116485595703,50106700
2023-11-01,25.000675848016876,25.170877405934664,24.726461826145425,24.962852478027344,44046300
2023-11-02,25.255974349138693,26.154259475415955,25.14250785533535,26.116437911987305,63278300
2023-11-03,26.6270382983235,27.355121813582617,26.598670775716453,26.87288475036621,62613600
2023-11-06,27.00526158781091,27.203830629263322,26.494658830607975,26.787782669067383,45548000
2023-11-07,26.5230284069767,26.721597477317715,26.428473596213504,26.62704086303711,33081900
2023-11-08,26.62703689863199,26.664860260119813,26.163711541509034,26.371734619140625,31896000
2023-11-09,26.54193863415871,26.551394475419663,25.90841169781341,26.031335830688477,32267900
2023-11-10,26.248813104145103,26.25826894480626,25.8516768139625,26.173168182373047,32858500
2023-11-13,26.04078970236949,26.33391354521951,25.92732141933748,26.192079544067383,28521800
2023-11-14,26.948529197219656,27.808990862393365,26.920161675114286,27.62933349609375,66676300
2023-11-15,27.61042254616247,28.111569459278645,27.61042254616247,28.007558822631836,46968900
2023-11-16,27.82790093765528,28.083203211316746,27.629331901412883,27.931913375854492,36952800
2023-11-17,28.092659134970845,28.366873107363624,27.941369289346284,28.34796142578125,38493300
2023-11-20,28.347961899149812,28.60326419422338,28.130482967872585,28.37632942199707,46783400
2023-11-21,28.357417075963422,28.357417075963422,27.9413691015338,28.045381546020508,41611900
2023-11-22,28.121029821390792,28.168309030666364,27.913006711130542,28.017017364501953,41422700
2023-11-24,27.875179752901996,28.26286020143459,27.875179752901996,28.111570358276367,15815600
2023-11-27,27.988650010112003,28.0737507783274,27.903549241896606,27.95082664489746,42039500
2023-11-28,27.922460556030273,28.03592704314192,27.723891498308955,27.922460556030273,29705800
2023-11-29,28.253405789693694,28.943667762969444,28.187216705404154,28.659997940063477,57954900
2023-11-30,28.7934333621273,29.117490695240036,28.63140651348279,29.060304641723633,52547700
2023-12-01,28.974523815758687,29.59404452837934,28.92686907552318,29.508264541625977,46133300
2023-12-04,29.098429476305856,29.54639022199756,29.088898164536438,29.37483024597168,37811300
2023-12-05,29.241397043894885,29.34623966092114,28.90780838619385,29.146085739135742,45723100
2023-12-06,29.33670606055387,30.0420067521029,29.012648740394614,29.09842872619629,49803100
2023-12-07,29.155614638296562,29.47967195690942,29.107959898817167,29.222332000732422,32699600
2023-12-08,29.231863776018773,29.6798245151327,29.174677724153803,29.508264541625977,34794300
2023-12-11,29.47014258349825,29.622639941355242,29.26998866511601,29.403425216674805,32254000
2023-12-12,29.327176012829725,29.412956002327924,29.02218130257473,29.298582077026367,34566700
2023-12-13,29.308112428554793,30.62340434581811,29.19373850700119,30.53762435913086,60311100
2023-12-14,31.09042577287935,32.47243504838311,31.042771032859967,32.34852981567383,107190000
2023-12-15,32.23416033378171,32.4247829451845,31.72901350401463,32.02447509765625,83771800
2023-12-18,32.12931143893551,32.20556192292989,31.84337939560297,31.862442016601562,40694700
2023-12-19,31.48120005015895,32.09118944047436,31.26198534025332,31.938692092895508,44534800
2023-12-20,31.814791262306578,32.12931545857496,31.404953949120774,31.43354606628418,44711400
2023-12-21,31.681355683975937,31.881507770394077,31.34776523745549,31.643230438232422,32325700
2023-12-22,31.65275682144021,32.09118619693832,31.64322732885251,31.862442016601562,37265900
2023-12-26,31.881506977139345,32.36759112289233,31.805256487549524,32.272281646728516,24845400
2023-12-27,32.21510197938762,32.35806986584704,32.081667224465164,32.25322723388672,24498600
2023-12-28,32.23415582279994,32.3771236703005,32.18650108557422,32.291343688964844,21799600
2023-12-29,32.348526455801945,32.39618482669491,31.97681443210549,32.0911865234375,28060700
2024-01-02,31.82432172438875,32.47243639585249,31.709949616431548,32.31040954589844,36668600
2024-01-03,32.07213178478035,32.18650389125652,31.68135708814837,31.95775604248047,45988700
2024-01-04,31.99588080434049,32.70118332785782,31.967288687111292,32.21509552001953,39834600
2024-01-05,32.215099402266766,33.06336624997852,32.129319404418155,32.81555938720703,49242400
2024-01-08,32.691650825699575,32.691650825699575,32.06259878381793,32.5582160949707,40253900
2024-01-09,32.23415570880881,32.253218330796365,31.93869052173678,32.05306625366211,39268800
2024-01-10,31.929165609866807,32.053070852652205,31.68135876011991,32.02447509765625,34904000
2024-01-11,31.795727416739147,31.929162139470847,31.242922267338102,31.5955753326416,48790600
2024-01-12,30.737776366391447,31.633697841507598,30.461373783832432,31.261985778808594,74344300
2024-01-16,30.890271274086988,30.985580746692307,30.32793665973962,30.613868713378906,58420800
2024-01-17,30.23262736373611,30.48996731973575,29.803729254981825,30.308876037597656,48811300
2024-01-18,30.261223421399983,30.28028604568083,29.92763476813288,30.24216079711914,35484400
2024-01-19,30.308876826030286,30.718714140414225,30.08966211021482,30.709184646606445,49493600
2024-01-22,30.84261887748907,31.443078780758466,30.80449363122545,31.02370834350586,43903400
2024-01-23,31.01418179703962,31.28105127459758,30.871213927877026,31.233396530151367,30003400
2024-01-24,31.481200806831065,31.77666601553961,31.366828702353807,31.43354606628418,36403900
2024-01-25,31.65275986979112,31.88150770798086,31.290580943407384,31.82431983947754,46204000
2024-01-26,31.833849903015267,32.09118619693832,31.757599419020888,31.862442016601562,30839800
2024-01-29,31.833855921531782,32.072133275328206,31.681358560535024,32.03400802612305,30269300
2024-01-30,32.31040566529886,33.25398180531036,32.25321780027685,33.15867233276367,60315700
2024-01-31,32.94899144006793,33.45413825512311,32.40571937667776,32.41524887084961,54716000
2024-02-01,32.33900258605163,32.643997306516674,31.38589317564238,31.97681999206543,57084800
2024-02-02,31.805260606139,32.12931795721229,31.614637993303436,31.90057373046875,40416000
2024-02-05,31.557451098496617,31.72901107202689,31.319173761462753,31.443078994750977,43573000
2024-02-06,31.37635645902451,31.79572687859601,31.33823485019174,31.490732192993164,27188000
2024-02-07,31.509794392038657,31.7004133411122,31.099957107048432,31.62416648864746,29660100
2024-02-08,31.500264902238996,31.719479627657623,31.261987552546078,31.56698226928711,36852200
2024-02-09,31.547915463709003,31.69088330890558,31.300108652634716,31.519323348999023,36176000
2024-02-12,31.452606583178277,32.37712375832913,31.43354396107148,32.04353332519531,34160400
2024-02-13,31.566982037491762,31.74807514885586,30.833087369527682,31.214332580566406,43801500
2024-02-14,31.43355113194692,31.62417376067784,31.328708504353703,31.576519012451172,27833900
2024-02-15,31.757599260193427,32.634461642627436,31.757599260193427,32.47243118286133,41683100
2024-02-16,32.3294703595651,32.548688729611854,30.96652720954061,32.49150085449219,33290700
2024-02-20,32.19603188826066,32.491497088395576,32.18650239475726,32.367591857910156,30372900
2024-02-21,31.795731765794603,32.15791437405146,31.614638643754173,32.119789123535156,37847100
2024-02-22,31.80526016671597,32.472437484510735,31.80526016671597,32.03400802612305,42756900
2024-02-23,32.148374510450644,32.45336917905587,31.91963032690834,32.329463958740234,30586000
2024-02-26,32.205568011722384,32.61540535111814,31.957757527712726,32.03400802612305,31129200
2024-02-27,32.14837516361467,32.81555237817748,32.12931254196164,32.672584533691406,40536300
2024-02-28,32.615403331603545,32.97758226915514,32.51056072069305,32.7011833190918,39548600
2024-02-29,32.95073729896332,33.25788047745168,32.777968803384184,33.13310241699219,43863400
2024-03-01,33.14269339290229,33.257874811288524,32.66278180059761,32.96992492675781,38432300
2024-03-04,32.91234428352938,33.99694205696058,32.87395046992944,33.73779296875,49136400
2024-03-05,33.526636952210154,34.284898436762,33.46904622099382,33.96815490722656,47591600
2024-03-06,34.21770320089694,34.352077881352976,33.6610039116529,33.99694061279297,49149700
2024-03-07,34.169712024154144,34.457661977084165,33.83377529431679,34.198509216308594,35900700
2024-03-08,34.428860984119254,34.67841709425049,34.07372738586286,34.169708251953125,42769900
2024-03-11,33.968147412097274,34.48645289437048,33.85296963651505,34.44805908203125,34131500
2024-03-12,34.45765647802628,34.69761229288319,34.34247505066165,34.51524353027344,29260400
2024-03-13,34.51524687568033,34.98556192941686,34.51524687568033,34.630428314208984,38289600
2024-03-14,34.47685098995361,34.76480090752704,34.05453005838004,34.2560920715332,40178100
2024-03-15,33.86256858122769,34.56323922801208,33.82417842769107,33.98734664916992,69646400
2024-03-18,34.227303315849255,34.6400276830432,33.96815055076684,34.56324005126953,50617900
2024-03-19,34.44805711911797,34.927968761705706,34.409663308966486,34.58243179321289,46113800
2024-03-20,34.40007083098124,35.39828804655351,34.29448967106398,35.27350997924805,40519000
2024-03-21,35.446272263655025,36.089352071841695,35.398281834324465,36.002967834472656,43219500
2024-03-22,35.90698791678317,36.09895330057109,35.51346052766376,35.56145095825195,29001100
2024-03-25,35.609444909642,35.782213405989694,35.35989244904839,35.37908935546875,30480200
2024-03-26,35.513461643882536,35.743820843955454,35.32149625406098,35.59984588623047,33673400
2024-03-27,35.75342165014657,36.32931422557465,35.74382502717824,36.290924072265625,36350200
2024-03-28,36.20454168773011,36.47329108193753,35.91659172372399,36.39650344848633,42262500
2024-04-01,36.41569729965531,36.80922473446532,35.93578561518282,36.0125732421875,33908000
2024-04-02,35.69582951938517,36.070163706220555,35.66703599018074,35.80141067504883,34806800
2024-04-03,35.897397047166926,36.49248653697047,35.77261897849601,35.935787200927734,33338500
2024-04-04,36.185340721847304,36.43489317970921,35.38868559058281,35.436676025390625,42888200
2024-04-05,35.33109898361667,35.83980418964584,35.25431135779728,35.61904525756836,30823500
2024-04-08,35.70542761216988,36.070161492596384,35.63824027385912,35.99337387084961,29470300
2024-04-09,36.002975702084704,36.252531847434405,35.70543277835311,36.21413803100586,30967300
2024-04-10,35.6862297318015,35.73422016336449,35.08154004208918,35.17752456665039,37610700
2024-04-11,35.273510604648955,35.273510604648955,34.6016334798923,34.88957977294922,38604000
2024-04-12,34.37127438989337,34.64002374769782,34.10252137065354,34.35207748413086,47126100
2024-04-15,34.870383458529865,35.28310412335491,34.32328078999293,34.50564956665039,44392000
2024-04-16,34.64961794567903,34.71680528042953,32.77796553272206,33.28667068481445,95566100
2024-04-17,33.48823134148694,34.31367989113116,33.353856677393225,33.814571380615234,65951400
2024-04-18,34.11212299469959,34.54404423774021,33.7665860002671,34.332881927490234,44506200
2024-04-19,34.649623545640885,35.62864386064806,34.61123339203263,35.48467254638672,56273700
2024-04-22,35.51346735764622,36.38690654349846,35.38868928497137,36.21413803100586,43867100
2024-04-23,36.41569819468158,36.87641298372636,36.31012069710864,36.82842254638672,39180300
2024-04-24,36.492483572377566,36.943601710699525,36.47328666633882,36.78042984008789,28670600
2024-04-25,36.406098761209726,36.73243883593554,35.87819666835675,36.38690185546875,41116000
2024-04-26,36.40610050076189,36.77083440439732,36.262125531542864,36.31011962890625,28668700
2024-04-29,36.31971238722688,36.53087467656503,35.94538190080756,36.04136276245117,26438800
2024-04-30,35.84939222426124,36.15653533109017,35.49425869350929,35.52305221557617,30283800
2024-05-01,35.71502563262664,36.00297190258118,35.29270468078901,35.46547317504883,32272000
2024-05-02,35.86859242106988,35.983773842787485,35.177522197939176,35.39828109741211,34860300
2024-05-03,35.75341796875,36.02216732141956,35.59024976503929,35.75341796875,34082700
2024-05-06,36.14694576064757,36.27172381633071,35.858999499516386,36.17573928833008,28422300
2024-05-07,36.18534271777858,36.617263977744,36.18534271777858,36.31971740722656,29119500
2024-05-08,36.18534203693183,36.30051981694358,36.01257353619639,36.19493865966797,32803300
2024-05-09,36.022167433979114,36.876409588864036,35.95498009560178,36.742034912109375,26855400
2024-05-10,36.93400593419796,37.221952237047766,36.79003461349101,36.90521240234375,27359100
2024-05-13,37.06837790313263,37.22194949744511,36.64605693413223,36.67485046386719,24060600
2024-05-14,36.85721926494795,37.2315497974033,36.82842207376518,36.943603515625,27594800
2024-05-15,37.241140508276864,37.6634650718491,37.221943604347665,37.34672164916992,34084400
2024-05-16,37.356318139395704,37.77864270148671,37.15475614099864,37.64426803588867,32554200
2024-05-17,37.8650317023076,37.90342551486202,37.58668205344125,37.71146011352539,25537300
2024-05-20,37.68266645232641,37.88423215639577,37.23155192758983,37.260345458984375,28369800
2024-05-21,37.212353590850874,38.15298008179711,37.212353590850874,38.05699920654297,31799200
2024-05-22,37.82663806028939,38.210568864693556,37.759450718733994,38.162574768066406,42837600
2024-05-23,38.17217922860273,38.239366577509486,37.37552400379991,37.596282958984375,39033900
2024-05-24,37.58668260535559,38.18177206294537,37.50029835655744,38.10498809814453,22166300
2024-05-28,38.05700075499407,38.14338501081185,37.538695220087384,37.740257263183594,31217900
2024-05-29,37.279541645869855,37.337132368980676,37.0107922608909,37.164363861083984,26677500
2024-05-30,37.17395327056644,37.548283744558056,36.0797553738417,37.077972412109375,50989100
2024-05-31,37.14516218631338,38.469719356387515,37.106768375833475,38.38333511352539,58188400
2024-06-03,38.431327324897836,38.57529862870896,37.77864716226811,38.27775573730469,31898600
2024-06-04,38.02819801085642,38.52730656478571,37.836232619124345,38.08578872680664,26974200
2024-06-05,38.22016328848648,38.383335152473975,37.932217032465644,38.35453796386719,34140300
2024-06-06,38.306550124861715,38.39293437365987,37.83623506775274,38.10498809814453,38676400
2024-06-07,37.931167096741106,38.587816944068805,37.931167096741106,38.413997650146484,25928700
2024-06-10,38.220863822487374,38.47193405951801,37.86356660326486,38.307769775390625,37176200
2024-06-11,37.979450861505356,37.99876084084372,37.13932309580825,37.52558898925781,44629000
2024-06-12,38.43331273099888,38.51056739056968,37.75734919457403,38.056705474853516,38964700
2024-06-13,37.94082994629262,37.998767261506536,37.59319132018833,37.91185760498047,40018700
2024-06-14,37.75734814224372,38.12430039756792,37.573873856434034,37.89254379272461,32347900
2024-06-17,37.74769102921721,38.17258057000661,37.641467723093704,38.15326690673828,26135400
2024-06-18,38.201552411166475,38.64575560946148,38.10498409607763,38.61678695678711,30804500
2024-06-20,38.413995336952816,38.925798197662296,38.38502668427844,38.61678695678711,29383300
2024-06-21,38.48159564620435,38.53953664177807,38.01807873272951,38.13396072387695,72244900
2024-06-24,38.404344295535054,38.95477085516326,38.28846598921989,38.64575958251953,31064900
2024-06-25,38.41399890897765,38.69404152321895,37.99876432474536,38.02773666381836,30596000
2024-06-26,37.824942474641524,37.99876176253952,37.14898267026561,37.66078186035156,44310200
2024-06-27,37.37108215336298,37.998759605176595,37.023443597304016,37.90219497680664,29464200
2024-06-28,38.375373996954835,38.68438525636917,37.96979441665803,38.40434265136719,52028200
2024-07-01,38.53953232291582,38.95476686873254,38.3077720502977,38.6360969543457,26770500
2024-07-02,38.62644057711998,39.5534742668818,38.5878132524538,39.524505615234375,35626100
2024-07-03,39.61142274580456,39.78524205597335,39.35069378055139,39.49554443359375,17100700
2024-07-05,39.524509792688455,39.55347844739765,38.90648726752674,39.02236557006836,23489000
2024-07-08,39.20583739884779,39.63073062104496,39.041676787511314,39.22515106201172,26728500
2024-07-09,39.360340736752555,40.39360139569712,39.205835124110216,39.997676849365234,34697200
2024-07-10,39.86248714613021,40.32600401018934,39.65969920879896,40.30669403076172,25333400
2024-07-11,40.3356631396075,40.46120010953374,39.96871090335637,40.374290466308594,33824600
2024-07-12,40.06528152229188,40.48051241522194,39.67901560049506,40.16184616088867,31856600
2024-07-15,40.41291457349,40.77986681395596,40.268067622254115,40.451541900634766,36648100
2024-07-16,41.05990911233344,42.875352954216254,40.7702115282586,42.6146240234375,75953300
2024-07-17,42.15110989545409,42.91397939030248,42.15110989545409,42.46977615356445,65713600
2024-07-18,42.12213876635792,42.72085133780554,41.45583389211394,41.533084869384766,48549200
2024-07-19,41.38823348296589,42.06419695945252,41.22406918778697,41.42686080932617,43903000
2024-07-22,41.17579045032507,41.39789207064293,40.51914057994837,40.84746551513672,42838300
2024-07-23,40.77021148364915,41.3109793243426,40.70261550356247,40.95368576049805,36705100
2024-07-24,40.828147280665426,41.28200914478535,40.62535934790293,40.74123764038086,36567200
2024-07-25,40.577081341998294,40.84746528106106,40.229442743943366,40.248756408691406,41593900
2024-07-26,40.152195436165265,40.5191440487805,39.98803111266457,40.23910140991211,52049300
2024-07-29,40.345317090346505,40.441885404612144,39.57278899474405,39.679012298583984,37133100
2024-07-30,39.6403861889013,40.45154163509333,39.40862959496338,39.86248779296875,44163200
2024-07-31,39.81420676859418,39.95905740728579,38.83889067701232,38.92580032348633,50851600
2024-08-01,39.05133588460592,39.06099455905606,37.64147147869314,38.14361572265625,60107800
2024-08-02,36.69512287222531,37.206922091394475,35.903281041784204,36.289546966552734,76728000
2024-08-05,34.42581842755706,35.69083206465198,33.933329221720946,35.3914794921875,76075200
2024-08-06,35.39148116280106,36.02881734819367,35.28525785128482,35.65220642089844,40614100
2024-08-07,36.79168553397602,37.26486108219858,35.99018875616413,36.01915740966797,44952400
2024-08-08,36.52130381864754,37.10069902596956,36.36679818444801,36.897911071777344,36557800
2024-08-09,36.84962539844852,37.12966798610891,36.608210136749115,36.96550369262695,26411200
2024-08-12,37.1779533873354,37.40005500448789,36.704777814302815,36.859283447265625,33040600
2024-08-13,37.052410738064616,37.15863403516242,36.81099549328027,37.139320373535156,21553500
2024-08-14,37.197267565891714,37.58352981178348,37.1103579159177,37.47731018066406,25658900
2024-08-15,38.0760165758209,38.3174318451661,37.63181336431486,37.68975067138672,37379800
2024-08-16,37.660784107432114,38.06636001425689,37.65112911695266,37.98910903930664,26886600
2024-08-19,38.12429551308764,38.37536943382261,38.09532686211988,38.307769775390625,27268900
2024-08-20,37.77666573941281,37.89254773760341,37.023451169699925,37.36143112182617,44440800
2024-08-21,37.53524322141367,37.65112519733262,37.07172636885136,37.41936492919922,33751100
2024-08-22,37.44833687998276,37.940826111758234,37.24554892981866,37.89254379272461,35421600
2024-08-23,37.921512098069186,38.79060488378271,37.921512098069186,38.40434265136719,45616600
2024-08-26,38.626441357436,38.819574300964085,38.298116458549615,38.54918670654297,44659500
2024-08-27,38.62643967085325,38.75197663122074,38.24983247345513,38.307769775390625,32323900
2024-08-28,37.989105507756854,38.88717057075978,37.97945051817495,38.57815933227539,40700500
2024-08-29,38.67472914336525,38.9547717669109,38.17258489264012,38.79060745239258,34810800
2024-08-30,38.79060750122702,39.456916067309315,38.75198385397264,39.35069274902344,49098200
2024-09-03,39.18652421054778,39.4955354284576,38.84854065841221,39.30240249633789,48489300
2024-09-04,39.26377762176411,39.543820206616665,38.896825396222994,39.10927200317383,39629600
2024-09-05,39.39897098660133,39.534162947239665,38.63609785590828,38.761634826660156,34214500
2024-09-06,38.65472069897196,38.761636535555155,37.478653911998315,37.67304229736328,47007600
2024-09-09,38.149304607868075,38.5964038484512,38.003509603985286,38.363136291503906,37610200
2024-09-10,38.7227601401356,38.7227601401356,37.255106962605694,38.178462982177734,53983900
2024-09-11,37.8965969133405,37.93547236711348,36.94407599534465,37.906314849853516,41190000
2024-09-12,37.95491076495244,38.227061179206906,37.44949280444647,37.692481994628906,39921600
2024-09-13,37.789681209613,37.993791246611956,37.362017847077,37.566131591796875,31887300
2024-09-16,37.72164486642836,38.11042536307019,37.702205285438126,38.003509521484375,26336400
2024-09-17,38.178462481069005,38.68388046945582,38.110425800682414,38.44089126586914,27769400
2024-09-18,38.50893020629883,38.99490864199369,38.31453809047664,38.50893020629883,42527800
2024-09-19,38.91715092730463,39.898825657991,38.887989702230136,39.723873138427734,57977800
2024-09-20,39.48088469531573,39.58780053795243,39.11154377603385,39.14070129394531,70725000
2024-09-23,39.08238427192138,39.30593390377196,38.63528500822021,38.75191879272461,31714800
2024-09-24,38.73247709054557,38.85883251301289,38.14930449222416,38.34369659423828,32534900
2024-09-25,38.1493034362793,38.30481637204192,37.84799550111134,38.1493034362793,28866000
2024-09-26,38.28538010476347,38.60612764812385,38.01323337055794,38.41173553466797,39601400
2024-09-27,38.53809037695602,38.78107958814056,38.24650035735768,38.295101165771484,27861100
2024-09-30,38.12986796051655,38.674165148139636,37.925757905553354,38.5672492980957,35055200
2024-10-01,38.40200852238909,38.45060932475112,37.84799348649198,38.12014389038086,26291200
2024-10-02,38.149303319389546,38.43117167325842,37.95491122335167,38.12986373901367,23302700
2024-10-03,37.88687466198221,38.168743016714735,37.64388546812056,38.1493034362793,26030200
2024-10-04,38.8102350112943,39.1212608881977,38.50892707091623,38.98518753051758,34209900
2024-10-07,39.08238282058737,39.30593244413638,38.59640441085794,38.839393615722656,27177500
2024-10-08,38.92687167006475,39.02406958111846,38.69360409897823,38.810237884521484,26023600
2024-10-09,38.751920409444985,39.257338440344846,38.6061290996624,39.06294631958008,27421000
2024-10-10,38.88798891746874,39.004626399971116,38.654721367905694,38.84911346435547,26182300
2024-10-11,39.36425193151441,40.98741807095962,39.26705773082133,40.773590087890625,50660700
2024-10-14,40.78330779343013,40.99713948300674,40.550040230002075,40.734710693359375,28098900
2024-10-15,42.01769265896252,42.14404808304865,40.870783320878516,40.95825958251953,61490000
2024-10-16,41.02629209334108,41.89133297736337,40.967977063321094,41.59974670410156,42437800
2024-10-17,41.62891451841356,41.79414540659391,41.27900945200668,41.40536117553711,31708600
2024-10-18,41.24012888851304,41.45396057911334,40.92910299730592,41.13321304321289,30593500
2024-10-21,41.06517341115706,41.2206863455887,40.56947709131895,40.58891296386719,26589500
2024-10-22,40.48200362833713,41.2206891909468,40.40424530189345,41.113773345947266,37104400
2024-10-23,41.0165793761583,41.27900816779919,40.84162684839771,41.152652740478516,28569400
2024-10-24,41.133212884041896,41.463678355635814,40.79302947551334,41.45396041870117,28392000
2024-10-25,41.716385344046714,41.774704088598554,40.618076796228415,40.71527099609375,27466900
2024-10-28,40.89022156893761,41.551152478071984,40.83190282717133,41.42479705810547,24527600
2024-10-29,41.39564097889932,41.60947266508195,41.279007199036535,41.33732223510742,22313500
2024-10-30,40.54031689488536,41.69694785003338,40.47228021607911,41.12349319458008,38100500
2024-10-31,41.104052926629535,41.35676005686778,40.62779247522714,40.64723205566406,28138200
2024-11-01,40.96797921753259,41.24012592585776,40.57919502759307,40.58891296386719,31220000
2024-11-04,40.44312527872824,40.841627440466304,39.957146851841756,40.17097854614258,31110100
2024-11-05,40.34592824885778,40.831906686345796,40.21957652467019,40.7055549621582,30851400
2024-11-06,43.543664286199935,44.27263189269119,42.766099580820125,44.136558532714844,110086700
2024-11-07,43.77693608013248,43.961606541226644,43.261796444076495,43.51450729370117,48339700
2024-11-08,43.874132152309436,44.22403721582387,43.68946168333068,43.86441421508789,38331800
2024-11-11,44.32122680964597,45.215428957601915,44.30179093722416,44.78776931762695,43293500
2024-11-12,44.846086999732286,45.147394948162045,44.55450069580856,44.57394027709961,38155900
2024-11-13,44.904403827066325,45.17655053808367,44.544780857833295,44.583656311035156,36903900
2024-11-14,44.66141677125064,44.86552681428635,44.44758508365835,44.61281967163086,35733100
2024-11-15,44.34067161005883,45.52646018431633,44.34067161005883,45.43898391723633,40488900
2024-11-18,45.43898188982318,45.70141067935404,45.186274744934806,45.40982437133789,32360300
2024-11-19,44.700292820777996,45.31262290723795,44.66141366070159,45.10851287841797,28534100
2024-11-20,45.26402979261359,45.33206647487171,44.63225636282126,44.768333435058594,28021000
2024-11-21,45.089075442074,45.73056678295042,45.00159918160354,45.15711212158203,45336500
2024-11-22,45.06963487901474,45.8958003671711,44.98215862045045,45.681968688964844,37996200
2024-11-25,45.93467840464559,46.40122094838175,45.83748420420452,46.16794967651367,42718600
2024-11-26,46.177666994199676,46.49841452525174,45.88608068906573,46.41093826293945,30301500
2024-11-27,46.47897124120522,46.63448417206937,46.31374037428989,46.43037414550781,23278400
2024-11-29,46.459537908903975,46.73168835530348,46.1679515877885,46.177669525146484,23262000
2024-12-02,46.40122631787298,46.47898094567929,45.53618151987281,45.720855712890625,35891500
2024-12-03,46.04159070498211,46.1485065418684,45.34178435869872,45.507015228271484,38123800
2024-12-04,45.380663188460986,45.46813945172146,44.83636973503677,45.069637298583984,24941300
2024-12-05,45.25430904027319,45.91523994770993,45.1959902986567,45.681968688964844,31572100
2024-12-06,45.99472979940555,45.99472979940555,45.34967000842565,45.69174575805664,28931700
2024-12-09,45.506045821857285,45.69174354432489,44.86098606213006,44.870758056640625,34660900
2024-12-10,44.87076018965463,45.24215938059086,44.55800415360709,44.71438217163086,35665800
2024-12-11,44.958720142627286,45.11509815051129,44.44071869057637,45.03691101074219,36790500
2024-12-12,45.095550433482565,45.41808217193783,44.880529274512384,45.03691101074219,24017300
2024-12-13,45.0466831089381,45.056455103302085,44.35275593037461,44.63618850708008,32902300
2024-12-16,44.55800218073063,44.64596504499594,44.13773557683483,44.44071960449219,27330400
2024-12-17,44.16705796308695,44.16705796308695,43.60996103179021,44.03022766113281,33054600
2024-12-18,44.118183777693005,44.40162006169678,42.36870237713313,42.51530838012695,41771900
2024-12-19,42.97467007023318,43.47312376583923,42.32961037267773,42.39802551269531,38583600
2024-12-20,42.22210308699692,43.39494000881407,42.124364501977105,43.170143127441406,74222200
2024-12-23,42.90626009809167,43.111505542865366,41.81161026927339,42.896484375,35374800
2024-12-24,42.93557859578671,43.414484620041065,42.93557859578671,43.37539291381836,12054400
2024-12-26,43.209242108267105,43.57086931000577,43.11150724357055,43.54154586791992,16077400
2024-12-27,43.23856122661962,43.766334662889705,43.062635505081026,43.33629608154297,17972500
2024-12-30,42.89648316650238,43.14082404006718,42.564179429320404,42.91603088378906,16109800
2024-12-31,43.04309058254381,43.228788310290916,42.720558829337506,42.95512771606445,16110400
2025-01-02,43.140823794926156,43.5806381105128,42.80852005963245,43.28742980957031,25610600
2025-01-03,43.737014961598064,43.83474981654267,43.15059837523895,43.795658111572266,23455700
2025-01-06,44.137734135868406,45.10532561119776,44.07909098549077,44.3723030090332,30518500
2025-01-07,45.232380724337844,45.594007896850556,44.6166444154891,45.03691101074219,41111200
2025-01-08,44.86098682906498,45.21283456264833,44.65573765737561,45.16396713256836,40246000
2025-01-10,44.958720088325755,45.00758751666565,43.727243743769854,44.0888671875,40741300
2025-01-13,44.07908880413487,44.31365766569148,43.67836995058258,44.03999710083008,34353600
2025-01-14,44.567776198298205,44.88053223469464,44.20615273027971,44.74370193481445,36379000
2025-01-15,46.0533688241005,46.385672575847515,45.77970822678391,46.03382110595703,57154800
2025-01-16,45.93607993721126,46.434533632228124,44.78279082349874,45.584228515625,56339300
2025-01-17,45.554913587330226,45.818802181213485,45.03691212249228,45.476722717285156,44486100
2025-01-21,45.5646872173828,46.082692429159586,45.48650007287722,45.603782653808594,52089100
2025-01-22,45.545137231512044,45.672195529396745,44.72415174917661,44.753475189208984,40296200
2025-01-23,45.007589593336434,45.82857510370295,45.007589593336434,45.33989334106445,35324100
2025-01-24,45.183509368432794,45.79924935210511,45.105322235459994,45.46694564819336,24655100
2025-01-27,45.49627066116994,46.072915281410864,45.330120654016305,46.0240478515625,44260000
2025-01-28,46.014277754936664,46.366125501365545,45.652650556781275,45.77970886230469,27156600
2025-01-29,45.69174575805664,46.317257830722475,45.584235171502314,45.69174575805664,23681500
2025-01-30,46.04359718071574,46.10223660724782,45.34966995888181,45.66242599487305,31199900
2025-01-31,45.642877136210814,45.769935437765895,45.11509994053215,45.251930236816406,30388900
2025-02-03,44.39184906092865,45.42785572901532,44.08886875742527,45.16396713256836,36497700
2025-02-04,45.30079367827981,46.0631396921374,45.222606542293114,45.652645111083984,32894000
2025-02-05,45.91653606340484,46.06314207744689,45.5842323294759,46.04359436035156,27696600
2025-02-06,46.36612405138087,46.89390124703837,46.10223545355212,46.65933609008789,39793400
2025-02-07,46.757068768453294,46.88412706407304,46.30748246499359,46.327030181884766,26504700
2025-02-10,46.40521785922268,46.48340872769409,45.3496672332794,45.61355209350586,26725200
2025-02-11,45.49626989662018,45.86766906824917,45.23238130585846,45.730838775634766,20314900
2025-02-12,45.515818594497645,45.52559431752119,44.9000785361214,45.16396713256836,29777100
2025-02-13,45.46695154188118,45.51581897236685,44.92940234984694,45.281253814697266,26815400
2025-02-14,45.42785011849135,46.02404238553425,45.42785011849135,45.8969841003418,25960500
2025-02-18,45.506046157725,45.59400902235276,45.11509926419146,45.476722717285156,37824100
2025-02-19,44.841436036758836,45.01736175566093,44.39184601715034,44.96849060058594,38967800
2025-02-20,44.860986998604275,45.14441958547764,44.02045377600687,44.274566650390625,40001100
2025-02-21,44.225696693012566,44.479809552875984,43.53176952920695,43.795658111572266,43485900
2025-02-24,44.01067969179489,44.362531168155975,43.43403504516892,43.453582763671875,35512200
2025-02-25,43.52199139249121,43.8249753913658,42.368702272059565,42.94534683227539,38119000
2025-02-26,43.04308541014406,43.541539108064946,42.86715969832598,42.94534683227539,32251700
2025-02-27,43.09195714334945,43.7663366205146,42.94535112606116,43.12127685546875,28477700
2025-02-28,43.31675161847295,45.15419611014161,43.19946903808653,45.05645751953125,62621100
2025-03-03,45.16397062022699,45.896993313069935,44.19638275354818,44.5286865234375,46946000
2025-03-04,43.71746785136325,43.82497843030108,41.07858571945075,41.704097747802734,78278100
2025-03-05,41.68455408752435,41.76274122751125,40.76583002634399,41.33270263671875,52588900
2025-03-06,40.64855031019577,40.94175863036735,40.03281022799321,40.52149200439453,58103500
2025-03-07,40.6296789028038,41.04276024332021,39.941206250069015,40.718196868896484,50651400
2025-03-10,39.734665728870645,39.9510400620068,38.53475635108509,39.17405319213867,77498400
2025-03-11,39.04619390214104,39.99038306279188,38.62327513712311,38.95767593383789,50608400
2025-03-12,39.646153022694634,39.833022642441094,38.554432542564825,39.25273895263672,42290700
2025-03-13,39.31174788199568,39.52812222013595,38.682288440361766,39.016685485839844,37766100
2025-03-14,39.59696891975108,40.34445481696649,39.5084509517091,40.21659469604492,35979900
2025-03-17,40.24610108896372,41.08210498858256,39.92153769405239,40.757537841796875,37242800
2025-03-18,41.03292770251424,41.14111674756989,40.610008936500854,40.964080810546875,37644500
2025-03-19,41.03292620496931,41.99678640920947,40.6198411163669,41.514854431152344,42471100
2025-03-20,41.072267003004725,42.01645993842528,40.96408170745459,41.78041076660156,41018100
2025-03-21,41.465680416328965,41.95744607769524,41.20012650896627,41.77057647705078,65011000
2025-03-24,42.2230010967459,42.43937919404382,42.04596515384293,42.360694885253906,30646100
2025-03-25,42.63608093108816,42.81311686763327,42.33118862516263,42.56723403930664,25445300
2025-03-26,42.74427426163019,42.99999452977938,42.02629678115292,42.11481475830078,30012100
2025-03-27,42.11480919489657,42.38036309126024,41.819750560672745,41.859092712402344,25619200
2025-03-28,41.741068196111485,41.91810413524403,40.314950772473296,40.5706672668457,34253000
2025-03-31,40.10841095198543,41.20996886694226,39.93137499250575,41.04276657104492,36390000
2025-04-01,40.63951464028736,41.013257599751334,40.29528017227733,40.80671691894531,25578500
2025-04-02,40.20676281269079,41.27881213890962,40.14774958076039,41.16078567504883,28216100
2025-04-03,37.993815588804985,38.20035626363446,36.410329578030584,36.60703659057617,115497900
2025-04-04,34.708822451814825,35.20058812978826,33.11549895383135,33.82364273071289,107761200
2025-04-07,34.39409056765164,36.0267523663701,32.98764051643267,34.99404525756836,137329100
2025-04-08,36.25296628958512,36.71522722632067,33.764633165879665,34.453102111816406,79116300
2025-04-09,33.48923968336086,37.22665783601674,32.52537946911994,36.53818893432617,161173500
2025-04-10,35.72185871842257,35.800543028173756,34.05969206960981,35.25959777832031,90451800
2025-04-11,34.620303619292415,35.633339690141085,34.236727000306,35.35795211791992,63671900
2025-04-14,35.8890574544285,36.380823086157804,35.67267937586793,36.06608963012695,46830600
2025-04-15,37.177483640143684,38.11183915694692,37.177483640143684,37.364356994628906,84677800
2025-04-16,37.23649947683945,37.531558147039334,36.36115712943414,36.71522903442383,52872700
2025-04-17,36.89225879847343,37.24633068007823,36.626708639144134,36.793907165527344,47144400
2025-04-21,36.459508596815596,36.66604928979335,35.88906233737114,36.31197738647461,34928300
2025-04-22,36.951270593331415,37.856121339142355,36.784072073446026,37.68891906738281,42288900
2025-04-23,38.76096982653478,39.46911358950855,38.033154986603485,38.111839294433594,54428400
2025-04-24,38.02331853615801,39.04619195170561,37.964305309612335,38.92816925048828,42457100
2025-04-25,38.88882662817609,39.1347094413256,38.672448552004845,39.036354064941406,32694200
2025-04-28,39.14454519131649,39.41993650800986,38.81014439751853,39.124874114990234,37428000
2025-04-29,38.97734900708632,39.47894835191756,38.829817801731856,39.3314208984375,33792500
2025-04-30,38.7117955042739,39.341254983713405,38.18068766154391,39.22323226928711,40994600
2025-05-01,39.16421889006679,39.77400728951519,38.92817346209458,39.508453369140625,33569100
2025-05-02,40.23626612044029,40.550995842450334,40.02972544384762,40.39363098144531,41613000
2025-05-05,40.17725234110607,40.80671552839122,39.951040590997394,40.442806243896484,32829200
2025-05-06,39.98054983265564,40.590338203183286,39.89203186339564,40.16741943359375,29541800
2025-05-07,40.36412853520523,40.65918719736511,40.18709258753442,40.25593948364258,30925900
2025-05-08,40.610009422997344,41.45584696515702,40.57066726943776,40.91490173339844,41861700
2025-05-09,41.04276289121977,41.28864572935448,41.003420736668375,41.101776123046875,27222800
2025-05-12,42.60657764548076,43.23603710716618,42.23283468315217,42.64591979980469,44875100
2025-05-13,42.70492844906469,43.75731042145833,42.70492844906469,43.55076599121094,43232500
2025-05-14,43.46224767418586,44.18022508746284,43.403238196193435,44.00319290161133,42419500
2025-05-15,43.86549466645956,44.23923761257939,43.28521104690806,43.64912033081055,47379400
2025-05-16,43.60978314424112,44.0523730319046,42.94098148107732,43.954017639160156,49488100
2025-05-19,43.38356903526093,44.39660513885541,43.38356903526093,44.03269958496094,37915700
2025-05-20,43.85566599829032,44.170395751323326,43.67863004322493,43.954017639160156,33424300
2025-05-21,43.63928523946202,43.7573117035972,42.43937953574935,42.5377311706543,55594100
2025-05-22,42.46888441007348,42.85246104003921,42.25250631034947,42.596744537353516,29026200
2025-05-23,41.7804121216395,42.714767672938855,41.652551993093425,42.488555908203125,34875100
2025-05-27,43.068837668850946,43.491756439208984,42.58690566825426,43.491756439208984,36322000
2025-05-28,43.48191999869661,43.70813175853284,43.236037161673615,43.33439254760742,35673800
2025-05-29,43.63928520791694,43.727803180017155,43.17702802194861,43.51142883300781,28545100
2025-05-30,43.46224968457939,43.57043873506888,42.99999249413484,43.40324020385742,66537500
2025-06-02,43.15735791543923,43.42291183771354,42.64592114867474,43.35406494140625,28582600
2025-06-03,43.28521344512366,43.99335722398029,43.21636655016531,43.914676666259766,31320200
2025-06-04,43.865493341841656,44.34742531717005,43.60977686129688,43.62944793701172,30591700
2025-06-05,43.71796722195444,43.84582734202489,43.28521104690806,43.64912033081055,32020900
2025-06-06,44.21303325967891,44.687909884822545,44.16356765218177,44.490047454833984,37013000
2025-06-09,44.62855348517519,44.915459297506125,44.30207367652606,44.39111328125,32414000
2025-06-10,44.321862638094224,44.71759507083871,44.272397027497206,44.608768463134766,32229100
2025-06-11,44.717594287157915,44.925352112414906,44.074530038713945,44.25260925292969,47873500
2025-06-12,43.92613412717967,44.173465954981395,43.55018869220548,44.14378356933594,30165400
2025-06-13,43.53040237571973,43.98549204025513,43.19403093367526,43.619441986083984,43281700
2025-06-16,44.16356853035684,44.410900346744576,43.876662717590904,43.9360237121582,34103600
2025-06-17,43.797520012149896,44.193248667653435,43.58976218496172,43.7579460144043,27489600
2025-06-18,43.78762150121133,44.7175915119532,43.73815589455108,44.57908630371094,37684700
2025-06-20,44.82642202148282,45.16279345969375,44.786848023108774,45.0143928527832,64591600
2025-06-23,44.91546246138788,45.875107408806336,44.628556628847065,45.80585479736328,42683600
2025-06-24,46.25104979798701,46.68635243745146,46.07297058775518,46.162010192871094,45437600
2025-06-25,46.08286816128915,46.47859682304527,45.964146166176526,46.34998321533203,33532400
2025-06-26,46.44891688161067,47.072194129165254,46.39945127205519,46.95347213745117,40127000
2025-06-27,46.94358341298193,47.16123286321212,46.409345739355935,46.617103576660156,56705000
2025-06-30,47.11176554797973,47.11176554797973,46.52806228285047,46.81496810913086,47921200
2025-07-01,46.51817127905674,47.9032272698055,46.43902328153634,47.636112213134766,48540900
2025-07-02,47.843869093810945,48.20991914009973,47.54707165698264,48.19013214111328,48003600
2025-07-03,48.42757432278852,48.78373277104842,48.28906909823952,48.40778732299805,21620300
2025-07-07,48.21981495832435,48.68479622972442,47.85376113477392,48.14066696166992,35567900
2025-07-08,46.993044953556165,47.279950765344566,46.260941118989905,46.64678192138672,88086500
2025-07-09,46.65667614502172,46.94358197286942,46.211478097324296,46.340091705322266,46227900
2025-07-10,46.399451614946535,46.71603604722211,46.2807296223551,46.46870422363281,44225000
2025-07-11,46.14222260305687,46.31041019900135,45.75638557716256,46.23126220703125,31653000
2025-07-14,46.31041115129529,46.56763458251953,46.053183946086996,46.56763458251953,36381200
2025-07-15,46.37966390526851,46.50827373429503,45.45958923370059,45.65745544433594,55145000
2025-07-16,45.756387649828184,46.06308047162889,44.529620136609495,45.538734436035156,61296600
2025-07-17,45.152896692781866,46.71603561491339,44.95503048094465,46.51816940307617,56480700
2025-07-18,46.50827528372932,46.87432910649431,46.39945244953928,46.81496810913086,48314200
2025-07-21,47.03261996781788,47.52728360961491,46.696248540436535,46.97325897216797,32199700
2025-07-22,47.09197856262604,47.655894828799006,46.953473342721686,47.26016616821289,34749400
2025-07-23,47.497599474886094,47.794400668216795,47.29973704464422,47.62621307373047,31380100
2025-07-24,47.97248159299052,48.477036846554725,47.695467387558175,47.8735466003418,42967600
2025-07-25,47.87354610951156,48.03183832214253,47.42834808211696,47.93290710449219,24461200
2025-07-28,47.932908953311376,48.02194856222464,47.56685890510537,47.71525573730469,20590400
2025-07-29,47.873546510855256,47.99226472782773,47.378882870488525,47.4382438659668,26216500
2025-07-30,47.74493280476023,47.982373012177604,47.230485940993375,47.44813537597656,32265900
2025-07-31,47.25026734944235,47.517386157276434,46.68635112423173,46.765499114990234,40016300
2025-08-01,45.865213570633465,45.91467918012353,44.83631228771016,45.17268371582031,52310400
2025-08-04,45.46948334882029,45.61788395846157,45.15289890397087,45.36065673828125,31038900
2025-08-05,45.45959040189632,45.509056012330284,44.27239688156044,45.073753356933594,36798300
2025-08-06,45.22215134535199,45.44969617835782,44.90556690169307,44.935245513916016,27916800
2025-08-07,45.22214789750567,45.27161350543395,44.30207324890059,44.44057846069336,30609900
2025-08-08,44.66812928993475,45.805853425265006,44.49994168576513,45.51894760131836,37131600
2025-08-11,45.56841954267484,46.02350922234322,45.32108770277015,45.66735076904297,35559400
2025-08-12,45.98393526104046,47.15134184829535,45.86521703450156,46.99304962158203,35481200
2025-08-13,47.171127250177996,47.250271473860984,46.4884927532272,46.73582458496094,29465100
2025-08-14,46.58742378065468,47.220592663396204,46.3895575613019,47.2008056640625,21073800
2025-08-15,47.24037853516759,47.30963114419046,46.3994518404703,46.439022064208984,26276900
2025-08-18,46.41923442110776,47.52728369806374,46.290624591269726,47.40856170654297,43125100
2025-08-19,47.309632977790905,47.60643042424693,47.121662142298426,47.56686019897461,33783400
2025-08-20,47.65589371690488,47.98237353390568,47.35909628489403,47.8339729309082,30822200
2025-08-21,47.75482946851306,47.972482683302964,47.299739813937954,47.74493408203125,28713200
2025-08-22,48.00215867107213,49.129991133367035,47.94279767737831,48.95191192626953,45078900
2025-08-25,48.862872322720776,49.129991133367035,48.684793115623265,48.95191192626953,34715700
2025-08-26,48.724371990754236,49.72359095376787,48.724371990754236,49.71369934082031,40609300
2025-08-27,49.49604502981682,50.08964369121907,49.45647480491074,49.84231185913086,42428200
2025-08-28,50.01049094674476,50.099530548804786,49.74337214056469,49.951133728027344,32949400
2025-08-29,49.97092245922659,50.37654651909893,49.97092245922659,50.19847106933594,32496500
2025-09-02,49.684015469286535,49.931347280624706,49.13988246515541,49.88187789916992,52719800
2025-09-03,49.86209775350385,50.030281584084,49.16956788420826,49.525726318359375,38344200
2025-09-04,49.70380459428285,50.28750784498148,49.585082602491056,50.07974624633789,34796900
2025-09-05,50.179229668413335,50.52742248588473,48.97548613924178,49.5126953125,40063300
2025-09-08,49.54253849976274,49.65197041857458,48.62729662420132,49.20429611206055,48033100
2025-09-09,49.24408972252762,50.298610989847724,49.20429560791728,50.030006408691406,40060100
2025-09-10,50.109591451194845,50.368249404326136,49.7116616851881,49.87083435058594,31706300
2025-09-11,49.880781952203414,50.69654235260829,49.73155971016394,50.48762893676758,28055200
2025-09-12,50.43788669728845,50.666697164293886,50.19912580412262,50.31850814819336,27851100
2025-09-15,50.5871110449863,50.825871948111235,50.19912789801211,50.32845687866211,29043600
2025-09-16,50.378197119271405,50.61695801999187,49.95041986025508,50.398094177246094,31624400
2025-09-17,50.59706053846329,51.36308018668531,50.52742273362272,51.13426971435547,38337900
2025-09-18,51.22380583539772,51.92018390091105,51.03478567906482,51.860496520996094,35246900
2025-09-19,51.88039216343269,52.38775385374261,51.492405229694825,51.97987365722656,98970700
2025-09-22,51.49240433157024,52.07935424265834,51.49240433157024,51.65157699584961,27468000
2025-09-23,51.73116847422072,52.60662008022387,51.25365045139426,51.43272018432617,28278200
2025-09-24,51.5819424317855,51.97987601496217,51.19395927542499,51.43272018432617,27010400
2025-09-25,51.21385361907493,52.059461489753076,51.174059503871696,51.581939697265625,22957900
2025-09-26,51.84059724310213,52.347958925535295,51.71126826719734,51.94007873535156,20025800
2025-09-29,52.08930706580921,52.27832342740891,51.84059952924211,52.14899444580078,23701000
2025-09-30,52.208686196615616,52.298221062566355,50.75623507783783,51.32328796386719,29945000
2025-10-01,51.03478526042547,51.41282177501441,50.29861308435712,50.417991638183594,27709100
2025-10-02,50.38814775419973,50.58711074481815,49.81114445547411,50.219024658203125,22757200
2025-10-03,50.35829965849306,50.865665145349844,50.28866185362656,50.378196716308594,24565700
2025-10-06,50.66669908241042,51.05468222788927,49.63207483114961,50.12948989868164,25386300
2025-10-07,50.28866056370732,50.64680000524908,49.870833745225696,50.030006408691406,24107300
2025-10-08,50.13943883636832,50.24886696019632,49.52264143856134,49.582332611083984,24014200
2025-10-09,49.74150618863559,50.0200574088997,49.413210426202234,49.5325927734375,21816900
2025-10-10,49.6718684364571,49.88078185187763,48.29900180159581,48.39848709106445,31831900
2025-10-13,48.945641370483436,49.14460814822446,48.55765824112506,48.607398986816406,34462800
2025-10-14,48.597452165880824,50.238923460296725,48.27910681586909,49.8310432434082,42462600
2025-10-15,51.303391341776916,52.57677273948624,50.96514893363839,52.00971984863281,69992200
2025-10-16,52.328062637293606,52.487235304217876,49.74150585103032,50.179229736328125,49027700
2025-10-17,50.686596788049954,51.502357205626076,50.06980315902368,51.014888763427734,48915400
2025-10-20,51.174061396279875,52.00971887157183,51.104423589586865,51.77096176147461,25786000
2025-10-21,51.82070355694202,52.09925478934259,51.17406243032537,51.2536506652832,27303400
2025-10-22,51.233752823137344,51.3133410568782,50.17923149592612,50.835819244384766,34955000
2025-10-23,51.21385372072003,51.53219905302635,50.845767641798794,51.49240493774414,26028800
2025-10-24,51.581942653330685,52.54692912994441,51.581942653330685,52.298221588134766,38923900
2025-10-27,52.52703153678416,52.79563613460286,52.25842693896545,52.74589538574219,27345800
2025-10-28,52.725997223719986,53.004548447490784,52.06940948556326,52.5966682434082,29575200
2025-10-29,52.38775475601415,52.73594378526528,52.049512358323426,52.308170318603516,29158800
2025-10-30,52.39770084940474,53.16372050086534,52.28827272346102,52.75584030151367,37548600
2025-10-31,52.51708398205295,53.362688082751205,52.49718692386318,53.17367172241211,39295700
2025-11-03,52.98465186333173,53.36268838109932,52.43749604246928,53.283103942871094,31252300
2025-11-04,52.7458943549453,53.72082743447007,52.44744607263785,53.263206481933594,47226600
2025-11-05,52.68620232943654,52.79563425000927,51.47251216166126,52.17884063720703,54353600
2025-11-06,53.14382485157042,53.47212062303046,52.49718753032394,53.01449966430664,55296000
2025-11-07,52.87522415612451,53.30300142556261,52.43749645996876,52.924964904785156,40537700
2025-11-10,53.13387889915681,53.710882215775285,53.06424109128574,53.14382553100586,26094600
2025-11-11,53.4721197951487,53.70093027096805,53.00454841696631,53.35274124145508,22244300
2025-11-12,53.61139357898255,54.40725690143004,53.492015029359344,53.830257415771484,40536700
2025-11-13,53.5119139421885,53.929740777844685,52.497186747768865,52.5966682434082,37716100
2025-11-14,52.586720222817334,52.62651433801227,51.76100940991296,52.3380126953125,32363100
2025-11-17,52.30817118703486,52.30817118703486,51.124320877974895,51.2138557434082,35546800
2025-11-18,51.01488834406317,51.91023698768942,50.88556315829835,51.37302780151367,35189500
2025-11-19,51.402871474805,52.21863568038911,51.402871474805,51.75106430053711,28112300
2025-11-20,52.22858092364143,52.67625523341064,50.70649206540182,50.73633575439453,36661600
2025-11-21,51.02483718770596,51.51230181579871,50.43788727175451,51.29344177246094,43867200
2025-11-24,51.38297831584546,51.969928251008184,51.13427078052187,51.661529541015625,52852100
2025-11-25,51.97987254709621,52.60661657054433,51.591889416620205,52.208683013916016,41310100
2025-11-26,52.4275475516656,52.97470335312527,52.27832151718764,52.71604919433594,32045600
2025-11-28,52.83542951425304,53.66113655974826,52.77573833946782,53.37263870239258,18920800
2025-12-01,53.22341016728565,53.621343723909824,52.934908528481905,52.96475601196289,30536500
2025-12-02,53.253254749936225,53.36268666959407,52.69615231527918,52.91501235961914,46073500
2025-12-03,52.97470627924275,53.95958981225188,52.905068471300034,53.81036376953125,37134400
2025-12-04,53.92974181689325,54.40725983611872,53.72082839504008,53.880001068115234,38529600
2025-12-05,53.93000030517578,54.83000183105469,53.7400016784668,53.95000076293945,33986500
2025-12-08,53.900001525878906,54.209999084472656,53.4900016784668,53.900001525878906,34386600
2025-12-09,53.970001220703125,54.279998779296875,53.27000045776367,53.540000915527344,47189300
2025-12-10,53.59000015258789,54.54999923706055,53.34000015258789,54.08000183105469,54424400
2025-12-11,53.95000076293945,54.650001525878906,53.75,54.560001373291016,35686900
2025-12-12,54.779998779296875,55.29999923706055,54.349998474121094,55.13999938964844,40539400
2025-12-15,55.40999984741211,56.06999969482422,55.06999969482422,55.33000183105469,32809000
2025-12-16,55.13999938964844,55.349998474121094,54.689998626708984,54.93000030517578,15716514
