Date,Open,High,Low,Close,Volume
2015-12-16,50.28543811094068,50.635683424195946,49.37050846212072,50.542762756347656,6232300
2015-12-17,50.5999326814362,50.65711713140661,49.4705643348626,49.520599365234375,7068700
2015-12-18,49.18465274394581,49.449126762992925,48.341201104547046,48.348350524902344,9868500
2015-12-21,48.77008144065468,49.07029166924332,48.11247107126651,48.63426971435547,4124000
2015-12-22,48.820122724908735,48.920192813908145,48.14821888156058,48.827266693115234,3320700
2015-12-23,48.998820316343924,49.39195125252845,48.777231872476115,49.313323974609375,4048900
2015-12-24,49.163203343676685,49.49915516099715,48.920177618284356,49.299015045166016,1668200
2015-12-28,49.14891386226421,49.44912405985705,49.055987762954814,49.44197463989258,3004000
2015-12-29,49.67070986050219,50.13532402359527,49.570639788871055,49.84940719604492,4038300
2015-12-30,49.950037175741116,50.330950250978184,49.84223024345235,49.96440887451172,3445200
2015-12-31,49.676928628985024,50.115339444667036,49.439754486083984,49.439754486083984,4007000
2016-01-04,48.47667488490143,48.80728417951894,47.707660360367946,48.17481994628906,7113700
2016-01-05,48.51259494745429,49.518783198576976,48.45509722263932,49.12349319458008,7836700
2016-01-06,48.49105193461906,49.06601293760436,48.04545263359384,48.26106643676758,6691400
2016-01-07,47.32674769866605,47.93046306308183,46.67991176653729,46.92427444458008,8436600
2016-01-08,47.147079658797566,47.283635458320646,45.637799206881105,45.731231689453125,9076400
2016-01-11,45.78872324944271,45.98996263838894,44.5453631584138,45.264068603515625,10337800
2016-01-12,45.458123910317326,45.84622554715096,44.64598590916044,45.59467697143555,7796200
2016-01-13,45.7096671441943,46.342131471925256,43.97758705794098,44.04227066040039,9706400
2016-01-14,44.07102113750787,45.93246849626387,43.76197755249728,45.64498519897461,9343600
2016-01-15,44.33693795050751,45.220945319567065,43.89134134191147,45.12032699584961,11230600
2016-01-19,45.716857995897676,46.306196295618705,44.96221775763479,45.42937469482422,8463200
2016-01-20,44.73221912416335,46.41398963755251,44.41598703718767,45.67372131347656,8702900
2016-01-21,45.95402155833409,45.975584584308834,44.91908678578134,45.37187194824219,5665200
2016-01-22,46.32775802852701,46.572120761211565,45.74560830108048,46.284637451171875,6644000
2016-01-25,46.16244738024063,46.29899766910283,45.019703014086836,45.22093963623047,7957100
2016-01-26,45.30000495881408,45.31437939723102,44.50224144735851,45.05564498901367,5531500
2016-01-27,45.23532195671575,45.24251054684146,43.956027078722435,44.351314544677734,7537400
2016-01-28,46.11932631679616,46.17682406742159,43.122325977358685,43.956024169921875,17001400
2016-01-29,44.308197405790715,45.01971435134664,43.95603048671024,44.67473602294922,10139300
2016-02-01,44.46631405726182,44.81848100246054,43.15827010362813,43.711673736572266,10195800
2016-02-02,43.14388649041428,43.337937287332394,42.01551917405775,42.31018829345703,9915400
2016-02-03,42.5473609103874,43.25169188468101,41.64179055655021,43.20856857299805,11153900
2016-02-04,42.84922526094526,43.66136332166709,42.54018164690892,42.90672302246094,7987200
2016-02-05,42.94264723032704,43.165446889141315,42.39643233798828,42.85640335083008,7129500
2016-02-08,42.43237921467203,43.96322016625933,42.23832837398259,43.63980484008789,10656000
2016-02-09,43.31638238499156,44.54536817656976,43.143891852412374,43.855411529541016,6391900
2016-02-10,44.02070000941808,44.861583901772526,43.78352594235821,43.898521423339844,5933600
2016-02-11,43.03608963395502,43.30200992308373,42.36050465394678,42.7773551940918,6632300
2016-02-12,43.26606750488281,43.41699498743446,42.51861319846946,43.26606750488281,5979600
2016-02-16,45.077211444074266,45.077211444074266,44.092582899994206,44.689109802246094,7808000
2016-02-17,45.19938574597361,46.01152093829063,44.53098945172221,45.93965148925781,6971400
2016-02-18,45.96121184544749,46.01151826353103,45.21375755572506,45.508426666259766,6338700
2016-02-19,45.220947227032774,46.38525207195871,45.21376137859715,45.85340881347656,5873200
2016-02-22,45.92528156223984,46.29900600158234,45.51561965535254,45.78153991699219,5821700
2016-02-23,45.47968708817972,45.529996258190565,44.57411928634042,44.61005401611328,6293900
2016-02-24,44.44474574512302,44.81847291322826,43.718854437025,44.725040435791016,4825800
2016-02-25,45.01252631094147,45.321569895810434,44.77535217953992,45.30000686645508,4499900
2016-02-26,45.52999299469808,45.69529767476404,44.732232181003305,44.739418029785156,5345100
2016-02-29,44.74660131084718,45.08439375873327,44.50224134162734,44.509429931640625,7416300
2016-03-01,44.78253848055869,46.16963750474913,44.50224104641934,46.15526580810547,5203800
2016-03-02,46.12652070884004,46.780539883791626,45.78872823553283,46.64398956298828,6150500
2016-03-03,46.349324681156745,46.88835390525906,45.73842599049855,46.71586608886719,8198200
2016-03-04,46.715856277815135,46.92428152535683,46.11932941243246,46.50743103027344,7112000
2016-03-07,46.35650547327893,47.887346238180314,46.320568004403086,47.78672790527344,6979800
2016-03-08,47.51361110017149,47.69328743756942,47.24050504130983,47.62141799926758,6494600
2016-03-09,47.9089024870378,47.923274181758856,46.679911481845124,47.10395050048828,5431200
2016-03-10,47.556741819670805,47.6214281662534,46.342133248181625,46.67273712158203,5992100
2016-03-11,46.84522316830629,47.13988956230325,46.385252102100566,46.68710708618164,7107600
2016-03-14,46.4858779179531,46.50024961714865,46.00434648721883,46.083404541015625,5721800
2016-03-15,45.97559138922511,46.19838833800727,45.50843172085059,45.76716613769531,5400300
2016-03-16,45.55156151842011,46.22714379279949,44.710674544036955,45.019718170166016,8666400
2016-03-17,44.93345780123622,44.99814139094836,43.826650929114386,44.17881774902344,9640100
2016-03-18,44.229134559632506,45.15626525878906,43.84103295417482,45.15626525878906,17343800
2016-03-21,44.94064672319608,45.19219525224073,44.65316621497236,45.062828063964844,4002100
2016-03-22,44.97658744374499,45.45811876926445,44.83284580839882,45.134700775146484,5756300
2016-03-23,45.335939441770776,45.335939441770776,44.74659847204043,44.80409622192383,3651500
2016-03-24,44.689107887086514,44.96221674277747,44.36568986608984,44.933467864990234,5342100
2016-03-28,44.97658706168629,45.38624893687457,44.717852668589764,45.11314010620117,4699300
2016-03-29,44.88315643495493,46.3205646104169,44.79691254758883,46.133705139160156,6146300
2016-03-30,46.24215997929759,46.386760414070174,45.69269211701821,45.866207122802734,4489200
2016-03-31,45.981880709394694,46.299996122256175,45.76498559206162,46.18431854248047,5811600
2016-04-01,46.02524733428669,47.131416796735145,45.90956978844564,46.92898178100586,5804400
2016-04-04,47.00130031904243,47.95564119027432,46.82777978540539,47.69536590576172,5726500
2016-04-05,47.59413445768432,48.29543124088574,47.42784537381478,47.54352569580078,4340100
2016-04-06,47.543535935386785,48.541254105661366,47.543535935386785,48.10746383666992,5743900
2016-04-07,47.75319198802943,48.172519364019365,47.42784522045185,47.91947555541992,6309200
2016-04-08,48.317124973944594,48.38942242477405,47.45677041603095,47.76765441894531,4404500
2016-04-11,47.861654618663735,48.07132114884376,47.55077052438902,47.70260238647461,3545800
2016-04-12,47.68812695626838,48.6496990765193,47.61582950333463,48.3243522644043,4394100
2016-04-13,48.44002936814454,48.91720245434844,48.02069644680325,48.85213088989258,5643600
2016-04-14,48.91720445968665,49.38714064962039,48.81598140905665,49.06903076171875,3456900
2016-04-15,49.11963649818463,49.37991171873447,48.8521298781913,49.19916534423828,3247400
2016-04-18,49.22083951130484,49.849833178857466,48.86657275028832,49.784767150878906,3346300
2016-04-19,49.777539979953374,50.420996496760864,49.30037251977656,49.8209228515625,4019900
2016-04-20,50.01613276248884,50.283639359972156,49.459436402899506,50.052284240722656,6918800
2016-04-21,49.900461782906,50.78250506383552,49.79924424403955,50.72467041015625,5420500
2016-04-22,50.78973246278215,51.38258036484172,50.78973246278215,51.100616455078125,5804000
2016-04-25,51.05000728591081,51.20906498061018,50.63790576598139,51.0644645690918,4231400
2016-04-26,51.07168954819689,51.38257349895164,50.702965440106134,51.23074722290039,4608400
2016-04-27,51.230747384276,51.33196490196234,49.60403018667861,50.7752685546875,7572200
2016-04-28,51.895907283023305,52.82132800052731,50.24750094047647,52.242942810058594,13740700
2016-04-29,52.09832506471432,52.55380938735025,51.599468900031226,52.18508529663086,9503400
2016-05-02,52.19232439890488,52.30076780988166,51.68623124526649,52.02603530883789,7739100
2016-05-03,52.018800757878836,52.07664091752322,51.151220426977964,51.42595291137695,5758700
2016-05-04,50.91262599156301,51.29580733674837,50.71019098021531,51.17290115356445,6835200
2016-05-05,51.01385772300751,51.469342141497016,50.63790767080119,51.44042205810547,6368300
2016-05-06,51.331977746421295,51.693470547452435,50.52223188637229,51.49103546142578,4770100
2016-05-09,51.57777404785156,52.040489762902766,51.541628088635825,51.57777404785156,5283500
2016-05-10,51.874214261944324,51.874214261944324,51.22352615059214,51.71515655517578,5758800
2016-05-11,51.5633386529227,51.70793358303894,51.04278807899544,51.19461441040039,5356500
2016-05-12,51.36088978180537,51.61393359967509,51.0355430023087,51.53440475463867,4922600
2016-05-13,51.52718229908329,51.98266676625073,51.33197861025617,51.46211624145508,3935200
2016-05-16,51.63562469191631,52.78517454095416,51.34642937973472,52.65503692626953,5030700
2016-05-17,52.221239572298366,52.75624724128511,51.25966763510926,51.48379135131836,10779600
2016-05-18,51.26690921401883,51.91036592750395,51.071700021961654,51.39704132080078,5071000
2016-05-19,51.0644570085177,51.331963593263566,50.290862848242774,50.847564697265625,5425000
2016-05-20,51.0066239567819,51.4476455074512,50.84033488196354,51.16567611694336,5164000
2016-05-23,51.281355673037424,51.33196443141667,50.32701514649943,50.89817428588867,5905300
2016-05-24,51.28860543494423,51.650098271636104,51.20907656959658,51.49827194213867,3878800
2016-05-25,51.548874585357815,51.74407826693122,50.99940399449811,51.107852935791016,5810100
2016-05-26,50.99939932693623,51.31751472136295,50.818652946637734,51.13676834106445,3995000
2016-05-27,51.28860160371921,51.72239187215701,51.12231248424774,51.55610275268555,3630900
2016-05-31,51.592246047776044,51.968196083140924,51.28859345968037,51.83805847167969,7162500
2016-06-01,51.84529911266573,52.13449446923358,51.62117533139839,51.96097946166992,3726000
2016-06-02,51.9971057017388,52.777931213378906,51.90311959079604,52.777931213378906,4610800
2016-06-03,52.604435333272136,53.045457003398184,52.29355129557578,52.698421478271484,5039500
2016-06-06,53.08158348800018,54.31066190216956,53.07435760592085,53.7105827331543,9599500
2016-06-07,53.674452192566285,53.97087895164364,53.27681340143999,53.43587112426758,5037500
2016-06-08,53.47201392009257,53.493702605381976,52.98038349507732,53.07437515258789,5702700
2016-06-09,53.04545493656715,53.2912673904997,52.51767302673796,52.58274459838867,5693700
2016-06-10,52.41645721274963,52.76349273579358,52.18510203603451,52.524906158447266,5007100
2016-06-13,52.53933805111765,52.90083068476939,52.05493924584989,52.21399688720703,4726800
2016-06-14,52.21402485387935,52.88640173324506,52.17064747970827,52.850250244140625,4691900
2016-06-15,52.95870202520108,53.32742627318532,52.409231353922635,52.467071533203125,5390100
2016-06-16,52.30800398520163,52.4309102061582,51.16568548045423,51.85975646972656,10778200
2016-06-17,52.054944165180984,52.054944165180984,50.702959601819,51.0933723449707,15007700
2016-06-20,51.57056528779559,51.87421792254035,51.30305862426758,51.30305862426758,5165800
2016-06-21,51.4476445319033,51.693456924170775,50.869253996305424,51.51271057128906,6450900
2016-06-22,51.512716576793636,53.09605657772902,51.49102789446985,52.27907943725586,8093800
2016-06-23,52.67671972807814,52.71287120654273,52.16340072633984,52.517662048339844,5624500
2016-06-24,51.15122439571544,51.94650734673611,50.992166702322976,51.05000686645508,7414100
2016-06-27,50.8909560615195,51.425963862304506,50.674058174636244,50.84034729003906,7473500
2016-06-28,51.29582257554023,52.11279977739309,51.09338750405379,52.062191009521484,7066400
2016-06-29,52.41832200777781,53.18148057766208,52.3020280093937,53.05792236328125,6539800
2016-06-30,53.13061838843354,53.603053186576496,52.84715861858869,53.45769119262695,5763900
2016-07-01,53.5376286408101,53.90103908052713,53.29777641974808,53.62484359741211,3123100
2016-07-05,53.60303985826161,53.92284281967763,53.268702919146335,53.62484359741211,4255900
2016-07-06,53.79202673699297,53.8283644618797,52.96345119479467,53.68300247192383,6517600
2016-07-07,53.67571664930167,53.893765114200704,53.51581518106942,53.84288787841797,4056700
2016-07-08,53.99554036655258,55.03489476486654,53.78476158141703,54.715091705322266,5428100
2016-07-11,54.729617465455355,55.12209588227094,54.53337271184401,54.79502868652344,5278000
2016-07-12,54.8604520775737,55.63815033367123,54.8604520775737,55.383758544921875,5934800
2016-07-13,55.73990864564268,55.88527063898652,55.311081338430526,55.65995788574219,4651000
2016-07-14,55.812585637474406,55.90707037184768,55.44917513498678,55.79804611206055,4352600
2016-07-15,56.045175180843984,56.052444944464554,54.56972924254737,55.2384033203125,7523600
2016-07-18,55.434628963727214,55.500045729838604,54.96219980329438,55.20931625366211,3793900
2016-07-19,55.16571317304724,55.37649192145672,54.82410642718373,54.853179931640625,3693200
2016-07-20,55.027623272435164,55.267475559558164,54.90406501974929,55.03489303588867,3949500
2016-07-21,54.95492021270121,55.29652687022154,54.62058331571606,54.874969482421875,3376600
2016-07-22,54.87498940221859,55.2238659469174,54.511578876376085,55.00581741333008,5276200
2016-07-25,55.02034885928252,55.056692128273994,54.562453614093194,54.91859436035156,3989000
2016-07-26,55.078487724172874,55.14390448963997,54.43161755728307,54.55517578125,3826400
2016-07-27,54.6569360711222,55.81985408790682,54.518843854162185,55.58000183105469,5542600
2016-07-28,54.80957344440881,55.58727168086216,54.148163682694054,54.26445770263672,7412600
2016-07-29,54.19901963144565,54.6278467299623,53.94463349429267,54.37345504760742,4861100
2016-08-01,54.606053785123294,55.456438476840354,54.43161831678288,55.376487731933594,5081900
2016-08-02,55.25292810039742,55.28927136724268,54.30079439725448,54.547916412353516,4479000
2016-08-03,54.46069566761059,54.55518039772118,53.96645718471681,54.3662109375,4349600
2016-08-04,54.48250748081791,54.96221205522325,54.199047703289224,54.744163513183594,3474900
2016-08-05,45.06289898189538,47.07619057716458,44.74309876145087,45.993228912353516,86212600
2016-08-08,46.15313656369662,46.262160829974604,43.60926289483145,43.827308654785156,60132800
2016-08-09,44.08169059020971,45.244602971191576,44.02354358485971,44.77943801879883,25005600
2016-08-10,44.89573495913012,44.93934521868158,43.9726719264737,44.030818939208984,14455100
2016-08-11,44.11802804887055,44.43056124963371,43.79095809776937,44.31427001953125,14576300
2016-08-12,44.50324923373795,44.55412648162848,44.052620992735164,44.06715774536133,9376500
2016-08-15,44.147114264875505,44.23433201942255,43.6165324288247,43.63106918334961,12142900
2016-08-16,43.62379643101085,43.892719422699116,43.100484427637326,43.18043518066406,13273700
2016-08-17,43.24584674011867,43.260383491903205,42.20649255464044,42.373661041259766,21007400
2016-08-18,42.351860067828724,43.2313128137564,42.34459030516038,42.64985656738281,14693300
2016-08-19,42.69346496372177,43.136823426082806,42.54083045296592,43.09321594238281,12134900
2016-08-22,43.35487365109246,43.37667739380551,42.889705883264924,43.0714111328125,11133600
2016-08-23,43.25311071522706,43.63832767916522,43.100478991029796,43.50749969482422,10583000
2016-08-24,43.46389876924485,43.60926353555048,42.446350950310055,42.58444595336914,13198700
2016-08-25,42.58444574922677,43.180438792880686,42.41727723918748,42.708003997802734,9116500
2016-08-26,42.708005047400654,43.173172863301225,42.54810629664337,42.715274810791016,7845200
2016-08-29,42.802491511338786,42.98419677519918,42.48995823569072,42.708003997802734,6573300
2016-08-30,42.860637206575106,42.860637206575106,41.54509013860603,41.60323715209961,16800500
2016-08-31,41.69772444568685,41.79947895293472,41.37065440624556,41.71226119995117,12533900
2016-09-01,41.864889971469466,41.8794267246958,41.05812096192463,41.25436019897461,12873900
2016-09-02,41.37792891154125,41.37792891154125,40.05511462052118,40.95637130737305,34001000
2016-09-06,41.20348484897444,41.52328788949617,40.789197067027935,41.39972686767578,11710600
2016-09-07,41.44333435251577,41.75586760884719,41.007240082642994,41.11626434326172,11719300
2016-09-08,41.15986721022317,41.61049537948918,40.90547823866532,41.29069519042969,11571500
2016-09-09,41.13806373738618,41.43606020929191,40.45485305786133,40.45485305786133,12349600
2016-09-12,40.19320860021111,41.02178425851863,39.98969956767315,40.934566497802734,9958900
2016-09-13,40.76011993226009,40.7964604249949,40.040565976662684,40.4112434387207,9473400
2016-09-14,40.59295077321151,40.76738902899777,40.05510479869108,40.1423225402832,9007200
2016-09-15,40.22953340861863,40.94908727847266,40.171389181691886,40.6801643371582,9835200
2016-09-16,40.8618744209583,40.999969402391315,40.3603661943716,40.4112434387207,12082900
2016-09-19,40.665628055577876,40.68016480562735,39.98968442758595,40.033294677734375,10517400
2016-09-20,40.22954853011787,40.905492404399745,40.09145351323329,40.38218307495117,9940200
2016-09-21,40.60021909881583,40.789191327677855,40.16412486108497,40.65109634399414,11651400
2016-09-22,40.723776755124845,41.17440773833844,40.60748551456047,41.00723648071289,10611000
2016-09-23,40.92002191220955,41.39245667317533,40.89094840666659,41.05084991455078,8569100
2016-09-26,40.89094749761067,40.92729076503246,40.265883777945504,40.32402801513672,8599800
2016-09-27,40.469386423075356,40.622018140953166,40.33855844415106,40.512996673583984,8619900
2016-09-28,40.563885181186095,40.563885181186095,39.92428185905769,40.04057312011719,13768400
2016-09-29,40.16413140660827,40.171401170019585,39.073899793509646,39.15385055541992,17228500
2016-09-30,39.19744767845484,39.51724784629133,39.175643940734595,39.19017791748047,13326700
2016-10-03,39.204711682786886,39.75709702553444,38.92852178401433,39.728023529052734,9697200
2016-10-04,39.90246441823004,40.571138246661036,39.82978067213879,40.127777099609375,14042700
2016-10-05,40.17901941181712,40.39857633047594,39.878957638225955,40.098514556884766,10964100
2016-10-06,39.937492507421496,40.515661021644924,39.8716251729933,40.28878402709961,10955300
2016-10-07,40.41321260143968,40.91087642423238,40.29611539559537,40.56690216064453,12714400
2016-10-10,37.17108200227462,37.544328489555895,36.25625916972298,36.453861236572266,65259700
2016-10-11,36.351391069873394,36.761232617499935,36.22697653095044,36.26356887817383,24532500
2016-10-12,36.46116770259353,37.30280557393349,36.40262051053914,36.6002197265625,18137500
2016-10-13,36.32211323251112,36.95151155765616,35.94886409001037,36.76854705810547,15096000
2016-10-14,36.84904430836924,37.068603912776204,36.417248033820584,36.42456817626953,13848400
2016-10-17,36.36603544022611,36.43922294032231,35.93423896102039,36.109886169433594,11578000
2016-10-18,36.212353717367925,36.8490697510504,36.1098939868694,36.629512786865234,8773300
2016-10-19,36.55632604100851,36.72465313063515,36.446546169078125,36.49777603149414,7636200
2016-10-20,36.45385899939015,36.94420266747281,36.41726385487976,36.856380462646484,9310200
2016-10-21,36.673415110152064,36.9222470115988,36.505088057970084,36.607547760009766,8558700
2016-10-24,36.67340129931384,36.71731098832775,35.89031353797931,36.02936553955078,12107600
2016-10-25,36.022057153045736,36.688047923053155,35.88300232505286,36.26356887817383,10212800
2016-10-26,36.285539003416254,36.417270940377286,35.9122896746027,36.073299407958984,8331100
2016-10-27,38.36399778422138,38.912891323771554,37.07592883980975,38.02734375,31896700
2016-10-28,38.13711552129711,38.21762033678847,37.07592101056042,37.32475280761719,13798700
2016-10-31,37.361347911273214,37.778506720791604,37.068606405406136,37.258888244628906,11326200
2016-11-01,37.27353283656697,37.588232039368165,36.871011444463626,37.17839050292969,8740800
2016-11-02,37.27353637078928,37.31012872048339,36.98079198960177,37.010066986083984,8197300
2016-11-03,36.96616185314014,37.23695143680217,36.66610005898369,36.746604919433594,14924800
2016-11-04,36.958830658022215,37.6540963475761,36.92955566667289,37.33207702636719,12818000
2016-11-07,37.83707904681265,38.86167911028709,37.75657417780589,38.5103874206543,12825300
2016-11-08,38.268870317682676,39.03732095706302,38.07126824610182,38.90558624267578,10094000
2016-11-09,40.43517026931966,41.93547919606208,40.17902098615064,41.20362091064453,28681000
2016-11-10,41.71592253700394,42.11844403820796,41.145073964089804,41.46709060668945,17744300
2016-11-11,41.21093877229718,41.518317895059766,40.89623950366826,41.25484848022461,12438300
2016-11-14,41.46708653004151,41.606138586440174,40.99869771710124,41.39390182495117,7234900
2016-11-15,41.518319190196394,41.56223169131129,40.80841577716976,41.489044189453125,9312800
2016-11-16,41.49635738676989,41.5109948846904,40.93282628000802,41.130428314208984,8935500
2016-11-17,41.53295745643418,41.78910673811679,41.02797624748084,41.481727600097656,6820500
2016-11-18,41.40854364917287,41.598825577371926,41.16702907187862,41.54027557373047,7387400
2016-11-21,41.50367304955062,41.60613273900415,41.276798820565546,41.518310546875,11312300
2016-11-22,41.46708627108559,41.64273347075008,41.174341868917296,41.38658142089844,10350000
2016-11-23,41.020650075057766,41.554906206808596,40.82304803315255,41.53295135498047,10151000
2016-11-25,41.60615156556117,41.81839118507628,41.50369182974516,41.7012939453125,6228600
2016-11-28,41.65736535495312,41.686640351549386,41.167021725143734,41.357303619384766,8724200
2016-11-29,41.43781380965684,41.63541587444657,41.086522180636535,41.24753189086914,9818900
2016-11-30,41.196306603357385,41.48904826408695,40.9840670148513,41.30608367919922,16418900
2016-12-01,40.940148150978075,41.181662705592714,40.57421903803535,40.83768844604492,12719600
2016-12-02,40.75718613966102,41.064568065473054,40.47176186043268,40.95478820800781,9281500
2016-12-05,40.881585833522585,40.95477051233273,40.42051453993239,40.65470886230469,9904400
2016-12-06,40.771817574170925,41.01333210793537,40.66204052485581,41.006011962890625,5924400
2016-12-07,40.654726910736116,40.74986926888043,39.78381656226705,40.427852630615234,12210800
2016-12-08,40.20097150826848,40.55958046605243,40.09119166056135,40.420528411865234,8191200
2016-12-09,40.369295559060625,41.84764936135356,40.325383064879425,41.74518966674805,11782800
2016-12-12,41.59150361914325,41.6939633223569,41.27680436394847,41.38658142089844,8829300
2016-12-13,41.71591747709246,41.96474937722501,41.49636057505021,41.84033203125,6902800
2016-12-14,41.93548624004505,42.82835439161291,41.91353138117642,42.813716888427734,12603900
2016-12-15,42.82101850291825,43.76511617267067,42.65269146589388,42.92348098754883,13210800
2016-12-16,43.121088143212994,43.21623050049608,42.594152084623175,42.90153121948242,12218200
2016-12-19,43.20890307207568,43.801706348755346,43.19426557499731,43.48700714111328,8399100
2016-12-20,43.39918310156898,43.56751012307345,43.13571374901695,43.26744842529297,3918800
2016-12-21,43.347959056036885,43.60411109052067,42.945437621067924,42.952754974365234,4471200
2016-12-22,42.9893554649244,43.164999884086775,42.82834575417748,43.003990173339844,4812000
2016-12-23,43.06985054908181,43.860258682681255,43.0113033494544,43.62606430053711,5412800
2016-12-27,43.626073451622894,43.72853316632594,43.391879020353684,43.4211540222168,4251900
2016-12-28,43.3918707705161,43.50164781890475,42.84297715312093,42.89420700073242,4249100
2016-12-29,43.04057415974131,43.31867821660777,42.90883948361847,43.106441497802734,3642700
2016-12-30,43.07717253399408,43.1503572346088,42.60146360454632,42.76979064941406,7008900
2017-01-03,43.0186257039707,43.677299225216565,42.87225629197613,43.50897216796875,10061700
2017-01-04,43.80364248660106,44.01728353302119,43.486865158530634,43.567901611328125,6703400
2017-01-05,43.75207343304438,44.510864183858864,43.693139620582045,44.29722595214844,8422300
2017-01-06,44.2309217383533,44.44456277105061,43.354257780130794,44.16461944580078,10104600
2017-01-09,44.01728237337143,44.14251848057514,43.943614405634285,44.00254821777344,5263000
2017-01-10,44.03938685515909,44.532971283962695,43.99518719394748,44.18672561645508,6103700
2017-01-11,42.81646771544896,43.36898580520704,41.64512925275173,41.84403610229492,20497900
2017-01-12,41.623043787126264,41.82931637917964,41.2694324249262,41.65987777709961,9977900
2017-01-13,41.6672536751941,41.79248982543768,41.29153960395575,41.416778564453125,7660200
2017-01-17,41.17365140459531,41.68196989271543,40.672701398760964,41.460960388183594,10416300
2017-01-18,41.630405989057344,41.65987430267969,41.1736583689232,41.3062629699707,6639200
2017-01-19,41.32836938150443,41.48307664753199,40.76848538478495,40.878990173339844,7122300
2017-01-20,40.87896994863178,40.87896994863178,36.038909254736424,36.26728439331055,77021200
2017-01-23,36.48829195426544,37.062912650332144,36.208351492600634,36.834537506103516,23886100
2017-01-24,36.87137927771034,36.937681571650494,36.04628624998507,36.06838607788086,17172800
2017-01-25,36.34832827338341,36.51776683921396,35.950514522171126,36.50303268432617,15978500
2017-01-26,35.795818188991205,36.473572605256976,33.89515393334848,34.49187469482422,44800800
2017-01-27,34.81601400469794,35.81791417350992,34.712877718541364,35.16962814331055,22918700
2017-01-30,35.52323353134131,36.17151945313187,35.3316923374353,35.869476318359375,15738200
2017-01-31,35.65584860263379,36.40727101448897,35.51587550198647,36.21573257446289,15094000
2017-02-01,36.193641507095876,36.333611831387365,35.596920589371805,36.3115119934082,16021900
2017-02-02,36.35570032998578,37.49020516329749,36.29676651033817,37.20289611816406,18610200
2017-02-03,37.27657124036182,37.50494650962201,37.099766937276414,37.409175872802734,10934000
2017-02-06,37.31340654853509,37.63754963135022,37.2471042349759,37.60071563720703,8263400
2017-02-07,37.9322246512061,38.543676781527,37.7627832310986,38.05746078491211,15747800
2017-02-08,37.78489137238032,38.396343591673656,37.65965241019736,38.30794143676758,12236500
2017-02-09,38.30793265248403,38.492105405620975,37.910118831247466,37.94695281982422,5813100
2017-02-10,38.0206300991951,38.285839358636885,37.95432778433466,38.05009841918945,5845600
2017-02-13,38.182696394844534,38.37423482092121,38.027989146961744,38.33003234863281,6769700
2017-02-14,38.536314451542616,39.98022840797657,38.37424150185488,39.56768035888672,19785200
2017-02-15,39.560306365880756,40.768479128871206,39.486635581397756,40.540103912353516,11860800
2017-02-16,40.57694977095268,40.63588360144651,39.72238534163571,39.98759460449219,9917100
2017-02-17,40.00231659924446,40.31172824856386,39.840246506984634,40.21595764160156,9706100
2017-02-21,40.08335545707587,42.146089605456446,39.34666448906473,40.35593032836914,26919300
2017-02-22,40.878991320366005,41.58621411825151,40.73165253490979,40.77585220336914,21293700
2017-02-23,40.98211838570326,41.32099554865874,40.53273645601087,41.08525466918945,14410400
2017-02-24,41.19576247697382,41.600944805724474,41.1662969705447,41.57884216308594,11382500
2017-02-27,41.62304148584343,41.99138698571815,41.431503062419964,41.66724395751953,11285300
2017-02-28,41.65251958684369,41.939828694610746,41.40941015088461,41.77775573730469,9046000
2017-03-01,41.99138831096174,42.168195392993,41.63777695715245,42.123992919921875,13349300
2017-03-02,41.91035208983683,42.352368392330604,41.68934534371657,41.88825225830078,12103700
2017-03-03,41.799853104204274,42.24186662798121,41.718816635786034,42.18292999267578,9645800
2017-03-06,42.00612567892603,42.160830131118246,41.424139051818074,41.96929168701172,7917200
2017-03-07,41.45360407613472,41.71881329325356,41.09262423944446,41.497806549072266,16970300
2017-03-08,41.49780822853324,42.35973540879938,41.41677176332805,42.07979202270508,13556400
2017-03-09,42.26395655390837,42.76490659556195,42.13872044862137,42.720706939697266,7535200
2017-03-10,42.75018792561803,43.12590199807977,42.588117778319415,42.963829040527344,8547300
2017-03-13,42.94909304363755,42.94909304363755,41.888258810179806,41.93982696533203,11689400
2017-03-14,41.954560831207274,42.43340838429918,41.68198589727781,41.76301956176758,11746400
2017-03-15,41.74827057142705,42.676502648426684,41.74827057142705,42.47023010253906,10337700
2017-03-16,42.23449123551415,42.418663963085194,42.079784008562335,42.219757080078125,9903900
2017-03-17,42.16081492163985,42.17554907514093,41.3357219973462,41.468326568603516,15881900
2017-03-20,41.49781741545845,41.77775805327361,41.43151509381718,41.5567512512207,8481400
2017-03-21,41.623048057517224,41.740918523677045,40.79795479439851,41.04106140136719,9394500
2017-03-22,41.03368914413931,41.56410475164301,40.64324100428914,41.51990509033203,9808300
2017-03-23,41.31362987566099,41.645138555365776,41.018952371197905,41.08525466918945,7624700
2017-03-24,41.15892230749369,41.43886565344557,41.01895203964422,41.17365646362305,6170600
2017-03-27,40.96001858925188,41.512536840780925,40.908450443929425,41.28416442871094,11139700
2017-03-28,41.28416431193881,41.527270880592326,41.203127852303254,41.402034759521484,8525900
2017-03-29,41.379923621882185,41.659866931254335,41.20311939193851,41.21785354614258,6136200
2017-03-30,41.225228048886315,41.2546963636068,40.70217810873706,40.7832145690918,8147500
2017-03-31,40.73899912585709,41.01157392460175,39.89917209549357,40.06124496459961,12390400
2017-04-03,40.17174928962449,40.635865290487665,39.68553346356627,39.93600845336914,16315800
2017-04-04,39.93601714864498,40.03915343568102,39.74447873132848,39.88444900512695,8996700
2017-04-05,40.062528401843224,40.166412998058526,39.32791145188178,39.38727569580078,10095800
2017-04-06,39.36501616227422,39.721193165285705,38.96431597239511,39.54310607910156,7404700
2017-04-07,39.52826841278801,39.817662075682186,39.238874749893824,39.63957214355469,7969300
2017-04-10,39.5876350402832,39.85476855826803,39.476331294885405,39.5876350402832,7409100
2017-04-11,39.543119762496644,39.654423522216184,39.28340532852936,39.313087463378906,6996500
2017-04-12,39.19436320181153,39.43181462808706,39.14242087922902,39.32051086425781,7193000
2017-04-13,39.36502063963041,39.46890525682747,39.16467052190314,39.20177459716797,7169400
2017-04-17,39.14241325526232,39.49117120808203,38.9791643700031,39.29082107543945,6471400
2017-04-18,39.09046902989635,39.43922696564951,39.02368565561688,39.275978088378906,8036700
2017-04-19,39.327929585278596,39.81767350085063,39.238886008986654,39.47633743286133,8140600
2017-04-20,39.63216257462256,39.74346916284683,39.468913666732064,39.654422760009766,6092500
2017-04-21,39.62473586349995,39.854765283473924,39.439226805769415,39.68409729003906,5224400
2017-04-24,39.95864850335887,40.069955066356144,39.706356080456075,39.73603820800781,9783300
2017-04-25,39.810244234702544,40.30740714213788,39.810244234702544,40.02543258666992,9321100
2017-04-26,40.10705358022447,40.55227697126191,39.85476117449624,39.89928436279297,9453900
2017-04-27,41.07912889013927,41.65049716508878,40.530020797770995,41.30915832519531,15317800
2017-04-28,41.33141775987129,41.79890136810781,41.08654445010432,41.591129302978516,8248700
2017-05-01,41.806321613139474,42.169920613946715,41.48724580548523,41.784061431884766,7420300
2017-05-02,41.80632331714596,42.140240202794836,41.220113987967245,41.516929626464844,17278100
2017-05-03,41.17558976783114,41.24237313870711,40.604221557146396,40.85651397705078,10651100
2017-05-04,40.86393648316433,41.22011354716633,40.774892924824755,40.952980041503906,6205100
2017-05-05,40.99751183524492,41.05687610701878,40.78232059603109,40.923309326171875,5938300
2017-05-08,40.804575391180926,40.945561262268896,40.47065850634762,40.76747131347656,4730500
2017-05-09,40.722943598462344,41.16816414411194,40.62647810900243,41.0494384765625,7134600
2017-05-10,40.94557187759147,41.04203740947325,40.7229615068711,40.915889739990234,6361400
2017-05-11,40.915889739990234,41.30174903687295,40.73038062594919,40.915889739990234,6810200
2017-05-12,40.960402856915856,41.093969612576444,40.66358721530483,40.83425521850586,5177000
2017-05-15,40.834250015710076,40.98265781760657,40.68584504445696,40.886192321777344,4935000
2017-05-16,40.811994687618444,41.01976393658578,40.2183662401091,40.359352111816406,9259500
2017-05-17,40.359354033152236,40.530022043020715,39.84735000354681,40.37419509887695,7724300
2017-05-18,40.21837214290256,40.433563371284166,39.565379339481595,39.906715393066406,12419900
2017-05-19,39.936392896105566,40.27772891010624,39.936392896105566,40.084800720214844,8640900
2017-05-22,40.08479598542228,40.322247343691984,39.980911370009714,40.14415740966797,4462800
2017-05-23,40.1886716219711,40.38902169149505,40.173830561564564,40.225772857666016,7187100
2017-05-24,40.40386582481144,40.40386582481144,39.67667079344161,39.93638229370117,6460700
2017-05-25,39.9883339782926,40.50034081416743,39.83992615875434,40.359352111816406,8493100
2017-05-26,40.3445194744385,40.67843643049119,39.99576428091174,40.047706604003906,4968200
2017-05-30,40.01801681518555,40.24804908106521,39.891869175624514,40.01801681518555,7137500
2017-05-31,40.17384185508004,40.32966878718986,39.966072612266956,40.03285598754883,8140700
2017-06-01,40.06995565912766,40.463233947753906,39.98091210579867,40.463233947753906,6561600
2017-06-02,40.59680287505225,40.938138873362306,40.44839505776501,40.78973388671875,7470900
2017-06-05,39.8918609649723,40.33708433981419,38.74170553358967,38.85301208496094,18743100
2017-06-06,38.80849805660011,38.882703385240205,38.31133509260881,38.333595275878906,11724700
2017-06-07,38.48200121337527,39.01626823078057,38.25939089967097,39.008846282958984,10562700
2017-06-08,39.00885211913623,39.595061536421476,38.99401105191639,39.21662139892578,8687200
2017-06-09,39.15726504489173,40.203536359264056,39.06822146065533,39.88446044921875,7553100
2017-06-12,39.884450761493845,40.337093353271484,39.69152257073548,40.337093353271484,8766700
2017-06-13,40.210933685302734,40.30739916715318,39.99574537591125,40.210933685302734,4776800
2017-06-14,40.2480413342286,40.67100170605489,40.16641690621945,40.455810546875,5622400
2017-06-15,40.433562636529516,40.61164977836187,40.08480464036202,40.277732849121094,5679700
2017-06-16,40.455820042203726,40.515181475188236,39.78056711197205,40.41129684448242,12535400
2017-06-19,40.41129347980668,41.086546353816274,40.30740885775038,40.975242614746094,6210600
2017-06-20,41.01233747023119,41.85825821017849,40.88618985550326,41.30173110961914,7461100
2017-06-21,41.36852091661046,41.98441236250841,41.2572143469092,41.60597229003906,8783600
2017-06-22,41.754379891463294,42.96389976471548,41.66533633454619,42.54093933105469,8289600
2017-06-23,42.496421985228864,42.5632053697677,41.73212545267424,42.02893829345703,20794800
2017-06-26,42.088296979938164,42.4964163510586,41.81374152954348,42.23670196533203,5595900
2017-06-27,42.14765881348823,42.192182007920955,41.44272380351026,41.479827880859375,5477500
2017-06-28,41.665341220343166,41.83600923721548,41.38336662128961,41.45756912231445,5126300
2017-06-29,41.48725457993849,41.65050349204934,41.175600653884175,41.42047119140625,5037800
2017-06-30,41.54661019465871,41.605971621740544,41.316577941938064,41.34626007080078,4679700
2017-07-03,41.7543830871582,42.20702568464916,41.68759970669816,41.7543830871582,6257600
2017-07-05,42.04580744603676,42.13547248855873,41.50781149010429,42.10558319091797,5887400
2017-07-06,41.918765493935695,42.00095961006645,41.24627362181015,41.30604934692383,5546100
2017-07-07,41.47791862776554,41.84405536639755,41.15661868214162,41.77680587768555,5487500
2017-07-10,41.91876944150611,42.08315768924837,41.70955010830661,41.791744232177734,4050800
2017-07-11,41.702073377428455,41.91876357775955,41.171548520399135,41.34341049194336,4630300
2017-07-12,41.57504449900601,42.02337523464167,40.98474393147194,41.12671661376953,9081000
2017-07-13,41.14167038433418,41.23133541119468,40.514009495511075,40.85025405883789,8130900
2017-07-14,40.95487003366288,41.43308735108568,40.72323227348618,41.20892333984375,6042900
2017-07-17,41.30605234324519,41.49285612967506,40.78300402156121,40.939918518066406,3719200
2017-07-18,40.924965281190076,40.96232546055263,40.66343832485429,40.902549743652344,3701400
2017-07-19,40.92496783434334,41.24627052762426,40.805413542685265,41.149131774902344,3321700
2017-07-20,41.30605907453844,41.63483561648862,41.23133868794978,41.42561340332031,3862400
2017-07-21,41.403190459617136,41.67218836391257,41.38077491772569,41.582523345947266,5009100
2017-07-24,41.58252142151976,41.799211634040915,41.208913871822006,41.54515838623047,6700900
2017-07-25,41.73943692676469,41.978545536373694,41.672187452162184,41.80668640136719,7312900
2017-07-26,41.80668602130277,41.95612961354967,41.470438651347095,41.8291015625,8049300
2017-07-27,39.84898033538348,40.678386653847355,38.900016871484205,40.52894592285156,21645100
2017-07-28,40.5289495054991,41.537688780886626,40.30478268839122,41.298580169677734,9099600
2017-07-31,41.537695169404195,42.74071215792321,41.47044568400872,42.51654815673828,10824300
2017-08-01,42.70334338873034,42.718285182128184,41.59746255093211,41.926239013671875,11075300
2017-08-02,42.060748870353535,42.18030320135088,41.171560861310724,41.268699645996094,6294200
2017-08-03,41.171548930113204,41.75437861892577,41.156607137168635,41.470436096191406,5484400
2017-08-04,41.51527296155618,42.00843482517469,41.485383672755184,41.80668640136719,4161500
2017-08-07,41.844050430705074,42.10557460573709,41.52274767258018,42.068214416503906,5126000
2017-08-08,42.10556446026643,43.017167679980986,42.0682042800353,42.52400588989258,7887200
2017-08-09,42.43434649277378,43.009702465613785,42.22512432512324,42.8901481628418,7675600
2017-08-10,42.77806249443451,42.77806249443451,42.255011378571176,42.2849006652832,5134600
2017-08-11,42.29984609699053,42.59873041848333,42.15040251104447,42.38951110839844,4060500
2017-08-14,42.56136927024367,43.15914075008432,42.36709460819518,43.05453109741211,5654300
2017-08-15,43.084422336390816,43.331004686348635,42.96486803500504,43.241336822509766,5843300
2017-08-16,42.83784144414062,43.10683647571385,42.54642517173754,42.964866638183594,7881300
2017-08-17,42.949925131925,42.987285318172496,42.38951378701408,42.419403076171875,4393700
2017-08-18,42.35215258550412,42.546427259573655,42.150404164124545,42.157875061035156,4809900
2017-08-21,42.15788117981035,42.53148878835344,42.03085596109763,42.322269439697266,4879400
2017-08-22,42.43433751215136,43.18902335423114,42.329727875664936,43.09188461303711,4441000
2017-08-23,43.062006795630786,43.46550078130817,42.91256320629872,43.241336822509766,4017400
2017-08-24,43.32353003873456,43.5925279238616,43.189031096171036,43.46549987792969,4471000
2017-08-25,43.55517635133307,43.839116085861924,43.472982220137915,43.614952087402344,4070300
2017-08-28,43.816700749088575,44.003504557091446,43.67473088115036,43.77186965942383,3292300
2017-08-29,43.60000160452976,44.10063722279478,43.4729764008861,43.981082916259766,3983700
2017-08-30,43.988551429866,44.60874132106128,43.95119124554806,44.369632720947266,5327800
2017-08-31,44.55644232888788,45.39332253890055,44.5414976831234,45.19157409667969,9716900
2017-09-01,45.101912295674,45.31860539914518,44.6236949986341,44.75819396972656,6283700
2017-09-05,44.489188619192824,44.99729512528769,44.37710521181328,44.69093704223633,4310400
2017-09-06,44.832906125886545,45.04959918959085,44.66104699445191,44.73576736450195,5389300
2017-09-07,45.206507185125545,47.42573663179576,45.19903628935315,46.95499038696289,17301900
2017-09-08,46.880275314166845,47.20904892280785,46.49919402762452,46.79060745239258,6579300
2017-09-11,46.790606525766215,47.17915870122864,46.43194363696996,46.86532974243164,6086500
2017-09-12,46.656110480204596,47.141801442259414,46.64116583594451,47.08949661254883,4780700
2017-09-13,46.984880336894804,47.13432390805217,46.499189443233135,46.68599319458008,4357000
2017-09-14,46.611283515500524,47.15675025238321,46.566449578759595,46.842918395996094,5347100
2017-09-15,46.999824979050445,47.35848783958869,46.5589680118557,46.68599319458008,10407600
2017-09-18,46.69348068939876,47.23147371341458,46.52909242768288,46.85039520263672,6975900
2017-09-19,46.850384379663346,47.17168708039259,46.76819026779319,47.02224349975586,4844300
2017-09-20,47.01477762781759,47.612552050489654,46.865336872549264,47.44069290161133,5561300
2017-09-21,47.33607445324764,47.62749073047857,47.09696585428842,47.32113265991211,5250100
2017-09-22,47.321143719495275,47.48552913819922,47.10445061029462,47.34355926513672,3667700
2017-09-25,47.321130904362704,47.590125930412974,47.11938249702558,47.21651840209961,5959000
2017-09-26,47.16421333364118,47.5228762169298,46.93257849153351,47.02224349975586,3497900
2017-09-27,46.91016904763141,47.186640722173316,46.75325454071829,47.03719711303711,4674200
2017-09-28,46.91763062914923,47.41826331197196,46.76818705876666,47.08201599121094,5842500
2017-09-29,47.1941124377441,47.634969524615364,47.11939205708111,47.627498626708984,5404300
2017-10-02,47.6723216494217,48.40459208754794,47.55276735034801,48.240203857421875,5991700
2017-10-03,48.12813528634253,48.412075019010125,47.948799528110605,48.03846740722656,5056200
2017-10-04,48.1729606901094,48.4120693053992,48.10570836350964,48.37470626831055,4583800
2017-10-05,48.27698032911265,48.36718590061586,47.90862466198526,47.961246490478516,6091800
2017-10-06,48.0289057306937,48.88589311121548,47.983802942881844,48.72050857543945,6161400
2017-10-09,48.682921702769036,48.75809492274196,48.17173577746452,48.22435760498047,3267700
2017-10-10,48.29201573706493,49.05879755548927,48.23188059737145,48.96106719970703,5008500
2017-10-11,48.96106201257934,49.239209228673026,48.81071557624967,48.94602966308594,3875600
2017-10-12,48.97611074533891,49.41212353497715,48.78817479139314,49.12645721435547,5339700
2017-10-13,49.246732956095,49.69025900020582,48.96858571354027,49.08134841918945,6209100
2017-10-16,48.51754315903661,48.8934150405891,47.59289867453849,47.84849166870117,6692600
2017-10-17,47.83345542261389,48.389747057148185,47.66807088062467,48.24691390991211,5030800
2017-10-18,48.29952867828886,48.637811020806616,47.77330755884266,47.886070251464844,5594900
2017-10-19,47.97629517268114,48.630314426373616,47.87105148615832,48.61527633666992,4918800
2017-10-20,48.705481100286164,48.855827564942416,48.269468323293054,48.42733383178711,5227400
2017-10-23,48.57768322065993,48.63030505377945,47.87855843562592,47.92366409301758,5990200
2017-10-24,47.92366489794172,48.149190321013116,47.63048528915876,47.84849166870117,6197600
2017-10-25,47.705652881456444,48.532569776092714,47.66806627127744,48.111595153808594,6202900
2017-10-26,46.991505150575634,47.547796841806225,45.40532809165654,45.81878662109375,13116300
2017-10-27,45.84133493360062,46.37507232419076,44.946760876090046,45.05952072143555,9539900
2017-10-30,45.924023728084286,46.25478993078255,45.31511028572245,45.736087799072266,8443700
2017-10-31,45.81125602546131,46.53293209356321,45.61580394239009,46.35251235961914,8234200
2017-11-01,46.502874789039055,46.87122766781284,46.224730368868514,46.728397369384766,4713300
2017-11-02,46.720864050232684,47.26211747093474,46.405130259455184,46.781002044677734,4058200
2017-11-03,46.66825486562599,46.7960499307199,46.457764658890554,46.77349853515625,3327100
2017-11-06,46.78853508338498,46.81108647958901,46.06685886043103,46.367557525634766,4222600
2017-11-07,46.29238471566581,46.931365800461734,46.19465721843142,46.54045867919922,4047200
2017-11-08,46.32995620671292,47.22453000690711,46.32995620671292,47.04411315917969,4535400
2017-11-09,46.765979060325236,46.87122272888513,46.42769379161496,46.6005973815918,3671400
2017-11-10,46.42017294756628,46.42017294756628,45.36021445731669,45.751121520996094,5592100
2017-11-13,45.63084008899392,46.01422808838495,45.48049078558932,45.848846435546875,4222600
2017-11-14,45.82630891196516,46.34501405476013,45.60830248579554,46.044315338134766,3986900
2017-11-15,46.051826880831996,46.066862101917636,45.503054215744655,45.90899658203125,3349200
2017-11-16,46.044303297971396,46.58555969929326,45.86388354163919,46.51038360595703,4286200
2017-11-17,46.27733209048077,46.53292500180501,45.848838513801,46.0969123840332,4147900
2017-11-20,45.98417242125092,46.02176190992916,45.217396176230935,45.70602798461914,4902700
2017-11-21,46.006703253085455,46.412645435558524,45.841318763705935,46.036773681640625,3968000
2017-11-22,46.06684872137676,46.43520436179457,45.85636142266622,45.961605072021484,3192200
2017-11-24,45.96912770559691,46.3149291141158,45.878916398237955,46.17961502075195,1985700
2017-11-27,46.25479289922817,46.487834498521636,46.111962616375656,46.31493377685547,3032600
2017-11-28,46.397621430085884,47.3297819990976,46.31492916541921,46.99901580810547,8515700
2017-11-29,46.93135895965472,47.65303221632762,46.53293572022221,47.2846794128418,5064200
2017-11-30,47.42750851184046,47.96124583218891,47.006531021997915,47.502681732177734,8050700
2017-12-01,47.48013850767218,47.82593996899151,46.93888205157233,47.540279388427734,4186200
2017-12-04,47.48764788888623,48.01386904949982,46.93887533505372,46.961429595947266,4893900
2017-12-05,47.10426928927454,47.35986231169546,46.32997404532669,46.62315368652344,4828800
2017-12-06,46.67576871018266,46.82611803100534,45.72857286404686,45.83381652832031,4758700
2017-12-07,45.826292087921956,46.52541390988565,45.826292087921956,46.48782730102539,5140500
2017-12-08,46.47278694787379,47.14935730328312,46.36754330762659,46.923831939697266,5310000
2017-12-11,46.77349120764122,47.668065126179776,46.67576372938382,47.37488555908203,4502900
2017-12-12,47.50267453835897,47.84847875549554,47.50267453835897,47.57033157348633,4832400
2017-12-13,47.46509991332588,48.089048602272385,47.35985624716016,47.71317672729492,4352400
2017-12-14,47.72069400321981,47.75076444215324,46.3976262345727,46.705841064453125,5507900
2017-12-15,47.03660349383081,47.239574638739306,46.58555841692838,46.916324615478516,8856800
2017-12-18,47.04411611059253,47.17191114677744,46.74341752194974,46.9088020324707,5608900
2017-12-19,47.0892215827601,47.17943001743882,46.247269501185016,46.277339935302734,5546000
2017-12-20,46.284862064068,46.42017616733008,45.5481535394605,46.006717681884766,6980300
2017-12-21,46.19465596867064,46.45776514525074,45.87892208909957,46.232242584228516,6195600
2017-12-22,46.21719330771214,46.39009398083135,45.55565817793169,45.82628631591797,5477200
2017-12-26,45.8413277272631,46.26982138110085,45.82629251004561,46.051815032958984,3673500
2017-12-27,46.11948069669044,46.62315053075543,46.081894080458724,46.367557525634766,3722300
2017-12-28,46.30740564620388,46.49534155039736,46.1345049584668,46.435203552246094,2500500
2017-12-29,46.58555755283884,46.80356104428242,46.05181735160559,46.06685256958008,3953500
2018-01-02,46.15706592456031,46.23975532557548,45.736088405627456,46.08940887451172,6472700
2018-01-03,46.01423238167669,46.239754923988436,45.6308443465142,46.12699508666992,7433500
2018-01-04,46.15725473257211,46.77772907346773,45.99078502133489,46.724761962890625,6403200
2018-01-05,46.81557367385503,47.050144425121395,46.52047030430517,46.83070755004883,6113400
2018-01-08,46.74746409075501,47.065269659487996,46.3161588011462,46.84583282470703,4663700
2018-01-09,46.815575618765884,46.98961087248718,46.57343936258915,46.80044174194336,5156800
2018-01-10,46.55073891817379,46.966910418484126,46.29346879110147,46.9215087890625,5096300
2018-01-11,46.90637647541615,47.30741408793562,46.76260609621731,47.26958084106445,6591100
2018-01-12,47.48143859209068,47.83707738251336,47.30740338665796,47.52684020996094,5489200
2018-01-16,46.724768979074426,46.80800384719157,44.961711533295464,45.340049743652344,14471700
2018-01-17,45.650295968349795,46.91394437486639,45.61245983304754,46.80044174194336,10608500
2018-01-18,46.77017114822383,46.838272142340955,46.232928689525856,46.78530502319336,7904200
2018-01-19,46.98960672293712,47.23174295773133,46.58100363077914,47.12580871582031,7490300
2018-01-22,47.133380128187646,47.9959908809322,46.929077125723126,47.88248825073242,6748100
2018-01-23,47.66304276672125,48.185148389478385,47.519272418265714,47.99597930908203,6459900
2018-01-24,48.20785995842923,48.42729683999349,47.77655457686738,48.24569320678711,6430000
2018-01-25,48.42729509559774,48.62403259835897,47.821954484201115,48.064090728759766,6183200
2018-01-26,48.37432647047923,48.979669949571615,48.14732410906541,48.61646270751953,6727300
2018-01-29,48.5180948125397,49.15370024326679,48.48782706255512,48.752662658691406,6763300
2018-01-30,48.37432287880593,48.88886306593614,47.90518431518417,48.39702224731445,5848000
2018-01-31,48.397027102248195,48.44999422507574,46.86854026203066,47.36794662475586,8886900
2018-02-01,47.05014845317018,47.65548912028801,46.87611319177956,47.519287109375,7133000
2018-02-02,47.587378101978324,48.64672621140623,47.557110353368074,48.033817291259766,11719200
2018-02-05,49.5093356025125,49.857406043346714,46.10429190432865,46.126991271972656,23181900
2018-02-06,45.27195656188473,46.31616805779397,44.22017379801798,46.081600189208984,18286300
2018-02-07,45.884856756840854,47.49657830839268,45.62758666357198,47.39064407348633,12176600
2018-02-08,47.330104744615305,49.00992426564859,47.31497087135485,47.436038970947266,14961700
2018-02-09,47.89761583317628,47.91274970764703,45.831889595027675,47.44361114501953,11158000
2018-02-12,47.63278564151433,48.11705813346594,47.14094476822438,47.79168701171875,7502900
2018-02-13,47.51927873099382,48.510525883090345,47.43604386272346,48.328922271728516,7519100
2018-02-14,48.11705742931732,49.89524888738887,47.874921186884954,49.44880676269531,10290600
2018-02-15,50.931891110077466,52.543615678346875,50.833525247711634,52.1955451965332,15684900
2018-02-16,52.10473817650524,53.005184953869254,51.84746519455143,52.18040466308594,10547400
2018-02-20,51.82478053970718,52.08205359470466,50.727601740324445,50.9621696472168,8703700
2018-02-21,50.95459622302978,51.26483638027481,50.32655907255473,50.34169006347656,7046200
2018-02-22,50.697311998026585,50.697311998026585,49.83470147960022,49.89523696899414,6528400
2018-02-23,50.069284905084444,51.47670372117005,50.069284905084444,51.416168212890625,5240800
2018-02-26,51.44643352687172,52.104744158972494,51.36319865018139,51.93070602416992,4229400
2018-02-27,51.86260082969117,52.119868033076685,51.31779290136567,51.332923889160156,4398500
2018-02-28,51.340497309958806,51.408601194177045,50.06928061005711,50.09197998046875,8363900
2018-03-01,50.0163080780274,50.334110775381475,49.05533160565216,49.70607376098633,7801300
2018-03-02,49.524474529015684,50.318987161816736,49.28233828035937,50.06928253173828,5391400
2018-03-05,49.81201102650393,50.803255307505644,49.63797290660365,50.561119079589844,6339600
2018-03-06,50.86378395311658,50.99998592377552,49.327731923063276,49.53960037231445,6543400
2018-03-07,49.1083059700375,50.137386471151984,48.95696720635387,50.01631546020508,5927600
2018-03-08,50.09198144311085,50.667057193258486,50.00118395881309,50.508155822753906,3728400
2018-03-09,50.65947853363503,51.49182712404644,50.44761008261479,51.393455505371094,6260900
2018-03-12,51.378334419685864,51.590202911534654,50.83352642751272,51.03782653808594,5031700
2018-03-13,51.310231109478444,51.620471242437986,50.144948618261154,50.4551887512207,5905800
2018-03-14,50.75786632289916,50.894068338087,50.144954368061825,50.4173583984375,4859300
2018-03-15,50.515716904705336,50.64435050419558,50.099542585198485,50.12981033325195,3422200
2018-03-16,50.07685436915001,51.03026843971321,50.07685436915001,50.394657135009766,9506100
2018-03-19,50.40979241137973,50.682196423502404,49.32017636288906,49.99361801147461,5553700
2018-03-20,50.22818940494178,50.818401987856625,49.72878586307127,50.26602554321289,6307400
2018-03-21,50.349254967325514,50.68975708289247,50.00874707877501,50.01631546020508,4331800
2018-03-22,49.62284890100293,49.857416781153454,48.35919757765959,48.38946533203125,6778700
2018-03-23,48.465130407966335,48.465130407966335,46.86853970150312,46.95934295654297,8481500
2018-03-26,47.5041404439459,48.10191545464616,46.709630851827065,47.97328186035156,6676500
2018-03-27,48.154886134809,48.177585503367744,46.7626014288743,47.22417449951172,6221400
2018-03-28,47.35281374228192,47.94302045104752,47.23174273895401,47.345245361328125,5521200
2018-03-29,47.57223395181069,48.23810984494658,47.20146421414318,47.859771728515625,5732300
2018-04-02,47.61764202321665,47.844644346565005,45.95295350784351,46.91393280029297,6319700
2018-04-03,47.15607704486784,47.56468302852643,46.55830194505157,47.49658203125,6070400
2018-04-04,46.81556816345377,47.84464853157125,46.57343194583687,47.655479431152344,5259800
2018-04-05,47.967707793580416,48.12000807802649,47.33565057435068,47.44987869262695,3856700
2018-04-06,47.26711952710327,47.31281136047013,45.67555697659993,46.36091995239258,6462000
2018-04-09,46.383759589031186,46.48275709855146,44.42667129011084,46.05630874633789,10349100
2018-04-10,46.726437430298326,46.81781817551739,46.09438025559114,46.61220932006836,6014700
2018-04-11,46.147680550537345,46.277139254029656,45.64508215303435,45.82784652709961,7817800
2018-04-12,45.15772174652418,45.16533850353223,44.0535272806304,44.80742645263672,14987200
2018-04-13,45.04349145443405,45.14248604483774,44.09921413293531,44.66273498535156,11551300
2018-04-16,44.47997462695218,44.67796673061693,40.131736053749776,41.18262481689453,34837300
2018-04-17,41.274007396027166,41.296851857671854,39.750981314291415,39.88805389404297,27808200
2018-04-18,39.86520061472423,40.24595707868508,39.629133466230925,39.827125549316406,14688400
2018-04-19,39.86519944187065,40.00988875308137,39.22552848503821,39.30168151855469,17146100
2018-04-20,39.3093105491214,39.484458236432545,38.852403791348166,38.96662902832031,11669100
2018-04-23,39.02754142019152,39.24076413154004,38.57824863203457,38.76101303100586,10409600
2018-04-24,38.8523983627614,39.58345023503048,38.623945015795044,39.278846740722656,12137800
2018-04-25,39.20268232408017,39.49967187953712,38.5020918758167,39.4159049987793,14309600
2018-04-26,39.24075811819301,40.177418620148536,38.50209259352695,39.62913131713867,14220700
2018-04-27,39.849971146822206,40.26118590192424,39.60628434813867,39.80427932739258,7201800
2018-04-30,40.108884758687175,40.11650151477898,39.46921668415819,39.697669982910156,11437500
2018-05-01,39.58344527372505,40.16219677877169,39.30930012974943,40.12411880493164,9821900
2018-05-02,39.87281226555284,39.90327347595543,39.05037701432819,39.21791076660156,8252000
2018-05-03,39.294065282263794,39.48444351116031,38.65439431697386,39.179840087890625,8177500
2018-05-04,38.9589965077248,39.21791098772489,38.58585394054137,39.08845520019531,6149500
2018-05-07,39.080848693847656,39.35499385102818,38.86762597379244,39.080848693847656,6800600
2018-05-08,38.989470959368916,38.989470959368916,38.045193445468065,38.47925567626953,12207200
2018-05-09,38.46401796196707,38.99707760983515,38.34217600573506,38.905696868896484,11587300
2018-05-10,39.0884580506864,39.37783085742217,38.837157402533556,38.951385498046875,9126100
2018-05-11,39.12654331040539,39.6824475165579,38.87524259676474,39.492069244384766,8987700
2018-05-14,39.55298442559243,40.05558289258894,39.3702229311982,39.61390686035156,8716900
2018-05-15,39.560597186520326,39.85758676361918,39.37783280564495,39.827125549316406,8133100
2018-05-16,39.94134742121906,40.07080320440397,39.690046799825986,39.758583068847656,5417400
2018-05-17,39.63675504585266,40.6647994419635,39.568218752778606,40.162200927734375,8097400
2018-05-18,40.268801962062625,40.4744107885327,39.9261205846125,40.13934326171875,6440100
2018-05-21,39.651982013198,40.17742494186611,39.537753900254614,39.78144073486328,5440800
2018-05-22,39.811894086510286,40.22311175593584,39.75097456415533,39.85758590698242,3782800
2018-05-23,39.85759299572008,40.078432476533564,39.6824453435051,39.979434967041016,5962200
2018-05-24,40.00989359823617,40.16981063057476,39.69005662861744,40.12411880493164,4930400
2018-05-25,40.215493100878355,40.36017949101081,40.00988429072747,40.18503189086914,3735500
2018-05-29,39.880429454834136,40.07080767837919,39.42352288030247,39.80427932739258,7711400
2018-05-30,39.964198123585554,40.70286659352524,39.964198123585554,40.37541580200195,6455700
2018-05-31,40.46679932384236,40.49726054025198,39.948970264644814,40.0708122253418,8862300
2018-06-01,40.29165276416437,40.66479541280506,40.13173573115046,40.45918655395508,6115800
2018-06-04,39.849972266989894,39.90327793868562,38.05280132141622,39.179840087890625,15081900
2018-06-05,39.141773626738555,39.73575290187533,39.04277611256847,39.537757873535156,8081600
2018-06-06,39.60628259889062,40.3373371527712,39.354984865479345,40.299259185791016,7211800
2018-06-07,40.322112903308906,40.42872425580108,39.90328134497187,40.0708122253418,5723800
2018-06-08,40.0708074883909,40.527716965697365,40.04796303125497,40.482025146484375,4687500
2018-06-11,40.588641172037484,40.74094434872193,40.25357650728487,40.451568603515625,4927200
2018-06-12,40.46680040579031,40.63433419558101,40.34495844183567,40.45918655395508,8287300
2018-06-13,40.62671665774049,41.35015457572469,40.542952669397096,40.71048355102539,7313300
2018-06-14,40.72571482035158,41.01509057323033,40.44395582422681,40.839942932128906,4789100
2018-06-15,41.228316566628564,41.738531826940644,41.01509383960119,41.73091506958008,14496700
2018-06-18,41.33490683580577,41.49482670440659,40.74854173077691,40.85515594482422,8520800
2018-06-19,40.66479177605745,40.91608953332779,40.39064665544157,40.84755325317383,5470700
2018-06-20,40.81708823174478,41.35776457139441,40.78662992502704,41.31207275390625,6142000
2018-06-21,41.25877989416027,41.418696947601205,40.740950754972744,41.07601547241211,5844200
2018-06-22,41.616678898921414,42.142121725759154,41.30445874298461,41.98981857299805,10218500
2018-06-25,41.88321290323661,42.13451357502791,41.31207818182884,41.63191223144531,7436700
2018-06-26,41.578604326143925,42.0659750357524,41.56337662407167,41.814674377441406,8749700
2018-06-27,41.61669448553544,41.73853647238934,41.35016314214482,41.47962188720703,9406600
2018-06-28,41.49484397226665,42.37058216503685,41.48722721562344,42.11166763305664,10414600
2018-06-29,42.104045300605854,42.530490628600745,41.99743396860713,42.142120361328125,7726700
2018-07-02,42.01266627415692,42.06597485094062,41.487223406735026,42.027896881103516,5499300
2018-07-03,42.07358280058957,42.65994801355268,41.95174086704794,42.37818908691406,3933200
2018-07-05,42.51626139172626,43.65145978701617,42.08672567757359,42.91511535644531,5349900
2018-07-06,43.122214207963786,43.47504556024758,43.03784085720619,43.38300323486328,5157500
2018-07-09,43.444371341089955,43.528744706474086,43.1835822689814,43.29863739013672,4119300
2018-07-10,43.544075397034995,43.544075397034995,42.953464903495224,43.091529846191406,3717700
2018-07-11,42.95346767271581,43.0378410238,42.592964418437084,42.76171112060547,3898000
2018-07-12,43.375320590350086,43.605427809800474,43.0991907566208,43.57474899291992,4081500
2018-07-13,43.429022015776276,43.77418438613104,43.35998954170532,43.61310958862305,3685100
2018-07-16,43.62844941036261,43.66680013370456,43.11454035446812,43.283287048339844,3777400
2018-07-17,43.43668746948242,43.57475239713318,43.267940796582096,43.43668746948242,3900600
2018-07-18,43.39834122517741,43.65145833465143,43.1759029381436,43.628448486328125,3730300
2018-07-19,43.597771624097994,43.66680410277722,43.01483296878566,43.3676643371582,3796900
2018-07-20,43.41368115539374,43.62845047811559,43.27561620720566,43.49805450439453,4768400
2018-07-23,42.9611462592292,43.083870362998425,42.53161335902363,42.86143493652344,7593900
2018-07-24,43.01482503560684,44.69461113903633,42.98414328941403,44.68693923950195,9670400
2018-07-25,44.54888801298028,45.41562560785715,44.44917377671218,45.28523254394531,8873700
2018-07-26,46.10594034386179,46.780924145842796,43.0148260298137,44.426151275634766,14646200
2018-07-27,44.917051603317944,45.07045448982808,43.59009673839222,43.65912628173828,6387000
2018-07-30,43.659123549427434,45.269880090730744,43.58242211097255,45.20084762573242,8096600
2018-07-31,45.361925831243916,45.57669221593087,44.80199709547253,45.06278610229492,6561000
2018-08-01,45.147167663806094,46.167311102718294,45.078135181024585,45.730106353759766,7722700
2018-08-02,45.63805123485296,45.81446688010631,44.97840834548776,45.46163558959961,5852200
2018-08-03,45.36959695627048,45.522999842156494,45.17016852306267,45.37726593017578,4666500
2018-08-06,45.27755055086196,45.73776797461929,45.03977432826114,45.553680419921875,5524800
2018-08-07,45.54601221304484,45.63038555511952,45.124148428643934,45.239200592041016,5123200
2018-08-08,45.51533209397903,46.35905969296368,45.14715989118723,46.15196228027344,7005800
2018-08-09,45.845151704824815,46.12895055095109,45.52299921178564,45.66106414794922,3998500
2018-08-10,45.73010491235027,45.89118265107868,45.239208572920596,45.49232864379883,3535500
2018-08-13,45.407954518133465,45.86816909706462,45.346591013757084,45.576698303222656,4797800
2018-08-14,45.48465709788956,46.128959279916515,45.48465709788956,45.99089431762695,5212600
2018-08-15,45.92186090117635,46.3437247547031,45.553688651227205,46.22100067138672,5214600
2018-08-16,46.236329917978814,47.057047567346466,45.96787196761453,46.872962951660156,7285500
2018-08-17,47.01870424957877,47.241142544015865,46.63519115957246,46.7042236328125,8868300
2018-08-20,46.87295713428209,46.87295713428209,46.267005920410156,46.267005920410156,6186900
2018-08-21,46.33604862117764,46.52780515460843,46.06759064476353,46.08293151855469,5098600
2018-08-22,46.11361220730485,46.589170536168766,45.92185566610983,46.45877456665039,5556200
2018-08-23,46.43576139470155,46.581495302229726,45.96020309987241,46.090599060058594,3416500
2018-08-24,46.09827315779929,46.21332825746006,45.74544181026624,45.99856185913086,4575700
2018-08-27,46.19799400737743,46.50480569982211,45.99089655387325,46.02924728393555,4334400
2018-08-28,45.96787764186382,46.236335625366415,45.7761211033698,46.15196228027344,3061900
2018-08-29,46.09827483856616,46.98035616553265,46.06759601338109,46.88064193725586,4619600
2018-08-30,46.82694929933684,46.96501425051893,46.389744595917804,46.550819396972656,3930200
2018-08-31,46.38207890431439,46.55849459309577,46.18265043805858,46.44343948364258,3352400
2018-09-04,46.4050846799095,46.550818603240025,45.92952925948692,46.38974380493164,4746800
2018-09-05,46.48178767078626,47.02637850966149,46.33605374262124,46.9420051574707,6296600
2018-09-06,46.81160907567301,47.0800700071406,46.68888499802214,46.742576599121094,4979500
2018-09-07,46.573829266476224,47.103076262332515,46.51246576934777,47.02637481689453,3519900
2018-09-10,47.17211351651402,47.3792109513618,46.635194566090824,46.681217193603516,3963900
2018-09-11,46.67354212957685,46.79626620198732,46.35906151115173,46.39741516113281,3585800
2018-09-12,46.428095436229775,46.5124687872696,45.92953015658873,46.27469253540039,7025600
2018-09-13,46.5584928516945,46.757918384518334,45.65340166416577,46.627525329589844,6119300
2018-09-14,46.535478521733225,46.573832172818186,46.244010670102384,46.550819396972656,3893800
2018-09-17,46.67354110028432,47.17210927931655,46.52780718187723,47.01870346069336,4430900
2018-09-18,46.92666532804019,47.29483757001108,46.8883146014548,47.15677261352539,3703600
2018-09-19,47.202801274814625,47.73972029356155,46.47412567265618,46.63520050048828,4449400
2018-09-20,46.65819848525651,47.517266887264626,46.65052658580772,47.363861083984375,4518200
2018-09-21,47.45591232917097,48.03118200528755,47.363870000264725,47.74738311767578,9010600
2018-09-24,47.54794623463858,47.77805346496541,47.00335551416606,47.24113464355469,3938300
2018-09-25,47.417564392089844,47.95448337324559,47.356203811200274,47.417564392089844,5904200
2018-09-26,47.463580972767794,47.84709406385939,47.110746705224294,47.26415252685547,5842000
2018-09-27,47.294834652383734,47.62465614742249,47.149100729960466,47.51727294921875,4708200
2018-09-28,47.51727871459199,47.64000280256846,47.317850242897066,47.61699295043945,3691000
2018-10-01,47.83942163677602,48.054190955084096,47.586304520948204,47.63232421875,4344000
2018-10-02,47.732049516574556,48.184595181129765,47.49427029419018,48.169254302978516,5330100
2018-10-03,48.31497677350798,48.48372053090081,47.80106774961028,48.0541877746582,4742500
2018-10-04,48.03874417814001,48.32436661371361,47.78400063959429,48.13909912109375,4369000
2018-10-05,48.23174046334395,48.54824184579071,47.95383623587377,48.177703857421875,3798200
2018-10-08,48.21631095170851,48.74896181241837,48.02332219226865,48.555973052978516,7767500
2018-10-09,48.409290198160356,49.16580563312756,48.22402267457919,48.810707092285156,6618700
2018-10-10,48.579119774333115,48.903339403369365,46.89625793705919,46.91169738769531,10428300
2018-10-11,46.91169819485133,46.91169819485133,44.01686740818778,44.38740539550781,12540100
2018-10-12,44.62670367178992,44.742495113570484,43.73895456093771,44.39511489868164,10713200
2018-10-15,44.5417966127703,44.92777404798534,44.27161064125529,44.472320556640625,6356600
2018-10-16,44.71934900813734,44.842861678256064,44.09406445922573,44.642154693603516,6445300
2018-10-17,44.71934253774971,45.761480357042394,44.51091438493639,45.4681396484375,6546200
2018-10-18,44.38740683787557,44.410564542593654,42.99788860407953,43.21403503417969,13606400
2018-10-19,43.11367804215546,43.11367804215546,41.90943033713674,41.91714859008789,14981800
2018-10-22,39.56269544418842,40.06446739358559,38.991447424025104,39.27707290649414,24632300
2018-10-23,38.99915144354774,39.39284704127555,38.46650376549871,39.09950637817383,15370000
2018-10-24,39.13811591295961,39.50093273107086,37.57104538767812,37.69456100463867,13583300
2018-10-25,37.69455525436691,38.88336343851664,36.23555817172025,37.98789596557617,16207100
2018-10-26,37.98789781716382,39.41601606988953,37.66367819062201,38.929683685302734,13671900
2018-10-29,39.50865174507216,39.531809449584664,37.98018140698765,38.38931655883789,10028800
2018-10-30,38.3815962011212,38.74441297927888,37.887545566781675,38.613182067871094,11263800
2018-10-31,38.90652563854208,39.49321002915262,38.68265802517759,39.01459884643555,9516500
2018-11-01,39.12266934986015,40.326919893370096,39.0917904512326,40.24200439453125,8305600
2018-11-02,40.49675849674769,40.51991914913924,38.8910936318569,39.13039779663086,9236500
2018-11-05,39.609000925361435,40.24200361103268,39.53952487718904,40.1648063659668,6803500
2018-11-06,40.11848754898818,40.23427898957064,38.9837131736841,39.63987350463867,10196700
2018-11-07,40.049002334937626,40.99850606517694,40.049002334937626,40.9058723449707,9499800
2018-11-08,40.92132970133225,41.43081983930512,40.62026774863569,40.76694107055664,6982900
2018-11-09,40.7592298924985,41.392232857575436,40.604838278992524,41.214683532714844,8107400
2018-11-12,41.19151589704942,41.3227468228081,40.6820257565742,40.79781723022461,6259800
2018-11-13,40.92905161081944,41.1606375057807,40.37324310709288,40.597110748291016,4586600
2018-11-14,40.82869664325227,40.867293801616746,40.35780365479221,40.597110748291016,6382400
2018-11-15,40.257447356627814,41.18379083809447,39.91778533163421,41.12203598022461,7628100
2018-11-16,41.36905935643467,42.31084518906175,41.24554670172734,41.73959732055664,10125900
2018-11-19,41.654679483883584,41.78591332859085,40.90588534502306,41.284141540527344,11082700
2018-11-20,40.92132669363532,41.538892950444435,40.83641413085952,41.315025329589844,12617900
2018-11-21,41.53116869246453,41.5929264915046,40.87500827392046,41.067996978759766,6934600
2018-11-23,40.898162883958115,41.25326136726853,40.6665770446154,40.85956573486328,2328100
2018-11-26,41.21467123300602,41.27642903788805,40.411837438184975,40.70518112182617,6750500
2018-11-27,39.130395009109876,39.56269083740321,38.48967393756243,39.485496520996094,16857900
2018-11-28,39.71708036043688,40.39640149982118,39.57040704416655,40.14165496826172,7995000
2018-11-29,40.13393083657789,40.42727153660489,39.66303794341109,40.0026969909668,7466300
2018-11-30,39.98726598560531,41.28415054252436,39.94866882690136,41.26871109008789,13932100
2018-12-03,41.36133808544862,41.67783942408736,40.875005754690754,41.1297492980957,9599900
2018-12-04,41.237823041805285,41.554327329414704,40.10305151468789,40.1648063659668,9190000
2018-12-06,40.26515574250102,41.10658645629883,39.8791784048832,41.10658645629883,11399100
2018-12-07,41.09116379617813,41.53117790523723,40.72062575406386,40.975372314453125,10462900
2018-12-10,41.10659430398536,41.137473203635516,39.65531841294175,40.589385986328125,8036900
2018-12-11,40.967633734649965,41.04482802304971,40.07988469418614,40.47358322143555,8788900
2018-12-12,40.91360631309571,41.87854985821589,40.8827274129061,41.253265380859375,7447200
2018-12-13,41.30730266839859,41.63924348900318,41.152914054439854,41.407657623291016,8455600
2018-12-14,41.07571429906012,41.11431145019725,40.087613095034975,40.234283447265625,10708000
2018-12-17,40.08762530251898,40.48132107564415,39.18443637804688,39.30794906616211,12517400
2018-12-18,39.64759516032995,40.180242860638344,39.41600933170776,39.80198669433594,8410200
2018-12-19,40.02586098986187,40.141655404515376,38.48967236480113,38.898807525634766,7811000
2018-12-20,38.79072857896282,39.05319332793482,38.404751180167175,38.64405822753906,10182000
2018-12-21,38.76756909347964,39.663036499689824,38.312115666067434,38.45878601074219,14465400
2018-12-24,38.18088718676125,38.35843645359674,37.63279993547247,37.64051818847656,5580800
2018-12-26,37.679123753687094,38.67494344302378,36.968923638546855,38.620906829833984,8389800
2018-12-27,38.319847503955216,38.91425323486328,37.60965028454804,38.91425323486328,7919100
2018-12-28,39.06863594403019,39.91006685939919,38.98372043824837,39.32337951660156,7686400
2018-12-31,39.42373802026183,40.149374593988625,39.39285911633107,40.126216888427734,7369800
2019-01-02,39.63215252087558,40.790084515511865,39.63215252087558,40.47358322143555,8441300
2019-01-03,36.50558339544295,37.05021121355043,34.46712232902299,35.1051139831543,80351600
2019-01-04,35.69643955197866,36.99576359953411,35.680878411722524,36.48225784301758,47515800
2019-01-07,36.59895852220543,37.921625533251365,36.06989171778706,37.66487121582031,26805000
2019-01-08,37.95274911143215,38.03055480788704,36.56784036235727,37.33810043334961,16415900
2019-01-09,37.34587758007508,37.34587758007508,36.36554959951094,36.7078857421875,19719600
2019-01-10,36.63007676570039,37.35365028976915,36.11656818735614,37.128021240234375,24947800
2019-01-11,36.956859940680225,37.36144065829416,36.64564309082833,37.33810043334961,12470900
2019-01-14,37.5792878274097,37.63375032681305,37.019101695263316,37.32253646850586,18295900
2019-01-15,37.571501361397544,38.76968204885503,37.34586935506145,38.68409729003906,23116600
2019-01-16,38.6296440281141,39.10424540475522,38.201720131823656,38.22506332397461,14961200
2019-01-17,38.24840783117151,38.81637610404964,37.71156183932388,38.59074401855469,21202400
2019-01-18,38.730785950306625,39.15870983524064,38.07723297911537,38.99531936645508,20409900
2019-01-22,38.730777727223746,38.74633886227966,38.14724851855091,38.68409729003906,17123000
2019-01-23,38.92529303238463,39.213169620130074,38.590736000776054,38.87083053588867,15683500
2019-01-24,37.929413451780384,39.290982139793016,37.57929519555172,38.13948440551758,20224500
2019-01-25,38.56739102341975,38.9797507226112,37.703767302636614,38.0694465637207,19652100
2019-01-28,37.86716496974775,37.991654086180986,37.45480515950626,37.594852447509766,9723500
2019-01-29,37.57929130795561,37.851606798177485,37.25251628127003,37.594852447509766,10883100
2019-01-30,37.95274339776345,38.28730042219336,37.48592116124809,38.01498794555664,10567500
2019-01-31,38.19393894556198,38.55183621369709,37.859381900310254,38.41178894042969,12945500
2019-02-01,38.13170039622652,38.93308280117683,37.797146266296025,38.816375732421875,18512100
2019-02-04,39.53993416777092,39.6021787004785,38.57516765466492,39.56327438354492,26142100
2019-02-05,39.69555079451728,39.73445215156582,38.97197427507795,39.01865768432617,15028000
2019-02-06,38.933068286911364,39.85115445036964,38.901946017781235,39.788909912109375,13101200
2019-02-07,39.48549650934235,39.50105765230221,38.7307973997043,38.94086837768555,10644200
2019-02-08,38.67632611106659,39.09646797173569,38.57518315674481,39.07312774658203,9618800
2019-02-11,39.07312604883414,39.15092877462168,38.57518148063287,38.979759216308594,14105600
2019-02-12,39.19761067720589,39.252073176750756,38.520714523461955,38.67632293701172,13815500
2019-02-13,38.785251251410436,39.82782385293279,38.67632624300993,39.66443634033203,14606500
2019-02-14,39.72667813181025,39.96008927184064,39.29875424577359,39.5477294921875,17855300
2019-02-15,40.006765116182386,40.35688326993787,39.61774560489481,40.20127487182617,15449600
2019-02-19,40.20906292414421,40.47359635001294,39.8822849425493,39.96009063720703,9732700
2019-02-20,39.95230009774998,40.37244185571091,39.48547790089327,39.91339874267578,21470600
2019-02-21,39.74223132173702,41.08045630865772,38.9719714489072,39.00309371948242,25947000
2019-02-22,39.24429447822962,39.71111975878248,39.00310423619533,39.66443634033203,14910200
2019-02-25,39.79669234599801,39.79669234599801,39.345428343221386,39.40767288208008,10551500
2019-02-26,39.36878348569341,39.57107534568843,38.97198478798641,39.02644729614258,12319500
2019-02-27,38.90194431290459,39.788908168361566,38.863042962188246,39.648860931396484,17453600
2019-02-28,40.34910893522761,40.94041735607658,39.7422393759374,40.19350051879883,80889800
2019-03-01,40.201278842789456,41.45392226774519,40.07679270560039,41.40724182128906,34760700
2019-03-04,41.39168952944299,41.44615204060405,40.85484053659221,41.27498245239258,20534600
2019-03-05,41.34498823028611,42.30975780858106,41.17381871607662,41.85849380493164,23848200
2019-03-06,41.8662757190349,42.014102046651104,40.96375068267801,41.15047836303711,23652800
2019-03-07,41.002658217951854,41.09602207220915,39.85116078883386,40.07678985595703,19096800
2019-03-08,39.750021610630476,39.998993909449574,39.18205336845042,39.98343276977539,18674900
2019-03-11,39.98342172441178,40.107907839432215,39.32208979486254,39.6021842956543,13960600
2019-03-12,39.6099841219927,39.75003144572745,39.17428100726408,39.19762420654297,12772700
2019-03-13,39.30653616506544,39.703334804967014,39.14314866439912,39.656654357910156,12357700
2019-03-14,39.67999973085319,39.8667304472643,37.96053378816572,38.816375732421875,31496100
2019-03-15,38.80858895474335,38.971976444231224,37.99942762396989,38.87083053588867,27370700
2019-03-18,38.9019509582648,38.98753572525031,38.614077352208966,38.793025970458984,11628200
2019-03-19,38.90973997915704,38.987545681733266,38.48960105718171,38.59074401855469,11656500
2019-03-20,38.66854924742896,38.66854924742896,37.77380297065975,38.27174758911133,17438200
2019-03-21,38.22507034321284,38.30287308337955,37.91385344657743,38.06167984008789,13308400
2019-03-22,37.952739309044425,38.1705922348675,37.46257690390443,37.47035598754883,14120000
2019-03-25,37.4625910211423,37.50149238998985,36.87127952991641,36.9490852355957,12968600
2019-03-26,37.23695416213268,37.68821532539639,37.182491659117815,37.61041259765625,16679700
2019-03-27,37.54817997632588,38.20173318822971,37.314768750928394,37.33032989501953,19695800
2019-03-28,37.563722048045605,37.74267066225825,37.17470254723989,37.22138595581055,16788400
2019-03-29,36.36554719781712,37.5792862395009,36.19437765379157,37.120243072509766,49293100
2019-04-01,37.38477223506579,37.42367359030231,36.373322159000374,36.637855529785156,21242500
2019-04-02,36.66120957810497,36.91018190711201,36.32665245450472,36.334434509277344,15098100
2019-04-03,36.6300766208736,36.93351134834409,36.05432646948057,36.47446823120117,21744000
2019-04-04,36.60790069027212,36.686392840910415,36.2389950676956,36.631446838378906,17925900
2019-04-05,36.7962845379958,36.96896130771795,36.505868027055655,36.607906341552734,16044300
2019-04-08,36.65500932315011,36.80413997239264,36.52157411557903,36.725650787353516,15953300
2019-04-09,36.57650602466257,36.63144903632134,36.01137747700522,36.089866638183594,16073400
2019-04-10,36.08986751867056,36.35673486502521,35.87794318531513,36.01922607421875,13083700
2019-04-11,36.19191074437696,36.3645905196523,35.65817597913504,36.176212310791016,19846100
2019-04-12,36.427377956832196,36.43522567582856,35.634626594728765,35.76805877685547,25363500
2019-04-15,35.97213239764534,36.66284539011277,35.830849514147566,36.498016357421875,20263700
2019-04-16,36.76488614843405,36.804130731099534,36.08986854757667,36.12126541137695,21336600
2019-04-17,36.238995168301095,36.26254431064266,35.65816822281218,35.94858169555664,20085500
2019-04-18,36.14481113219806,36.207604859051685,35.344209079832495,35.72881317138672,23633800
2019-04-22,35.587537642549385,35.83085889319138,35.24218105591553,35.50904846191406,15747900
2019-04-23,35.5875253643594,35.74450666563963,35.28141347365606,35.57182693481445,14386000
2019-04-24,35.72096756012336,35.752364428034284,35.01455599714835,35.022403717041016,15062000
2019-04-25,35.35991612224468,35.90934938933082,34.959616495667454,35.8230094909668,17288000
2019-04-26,36.16835967593348,36.223302688932705,35.52473596305608,36.01922607421875,13671800
2019-04-29,35.932890328757686,36.71779402659281,35.92504260921413,36.35673904418945,15735800
2019-04-30,36.48232167147584,36.560813833792665,36.10556827486459,36.443077087402344,14162500
2019-05-01,36.356737275563866,39.09605236518534,35.987831597392905,36.560813903808594,18282300
2019-05-02,36.71778394778939,36.94540667628136,36.50585964824542,36.7962760925293,12676400
2019-05-03,37.18088074430984,38.30329307299747,37.10239158609272,38.162010192871094,24355100
2019-05-06,37.51053470327164,37.83234498178308,37.353553422350934,37.75385284423828,14481200
2019-05-07,37.479138728305024,37.61257087401097,36.835518156169215,37.063140869140625,13189700
2019-05-08,36.96112082313749,37.42421419444367,36.74134871274487,37.24368667602539,13207600
2019-05-09,37.02390003860915,37.188732064229285,36.70208969399005,37.07099533081055,13886300
2019-05-10,36.81198616381656,37.14164429347594,36.286099107331694,36.89832305908203,12019900
2019-05-13,36.38028480073134,36.56866300359472,35.97213751717226,36.02708053588867,15454000
2019-05-14,36.17620643863709,36.450921496374,36.011377403994935,36.0349235534668,12971100
2019-05-15,35.80730511417163,36.69424711269637,35.73666366306488,36.600059509277344,10143300
2019-05-16,36.6550105504825,37.549800464239176,36.62361367774739,36.98466873168945,15378100
2019-05-17,36.64715493043847,37.071003673123776,36.568665753276086,36.77273941040039,10144900
2019-05-20,36.40383141210671,36.560812737864936,36.1840563583773,36.3488883972168,11081000
2019-05-21,36.53727672635772,37.251539170842754,36.48233369171816,37.22799301147461,12018800
2019-05-22,37.251526971713595,37.53409276827999,36.94541502348994,37.4713020324707,9222200
2019-05-23,37.29077511057451,37.392813434432384,36.80413563352716,37.125946044921875,10834500
2019-05-24,37.20441845561486,37.31430444102284,36.71777624285301,36.74132537841797,9468900
2019-05-28,36.937562824257085,37.0709949930243,35.99567794799805,35.99567794799805,16422900
2019-05-29,35.79945064065374,35.8308475005932,35.21077299055091,35.61892318725586,15910700
2019-05-30,35.60322899663908,36.0820206881339,35.60322899663908,36.01137924194336,8594900
2019-05-31,35.760213789528834,35.91719213480576,35.37560965759233,35.611080169677734,12845500
2019-06-03,35.52473898331261,36.49802085693222,35.37560836308867,36.19975662231445,13277000
2019-06-04,36.482322759376125,36.76488856380311,36.44307817413236,36.600059509277344,10883100
2019-06-05,36.78843471611538,36.90617146601661,36.537265777551376,36.600059509277344,10052400
2019-06-06,36.74918101817748,36.78842559368977,36.1997479784979,36.223297119140625,12206200
2019-06-07,36.51372450258879,36.85123337027405,36.48232763253195,36.694252014160156,6801600
2019-06-10,36.67854246277152,36.86692063184949,36.03492179252337,36.11341094970703,10445300
2019-06-11,36.26255282913789,36.90617364650578,36.13696835243611,36.78843688964844,11030300
2019-06-12,36.88262233796187,37.40850632497308,36.81198089255457,37.38496017456055,10651400
2019-06-13,37.30647251839661,37.47130457368542,36.866928355413236,37.14949417114258,9328000
2019-06-14,37.14948961729494,37.698919753674076,37.0474513087518,37.33001708984375,10186000
2019-06-17,37.51055181536789,38.04428661748367,37.40066576684468,37.8402099609375,9514200
2019-06-18,37.895152618748796,38.20911532078212,37.447757714561966,37.51055145263672,11523700
2019-06-19,37.73816542288115,38.201255658951595,37.447748943562004,38.1541633605957,8720800
2019-06-20,38.460283219233126,38.89197967694151,38.17771739406542,38.37394332885742,9441600
2019-06-21,38.318992117541896,38.76638691372183,37.8245020291753,38.727142333984375,14979300
2019-06-24,37.063149087137184,37.23582584374014,35.768056944682066,35.85439682006836,36621800
2019-06-25,35.95643424598084,36.5451119337359,35.83084979235987,35.9250373840332,24456700
2019-06-26,35.99568105097964,36.089868648474074,34.959608496031656,35.257869720458984,21924200
2019-06-27,35.28141330392459,35.76805264079982,35.28141330392459,35.399147033691406,10918600
2019-06-28,35.618928020967466,35.634626453067575,35.257870071004525,35.59537887573242,15627000
2019-07-01,35.87794717997022,36.33319276027335,35.65032438981866,36.24685287475586,14049600
2019-07-02,36.46662913858006,36.63930892944336,36.24685703687791,36.63930892944336,10957000
2019-07-03,36.81352382013241,36.90062576701905,36.60763880206757,36.868953704833984,6121500
2019-07-05,36.84518710235897,36.956046845344986,36.322560442066695,36.33839797973633,9635600
2019-07-08,36.203781539105705,36.290886481363074,35.87119930691404,36.24337387084961,11884000
2019-07-09,36.306728716295275,36.71849569951625,36.1879516958116,36.457183837890625,9456700
2019-07-10,36.45718332032053,36.53636799951882,36.22754352166285,36.39383316040039,8807200
2019-07-11,36.33047803848062,36.338395296380085,34.97639736438043,35.26146697998047,23338400
2019-07-12,35.29314095255008,35.3564910965754,34.69132968781526,35.05558395385742,14254900
2019-07-15,35.06350832189165,35.293148109499406,34.88138115193777,34.99224090576172,8885400
2019-07-16,34.96055932036484,35.245625886494764,34.90512945855894,35.198116302490234,11590900
2019-07-17,35.21396095768636,35.27730808940155,34.889298978304495,34.94472885131836,10815700
2019-07-18,34.99224174500818,35.000162025157984,34.469615021088025,34.88138198852539,13177600
2019-07-19,34.92888224266838,34.992229357933205,34.25580064118757,34.31123352050781,12023100
2019-07-22,34.366673562357335,34.453775494068154,33.828209329900005,33.867801666259766,12390600
2019-07-23,33.89947508721098,34.10535703864279,33.63816024274214,34.08951950073242,17663400
2019-07-24,34.01825721580975,34.295409639945824,33.79653769306245,34.232059478759766,14490600
2019-07-25,33.97074290975989,36.14043427788856,33.90739275734954,35.95038986206055,33799300
2019-07-26,36.40966626558989,36.512608752570515,35.04766820022057,35.926631927490234,20318100
2019-07-29,35.63364610097426,36.03749276100992,35.562378687944246,35.94247055053711,14301000
2019-07-30,35.673237844308666,35.89496035933058,35.221878576184196,35.28522872924805,13906500
2019-07-31,35.13477161107567,35.67323579843097,34.84178472171221,35.166446685791016,12863100
2019-08-01,35.27730193485305,36.0295682497013,35.16644220816613,35.79201126098633,16077500
2019-08-02,35.83160669004479,36.4492555182985,35.72074695376348,36.41758346557617,17929000
2019-08-05,35.83952981787685,36.346322013553355,35.55446317247988,35.93455505371094,17156700
2019-08-06,36.17210593540712,36.187943472012876,35.63364177361637,36.180023193359375,12146800
2019-08-07,35.83952673906816,36.78975787086671,35.6969949389648,36.61555099487305,16780700
2019-08-08,36.766003377145225,37.51034954248957,36.631385813853335,37.44700241088867,13955700
2019-08-09,37.44699792214927,37.882519594567505,37.2965428388167,37.47075271606445,12213600
2019-08-12,37.21735007382108,37.38363963641684,36.59178112420788,36.82933807373047,9441500
2019-08-13,36.77391935531165,37.18568626883452,36.544282612965446,36.813514709472656,8496200
2019-08-14,37.13025774093779,37.1936078933258,36.061249595353246,36.14043426513672,14371700
2019-08-15,36.29088539325459,36.480929788207774,35.88703576775199,36.227535247802734,8513700
2019-08-16,36.40174683779111,37.26487297557743,36.25129174562292,37.20152282714844,9630200
2019-08-19,37.2807150828742,37.882526463218134,37.23320246572795,37.58161926269531,7788700
2019-08-20,37.589535023348645,37.85084683448239,37.40740787723693,37.71623229980469,9176300
2019-08-21,38.00922219225866,38.01713945110669,37.56578017922975,37.82709503173828,6729200
2019-08-22,37.969624794294205,38.191344260897004,37.58953298553176,37.89835739135742,6378500
2019-08-23,37.827083855377346,38.167583278568756,36.65513354653042,36.88477325439453,16319900
2019-08-26,38.34179919974329,38.86442887427151,37.787500491670464,38.0963249206543,20731500
2019-08-27,38.27052960762315,38.381389334161526,37.80333288813931,37.95378494262695,14748000
2019-08-28,37.77165396966974,38.54767499708543,37.53409700547322,38.531837463378906,8521100
2019-08-29,38.76147891904449,38.911930964990184,37.827085533127196,38.22301483154297,10342000
2019-08-30,38.32596633780494,38.476418419249285,37.850849255183306,38.06465148925781,8126000
2019-09-03,37.9221135386539,38.1359157550936,37.42324170029462,38.0408935546875,7708200
2019-09-04,38.349721545194974,38.349721545194974,37.637047423984654,38.104244232177734,8140000
2019-09-05,38.246773452300154,38.46849593568962,37.953786587933266,38.413063049316406,7320900
2019-09-06,38.34179180864721,38.64269892123943,38.14382715943932,38.22301483154297,8241800
2019-09-09,38.325963590399915,38.36555592260482,37.60537226974597,38.08048629760742,7470800
2019-09-10,37.81126047382215,38.611036591384774,37.629133298945554,38.452667236328125,9807000
2019-09-11,38.61102459278127,39.23659362124195,38.492247613399435,38.991119384765625,8153800
2019-09-12,39.1653310083606,39.632527767333904,38.967366331180415,39.28411102294922,9047000
2019-09-13,39.55334559122063,39.87008728219981,39.03071893143862,39.141578674316406,7343500
2019-09-16,39.18908964270244,39.38705432401984,38.96736714555005,39.17325210571289,6481800
2019-09-17,39.18908596591807,39.67211720562465,39.07822321739254,39.38705062866211,10059800
2019-09-18,39.387056346131715,39.57710075836047,39.133658761990915,39.482078552246094,8326700
2019-09-19,39.50583021254436,40.01261929919304,39.32370307332381,39.64836502075195,8016200
2019-09-20,39.64836311742589,40.2739321877841,39.585015994986406,40.04429244995117,13449700
2019-09-23,40.15514793533839,40.43230025123168,39.965103567406594,40.004695892333984,9178700
2019-09-24,40.21851256582424,40.313534784034466,39.4028958790224,39.600860595703125,9342200
2019-09-25,39.60085063805909,39.77506051155761,39.34745610608004,39.46623611450195,7078700
2019-09-26,39.60084395114106,39.72754119573675,39.10197524968961,39.56917190551758,8194600
2019-09-27,39.600858231090555,40.04430025742961,39.57710343313189,39.76715087890625,11466100
2019-09-30,40.00471451294266,40.72530603655078,39.84634211881625,40.15516662597656,15950500
2019-10-01,40.45605985725319,40.733209185432884,39.87008310820038,40.107643127441406,9932400
2019-10-02,39.83049525380072,39.8859251256646,38.57143969730415,38.967369079589844,12596200
2019-10-03,38.99930733277595,39.56624984741211,38.767738233756646,39.56624984741211,9227000
2019-10-04,39.630138976513486,40.58036686173179,39.542302196704625,40.524471282958984,10081500
2019-10-07,40.44462329387798,41.11537331786088,40.37275711109121,40.62828063964844,9367100
2019-10-08,40.38872056466174,40.87581011059161,39.8936411503773,40.21304702758789,11120600
2019-10-09,40.420662427091585,40.79596391036356,40.18110952022712,40.58835220336914,7815700
2019-10-10,40.53245698051243,40.716117372130874,40.2449952958104,40.54842758178711,11166700
2019-10-11,40.99559074577424,41.50663774572735,40.899770194803125,41.21118927001953,11271800
2019-10-14,41.13133662628239,41.259098377369654,40.947679299474466,41.1712646484375,5653200
2019-10-15,41.2351483336553,41.634404228514214,41.099402791522024,41.38686752319336,7414300
2019-10-16,41.482679461388315,41.578500003332096,40.95566191157736,41.13133239746094,8619300
2019-10-17,41.602455338990545,42.12148912483768,41.450739223565776,41.85797882080078,8926000
2019-10-18,41.88193473342826,42.45686102376079,41.826039164174816,42.345069885253906,10859800
2019-10-21,42.44088710728605,42.61655756456053,41.96976520417431,42.480812072753906,13098200
2019-10-22,44.70867182850898,45.81061579131897,43.415080669606155,43.45500564575195,26890200
2019-10-23,43.44701714082841,43.774406783324395,43.01582013478586,43.73448181152344,13025500
2019-10-24,43.79835858449475,43.894182166484526,43.00783383259855,43.41507339477539,14594500
2019-10-25,43.51888306384719,44.117766775735,43.439033120694184,43.90216827392578,12353100
2019-10-28,43.80635000875151,44.66075723841316,43.68657204171922,44.38926315307617,13931300
2019-10-29,44.41321535547731,44.81247116461413,44.181649301198824,44.53299331665039,9118900
2019-10-30,44.908297720055785,45.45128285397505,44.58889183320418,45.41135787963867,14159000
2019-10-31,45.08395499504634,46.48933682975525,44.96418010716235,45.81060028076172,25041900
2019-11-01,46.30569912655648,46.68099758909905,45.587037311337646,45.6429328918457,17122200
2019-11-04,45.59501390700438,45.70680809649215,45.13986251108486,45.227699279785156,12960100
2019-11-05,45.267629082747106,45.41136143848648,44.692702705870154,45.028076171875,10503300
2019-11-06,45.20374510169126,45.62695530245502,44.82844365055044,45.48322296142578,13475600
2019-11-07,45.53912193840027,46.010243970093676,45.435317609068825,45.97830581665039,11892700
2019-11-08,46.00225361640089,46.361584444468875,45.74673014890366,46.32964324951172,11580000
2019-11-11,46.20986727796942,46.55322752331947,45.874493854742006,46.43345260620117,9096700
2019-11-12,46.51330802788969,47.112191822240206,46.40950065063306,46.625099182128906,9700600
2019-11-13,46.505315398410914,47.25591518119453,46.23382134147558,46.944496154785156,12857500
2019-11-14,46.800769743167834,46.992410839297534,46.249794738114275,46.720916748046875,10931900
2019-11-15,46.744876506637915,46.944504435300274,46.63308535395986,46.7848014831543,9723800
2019-11-18,46.46539659601219,46.736890706779356,45.746737864744176,46.034202575683594,28506700
2019-11-19,46.18591376582267,46.193897542014184,44.92426390194955,45.099937438964844,39248100
2019-11-20,44.84441657131534,45.115910668865006,44.15769602774383,45.044044494628906,185413200
2019-11-21,45.61895957338094,45.88246676550503,45.08395532282205,45.3953742980957,22932700
2019-11-22,45.23569172829676,45.61099017840302,44.65277547189057,45.07598876953125,21515600
2019-11-25,45.4512777905731,45.595010119036104,44.66873680565228,44.852394104003906,23231400
2019-11-26,44.980172900922724,45.43532440089182,44.78054494317906,45.29957580566406,21781800
2019-11-27,45.467245209810706,46.19389057688257,45.435307063780094,45.9942626953125,25908300
2019-11-29,45.698823760374395,45.81061490986379,45.39538846456007,45.467254638671875,11292400
2019-12-02,45.78665280505182,46.39352024816069,45.73874101503802,45.84254837036133,24715100
2019-12-03,45.515160498681006,46.161955981303684,45.25963703430464,46.114044189453125,16233300
2019-12-04,46.17792997080765,47.096216536467374,45.954344638493815,47.0323371887207,22257200
2019-12-05,47.00038804086461,47.64718041550424,46.952476253599585,47.49546432495117,17149700
2019-12-06,47.814870123960446,48.59741103908614,47.7669583367194,47.870765686035156,17765400
2019-12-09,48.38182072474467,49.17234859409855,48.23010460868209,48.93279266357422,16110700
2019-12-10,48.733155125996205,49.803160641498145,48.65330519564753,49.5795783996582,19224800
2019-12-11,50.202428164908625,50.29026493654995,49.47578266234897,49.835113525390625,18262900
2019-12-12,49.84309334444617,51.28041668249279,49.84309334444617,51.05683135986328,17353600
2019-12-13,51.136691161381314,51.70363375020846,50.93706323184383,50.96101760864258,14526400
2019-12-16,50.38608044108026,51.32033754539022,50.31421427566565,50.70548629760742,23018200
2019-12-17,50.94504527068481,51.54393208494583,50.73743357132421,51.19258499145508,16207100
2019-12-18,51.00093256997014,51.3283221882769,50.282273992410836,50.42600631713867,14824300
2019-12-19,50.44997274266222,50.673555058510175,50.09862866831819,50.18646240234375,12928200
2019-12-20,50.76937671127375,50.777360488212736,50.24235605088609,50.713478088378906,24137000
2019-12-23,50.74541298822159,50.94504089379766,50.37011459707304,50.47391891479492,12914900
2019-12-24,50.32221076516994,50.64960046027138,50.31422394187836,50.43400192260742,2890400
2019-12-26,50.48988659752164,51.136682070831455,50.449961627927685,51.07279968261719,8187700
2019-12-27,51.24049185068261,51.34430226564888,50.96900081003961,51.21653747558594,7684400
2019-12-30,51.1765988478829,51.472050294542576,50.817271111592376,50.889137268066406,7862300
2019-12-31,50.777360862518464,51.27243728055819,50.71347846221372,51.2564697265625,9378400
2020-01-02,51.34491384596466,51.46553742634168,50.773968776361606,50.93479919433594,13163700
2020-01-03,50.34777412638184,50.92676244258203,50.2995240775034,50.48447799682617,12984600
2020-01-06,50.58097149632021,50.85438226912785,50.3960145335397,50.645301818847656,11311400
2020-01-07,50.53272952575491,51.61028944158514,50.47643933420735,51.40925216674805,15551700
2020-01-08,51.505756613617706,51.95607818399831,51.35296630859375,51.35296630859375,18527000
2020-01-09,51.57812781870589,52.89693198064572,51.56204753461111,52.631561279296875,16169300
2020-01-10,52.63156619053656,53.049727238076905,52.30186818687197,52.45465850830078,11698000
2020-01-13,52.61548106102659,53.86995181781405,52.56723407351057,53.1944694519043,19243300
2020-01-14,52.92105543128636,53.50004382096832,52.728061346449486,53.42767333984375,30560500
2020-01-15,53.4196252780936,53.95036049698096,53.4196252780936,53.54024887084961,10937400
2020-01-16,53.580445301948906,53.85385915040338,53.48395134910493,53.70106887817383,8435800
2020-01-17,53.676947891190565,54.046855709725904,53.636737985518586,53.65282440185547,14375000
2020-01-21,53.63673486813112,54.376556597373316,53.50003101306404,54.2237663269043,12519400
2020-01-22,54.60976053934239,54.95553871327565,54.05489577620321,54.2237663269043,15186700
2020-01-23,53.98251944931447,54.07901953670284,53.097956788015765,53.77344512939453,13183300
2020-01-24,53.38745677102345,53.668907721149196,51.15192331692387,51.594207763671875,22453000
2020-01-27,50.870472802754335,51.97215625601683,50.7337689225883,51.224300384521484,20951100
2020-01-28,51.57007976230515,52.55918585838545,51.38512890432665,52.11690139770508,12761900
2020-01-29,52.28577402975309,52.3420642237656,51.5700817908065,51.578125,10763200
2020-01-30,51.30470474760619,51.71481938116305,50.97500378570049,51.312747955322266,10783700
2020-01-31,51.168010779560674,51.21625776484024,50.26736153159195,50.62118911743164,12898000
2020-02-03,50.741813301646005,51.65854289898911,50.70160645515628,51.1278076171875,15986500
2020-02-04,51.52183574777144,52.22144771629046,51.505755464261505,51.69874954223633,11740200
2020-02-05,52.20535460709001,52.95321346546607,52.14906441926258,52.74413299560547,14991600
2020-02-06,53.87799847434846,54.5213203131855,53.387466952648865,53.958412170410156,16488500
2020-02-07,53.62066766368884,53.88603836600449,52.94517916099186,53.27488327026367,13093400
2020-02-10,52.9773395740558,53.974488857962896,52.913012309909085,53.80561828613281,13218500
2020-02-11,54.15943201735621,54.320265492799244,53.8538576167691,53.869937896728516,7261400
2020-02-12,53.95036119814796,54.280065280288014,53.5322063576861,53.87799072265625,11213700
2020-02-13,53.65282706491931,53.83777791578192,53.106005450558065,53.1381721496582,9149500
2020-02-14,53.27488024045351,53.74128821160343,53.05776267328842,53.379417419433594,7530700
2020-02-18,53.483958334918604,53.85386618453261,52.6235190437104,53.130130767822266,13831900
2020-02-19,53.07383352175573,53.1140434254614,52.55917865720685,52.84062957763672,9905400
2020-02-20,52.77629512209262,53.057752172019775,52.18122659729568,52.40638732910156,11360500
2020-02-21,52.16515344923731,52.96930253572684,52.108863258589864,52.776302337646484,10134800
2020-02-24,51.529878405073866,52.317941127211725,51.21625766344986,51.44142150878906,12105000
2020-02-25,51.37708278021012,51.39316612946638,49.53558070276812,49.96982192993164,15706000
2020-02-26,49.65620414938709,50.97500810885677,49.5436237724936,49.889408111572266,11264600
2020-02-27,49.053091646210206,49.51949956381177,47.89511812807295,47.91120147705078,20624800
2020-02-28,46.44764581725569,47.61366250404382,45.32987917576112,47.4930419921875,28292500
2020-03-02,47.903166517238375,48.876186291053074,47.18747423620796,48.522361755371094,19500300
2020-03-03,48.940520318056905,49.73662630032344,46.914063986018704,47.60563278198242,18250100
2020-03-04,48.409780770179076,49.599921176684404,47.99966297459195,49.439090728759766,18228300
2020-03-05,48.81185430922105,49.246095589027746,48.120285545288645,48.651023864746094,15119400
2020-03-06,47.348300325619,48.58668762025121,47.25180022402267,48.498233795166016,14833900
2020-03-09,45.04038614041072,47.55737348110859,45.03234599979107,46.36723327636719,22385900
2020-03-10,47.300054306146606,47.4045945579931,44.9599803257385,46.5843620300293,24831000
2020-03-11,45.65959120555369,46.6084875196621,44.87956855707093,45.44247055053711,19768800
2020-03-12,42.08112405287433,44.1477870031815,40.7060267547114,42.41886520385742,22963000
2020-03-13,44.139744685474376,44.6302761392601,41.63884043262289,44.22016143798828,23503600
2020-03-16,40.31199378781422,43.23105270685823,38.60719554864719,41.100059509277344,20582800
2020-03-17,41.67904632838616,43.50446195464913,41.17243157289188,43.496421813964844,17519600
2020-03-18,41.51821840523993,42.12937036433833,38.6152396974555,40.40045166015625,27384200
2020-03-19,40.29591653885935,40.78644803724257,38.703701505350594,39.234439849853516,20058300
2020-03-20,39.443513412194285,40.72211062563942,37.99604562109811,38.92081832885742,20370800
2020-03-23,37.94779840406651,38.920821235646926,36.797864840223376,37.312522888183594,21237000
2020-03-24,38.7439103688492,39.805387113125676,38.108631737287794,39.596309661865234,16484800
2020-03-25,39.42743355360484,41.775550768632705,38.735864763784406,39.68476104736328,20921300
2020-03-26,40.57736460971156,42.87723162627565,40.4567440800312,42.01679229736328,21600200
2020-03-27,41.10006372272575,43.247140489948244,40.907066576164404,42.45103454589844,14498400
2020-03-30,42.78074199597642,44.292543490220496,42.78074199597642,43.73767852783203,18013500
2020-03-31,43.665303456649696,45.22535495758653,43.61705646513103,44.823280334472656,28455600
2020-04-01,43.118478314095285,44.79111008642228,43.03806462286581,44.083457946777344,13441300
2020-04-02,44.464540864147544,44.853726845204335,43.44292805049538,44.7645378112793,12929400
2020-04-03,44.58615460169107,45.786145261564435,44.513182050409426,45.02398681640625,14654200
2020-04-06,46.272621541240476,47.08342619848033,45.87532899125856,46.9212646484375,22589700
2020-04-07,47.45639401885445,47.50504341014024,45.956406690079305,46.13478469848633,19224400
2020-04-08,46.25641514228027,47.94289068094192,45.69696092051894,47.2293815612793,15268700
2020-04-09,47.675318277081615,48.30774807994089,47.32667199010043,47.76450729370117,13256000
2020-04-13,47.43207702114865,48.16180252020232,47.07532405104164,47.772613525390625,13921600
2020-04-14,48.51044541334395,49.24016776842083,48.348283859002066,48.68071365356445,14259000
2020-04-15,48.080720583744295,48.559095505260586,47.756400542717344,48.21044921875,14402100
2020-04-16,48.48612584143459,48.93206785750545,48.242885022939106,48.291534423828125,12984900
2020-04-17,48.956394487657526,49.27260786347439,48.55099208933338,49.134769439697266,16697800
2020-04-20,49.25639210721328,50.950974280382084,49.13477014877095,50.010440826416016,17446000
2020-04-21,49.345577044592766,49.71854648323301,48.859092344085184,49.12665939331055,22203000
2020-04-22,49.66989242234311,50.19691669183963,49.36178887655144,49.40232849121094,12081000
2020-04-23,49.718537790350666,50.261778480323386,49.32935195377536,49.418540954589844,11897400
2020-04-24,50.00231942131061,50.71582835280836,49.66988965089248,50.47258758544922,10460800
2020-04-27,50.78880456891509,51.096911212793394,50.602319864007654,50.723941802978516,13994600
2020-04-28,51.02394409931723,51.226645290529206,50.08341069581263,50.38340759277344,10858900
2020-04-29,50.569899735201105,50.77260095614561,49.888823509108576,49.969905853271484,11035100
2020-04-30,49.33746829181076,49.54827926097668,48.940175692418734,49.30503845214844,17554500
2020-05-01,49.33747148908487,49.35368795645427,48.3888313452865,48.85909652709961,15582800
2020-05-04,49.248279080514756,49.39422108169422,48.42936459743156,48.78611755371094,16989600
2020-05-05,49.134770797349205,50.107737198806355,48.996935462738364,49.75098419189453,13340800
2020-05-06,49.986117773724466,50.456382955177844,49.41044400796315,49.56449890136719,14589000
2020-05-07,50.69151833441867,50.756381112461014,49.15098792048208,49.49152755737305,17531500
2020-05-08,50.13206365375922,50.41584410441003,49.41855454401225,49.4996337890625,16960100
2020-05-11,49.353682014761254,50.92664513750037,49.27260278065027,50.805023193359375,14146800
2020-05-12,51.218533964237714,52.11041794144951,50.98340294019254,51.364479064941406,18928100
2020-05-13,51.218539243851986,51.83475264211464,50.74016736698155,51.29962158203125,17287900
2020-05-14,50.67530220723037,51.99691186185294,50.37530528419656,51.70502471923828,18221700
2020-05-15,52.05367038468715,52.97798744525251,51.73746007199257,51.964481353759766,35224400
2020-05-18,52.637442651348614,52.872576770117135,51.4698849300104,51.56718063354492,15170500
2020-05-19,51.42935007178916,51.745563457277306,50.66719465310043,50.8455696105957,11052100
2020-05-20,51.080702925998956,51.283404128086254,49.32125797650916,50.010440826416016,16658200
2020-05-21,49.961787222478065,50.16448840751747,49.005037381654134,49.572601318359375,16016000
2020-05-22,49.46718946130261,49.99421371167763,49.12665299894894,49.288814544677734,9228600
2020-05-26,49.872590291430804,49.872590291430804,48.79422176650453,48.90773391723633,18447800
2020-05-27,48.64827974210121,49.069898537689674,47.92666408746926,48.97260284423828,19071700
2020-05-28,49.42665576458301,49.44287223039446,48.38882669644728,48.494232177734375,14977400
2020-05-29,48.89152213033774,49.029360535820736,48.1455833010514,48.42125701904297,27224800
2020-06-01,48.210445848698335,49.81583875453778,48.1861226978896,48.88341522216797,11507900
2020-06-02,48.883421821229824,49.19963519632859,48.05640055936967,49.17531204223633,15460100
2020-06-03,49.21585346415899,49.36990526733804,48.39693885937441,48.81855773925781,13497600
2020-06-04,48.50233518430259,49.53205748789533,48.50233518430259,49.369895935058594,13476900
2020-06-05,49.60503972050349,50.08341469366852,49.07801534409329,49.726661682128906,11862600
2020-06-08,49.134766024051274,49.807735443115234,48.97260755037407,49.807735443115234,12549100
2020-06-09,50.06718806914463,50.40772454385364,49.40232849121094,49.40232849121094,12159500
2020-06-10,49.65368189510337,49.7996238976425,48.56720345793206,48.778011322021484,13343700
2020-06-11,48.56720889219977,48.87531249011437,45.72939208431105,45.98073959350586,17371900
2020-06-12,46.69423658524451,46.74288597424376,45.072627400958154,45.54289245605469,14864200
2020-06-15,45.11318173951755,45.22669392459868,43.84021836172195,44.67534637451172,21617800
2020-06-16,45.34830479304473,46.45099962337611,44.99965854248484,46.2645149230957,16973300
2020-06-17,46.38612749340521,46.50774941291181,45.98072521901508,46.17531967163086,13638200
2020-06-18,45.86721500249051,45.90775461303653,45.064520197567646,45.380733489990234,14113300
2020-06-19,45.97262954011353,46.07803502272134,44.375343206880316,45.73749542236328,54134700
2020-06-22,45.599667321741876,46.77533191071895,45.3402069173949,46.66992950439453,18716200
2020-06-23,46.97802936712274,47.91856281878325,46.8807336563923,47.33478546142578,15557200
2020-06-24,47.115864358391676,47.19694359592822,46.30505961112759,46.83208084106445,11177200
2020-06-25,47.034788062295384,47.4077606445488,46.7834405379002,47.17262649536133,15267200
2020-06-26,46.99423826139384,47.04288765540676,45.948299487423974,46.65370178222656,26132400
2020-06-29,47.0185606229904,47.14017945852016,46.46721324159462,46.864505767822266,9831400
2020-06-30,46.91316430427162,47.99964281555698,46.62127409333306,47.67531967163086,12139700
2020-07-01,47.991539805976885,48.429375184150054,47.7401922723026,48.186134338378906,11738300
2020-07-02,48.44756719431466,48.72534426767901,47.99822275355353,48.31684875488281,11366100
2020-07-06,48.69266162443778,49.493315535036466,48.09625857735478,49.174686431884766,8810800
2020-07-07,48.82337847447736,49.517822661504674,48.62730238905244,49.256385803222656,12766700
2020-07-08,49.28089637103561,49.57501362670541,48.43122499167247,48.65998458862305,10507000
2020-07-09,48.74167315475832,49.133828382079045,47.24658154538382,47.475337982177734,12780000
2020-07-10,47.38546522634114,47.458994521182845,46.699192846676056,46.91978073120117,8770000
2020-07-13,47.034166210587536,47.785799464749346,46.97697709649156,47.18122482299805,10149000
2020-07-14,47.24659105508452,47.46717588263599,46.805415166834926,47.29560852050781,12153900
2020-07-15,47.91652400238929,48.70083462432693,47.6469154730257,48.423057556152344,9459400
2020-07-16,48.39037602062324,48.512925915896695,47.98188052514281,48.463905334472656,6949700
2020-07-17,48.774354973636044,49.52598506900934,48.52925833890879,49.338077545166016,9078200
2020-07-20,49.2563815227755,49.542327087743274,48.38220151950499,48.578277587890625,6759900
2020-07-21,48.68449267008733,49.21553805423175,48.463904731284565,48.85606002807617,7802300
2020-07-22,48.92958819283889,49.289066210559035,48.4802437872619,48.896907806396484,8961000
2020-07-23,49.117501548739654,49.39527863320414,48.66815709002244,48.91325378417969,8913200
2020-07-24,48.74984350731902,48.82337280996576,47.01782374300716,47.26292037963867,12531900
2020-07-27,47.0178312532161,47.892011370665,46.85443243050428,47.426326751708984,12372000
2020-07-28,47.83481531224779,48.872394101918246,47.58155013452267,48.553768157958984,9816300
2020-07-29,48.333176929266145,48.529256097937136,47.867492409816776,48.325008392333984,7357900
2020-07-30,48.03905570856146,48.325004342385114,47.663240709724846,48.09624481201172,7175200
2020-07-31,48.10442542854783,48.275992770868214,47.197565024035804,47.924686431884766,10443000
2020-08-03,48.292339898924524,48.72534414408668,48.16162145982425,48.2841682434082,10337900
2020-08-04,48.06358255175974,48.619133570589874,47.81848275581974,48.586456298828125,6527600
2020-08-05,48.97860897136024,49.32991533560952,48.53743310231604,48.76618957519531,10662800
2020-08-06,50.65343865123555,51.445920866146984,49.362591460619925,50.106056213378906,18961900
2020-08-07,50.29396286884258,50.36749217734596,49.362590588942005,49.852787017822266,9969100
2020-08-10,49.80376924910123,50.64527207534268,49.64854208531555,50.50638198852539,9820900
2020-08-11,51.445918846503,52.49166621901027,51.21715927133728,51.576637268066406,20736000
2020-08-12,51.94428012015114,52.507999572249076,51.83807043623134,51.9932975769043,8616200
2020-08-13,51.486772520691524,51.944288596674944,51.38873447461411,51.66651153564453,7748700
2020-08-14,51.625666877971845,51.91978417485086,51.26619191321624,51.601158142089844,5606900
2020-08-17,51.8053956927571,52.35278124647198,51.609316494683966,51.97696304321289,5972400
2020-08-18,51.87074841225369,52.02597554572592,51.38872370491371,51.494930267333984,5745600
2020-08-19,51.527620377852934,52.140363607128094,51.429582333809414,51.54396057128906,6092700
2020-08-20,51.29069242537875,51.356053199349425,50.5962513430931,50.83317947387695,6326300
2020-08-21,50.83317044402493,50.93937700800121,50.44101521958186,50.808658599853516,8031400
2020-08-24,50.93121039467636,51.029248425346886,50.40833674233654,50.988399505615234,8721000
2020-08-25,51.26617800298679,51.77271147874242,51.061930281859354,51.233497619628906,6620600
2020-08-26,51.061925865999996,51.13545516390994,50.31029581320733,50.88218688964844,6195800
2020-08-27,51.0619303393909,51.437745398711314,50.8495140804711,51.070098876953125,6389500
2020-08-28,51.061932501080584,51.13546180854506,50.53088715644014,50.95572280883789,6380400
2020-08-31,50.96389975568861,51.3070344817738,50.61259337427376,50.81684112548828,14189800
2020-09-01,50.816833842776354,50.86585130143606,49.58317585695875,49.81193542480469,12154000
2020-09-02,49.664869116766965,50.50636860342255,49.39526066964095,50.326629638671875,13287300
2020-09-03,50.34297819315196,50.669775798533436,48.635467094008256,49.060302734375,16483900
2020-09-04,49.166514718800094,49.45246029942769,48.406712899906104,48.978607177734375,16405800
2020-09-08,48.91324949194887,49.01945919284054,47.49985545921076,47.8184814453125,11735900
2020-09-09,48.14527619307598,48.69265862521037,48.006386113091985,48.267826080322266,7173700
2020-09-10,48.19430032758744,48.44756554227788,47.53253649745697,47.622406005859375,11995300
2020-09-11,47.761301806524294,48.42306575895868,47.73679306936617,48.19430923461914,8573500
2020-09-14,48.357693524237106,49.09298663066673,48.25965548223755,48.77436065673828,6242400
2020-09-15,48.9949532075339,49.109331453411606,48.52109691281369,48.635475158691406,8259100
2020-09-16,48.74985003115252,48.99494981715675,48.398546778797815,48.57011413574219,6159800
2020-09-17,48.20246871274007,48.55377508997235,47.59789400505073,48.529266357421875,6624800
2020-09-18,48.27599892496737,48.7907041341148,48.06358263357427,48.423057556152344,13944500
2020-09-21,48.13710469730525,48.16978508288854,46.48678574079953,47.197566986083984,16199700
2020-09-22,47.19757402650508,48.079922752861336,47.08319577647497,48.00639343261719,12466800
2020-09-23,48.243326708935385,48.61097334917671,47.89202026565744,48.19430923461914,11436600
2020-09-24,47.77762921962711,48.05540626053199,47.14037729143425,47.5897216796875,10358800
2020-09-25,47.59788179432578,48.888728731435336,47.51618396240069,48.602783203125,9835900
2020-09-28,48.50476226027422,49.191034930526676,48.16979602339944,48.78253936767578,9616600
2020-09-29,48.88873882019953,49.787427623120564,48.75802039220059,48.93775939941406,8084100
2020-09-30,49.1338359124022,49.54233139303949,48.847890322585364,49.256385803222656,10322300
2020-10-01,49.70087431989259,49.85726878329054,49.08352329172901,49.23991775512695,8747600
2020-10-02,48.88597527985817,49.39631797676246,48.301550325337935,48.334476470947266,12574300
2020-10-05,48.19454860462838,48.795436715270675,47.70066891204883,48.72958755493164,10992300
2020-10-06,48.84481192803818,48.94358721021555,47.42078931161019,47.52779769897461,13113300
2020-10-07,47.86528957439299,50.194759410909185,47.70889195377204,49.733802795410156,14632600
2020-10-08,50.0877473098785,51.10843576168322,49.76672526600737,50.721561431884766,11787300
2020-10-09,50.86972162229678,51.28128895441893,50.7133271664938,50.88618469238281,9408400
2020-10-12,51.01788129836363,51.24012801353671,50.60631400508222,50.894412994384766,11531800
2020-10-13,50.67217403821557,51.04258214687893,50.19475439770143,50.3182258605957,8374300
2020-10-14,50.30177275571957,50.72980326787878,49.98075065660275,50.21122741699219,8822600
2020-10-15,49.87373734333363,50.12891026012935,49.64326060558915,49.733802795410156,13104700
2020-10-16,49.939589395178395,50.820346565602286,49.92312946153479,50.40877914428711,9385400
2020-10-19,50.86973574107781,51.3800784953511,49.80789097588772,50.021907806396484,10999100
2020-10-20,50.285305394487494,50.433469910680934,49.824348772995684,49.914894104003906,6635100
2020-10-21,49.709105952882275,50.00543495874306,49.346927801280096,49.412776947021484,8004800
2020-10-22,49.37162393402154,50.21945175616311,49.3469308953215,50.013668060302734,7034900
2020-10-23,50.07128154461433,50.39230355108327,49.44569746123071,49.495086669921875,7336800
2020-10-26,49.239918913271175,49.503321773615546,48.597874833682994,49.11644744873047,7484100
2020-10-27,48.778964199033915,49.25638386413219,48.202772382549654,48.35093688964844,10008000
2020-10-28,47.74181948516512,48.18631304087081,47.24793984994333,47.54426574707031,11931200
2020-10-29,47.58542216840698,48.09576484643585,46.71289818209121,47.67596435546875,8838600
2020-10-30,47.50310727633851,48.13692143208711,47.404331982198855,48.11222839355469,11155300
2020-11-02,48.721341685317526,49.09175292773194,48.433245796778365,48.968284606933594,10318500
2020-11-03,50.21945536727312,51.231913986917455,49.56094812117089,50.40877914428711,14236000
2020-11-04,52.6476914087836,54.516210579262406,52.47483388605534,53.85770034790039,24699700
2020-11-05,53.495523548445796,53.816545585968406,52.30198071970988,52.47483825683594,17676100
2020-11-06,52.35960055769674,53.43790504191906,52.17027994703182,52.515995025634766,9680100
2020-11-09,53.6025322193953,54.3927407526518,52.672389158785904,52.7464714050293,15533300
2020-11-10,52.8534804499075,53.33913320796547,52.44191308342634,53.10865020751953,11210000
2020-11-11,53.56137872220171,53.602537972317386,51.88218305380386,52.20320510864258,8269700
2020-11-12,51.97273259110326,51.97273259110326,51.19898698238918,51.651710510253906,7602900
2020-11-13,51.68463197064612,52.71355041341256,51.668168898760676,52.36783218383789,9433500
2020-11-16,52.77940464619359,53.44614181207319,52.55715473755371,53.092193603515625,7199600
2020-11-17,53.06750223930143,53.256819728910685,52.58185257549172,52.94403076171875,8610200
2020-11-18,53.23212968873314,53.256822729636944,51.034361128006196,51.0425910949707,12455300
2020-11-19,51.198978087619984,51.3636056527911,50.33468729548367,51.10843276977539,9025500
2020-11-20,50.91087988456892,51.30598730335505,50.54047178197267,50.71332931518555,8299700
2020-11-23,50.82033687536728,51.04258047729188,50.27706810842015,50.96849822998047,9591100
2020-11-24,50.993192823573146,52.27728088378288,50.93557364856422,52.03857421875,13510100
2020-11-25,52.20320079152076,52.269053074252014,51.19897859994643,51.72578430175781,9520600
2020-11-27,52.08796410254476,52.42544921231119,51.75871209838786,51.898643493652344,4178800
2020-11-30,51.89865272276313,52.07974339825903,51.02613177357813,51.363616943359375,14996600
2020-12-01,51.98096254871511,52.46661219391487,51.314222247336126,51.37184143066406,9870500
2020-12-02,51.371850103790614,51.71756840213597,50.95205267723967,51.18252944946289,8077200
2020-12-03,51.03435450480067,51.27306433592549,50.68863941697289,50.85326385498047,10944900
2020-12-04,50.86149365931245,51.28952407836914,50.74625530418366,51.28952407836914,8159000
2020-12-07,51.19075237576748,51.520007553663596,50.1865300492035,50.375850677490234,8974000
2020-12-08,50.35114985233358,50.8532625392916,50.08774699032442,50.309993743896484,10830600
2020-12-09,50.62278247232967,50.67217168319393,49.65971641054849,50.145362854003906,10244500
2020-12-10,50.13712867346894,50.244137051339735,49.3551501705842,49.552703857421875,9428600
2020-12-11,49.65971756544637,50.59809061362324,49.55270917608999,49.98073959350586,10021600
2020-12-14,50.219449628320355,50.293531881291564,49.322232626784576,49.3633918762207,11400400
2020-12-15,50.42522493779524,51.56115158129383,50.08773987255406,51.50353240966797,14940600
2020-12-16,51.44592568732321,52.087969835097766,51.27306813061623,51.31422424316406,9498000
2020-12-17,51.50354817416609,51.70933189010571,51.02613158599155,51.47885513305664,10642400
2020-12-18,51.56939708518369,52.2279043049605,51.39653638873406,51.956268310546875,21177800
2020-12-21,51.034361128006196,51.13313643163172,50.491092248050414,51.0425910949707,13055700
2020-12-22,50.84503624166194,51.00966382729665,50.31823047963889,50.56517028808594,8113400
2020-12-23,50.51578644179399,50.72980326787878,50.21122741699219,50.21122741699219,6235000
2020-12-24,50.30999772966477,50.507551461827575,50.16183321554519,50.334693908691406,3099700
2020-12-28,50.556933534528845,50.820339536547806,50.05482398758062,50.309993743896484,6855700
2020-12-29,50.78740655552735,50.98495710543014,50.491077590663785,50.55692672729492,6653400
2020-12-30,50.72155845227898,51.16605193614744,50.60632009868559,50.96849822998047,6624100
2020-12-31,50.97679662541189,51.53269759582505,50.58683954995688,51.4663200378418,8649300
2021-01-04,51.225709896186395,51.565886972150714,50.19687989092129,50.92701721191406,12429600
2021-01-05,50.70299098429226,51.20080994878427,50.17198324481925,51.068058013916016,11584600
2021-01-06,50.23836332558107,51.48291404296981,50.21347332405126,51.19252014160156,12426200
2021-01-07,50.89382885795238,51.96414326385609,50.61173056101007,51.7401237487793,10931900
2021-01-08,51.59907543465811,52.420480361747266,51.56588981850644,51.84798812866211,10010500
2021-01-11,52.60302135304265,54.13796625675161,52.47026937847894,53.9056510925293,18185700
2021-01-12,54.229221332195586,55.009141772400575,53.85585866577644,54.28730010986328,15757500
2021-01-13,54.34537900691996,54.72704045101924,53.63183611965678,53.706512451171875,10292400
2021-01-14,53.85586320766203,55.06722519411298,53.74799808995961,54.776824951171875,12479800
2021-01-15,54.77682701447247,55.47377876162591,54.378574299052886,55.208274841308594,11296500
2021-01-19,55.46546645737389,55.722677867223545,55.03402506586643,55.37419891357422,10847800
2021-01-20,55.23315907446448,55.440584188358386,54.76023006799086,54.967655181884766,9609600
2021-01-21,54.46984396236331,54.92617548010642,53.08424235761711,53.25018310546875,14064300
2021-01-22,53.00956618568109,53.9554242804457,52.901704230910426,53.56546401977539,9071900
2021-01-25,53.631837004320786,54.04668723259066,53.067640440669265,53.78948211669922,9171000
2021-01-26,53.515688060305834,54.469845004923066,53.41612171065523,53.46590805053711,11284100
2021-01-27,53.00956597988271,53.00956597988271,51.358463709307195,51.45802688598633,13847700
2021-01-28,52.13008786096984,52.58642253733238,51.60737562038035,51.68204879760742,17514700
2021-01-29,51.69033672582234,52.105186945395644,50.63661678829943,50.96849822998047,16092000
2021-02-01,51.366755928011024,52.16326761892944,51.15933081068502,51.615665435791016,11240900
2021-02-02,52.27113861442846,53.63184711322039,52.17987104059738,52.22135543823242,16059700
2021-02-03,52.1632685713851,52.44536686270159,51.44972564834598,51.4663200378418,15115000
2021-02-04,51.441429681083015,52.17986260074119,50.810858709875085,51.07636260986328,15997000
2021-02-05,50.661517487890805,51.25060412767807,50.20517964645063,50.54535675048828,16249200
2021-02-08,50.90212983111991,50.91872422269431,49.508232589436176,49.97286605834961,18864300
2021-02-09,49.97286125283394,50.06412881518832,49.51652660611827,49.58290100097656,14226100
2021-02-10,49.86500080027181,50.221772282902386,49.45844931126436,49.78203201293945,13071000
2021-02-11,49.78202684353872,49.964561954782965,49.53311734233224,49.77373123168945,8256800
2021-02-12,49.665869287312766,50.014341955990645,49.49163295297382,49.77373123168945,9493600
2021-02-16,49.86500573336865,50.08902527939568,49.259324663765206,49.284217834472656,12386400
2021-02-17,49.35889125339384,50.55365900621595,49.300809298168794,50.27156066894531,11673500
2021-02-18,50.039239802870895,51.20911741653502,50.030941025189236,50.628326416015625,14076600
2021-02-19,50.72788519568986,51.02657786521226,50.21347180098796,50.27984619140625,16997100
2021-02-22,50.130503313629646,50.81086064393462,49.54141671092392,50.60343551635742,9916600
2021-02-23,50.777661761246776,50.9270080765931,49.80691071149569,50.3794059753418,13742000
2021-02-24,50.52876499754615,52.204757331141764,50.50387182869125,51.93095779418945,16517900
2021-02-25,51.798205317697466,52.41218194904171,51.283791865614596,51.5244026184082,17077100
2021-02-26,51.46631632967983,52.02221726004017,50.82744662287451,50.885528564453125,13229500
2021-03-01,51.35846854755108,51.499516130712585,51.04318143246638,51.13444900512695,7321400
2021-03-02,51.39995103634378,51.59078178797794,50.78597122082196,50.83575439453125,9584900
2021-03-03,50.65321401708401,50.90212352977349,49.75713913839065,50.40430450439453,13599900
2021-03-04,50.23006575925184,50.57853842733662,48.645338034031994,49.23442459106445,17309800
2021-03-05,49.37547922387769,50.271557353184164,49.22613603404976,50.1388053894043,14980100
2021-03-08,50.27985250707266,51.209119410102524,49.8898953973745,50.155399322509766,10617300
2021-03-09,50.43749040098151,51.325269616707175,50.24665967999016,50.25495529174805,12662500
2021-03-10,50.72788241362692,50.84403996428054,50.16368588326144,50.553646087646484,10240200
2021-03-11,50.611728598346815,50.76937054800344,50.07242202758789,50.07242202758789,10099500
2021-03-12,50.138805328211376,50.56195122316312,49.94797457832675,50.31304168701172,8030000
2021-03-15,50.32962941216674,50.976794753457604,50.02264113040775,50.93531036376953,10949800
2021-03-16,50.89382985824108,51.55758963907578,50.89382985824108,51.358463287353516,10163000
2021-03-17,51.5161089869452,51.88947487985592,50.98510112371953,51.590782165527344,9548100
2021-03-18,51.424835779776735,52.47026016532654,51.32527260760024,51.715232849121094,12145600
2021-03-19,51.49951220050426,52.06370882020663,50.918721190215784,52.02222442626953,32082200
2021-03-22,51.6073675728759,52.702571891385595,51.53269440729316,52.5864143371582,16103400
2021-03-23,52.586419037108534,52.71087221416557,51.930954876750235,51.95584487915039,11014500
2021-03-24,51.82308243305685,52.17985383216025,51.665440508009894,51.690330505371094,9626300
2021-03-25,52.27112964976596,52.27112964976596,51.424834789915394,52.096893310546875,11157300
2021-03-26,52.229642809149865,53.08423324099316,52.13007964356034,53.05104446411133,12537800
2021-03-29,52.98467250495907,53.449302742385925,52.81873177799687,53.15890884399414,9703200
2021-03-30,53.100831587114676,53.167209145825545,52.412178658242304,52.52833938598633,12232700
2021-03-31,52.59524025824792,53.32270928427127,52.49489728312836,52.787559509277344,12679000
2021-04-01,52.829366256497856,52.963153697129215,52.29421649397241,52.620323181152344,9725600
2021-04-05,52.59523775421212,53.18055579915483,52.578513925821746,52.81264114379883,8868100
2021-04-06,52.85444978787871,52.92970542171444,51.750702618117394,51.825958251953125,14002200
2021-04-07,51.85104161745772,52.29421509435503,51.78414949380445,51.892852783203125,11799700
2021-04-08,52.00991626295748,52.19387199485597,51.641998419672326,51.767425537109375,7846900
2021-04-09,51.67544815103558,52.3778330194465,51.5751083669038,52.35274887084961,7868000
2021-04-12,52.285852148909576,52.49489522091353,52.0684487575129,52.419639587402344,11163000
2021-04-13,52.60359654744388,53.29762105166165,52.46980911394628,53.16383361816406,9451100
2021-04-14,53.30597628718231,53.48157167882513,53.16382854816014,53.35614776611328,7639900
2021-04-15,53.51502815440644,54.12543675126757,53.44813283813619,53.8829460144043,9834000
2021-04-16,54.292665746667666,54.886347292833335,54.133790973930324,54.735836029052734,14589500
2021-04-19,54.70238258149938,55.128832180311875,54.526787188926576,54.8528938293457,11851000
2021-04-20,54.72747599976961,55.63054363987192,54.70239185079264,55.254268646240234,9685400
2021-04-21,55.622184164959315,55.93157024359002,55.25427265412954,55.454952239990234,9532100
2021-04-22,55.312804465817614,55.65563182585093,55.036866048078515,55.454952239990234,12914200
2021-04-23,55.438222835212,55.96500905712653,55.07030500305633,55.19573211669922,14715700
2021-04-26,55.153918304752175,55.18736595875055,54.41808905525107,55.09538650512695,11768800
2021-04-27,55.187378325556075,55.421505576521994,54.85290809010942,55.1539306640625,7472400
2021-04-28,55.27098755512146,55.51347828678708,54.97832852707273,55.21245574951172,7645600
2021-04-29,54.35119210958766,54.56859866428251,52.185506019477415,52.58686828613281,21473300
2021-04-30,51.84267593992995,52.48652891098543,51.43295016207872,52.19386672973633,17026200
2021-05-03,52.4279983347081,53.17219109309096,52.38619036205339,53.0802116394043,10740400
2021-05-04,52.996599074397615,53.690620396015554,52.96315141824291,53.47321701049805,10563200
2021-05-05,53.43140109993067,54.225762082295915,53.39795344874336,54.083614349365234,12772600
2021-05-06,54.01672944446465,54.117072417341205,53.55683850596265,53.89966583251953,11097800
2021-05-07,54.10034622304986,54.67730716177587,53.673902935676146,53.8829460144043,7847000
2021-05-10,54.05018112584068,54.59369443861237,54.008369955824065,54.10034942626953,10312300
2021-05-11,53.874584902572956,54.26758692878976,53.55684170538153,53.73243713378906,9508800
2021-05-12,53.874578782849404,54.54351914035836,53.7240675213843,53.958194732666016,10640900
2021-05-13,53.88293392480888,54.63548373579148,53.88293392480888,54.38463592529297,8611400
2021-05-14,54.518425529457986,54.59368434567674,54.025086987809324,54.250850677490234,7555500
2021-05-17,54.217406925033295,55.05357919503927,54.217406925033295,54.735836029052734,9173400
2021-05-18,54.70238258149938,55.02013209333466,54.459891883331,54.8528938293457,6668200
2021-05-19,54.61876995631358,54.83617652295885,54.008361419786105,54.811092376708984,7623000
2021-05-20,54.61877458704003,56.21586674822446,54.568606290286894,56.02354431152344,13165000
2021-05-21,56.22421796168783,56.79281532318206,55.998454270566874,56.06534957885742,9442100
2021-05-24,56.24930234102419,56.826263213322754,56.199134049341794,56.266029357910156,8441800
2021-05-25,56.30783577020562,56.49179468434691,55.74760189858476,55.82286071777344,9349700
2021-05-26,55.78941120838869,55.856306516669186,55.17900268443268,55.29606628417969,8503900
2021-05-27,55.438222567931746,55.73088157869551,54.83617752893888,54.94487762451172,12255400
2021-05-28,54.903074960257584,55.362965886508555,54.852900285411714,54.953243255615234,6356800
2021-06-01,55.52183708405731,55.52183708405731,54.37627883778539,54.434810638427734,8796600
2021-06-02,54.55188238989122,54.70239366824224,53.9665642960199,54.09199142456055,7517300
2021-06-03,53.90802920026228,54.41809481360757,53.7575179310868,54.18396759033203,7819400
2021-06-04,54.334473044583106,54.54351609720548,54.234130082708795,54.301025390625,8046000
2021-06-07,54.3762849157403,54.69403448001929,54.1254370475863,54.158878326416016,7974100
2021-06-08,54.19231621354307,54.25921151811794,52.86280552742643,53.26416778564453,14421200
2021-06-09,53.53174710427803,54.81109606448863,53.44813115132337,54.6856689453125,13693600
2021-06-10,54.811093641264605,56.60885887851873,54.702387165690055,56.349647521972656,15019300
2021-06-11,56.76773574709983,56.80954691301904,55.83958400318974,56.307838439941406,9541600
2021-06-14,56.291113503751355,56.39981359555913,55.73087964833876,56.266029357910156,5426600
2021-06-15,56.441628283938414,56.50016008772001,55.956646835754825,56.374732971191406,6247700
2021-06-16,56.37472825131193,56.74264606112903,55.889746843732595,55.956642150878906,10795500
2021-06-17,56.04862529227313,56.16568889774011,55.37969131524578,55.83121871948242,8841500
2021-06-18,55.5218362422373,55.797774603719354,55.003407173345664,55.58036804199219,15038300
2021-06-21,55.6974421197492,56.15733947540551,55.588742008179935,55.88140106201172,10195400
2021-06-22,55.814500734592414,55.84794839195699,54.94488078157852,55.137203216552734,9458700
2021-06-23,55.312792450514436,55.37132424948796,54.551872684370935,54.568599700927734,7473100
2021-06-24,54.73583258507728,55.362961748122835,54.694027801900226,55.06193923950195,6742200
2021-06-25,55.12882826342618,56.09878460769715,54.944869375852285,55.80612564086914,22602400
2021-06-28,55.78941784199304,56.01518155992435,55.28771572921021,55.52184295654297,8769900
2021-06-29,55.521842010465534,55.697437427973,55.26262425934543,55.41313552856445,5328300
2021-06-30,55.446578180643,56.157329675256726,55.346241596547166,55.87302780151367,10119900
2021-07-01,55.94884025564611,56.21839178080629,55.80564241372686,56.066768646240234,8425600
2021-07-02,56.23524455323656,56.42056243898205,55.87303407472007,56.395286560058594,6884400
2021-07-06,56.167855206767285,56.27735830925439,55.637177427092844,56.14258575439453,9573200
2021-07-07,56.24366821277062,56.59745985507886,55.780379885540256,56.55533981323242,7936400
2021-07-08,56.142590042096884,56.268943740226035,55.65402583685939,56.17628479003906,11434800
2021-07-09,56.18469915934958,56.91754540853981,56.18469915934958,56.57218551635742,8895300
2021-07-12,56.487945769727226,57.16182782532716,56.437406864872685,56.85858154296875,7978900
2021-07-13,56.62273414562192,56.95124993491079,56.44584152266765,56.80805206298828,5535600
2021-07-14,56.883855592056634,57.27133555602256,56.605878739662785,57.17867660522461,7132800
2021-07-15,56.98493182818902,57.2292138980884,56.538487724330395,56.79961395263672,7473000
2021-07-16,56.80804528355356,56.92597368478291,56.285786344812266,56.69011688232422,6381400
2021-07-19,56.26894360011799,56.65642356056414,55.40974359627198,55.89830780029297,11138100
2021-07-20,56.01623164520023,57.00177884002881,55.96569274083431,56.2015495300293,8710000
2021-07-21,56.53006547814749,56.63956858023156,56.066770764300415,56.57218551635742,5796400
2021-07-22,56.555333227542114,57.27975416195489,56.37844064029463,57.24605941772461,11068400
2021-07-23,57.27975497518269,57.726199095995504,57.1112876782548,57.5661506652832,7092300
2021-07-26,57.46507511983198,57.566152931321376,56.850157251270176,57.01863098144531,8306000
2021-07-27,56.65642573176403,57.043905707059274,56.47953311869118,56.850162506103516,11190400
2021-07-28,56.94280228003416,58.11366710548855,56.44581935735981,57.89466094970703,11625900
2021-07-29,58.12210064822424,58.349532127397985,57.32187139835123,57.406105041503906,8963700
2021-07-30,57.40610288688872,57.71776799751746,56.850149295040495,57.17024612426758,10008000
2021-08-02,57.44822730766576,57.86940201351849,57.24606524830893,57.29660415649414,6562100
2021-08-03,57.532467648910725,58.400086518611346,57.279760253616004,58.383235931396484,8780200
2021-08-04,58.06314065140708,58.40850054127572,57.6588101377934,57.6925048828125,5857300
2021-08-05,57.844132273761375,57.91994706228077,57.25449025912591,57.633544921875,5484300
2021-08-06,57.60827562917386,57.61670092272537,57.07759781451638,57.38084411621094,6632900
2021-08-09,57.44823366114335,57.55774320981048,56.62273474528104,56.75750732421875,8154100
2021-08-10,56.80805266461001,56.91755578666044,56.24367361212179,56.75750732421875,7415300
2021-08-11,56.88386253770442,57.052336299097206,56.22683093481472,56.32791519165039,5768900
2021-08-12,56.24366341959551,56.62272448406098,56.10046557210691,56.395286560058594,5722900
2021-08-13,56.44583352096176,57.1365597526546,56.420564067924275,56.867008209228516,4901100
2021-08-16,56.86699961272192,57.86939084916797,56.85857432077783,57.85254669189453,6753600
2021-08-17,57.85254503965284,58.25687549543026,57.45663987557889,58.088401794433594,7560300
2021-08-18,58.11367910598036,58.18106859549713,57.16182666636379,57.22079086303711,6863800
2021-08-19,56.984948529916046,58.21477810575977,56.90913372832627,57.70936965942383,11707400
2021-08-20,57.87782373331993,58.416926809394276,57.53246383768586,58.29057312011719,9053400
2021-08-23,58.34111524391905,58.75386460802134,58.021018391802166,58.071563720703125,7988800
2021-08-24,57.987324966846174,57.99575025962382,57.43980304199157,57.7177734375,5125100
2021-08-25,57.49876752026591,57.54088113112995,56.690112928260504,56.942813873291016,7639700
2021-08-26,56.7996175556211,57.077594386582525,56.39528703543942,56.42898178100586,4697700
2021-08-27,56.50479437167311,56.62272276326988,56.08361970836597,56.1004638671875,6863400
2021-08-30,56.19312130740699,56.84173387049261,56.024654017226794,56.614295959472656,4257400
2021-08-31,56.479521686010514,56.984929967715395,56.2436584897076,56.31947326660156,8502700
2021-09-01,56.68169277643213,56.68169277643213,55.12334764758249,55.43501281738281,10320400
2021-09-02,55.56979421594343,55.69614791870117,55.173888946390115,55.69614791870117,7064400
2021-09-03,55.56978680286237,55.56978680286237,54.9969889965067,55.26654052734375,7770800
2021-09-07,55.12334138819178,55.224419193247876,54.45788465623965,54.91275405883789,8789000
2021-09-08,54.424187955971526,54.87063204989508,53.92719853472159,54.6853141784668,12231600
2021-09-09,54.28099289860382,54.55054442722306,53.447065647789,53.55657196044922,11246000
2021-09-10,53.674499346631386,53.80084981581812,53.034312068177805,53.177513122558594,10017200
2021-09-13,53.46391232464907,53.497603855307524,52.69737457261236,52.933231353759766,9031500
2021-09-14,53.11855379273374,53.14382324622399,52.200392827328955,52.318321228027344,8009700
2021-09-15,52.208814858031765,52.62156747339384,52.06561700397851,52.22566223144531,7981400
2021-09-16,52.10772638074861,52.26777158533293,51.09690661361341,51.57704544067383,13621900
2021-09-17,50.97055388310776,51.737091604852054,50.84420341818954,51.64443588256836,20447900
2021-09-20,51.080063708978976,51.703403637430355,50.67573640943257,50.962135314941406,15426800
2021-09-21,50.99582797812227,51.49281419935507,50.80208802249695,50.81893539428711,10157700
2021-09-22,50.96213359722709,51.09690935919984,50.58307576252007,50.66731262207031,9661300
2021-09-23,50.87790005723971,51.66970725881985,50.726276923040245,51.07164001464844,9393700
2021-09-24,50.96213395167362,51.467542259259716,50.684157133185906,50.73469924926758,9541700
2021-09-27,50.633619859871686,51.1474534766611,50.36406832537688,50.406185150146484,8231800
2021-09-28,50.43987989528527,50.7347008819803,50.01870522097366,50.406185150146484,10812500
2021-09-29,50.456727810602665,51.33276870048024,50.456727810602665,51.06321716308594,9043300
2021-09-30,51.10568206942904,51.436874902821735,50.230992972059276,50.24797439575195,11995500
2021-10-01,50.41781561939555,50.749008438541985,49.806383968468715,50.536705017089844,11188000
2021-10-04,50.44329806422509,50.97830039448531,49.97622790995977,50.044166564941406,12532800
2021-10-05,49.984714818460915,50.68106973643564,49.959239446179105,50.230987548828125,11406200
2021-10-06,50.19702201693233,50.29892675324819,49.763921218476916,50.264957427978516,9283400
2021-10-07,49.891304558624775,50.40083147959645,49.56860244761303,50.112098693847656,13798200
2021-10-08,49.993207258766034,50.095115230404325,48.24382919238474,48.625972747802734,27249600
2021-10-11,48.67692837663514,49.05907518444493,48.41367096692326,48.76184844970703,10741400
2021-10-12,48.84677231992193,49.96773414263246,48.252322083152855,48.45613479614258,11736300
2021-10-13,48.45612797245014,48.73636676891738,48.11644124513372,48.46461868286133,9876200
2021-10-14,48.464620675965,49.398754355262255,48.413666692924245,48.99962615966797,9027700
2021-10-15,49.34781617144143,49.8403585082231,49.17797275757084,49.56011962890625,9445300
2021-10-18,49.26288741197031,49.38178005621363,48.33724430992534,48.35422897338867,13320600
2021-10-19,48.55803819059068,48.94867570357156,48.422164132184584,48.90621566772461,9390200
2021-10-20,49.1779648972598,49.76392117998923,49.16947418569552,49.313838958740234,9010300
2021-10-21,49.330823076095115,49.33931378756553,48.7193881864449,49.09304428100586,7159000
2021-10-22,49.09304452051801,50.10360764407073,48.77034241168457,48.91470718383789,6884500
2021-10-25,49.016614919799586,49.390267774867425,48.84677153495307,49.09304428100586,9716100
2021-10-26,49.169473395813576,49.55161696043683,48.931691362422775,49.45820617675781,9984600
2021-10-27,49.551618829515746,49.611063530232414,47.64938192759594,47.972084045410156,18773700
2021-10-28,48.00605283839803,49.0420946627158,47.85319410236775,48.51558303833008,16380800
2021-10-29,48.617488557541506,49.73845047997076,48.52407452409015,49.594085693359375,17067000
2021-11-01,49.50916505935121,50.29044345830763,49.50067434652819,49.83186721801758,13216600
2021-11-02,49.916782124144895,50.63861573995155,49.50066920963264,49.78940200805664,13462700
2021-11-03,49.72145663520415,50.50273484750225,49.60256724712447,50.40932083129883,12305800
2021-11-04,50.47725211783462,50.68955550479647,49.77240655765739,50.31590270996094,9831000
2021-11-05,50.171536380575326,50.83392189038293,49.908279022822114,50.48574447631836,10625200
2021-11-08,50.7829788676072,51.12266564511354,50.15456254056161,50.451786041259766,10294200
2021-11-09,50.4517797750875,50.655592464176166,50.273445696817916,50.494239807128906,9128800
2021-11-10,50.358373643597915,50.910363865018724,50.358373643597915,50.4348030090332,11005200
2021-11-11,50.44329476589771,50.68956427536993,50.222497391138006,50.264957427978516,8148700
2021-11-12,49.95074821229785,50.69805715497105,49.89979422547022,50.46876907348633,9278300
2021-11-15,50.78298569961815,51.003783106549875,50.51973148915277,50.630126953125,10543300
2021-11-16,50.528216754847925,50.901869628498126,49.97622653651866,50.18852996826172,9320300
2021-11-17,50.10361151851203,50.74052183442532,49.5516212822565,50.477264404296875,12324500
2021-11-18,50.485750699168264,50.69805410560758,49.8828098023589,50.1375732421875,9815900
2021-11-19,50.21400831929897,50.46027783681309,49.084552513398855,49.11003112792969,13880200
2021-11-22,49.09304672242304,49.52614429780131,48.422167100637395,48.439151763916016,14185500
2021-11-23,48.65145275283083,49.22042436637624,48.57502339166126,48.78732681274414,14464200
2021-11-24,48.76184156087151,49.01660822308126,48.031520612947276,48.24382400512695,17685200
2021-11-26,47.819221496199255,48.17588967199369,47.40310538494611,48.006046295166016,15832300
2021-11-29,47.42008848199072,47.81072596816052,46.36706217199728,46.401031494140625,22025000
2021-11-30,45.99340951334599,46.15475893487146,45.19514987704588,45.54332733154297,25407200
2021-12-01,45.80659125813382,47.52200352483356,45.78111588074265,46.66429901123047,20198400
2021-12-02,46.69826722241307,47.45406696885792,46.426515832276344,47.054935455322266,17193700
2021-12-03,47.35215219746791,48.14192115944739,47.35215219746791,47.82771301269531,18445600
2021-12-06,47.99755726149033,48.86375559803923,47.93811256344714,48.26081466674805,18988000
2021-12-07,48.447644382541775,49.050585374942635,48.35423035057956,48.51558303833008,13037800
2021-12-08,48.73637308665091,49.15248921958034,48.53256361543525,48.91470718383789,11391700
2021-12-09,48.608994619782194,49.08455222835255,48.32875253802331,48.8637580871582,13622700
2021-12-10,48.92320387714765,49.08455332086197,47.64938327242203,47.86168670654297,14467200
2021-12-13,48.62597526536887,50.41781669911695,48.49859515346556,50.14606857299805,18908400
2021-12-14,49.93376407764413,51.31798329257013,49.76392069258379,50.536705017089844,21215300
2021-12-15,50.63011375288451,51.70012469936424,50.613129092203096,51.4708366394043,18498200
2021-12-16,51.8020413815819,53.22022686116995,51.62370726250081,52.79561996459961,17947200
2021-12-17,52.906015692216656,53.1353037922212,52.10775593773268,52.2775993347168,24453700
2021-12-20,52.17568158546734,52.68521168103491,51.7001240503289,52.4134635925293,10894300
2021-12-21,52.65125578652942,52.85506852462864,52.01434543427301,52.18418884277344,8669700
2021-12-22,52.10775160249765,52.889026628333745,51.74258946318506,52.736167907714844,15119700
2021-12-23,52.99942778263121,53.126811135580105,52.52386693638098,52.69371032714844,8077000
2021-12-27,52.72767858532857,52.948472721209335,52.455930461401536,52.89752197265625,9542600
2021-12-28,52.922999508716046,53.19474764374336,52.74466540250936,52.9484748840332,6002200
2021-12-29,52.81259865924582,53.06736535998394,52.67672459728231,52.89752197265625,4875400
2021-12-30,53.07585362545421,53.64482522136243,52.95696423165207,53.092838287353516,6248000
2021-12-31,53.16927226842621,53.49197439358114,52.9484748840332,52.9484748840332,6446200
2022-01-03,52.71069254114208,52.85506055040945,52.09076694721297,52.54934310913086,12359400
2022-01-04,52.22664075112143,52.914504990646385,51.86147861353951,52.76164627075195,11415200
2022-01-05,53.02489960654715,53.72974849720839,52.75315149531446,52.7871208190918,11074100
2022-01-06,52.87278935180122,52.93275498767178,52.13606494781196,52.66719055175781,8048900
2022-01-07,52.67576207318072,53.97787590204142,52.435896247542374,53.82368087768555,16670000
2022-01-10,53.797976420033876,55.95674914061123,53.76370940830675,55.76828384399414,27534100
2022-01-11,55.43420141853838,56.410788602542,55.091537758099314,56.09383010864258,12999500
2022-01-12,55.56268268819202,55.99101048780141,55.15148512483104,55.52841567993164,10148200
2022-01-13,55.382789773562976,55.648350936945825,54.706031017291956,55.3399543762207,8201800
2022-01-14,55.06583023456008,55.67405502912645,55.04013160793631,55.622657775878906,10302000
2022-01-18,55.40849342954228,55.70832163087481,54.66320385202834,55.5883903503418,13301400
2022-01-19,55.56268792516551,55.96531714046969,55.18575733453791,55.44275665283203,12569200
2022-01-20,55.27142259944692,55.98244839531494,54.93732740105386,55.32282638549805,8523100
2022-01-21,55.45988417573879,55.61408245201388,54.21773611490776,54.43190002441406,13273200
2022-01-24,54.12350926377485,54.32910480888839,52.41876292380685,53.635215759277344,17667200
2022-01-25,53.31824803539133,53.80654148476714,52.6414893010347,53.506710052490234,16752800
2022-01-26,53.24971091884558,54.320530397802315,52.9927148974723,53.31824493408203,13664200
2022-01-27,53.54954094601073,55.27141729076305,53.41247617860697,54.70602798461914,16567900
2022-01-28,54.551836558211306,55.61408782191597,54.17490921752291,55.605525970458984,10848400
2022-01-31,55.32282916284222,55.682623004441254,55.160062481076864,55.5883903503418,12036600
2022-02-01,55.691184415380214,55.90534832318427,55.408486488495555,55.84538269042969,12055500
2022-02-02,55.55412036708473,55.66548979003015,54.851662960467884,55.51129150390625,12312300
2022-02-03,55.51129062924961,55.75115317371537,54.48329989269956,54.885929107666016,13946700
2022-02-04,54.09780610405699,56.06811019578751,53.88364218957994,55.674049377441406,13193700
2022-02-07,56.00814231192044,56.924763567640866,55.682615527863256,56.7020378112793,17538000
2022-02-08,56.75344205654853,56.78770907000649,56.19661452544458,56.445045471191406,13613900
2022-02-09,56.316542258773374,57.627224396133634,56.21374776063634,57.51586151123047,17159900
2022-02-10,57.284566145612004,57.481593286725634,56.68490326415787,56.97616958618164,21184400
2022-02-11,56.899060565696686,57.70431888126352,56.87336194469148,57.293121337890625,15613400
2022-02-14,57.2845618915026,57.41305500191967,56.385070904002056,57.233158111572266,14939400
2022-02-15,57.16463726707166,58.30398437152991,57.16463726707166,58.0555534362793,24972100
2022-02-16,58.05554962843779,58.58667847611265,57.78142008610067,57.90991973876953,14253300
2022-02-17,57.82425507265869,58.06411760353418,57.216030359149045,57.73002243041992,13456500
2022-02-18,57.72145189888317,58.18404670656377,57.550123393414886,57.867088317871094,12278900
2022-02-22,57.969879298048234,58.483871319105724,57.43875704178619,57.78141403198242,15771200
2022-02-23,58.16692451263069,58.501019719521175,57.789993905568835,58.192623138427734,15957700
2022-02-24,56.95903738473362,57.54156353977269,56.702044588423874,57.481597900390625,18055400
2022-02-25,57.987023682408264,59.383370054503985,57.93561989851926,58.93791198730469,15719800
2022-02-28,57.987034304667056,58.852251973496614,57.64437067094748,58.82655334472656,22480200
2022-03-01,58.355388588904376,59.117811638416484,58.269717790363345,58.79227828979492,12418300
2022-03-02,58.90364372295924,59.3234031571621,58.68947981264457,58.98073959350586,13004700
2022-03-03,58.98074364012583,59.66607081445803,58.775148102131894,59.20347595214844,15730900
2022-03-04,58.47530944772646,59.57182750177981,58.45817267676511,59.41762924194336,13076200
2022-03-07,59.28915066712924,59.30628744417898,58.39822779774162,58.9122200012207,15714900
2022-03-08,58.192624316527116,58.6038219448978,57.678632182887185,58.02985763549805,19223500
2022-03-09,58.57812039829805,58.78372249305558,58.218326536119825,58.363956451416016,12430800
2022-03-10,58.05555725196725,58.87795252273479,58.00415999845604,58.61238479614258,12817400
2022-03-11,58.329678336455274,59.52899751793716,58.201185221388144,58.99787521362305,14023800
2022-03-14,59.049277235787144,59.914501316549725,58.89507894947069,59.31483840942383,17475600
2022-03-15,59.68319785164829,60.128662451801276,59.34910266941553,59.751731872558594,15977200
2022-03-16,59.905930994943255,60.09439628721738,59.126371201584654,59.67463684082031,15734300
2022-03-17,59.700331066905974,60.574116906265004,59.34909913249538,60.41135025024414,17191500
2022-03-18,60.299996587916425,60.83968734741211,59.8973673472507,60.83968734741211,33020100
2022-03-21,61.23375299412348,61.73060833847954,60.47989178683331,60.86539077758789,18289000
2022-03-22,61.00244538576199,61.165212043591836,60.197187018515756,60.66835021972656,14242400
2022-03-23,60.81397614478493,61.25944069433051,60.51414800706957,61.1480712890625,13438700
2022-03-24,61.35368250877985,62.19320141999996,61.242313086847645,62.03044128417969,12981700
2022-03-25,62.10753594290281,62.92992460006197,62.06470054518828,62.775726318359375,12153100
2022-03-28,62.7071961279242,63.16979100129796,62.28743665488234,62.63010025024414,10629100
2022-03-29,62.501598017092235,62.827124824641,62.24460523295296,62.7328987121582,14833300
2022-03-30,62.981317696679696,63.452480897421886,62.724324934626935,63.152652740478516,12146600
2022-03-31,63.39428898776487,63.52373685325202,62.980063718996306,63.02320861816406,17143100
2022-04-01,63.161282964610535,63.799884042731456,62.997315242717995,63.7049560546875,12528600
2022-04-04,63.86028623618574,64.62833509798277,63.463317679391054,63.67906188964844,13542100
2022-04-05,63.65318365363897,64.71464164809011,63.4805843078802,64.23137664794922,12224900
2022-04-06,64.01562054308926,65.13749303869209,63.83439620161322,65.01667022705078,15420100
2022-04-07,65.05122073740634,66.69087877886048,64.98218756336134,66.67362213134766,20655600
2022-04-08,66.29388310058643,67.3639725792675,66.24210659509912,67.11370849609375,22333100
2022-04-11,67.05330032577092,67.42438064411806,65.99184246016726,66.01773071289062,15560700
2022-04-12,65.77610621529448,66.46648384623609,65.21516986366002,66.0608901977539,12596400
2022-04-13,66.21623512551506,66.5700523093419,65.97459600934936,66.33705139160156,9961000
2022-04-14,66.48374305376387,67.41575971238468,66.2679988226382,66.88934326171875,16730400
2022-04-18,66.57866679602954,66.6477065257446,65.8969142790732,66.23347473144531,13841900
2022-04-19,66.34565984471821,66.35429145699416,65.56898592365066,65.93143463134766,12875700
2022-04-20,65.76748691778926,67.04469597939186,65.620782384441,66.69087219238281,9721100
2022-04-21,66.69085500478873,67.45890393319135,66.11266205131555,66.93248748779297,11110200
2022-04-22,66.37156274452768,66.69949162694957,65.31009816133306,65.3705062866211,15110700
2022-04-25,65.36188241721734,65.79337095867982,64.47301707524346,65.62940979003906,14944800
2022-04-26,65.56899659803767,66.39745374363956,65.20654124734324,65.23242950439453,11525600
2022-04-27,65.41365432903109,65.84514279667907,64.80093491105842,65.42227935791016,12603600
2022-04-28,66.25073060017871,67.09645081935945,65.77609727789614,66.62181091308594,21438800
2022-04-29,63.6704420525308,65.59488366087672,63.29936167890321,64.9562759399414,26446500
2022-05-02,65.04258439283163,65.56036932007659,64.1450874464105,64.79232025146484,20533700
2022-05-03,65.39638790192299,65.57761225938465,64.04151444319346,64.76641845703125,14951500
2022-05-04,64.73190133686421,66.1385513619633,64.55067697171584,65.85376739501953,17112500
2022-05-05,65.9228182168769,66.47512301802635,65.18065740583373,65.802001953125,14788100
2022-05-06,65.68980300291832,66.31977244333807,65.37913079690627,66.16443634033203,15177800
2022-05-09,65.31872279330064,66.66496463239811,64.60245039573317,65.81924438476562,19130700
2022-05-10,66.29387873418455,66.44921482440643,65.26693421638491,65.83650207519531,15343400
2022-05-11,65.81064151739083,66.73402683560786,65.64667374649466,65.71571350097656,13678100
2022-05-12,65.65529779763855,65.87966709786504,64.60246470706349,65.84515380859375,16224500
2022-05-13,65.96595519234307,66.09539645789246,65.17201145435718,65.41365051269531,13773100
2022-05-16,65.83650350594878,66.66496047713919,65.65527916075001,66.37155151367188,13441100
2022-05-17,66.39744295907522,67.6832766610448,66.2766267231313,67.5020523071289,14509400
2022-05-18,67.5451975410754,67.71779686757336,66.31114033857706,66.46647644042969,15026200
2022-05-19,65.66389664150736,66.26798430672953,65.31871121451182,65.55171203613281,14858600
2022-05-20,66.01773436129383,66.57867067593317,65.01667797406161,65.75021362304688,17329700
2022-05-23,66.02638458031633,66.86347348181033,65.98323308857186,66.19034576416016,13539200
2022-05-24,66.19033623596872,67.07057650249537,65.94007868865413,66.56141662597656,13242500
2022-05-25,66.56140593760509,67.2000135841828,66.15581232509166,66.65633392333984,12508400
2022-05-26,67.40713337573344,67.83862187175838,66.72538076193503,66.95838165283203,12028800
2022-05-27,66.71673543112719,66.83755165845426,65.12886125254825,65.7070541381836,16315700
2022-05-31,64.79231314421736,65.56899374188484,63.57551244387299,65.11161041259766,28617100
2022-06-01,65.0166724225784,65.16338349024328,64.15369557650865,64.6887435913086,12280200
2022-06-02,65.15475648084394,65.24105285474879,63.53236226586244,64.78367614746094,12805100
2022-06-03,64.16235407029284,64.99944301513031,64.11920916030762,64.8699951171875,12188400
2022-06-06,65.11160336358418,65.26693946630091,64.45574567121673,64.93901062011719,11551100
2022-06-07,64.95626869874388,66.20758916054778,64.8786039376619,66.09539794921875,13994500
2022-06-08,66.0350091094746,66.29390488998679,65.5172241324434,65.7416000366211,7617300
2022-06-09,65.66390638306439,66.43196184884715,65.4309055268766,65.56898498535156,11760600
2022-06-10,65.06846882140817,65.3446212052829,64.61971708261663,64.80094146728516,10964700
2022-06-13,63.73948867295494,64.14508896046812,63.2562236073185,63.49785614013672,13636300
2022-06-14,63.46333250372353,63.67907676437639,62.47090758792192,62.88513946533203,14104200
2022-06-15,63.135394970282725,63.515100340030024,62.53130717260825,63.01457214355469,14264600
2022-06-16,62.5399551867226,62.833364257747355,61.88409070844123,62.669403076171875,14035300
2022-06-17,62.74708085416747,64.17962638182702,62.71256097089916,63.661834716796875,34761500
2022-06-21,64.72327457159858,66.47511681656447,64.30904271738389,65.99185180664062,15534300
2022-06-22,65.9918504594622,66.81167595370282,65.75884298872563,66.0608901977539,11129800
2022-06-23,66.06950961974438,67.10508585425548,66.06950961974438,67.044677734375,12241200
2022-06-24,67.8472541272154,68.17518301706033,67.41576562710742,68.14066314697266,12372300
2022-06-27,68.3736717799123,69.54731446277358,68.26148055423276,69.02090454101562,10586900
2022-06-28,68.90006810036483,69.38333961036913,67.73505067715901,67.91627502441406,8869700
2022-06-29,67.91628173815181,68.32188194857547,67.30356890810447,67.5538330078125,8723600
2022-06-30,66.93686520011926,67.47562984933822,66.29382822698575,66.91079711914062,14219700
2022-07-01,66.89342112825823,66.89342112825823,65.84195990262752,66.77175903320312,10882700
2022-07-05,66.36333859461655,66.59795792156201,64.85132380416917,66.0070571899414,12588500
2022-07-06,66.25906979044089,66.99769416052034,66.01575885721243,66.23300170898438,8618900
2022-07-07,65.93756227074206,66.24170763290682,65.18156122578672,65.29452514648438,14455400
2022-07-08,64.98168546058896,66.07659136902375,64.88609806851859,65.50306701660156,6589800
2022-07-11,65.60734107110402,66.03313520318932,65.3900982198752,65.65947723388672,6990200
2022-07-12,65.54653082736694,66.00708473410297,65.05121725959246,65.18156433105469,9285700
2022-07-13,64.86002219504279,65.36402717820185,64.66016249361014,64.76443481445312,8562100
2022-07-14,63.99106207487911,64.41685626250701,63.643472141626596,64.31258392333984,9675600
2022-07-15,65.01644586710133,65.7550702991412,64.5558920434668,65.7376937866211,10933900
2022-07-18,65.86802728322641,65.86802728322641,63.86069906923001,64.07794189453125,8996000
2022-07-19,64.40815917545409,64.55588271456945,63.36538957232879,63.55656433105469,11398900
2022-07-20,63.678229506420436,64.04319593982507,62.896153842177426,63.27850341796875,12149900
2022-07-21,63.18291859263142,63.72168332317404,62.97436728359703,63.46968078613281,7238800
2022-07-22,63.6521583186759,63.96498856911846,62.983053223395196,63.39146423339844,6514300
2022-07-25,63.2524157074937,63.66083324041067,62.98303675162261,63.295860290527344,6259000
2022-07-26,63.8433326717853,64.50375282162132,63.40015538165742,63.982364654541016,8957300
2022-07-27,62.904842166003625,65.15548164859898,62.79187826522701,65.00775146484375,9760100
2022-07-28,65.11203677843102,65.31190314670579,63.626096262939306,64.91217041015625,9262700
2022-07-29,64.69491059554359,64.8687088332776,63.58262839294544,64.11270141601562,13459500
2022-08-01,64.0953378797384,64.52982361742423,63.695611796634566,63.97368240356445,6782900
2022-08-02,64.46030595945773,64.93824293504534,63.643470630172125,63.67823028564453,7039700
2022-08-03,63.695601748571406,63.878084934045354,63.08731783393307,63.42621612548828,8672100
2022-08-04,63.25242866515605,63.39146064095927,62.539872386134846,62.67021942138672,8601800
2022-08-05,62.5485639564118,62.878770699954345,62.31393796701331,62.67021942138672,8972700
2022-08-08,62.626772891831536,64.1561645186052,62.479049334683666,64.13009643554688,9842100
2022-08-09,64.39077614458289,65.62471387879496,64.35601649478075,65.13809204101562,8978600
2022-08-10,65.346647966482,65.45092692331897,64.26043369423512,65.05120086669922,8319100
2022-08-11,64.64278554502381,65.62472089545385,64.54719815527896,64.70361328125,6143000
2022-08-12,64.80788730185458,65.79851414758569,64.79919573170591,65.66816711425781,6163900
2022-08-15,65.56388687963451,65.60733809980267,64.12139786026161,64.76443481445312,11125600
2022-08-16,64.61672122032323,65.25975827350172,64.17354389934314,64.41685485839844,9026800
2022-08-17,64.225678358125,65.15547747648579,64.13877591569504,64.7905044555664,5347200
2022-08-18,64.97300037060783,65.14679865976582,63.97368838428845,64.43424224853516,5303300
2022-08-19,64.44293017160821,65.78983203025393,64.44293017160821,65.45962524414062,7938300
2022-08-22,65.45962656265847,65.92018041010489,64.60803155116626,64.78182983398438,5813600
2022-08-23,64.57326314941308,64.72967826790268,63.08732283862459,63.23504638671875,9200200
2022-08-24,63.443600939004796,63.547873259326984,62.878768228266644,62.930904388427734,6142700
2022-08-25,63.13946058719836,63.13946058719836,61.723033063551675,62.13145065307617,11036900
2022-08-26,62.496417358313685,62.6006963061095,61.809929202206284,61.8620719909668,7373200
2022-08-29,60.741094667900946,60.74978623714835,57.699695144340915,58.00383377075195,18479000
2022-08-30,58.003843889524546,58.43832961154345,57.308664082403894,58.39487838745117,10260400
2022-08-31,58.50785038154539,58.76853784344122,58.07336464865952,58.577369689941406,13940100
2022-09-01,58.559978981565976,60.04591920047326,58.40356387274809,60.037227630615234,9633300
2022-09-02,60.28054875576112,60.63682358437864,59.38550263957903,59.6201286315918,8657700
2022-09-06,59.90689448637233,60.01985838930586,59.19433815540261,59.65489196777344,8428900
2022-09-07,59.672262152011406,60.37613346715561,59.211708388479316,59.75047302246094,7183000
2022-09-08,59.91557998018477,60.463036247258934,59.24647486787055,60.28923797607422,9147900
2022-09-09,60.20234188529478,61.305939355757296,60.15020571903631,60.967041015625,6557400
2022-09-12,65.70293384803652,66.03314062230201,62.7831891575297,62.87877655029297,23830100
2022-09-13,62.18360132825389,62.65284675577853,61.49711301556378,61.73173904418945,9884700
2022-09-14,61.29725123306374,61.89684369767053,60.85407390575757,61.23642349243164,15528900
2022-09-15,61.384151679978004,62.687609045713195,61.31463236267098,62.374778747558594,9499400
2022-09-16,62.348696749047846,62.78318244067884,61.61007239922026,62.14883041381836,16364800
2022-09-19,61.740415079943936,62.1662091714006,60.41957495785889,60.993099212646484,9922000
2022-09-20,60.65421152704338,60.88013933684308,60.16758299347016,60.5933837890625,7454700
2022-09-21,60.602075628054365,61.14953196191929,60.341388134062136,60.3587646484375,11857000
2022-09-22,60.13282085653305,62.46166457551652,60.13282085653305,61.948974609375,10009800
2022-09-23,61.72303977036989,62.018493504784736,60.94096415541988,61.444969177246094,8190100
2022-09-26,60.949648121601,61.56661696593854,60.558613677776876,60.95833969116211,10244000
2022-09-27,61.47105309505135,62.13147340999885,60.99312266204177,61.140846252441406,12013200
2022-09-28,61.75780026584055,62.63546328068838,61.71434904174597,62.618080139160156,12412700
2022-09-29,62.68759994468498,63.09601758741065,61.83601163535261,62.313941955566406,9587800
2022-09-30,62.37477327378325,62.661535460214296,61.67960005089979,61.77518081665039,11347100
2022-10-03,62.00979531880808,62.14014234568171,60.29792071918984,61.28854751586914,12068200
2022-10-04,61.3754354045911,62.48772414463208,60.91488171482477,61.87944030761719,10510700
2022-10-05,61.64483441684212,62.392150365517104,61.41020842170712,62.08800506591797,6787400
2022-10-06,61.98293840916512,62.0179627664384,61.20366483042056,61.50136184692383,7545500
2022-10-07,61.58892175703083,61.69399483287187,60.643290795314904,61.02854537963867,7934600
2022-10-10,60.57325593736475,60.77464437541813,59.82900651712509,59.96034622192383,8879400
2022-10-11,60.030365033918955,61.606427520893845,59.84649219047393,60.98476028442383,8941400
2022-10-12,61.01979944443047,61.72026663511701,60.63453814741382,60.660804748535156,6683900
2022-10-13,60.030365523270824,62.19307091127806,59.98659009173886,61.965415954589844,9592400
2022-10-14,62.09675618941035,62.81473873931948,61.711501659355086,61.834083557128906,9992400
2022-10-17,61.94791977410236,62.70092682450148,61.86036221293789,62.49953842163086,6618100
2022-10-18,63.12119397411016,63.45392199654883,62.61335754233596,62.81473922729492,7938100
2022-10-19,62.6308811895738,62.80600300074545,61.91289846430515,62.28940200805664,6481800
2022-10-20,62.210587684526814,62.3419206619876,61.31748335651858,61.59767150878906,9193100
2022-10-21,61.59768043895958,63.497706830758176,61.238692448168074,63.22627639770508,8217400
2022-10-24,63.620286233110804,64.40831081908047,63.52397092945451,63.90922546386719,7382500
2022-10-25,63.602774363626175,64.10185974746233,63.26129524206527,63.71659851074219,7874700
2022-10-26,63.996797593020965,65.85304870079841,63.46269444222859,65.1875991821289,10417400
2022-10-27,65.03873579794542,65.91432460875289,64.67974785922485,65.31892395019531,9298600
2022-10-28,65.88807498255755,67.4115980352823,65.73922644963574,67.2715072631836,10301400
2022-10-31,67.06134854945013,68.87382392883165,66.85996684966082,67.83187103271484,12380800
2022-11-01,67.42036207909945,68.11207828387442,67.09639170059526,68.03327178955078,8870700
2022-11-02,67.99824113053481,69.09272731911375,67.62173761445511,67.81436157226562,8570700
2022-11-03,67.63925481778065,68.90010520059623,67.56045500896187,68.71623229980469,9062500
2022-11-04,69.00515606235257,69.41668389624195,68.21713143088502,68.97888946533203,8188000
2022-11-07,68.91759740936388,69.76691966057194,68.66367584187394,69.33788299560547,7683400
2022-11-08,69.33789358316008,70.43237981004307,69.04894761601166,70.02960968017578,8514600
2022-11-09,69.68812052185207,71.07155265017931,69.68812052185207,69.85448455810547,9586300
2022-11-10,70.70381661964372,70.7125743807068,68.84756540691954,69.50425720214844,9884500
2022-11-11,68.38350274969082,68.69871533879251,65.27516566301328,66.5097427368164,18317600
2022-11-14,67.06134556339661,68.15583160546964,66.68484877792764,66.88623046875,14169500
2022-11-15,66.90375546141473,67.21896134037634,65.90557790388415,66.78992462158203,11212300
2022-11-16,67.0350820196114,68.07703491677748,66.56226322628089,66.67609405517578,10132600
2022-11-17,66.22954872619613,67.9194356945282,66.22954872619613,67.5604476928711,7457700
2022-11-18,67.88441029158594,68.41852008602953,67.40284037673933,67.81436157226562,9229700
2022-11-21,67.98948569969704,69.23282044926465,67.96321909910549,69.13650512695312,8972400
2022-11-22,69.18028223958078,69.66185213606002,68.97889384926935,69.04894256591797,7075000
2022-11-23,68.82127914128729,69.36414660845315,68.7599881917857,69.29409790039062,5700200
2022-11-25,69.44295905149275,69.8544869360993,69.2941105298902,69.38166809082031,4735000
2022-11-28,69.4166797993938,69.78442549640334,69.013909748353,69.29409790039062,6270000
2022-11-29,69.00516141983262,69.26784077085783,68.5586158753885,69.19779205322266,6439700
2022-11-30,69.82821343583154,70.30978999368112,68.85630924105371,70.29227447509766,19261800
2022-12-01,70.4674043332811,71.30796895583819,70.09090080315735,70.81763458251953,10308500
2022-12-02,70.3710943026442,71.06281045327123,70.3710943026442,71.03653717041016,6366700
2022-12-05,70.86141495081556,71.29045167166882,70.39735386986212,70.66002655029297,6791300
2022-12-06,70.66002434009589,71.13284316633832,69.58305369161042,69.97706604003906,7728800
2022-12-07,68.96137960566622,70.24849628230568,68.86506429787602,69.9858169555664,7799000
2022-12-08,70.029603724621,70.1171612792827,69.5830515115692,69.9420394897461,6810100
2022-12-09,70.16094387714095,70.63376273682589,68.93512462634358,69.0226821899414,8857100
2022-12-12,69.11898505590908,69.29410015154185,68.54985097478348,69.07520294189453,7055200
2022-12-13,69.48673454294442,69.48673454294442,67.65675029708365,67.72679901123047,15614400
2022-12-14,68.12956589657301,68.20837236633918,67.21895269608345,67.54292297363281,9197900
2022-12-15,67.35028780104592,67.60420935055552,65.41523738603729,65.66915893554688,10646000
2022-12-16,65.21386078547054,65.6166308566866,64.24195662310969,64.3470230102539,27045600
2022-12-19,64.49587699947062,64.99496236981291,63.611530402824556,64.0580825805664,8157500
2022-12-20,64.19817707100133,64.49588076695696,63.42766125359728,63.611534118652344,9231600
2022-12-21,63.69909649992561,64.3995703362714,63.31383522191407,64.20693969726562,8469700
2022-12-22,63.99679657619961,64.67100384472482,63.777899326977064,64.64473724365234,7600600
2022-12-23,64.57468519457835,64.69726711341198,63.48895676481743,63.821678161621094,7029800
2022-12-27,64.07559295063919,64.17190825951887,63.14747089803077,63.576507568359375,5971700
2022-12-28,63.80416044621517,63.88296023441217,62.972347049597516,63.03363800048828,5192000
2022-12-29,63.3050847219398,63.602781762974594,62.91982344039956,63.12996292114258,4288300
2022-12-30,63.1562291740314,63.28756885385391,62.05299189603497,62.99862289428711,7029200
2023-01-03,62.832274580023736,63.89173657074152,62.76222585000573,63.27006912231445,7792300
2023-01-04,63.26129582666252,64.14564245539106,62.805992553778154,63.58526611328125,9948700
2023-01-05,63.31168216360067,63.87649174192355,63.126354651937966,63.47053527832031,8112000
2023-01-06,63.850023600462606,64.77666798262213,63.629394626906716,64.42366027832031,7311100
2023-01-09,64.52957457292824,64.56487602211517,62.43800915677734,62.66746520996094,13005100
2023-01-10,62.90573975606982,63.27639486221684,62.473308798898294,63.23227310180664,6673400
2023-01-11,63.10871521241142,63.523498771364935,62.676277564574455,63.488197326660156,7268700
2023-01-12,63.25873612337512,63.488192128638694,62.71157387484248,63.188133239746094,6779600
2023-01-13,63.21461170719637,64.00005032221158,63.03811121982338,63.99123001098633,9117300
2023-01-17,64.5207355402529,64.85608914563,63.54996943368827,63.814720153808594,8964900
2023-01-18,63.84118474862991,64.1324165557943,63.611735506373755,63.6646842956543,8371100
2023-01-19,63.85002477953794,65.1914527340437,63.682351335021266,65.0855484008789,9387500
2023-01-20,65.21793149346215,65.43856048583984,64.73254501700619,65.43856048583984,10518200
2023-01-23,65.38559737152528,65.48267465556599,64.29127958141193,64.65311431884766,7426500
2023-01-24,64.42365015395896,66.18868166502632,63.64703871299123,63.8411865234375,7300200
2023-01-25,64.0353343406205,64.63544526066968,63.54995476589816,64.57366943359375,6638200
2023-01-26,64.52072975784705,64.60015294684665,63.52348934195014,64.41482543945312,6528300
2023-01-27,64.41483762154981,64.82079415257576,63.84120090462051,63.93827819824219,5426600
2023-01-30,64.06182991846947,64.34424148770749,63.43524439861301,63.567623138427734,8900400
2023-01-31,63.63821725356107,64.12360365491496,63.23226077836576,64.11477661132812,9375200
2023-02-01,64.37070788478705,64.37070788478705,62.49094482589717,62.86160659790039,10727700
2023-02-02,62.0585115635786,64.31774988528207,61.59960630438057,64.22067260742188,13015300
2023-02-03,64.60899024068748,65.72096219453259,64.07948203082958,65.70330810546875,10211900
2023-02-06,65.70330763283785,66.34754721778982,65.50915978596754,65.77391052246094,7112700
2023-02-07,65.79156444632711,65.91511613632646,65.28853064188343,65.76508331298828,8726300
2023-02-08,65.57975620338797,65.67683349374035,64.3707136958284,64.99729919433594,10149800
2023-02-09,64.85607285463782,65.16495198372269,63.03809278082972,63.091041564941406,12828800
2023-02-10,63.28522042017908,63.85885715653216,62.870436830307426,63.7176513671875,8621500
2023-02-13,63.73528224712598,64.81195243307249,63.52348037330278,64.57366943359375,8628000
2023-02-14,64.69722521943476,64.83843096637466,63.71763223248605,63.76176071166992,5606100
2023-02-15,63.80590753705248,63.95593363651789,62.95868627793152,63.07341766357422,5890500
2023-02-16,62.482123365589075,62.852778397710736,61.934961127889416,62.5262451171875,5593700
2023-02-17,62.32327966564732,63.311693234011486,62.23502268298984,62.75571060180664,11131800
2023-02-21,62.89689350597136,63.24990114678033,62.499764118224235,62.8527717590332,6189600
2023-02-22,62.92338107504395,63.285209062443116,62.2879686031551,62.93220138549805,5718900
2023-02-23,62.99398073864413,63.523495650135985,62.561549845116794,63.011634826660156,5459800
2023-02-24,62.75571483988958,62.85279214091876,61.61726836396245,61.934974670410156,6403400
2023-02-27,62.03204184983817,62.137946179061586,61.5378351129192,61.76728439331055,4990700
2023-02-28,61.59960071175012,61.72315237543469,60.734732332897465,60.85828399658203,8697900
2023-03-01,60.62883998175352,61.59078581941923,60.549416782171356,61.2113037109375,5883400
2023-03-02,61.09657310820568,61.52900397423223,60.88476446385437,61.06127166748047,6068900
2023-03-03,61.211300695306235,61.264249492419104,60.7259142782326,61.15835189819336,6540100
2023-03-06,61.22012331547594,61.47605370479771,60.65531374354555,60.80533981323242,7000100
2023-03-07,61.05245461637199,61.078929017983576,59.51687872533768,60.011085510253906,8135800
2023-03-08,59.93166090460415,60.05521259794536,59.075619362838374,59.384498596191406,5962900
2023-03-09,59.65806009897631,59.763964407101014,58.53726812016349,58.69612121582031,7553600
2023-03-10,58.52844748035446,59.49039320179882,57.74300895842619,57.9901123046875,10282400
2023-03-13,57.725370617849734,59.207990926903825,57.610639236985605,58.24605178833008,9598000
2023-03-14,58.5108091731254,58.74025846837902,58.03424976034426,58.66083526611328,9408400
2023-03-15,58.35195149780932,59.76397553713544,58.29899596735466,59.55217361450195,10701900
2023-03-16,59.1550401043862,59.66690094582269,58.12249811025752,59.21681594848633,10541100
2023-03-17,59.41979869559575,59.41979869559575,58.43137843819835,58.713783264160156,21616900
2023-03-20,58.89029189467156,59.463921871714604,58.45785423438744,59.340370178222656,9731700
2023-03-21,59.55216940200435,59.84339450012708,59.013834223050196,59.578643798828125,8039600
2023-03-22,59.56099916418146,60.011084180794874,59.32272282189337,59.340370178222656,6657600
2023-03-23,59.64924847526118,59.92283299203629,58.810861035008124,59.11091995239258,6723600
2023-03-24,59.305057676275894,59.816918444209215,58.85497947663276,59.728668212890625,6274900
2023-03-27,60.0905042584876,60.734743826527016,60.01990810377993,60.07285690307617,6711300
2023-03-28,60.081686320564366,60.53176459848461,59.97578198472666,60.187583923339844,4715100
2023-03-29,60.20524239633603,60.417044350371505,59.887536098751454,60.16994094848633,5369900
2023-03-30,60.34643706056529,60.47881579709687,60.00225638542053,60.187583923339844,4400100
2023-03-31,60.59354534049316,61.22895113706898,60.33761491977447,61.16717529296875,8953200
2023-04-03,60.9200616974407,61.78493010282736,60.60235548591588,61.502525329589844,7333900
2023-04-04,61.581966911140626,61.581966911140626,60.567072139668554,60.81418228149414,8626700
2023-04-05,61.299561306089394,61.96144831423138,60.928906197464954,61.61726760864258,7739000
2023-04-06,62.00876268524593,63.23665648917329,61.92867896516271,62.94302749633789,9669500
2023-04-10,62.96083072790215,63.03200796416399,62.27569636958432,62.53373336791992,5646400
2023-04-11,62.702799942064004,62.729492256867104,62.257909926057856,62.31129455566406,4762500
2023-04-12,62.32908954064224,62.88074877676515,62.106644548403665,62.47145080566406,5364300
2023-04-13,62.67609933295784,63.01421325652403,62.22230967590905,62.89854431152344,5981600
2023-04-14,62.818454446286005,62.98751478577789,62.24009620087602,62.68498611450195,6260300
2023-04-17,62.81847381591797,62.978634505746975,62.480359821160484,62.81847381591797,4435100
2023-04-18,62.77396800528827,62.95192125102945,62.177810376244835,62.48923873901367,5722900
2023-04-19,62.52483279215397,62.65830113955956,61.88419694387498,62.16002655029297,8179200
2023-04-20,62.017658817535,62.11553515356368,61.26134722970792,61.866397857666016,5977700
2023-04-21,62.35577104595858,62.77396864504167,62.240095325414856,62.720577239990234,6543600
2023-04-24,62.58711943233605,62.83626352467301,62.33798212848149,62.765079498291016,5384500
2023-04-25,62.889647595597516,63.120992285057554,62.37357359160293,62.49814224243164,5337300
2023-04-26,61.92868105073823,62.053249696412266,60.184713222819695,60.5228271484375,10206200
2023-04-27,60.52282625117343,60.52282625117343,59.170363780270726,60.15802001953125,10521800
2023-04-28,59.739831257158045,59.811015289492246,58.743275169928175,59.41061019897461,10695000
2023-05-01,59.864390721167226,61.163468563485985,59.84659811005904,60.86094665527344,10034000
2023-05-02,60.72747774115693,61.38591296167807,59.97116618925647,60.59400939941406,7793400
2023-05-03,60.79866355603793,61.16346979318647,59.01020401626292,59.2949333190918,12717700
2023-05-04,59.12587996000101,59.8288069945371,59.08139503183008,59.455101013183594,8801900
2023-05-05,59.739824402959194,60.89654103598461,59.72203179115854,60.62960433959961,8562000
2023-05-08,60.57621734714815,61.19016086325659,60.38046468258416,60.86984634399414,6142300
2023-05-09,60.50503921508789,60.834260254670774,60.35377824628599,60.50503921508789,6408500
2023-05-10,60.65629547759845,61.341429817101485,60.113529183673926,60.94102478027344,8841700
2023-05-11,61.01220993517224,61.483792215057925,60.46944363117644,61.465999603271484,8416100
2023-05-12,61.047803783497564,61.199064747919735,60.158023820803805,60.55842208862305,11964000
2023-05-15,60.68298045517221,60.91432510703709,60.30037486452237,60.656288146972656,5908000
2023-05-16,60.55842096995591,60.62960499489223,59.5529720745388,59.63304901123047,7870500
2023-05-17,59.668638078734496,59.92667506503148,58.787757876190945,59.19705581665039,9338400
2023-05-18,59.00130434994743,59.0368963613816,57.99585548373981,58.45853805541992,10080500
2023-05-19,58.52081886078609,59.03689281283872,58.42294932082736,58.58310317993164,9196200
2023-05-22,58.58311168628507,58.9924164583665,57.96026840439183,58.556419372558594,7356000
2023-05-23,58.7966575759893,59.75762149975422,58.60090491131697,59.19705581665039,10162500
2023-05-24,59.25934371234201,59.33942743839341,58.058142129429584,58.2538948059082,7285400
2023-05-25,57.78230786500555,57.969160826110944,56.92811659636209,57.44418716430664,7811800
2023-05-26,57.39970548468968,57.809003440008276,56.67898251570087,56.7857551574707,8459000
2023-05-30,56.38535234770605,57.02599157938273,56.118419051654016,56.6878776550293,8443200
2023-05-31,56.67008306902733,57.4797826774054,56.18960448179367,57.33742141723633,14934100
2023-06-01,57.355211690794874,57.595456065978965,56.75016108565832,57.55096435546875,8697200
2023-06-02,57.76450496764569,58.53861586404499,57.381899368986,58.42294692993164,6768800
2023-06-05,58.63649953863288,59.13477413386523,58.44964656542076,58.70768356323242,6914400
2023-06-06,58.965714685869536,59.063591024089334,57.94247316745181,58.262794494628906,5618600
2023-06-07,57.978065490722656,58.12932645478773,57.61325244840792,57.978065490722656,6643800
2023-06-08,58.138218801659015,58.378463190234434,57.89798120156589,58.11152648925781,4995400
2023-06-09,58.16491198137316,58.24498891042496,57.47977768657135,57.657737731933594,7068500
2023-06-12,57.6488427330029,57.817903092761135,57.12386904198203,57.62215042114258,7141900
2023-06-13,57.11497613035003,57.65774243311706,56.91032375861732,57.62215042114258,7968100
2023-06-14,57.80010340937431,57.83569542117443,56.99040720348857,57.08828353881836,6379300
2023-06-15,57.159462826457855,57.78231287260243,56.83024519108766,57.54206848144531,8525200
2023-06-16,57.72892335221634,58.939024682635505,57.48868574166195,58.86784744262695,19394400
2023-06-20,58.57422108658408,59.05470311807834,58.058147039221765,58.752174377441406,10798800
2023-06-21,58.64539927762812,59.0635901483421,58.22720161843192,58.28058624267578,8493800
2023-06-22,58.50302885780375,58.592005490765615,57.94246996051024,58.102630615234375,5784000
2023-06-23,58.17381022166842,58.2094022340015,57.73781995043204,57.87128829956055,11133300
2023-06-26,57.87129066742911,57.924675293871914,56.95481837492095,57.64884567260742,7916000
2023-06-27,57.61325454711914,57.880191260413895,57.14167223698333,57.61325454711914,6531700
2023-06-28,57.568755805030825,57.568755805030825,55.9493600812102,57.0259895324707,9466000
2023-06-29,56.74126624664723,57.337420561634644,56.616697600177304,56.94591522216797,7023100
2023-06-30,57.195050005433885,57.31072573528169,56.89252470832105,56.901424407958984,8397600
2023-07-03,56.89252806503684,57.75561908607248,56.44763809563612,57.328521728515625,4832500
2023-07-05,57.22174624720594,57.835696583250154,56.874732610785024,57.595458984375,8803300
2023-07-06,57.14661130958159,57.371032498108754,56.823444250199174,56.949119567871094,6638700
2023-07-07,56.76958623752119,56.95809921695443,56.22199798111409,56.239952087402344,8665600
2023-07-10,56.221995387345665,56.51822956644622,55.92575778384963,56.08734130859375,7493100
2023-07-11,55.943710566775074,56.48232002025883,55.76417294081536,56.365623474121094,9340100
2023-07-12,56.44641161038684,56.796508075112534,55.76416936042302,55.907798767089844,7340300
2023-07-13,56.01552339038635,56.32971164734655,55.84496111569781,55.907798767089844,9029500
2023-07-14,55.67440889234104,55.96166773986718,55.270450067883786,55.60259246826172,9234500
2023-07-17,55.64747591433952,55.67440535946265,55.12681714599011,55.52179718017578,7486400
2023-07-18,55.60259367442444,56.33869491522754,55.47691835395498,55.656455993652344,6451100
2023-07-19,55.7641784150413,56.4284666689851,55.656457198648916,55.71031951904297,8695100
2023-07-20,56.06041016932785,57.48772897852582,55.98859374965721,57.24535369873047,9257500
2023-07-21,57.35307647607141,58.16099409753686,57.236376503105184,58.06224822998047,9898100
2023-07-24,58.0802032906632,58.69062922304642,58.0802032906632,58.107139587402344,6886700
2023-07-25,57.9006631184459,58.035317193130666,57.227399593812805,57.24535369873047,6966700
2023-07-26,56.67981252050001,57.35307605868979,56.491299551661776,56.92218780517578,11032200
2023-07-27,54.75876703556312,56.132223539173175,54.202203476983186,54.51639175415039,22625400
2023-07-28,54.579235149446575,55.2076151942604,53.90597154951657,55.12682342529297,11593100
2023-07-31,55.072955811966246,55.94371108000216,54.857513398354435,55.82701110839844,11700600
2023-08-01,55.943718501079765,56.16813970925945,54.92035833968375,55.23454666137695,9227600
2023-08-02,54.91137095911594,55.952688489126245,54.77672030996985,55.432029724121094,11937800
2023-08-03,55.171707573787245,55.1806863395445,54.265047422864406,54.965240478515625,6878800
2023-08-04,54.83058705940815,55.16272946344261,54.193228274072034,54.30095291137695,7624800
2023-08-07,54.31890955272079,54.543330768467996,53.9508588958712,54.28300476074219,9774000
2023-08-08,54.48048679229567,54.59718676979937,53.60075613938105,54.00471496582031,12497800
2023-08-09,53.681547098043595,54.71388592516571,53.636663545646016,54.41764831542969,7705300
2023-08-10,54.839562550936634,55.611571998430804,54.713887231464675,55.019100189208984,23791600
2023-08-11,55.23454523650488,55.41408288329631,54.82161104596164,54.965240478515625,16836200
2023-08-14,55.07296282031214,55.55771344921911,54.947287492313116,55.315338134765625,19536700
2023-08-15,55.23453799609909,55.79110497063467,54.93830382846143,55.432029724121094,14442300
2023-08-16,55.06398108064414,55.31533170743667,54.660022270159395,54.69593048095703,9611100
2023-08-17,54.77672622227951,56.30279104808455,54.75877211557643,55.79111099243164,17886200
2023-08-18,55.8539489490314,56.17711602260429,55.53975721665965,55.71031951904297,8200700
2023-08-21,55.77316009566548,56.096327186128946,55.56669299329069,55.57566833496094,9898000
2023-08-22,55.48590104992866,55.77315992403534,55.29738463147448,55.530784606933594,8716700
2023-08-23,55.889855054826945,56.01553380537369,55.126824332112946,55.261478424072266,7859500
2023-08-24,55.08193681556556,55.66542984850939,54.96523683921857,55.0101203918457,8277500
2023-08-25,55.135792481853244,55.9257559745572,54.98318772697387,55.728267669677734,7953400
2023-08-28,55.7103194938944,56.02450780172859,55.09989356062022,55.333290100097656,6848900
2023-08-29,55.638502200486265,56.92219170861542,55.638502200486265,56.41948699951172,11979000
2023-08-30,56.49130361252107,56.58107072097442,55.835994132503764,55.99757766723633,9052800
2023-08-31,56.06041319626906,56.13222619542182,55.34226608276367,55.34226608276367,11464700
2023-09-01,55.50385289425961,56.01553295692146,55.50385289425961,55.67441177368164,6838800
2023-09-05,55.557713955218496,55.65645983508732,54.39072435323294,54.43560791015625,10887700
2023-09-06,54.13039608584234,54.22016662600351,53.36736532865026,53.56485366821289,12247200
2023-09-07,53.744385505934076,54.30992786233962,53.735410165087586,53.83415603637695,9697600
2023-09-08,54.00471523530088,54.66002470172982,53.87006115101734,54.59718704223633,9526700
2023-09-11,54.5343525525443,55.14477850115819,54.471514889398385,54.58821487426758,14363500
2023-09-12,54.767744695587396,54.776723460684124,53.71745518937566,54.07653045654297,9949000
2023-09-13,54.085503527235915,54.38174112387497,53.54689407348633,53.54689407348633,19392200
2023-09-14,53.98676379185365,54.35481442606672,53.214754309261416,53.40327072143555,18147800
2023-09-15,53.3583765120808,53.70847641617207,52.83772117479832,52.990325927734375,22379200
2023-09-18,52.999310368183416,53.09805624213849,52.361954994613356,52.58637619018555,16914900
2023-09-19,52.568422257196836,52.89158590339552,52.37093050863456,52.63125991821289,10455600
2023-09-20,52.78386520910472,53.24168637176517,52.70307344065851,52.76591110229492,8699600
2023-09-21,52.56842457996876,53.37633886775727,52.54149170663205,53.035221099853516,9597300
2023-09-22,53.25963522099808,53.376331767148336,52.75693055313599,52.87363052368164,8190700
2023-09-25,52.81978150117376,53.214761638211755,52.55945204920959,53.10704040527344,7006000
2023-09-26,52.84670264493072,53.187823824067785,52.53251433809114,52.55046844482422,9380600
2023-09-27,52.58637319245981,52.73897795303962,51.71561790747115,51.96696853637695,11365900
2023-09-28,52.074694820658465,52.4427454593115,51.89516059645372,52.1913948059082,8265100
2023-09-29,52.22730267572551,52.4786533274695,51.94901915101195,52.101627349853516,10902500
2023-10-02,52.07468638705858,52.11957336023605,51.30268044457695,51.93105697631836,8865300
2023-10-03,51.760500519029435,52.11059700990247,51.275749951176564,51.36552047729492,10991900
2023-10-04,51.25779392348505,51.473239753693214,50.54862562792282,50.92565155029297,11684400
2023-10-05,50.816838991017306,51.33371233583529,50.626412697484696,51.16141891479492,8015400
2023-10-06,51.00726505931868,51.578547396545474,50.93471973306379,51.379051208496094,8901000
2023-10-09,50.87125327234522,51.80525548723689,50.50853695456731,51.33372116088867,8481500
2023-10-10,51.424390697509054,51.47879969261252,50.9891291141361,51.13421630859375,13217400
2023-10-11,51.21583419417779,51.587620390617005,51.08888331624517,51.369991302490234,8470700
2023-10-12,51.351855338659135,51.388124547506955,50.599213043846596,51.01633834838867,10728800
2023-10-13,51.116082558106484,51.38812062905777,50.68989084863844,51.206764221191406,12824800
2023-10-16,51.49693846092838,52.131696263896465,51.40625679813194,51.84151840209961,12328400
2023-10-17,51.823384005516694,52.27678192871754,51.66922691286956,52.02287673950195,13223400
2023-10-18,52.05008634035974,52.22237631704717,51.47880395154076,51.55134582519531,11816100
2023-10-19,51.36091513598454,51.651089524164554,50.52666463475489,51.21582794189453,13169000
2023-10-20,50.99820393611001,51.768979082534074,50.99820393611001,51.197696685791016,11638300
2023-10-23,51.09795200741428,51.43346901006589,50.762438463914805,50.780574798583984,10028300
2023-10-24,50.90751774053131,51.39718832275401,50.67175234491571,50.889381408691406,9442800
2023-10-25,50.79871139245051,51.47880837983026,50.744302388165345,51.33372116088867,11766100
2023-10-26,48.9307079127409,50.13674816891048,47.9876393084033,48.032981872558594,25054000
2023-10-27,47.19873113443081,47.35288825327574,44.87733558699661,46.264732360839844,17895400
2023-10-30,46.90854725261452,47.06270434044176,45.57555629315292,46.47328567504883,29683000
2023-10-31,46.59117841824531,46.84508018570182,45.94735064352723,46.727195739746094,14670400
2023-11-01,47.026435372129285,47.07177447476351,46.40074399466089,46.500492095947266,11280800
2023-11-02,46.08336727646677,46.582104328718636,45.96548284112118,46.36447525024414,13436100
2023-11-03,46.60024274290213,48.18713563585098,46.60024274290213,47.8969612121582,14479300
2023-11-06,48.18713580198019,48.55892199981532,47.733737831003104,47.86975860595703,17627100
2023-11-07,47.887889383256905,48.105518446948345,47.27126793754514,47.41635513305664,20836100
2023-11-08,47.6249185686624,47.67932756508445,47.0082971124858,47.534236907958984,11252800
2023-11-09,47.652124898961496,47.67026123245774,45.675309516845395,45.71158218383789,12175400
2023-11-10,45.8929443359375,45.974556111142604,44.958945599041876,45.8929443359375,12697600
2023-11-13,45.747852891826675,45.947345633438935,45.39420305167354,45.47581481933594,12047100
2023-11-14,45.747861071042486,46.409821767476906,45.57556760897782,45.811336517333984,12025300
2023-11-15,45.58463186296855,46.81787488249818,45.475817319819456,46.763465881347656,13407600
2023-11-16,46.66371778830987,46.917623001263514,45.56649554177893,46.101505279541016,14458500
2023-11-17,46.418882471793125,46.446088701951844,45.88387273403103,46.101505279541016,10229500
2023-11-20,44.2334976880485,45.493943287208666,43.90705064901248,44.342315673828125,27943500
2023-11-21,44.27885224677301,44.46927858477509,43.93426878337471,43.96147155761719,14669600
2023-11-22,44.206302591030166,44.88639955396909,44.034012605713706,44.8138542175293,14734800
2023-11-24,45.11309161445031,45.25817880589957,44.85918989420199,45.12215805053711,5085700
2023-11-27,44.98613956626074,45.085887656338706,44.26977006402027,44.45112991333008,17681600
2023-11-28,44.47834282182714,44.72317815534921,44.26978015826809,44.36045837402344,11372800
2023-11-29,44.487406958383055,44.75037513368365,44.1337536607652,44.17909622192383,12653100
2023-11-30,44.23350444141632,44.79572040965998,43.75290370454375,44.777584075927734,17044300
2023-12-01,44.795718963263425,45.5030186602233,44.369523782196914,45.43047332763672,12806400
2023-12-04,45.30352656803872,46.028962664010294,45.13123657623052,45.32166290283203,14238600
2023-12-05,45.158432610545454,45.70251219570362,44.940803543803504,45.54835510253906,12659500
2023-12-06,45.629968865365555,45.729716966636495,45.140298255027375,45.230979919433594,13839800
2023-12-07,45.611829402343886,46.24658717301956,45.33072490985508,45.48487854003906,14710600
2023-12-08,45.57555664186881,45.8294618250885,45.4214030120136,45.62089920043945,10123100
2023-12-11,45.811327923022716,46.373540395768885,45.5846289547531,46.32820129394531,18432900
2023-12-12,46.06522916842153,46.19218003583197,45.15843330503075,45.8022575378418,14215500
2023-12-13,45.40327036345732,47.02643585205078,45.28538592808385,47.02643585205078,15557000
2023-12-14,47.57051272869144,47.64305806206778,46.24659152694019,46.672786712646484,20212600
2023-12-15,46.39168210042122,46.65465376426215,45.96548688379297,46.146846771240234,44147600
2023-12-18,46.38260734869097,46.69091806434169,46.183111162342996,46.55489730834961,14361100
2023-12-19,46.799737723680764,47.31661111846621,46.66371695277853,47.253135681152344,14293000
2023-12-20,47.18059477709072,47.37102456606263,46.18312056066663,46.210323333740234,14179800
2023-12-21,46.55490235865242,46.91762210787832,46.110570838808286,46.482357025146484,14232900
2023-12-22,46.11963680979381,48.49544093347642,46.11963680979381,47.41635513305664,19998100
2023-12-26,47.525167139257675,47.85161417659796,46.29192431337276,46.65464401245117,12237700
2023-12-27,46.6183792283301,46.699991001456006,46.01082760773324,46.43701934814453,13219000
2023-12-28,46.29193358455682,46.65465335627947,46.24659447787952,46.44609069824219,10652900
2023-12-29,46.36447497936752,46.69092205432389,46.23752410780712,46.5276985168457,11305800
2024-01-02,46.654651719683834,48.46824359637395,46.60931261459697,47.842552185058594,17757500
2024-01-03,47.788146239090295,47.969506117058295,46.672787659442236,47.4254264831543,15662600
2024-01-04,47.61807120586119,47.87491963293314,47.20527659142601,47.73732376098633,16930500
2024-01-05,47.61806382117387,48.2234946620218,47.379562247208185,47.91160583496094,12272200
2024-01-08,47.599714724047836,47.60888987989292,47.04932434942923,47.50798416137695,18745900
2024-01-09,47.74649009844785,47.79235538398549,46.99428821788033,47.04015350341797,13385100
2024-01-10,46.9667661023773,47.012631384356354,46.25125440617655,46.471412658691406,18095300
2024-01-11,46.4622425365866,46.54480144659437,45.87515501025534,46.06779479980469,16567900
2024-01-12,46.22373622979957,46.517278235481946,45.930194224117194,46.150352478027344,11461700
2024-01-16,46.14118492330948,46.40720850331418,45.700871842248596,45.865989685058594,13824700
2024-01-17,45.453189434255705,45.93019608766759,44.90279902609415,45.84763717651367,16425400
2024-01-18,45.51739461542117,46.021919662788285,44.609250230019626,45.94853591918945,18463800
2024-01-19,45.966880798339844,46.05861134880786,45.343103257127986,45.966880798339844,23285800
2024-01-22,46.10448402717868,46.159524465875215,45.407322633506325,45.471534729003906,13818600
2024-01-23,45.572439581768876,46.25125414960537,45.398150111496626,45.97605895996094,12555700
2024-01-24,46.04944605398115,46.434718618317376,45.930193522464215,46.08613967895508,11838300
2024-01-25,46.104483973687245,46.177871225197485,45.35228214219108,45.50822830200195,17639600
2024-01-26,45.829287542604405,46.04944579189831,45.54492069891657,45.59078598022461,10855500
2024-01-29,45.517404683312755,45.755909776180125,45.36146200661242,45.746734619140625,11746600
2024-01-30,45.911846368237995,46.031098898867285,45.17799137070516,45.30641555786133,11605600
2024-01-31,45.599959203028895,45.884329555780894,44.80189208310782,44.829410552978516,18997600
2024-02-01,44.81106049384483,44.81106049384483,44.150592769715175,44.64594268798828,20416300
2024-02-02,45.1963442067675,45.87515885772069,44.104734971155146,44.68264389038086,27991600
2024-02-05,44.50835398527025,44.545047614520634,43.7378052674975,44.01300048828125,15535600
2024-02-06,43.98548152093779,45.84763944322299,43.64607420243441,45.18716812133789,22693800
2024-02-07,45.12295238493607,45.278898545281834,44.04969007264326,44.61842727661133,17973100
2024-02-08,44.43496713958536,44.737684334767785,44.13225344370005,44.68264389038086,13577900
2024-02-09,44.67347072561416,45.71004298116892,44.480834425703996,45.69169616699219,15413400
2024-02-12,45.70086217748502,45.91184526550216,45.14129666177598,45.63665008544922,14973600
2024-02-13,45.55409834703974,45.774256625290334,44.31571809235936,44.68264389038086,15828100
2024-02-14,44.78354333900164,44.98535477414256,44.4441360611437,44.847755432128906,10866900
2024-02-15,44.95783573754136,46.122832144849035,44.79272141537433,45.3522834777832,13425800
2024-02-16,45.233038915536746,45.746735744882145,44.88445642469723,45.73756408691406,13176500
2024-02-20,45.76508256011551,46.2787828887581,45.5632710918457,45.73756408691406,13778800
2024-02-21,45.801771765115326,46.71909144236691,45.444017650874706,46.70074462890625,12283500
2024-02-22,46.39803165502194,47.159405178992685,46.1687017322493,47.086021423339844,12862900
2024-02-23,47.15023134119345,47.627234479119046,46.53562535695236,47.38873291015625,11052500
2024-02-26,47.29700418683988,47.40708156916342,46.29712559088407,46.34299087524414,9690400
2024-02-27,46.38885315086339,46.52645249431591,46.00358058807099,46.33381271362305,8145100
2024-02-28,46.33381424248869,46.75578394332828,46.20539005065365,46.70991516113281,7974500
2024-02-29,46.746610446200535,46.93924674078974,46.12283277860958,46.55397415161133,14655700
2024-03-01,46.72826503565952,46.85669273520558,46.26960517802891,46.68239974975586,10892300
2024-03-04,47.04015079687824,47.88408669926063,46.526454029538044,46.70991516113281,19033400
2024-03-05,46.792473220514275,47.801526922449206,46.774129907125264,47.53550338745117,15110700
2024-03-06,48.01250897369716,49.3609699327074,47.92995006805783,48.966522216796875,21692300
2024-03-07,49.14080606101693,49.30592385339992,48.59958740804962,48.87478256225586,17233100
2024-03-08,49.05825810663115,49.77376636701142,48.92066224848718,49.342628479003906,17479600
2024-03-11,49.44352760028861,50.04895839338495,49.296756604971215,49.86549377441406,15646400
2024-03-12,49.83797906552063,50.085652295621884,49.370144076892004,49.902191162109375,14269100
2024-03-13,49.837976037797006,50.48927212037104,48.251010034808914,48.296878814697266,26855200
2024-03-14,48.22349972830481,48.32440546226326,47.526338247142064,48.150115966796875,14430200
2024-03-15,47.99416539350957,48.801407691979335,47.65475809160058,48.01251220703125,123585300
2024-03-18,48.232664201552055,48.34274156907935,47.26947586297486,47.32451629638672,19738700
2024-03-19,47.480461069684715,47.63640722169131,47.14105379667731,47.517154693603516,14593200
2024-03-20,47.36121573585772,47.84739404317374,47.03098009341784,47.590545654296875,10436300
2024-03-21,47.61805827599045,48.29687629088434,47.296997829329,47.32451629638672,12625100
2024-03-22,47.37955758287049,48.11341254509293,47.260305057979195,47.63640594482422,11727500
2024-03-25,47.774008056522085,48.37943887293899,47.61806189963615,47.92995071411133,12348100
2024-03-26,48.058375785882205,48.29688085390411,47.73731530888742,48.20514678955078,9952000
2024-03-27,48.617941054939664,49.2508903485496,48.48034170883906,48.84727096557617,13077600
2024-03-28,48.97569390318809,49.975572427965204,48.97569390318809,49.74624252319336,14348200
2024-04-01,49.691206300807714,49.746246742367944,48.581250307403444,48.60877227783203,9520400
2024-04-02,48.70967244512206,48.93900235964579,48.186800519951696,48.37944030761719,10234300
2024-04-03,48.38861367337214,48.49869105642786,47.792354474834575,47.86574172973633,10434600
2024-04-04,48.19981584723657,48.33901581095105,47.513104994250554,47.69870376586914,10993700
2024-04-05,47.50381859190655,47.745098034070004,47.11406439456807,47.62445831298828,9095500
2024-04-08,47.58733805530939,47.605898284785155,47.19758385632371,47.4202995300293,12258500
2024-04-09,47.44813961848605,47.95853351727248,47.392458932435986,47.88429260253906,9487300
2024-04-10,47.364621352843095,47.59661890624848,46.659346808089765,46.66862869262695,11492800
2024-04-11,46.82639297301276,46.93775436562563,45.57360739613758,45.5828857421875,11781000
2024-04-12,45.50864217892291,45.555040982881486,44.7848073851623,44.803367614746094,12459200
2024-04-15,44.87761113620257,45.56432197062636,44.65489190828007,45.016807556152344,11943600
2024-04-16,44.96112953039477,45.10032594763939,44.766252422251114,44.78480911254883,11931300
2024-04-17,44.951854324636145,45.05393383645137,44.26514340151964,44.39506149291992,11763100
2024-04-18,44.47857451835532,44.92400942910431,44.190896256412394,44.821929931640625,10917600
2024-04-19,44.738412456980306,45.517924467021125,44.65489318661871,45.40656661987305,10303900
2024-04-22,45.47152236077131,45.99119817643795,45.3508826367769,45.6014404296875,7929500
2024-04-23,45.62000641946096,45.90768470838435,45.43440763757497,45.462249755859375,9153300
2024-04-24,45.4715280399764,45.51792685038408,45.05393166630268,45.341609954833984,16057100
2024-04-25,43.9774554111833,44.07953490051108,41.174924556919024,41.481163024902344,45069000
2024-04-26,41.46260848494417,42.10292054221758,41.14709162918578,41.620365142822266,21281900
2024-04-29,41.843083872326204,42.11220191602543,41.32340801621759,41.42548751831055,16416300
2024-04-30,41.20276855615928,41.53684207288332,40.76661200543358,40.7758903503418,17716000
2024-05-01,40.80373541691202,41.2677305759308,40.58101618298207,41.026451110839844,13246100
2024-05-02,41.16564646490681,41.22132361215309,40.20981767716044,40.55317306518555,15962600
2024-05-03,40.73877306445025,41.137809151951835,40.54389242311094,40.82229232788086,12104500
2024-05-06,40.98005309036947,41.40692779526863,40.627415771538686,40.73877716064453,9127700
2024-05-07,40.81301361214202,41.072849767434654,40.683095534495706,40.86869430541992,11026900
2024-05-08,40.83156804941514,41.03572702246273,40.423253643321566,40.52532958984375,11928300
2024-05-09,40.423255105319164,41.58324287594929,40.36757441792829,41.51828384399414,10776300
2024-05-10,41.527567236587885,41.73172624183661,41.1099708803983,41.70388412475586,8699600
2024-05-13,41.648204235826505,42.056518679510376,41.60180543040819,41.815242767333984,12642400
2024-05-14,42.11219950596848,42.42771633983435,41.32340565130286,41.49044418334961,14536500
2024-05-15,41.75955718685124,41.917313814800835,41.277001879002995,41.34196090698242,14179400
2024-05-16,41.267728030748685,41.32340518079569,40.534614875113164,40.933650970458984,15765700
2024-05-17,41.10996712308903,41.10996712308903,40.581012966927524,40.85940933227539,15788000
2024-05-20,40.83157654327201,40.877975354070706,40.19126445824427,40.23766326904297,10376900
2024-05-21,40.03349719148368,40.30261520264613,39.20758646895219,39.22614669799805,17576800
2024-05-22,39.17974933935681,39.894302253949746,38.89207108854609,39.291107177734375,16786000
2024-05-23,38.901347410608295,39.22614610398986,38.47447276902282,38.54871368408203,12438000
2024-05-24,38.42807754150608,38.678635343134104,38.11256070315989,38.270320892333984,17425600
2024-05-28,38.25175799725332,38.353837487843066,37.47224607093369,37.57432556152344,14674500
2024-05-29,37.379446851598644,37.769204604848696,37.06393001896838,37.35160827636719,16492500
2024-05-30,37.24952878051594,37.67640345407395,37.03609144373693,37.35160827636719,16111400
2024-05-31,37.35160683793534,38.19607780745381,37.240249001296036,38.13111877441406,29396300
2024-06-03,38.1960827588849,39.33751046740816,38.168244181116755,38.76215744018555,13678700
2024-06-04,38.743595123291016,39.04983362226892,38.40951804804315,38.743595123291016,12230000
2024-06-05,38.678635343134104,38.678635343134104,37.973360744476985,38.270320892333984,12401200
2024-06-06,37.91768092071921,38.316716998152266,37.769202627255865,37.936241149902344,10282800
2024-06-07,37.90840328273507,38.58583933380177,37.834165897687996,38.493038177490234,13665500
2024-06-10,38.41879644838127,39.64374325317008,38.381675990053914,39.50454330444336,13459200
2024-06-11,39.46742523675947,39.94998060423949,38.86423368241091,39.922142028808594,12637100
2024-06-12,39.98710520732199,40.07990282837309,39.17975457616994,39.35607147216797,9433200
2024-06-13,39.4024682693304,39.56950681068901,38.11256228661831,38.493038177490234,17023700
2024-06-14,38.42808101571237,38.84567738951314,37.815607514138684,38.23320388793945,14271100
2024-06-17,38.112557737067945,38.36311551919643,37.52792291210148,38.01976013183594,18782500
2024-06-18,38.06615775913732,38.270316732346274,37.2031266051197,37.871280670166016,18747200
2024-06-20,37.63000383264186,38.22391702471286,36.77625450404027,38.084720611572266,18639600
2024-06-21,38.288877752947855,38.92919331773186,38.11256087250117,38.9106330871582,35828400
2024-06-24,38.975588556847526,39.300383712153916,38.79927169253859,39.18902587890625,14845100
2024-06-25,38.9941522251629,39.31894740911753,38.585837773905375,39.15190887451172,16082600
2024-06-26,39.0776672193041,39.94069837372722,38.70646972965915,39.43958282470703,19824600
2024-06-27,39.37462300172205,39.439582030100915,38.49303163657831,38.520870208740234,17435000
2024-06-28,38.706474878893715,39.42102784051824,38.428078494624934,38.53943634033203,20542700
2024-07-01,38.65079895560422,39.226151973396505,38.17752190128948,38.32600021362305,18268400
2024-07-02,38.28887454773015,38.37239380831907,37.50008428439174,37.53720474243164,18280200
2024-07-03,37.50936650563167,37.732085736888195,37.147450852341635,37.17529296875,9131500
2024-07-05,37.43907444440705,37.44849386786932,37.07165224047272,37.363704681396484,12824400
2024-07-08,37.34486894164648,37.78765739421532,37.2129754265397,37.67460632324219,13372700
2024-07-09,37.505030955243214,38.53192088374887,37.41081872695015,38.49423599243164,16368900
2024-07-10,38.50364874996127,38.78627819823425,38.09854522303292,38.739173889160156,9672700
2024-07-11,38.861652444476725,39.24791357350504,38.33407477811878,38.390602111816406,17883000
2024-07-12,38.69207162397011,38.75801837892311,38.01375803722075,38.11738967895508,16677500
2024-07-15,38.27754812466974,38.29639056780138,37.60865397189653,37.825340270996094,17858100
2024-07-16,37.825343503373404,38.8804952521136,37.768816169147925,38.81454849243164,13739600
2024-07-17,38.814541336405334,41.00021420989238,38.814541336405334,40.65163803100586,18639200
2024-07-18,39.98274655175919,41.67853043817838,39.916799799934935,39.93564224243164,19434500
2024-07-19,40.161749856226656,40.35017069626826,39.200806806460214,40.17116928100586,12839900
2024-07-22,39.973330233176135,40.49148486369435,39.9168029012941,40.199432373046875,10115500
2024-07-23,39.98274661428454,40.585693993636724,39.47401504139166,40.49148178100586,17688600
2024-07-24,40.74585316097553,42.18726600716517,40.74585316097553,42.074214935302734,20392800
2024-07-25,42.1966873998229,43.30836641280404,41.914057934145866,42.648895263671875,22050100
2024-07-26,45.47520047526648,47.679716220904375,44.966465243081835,47.52898025512695,36636400
2024-07-29,47.02966593756744,48.226134276108745,46.13467313395527,46.14409255981445,22280200
2024-07-30,46.219456435232004,46.454981583731055,45.07951198518689,46.21003341674805,19296500
2024-07-31,45.92740332939004,46.26656011360425,44.6273035211784,44.806304931640625,17727600
2024-08-01,45.032409035962765,45.70129961540743,44.48599254371304,45.380985260009766,12064400
2024-08-02,46.275977034150095,46.67166112559915,45.51287790478772,45.94624328613281,15601500
2024-08-05,45.10777422424359,45.9179812522105,44.476565002569814,44.834564208984375,17895000
2024-08-06,45.11719433811179,45.286772723015474,44.391776490207874,44.570777893066406,15663000
2024-08-07,44.68382818362443,45.6824560337991,43.71346579300007,43.807674407958984,16891900
2024-08-08,43.87362220694593,44.42004224950089,43.543888452872,44.13740921020508,15216900
2024-08-09,44.12799323745295,44.91935790295477,43.807678882515816,44.01494216918945,14083500
2024-08-12,44.062044637973855,44.72151576393862,43.78883460675826,44.33525466918945,11942000
2024-08-13,44.730935078509226,46.313664339402436,44.730935078509226,46.21945571899414,19858200
2024-08-14,46.219460691049925,46.436143416361446,45.324464325577914,45.607093811035156,10667200
2024-08-15,46.44555741547995,46.66224011547564,45.66361581061105,46.26655960083008,13140600
2024-08-16,46.266561487133266,47.15213476589403,46.172349269927686,46.5020866394043,14161800
2024-08-19,46.520930230946796,47.0956121916834,46.3513518296203,46.445560455322266,9067400
2024-08-20,46.41730262950801,46.73761701615552,46.0969882428605,46.14409255981445,8780200
2024-08-21,45.95566744538419,46.32308611498434,45.37156606278468,45.635353088378906,7780500
2024-08-22,45.757823544611156,45.79550842922766,44.17509432900199,44.86282730102539,9946800
2024-08-23,44.909932524362176,45.44693315651106,44.63672608990035,45.324459075927734,8328400
2024-08-26,45.38098720830753,45.682462726767696,45.20198937612918,45.446937561035156,4949600
2024-08-27,45.55998711100183,45.96509067002333,45.04183248248068,45.33388137817383,6918500
2024-08-28,45.333878874310734,47.0296591984596,45.24908967841186,46.21945571899414,8399700
2024-08-29,46.4172977482353,46.88834805589692,45.93682442187641,46.841243743896484,7536000
2024-08-30,46.84124346898532,47.33113621733766,46.803558582074686,47.057926177978516,9594800
2024-09-03,46.83182211197088,47.80218821829152,46.77529837342805,47.59492492675781,10942500
2024-09-04,47.78333925452973,47.811601119945045,46.68107978356493,47.06734085083008,7036200
2024-09-05,47.18040133832858,47.33113729557636,46.37961364546393,46.91661071777344,9947800
2024-09-06,46.907188382615516,47.133290507545425,45.720139648333834,45.88029861450195,11146400
2024-09-09,45.899142555268384,46.28540365897316,44.79688298031712,45.69187927246094,9433300
2024-09-10,45.69187854183193,46.464400736888585,45.19256637995664,46.42671585083008,8624500
2024-09-11,46.26656129452776,46.34192747414986,45.4563541990757,45.776668548583984,8425400
2024-09-12,45.57883107883277,45.75782891101112,44.99472608025932,45.446937561035156,5575300
2024-09-13,45.45635465813504,46.30424664887523,45.40925034616695,46.285404205322266,9412800
2024-09-16,46.63398446451427,47.34055998670388,46.407878716128856,47.09561538696289,11823400
2024-09-17,47.18982024482528,47.49129215600821,46.021613893619936,46.62456130981445,7549200
2024-09-18,46.54919340595751,47.27461134446808,45.95566898466181,46.86008834838867,7771500
2024-09-19,47.00139681348401,47.142713336368665,46.115823572381785,46.18177032470703,8841400
2024-09-20,46.43614326089887,46.66224541097614,46.162933201879014,46.5491943359375,27106500
2024-09-23,46.69050994069277,47.321715657007495,46.61514016295613,47.11445236206055,12226500
2024-09-24,47.11445053449078,48.13192093149489,46.926033285115494,47.990604400634766,16463200
2024-09-25,48.282656251945056,48.39570731884833,46.26656152199837,47.057926177978516,15321900
2024-09-26,46.93544916672638,47.62318213774698,46.84124054915089,47.21807861328125,8622900
2024-09-27,48.55586569170681,49.139967056294275,47.773920470195954,47.96234130859375,23035300
2024-09-30,48.527599287558076,48.93270282440628,48.084814458824944,48.744285583496094,14085200
2024-10-01,48.94212756963299,49.90307062626075,48.621813217423735,49.83712387084961,17436200
2024-10-02,49.77117715847174,51.38216834575737,49.375493031834125,50.6473274230957,22198300
2024-10-03,50.73211793644995,51.14664451736481,50.31759494936382,51.06185531616211,15398400
2024-10-04,50.87132451592874,51.45243582788943,50.77605768556453,51.40480422973633,12826500
2024-10-07,51.44290713631797,51.8430168919194,50.88084559816996,50.909423828125,11150600
2024-10-08,50.966584291108504,51.280959359121006,49.97583112617291,49.9948844909668,9900300
2024-10-09,49.7757811586175,50.63316448865712,49.0708211279118,50.29973602294922,10408200
2024-10-10,50.51884682549652,50.89037840915136,49.851997128710025,49.91868209838867,6799500
2024-10-11,50.09015611169753,50.16636594411337,49.53761938193574,49.7281494140625,6041700
2024-10-14,49.670986592997785,50.21399479267274,49.480456571309155,50.17588806152344,6890800
2024-10-15,48.880296404314194,50.86179936355715,48.880296404314194,50.26163101196289,10579100
2024-10-16,50.13778654177123,51.04280144772064,50.023466344726785,50.842742919921875,7624300
2024-10-17,50.67126421503916,51.04279938936401,50.3283145399097,50.661739349365234,7948500
2024-10-18,50.737951273376794,50.80463987208128,49.86151823284719,50.69984817504883,7184500
2024-10-21,50.75700539461885,50.77605876109528,49.63288221091615,49.65193557739258,5353100
2024-10-22,49.56619945779225,50.5474278878085,49.56619945779225,50.26163101196289,7122800
2024-10-23,50.29973798871956,50.59505973262097,50.05205148039387,50.547428131103516,5833000
2024-10-24,50.39500513712741,50.87132842336091,49.937731584371974,50.41405487060547,7103100
2024-10-25,50.185420114631405,50.39500351673388,49.36614350720336,49.46140670776367,7127400
2024-10-28,49.489987374646354,50.261628729017545,49.35661744347396,50.14731216430664,8528500
2024-10-29,49.861519419392735,50.24257948420459,49.670989386986804,50.01394271850586,8371500
2024-10-30,50.01394327633527,50.63316498004649,49.81388837540388,50.16636657714844,9654100
2024-10-31,51.25238217302997,53.53873528017774,51.02374904275005,53.12909698486328,18744000
2024-11-01,53.23388678813949,53.25294015399402,51.633440396938596,51.74775695800781,12894800
2024-11-04,51.757289940422716,53.1290996942333,51.74776143964125,52.82425308227539,10808200
2024-11-05,52.52892648228999,53.61494289127711,52.128816703845445,53.30057144165039,9278000
2024-11-06,53.67210287306415,54.11031938205359,52.528926369304706,52.662296295166016,11776000
2024-11-07,52.57655928434687,52.89093437523504,51.90970963832593,52.11928939819336,12042200
2024-11-08,52.10976586574862,52.19550419872528,51.4143343356304,51.5762825012207,9218600
2024-11-11,57.844699477225845,58.18765281547947,56.71104776088103,56.9873161315918,27898400
2024-11-12,56.987313311191734,57.74942978400456,56.02514194565141,56.225196838378906,15141300
2024-11-13,56.40619371095602,56.672937179975015,55.10106913182121,55.64407730102539,11215000
2024-11-14,56.12040901254553,56.90157890531237,55.50118729152043,55.72982406616211,11494200
2024-11-15,55.40592180085791,55.596451832849105,53.17672878489457,53.55778884887695,21259200
2024-11-18,53.51968499927541,54.14843159488217,53.19578501765628,54.11032485961914,10679100
2024-11-19,53.82452490706466,55.872716246531844,53.44346487002868,55.47260284423828,13129900
2024-11-20,55.83461072341624,56.04419411172397,54.939120707234444,55.13917922973633,11239700
2024-11-21,55.40591788286566,55.71076445887131,54.74859313473932,55.47260284423828,7441000
2024-11-22,55.58692544512497,56.1299336947994,54.89149389087629,56.08230209350586,7412500
2024-11-25,57.13973175762234,57.80658497752485,55.853660545998544,55.99655532836914,14119700
2024-11-26,56.05372496594201,56.28236174434539,55.31066179573305,55.95846176147461,7432800
2024-11-27,56.034671956500155,56.691996793267805,55.996565220846236,56.46336364746094,7064900
2024-11-29,56.5205212240392,56.7205761261908,56.16803938608658,56.41572952270508,4581600
2024-12-02,56.58720858538904,57.225480052796655,56.12993502675699,57.10163497924805,9032100
2024-12-03,57.04447552428889,57.24453042443321,55.85366735572776,55.910823822021484,8763400
2024-12-04,55.796509962458956,56.00609337319269,54.8629167490988,55.605979919433594,9533700
2024-12-05,55.53929237944565,56.42525394956685,55.47260741258131,56.0537223815918,8116500
2024-12-06,56.053723370129255,56.71104818398063,55.91082493343808,56.568153381347656,7276800
2024-12-09,56.444300545909115,56.93014862250876,55.920345740226985,55.92987060546875,8653500
2024-12-10,55.99655964985514,56.06324461358598,55.07249502356014,55.36781311035156,6896500
2024-12-11,55.25349763623452,55.30112923497139,53.93884443356027,53.96742630004883,10578700
2024-12-12,54.329429341015626,54.60569770128591,53.29104449901528,53.61494445800781,12121400
2024-12-13,53.710212382407356,53.710212382407356,52.43366588676253,53.13862228393555,9406100
2024-12-16,54.08174476328655,54.27227479898386,53.04335988449728,53.224361419677734,16470500
2024-12-17,53.43394455281778,55.034391030109106,53.3958378190589,54.920074462890625,14984500
2024-12-18,54.63427416160918,55.777450664153605,54.08174109304842,54.1484260559082,14111900
2024-12-19,54.1579575870975,54.48185757544743,53.45300114037364,53.634002685546875,11487900
2024-12-20,53.557788526769194,54.61522674560547,53.4244185953949,54.61522674560547,48212100
2024-12-23,54.539010843332946,54.92959575379188,54.1103192015956,54.85338592529297,9431500
2024-12-24,54.691439351430475,55.03439269753483,54.31037927041269,55.024864196777344,3668200
2024-12-26,54.929598115714505,55.32018304296823,54.78669968430492,55.25349807739258,4688800
2024-12-27,54.92007212803231,55.61550363630474,54.796227065610154,54.94865036010742,6607700
2024-12-30,54.80575289746414,54.87243786285327,53.39583649000275,53.405364990234375,6593700
2024-12-31,53.41489256356382,54.262747424246065,53.28152262602615,53.881690979003906,7345200
2025-01-02,54.234165674742194,54.66285732765265,53.843580754103336,54.10079574584961,9092000
2025-01-03,54.26453432974295,54.70758786263987,54.23564065234507,54.486061096191406,9533500
2025-01-06,54.235637875065734,54.92911181629782,53.879265392611465,54.59200668334961,9459600
2025-01-07,54.592011150799856,55.54553927583833,54.43790540967391,55.035064697265625,10814600
2025-01-08,54.880956040193496,54.9483770687182,53.98521531931325,54.717220306396484,11995900
2025-01-10,54.2837976183753,54.43790335368104,53.580689971407224,53.77332305908203,9681300
2025-01-13,53.628848225053005,53.734796608761236,52.79089850489704,53.32063674926758,7120700
2025-01-14,53.45547744041897,53.91779464224645,53.41695008839071,53.68663787841797,7409900
2025-01-15,54.062269071327215,54.649798315990516,53.60958188134,53.850372314453125,8458400
2025-01-16,53.78295041537251,54.341582300571744,53.050949127208256,54.30305862426758,9061000
2025-01-17,53.93705946143171,54.53421873384408,53.50363592735394,54.21637725830078,10911600
2025-01-21,54.54385123328608,55.55517034155182,54.46679652925757,54.93874740600586,9113200
2025-01-22,54.409008567215196,55.27585193282306,53.8889003433482,54.98690414428711,8439800
2025-01-23,55.03506405557783,57.067336018973116,54.91948566962364,56.961387634277344,14504300
2025-01-24,56.9324907580052,57.78970411450306,56.922857083117336,57.471858978271484,12677500
2025-01-27,58.377236977486646,58.84918419945797,57.664495632616635,58.36760330200195,10882600
2025-01-28,58.05939290152571,58.35797438620379,56.576126502140646,56.59538650512695,9232600
2025-01-29,56.90359980548966,57.539286434210815,56.64354568362592,56.87470245361328,6780900
2025-01-30,57.10586337234806,57.16365072823984,56.42201938371069,56.961387634277344,8128600
2025-01-31,56.999911921085456,58.01123101066011,56.508697377408616,56.778385162353516,11342000
2025-02-03,56.62427916749443,58.08828544262271,56.39311873492873,57.741546630859375,13978200
2025-02-04,56.701332968051034,57.64523107168738,56.56649090669879,56.94212341308594,11718500
2025-02-05,57.4429663918418,58.136444030108066,57.04807021986696,57.5103874206543,12600800
2025-02-06,55.256587368838815,57.1925445018351,54.813533855260616,55.304744720458984,25072300
2025-02-07,55.34327419928067,55.58406464080992,54.12005831541165,54.75574493408203,14340200
2025-02-10,54.707587057474896,54.775008086524736,52.588630457445724,53.484371185302734,16656800
2025-02-11,53.359160299577574,54.235637310286165,53.07020884672193,53.87926483154297,8724200
2025-02-12,53.61921445234625,54.45716784515118,53.40732135948518,54.08153533935547,8502900
2025-02-13,54.17784909556849,54.18747909655044,53.58068983208286,53.908164978027344,8917200
2025-02-14,53.96595301449438,53.96595301449438,51.68326063917785,51.91442108154297,13227200
2025-02-18,51.74105225483206,52.579001978834484,51.567682839635616,52.424896240234375,10918500
2025-02-19,52.40562990982277,52.95463180541992,52.12631212457637,52.95463180541992,10770900
2025-02-20,52.99315963240618,53.76368829330463,52.78126287284518,53.73479461669922,8953500
2025-02-21,53.388056883732425,53.994849823948364,52.82942129689254,53.77332305908203,11105500
2025-02-24,53.90816395152651,55.86338111481032,53.88890027575888,55.747802734375,13215800
2025-02-25,56.152328013042144,57.73191265924893,56.02711595962222,56.065643310546875,15344100
2025-02-26,56.017485052799195,56.267905481417664,55.112114365738144,55.26622009277344,7273100
2025-02-27,55.227695835586836,56.6531748090421,54.86169333556558,56.6339111328125,9812100
2025-02-28,56.79764930989519,57.5392842948571,55.78632653774774,57.423702239990234,20219700
2025-03-03,57.54891517832197,57.71265091397224,56.83617385906002,57.664493560791016,11214100
2025-03-04,57.75118026697102,58.45428793545352,57.105863628810475,57.250335693359375,16502200
2025-03-05,57.24070431984859,58.040126678866116,57.192546966153415,57.616336822509766,9707000
2025-03-06,57.731913296539496,58.463918275506764,56.85543626126559,57.96307373046875,10682400
2025-03-07,58.22312710122348,60.7851371467231,58.049757696521446,58.83955001831055,18538200
2025-03-10,58.70471167737564,60.83329834574723,58.48318490717219,60.78514099121094,20295700
2025-03-11,60.48655917033365,60.99703741319227,58.97439546663811,59.24407958984375,14637900
2025-03-12,58.483181744084234,58.5794964479476,57.3273869268717,57.60670471191406,10812400
2025-03-13,57.78007310107621,58.5217043909438,57.58744002257006,58.05938720703125,8990400
2025-03-14,57.635600038027185,57.78007577212821,56.55685989236333,56.83617401123047,11905700
2025-03-17,56.98064905611503,57.91491713054785,56.21012038996086,57.78007507324219,9666800
2025-03-18,57.674130030235474,58.04012887148182,57.346654868898256,57.69339370727539,9967900
2025-03-19,57.65486349115659,58.31944378227527,57.26959731782456,57.86676025390625,8304200
2025-03-20,57.654864695744564,58.820289566875985,57.57780998980004,58.19423294067383,12197400
2025-03-21,58.01123356963377,59.08034373332197,57.63560106329372,58.820289611816406,25865100
2025-03-24,58.55060494677488,58.99365847967847,57.76081258840916,58.801025390625,11976800
2025-03-25,58.95512766202814,59.22481544052071,56.9999105573514,57.00954055786133,10969100
2025-03-26,57.13475315652807,57.49112196553296,56.37385451299648,57.028804779052734,11579500
2025-03-27,56.99991637059598,57.3659188881967,56.60502017434836,56.73023223876953,8751200
2025-03-28,57.21180834531356,57.89565229317104,56.08490720840646,57.80896759033203,10791600
2025-03-31,57.59707171182535,59.369289472535534,57.18291186685386,58.74323654174805,11615900
2025-04-01,58.531339787213156,58.849181253051995,57.057703490512985,57.35628128051758,9623800
2025-04-02,57.60670860394744,58.02086847204822,56.980651964026535,57.404441833496094,8310000
2025-04-03,58.36759846293139,58.560231540777345,55.53590434335809,55.69001007080078,13246900
2025-04-04,55.32004680370004,55.660805903904084,53.275484774484475,53.840171813964844,14657900
2025-04-07,52.477130871575724,53.840170964892074,51.299070042315094,53.73307418823242,16820500
2025-04-08,53.713598749542825,54.29776194077051,50.78305955350133,51.669036865234375,16335100
2025-04-09,49.84840484856034,52.62316804463048,48.60219222039935,52.321353912353516,24323900
2025-04-10,51.92217666670824,52.00979724789848,47.53123123928411,49.12793731689453,23973300
2025-04-11,49.137675578672365,49.66341763756353,47.988825355251386,49.371337890625,13411300
2025-04-14,50.169689847792824,50.23784166347232,49.2155607142845,49.98470687866211,14310300
2025-04-15,49.867879472170024,50.14048675537109,48.35879388988949,48.680084228515625,15684400
2025-04-16,48.777439433737676,49.069522889480936,47.550703032798594,48.056976318359375,14991000
2025-04-17,47.88172913839313,48.767706485676314,47.76489798105786,47.9304084777832,14244100
2025-04-21,48.047240189666574,48.358792422153506,46.88865555723051,47.64806365966797,10338700
2025-04-22,48.008298021100124,48.738499248296364,47.58964902038798,48.50483322143555,13376000
2025-04-23,46.37264686621693,48.02777038677599,46.28502257059923,47.24888610839844,24036600
2025-04-24,46.67445809119897,47.550700992846586,45.69112213623466,47.404659271240234,20579300
2025-04-25,47.579912018434634,47.65780193384473,45.72033299896796,46.635520935058594,16298800
2025-04-28,47.03469851808259,47.57017869951393,46.6549907429628,47.18073654174805,18574700
2025-04-29,47.05416851474535,48.17380815975654,46.878919924396556,47.92067337036133,19932800
2025-04-30,48.86506735372783,49.02084347515252,47.85252442146524,48.87480545043945,15951600
2025-05-01,48.26143574760911,48.85533337608858,47.40466521567172,48.30038070678711,17163100
2025-05-02,48.787179076811995,49.31292485702723,48.36853007189937,49.23503494262695,14167200
2025-05-05,49.13767520546058,49.26424074264217,48.03750432921949,48.73849868774414,12394600
2025-05-06,48.42694547222298,48.485359191572414,46.148717567710776,46.31422805786133,18517500
2025-05-07,46.51868351797363,46.91786002763159,46.03188271526902,46.36290740966797,15921800
2025-05-08,45.75927576411729,46.14871789451645,45.29194743603554,45.6424446105957,23404000
2025-05-09,45.66191832454218,45.876108159463776,45.097227591577266,45.22379684448242,14915400
2025-05-12,44.980396049312155,47.14178914241989,44.29887416550529,46.90812683105469,25598900
2025-05-13,46.05135605388361,46.37264637239223,45.282209879873975,45.36009979248047,16888200
2025-05-14,45.47693158097566,45.62297331214976,42.838472035596695,42.95530319213867,21973700
2025-05-15,43.51999432751274,44.639633992234444,43.247383341062445,44.60069274902344,27844400
2025-05-16,44.775937403468504,45.5645522905503,44.59095073000865,45.515872955322266,12116100
2025-05-19,45.3698331139152,46.0221481177609,45.165377669096024,45.97346878051758,10079100
2025-05-20,46.23634583046704,46.986015862448944,46.216873351013575,46.6063117980957,12595000
2025-05-21,46.4407992384773,46.61604783180705,45.691125525676824,45.75927734375,11963200
2025-05-22,45.66191713041585,46.02214868726862,45.24326813975098,45.788482666015625,11036200
2025-05-23,45.69112538776451,45.91505331989984,45.26274200202676,45.61323547363281,8401400
2025-05-27,45.983204419918565,46.10977367140892,45.55482104086836,45.65217971801758,12954500
2025-05-28,45.66191639210598,45.953996128453014,44.883032143186746,45.73006820678711,12427700
2025-05-29,45.7592778462944,46.58683776855469,45.652181069861655,46.58683776855469,10490600
2025-05-30,46.606309014700656,47.07363735168711,46.05135638240452,47.00548553466797,20759300
2025-06-02,47.21968023314454,47.579911805313685,46.55763081110658,47.50202560424805,13505600
2025-06-03,47.209945378280615,47.63832876484325,46.392119848300645,46.82050323486328,12432700
2025-06-04,46.898386294106054,47.560435665177096,46.68419647216797,46.68419647216797,11203100
2025-06-05,46.78155428297289,47.317034398949595,46.47000208044116,46.57709884643555,12786000
2025-06-06,46.83023933204084,47.39493008927499,46.820504949396934,47.132057189941406,9319900
2025-06-09,47.27809853490195,48.06671351235721,47.26836043834325,47.70648193359375,9863500
2025-06-10,47.91093576604111,49.29345202476256,47.82331146996725,48.650875091552734,11365600
2025-06-11,48.728760618302545,49.4200168811171,48.54377764647759,48.83585739135742,11024600
2025-06-12,48.835856200578384,49.40054691237312,48.63140075554734,49.351863861083984,9620400
2025-06-13,48.91374626061054,49.12793608815538,48.33932116520345,48.43667984008789,9499400
2025-06-16,48.0277689555779,48.13486201236778,46.9762774394993,47.37545394897461,14974400
2025-06-17,47.122319710183284,47.27809582021714,45.91505207192436,45.98320388793945,12453800
2025-06-18,46.06109817244415,46.1195118980048,45.16538266922441,45.6035041809082,15864200
2025-06-20,45.68138429883115,46.148716325014504,45.486666954249245,45.62297058105469,47287200
2025-06-23,45.65217818092092,45.934523534740805,45.09722556906547,45.6813850402832,9508300
2025-06-24,45.83716571785675,46.148717936863804,45.47693044700857,45.788482666015625,14585000
2025-06-25,45.75927560631867,45.75927560631867,45.243267942215304,45.447723388671875,9013100
2025-06-26,45.66191847680715,45.827428973161915,45.24326947379796,45.41851806640625,7325600
2025-06-27,45.593766379593625,45.710597535951315,44.96092383083144,45.126434326171875,21865000
2025-06-30,45.184851021387786,45.49640324256988,44.9511849985035,45.06801986694336,17511800
2025-07-01,45.03880779966662,46.98601097449691,44.951183508239446,46.25580978393555,21112400
2025-07-02,46.33370137551796,46.94707143777297,46.10977344796353,46.37264633178711,12299100
2025-07-03,46.569932189271505,46.62912007191531,46.06684835722256,46.28386306762695,7024100
2025-07-07,46.22467796231264,46.283862080716354,45.70186484719704,45.85969543457031,10687100
2025-07-08,46.01752890751389,47.1716644444937,45.84983178123905,46.40224075317383,9837200
2025-07-09,46.56006961244376,47.13220409507463,46.461423140970766,47.013832092285156,11949000
2025-07-10,46.80668215705522,47.95095493444279,46.34305312866411,47.86217498779297,14727300
2025-07-11,47.102610918467725,47.15193227154591,46.086576745740665,46.22467803955078,13716400
2025-07-14,46.244407240083255,47.31962929212179,46.244407240083255,46.69816970825195,10867500
2025-07-15,46.5107499754098,46.84614046484461,45.55389986317379,45.80051040649414,14878700
2025-07-16,46.135901004005156,46.77708616035313,46.017528996568004,46.53047561645508,13250500
2025-07-17,46.175356482260845,47.7043409987907,46.175356482260845,47.408409118652344,16472000
2025-07-18,47.48732297059365,47.58596944020572,46.619252852897695,46.717899322509766,10717000
2025-07-21,46.74749422512357,46.74749422512357,45.938611939998,46.056983947753906,9999300
2025-07-22,46.27400228828147,47.4873257122245,46.21481440309708,47.368953704833984,9605500
2025-07-23,48.19756503545261,48.45403834398037,47.704343950379176,48.31593704223633,10834300
2025-07-24,48.35539499251811,48.61186829765327,48.049596569145464,48.2764778137207,6860600
2025-07-25,48.41458060079773,48.57241118799521,46.648848319478496,47.77339172363281,11922000
2025-07-28,47.78325527923601,47.80298457333422,46.69817044468119,46.86586380004883,7445600
2025-07-29,46.53047268642233,46.54033921482478,45.74131974823732,46.22467803955078,11423400
2025-07-30,46.36278078325077,46.61925408506475,45.18891598617677,45.35660934448242,14148800
2025-07-31,43.57114977605939,44.89298246269506,42.37755562790478,42.72281265258789,44531300
2025-08-01,43.01874366923287,43.857218009193666,42.97928507928741,43.63033676147461,18629500
2025-08-04,43.47250360314463,44.892978890678656,43.285080956414525,44.78447341918945,14662800
2025-08-05,45.001489425596944,45.277695783943884,44.4392177061801,45.228370666503906,11936900
2025-08-06,45.09027041786843,45.28755960328395,44.13342407751721,44.212337493896484,11324200
2025-08-07,44.37016892234449,45.327019043631495,44.14328767190106,44.745018005371094,11841800
2025-08-08,44.80420182571085,45.46512004035034,44.675967052180866,45.32701873779297,9988000
2025-08-11,45.41579836420246,45.741322323226115,45.0804078762209,45.307289123535156,8664200
2025-08-12,45.46511798533134,46.16549099548882,45.366475277385646,45.918880462646484,10290800
2025-08-13,46.10630816285869,47.2209850930753,45.721592559984636,47.201255798339844,10114400
2025-08-14,46.786951315172416,47.32949374321718,46.37264365684384,47.161800384521484,9410200
2025-08-15,47.64515523143524,47.970682948114664,47.28017268850409,47.78325653076172,11208000
2025-08-18,47.733933156760386,48.049594331292056,47.42813851060798,47.536643981933594,7866300
2025-08-19,47.74380015609521,48.187696100111665,47.51691515687063,47.68461227416992,9083800
2025-08-20,47.8424454091587,48.907804762643764,47.58597209978911,47.60569763183594,9803200
2025-08-21,47.60569460806035,48.25674625062222,47.41827196169397,47.77339172363281,8782200
2025-08-22,48.177834360840144,48.4441741907101,47.07302021554774,47.27030563354492,11609100
2025-08-25,47.31962996548177,47.497189849114115,46.30359201736818,46.50088119506836,10859700
2025-08-26,46.56006826490065,46.75735743915856,46.352916325269945,46.56993103027344,12198300
2025-08-27,46.658713764133154,47.191393437629195,46.55020452364564,46.9842414855957,8562300
2025-08-28,46.98423924404176,47.003968538005346,46.017526417694455,46.244407653808594,7872000
2025-08-29,46.35291777182788,46.7179003096595,46.18522065143295,46.540340423583984,10687000
2025-09-02,46.65871411684651,47.21112308942329,46.40224080710124,46.7672233581543,9510300
2025-09-03,46.67844291699217,47.852307737921365,46.65871362214737,46.85600280761719,8379900
2025-09-04,46.954646179440985,47.04342612600249,45.68213862936381,46.056983947753906,10633100
2025-09-05,46.08657730857826,46.53047325468106,45.86955883681026,46.50088119506836,8227300
2025-09-08,46.017527719803255,46.17535831299984,45.228370990842166,46.086578369140625,10005600
2025-09-09,46.10630611540083,46.87572976102446,46.09643958698214,46.58966064453125,7891000
2025-09-10,46.36278198621531,46.79681518630771,46.145763504679984,46.51074981689453,8513400
2025-09-11,46.73763143820258,47.5366471939214,46.57980084027234,46.89546203613281,9875800
2025-09-12,46.777084319972744,47.25057985704885,45.56376094328826,45.57362747192383,11896400
2025-09-15,45.69199988924395,46.096441018474735,45.37633870364813,45.72159194946289,9669100
2025-09-16,45.42566182055676,46.20495204903074,45.415799054427225,45.71173095703125,9050600
2025-09-17,45.61308719601618,46.16549239805985,45.386202187487434,45.52430725097656,14352600
2025-09-18,45.47498302269722,45.69200150659291,44.90284851466989,44.98176193237305,18963900
2025-09-19,45.060677675011526,45.30728821230341,44.38989671253935,44.40962600708008,28356200
2025-09-22,44.41948813271641,44.922575728809456,44.350437484308046,44.37016677856445,11546000
2025-09-23,44.31097970917956,44.97189790847773,44.103827760151944,44.301116943359375,16358100
2025-09-24,44.1432879684396,44.25179721133241,43.45277768337672,43.56128692626953,19374200
2025-09-25,43.581013992910364,43.857216587619384,42.60443461979497,42.82145309448242,21345600
2025-09-26,43.3639971003079,43.54155699280694,42.66362405932736,43.521827697753906,14999600
2025-09-29,43.40345429249767,44.074235250783616,43.19630234558005,43.551422119140625,20722400
2025-09-30,43.58101565337674,44.91271108629446,43.52182776812194,44.48854064941406,35920400
2025-10-01,45.37634035174356,47.921362986397014,45.02122056430556,46.78695297241211,36615400
2025-10-02,46.45156258229899,46.76722378005388,45.04094995852883,45.11000061035156,27612200
2025-10-03,45.20000076293945,46.18000030517578,44.65999984741211,45.45000076293945,17894000
2025-10-06,45.349998474121094,45.90999984741211,44.869998931884766,45.13999938964844,19162500
2025-10-07,45.029998779296875,45.16999816894531,44.25,44.65999984741211,13018100
2025-10-08,44.7400016784668,44.900001525878906,44.459999084472656,44.540000915527344,10822900
2025-10-09,44.81999969482422,45.189998626708984,44.529998779296875,44.68000030517578,13379400
2025-10-10,44.779998779296875,44.779998779296875,43.77000045776367,43.959999084472656,14024900
2025-10-13,43.68000030517578,44.22999954223633,43.290000915527344,43.540000915527344,15509100
2025-10-14,43.43000030517578,43.900001525878906,43.27000045776367,43.79999923706055,16805600
2025-10-15,43.779998779296875,44.2400016784668,43.400001525878906,43.61000061035156,11941500
2025-10-16,43.72999954223633,43.93000030517578,43.220001220703125,43.38999938964844,12922100
2025-10-17,43.279998779296875,43.65999984741211,43.11000061035156,43.630001068115234,13966200
2025-10-20,43.65999984741211,43.97999954223633,43.5099983215332,43.59000015258789,11511500
2025-10-21,43.599998474121094,44.58000183105469,43.34000015258789,44.540000915527344,16468500
2025-10-22,44.59000015258789,45.22999954223633,44.33000183105469,44.38999938964844,14316500
2025-10-23,44.349998474121094,44.349998474121094,43.52000045776367,43.83000183105469,15379100
2025-10-24,43.93000030517578,43.939998626708984,43.58000183105469,43.83000183105469,10105900
2025-10-27,43.81999969482422,43.81999969482422,43.209999084472656,43.38999938964844,21380700
2025-10-28,43.38999938964844,43.38999938964844,42.75,42.81999969482422,17960600
2025-10-29,42.81999969482422,43.150001525878906,42.52000045776367,42.599998474121094,16147100
2025-10-30,43.27000045776367,45.81999969482422,43.20000076293945,45.619998931884766,41931600
2025-10-31,45.470001220703125,46.5,45.20000076293945,46.06999969482422,21482900
2025-11-03,46.20000076293945,46.65999984741211,45.5099983215332,46.02000045776367,20374700
2025-11-04,45.4900016784668,46.599998474121094,45.380001068115234,45.59000015258789,16316800
2025-11-05,45.54999923706055,46.630001068115234,45.43000030517578,46.470001220703125,11730700
2025-11-06,46.40999984741211,47.0,45.959999084472656,46.630001068115234,11591200
2025-11-07,46.720001220703125,46.9900016784668,46.31999969482422,46.689998626708984,9007500
2025-11-10,46.66999816894531,47.400001525878906,46.66999816894531,47.2599983215332,10739300
2025-11-11,47.47999954223633,48.7400016784668,47.45000076293945,48.720001220703125,14446000
2025-11-12,49.0,49.72999954223633,48.720001220703125,49.08000183105469,12717200
2025-11-13,49.02000045776367,49.9900016784668,48.47999954223633,48.630001068115234,14502600
2025-11-14,48.27000045776367,48.369998931884766,46.119998931884766,46.650001525878906,19779300
2025-11-17,46.52000045776367,47.72999954223633,46.52000045776367,46.810001373291016,12851600
2025-11-18,46.810001373291016,47.63999938964844,46.7599983215332,47.060001373291016,14588800
2025-11-19,47.0,47.0,45.7400016784668,45.790000915527344,14825000
2025-11-20,45.900001525878906,46.20000076293945,45.27000045776367,45.939998626708984,12137600
2025-11-21,46.16999816894531,46.9900016784668,45.52000045776367,46.25,14183500
2025-11-24,48.189998626708984,48.630001068115234,47.58000183105469,47.7599983215332,27383800
2025-11-25,48.209999084472656,49.400001525878906,48.099998474121094,49.04999923706055,15000000
2025-11-26,49.02000045776367,49.5,48.79999923706055,49.25,11373500
2025-11-28,49.22999954223633,49.369998931884766,49.0099983215332,49.20000076293945,6187100
2025-12-01,49.22999954223633,49.86000061035156,48.7599983215332,49.18000030517578,11772900
2025-12-02,48.95000076293945,49.18000030517578,48.220001220703125,48.25,14475700
2025-12-03,49.939998626708984,51.34000015258789,49.43000030517578,50.959999084472656,27120100
2025-12-04,50.79999923706055,52.08000183105469,50.22999954223633,51.95000076293945,20473100
2025-12-05,51.9900016784668,52.5099983215332,51.689998626708984,52.150001525878906,15667700
2025-12-08,52.20000076293945,52.40999984741211,51.65999984741211,51.66999816894531,15278700
2025-12-09,51.790000915527344,52.0099983215332,50.41999816894531,50.650001525878906,12715400
2025-12-10,50.790000915527344,51.61000061035156,50.33000183105469,51.209999084472656,12132400
2025-12-11,51.11000061035156,51.47999954223633,50.439998626708984,51.20000076293945,9684200
2025-12-12,52.27000045776367,52.9900016784668,52.0099983215332,52.40999984741211,19046700
2025-12-15,53.5,54.79999923706055,53.0099983215332,54.290000915527344,21928600
2025-12-16,54.25,54.720001220703125,53.400001525878906,53.810001373291016,9671144
