Date,Open,High,Low,Close,Volume
2015-12-16,76.83179110356863,78.27659205090816,76.31720746409528,78.06877899169922,3749400
2015-12-17,78.14795086002346,78.49430597125432,77.22763153590991,77.61357116699219,2654300
2015-12-18,77.29689341491533,78.66252521336379,76.22813415527344,76.22813415527344,6721400
2015-12-21,77.48492380665958,77.51461030777726,75.63438722058342,76.48543548583984,3011600
2015-12-22,76.71303489181176,77.2771010472672,76.05001121872768,77.04949951171875,2100400
2015-12-23,77.38596114277729,78.07867890695591,77.12867309177317,77.22763061523438,2652800
2015-12-24,77.21772857420704,77.53439716276688,76.77241596684858,77.01981353759766,1084700
2015-12-28,76.85158371068192,77.38595581054688,76.57449209411824,77.38595581054688,2327400
2015-12-29,77.68284265046542,78.92972860827486,77.62346964532337,78.6130599975586,2230200
2015-12-30,78.4745154434478,79.0583701086129,78.14794882565631,78.31617736816406,1814700
2015-12-31,78.16773987721075,78.59326403104185,77.54430067275015,77.5838851928711,2463000
2016-01-04,76.33700029499947,76.40627131868013,74.85261474472081,75.9114761352539,4919200
2016-01-05,76.26772091726238,77.15835365986835,75.87188330388479,76.24793243408203,2656800
2016-01-06,74.93177583274402,76.5250167582666,74.84270878319377,75.49584197998047,3484400
2016-01-07,74.34791979899025,74.81302846849275,72.70520375455021,73.52656555175781,6972200
2016-01-08,74.00155749713451,74.47656413790452,72.1411305498987,72.46769714355469,3673800
2016-01-11,72.97238868782215,73.0614557433476,71.11196158878832,72.41822052001953,3685100
2016-01-12,73.20000878615932,74.49636989493906,72.28958735938234,73.68490600585938,4108100
2016-01-13,74.20938080348107,74.9218870881618,71.0525926115977,71.59686279296875,4727500
2016-01-14,71.66612910140022,72.85364201437433,70.1322686366909,72.30936431884766,4738200
2016-01-15,69.14267559548279,70.31039242811639,67.47026560595488,70.12236785888672,9572100
2016-01-19,71.11195920742229,71.43852581678793,69.17236313509041,70.06299591064453,7353700
2016-01-20,68.41037228415163,70.09268026421076,66.24317473833263,69.59788513183594,8083600
2016-01-21,69.62758068327746,69.90466478543199,68.42027919533935,68.78643035888672,4635600
2016-01-22,69.71663563846498,70.89425054563601,69.56820312913673,70.80519104003906,3751800
2016-01-25,70.4885223944938,70.65675093828143,69.07340792327281,69.19215393066406,2765100
2016-01-26,69.23173681056365,69.37027884922315,68.49944209908126,69.1426773071289,2931200
2016-01-27,68.54892345539774,69.12288769746095,66.33224308084829,66.72808074951172,5487300
2016-01-28,66.18379472966376,66.79734341681649,64.59055378639061,65.00618743896484,8734000
2016-01-29,65.79785272460839,67.39109360970346,65.43170916901063,67.35150909423828,5612300
2016-02-01,66.88640416312214,68.37078960003093,66.37182053364931,67.7275619506836,4396400
2016-02-02,66.94579639728367,67.04475393368504,63.49212779203623,63.84837341308594,7636900
2016-02-03,64.73899722399797,65.80775658657086,62.581693789336484,64.65982818603516,7994500
2016-02-04,64.99629145333145,66.66870148268747,64.15514120512556,66.5004653930664,7220400
2016-02-05,62.45305039098198,62.61138470307734,57.14884527330569,57.90093231201172,19063800
2016-02-08,56.2780026007371,56.39675616168456,52.05245131920821,53.48735809326172,18025400
2016-02-09,53.0519452371923,57.97021103811843,52.24048136088096,56.73322296142578,16477700
2016-02-10,57.8910388435001,60.948873353925514,57.77228905158694,58.14833068847656,9859700
2016-02-11,56.5946660923329,59.22697605534868,55.99101919958188,58.623329162597656,7779000
2016-02-12,59.38531299272267,59.899900408226294,58.48478595933818,59.05875015258789,5081600
2016-02-16,60.048341069690835,60.345217411435385,57.85144934580367,59.09833526611328,5726200
2016-02-17,59.75146729404263,63.74940949954134,59.26656635421148,62.82909393310547,9836700
2016-02-18,62.819193575052815,63.51190755972322,60.938974216647445,61.05772399902344,6724000
2016-02-19,61.1072053487041,61.71085607841402,60.02855169438334,61.49314498901367,4905600
2016-02-22,61.49314140618769,63.67023707339452,61.49314140618769,63.313987731933594,7453300
2016-02-23,63.056703104513154,63.11607611403552,61.79002479320969,62.2452392578125,5280400
2016-02-24,61.35460277207434,62.32440087902151,59.70198867069158,61.86919021606445,11909400
2016-02-25,69.76610877129818,70.10256581372542,66.44108511096604,68.69734954833984,18246100
2016-02-26,68.95465528747776,69.2812219121183,67.5692272995885,68.9942398071289,8364200
2016-02-29,68.4103861525294,68.44008020847019,66.94579649177926,67.04475402832031,7688100
2016-03-01,67.41089913266586,69.33069932816687,66.79735038154057,69.2911148071289,5146600
2016-03-02,68.95465327395851,69.81559956378652,68.79631519997753,69.69684600830078,4927600
2016-03-03,69.32080318934523,70.20153794795576,68.79631399098156,70.06299591064453,3241800
2016-03-04,70.43903553249561,71.42862579985297,69.89475786545923,70.32028198242188,4353000
2016-03-07,69.76611597351088,70.12236908460764,68.28173052726596,69.75621795654297,4624900
2016-03-08,69.06352180602532,70.16196786351291,68.44997297887754,69.09320831298828,4083700
2016-03-09,69.36037607799983,70.37966036395099,69.19214754972633,70.30049133300781,4255600
2016-03-10,70.69635275089821,71.5671897346803,69.06352680007706,69.96405029296875,4977700
2016-03-11,70.41924493856128,71.15153960046482,70.132262863632,70.88434600830078,3426800
2016-03-14,70.56768510421179,71.73540201361286,70.42914305987397,71.46821594238281,3864100
2016-03-15,71.03280522180664,71.59687150750594,70.34998535754778,70.9536361694336,3205300
2016-03-16,70.52809949429908,72.160925048729,70.36976896749243,71.97290802001953,2985800
2016-03-17,71.77498810959281,72.41822335812962,70.8546687662956,71.9630126953125,3379700
2016-03-18,72.33905809074966,72.77448029093243,71.43853473579755,71.89374542236328,5995900
2016-03-21,71.7453071567839,71.91353572019179,70.9437413135073,71.49790954589844,2852100
2016-03-22,71.40883974280959,72.51717604792492,70.95362156038027,72.0916519165039,3348100
2016-03-23,70.9437316339163,71.82446640450267,70.74580904222702,71.03279113769531,2945900
2016-03-24,70.79529550762133,71.6958188123789,70.32028881117344,71.68592834472656,2698800
2016-03-28,71.6364491125108,71.92343123715393,70.66665473955536,71.2010269165039,2688100
2016-03-29,70.79528783136796,71.93331813594178,69.97392610676494,71.54737854003906,4606100
2016-03-30,72.24009508504771,73.8828186794629,72.20051056530546,73.52656555175781,5181100
2016-03-31,73.28905631742728,73.6156229333914,72.6161346011868,73.06145477294922,4226900
2016-04-01,72.61613753390888,75.15938444432992,72.34895146004064,74.94168090820312,4550600
2016-04-04,75.06041485595807,75.64427699757954,74.62500030370417,74.90208435058594,2978100
2016-04-05,74.10051481641975,74.72396150265922,73.58593121108619,73.80364227294922,2365400
2016-04-06,73.98177204465003,74.89219329761335,73.69478995513393,74.7932357788086,2033300
2016-04-07,74.13019879953977,74.67446883031604,73.90258975214263,74.53592681884766,3843700
2016-04-08,74.93176984642358,75.14948089462615,73.52655359890112,74.0708236694336,2375700
2016-04-11,74.68439207247563,74.71407857782167,73.3583369505374,73.38803100585938,2151800
2016-04-12,73.75416755315028,73.76406557064007,72.67551769599456,73.49687194824219,2259700
2016-04-13,73.99166874100523,75.39689280624947,73.67500012418442,75.15938568115234,3099900
2016-04-14,75.20886737006711,75.79272205855712,74.8724102716102,75.35730743408203,2696200
2016-04-15,75.45626725137032,75.74324937052013,75.09011608901183,75.51564025878906,2132900
2016-04-18,75.44636043204686,76.48543324051181,75.07031884563722,76.46563720703125,1916100
2016-04-19,76.78230913791884,76.78230913791884,74.74375549914181,75.39688873291016,2365200
2016-04-20,75.40678511711283,75.84220730712502,75.0010569809451,75.347412109375,2001600
2016-04-21,75.86201133842877,77.00993239220561,75.70367323447259,76.34690856933594,3542500
2016-04-22,75.4364784411162,76.0698156841107,74.56563406951715,75.68387603759766,3184500
2016-04-25,75.38698777816523,76.03022296969742,75.09010767438895,75.71355438232422,2456200
2016-04-26,76.00054161260353,76.00054161260353,75.01095126634554,75.41667938232422,1953700
2016-04-27,74.88228831868065,75.40676991456029,74.02134968015146,74.90208435058594,3359300
2016-04-28,74.5953140258789,75.84219991669961,74.17968791226362,74.5953140258789,3824800
2016-04-29,74.22917848364558,75.26824388017846,73.70469677635151,75.01095581054688,3228000
2016-05-02,75.50573884324143,76.62397310402226,74.92187667170141,76.44584655761719,3287400
2016-05-03,75.60470879539447,75.8817929020569,73.60573194022871,74.12032318115234,3273100
2016-05-04,73.53644854403436,73.853117119807,72.77446737888515,73.21977996826172,2839900
2016-05-05,73.33852893912153,73.81352799815355,72.87342034592118,73.0416488647461,2088600
2016-05-06,72.73488100610598,73.54634468267854,72.40831442224803,73.4770736694336,3080100
2016-05-09,73.47708007070737,74.53594139396975,73.4275975355183,73.84323120117188,2136600
2016-05-10,74.3479148521876,75.18907262828674,74.16978830018685,75.12969207763672,2706300
2016-05-11,75.19896790467125,76.1192872238746,74.99115483904147,75.00105285644531,2517500
2016-05-12,75.65417424696776,75.9906388697599,74.40729592420047,75.10000610351562,2730400
2016-05-13,75.20887627124519,76.53492388677596,75.15939372739206,75.57502746582031,3583200
2016-05-16,75.87188892690166,76.88127529332091,75.20886521659152,76.5052261352539,4141800
2016-05-17,76.65366784310918,76.74273490087295,75.77293303287139,75.9708480834961,4587700
2016-05-18,75.97084705223533,77.67294364441354,75.84220302607308,77.05940246582031,8010200
2016-05-19,81.40370660717888,81.62141769833202,79.31567030562891,80.24588012695312,13765000
2016-05-20,80.75056942807497,80.96828050869813,79.87973265555739,80.17660522460938,5097900
2016-05-23,79.94900929291647,81.24537030045275,79.86984024895114,80.87922668457031,4875800
2016-05-24,81.11671637148903,82.54172878913312,80.97817433643749,81.88859558105469,5805600
2016-05-25,82.13601456751502,83.07612255763449,81.48288118913395,82.70008087158203,4932700
2016-05-26,82.94746187757671,83.600595125026,82.38339568658648,82.48235321044922,4757200
2016-05-27,82.25475205316266,82.92767378860628,82.14589651140155,82.89797973632812,3139700
2016-05-31,82.69016772470285,83.18496290266297,82.29433762231496,82.83860778808594,4484500
2016-06-01,81.21567457899799,82.97714408244562,81.0573440590124,82.58130645751953,4172400
2016-06-02,82.34381050735387,82.50214858424582,81.59171974206717,82.37349700927734,3684300
2016-06-03,82.13600173900281,82.14589975681992,81.26516492048407,81.69068908691406,2826900
2016-06-06,81.99745994106694,82.53183965519841,81.64120679831264,81.9677734375,2585500
2016-06-07,82.11621322706132,82.47245881863303,81.89850213500745,82.27454376220703,2605400
2016-06-08,82.26464212796613,82.69016627555351,82.07662509761946,82.48235321044922,2344600
2016-06-09,81.94796641387968,82.4229730571864,81.7896358994271,81.86880493164062,1852100
2016-06-10,81.14640847868776,81.7302631596073,80.70109584239236,80.97817993164062,2322100
2016-06-13,80.40422403887555,82.12610930737635,79.95891135649678,80.6417236328125,4618100
2016-06-14,80.27557418027207,80.86932689706902,79.9292115079964,80.24588012695312,3540300
2016-06-15,80.97818222228784,81.75006150702097,80.89901318027025,81.13651275634766,3574400
2016-06-16,80.34484846464055,80.98807619644987,79.3750465328757,80.7901611328125,3045000
2016-06-17,80.68130233329403,80.68130233329403,79.33545881483316,79.66202545166016,5691300
2016-06-20,80.6318302284831,81.43339604757016,80.2854675437152,80.3745346069336,3448300
2016-06-21,80.72088517324275,81.01776530053422,80.38442807562265,80.78025817871094,3184200
2016-06-22,80.71099449373395,80.95839210564458,79.63234452979202,79.7807846069336,4222600
2016-06-23,80.31515607650279,81.46307695146342,79.94900493062323,81.42349243164062,2777100
2016-06-24,78.58337249374371,79.67192035733805,77.51461311495285,77.64325714111328,6815700
2016-06-27,76.6536671819415,76.88127628317439,74.72396903008183,75.27813720703125,6020700
2016-06-28,76.74273681640625,77.09898995640312,75.80262142753517,76.74273681640625,4781100
2016-06-29,77.43545001066184,78.82087810231738,77.08909487524188,78.17764282226562,5493600
2016-06-30,78.52398584429145,79.12763650860592,78.26669026196694,78.58336639404297,4644300
2016-07-01,78.76149342603671,80.00837939834153,78.50420536744667,78.9990005493164,2967300
2016-07-05,78.27659071762344,78.41513275473628,77.44533849494636,77.85106658935547,4163400
2016-07-06,77.66305758340943,77.91045518235636,76.92086478656863,77.68284606933594,4121200
2016-07-07,77.68284415993404,78.27659687281744,77.57398861507495,77.94013977050781,3085900
2016-07-08,78.60316494073129,80.25577907921789,78.47452090808625,80.04796600341797,3558900
2016-07-11,80.21619910428082,80.97818797537873,80.20630863580749,80.8099594116211,2928600
2016-07-12,81.09692929388046,81.59172448798584,80.3745325384729,81.07714080810547,3499400
2016-07-13,81.51255802570617,81.62141356577129,80.43390064232678,80.48338317871094,2474600
2016-07-14,81.14640542880642,81.16619391301961,80.59223727113825,80.71098327636719,1791700
2016-07-15,81.00786107530897,81.05734360939077,80.19639734620027,80.55265045166016,2253800
2016-07-18,80.66151216777456,81.21568035207835,80.3052590350149,80.78025817871094,2177300
2016-07-19,80.84953119503497,80.93859825540841,80.30526101488238,80.5229721069336,2164300
2016-07-20,81.19589074937115,81.8688124853248,80.57244400063493,81.28495025634766,4267800
2016-07-21,81.59173358435167,82.22507089941698,80.58235459783393,80.84954071044922,3195800
2016-07-22,81.13651333878808,81.80943510081748,80.3844300841482,81.69068908691406,2578700
2016-07-25,81.72037414760054,81.8193316740981,81.0672408827611,81.33443450927734,2633100
2016-07-26,81.14641223905647,81.3344368297489,80.58234601695473,80.9089126586914,3010000
2016-07-27,81.06725278923265,81.26517542127229,80.20631387728363,80.65162658691406,3570100
2016-07-28,81.06723341892385,81.85890865796563,80.84952235068863,81.47296905517578,2448200
2016-07-29,81.39380659672122,81.55214467731086,80.03806509407958,80.94849395751953,2996300
2016-08-01,80.92869598949618,80.94849202408469,79.71150411143041,80.17660522460938,4171900
2016-08-02,79.96879605293529,80.0083805740636,78.77139260121173,79.66202545166016,4267700
2016-08-03,79.69170590429587,79.89951896195942,79.00888617913367,79.57295989990234,2657500
2016-08-04,79.70160891458863,80.27557313836546,79.4838978262612,79.72139739990234,2467400
2016-08-05,80.0281725338818,80.48338317871094,79.8203594710234,80.48338317871094,3033500
2016-08-08,80.53286343044937,80.671405481413,80.19640632095926,80.3250503540039,2682600
2016-08-09,80.26567465555141,80.78025832045427,80.15681911201855,80.33494567871094,2785300
2016-08-10,80.45369498051525,80.61202550365113,79.10785155897342,79.40472412109375,3376200
2016-08-11,79.58285736060613,80.79015884453571,79.36514626678597,80.63182830810547,3448600
2016-08-12,80.46358956625515,80.93859625992646,79.75108330073583,80.78025817871094,3275100
2016-08-15,78.52398909846376,78.91982672998844,77.39585675610203,78.09846496582031,10886100
2016-08-16,78.17763522627331,78.17763522627331,77.10887586941381,77.1484603881836,4797700
2016-08-17,76.61408346388423,76.643769966535,75.08022294378398,75.5255355834961,8141600
2016-08-18,75.57502576588423,76.35680313132663,75.37710314489983,76.10940551757812,6200200
2016-08-19,75.92137115099908,76.76252141956967,75.71355808817398,76.6734619140625,3289300
2016-08-22,76.67345563634706,76.84168416629228,76.1588644800771,76.44584655761719,4059000
2016-08-23,77.00990968541869,77.46512027510687,76.87136766029508,77.20782470703125,4328600
2016-08-24,77.18805241909749,77.87087222187404,76.77242625652728,77.00992584228516,3661700
2016-08-25,77.32659977754776,79.4047382829255,77.29691327103862,79.32557678222656,7495900
2016-08-26,79.55317546732985,79.85994609005023,78.6328560491928,79.1969223022461,4271500
2016-08-29,79.37504057740475,79.40472707972542,78.89014342289178,79.08805847167969,4582800
2016-08-30,79.16722909915804,79.38494018717678,78.52399385273232,78.9990005493164,3352700
2016-08-31,79.17712393588708,79.26618344105756,78.11826259122408,78.59326171875,10307100
2016-09-01,74.66458619376935,75.75314157947673,73.28905626089359,75.11980438232422,27418500
2016-09-02,75.20886245115689,75.67397109799553,73.87291706234839,74.31822967529297,8153000
2016-09-06,74.15000579289725,74.83282555559586,73.77396417502098,74.63490295410156,5146000
2016-09-07,74.28855239142331,74.82293212324227,73.80365520050407,74.22917938232422,5566800
2016-09-08,74.21927082425891,74.2390593078232,73.59583166732601,74.10051727294922,5122200
2016-09-09,73.74427330135985,74.90209980758229,73.42760467529297,73.42760467529297,6915100
2016-09-12,73.01196572705392,73.9322849399989,72.73488167153917,73.58592987060547,5197800
2016-09-13,72.883331230174,73.22968634478265,71.89374087416341,72.29946899414062,6780300
2016-09-14,72.29946866708327,73.73437920679274,72.2400956619833,73.05155944824219,5828700
2016-09-15,72.75467134603876,73.52655807758555,72.59634083313965,73.21977996826172,4288800
2016-09-16,72.99217770936195,73.20988876864556,72.46769609380111,72.52706909179688,7317400
2016-09-19,72.95259561600508,73.011968615972,71.84425180011719,72.2400894165039,3881800
2016-09-20,72.77447835266665,73.0218759507312,71.9036415254706,72.15103912353516,4833500
2016-09-21,72.45780064501697,73.48697542993364,71.35935484332585,73.40780639648438,6315800
2016-09-22,74.21928092006883,74.4369920187638,73.53646111961197,73.81354522705078,5155700
2016-09-23,72.32916357865423,72.43801913397658,69.37029019756062,69.65727233886719,23179200
2016-09-26,69.7661288481756,70.4687371830608,69.15258003251228,69.45935821533203,11726700
2016-09-27,69.24163936908225,69.91456112241096,69.08330128595767,69.32080841064453,8179500
2016-09-28,69.65725895104067,70.98331384738907,69.41975939870015,70.87445831298828,7467300
2016-09-29,70.85466944770614,71.36926067147455,70.40935679826941,70.45883178710938,5323400
2016-09-30,70.55779213638566,71.04268927438476,70.5083096008863,70.58747863769531,5817000
2016-10-03,70.40935834291776,70.75571347229751,69.30101437892692,69.7859115600586,4679900
2016-10-04,69.85517443146502,72.19060810262363,69.4890308588516,71.87393951416016,11238200
2016-10-05,67.49995062359523,68.8754804788574,66.07493823542023,67.707763671875,48274000
2016-10-06,70.39945780322299,71.25050611920034,69.7760185926711,70.5182113647461,18527100
2016-10-07,70.50832452328929,70.68645111882087,69.47914947688199,70.17186737060547,6707400
2016-10-10,72.81405574825874,74.94167639338511,72.81405574825874,74.31822967529297,22522700
2016-10-11,73.1307348652833,73.15052335205043,70.80519884638908,71.6661376953125,16425400
2016-10-12,71.50779776833313,71.91352586861632,71.09216410100234,71.47811126708984,6301800
2016-10-13,70.63695285641997,70.63695285641997,69.76611611089898,69.89476013183594,6686800
2016-10-14,70.24112634179542,75.36720465510179,68.8952828622418,73.49687194824219,25005600
2016-10-17,73.32864535202235,73.96198258866792,71.98280183665666,72.07186889648438,8777200
2016-10-18,73.22968881986985,73.39791737408355,71.84426076463397,72.01248931884766,5248400
2016-10-19,71.85416049104697,74.71407618058385,71.6859319328332,72.06197357177734,3668800
2016-10-20,72.21041504092258,72.21041504092258,71.4979087217889,71.83436584472656,5054500
2016-10-21,71.58695192592269,73.49686132677881,71.47810394916608,73.22967529296875,6789700
2016-10-24,73.65520918132975,74.55573246319156,73.5067691205904,74.27864837646484,6329300
2016-10-25,74.27864837646484,74.47657097410901,73.79375122469311,74.27864837646484,4447200
2016-10-26,73.87291960643097,75.36720311795403,73.55625100299314,74.16979217529297,5748200
2016-10-27,74.70417551044365,75.36720680158926,73.84323671369219,73.96198272705078,4019400
2016-10-28,74.2093812282139,74.71407444108057,74.04115267391686,74.3479232788086,4827800
2016-10-31,74.53594741777037,75.2088691808613,74.09063476497914,74.37761688232422,4113500
2016-11-01,75.19897630750971,76.28752429433848,74.45678346876609,74.66459655761719,7141700
2016-11-02,74.36771649107415,74.8625116672623,74.1401073880385,74.21927642822266,4084800
2016-11-03,74.25885788808675,74.61511100425895,72.96249699588925,73.36822509765625,3883200
2016-11-04,73.36822373527771,74.3973985462227,73.09113966117228,73.59583282470703,4280800
2016-11-07,74.8526192579849,76.19846284205035,74.6250176878717,75.50575256347656,5977500
2016-11-08,75.5651187305417,76.23804046164037,75.20886560525564,75.75314331054688,4031100
2016-11-09,74.44688533526464,75.7531442949634,74.13021672533691,75.10990905761719,6880900
2016-11-10,75.42657589156471,75.93126907205759,71.51768957202188,72.86353302001953,10200200
2016-11-11,73.03177544533798,74.28855194692852,73.03177544533798,73.81354522705078,8881800
2016-11-14,74.13022255279249,74.25886659038449,71.78489052147499,72.00260162353516,7241700
2016-11-15,73.71458223910962,73.9520893564549,72.54686533707489,73.24947357177734,6216400
2016-11-16,73.43749248761947,73.83333010268709,72.37863120854892,72.54685974121094,10638700
2016-11-17,72.94269829739646,74.62500629564565,72.55675869396907,74.40729522705078,12539100
2016-11-18,78.74169170589354,79.53336688381094,76.45574076586875,76.9604263305664,19903000
2016-11-21,77.24742109594789,77.494818685981,75.01095231803073,75.35730743408203,8549800
2016-11-22,74.95157664368047,75.86200557227546,74.31823937594746,74.7833480834961,7873800
2016-11-23,74.3083464861037,74.41720204431822,72.77448575213099,73.18021392822266,8233800
2016-11-25,73.1901030836908,73.39791615603116,72.73489241809162,72.9625015258789,2346100
2016-11-28,72.78437085827903,73.16041246086657,72.03228010312903,72.17082214355469,6436900
2016-11-29,72.00259360160565,72.55676176330833,71.65623850054149,72.17082214355469,7435000
2016-11-30,72.44789917203484,72.53696621790974,71.25049591064453,71.25049591064453,6261900
2016-12-01,71.38904529038804,71.46821432821447,67.49995501937134,67.74735260009766,10907300
2016-12-02,65.8968143844603,68.73694126049668,65.73848386261191,67.6978759765625,15967600
2016-12-05,68.3707898621043,70.72601959634463,68.31141686039228,70.06299591064453,10209600
2016-12-06,70.05309333434711,70.60726144752437,69.26141812983019,69.8848648071289,4234100
2016-12-07,69.9937258437324,71.25050221356608,69.5385076578345,71.03279113769531,4919700
2016-12-08,70.69633524020358,71.51768947204474,70.26091308117331,71.1119613647461,5426600
2016-12-09,71.25050764365227,71.46821873611506,69.87497761397424,70.42914581298828,5126800
2016-12-12,70.0827915751996,70.11247807909726,68.85570159758407,69.64736938476562,6100900
2016-12-13,69.70674413291576,71.37914662956315,69.61767707867038,70.86456298828125,5895400
2016-12-14,70.96352023757575,71.12185831119376,70.3895560456728,70.58747863769531,5071600
2016-12-15,70.45882815856183,71.20102090271791,69.4197628467283,69.49893188476562,4740200
2016-12-16,69.74633071321887,69.90466124214944,68.89528241403842,69.13278198242188,7224800
2016-12-19,69.27132753765717,69.34059856319581,68.41038117741223,68.78643035888672,4526000
2016-12-20,69.23173950675039,69.33069703107888,68.41037770987097,69.13278198242188,5262100
2016-12-21,69.23174029571476,69.61767992997672,68.58850505528643,69.38018035888672,3515800
2016-12-22,69.05360972760026,69.33069380280817,68.49944157718443,69.17236328125,3468600
2016-12-23,68.96455075028456,69.28121934578841,68.58850160251602,69.1426773071289,2274000
2016-12-27,69.11298101160182,69.69684319839902,68.91506597707968,69.12287902832031,2939700
2016-12-28,69.12287929829469,69.330692350347,68.13328902186964,68.37078857421875,4313700
2016-12-29,68.13328805315909,69.09319181563954,68.0541190201768,68.43016815185547,3229100
2016-12-30,68.6379854007074,68.65777388517651,67.51975105381544,67.74735260009766,4523300
2017-01-03,68.56871430715702,70.12237081046646,68.2817322078228,69.80570220947266,8112200
2017-01-04,70.34008625513532,72.30936900385815,70.02341763448655,72.04218292236328,9289500
2017-01-05,72.05206845258192,72.89322626070208,71.77498437224938,72.03227996826172,4695600
2017-01-06,72.13123798163224,73.35832786717526,71.79478089607002,73.03176879882812,4466100
2017-01-09,73.27916868131862,73.66510831510479,72.7447889845435,73.19010162353516,3933100
2017-01-10,73.34843430822043,73.52656086070837,72.67551261548539,73.20989227294922,3994800
2017-01-11,73.49687658879803,75.2880403687829,73.28906350824246,74.98126220703125,7591300
2017-01-12,74.38750135829795,74.96146554675553,73.22968251432223,74.42708587646484,4681700
2017-01-13,74.06094758520592,74.99116504845435,73.92240552259142,74.85262298583984,3690000
2017-01-17,74.51615872635956,74.51615872635956,73.59583936981973,74.23906707763672,3152500
2017-01-18,74.80314055445511,75.42658738713332,74.29845484701943,74.99116516113281,3969500
2017-01-19,74.93178815717822,75.37710082824881,74.5557389638534,74.7833480834961,3274300
2017-01-20,74.97136982572866,75.3276229690116,74.6448031860567,75.23855590820312,4593600
2017-01-23,74.91198456541493,76.15887048862339,74.91198456541493,75.36720275878906,3770900
2017-01-24,75.52554228537787,76.65367478606545,75.15939110358505,76.30731964111328,3730300
2017-01-25,76.72294270083619,77.77190611153512,76.44585859612143,77.65316009521484,5690400
2017-01-26,78.17763795502073,78.25680699532367,76.47554133838374,77.13856506347656,4121000
2017-01-27,77.37607028004734,77.75211188726851,77.10887666309476,77.39585876464844,2219300
2017-01-30,76.99012468416517,77.95991890387731,76.29740697725347,77.8906478881836,4964000
2017-01-31,77.63335325779151,79.16722118830475,77.35626919162839,78.2765884399414,7835200
2017-02-01,78.08857528252587,78.47451490089297,76.64376678046321,77.76200866699219,6199700
2017-02-02,77.51461737018961,79.4245271325144,77.07919518085892,79.2958755493164,7676100
2017-02-03,79.55315705890192,79.86982562681372,78.9791929201948,79.37503051757812,4975400
2017-02-06,79.18701639447104,79.28598146933805,78.52399267272317,78.91983032226562,2664200
2017-02-07,79.44430153087214,79.69169908548994,78.71200688319622,79.37503051757812,3628200
2017-02-08,79.16723690169047,79.98859879653976,78.80108571302878,79.85994720458984,2568000
2017-02-09,79.85994153767062,81.12662358019287,79.65212846154738,80.18650817871094,5147500
2017-02-10,80.56255644742241,81.14641114754458,79.7016100989634,79.80056762695312,3061900
2017-02-13,80.33495037288988,80.45370394094897,79.62244406448676,80.06776428222656,4327500
2017-02-14,80.10733084880903,80.45369348982749,79.72139124022107,80.07764434814453,4809500
2017-02-15,80.3844324597939,81.96777560842843,80.04796779384775,80.8198471069336,5271900
2017-02-16,80.67139362468639,80.86931620409861,79.66201489459456,79.97868347167969,5234700
2017-02-17,79.73130009255313,80.62193298339844,79.41463145913877,80.62193298339844,3674100
2017-02-21,80.82974398572283,81.56203876602395,80.44380433461984,81.32453918457031,4325000
2017-02-22,81.14640164559938,81.53234124455001,80.85941956305093,81.22557067871094,2741400
2017-02-23,81.47297094515733,82.26463865258933,80.9781757967718,81.2156753540039,5595200
2017-02-24,80.56255208995539,80.96828019776086,80.12712993038119,80.92869567871094,4434200
2017-02-27,80.78025212848509,81.06723421671258,80.05785544947683,80.69119262695312,3289300
2017-02-28,80.65160624783181,80.97817284585986,79.85004055264889,80.50316619873047,10533000
2017-03-01,82.00735128256143,83.52142324101644,81.25526053686733,82.93756103515625,14319200
2017-03-02,82.69016779693881,82.82870984289065,81.49276437122633,81.80943298339844,5884800
2017-03-03,81.14641700551373,81.73027174778444,80.80006185755856,81.36412811279297,6217200
2017-03-06,80.90891008037566,81.85891592153772,80.77036803374631,81.64120483398438,5328500
2017-03-07,82.49225525970334,83.51153215026024,81.9479775268936,82.10631561279297,5431800
2017-03-08,82.09640888642375,82.96724561656846,82.07662040277316,82.61100006103516,3732400
2017-03-09,82.32401880581514,82.7099584156894,81.94796966287886,82.41307830810547,3646900
2017-03-10,82.69016865291701,83.07610829206013,82.37350003746687,82.64069366455078,3930000
2017-03-13,82.60110487140109,82.86829093468968,82.21516525222036,82.7396469116211,3463700
2017-03-14,82.55162660553103,82.74954920892195,81.86881438626453,82.64069366455078,2933500
2017-03-15,82.69016154561217,82.89797459882939,82.1359934036996,82.61100006103516,3074100
2017-03-16,83.07610550541109,83.12558804209284,82.40318377640467,82.65058135986328,3762100
2017-03-17,83.06621071252441,83.1057952298135,82.15578191482469,82.16567993164062,7828200
2017-03-20,82.16569237803918,82.7594451273674,81.94798127495781,82.03704833984375,3428700
2017-03-21,82.13599079495575,82.31411734205221,80.52296140456369,80.70108795166016,4206200
2017-03-22,80.83963951937515,81.11672361421846,80.29536179737914,81.02765655517578,3057000
2017-03-23,81.14640099301927,81.54223860541914,80.61202134877561,80.67139434814453,3056700
2017-03-24,81.02765359671884,81.39380473723602,80.4437989253273,80.76046752929688,3701800
2017-03-27,80.15681682329627,80.93859409090321,79.66202165772037,80.76046752929688,3403000
2017-03-28,80.59224003550204,81.49276332260133,80.45369799133293,81.28495025634766,3216000
2017-03-29,81.18599620074055,81.58183386526876,80.80995457192526,81.52245330810547,2874000
2017-03-30,81.39380619008578,81.730263284695,81.1661970878691,81.70057678222656,3483000
2017-03-31,81.41359080549512,82.06672402865819,81.33442931933355,81.63130187988281,3174000
2017-04-03,81.75005852751978,82.11620967102473,80.70109518393147,81.45317840576172,4224200
2017-04-04,81.87870650180649,82.26464614871685,81.67089342654516,82.10631561279297,4441500
2017-04-05,82.32400917051822,85.52038121152097,82.14588263681095,84.45162200927734,13289300
2017-04-06,84.53080711026867,84.56049361320294,83.49174175769268,84.11518096923828,5014400
2017-04-07,83.81830896511245,83.96674904414859,82.9474720780638,83.50164031982422,4876400
2017-04-10,83.25423497062107,83.72924166941438,82.98704889315789,83.36309051513672,3401300
2017-04-11,83.1948659989128,83.39278106218863,82.43288470032756,82.98705291748047,2536200
2017-04-12,82.95737749436856,83.20477513149838,82.33393061681629,82.50216674804688,3098400
2017-04-13,82.3339118286955,83.18496011021598,82.26464080810547,82.26464080810547,2594700
2017-04-17,82.38339380670737,83.35319563837291,82.13599622770826,83.32350158691406,2960800
2017-04-18,83.12558989729983,83.52142754966297,82.66048122202129,82.83860778808594,2498200
2017-04-19,83.20474721864144,83.33339122880089,82.48234303857892,82.63078308105469,2840600
2017-04-20,83.0761066415916,83.48184230800075,82.59120948537411,83.1750717163086,4012300
2017-04-21,83.13548145512426,83.52142105994716,82.77922835067626,82.91777038574219,2946100
2017-04-24,83.63027258813563,83.76881461656437,82.87818189811219,83.29380798339844,3193800
2017-04-25,83.68965602686058,84.24382420971159,83.47194494074759,83.86778259277344,3016500
2017-04-26,83.86778166746689,84.23393281279674,83.51152853957166,84.0656967163086,2165000
2017-04-27,84.49122826462052,85.42144568557478,84.40216874983597,84.95633697509766,2944500
2017-04-28,84.88706134674719,85.32248352869976,84.39226615815576,85.22352600097656,2919200
2017-05-01,85.35216838194512,85.97560758952649,85.35216838194512,85.75790405273438,3290000
2017-05-02,85.88655330782414,86.2922814533283,85.21363152140016,86.18342590332031,3503200
2017-05-03,86.06467398675805,86.15373349431059,85.29279472140196,85.6490478515625,2786700
2017-05-04,85.84696335183335,86.22300496898573,85.39175269423565,85.61935424804688,2140100
2017-05-05,85.54020028021802,86.07458002525587,85.3224891748349,86.06468200683594,2595800
2017-05-08,86.02508919858619,86.26258876796115,85.71831860689457,85.95581817626953,2168400
2017-05-09,86.12405729465476,86.70791959725459,85.9954132516977,86.22301483154297,2887000
2017-05-10,86.4703940629656,86.70790116096863,85.99539496690852,86.401123046875,2920700
2017-05-11,86.47040753398058,87.03447376715692,85.66884171577622,86.7969741821289,2731600
2017-05-12,87.05426725365197,88.35062824018124,86.65842959021522,88.11312866210938,5586600
2017-05-15,88.34072987299554,89.0037611653696,88.12302633144294,88.86521911621094,4053900
2017-05-16,89.07303047102867,89.34021654639984,88.47927776466754,88.81573486328125,6422300
2017-05-17,88.81573461066635,88.81573461066635,86.6584273287091,86.92561340332031,5619200
2017-05-18,86.96518423043237,87.47977536343811,86.26257609303622,86.83654022216797,10180000
2017-05-19,90.00324530379073,90.05272784457475,85.54019796417948,86.49020385742188,15733500
2017-05-22,86.62873979130597,88.1230233276981,85.96571607150703,88.01416778564453,6058400
2017-05-23,87.80636242550229,88.32094612857577,87.24229618079782,87.56885528564453,4344600
2017-05-24,87.50948594966866,88.78605856759042,87.41052841222788,88.66730499267578,4577200
2017-05-25,89.03344521394742,90.85428783838601,88.97407220879514,90.31990814208984,7407100
2017-05-26,89.98344848923037,90.15167703236482,89.51833982882044,89.88449096679688,5284500
2017-05-30,89.55792382226785,90.12199000180138,89.52823732070951,89.91417694091797,4626500
2017-05-31,89.74595155302107,90.02303564393746,88.5485481315751,88.70687866210938,6030100
2017-06-01,89.0631349532671,89.69647219782563,88.39021318717673,89.11261749267578,4890600
2017-06-02,89.30062822547056,90.14177848618195,88.89490012088152,89.91417694091797,4969200
2017-06-05,90.05272272460064,90.92355952306721,89.8053251346979,90.42876434326172,5537300
2017-06-06,90.05272246699282,90.99283028594385,89.8548074156269,90.15167999267578,4296700
2017-06-07,90.49803267178545,91.03241235606085,89.676678435746,90.43865966796875,3484000
2017-06-08,90.43865953469394,90.66626863228093,89.64698425175443,90.30011749267578,3804900
2017-06-09,90.14177637405908,90.27042794443075,84.34278418963127,86.36154174804688,11672200
2017-06-12,85.22352494331676,85.93602366406664,82.68027800751867,85.28289794921875,9281600
2017-06-13,86.91571744739262,87.39071656114638,85.89644065123898,86.36154174804688,5308000
2017-06-14,86.77718738290763,87.17301751565779,85.16415014704498,86.2625961303711,3554800
2017-06-15,85.09487178255476,85.48081141369634,84.01622192884501,85.37195587158203,6661600
2017-06-16,85.18394351916166,86.07457638994268,84.96623242297345,85.10477447509766,8005000
2017-06-19,85.78758813272674,86.79696694744402,85.71831711161845,86.62873840332031,4835500
2017-06-20,86.71779835651424,86.87613643413597,85.88654609892538,86.01519012451172,3095500
2017-06-21,86.58914842327005,86.88602852356823,85.53028713883589,86.64852142333984,3794700
2017-06-22,86.95531947885777,88.07355401976899,86.33187263527232,87.549072265625,4413000
2017-06-23,87.37093549904996,87.935001713282,86.5990562111509,87.69750213623047,4890900
2017-06-26,87.87562984518712,88.86522023736276,86.7870743738135,87.19281005859375,4866500
2017-06-27,87.08395683997233,88.35063136783035,86.2032219713843,86.76728820800781,5370800
2017-06-28,87.36103636545279,87.54906095112042,85.78759130636682,87.17301177978516,4257800
2017-06-29,86.73759652364095,86.75738500884262,84.9365423712779,85.89644622802734,5215600
2017-06-30,85.89645472596622,86.34176741182478,85.40165949724516,85.69853210449219,3943500
2017-07-03,86.104258565683,86.19331807329645,84.23393340604817,85.20372772216797,2741300
2017-07-05,85.38184812584892,86.59904749188772,85.20372157350116,86.58914947509766,4719800
2017-07-06,85.71832129252331,86.55947160414392,85.44122964459996,85.9459228515625,3275000
2017-07-07,86.29227735505813,87.52926531914999,86.28238688732766,87.0047836303711,2454300
2017-07-10,86.94540578260687,87.71728502122271,86.55946616329895,87.57874298095703,2332100
2017-07-11,87.34124597388472,87.72718560448173,86.75738374427951,87.43030548095703,2414700
2017-07-12,88.29124467184563,89.46885950346159,87.92509355571957,89.4589614868164,4273500
2017-07-13,89.61731148005926,89.82512457492531,88.56834798693266,88.63761901855469,3211100
2017-07-14,88.85532016818372,89.2313617905382,88.6079225758511,89.0631332397461,1978000
2017-07-17,89.04333913693327,89.32042321486955,88.34072337505573,88.36051940917969,2485700
2017-07-18,88.0735426826053,88.46938033948848,87.69750106105272,88.34072875976562,3813100
2017-07-19,88.41989536965409,89.19177462686373,87.87562521263516,88.6277084350586,4463000
2017-07-20,88.77614948812516,89.68657079911173,88.48916738031902,89.5975112915039,3481000
2017-07-21,89.39957524773654,89.68655731238741,88.60790761591691,88.75634765625,2928700
2017-07-24,88.71677615127226,88.87510668086357,88.0339563955983,88.73656463623047,2393500
2017-07-25,88.79594395363019,89.87459379323836,88.31103925419661,89.68656921386719,3346000
2017-07-26,89.6865642504922,90.25063040741449,89.21156514464955,90.12198638916016,3638100
2017-07-27,90.30012775927023,91.17096462953269,88.16260878229524,89.56783294677734,3572100
2017-07-28,89.06313277478175,90.1714767006368,88.76625264554235,89.67668151855469,2108800
2017-07-31,89.86469545999469,90.1022025751997,88.93448568368781,89.85480499267578,3002900
2017-08-01,90.41887157872054,90.82459968986711,89.94386489618482,90.27043151855469,3157500
2017-08-02,90.3990703078244,90.3990703078244,88.06363664974812,88.95426940917969,3636900
2017-08-03,89.06315255707163,89.48867681017673,88.48918820637603,89.40950775146484,2351400
2017-08-04,89.6667838225685,89.92407943216726,89.31053068619342,89.5084457397461,1987600
2017-08-07,89.60740489838902,89.75583740376265,89.18188076637665,89.55792236328125,1903300
2017-08-08,89.24125790106935,89.94386614228168,88.60792068223076,89.32042694091797,2366700
2017-08-09,88.70688566596212,89.52824753601149,88.68709717932364,89.18189239501953,3055400
2017-08-10,88.73656927523771,88.98396687501253,86.63864246113162,86.71780395507812,3961500
2017-08-11,86.6386312170185,87.73707702145852,86.35164913252767,87.37092590332031,2881500
2017-08-14,88.36051821106996,89.70636161420445,88.17249363931631,89.3105239868164,4906900
2017-08-15,89.4094813945249,90.16157213062559,89.15218580454774,89.7558364868164,2531700
2017-08-16,90.10220824094779,91.43815376058797,89.8745991287244,91.27981567382812,4273700
2017-08-17,91.0423114917003,91.5272086454348,89.80532356382393,89.93396759033203,3630500
2017-08-18,89.87458906535223,90.39907070656015,89.34020940733622,89.81521606445312,3046800
2017-08-21,90.00323627983848,90.84439408897572,89.62719467750033,90.8048095703125,3512500
2017-08-22,91.46783820456963,92.46732659230065,91.09179658194648,91.982421875,11254400
2017-08-23,91.18085407509483,93.6449319280102,90.3496018066319,92.1011734008789,12034900
2017-08-24,92.72460933343794,93.32826002853082,92.37825423378831,93.16992950439453,5494400
2017-08-25,93.16994305310311,94.2387025588473,92.89285893309003,93.1204605102539,5311000
2017-08-28,93.10066950373344,93.20952505507516,91.88346995235591,92.68504333496094,5536100
2017-08-29,91.7845044707129,93.14024596093982,91.53710688453847,92.85326385498047,3242800
2017-08-30,92.85326645932963,94.18921195214712,92.61575933395847,93.87254333496094,3808100
2017-08-31,93.95170915289377,94.6642154046076,93.3678469271935,94.49597930908203,5098200
2017-09-01,94.75328633718586,95.16891251748005,94.1991180967936,95.01058197021484,3679600
2017-09-05,94.36733868540918,95.48557309023677,94.13972957735956,95.17880249023438,4069500
2017-09-06,95.15901256069878,95.31734309217705,94.25848170987615,94.82254791259766,4105200
2017-09-07,95.08973111002628,96.50484558279894,94.88191804688869,95.72307586669922,4917300
2017-09-08,95.6142254553274,96.1782916712365,95.37671832759429,95.42620086669922,3316400
2017-09-11,95.9407803223032,97.19756428050806,95.9407803223032,96.69287109375,4471500
2017-09-12,96.57412216436614,96.60381621793127,95.1491171422348,95.84182739257812,4743200
2017-09-13,95.88140523302741,95.89130325019276,94.36733325565186,94.61473083496094,5610300
2017-09-14,94.3871219978681,94.74337511704444,93.52618325150446,94.3079605102539,5054600
2017-09-15,94.51577998049251,94.62463552706531,93.18972493586732,93.64493560791016,6081700
2017-09-18,93.95171750376177,95.17880751857447,93.75379488848502,94.7433853149414,5990700
2017-09-19,94.97099353979436,95.20849312591194,94.16942771791271,94.3574447631836,3521000
2017-09-20,94.09025855182027,94.36734266026454,93.07098163148213,94.21890258789062,3362600
2017-09-21,93.83295881406575,94.11004291035674,93.18972356197573,93.87254333496094,2896100
2017-09-22,93.80326587693553,94.3574340315072,93.57565678489368,93.95170593261719,2254400
2017-09-25,93.88244181649655,93.90223030205424,91.15117026103749,91.5074234008789,5821100
2017-09-26,91.98241963592505,92.69492589300401,91.16106538676891,91.37876892089844,4558200
2017-09-27,91.94284300129003,92.68503576345746,91.6558608939216,92.23971557617188,2945100
2017-09-28,92.2397210042155,92.27930552652421,91.4678416941345,91.63607025146484,3017600
2017-09-29,91.80428223607842,92.49699992646664,91.65584974168564,92.44751739501953,4629700
2017-10-02,92.7444013592519,93.8527376302281,92.47720775823113,92.96211242675781,2755900
2017-10-03,93.18972510912758,94.45639959890187,92.97201401557722,94.36734008789062,4996800
2017-10-04,94.20899667865207,94.73348589710467,93.74389556413574,94.52566528320312,3128300
2017-10-05,94.50588088182823,94.88192250661295,93.69441707573198,94.73348999023438,3956300
2017-10-06,94.55536339838659,95.5647422594007,94.47619435635302,95.31734466552734,4402900
2017-10-09,95.32723333389215,95.75275745561933,94.98087824643392,95.26785278320312,2031300
2017-10-10,95.26786288135244,95.4558874701776,94.22879750883943,94.39702606201172,2028900
2017-10-11,94.3970331683691,95.01058197021484,93.84286492797685,95.01058197021484,2640800
2017-10-12,95.1392260558231,96.21788358134471,94.84234589834625,95.73297882080078,3118600
2017-10-13,96.13870601617005,96.61370516608363,95.68349535167981,95.93089294433594,2496000
2017-10-16,95.94077979592795,96.56422653790713,95.9110932939242,96.13870239257812,2544300
2017-10-17,95.95068776201728,95.99027228545168,94.93141082100294,95.71318817138672,2528300
2017-10-18,95.96057019990327,96.05952771743429,95.05014895865851,95.43608856201172,2876700
2017-10-19,95.39650644825959,96.2178682094108,95.10952435520767,96.17828369140625,2534100
2017-10-20,96.52464749416505,98.14757512888545,96.316834418375,97.87049102783203,4588800
2017-10-23,98.0387224487247,98.40487362152335,97.27674114854729,97.415283203125,4024900
2017-10-24,97.22725990452508,97.69236861537237,96.7918376986296,97.63299560546875,3651400
2017-10-25,97.3756991104781,98.5928911024977,97.28663204644147,98.55330657958984,4687200
2017-10-26,98.78090530901063,99.71112262456533,98.26632166528408,99.00851440429688,3863300
2017-10-27,99.67154469289449,100.91843069083293,99.1371649794923,99.65174865722656,4030400
2017-10-30,99.65174865722656,99.92884030674935,98.86997889777894,99.65174865722656,2374600
2017-10-31,100.07727003652609,101.3835290051289,99.79028792713926,101.27467346191406,5111800
2017-11-01,102.59083727400508,102.83823487959494,100.24551280499777,100.88874053955078,3760800
2017-11-02,100.98769700720166,102.29395595128908,100.70071490320082,101.53196716308594,3212600
2017-11-03,101.78926342590837,101.99707649222907,100.64133500245096,101.64082336425781,3265500
2017-11-06,101.84863887301562,102.066349961994,100.52259140374773,101.35384368896484,7046800
2017-11-07,103.84761819754905,103.90699120510266,100.69082242970663,101.65072631835938,5277100
2017-11-08,101.87832623048266,104.15438711619488,101.82885124164785,103.93667602539062,6674500
2017-11-09,103.24396495995595,103.35282050449146,101.34395326438666,102.52156066894531,5128600
2017-11-10,102.33354088583137,104.28302751750887,101.75957667550189,104.14448547363281,4675700
2017-11-13,103.90698427874453,104.85699008615319,103.90698427874453,104.67886352539062,4609500
2017-11-14,104.54032902346874,105.27262380387474,103.96636478072934,105.12419128417969,4366800
2017-11-15,104.77782454363084,105.88616846423827,103.90698774528055,104.33251190185547,4148400
2017-11-16,105.12419521919165,106.24242969261367,105.07471267745736,105.91586303710938,3708500
2017-11-17,106.07419676385767,106.74711853387188,105.61898608855034,106.46013641357422,4407900
2017-11-20,107.56847649650346,107.86535664487418,105.8960738072775,106.25232696533203,5578500
2017-11-21,107.61794452827273,108.0533666738503,106.66793875153736,107.66742706298828,10682700
2017-11-22,105.73772976963642,106.37106700390665,104.9460620017863,105.71794128417969,9009600
2017-11-24,106.28200451974307,106.47991956867246,105.30231219258481,106.03460693359375,4000000
2017-11-27,105.67835597835602,106.16325314318544,104.75803663695918,105.47054290771484,5144200
2017-11-28,104.99553063597828,105.77730788877376,104.68876005512529,105.3517837524414,4794300
2017-11-29,104.64918530254201,104.77782933716857,101.71999861047266,102.4522933959961,6851000
2017-11-30,102.51167308904712,103.42210205876943,101.70020920623404,103.23407745361328,5201800
2017-12-01,102.77886253025592,103.73876645410483,101.75958559667642,102.74917602539062,4797600
2017-12-04,103.51114670511251,103.6496887469091,98.79080416681411,98.81059265136719,9116000
2017-12-05,98.5137134106354,100.60174946339542,97.65276716637777,99.641845703125,5323800
2017-12-06,99.21632651597282,102.25436846326645,98.95903092158373,101.8486328125,4571000
2017-12-07,102.57103769789876,103.05593483843614,101.57154936538399,102.98666381835938,3900100
2017-12-08,103.90697862412458,104.25333370954341,102.13561113015446,102.36322021484375,4171500
2017-12-11,103.30333453682212,103.62990115958796,102.29395571642553,103.45177459716797,3357200
2017-12-12,103.85750235929619,103.96635789985181,102.20488831627918,102.59082794189453,4683600
2017-12-13,102.73927103578895,103.51115030981441,102.63041549201866,102.85802459716797,4067500
2017-12-14,103.11530744931223,104.10489776091781,102.8580194042767,103.15489196777344,4464900
2017-12-15,103.66948229894139,104.5502170649759,102.2345718290159,104.38198852539062,7261100
2017-12-18,104.30282890198959,104.77782806250573,103.69917815843635,103.98616027832031,3931400
2017-12-19,103.50124931853532,104.07521352374727,102.40281099473323,103.17469024658203,3942100
2017-12-20,103.17468989620276,103.41218946135544,101.73977938804582,102.3137435913086,3673500
2017-12-21,102.65021449467102,102.95698509963259,102.25437682860658,102.5413589477539,2486800
2017-12-22,102.21478638084264,102.4225994447335,100.95800243020142,101.56165313720703,3538300
2017-12-26,101.09654599938126,101.53196058588769,100.26528624336969,101.47258758544922,2524600
2017-12-27,101.52207086075276,101.73978194677436,101.02727568342192,101.58145141601562,2038600
2017-12-28,101.5715535279251,101.82884913445812,101.29446943626274,101.7199935913086,2719400
2017-12-29,101.54186650547145,102.0960346859595,101.14602885513347,101.16582489013672,2498800
2018-01-02,101.80905575001537,103.61010994268754,101.20540501318798,103.32313537597656,4669200
2018-01-03,103.80802248970659,105.03511233009729,103.53093841768043,104.19396209716797,3888700
2018-01-04,104.89657443190225,106.53929799510685,104.66896533520251,105.56949615478516,4540200
2018-01-05,106.63825908880189,107.17263878810253,106.08408335435571,106.97471618652344,3368400
2018-01-08,106.87575076227364,108.00388308298855,106.45022663779524,107.72679901123047,2933600
2018-01-09,107.86534625602934,108.2018033451335,107.12315350656124,108.01378631591797,3302300
2018-01-10,107.54867350965581,108.3502392322193,107.10336089711494,107.66742706298828,3113300
2018-01-11,107.86535216369562,108.26118982841987,107.53878552404994,107.96430969238281,3668100
2018-01-12,108.09295692960829,109.55754641524734,107.7762883205532,109.09243774414062,5749500
2018-01-16,109.69609656160162,110.2799588354667,107.1033744928411,107.75650024414062,5790800
2018-01-17,108.60753390223768,109.23097306450563,108.09295027544145,108.89451599121094,4254700
2018-01-18,109.0825439043008,111.00234398423133,109.07264588714331,110.60650634765625,3842800
2018-01-19,111.04193853680016,111.22996312990787,110.44818580327262,110.76485443115234,3120900
2018-01-22,110.46796545373464,111.7841224002659,109.85442428315241,111.71485137939453,2214700
2018-01-23,112.00183762651501,112.57580184925497,111.50704244483752,112.06121063232422,2816800
2018-01-24,112.44714166754198,112.65495472195127,111.32890736048975,111.67526245117188,4975500
2018-01-25,112.10079943277492,112.2888240249831,110.73516739719742,110.79454040527344,4715100
2018-01-26,111.54663171701294,112.73413718363395,110.86381192121927,112.51642608642578,3927400
2018-01-29,112.51642796819876,113.21904381183981,111.67527761944315,112.12059783935547,3181500
2018-01-30,111.24975410789031,112.26903104077196,110.67578984763483,111.06173706054688,3737700
2018-01-31,111.88308530590062,113.32788634642722,111.46745916067557,112.7242431640625,4181800
2018-02-01,112.12059727634323,113.0804936389414,111.35860842719715,111.56642150878906,4302800
2018-02-02,110.86380371117978,111.1804723154928,109.55754477464168,109.62681579589844,4403800
2018-02-05,108.01378922544394,110.44818060327654,106.38096362263633,106.52940368652344,6124000
2018-02-06,103.91688332445214,108.47889537859982,102.6106243825905,108.42941284179688,6857900
2018-02-07,107.93462466040862,111.12110695742051,107.67732904233344,108.90442657470703,4515400
2018-02-08,108.95389561968635,109.03306465938587,102.91739601713772,102.94708251953125,6803800
2018-02-09,104.22364767098762,106.98460544979727,101.30435937384578,105.86637115478516,6615800
2018-02-12,106.57887847214653,108.34035565030032,105.1538734914716,107.42003631591797,4624100
2018-02-13,106.88565358874949,106.95492460980606,104.82730389167546,106.56898498535156,7542800
2018-02-14,105.61897667922146,108.0830544271184,105.61897667922146,107.8851318359375,7428000
2018-02-15,111.14089339239351,112.24923733828416,108.9044245649358,111.94246673583984,8341900
2018-02-16,111.66536174261726,112.96173012217113,111.49713320976603,111.6851577758789,4667300
2018-02-20,111.27943707585126,114.06019122423494,111.11120852042616,113.15966033935547,4287800
2018-02-21,113.57528174898299,114.46591457869465,112.98152904583364,113.2883071899414,4976500
2018-02-22,113.32788929610567,113.80289601013725,111.30913152390436,111.82371520996094,4763400
2018-02-23,112.44714114620324,113.76329803466797,111.56640639827714,113.76329803466797,4173500
2018-02-26,114.90133503184803,115.58415478273989,114.16904029391954,115.43571472167969,5418900
2018-02-27,116.07895306412756,116.38572366189234,114.55498299301567,115.2575912475586,5908200
2018-02-28,115.78207161195816,116.92010203095964,115.01019234254115,115.03987884521484,9684400
2018-03-01,119.6513799640752,121.19513858596683,116.82115079062343,118.18678283691406,15555500
2018-03-02,117.41489883231034,121.0565916934844,116.41541044528279,120.6508560180664,10627500
2018-03-05,118.7508320711097,121.66022987284374,118.41437500422934,121.22480773925781,10121300
2018-03-06,121.59097817295245,123.39203244349373,121.47222460402443,123.18421936035156,8154800
2018-03-07,122.09566190982788,124.46078238266958,121.89774684807423,124.0253677368164,6750400
2018-03-08,124.45088687620367,125.96495893225168,124.39150632010104,125.04463958740234,6127900
2018-03-09,125.86599863249273,126.17276922402576,124.93578129045687,126.08370971679688,5637800
2018-03-12,126.53892354439695,126.86548262906925,125.46026611328125,125.46026611328125,5609800
2018-03-13,126.55870268071124,126.77641375439362,124.42119156177694,125.41078186035156,4641800
2018-03-14,125.72745925558517,127.52850587310144,125.19307955094806,126.65766906738281,5402400
2018-03-15,126.66756253980515,127.12278073666063,125.35140558579597,125.89568328857422,4603500
2018-03-16,125.96496572005596,126.61809147257654,124.3816225548803,124.65870666503906,6662900
2018-03-19,123.72847584024275,124.45088009197029,122.18471736528653,123.67900085449219,6830400
2018-03-20,123.29306141751341,125.5097492974556,123.15451936876394,123.81755065917969,7113600
2018-03-21,120.29459394890553,122.72898517072731,118.9487505425362,120.43313598632812,14824000
2018-03-22,119.14668266846084,119.40397827997224,116.21749606424976,116.81124877929688,10950500
2018-03-23,116.78155816710718,116.85082918892579,113.12006937819046,113.23882293701172,10902100
2018-03-26,117.00917067418779,118.01855714375024,113.84248430884169,117.73157501220703,13171700
2018-03-27,118.83990886220892,118.90918743897258,111.54663236333087,112.62528228759766,8304700
2018-03-28,111.97214202968459,113.66434050759104,110.18097848349997,111.70494842529297,6489500
2018-03-29,112.7242352442653,116.0393612553653,111.34869777461022,115.08935546875,7794700
2018-04-02,114.70342030564224,116.45499189113767,112.42735949626554,114.09976959228516,6461300
2018-04-03,115.54457552905336,116.22738776108915,113.40705667230965,115.27738189697266,5193300
2018-04-04,112.8726666913402,118.43416687016934,112.81329368960077,118.23625183105469,6389300
2018-04-05,119.14667811846,119.78001533032094,117.43468351297723,117.80083465576172,5052400
2018-04-06,116.87062210068788,117.74146646508028,113.75341090082276,114.89144134521484,5385500
2018-04-09,115.92061023712466,117.9888579454059,115.92061023712466,115.9700927734375,4104200
2018-04-10,117.68208096613999,118.86959389953711,116.45499106327391,118.24614715576172,3693000
2018-04-11,118.08782236436328,119.453454376635,117.63261169360605,117.91959381103516,3059400
2018-04-12,118.75083309027993,120.4628275893203,118.09769988429557,120.13626098632812,4419900
2018-04-13,120.67064868486817,120.67064868486817,117.26645549337232,117.77114868164062,4933100
2018-04-16,119.69095474532884,119.72064879903179,117.42479939441203,118.1669921875,4464700
2018-04-17,119.14667533825202,122.57065691934613,118.76073571971662,122.06596374511719,5524600
2018-04-18,122.24410170153966,123.44150518735461,120.95763870313198,123.16442108154297,4321800
2018-04-19,122.74879671864878,123.22379589271067,121.8977483526475,122.76858520507812,3657000
2018-04-20,122.71909589758937,123.08523947863611,120.77949980482941,121.5414810180664,2971000
2018-04-23,121.9076405497204,123.27327254740867,119.97793479105776,120.62117004394531,3932700
2018-04-24,122.05607874007809,122.24410333581066,115.69301958947408,116.65291595458984,5379300
2018-04-25,116.54406757909517,116.99928584415343,113.84248979502478,116.0987548828125,5080500
2018-04-26,117.46437979338283,120.79930222562066,116.9300076107463,119.57221221923828,4998800
2018-04-27,120.36387008625756,120.37376810363004,118.30552792131307,118.96855163574219,3801200
2018-04-30,119.61178377965034,120.43313800097425,118.5331264131305,119.73052978515625,2788300
2018-05-01,119.62167852515094,122.03628138979676,119.16646787115586,121.8284683227539,3873900
2018-05-02,121.01699936415362,122.67951137937285,120.47272167614514,121.5414810180664,3671000
2018-05-03,121.34356922832902,123.69879150050765,120.40345388294011,123.11493682861328,4435600
2018-05-04,123.08524834438921,124.53004938847317,121.69982785689461,123.81755065917969,6341200
2018-05-07,124.48056802531984,126.36079115489282,124.15400140571492,125.64828491210938,4342000
2018-05-08,125.2722257058344,127.61756485847991,125.18316620761908,127.40974426269531,4467800
2018-05-09,127.53838925397423,128.38943742627532,126.00452143064753,128.37953186035156,4605300
2018-05-10,128.59727589344175,129.63634888541446,127.70665052886623,129.2602996826172,3772400
2018-05-11,128.64675583415334,129.48791373920344,127.54830985341749,129.27020263671875,3233200
2018-05-14,129.42851508901106,129.63633570625882,125.83631239046039,126.36079406738281,4169800
2018-05-15,125.60869834078082,127.2514143292694,124.77743855445686,126.79621124267578,2933100
2018-05-16,127.37016954164727,127.62745757434242,126.58838477700388,127.4295425415039,2439900
2018-05-17,127.84517460364468,128.1123682154116,124.2430664781508,124.73786163330078,5557000
2018-05-18,124.74774918952512,126.39047269027928,124.5597321689383,125.63838195800781,3612300
2018-05-21,126.66757218809545,127.01393487077779,124.68839137265645,125.0545425415039,2887200
2018-05-22,125.34151004377293,125.72744965376292,123.9560821245904,124.13420867919922,2789800
2018-05-23,123.5800382468972,126.75662231445312,123.2831656765502,126.75662231445312,4303900
2018-05-24,127.46911240064266,128.0331860677272,126.06389611590777,127.39984893798828,5972400
2018-05-25,127.3899566823971,127.90454787281139,126.29151838165201,126.62797546386719,4031800
2018-05-29,125.43056771283219,126.21234493830163,124.8071285558007,125.55921173095703,8141900
2018-05-30,130.9228116992081,131.17020929686348,126.50923191305799,127.95404052734375,14170900
2018-05-31,128.02328057768608,129.62642698512423,127.07328243248772,127.98370361328125,6408300
2018-06-01,128.52800916785603,129.50769402415582,127.0139370263458,129.16134643554688,6132800
2018-06-04,129.03268109523188,131.41759738809895,128.25091138717065,131.26914978027344,4860700
2018-06-05,131.75403702054575,133.22853183658236,131.58580850058686,132.7238311767578,5123200
2018-06-06,132.9316604755356,134.2972998564338,132.7238398784624,134.1389617919922,4766900
2018-06-07,134.1389766939588,134.3368917465234,129.3691438974135,131.52645874023438,6564100
2018-06-08,130.329032171557,132.28841662754448,129.45820302442303,132.13998413085938,3486600
2018-06-11,132.48636191385398,133.26813165241742,131.87280562414608,132.58531188964844,3443100
2018-06-12,133.55512780443493,136.06868079106957,133.24834209469236,134.84158325195312,5319900
2018-06-13,134.95041947860966,136.05877084232827,134.1884458472427,135.07907104492188,5809300
2018-06-14,135.57388170751148,138.29525524543598,135.46502616199646,136.96920776367188,6494900
2018-06-15,136.63275065933487,137.50357992350413,135.37596665201622,136.96920776367188,7711100
2018-06-18,135.58376117746096,138.73066617439312,135.48481120771504,138.3447265625,4202400
2018-06-19,136.64262977085866,138.25566678399076,135.8014719799733,138.06764221191406,4833700
2018-06-20,138.542646195099,140.64057286264074,137.37493685371635,137.49368286132812,5341400
2018-06-21,137.6223169070937,138.6020015450074,135.69260392949167,136.4447021484375,3912800
2018-06-22,135.83116196145122,135.87075403024483,132.5556204164531,133.60458374023438,7466000
2018-06-25,132.84261599374886,133.48584369082573,130.29936150848516,131.8035430908203,6969800
2018-06-26,133.35719585783863,135.74211232776122,132.42699357284388,134.0697021484375,7043100
2018-06-27,135.257211084653,135.9895134299576,131.71449067616007,131.83323669433594,6851600
2018-06-28,132.5952131416256,134.4754287199807,131.80353786128396,133.71343994140625,6333700
2018-06-29,134.86138703311508,136.27650924658704,134.48533782534804,134.98013305664062,5229500
2018-07-02,134.73270974319183,139.0077469741517,133.89156707039828,138.96815490722656,6399200
2018-07-03,139.1363841276312,139.2848166133502,136.27646913651307,136.4051055908203,3164700
2018-07-05,137.81034747249444,138.4337942284506,136.78118014674112,138.31504821777344,5576700
2018-07-06,138.7307044519727,140.25466728609712,137.56297972716376,139.9281005859375,5045800
2018-07-09,141.16506714376223,141.38277824380478,138.42391255677902,140.28433227539062,5183100
2018-07-10,140.81871530884823,142.01611122300582,140.0369304459312,140.96714782714844,3643700
2018-07-11,139.7400531578094,144.1239309467026,139.55202858447996,143.7379913330078,6168000
2018-07-12,144.28227252587342,147.15207843079781,144.28227252587342,146.61770629882812,4681000
2018-07-13,146.21195205818952,146.45934960820338,143.89631461404736,146.0734100341797,3941800
2018-07-16,146.30100484943708,147.14216252092587,145.29163376358747,145.43017578125,3592100
2018-07-17,143.89632207953514,145.90518908187386,141.5905749817877,145.48956298828125,5133900
2018-07-18,145.48958437595445,146.64740332829933,144.24269081192833,146.30104064941406,2908100
2018-07-19,145.4697899625042,146.4593803704124,145.08385030741803,145.6281280517578,3590600
2018-07-20,145.90519921874207,146.38019834442755,145.16300647863042,145.34112548828125,2462200
2018-07-23,145.34113651015213,146.10312534243778,143.2926922440752,146.02395629882812,2538100
2018-07-24,147.00363703124538,147.30051713102907,143.66870756692904,144.4801788330078,4052300
2018-07-25,144.60884456949242,147.7953267461792,144.48019299032507,147.3203125,4056900
2018-07-26,146.4395951329165,147.20158403118222,144.16353400689766,146.03387451171875,3414300
2018-07-27,146.70677545988957,146.73646196362228,140.89788469693593,142.41195678710938,5924400
2018-07-30,142.04579230392483,142.23381688656104,134.1092885628044,136.59315490722656,9522000
2018-07-31,137.23637726774024,138.3348231184389,133.98063178410996,135.72230529785156,7442900
2018-08-01,136.56348711669605,139.43329348713837,136.07858234240024,136.24681091308594,5098100
2018-08-02,135.62337042198848,139.82912971756303,135.32649027525173,139.67079162597656,3779200
2018-08-03,140.05672785122445,140.26454847882786,136.979101108781,139.5718231201172,3463500
2018-08-06,139.42337989389975,141.36298356943342,139.18587278058442,141.2244415283203,3247300
2018-08-07,142.0359010465946,143.1046604314651,141.24422575039975,142.93643188476562,3928300
2018-08-08,142.95625841389716,144.12396802240914,141.66978767065507,143.6588592529297,3026700
2018-08-09,143.78748701510975,145.3213551431002,143.57966638875703,144.3020782470703,3572600
2018-08-10,143.4213360225676,145.4697954927899,142.84738685211832,143.99530029296875,2748500
2018-08-13,144.1140440168087,145.64789694224916,142.71871803306922,142.94631958007812,2880400
2018-08-14,144.65831101222415,145.24218079830774,143.06508503479503,145.0442657470703,3474700
2018-08-15,144.559348966399,146.34061447870764,142.1051693160789,143.53016662597656,4476900
2018-08-16,144.984876701308,145.38072190116574,143.70831179414904,144.21299743652344,3704000
2018-08-17,143.98540566629043,144.49009134295267,142.45153750002697,143.51040649414062,2865600
2018-08-20,143.6984268520136,144.53956962164725,142.81769201089662,144.19322204589844,2882200
2018-08-21,144.88593533385554,147.24115023814113,143.84686238493038,144.0150909423828,4063700
2018-08-22,144.0744405038531,145.66768140626323,143.5400684142017,144.93539428710938,4245300
2018-08-23,145.3015473829042,146.7958233186588,144.54946418145585,146.2911376953125,6196300
2018-08-24,146.95416847967059,150.79378390896872,146.95416847967059,150.71461486816406,4882000
2018-08-27,153.09953165076865,153.2677602004264,148.63646945121354,150.10105895996094,5814800
2018-08-28,150.44740189361045,151.8031356806442,149.98229327617068,151.3974151611328,5266900
2018-08-29,151.73388440685156,153.35681191513143,151.45680032738545,153.18858337402344,9018600
2018-08-30,149.5468880346473,152.13962500530394,147.94375650847934,150.5562744140625,14441000
2018-08-31,150.5562803028466,152.26826743787362,150.31877317488554,151.0906524658203,6210500
2018-09-04,150.52660255617883,151.74379457039325,149.93284225170987,151.6151580810547,5310900
2018-09-05,150.8036734579893,151.18961309209206,145.5489510936864,147.10260009765625,7287400
2018-09-06,147.20156216246863,147.60729782334147,145.54894811690755,147.28073120117188,4190300
2018-09-07,146.30102423195083,149.83386880031142,145.96456715875917,148.8640594482422,3866800
2018-09-10,148.43856068847265,150.00211533971873,146.459379879293,149.7448272705078,3872300
2018-09-11,149.50731925411628,152.14952380676647,149.0521010267159,151.24899291992188,4151000
2018-09-12,151.2489925348469,154.14850024775703,150.22971563473257,153.75265502929688,5180800
2018-09-13,154.24745009198023,157.12716176645117,154.19798265217335,156.5334014892578,6213500
2018-09-14,156.30578903166258,157.1370412818334,154.69276706762992,155.8505859375,4615300
2018-09-17,155.3656923675619,156.7807993876466,153.01046239013297,153.30734252929688,3899600
2018-09-18,153.14900113077454,156.38496588779472,153.1391106629983,154.3760986328125,3749600
2018-09-19,154.74224473574984,155.69225815586836,150.80367920432204,151.30836486816406,5546000
2018-09-20,151.69428548558804,154.4453603216354,150.07135805062399,153.88128662109375,4655600
2018-09-21,155.43494515171096,156.3156798551194,153.34690915599668,153.9010772705078,17991600
2018-09-24,153.76255040509966,157.25580306422358,151.73388720732044,157.1271514892578,5082100
2018-09-25,157.3448686209289,157.48341066854678,155.53391643424112,157.21621704101562,5699600
2018-09-26,157.40423570322466,158.26517445959544,155.71204469243037,156.6818389892578,4079700
2018-09-27,157.3943245207781,159.40319142121734,157.27556342866941,158.75994873046875,3930300
2018-09-28,158.33447672706023,159.1855251434663,157.28551323473584,157.37457275390625,4607700
2018-10-01,158.44330517032375,159.5120645173351,157.36465535619232,158.19590759277344,4297600
2018-10-02,157.6120722713596,157.9188428891681,155.06881761413143,155.62298583984375,4137000
2018-10-03,156.90946035381057,158.09696588152303,155.38549769490416,157.44384765625,3561600
2018-10-04,156.55321890940206,157.1865562449413,152.1792305764665,153.28756713867188,6206400
2018-10-05,153.24794417747688,154.96983661990197,150.88282412319887,153.4557647705078,4963600
2018-10-08,152.63442165306284,153.01045571965625,144.08436159759785,147.10260009765625,10238700
2018-10-09,146.7760283476438,149.29947132299895,145.677582601921,146.9541473388672,5593300
2018-10-10,145.9843386940925,146.05360215050288,136.10821842698599,136.3754119873047,13660600
2018-10-11,136.0092923135759,140.6801597054819,135.0295924873248,137.79055786132812,10499300
2018-10-12,144.25259004567326,147.20156507087165,141.7291316244682,145.21249389648438,9371700
2018-10-15,145.17290536761425,145.17290536761425,139.84891940432442,140.47235107421875,6040800
2018-10-16,143.9557180875034,146.37032110283567,142.51090944555907,145.90521240234375,5383100
2018-10-17,146.80573786869866,146.80573786869866,143.90623022394942,145.47967529296875,3377900
2018-10-18,144.5692415562579,146.05362698832286,139.95774718998825,141.3530731201172,5338200
2018-10-19,142.11505891681193,143.85673235159518,138.91868658083703,139.0275421142578,5141600
2018-10-22,140.22497170613846,142.30311780910384,137.75099544068098,141.4619598388672,4234900
2018-10-23,137.86972293289514,140.49213109450204,136.3457454692092,139.19577026367188,6462000
2018-10-24,139.7598550913771,140.02704874098953,131.6155299120255,131.87281799316406,7251500
2018-10-25,132.29834677781022,140.21507020435328,132.27855074125742,139.33433532714844,7792900
2018-10-26,134.33690027595753,137.76088979253151,131.22958694355407,134.1092987060547,7457000
2018-10-29,136.6624538925853,138.09735709552217,127.19206557328707,129.62646484375,9212500
2018-10-30,129.082171803215,131.60563029650646,126.69725535936166,130.79415893554688,10037900
2018-10-31,133.51551423002496,137.26606971978856,133.367081733047,135.81137084960938,6666400
2018-11-01,136.95931727823455,138.34475301917067,134.9900418742616,138.13693237304688,4668800
2018-11-02,138.6811764545192,139.08691207932034,134.68323850511572,135.3660430908203,4481400
2018-11-05,135.91035196752836,135.91035196752836,132.07075119941695,134.03013610839844,4629900
2018-11-06,133.99052120786646,136.5634620399025,131.59571448263895,132.5556182861328,4667100
2018-11-07,135.42544692150545,140.82860183574232,135.00980568199438,140.3140106201172,5804000
2018-11-08,141.72914158756967,142.13487728498092,139.21557345722093,140.3931884765625,3986700
2018-11-09,139.59160853302512,139.59160853302512,133.64417612834646,135.4947052001953,5252500
2018-11-12,134.32701526287678,135.23743667941312,128.72592960249355,129.1415557861328,7571200
2018-11-13,130.1113267341699,132.37749694784875,127.6076645155287,130.7842559814453,6176300
2018-11-14,132.81291891496912,133.5353155956922,127.24152077335351,128.00350952148438,5729600
2018-11-15,127.85507891437125,131.56604297980357,124.98527274375083,131.11083984375,6468700
2018-11-16,130.47748634716325,132.0806177919912,128.7259072982163,131.17019653320312,5126900
2018-11-19,130.23010189193147,130.8832200760164,119.16647343490513,119.75033569335938,14284700
2018-11-20,113.13986502409878,123.6394191020794,112.41746075620895,119.41386413574219,13829500
2018-11-21,122.90711750975501,124.44098556051081,120.34408214685065,122.303466796875,7311300
2018-11-23,120.06700197692356,122.422224350769,119.45345322660525,120.75971221923828,3009600
2018-11-26,123.18420658773913,125.6284883407666,122.37274282580887,125.0941162109375,9321200
2018-11-27,123.8472436759129,126.28163522479521,122.43212906071162,126.21236419677734,10558800
2018-11-28,137.0384609357233,139.42337719001551,130.5962334989745,139.1759796142578,25705400
2018-11-29,138.39421554144846,141.39267307345563,137.82025133037789,138.26556396484375,7763000
2018-11-30,137.44420076521007,141.7291287196814,136.84055005799934,141.27391052246094,9401400
2018-12-03,144.77708840379532,145.53907729169669,141.0760146196551,142.6494598388672,7358900
2018-12-04,141.24421832063288,143.688507552836,137.35513571632762,137.79055786132812,6978400
2018-12-06,133.3967720578161,140.58119201660156,131.36810897456553,140.58119201660156,9186600
2018-12-07,140.42286487066147,140.8879735439711,133.3374094282292,134.53480529785156,6225300
2018-12-10,133.7530283200599,138.03795612298305,131.79362865778674,135.841064453125,5897000
2018-12-11,139.12648904517832,139.23534457622378,134.17853781574644,135.3660430908203,4548700
2018-12-12,140.31401450723726,142.53070241291934,138.0973417015062,138.6317138671875,6794300
2018-12-13,140.02704478207036,142.13487721395455,138.12703298288733,139.67079162597656,5122800
2018-12-14,137.43430673845302,139.24525881318343,134.96033096968736,135.6134490966797,5354400
2018-12-17,132.91187936950664,134.08949431862914,128.61706081384276,129.46810913085938,8392400
2018-12-18,130.7644775666633,132.28844017032213,128.77540625735273,130.94261169433594,6668400
2018-12-19,130.60613399318524,135.0790867342772,128.15195408123734,129.794677734375,7350700
2018-12-20,127.90454161603749,130.9524814410093,121.36334936730445,126.4003677368164,12265100
2018-12-21,127.23163923444929,128.04309547385643,121.18523400932916,121.63055419921875,12568600
2018-12-24,119.87897675657734,123.54045810371721,118.90918242245884,120.06700134277344,4721500
2018-12-26,121.24460547618882,129.537369830747,120.84877537905443,129.47799682617188,8110900
2018-12-27,127.45923080109891,133.7926025390625,126.50921749042972,133.7926025390625,7967700
2018-12-28,134.58429699668767,135.45514139747422,131.22958607995946,133.2780303955078,7276200
2018-12-31,134.58428561975282,136.53377978856437,133.09000964922146,135.544189453125,5467700
2019-01-02,132.01133368842412,135.40563610762715,131.66498615990068,134.1389617919922,4783900
2019-01-03,132.09051202695468,133.37698246626908,128.7457070046772,129.04257202148438,6365700
2019-01-04,132.11030076602523,137.8697233732388,130.843626431096,136.5238800048828,6650600
2019-01-07,139.5520422708873,141.8973666841283,137.34524480953326,140.7395477294922,9064800
2019-01-08,143.22340984017322,144.93541205006292,141.40256718567446,144.20310974121094,9057300
2019-01-09,145.36091635418205,145.9645670320073,143.02548267767196,144.4702911376953,5445900
2019-01-10,142.27340417151268,145.67759727962218,142.26349860436997,145.5093536376953,5116900
2019-01-11,145.0343686576877,146.48906777424216,144.094260784392,146.01406860351562,5185200
2019-01-14,144.2328134375131,145.20260788649904,143.1937404064805,144.52969360351562,5815500
2019-01-15,144.8265603111117,148.30001716068907,144.282282574011,147.63699340820312,5350400
2019-01-16,147.59739461378308,148.23073183357593,146.26145670169444,146.99374389648438,3936800
2019-01-17,146.99374744163302,149.15106230792432,146.1526046840946,148.26043701171875,3743200
2019-01-18,150.24951010197614,151.67452267365277,148.6760650123961,150.92242431640625,6151200
2019-01-22,148.77500503802568,149.804187426474,145.8656070821486,147.39947509765625,5203300
2019-01-23,148.17135081667678,149.23021968154825,146.11300118866134,148.19114685058594,3335400
2019-01-24,148.38906548633378,148.93334318240565,144.9947779361991,145.34112548828125,6734700
2019-01-25,146.98386336602698,148.32970693656833,146.01406898576897,148.1812744140625,4600800
2019-01-28,146.62759317171415,146.6572796727653,144.57914909943693,145.7963409423828,4054700
2019-01-29,145.5390721021428,146.459383956052,143.1343595000787,143.66873168945312,3915100
2019-01-30,145.6577905555469,148.13176616767333,144.55934477976484,147.60728454589844,4653400
2019-01-31,147.4687427979509,151.7833568777578,147.16197223745172,150.38803100585938,8615900
2019-02-01,150.81357186472053,154.32662082671663,149.4974299124332,154.24745178222656,5959200
2019-02-04,154.39588551592374,157.24589536146414,153.79223481844002,156.07818603515625,5264700
2019-02-05,156.691733404674,158.21571100946616,156.17715729132257,157.33497619628906,4575600
2019-02-06,157.34488664127943,157.44385172946244,153.46569376375285,156.48394775390625,4205100
2019-02-07,154.33650684706055,155.42504709603804,151.76356607684218,153.3172149658203,4545500
2019-02-08,151.31826913003763,155.06881003865834,151.1203540733735,155.03912353515625,3018700
2019-02-11,156.55320084853395,159.81885224252,155.92976915419263,158.2454071044922,7125500
2019-02-12,159.57145064888988,161.68917348296083,158.36414916311617,161.0954132080078,5631700
2019-02-13,161.73866430385465,161.86731589333692,158.60166441378988,158.7303009033203,5296000
2019-02-14,157.8099822998047,158.76988619582394,155.0787182317212,157.8099822998047,5061100
2019-02-15,159.31417128390652,159.54177285842337,156.4443499315012,157.3943634033203,5282000
2019-02-19,157.99800251755735,159.79904914376343,157.48341129580527,158.9381103515625,3883200
2019-02-20,158.66100820010823,159.80893652571277,155.5734914208469,156.88963317871094,7047200
2019-02-21,156.0584054012781,158.8094655465548,155.6625752753201,157.96832275390625,4463000
2019-02-22,158.79957652536493,160.0266740869382,158.53238288293537,159.63082885742188,4175000
2019-02-25,160.81833607001334,161.3626138289631,159.25478137155386,159.68031311035156,5076700
2019-02-26,159.13604754034682,161.67930239971523,158.2058300447016,161.30325317382812,4496300
2019-02-27,160.60060478335126,161.82770220386638,158.82924477223693,161.42196655273438,4278300
2019-02-28,161.30321401485097,162.88656448687826,160.48185227873236,161.94644165039062,6908100
2019-03-01,163.43084773161053,164.42043812683661,160.0662464278222,162.8173065185547,6919900
2019-03-04,163.83658838352594,164.06418995334025,153.80214207578737,156.85008239746094,17886300
2019-03-05,158.2552870493136,159.2053004298279,153.18858928643846,155.33599853515625,16042900
2019-03-06,155.49433963332362,158.58185675500948,154.6531817790422,155.15786743164062,7436300
2019-03-07,154.46514470496885,155.9495301396119,153.1984703420694,153.98025512695312,6916500
2019-03-08,150.43751409906238,153.79222444403794,148.68593512780737,153.44586181640625,4800700
2019-03-11,154.27712803701556,156.12767224163332,151.83283868809474,156.0089111328125,5699500
2019-03-12,156.35527065455656,157.71100456179246,155.52401840924185,156.63235473632812,4082100
2019-03-13,157.19640994121087,160.31361304374894,156.9589028562758,158.1464080810547,5230600
2019-03-14,159.2745663943001,159.9079036245683,158.07717050736292,158.9974822998047,3247200
2019-03-15,158.96781173754826,160.49177441009058,157.532908582892,159.82875061035156,6743700
2019-03-18,159.7198824234044,161.62979972230787,159.205306294124,160.26416015625,3575500
2019-03-19,160.82823032130784,162.9063610274953,159.9178089976518,162.22354125976562,4379000
2019-03-20,162.13448901029318,163.23293496844195,159.8287415449917,161.80792236328125,4391000
2019-03-21,161.47144705095434,165.2516892358454,161.05582093794712,165.21209716796875,4277800
2019-03-22,164.2324117503717,164.7568933979216,159.67039989341836,159.81883239746094,5614300
2019-03-25,158.5620337981525,159.91778264251246,157.562553130368,159.2052764892578,3795400
2019-03-26,159.749574748298,160.38292711501657,155.75163608307173,157.74070739746094,6910300
2019-03-27,157.34486438249118,157.64174450508972,150.78387558285982,153.5052490234375,8218700
2019-03-28,154.0693217066107,154.85109142745753,151.912006923854,153.5646209716797,4424800
2019-03-29,155.23703474991518,156.85007186671157,153.81202221727915,156.72142028808594,4913100
2019-04-01,158.43340729218875,159.99694662121348,156.85994729660837,159.5021514892578,4601100
2019-04-02,159.18550450862637,159.31415608627506,157.25580634364798,158.83914184570312,3158400
2019-04-03,160.09591757155607,161.441760983937,158.97767570025403,160.9271697998047,3819100
2019-04-04,161.01624354004065,161.10530304260087,154.2078574786,156.86985778808594,6295200
2019-04-05,157.9683233415041,158.57197410080383,156.375082163677,156.90945434570312,4315300
2019-04-08,156.75111021933915,157.13704986370686,154.82141199750058,156.8203887939453,2848400
2019-04-09,155.40526200772112,156.70163805091104,155.01932237500134,155.33599853515625,5642900
2019-04-10,156.55320277777798,158.71051776400776,156.00892502208112,158.5719757080078,3414700
2019-04-11,158.49279559512885,159.1558193239731,157.36466318934228,159.05685424804688,2578400
2019-04-12,160.31365920292177,160.80845444737523,157.83968298065446,159.03709411621094,2844200
2019-04-15,159.32403848848296,160.3433152906928,157.82976256969707,158.4235076904297,2608400
2019-04-16,158.37403916104213,158.59175025454874,156.10788381493376,157.03810119628906,3004800
2019-04-17,157.39436389340528,157.39436389340528,153.45579813537367,153.7229766845703,4765500
2019-04-18,153.28754593248627,154.5839220320935,151.57555877950182,154.3662109375,4391500
2019-04-22,153.83180420852054,157.48339471504443,153.66357567488018,157.1073455810547,2943300
2019-04-23,158.09693683056224,159.71986427687182,156.76099901985182,159.5516357421875,3418400
2019-04-24,160.1948894347602,160.79854014752826,157.74069451402602,157.89903259277344,3384900
2019-04-25,160.31362318265658,162.18394818245628,159.32403291609697,161.39227294921875,5498400
2019-04-26,160.7292635641361,164.33137185047863,159.60113116401646,164.232421875,3342900
2019-04-29,164.97462497724385,165.81576777129058,163.6089853705014,163.638671875,4509700
2019-04-30,163.4704308423537,164.70741876857775,161.91676675904014,163.62876892089844,3581800
2019-05-01,164.28187032237042,164.48969091676804,160.45216092518214,160.46205139160156,2707700
2019-05-02,160.00687420775003,161.00635507586605,157.96832039954145,160.14541625976562,3181100
2019-05-03,160.8876109370006,161.7980323037185,159.1855142209776,161.6396942138672,3131000
2019-05-06,156.96879576146603,161.14486769512297,156.21671263074074,160.80841064453125,2520600
2019-05-07,159.65061684138647,159.98707394454135,153.13911036879978,155.2667236328125,6541900
2019-05-08,155.4745399205743,156.2859961526151,153.4260806556335,155.22714233398438,4061300
2019-05-09,153.04013776417645,155.4646461410662,150.80366906503141,154.682861328125,5809300
2019-05-10,154.65318108806912,158.9381091820056,152.77296543389448,158.27508544921875,4462200
2019-05-13,153.30733475755108,155.26671941678225,151.1896120187991,151.55575561523438,5694600
2019-05-14,153.43599333437126,156.93913667886687,151.3281609669491,156.424560546875,4954000
2019-05-15,152.21877956983457,154.75212819495545,150.12083797094783,153.44586181640625,7783800
2019-05-16,155.1281798570211,157.79018034929655,154.27713154090276,156.8302764892578,5048100
2019-05-17,154.55420919838576,155.52401858563618,151.575547765988,152.9609832763672,5314000
2019-05-20,150.8828510789401,154.46516353253853,150.1208622349596,154.35630798339844,5437600
2019-05-21,155.7219562365561,156.196955431953,153.56464117004757,154.1584014892578,3803100
2019-05-22,154.24745936324345,156.54331646643905,154.21777285759455,155.99903869628906,3170100
2019-05-23,154.40578133873356,154.71255193171083,150.5661659428751,152.1099395751953,4508200
2019-05-24,153.27764522577806,155.2964028499435,152.5552485146735,152.90159606933594,3151700
2019-05-28,153.73286200071044,156.16724572795957,152.7828486510852,153.57452392578125,4934100
2019-05-29,152.15940065190466,152.4562807649381,149.62605187392558,151.2984619140625,4359500
2019-05-30,152.7135797199681,154.2474325786529,152.29793851315418,154.0396270751953,4418100
2019-05-31,151.0708654931005,152.87191206665878,149.6854299519515,149.83387756347656,5326900
2019-06-03,149.13128196559308,149.13128196559308,141.89737798978308,143.58958435058594,8835200
2019-06-04,144.5296678628733,149.34896784283623,141.02650970786814,149.2401123046875,12375100
2019-06-05,155.51413033607048,156.85008345914162,152.9412042730524,156.79071044921875,12072400
2019-06-06,156.85006086849916,158.3344463025859,155.69224204190542,157.65162658691406,5601200
2019-06-07,158.1761103153654,161.29332882796888,157.8396532365294,159.5912322998047,7175300
2019-06-10,151.88232845038124,155.81100349687821,149.25991996340258,151.1995086669922,29856300
2019-06-11,153.69326458691353,154.08910976046994,147.24113170746324,148.58697509765625,15214300
2019-06-12,149.53701740278723,150.73442852248948,148.58700390203606,149.7052459716797,7161300
2019-06-13,150.5760740108258,150.65524305225566,148.6859527840586,149.7646026611328,5173800
2019-06-14,149.46773275123365,150.39795017670355,147.92397408766735,148.44845581054688,6248200
2019-06-17,148.6364501464706,149.7052094113258,148.30988355721354,148.7255096435547,4491800
2019-06-18,150.29902601595558,151.35788011200967,148.93338614819274,149.02244567871094,7317800
2019-06-19,150.1109680011564,152.8620280650092,148.94324349422448,152.53546142578125,8095300
2019-06-20,154.6630526277803,156.64223311625375,153.80211394727797,155.56358337402344,10153600
2019-06-21,155.03910788959575,156.14744417502934,154.31671121069348,155.20733642578125,9706900
2019-06-24,155.7516162575643,156.08807333459256,150.92241077570165,150.97189331054688,6378200
2019-06-25,151.23909132286877,151.37763336450004,147.0432229049715,147.78541564941406,7362500
2019-06-26,149.7052284923823,149.80419356838868,147.36979463816687,147.48854064941406,5844900
2019-06-27,148.32967795086748,149.19061661306458,146.9244616459228,149.12135314941406,6832800
2019-06-28,148.85418223899578,150.19013528382143,148.0427259843234,150.15054321289062,6936600
2019-07-01,152.96096899145888,153.1291975184467,150.26928235975674,152.45626831054688,6476400
2019-07-02,152.68386878461922,152.75314734816908,150.99167796012566,152.51564025878906,4736300
2019-07-03,152.93127933097924,154.12869024588827,152.55524528245428,153.97035217285156,3885400
2019-07-05,152.34742424830878,153.1984725135652,150.98179989704593,152.9708709716797,3940900
2019-07-08,151.92191511050552,152.09014365839963,150.45731051716206,151.21929931640625,4717400
2019-07-09,150.49691336761066,152.58494976449634,150.10106813837194,152.34744262695312,4979100
2019-07-10,152.96097954341727,154.77191650001527,152.96097954341727,154.64328002929688,4966300
2019-07-11,155.18756081362574,157.64174057264913,154.9896306701973,157.2458953857422,7083200
2019-07-12,157.74068429859494,157.9583953677859,155.76150374227655,156.43443298339844,4348000
2019-07-15,157.10736331023168,158.17612273274423,155.84068883168734,157.98809814453125,3603700
2019-07-16,158.29486600248117,159.92768390562188,155.16775712985077,155.49432373046875,6913100
2019-07-17,156.0386053941188,158.25529330294677,156.01882445829028,156.59278869628906,4160500
2019-07-18,155.3657005825249,156.9292553048401,154.5839307713433,156.3354949951172,3724000
2019-07-19,158.06726112444863,159.06675703399347,154.66306793144304,155.1182861328125,5218800
2019-07-22,156.00892810213614,157.39436378943975,155.51413287808884,156.05841064453125,2909500
2019-07-23,156.3354918540448,156.80060056399404,153.66360071387888,154.62350463867188,4865800
2019-07-24,154.35629170980442,158.5818465446269,154.0792076321062,158.08705139160156,4110500
2019-07-25,158.45318148457463,159.4526772725719,157.01827868293674,157.6912078857422,6934500
2019-07-26,157.8990585804369,159.1459522808538,157.07769664919567,158.30479431152344,4979100
2019-07-29,158.73029444024988,159.52196978183727,153.90110354647402,154.58392333984375,8880500
2019-07-30,153.72297927666088,156.57300464909795,153.01047293355163,155.3261260986328,4241600
2019-07-31,155.751608324201,156.24640344755127,150.71459759248293,152.89169311523438,7454200
2019-08-01,153.1193045097021,156.13755797659925,148.84428222048288,149.2401123046875,26124700
2019-08-02,148.24063010701164,148.33958007713997,143.79736421962303,144.1833038330078,13138900
2019-08-05,139.86870827444758,142.2536248436407,138.3447456505362,141.33331298828125,13070100
2019-08-06,142.2931918770305,143.45102589152978,140.48225479783045,141.31350708007812,6694000
2019-08-07,139.46294216263195,141.61036622345972,137.61241328711642,140.16555786132812,7635500
2019-08-08,142.0260263376334,143.45103900890646,140.83852081155652,142.32290649414062,8670300
2019-08-09,142.11508588059118,142.96613427609313,140.2150740185303,141.87757873535156,5286700
2019-08-12,140.07651928623648,140.4921454278406,138.59213373767153,139.25515747070312,4389500
2019-08-13,139.46295959586837,143.4905995342188,138.96816442506073,142.38226318359375,5205800
2019-08-14,139.81921295174914,140.87808186698715,136.43481578987817,138.26556396484375,8607800
2019-08-15,139.6312053187064,141.80830108265107,138.29525229767532,140.65048217773438,6647700
2019-08-16,141.57078909936197,143.82705382632338,141.0364169692711,142.39215087890625,5341100
2019-08-19,144.08435563289302,144.6187277580097,141.39266877316132,142.1744384765625,4632100
2019-08-20,142.65935416821037,144.97499205555314,141.5707986998265,144.0249786376953,6259200
2019-08-21,145.37082618209166,146.84532133904685,144.638538937658,145.84584045410156,6142400
2019-08-22,147.93388752437417,148.33960814859248,143.95572953362517,146.6968994140625,11744500
2019-08-23,156.0584125284501,156.77091886767568,149.08179676517176,149.9922332763672,26531900
2019-08-26,151.9120026399442,153.5943182423395,149.94272759235517,153.52503967285156,8975400
2019-08-27,152.65420972157744,154.27713737414882,150.94222255696312,151.97140502929688,6516500
2019-08-28,150.91252014631473,151.18960422121035,149.29948313178335,150.24949645996094,5326800
2019-08-29,151.80314621677095,154.37608704076357,151.07085905759666,154.3068084716797,5979900
2019-08-30,154.79170580549206,156.57297128368074,152.10001910510664,154.4453582763672,7591000
2019-09-03,152.6047413745239,153.7031873163788,150.18023282812226,151.14013671875,4953800
2019-09-04,152.48599278860482,153.30735469549464,150.73442851844388,150.8729705810547,3604500
2019-09-05,153.03025029129108,153.12921536573532,150.36824984821467,152.1693115234375,5065400
2019-09-06,152.3672427883408,152.44641183633183,149.2005563684591,149.4974365234375,4722300
2019-09-09,150.08127925636214,150.5661688740755,146.54843438470405,147.98333740234375,6265500
2019-09-10,147.22136434133665,150.0812799215665,146.20208746291237,148.09219360351562,6249700
2019-09-11,148.52761567510765,153.04014536654358,147.4885427619597,152.48597717285156,6242400
2019-09-12,153.4260889518666,155.16777771960653,152.8026572679153,153.1391143798828,4993500
2019-09-13,152.71360540279846,153.29746014396906,151.1500506807173,151.38754272460938,3763500
2019-09-16,150.07137752665915,152.49588607703396,149.78440295577232,151.41722106933594,2592300
2019-09-17,151.4073365596255,151.85264923539876,150.15055247915063,151.22921752929688,3028500
2019-09-18,150.7640918935138,151.3182600589329,149.0026223248817,151.17971801757812,2951200
2019-09-19,151.92192958509284,152.6443263831009,151.1797367501669,152.0010986328125,2947000
2019-09-20,153.07971079516122,155.246915753983,152.0208420308262,153.5843963623047,11733000
2019-09-23,152.54535068516472,153.5844236017582,151.36775081963964,153.04014587402344,3642200
2019-09-24,152.67400649656324,154.6432968387686,149.51721068818352,150.46722412109375,4120800
2019-09-25,150.46719792625325,151.61512622035775,147.34997963277715,151.3974151611328,3445000
2019-09-26,150.83334994326765,151.80314419789667,150.25938576401185,150.75418090820312,3837300
2019-09-27,151.52606924076343,151.55575574320486,145.22238355652888,146.71665954589844,5858200
2019-09-30,146.40990116131255,147.41928762833197,145.87552897286204,146.89480590820312,3671200
2019-10-01,147.93385337831296,148.59687704040672,145.71716576030693,146.152587890625,3172900
2019-10-02,144.53954662341974,144.97496874074892,141.7093179607287,142.7187042236328,4432400
2019-10-03,142.50100147480867,145.52914534015645,140.60098993380515,145.4697723388672,3660900
2019-10-04,146.73644175311833,147.36977891210333,144.6879977779438,146.48904418945312,3259000
2019-10-07,145.74685613473724,147.7755192413146,145.46977206261394,147.25103759765625,2704700
2019-10-08,146.00415050847326,146.79582579172722,144.29216346715103,144.39112854003906,2613200
2019-10-09,145.73698294734592,146.310947193354,145.08384965706594,145.51927185058594,2273000
2019-10-10,145.31144189116202,146.0239481439068,143.99528492706264,144.88592529296875,2687400
2019-10-11,146.59791732155028,149.14117182933938,146.54843478288672,147.8151092529297,4663900
2019-10-14,147.84479575613767,148.71564011677376,147.25105059202733,147.8151092529297,1556900
2019-10-15,148.1021144497064,151.3776565134222,148.06252237464295,151.15005493164062,3942600
2019-10-16,145.72705326088445,149.27969369733543,144.30205599968664,145.44007873535156,8988600
2019-10-17,146.0437636896991,146.49896685090798,143.99530416440226,144.6484375,5024400
2019-10-18,144.77708948392248,144.91563154639704,140.91767757221263,142.590087890625,6080000
2019-10-21,142.59999065979736,143.67864063216973,141.51143511890191,143.04530334472656,3358000
2019-10-22,143.5400754855681,144.44060627910912,140.66036409960276,140.848388671875,4460500
2019-10-23,140.6306953945827,144.05468489673757,140.01715416527546,143.6192626953125,4761400
2019-10-24,145.0640528982274,147.24114875502875,144.87602830651232,146.578125,5280100
2019-10-25,145.51926858648423,149.09169046688515,144.77707580052797,148.9234619140625,4991400
2019-10-28,149.62605476191882,153.30733199470782,147.87447565116838,153.17868041992188,7576700
2019-10-29,153.16880007236875,154.5047531450956,152.81254692630498,153.47557067871094,5477300
2019-10-30,154.11880196598602,156.77089677721392,153.39639015998517,156.63235473632812,4724500
2019-10-31,154.93027116670487,156.6323678688389,153.59433318185802,154.8610076904297,4578300
2019-11-01,156.26622667645103,158.42352654173104,155.11829816650956,158.07717895507812,4771100
2019-11-04,159.26468580097244,159.5714564174727,155.05892648454295,155.95945739746094,5748100
2019-11-05,155.94952450071617,157.4635963813096,153.85159799426228,156.50369262695312,4015000
2019-11-06,157.28547929709637,158.33444256308496,156.1078644645416,157.27557373046875,4207400
2019-11-07,157.2755868977,159.4526977451711,156.43444416113198,157.83966064453125,3802300
2019-11-08,157.59226838932216,159.53187218270762,157.2558112833112,159.4329071044922,3265300
2019-11-11,159.54176380470284,160.54124466212497,158.58185991888263,160.09593200683594,3541200
2019-11-12,160.31365496716867,162.65897953192592,159.90791925344845,161.16470336914062,3710600
2019-11-13,161.35270703965793,162.70844096576613,160.33343020324878,160.9073944091797,5389700
2019-11-14,161.33291087452218,161.87718857797773,160.69957366503303,161.3527069091797,3820700
2019-11-15,162.01573300484856,162.22353852198495,159.31415558242296,161.51104736328125,3693000
2019-11-18,162.29281443889946,162.29281443889946,160.20477823449852,161.07562255859375,5556700
2019-11-19,161.93657394317768,162.73813975856663,160.15530818678485,162.2532501220703,4952900
2019-11-20,161.73862428339802,164.608429815956,160.56100953246866,162.49070739746094,8450300
2019-11-21,163.59908159559916,164.1829362698515,160.52145504663923,161.18447875976562,5724200
2019-11-22,161.28341713165756,161.78811783068093,159.70008176792211,161.1151885986328,3761900
2019-11-25,162.0751166666399,162.93605549414337,159.7693691918792,160.02667236328125,5509300
2019-11-26,159.87821289703987,160.91728577391703,159.63081531206674,160.84800720214844,5881400
2019-11-27,160.23448632510224,161.1350172724897,159.432920464223,159.82875061035156,4012800
2019-11-29,159.9276920547764,161.70895764893507,159.64071750624942,161.19436645507812,2432500
2019-12-02,161.40219673769178,161.51105228330078,156.45424484628433,159.3240509033203,5117400
2019-12-03,155.3260955474566,160.16519136763046,154.56410681096114,159.8881072998047,6216400
2019-12-04,158.71049903612146,159.01726961678295,152.89170317083955,154.80160522460938,17803300
2019-12-05,154.11880300445128,157.2656929971824,153.63389830810874,156.57298278808594,7126600
2019-12-06,156.4542479516197,157.83966846873153,155.94954718471018,156.36517333984375,4751200
2019-12-09,155.7417330090713,157.24589945842604,155.4250568513438,155.84068298339844,3709000
2019-12-10,155.37556228758058,156.02869548737596,154.54431008781324,154.77191162109375,4074700
2019-12-11,155.20732123093984,155.24691329437178,153.86147797326493,154.7620086669922,4867500
2019-12-12,154.14851069471524,157.33499319450615,153.69329243762277,156.93914794921875,5353900
2019-12-13,157.2063234338655,159.80895088351645,156.8995528416915,159.45269775390625,5742300
2019-12-16,159.17560204047376,161.04592705936005,159.14591554016997,160.2740478515625,5370000
2019-12-17,160.31362281384787,160.67976637964887,158.07715425254995,159.94747924804688,4789600
2019-12-18,160.11571790060756,161.5803073563256,159.79904174804688,159.79904174804688,4144800
2019-12-19,159.9079137367727,161.6396969868583,159.15583044700384,161.6298065185547,4185400
2019-12-20,163.01521618524094,163.4506383607293,161.92667584647063,162.83709716796875,8586700
2019-12-23,162.33241804685426,163.15377996914722,161.6496132897228,162.03555297851562,4368600
2019-12-24,161.61000166859642,162.1344833591665,161.184485055472,161.55062866210938,1238000
2019-12-26,161.69905473426414,162.81729664504192,161.5704182586522,162.79750061035156,2155500
2019-12-27,163.14385775553586,163.73761797658403,162.1938444218487,163.26260375976562,3409900
2019-12-30,163.14387620297407,163.2230452480625,159.5219716649238,160.7490692138672,3197100
2019-12-31,160.3532154514314,161.56051689983968,160.1157234287613,160.9469757080078,3273500
2020-01-02,162.21364418137014,165.33086276354058,161.8771870950254,165.25169372558594,5189300
2020-01-03,163.34178539951068,165.03399159010547,163.2824123928145,164.4402313232422,3205400
2020-01-06,163.2824189452143,171.86216605597775,162.73814119540663,171.6444549560547,8836200
2020-01-07,171.42670808384585,175.02881584915502,170.29857584690694,174.16787719726562,8272700
2020-01-08,173.4059239160508,176.98825148060743,172.93092474559435,175.48406982421875,7225100
2020-01-09,176.97833987988844,178.0273032663684,175.44447177137775,177.73043823242188,5952900
2020-01-10,177.96793508208162,178.7991873995585,176.82991215458003,178.32418823242188,5111800
2020-01-13,179.3731373200482,182.5299328806487,179.24450084544398,181.93618774414062,6202600
2020-01-14,181.5898215864449,181.93618423435538,180.14501309224244,180.22418212890625,4342300
2020-01-15,179.7887731377121,181.18409919864342,178.7398097500449,179.17523193359375,3886600
2020-01-16,180.33305082392656,181.20389519081553,179.07628191256282,180.78826904296875,3485300
2020-01-17,181.3226439846135,181.43149953214365,179.47211477655225,180.3330535888672,4577000
2020-01-21,179.62054588257647,184.06381216049772,179.61065541467923,183.34141540527344,6302400
2020-01-22,183.46014349741756,184.49921632325723,180.78825273093668,180.84762573242188,4781800
2020-01-23,181.3028760660467,182.38152605086805,179.41275465047394,182.06484985351562,4369000
2020-01-24,183.0742098647807,184.19245176242524,179.24450014445821,180.21429443359375,4653600
2020-01-27,176.90906505128504,179.8382439312026,175.4543660785061,178.82887268066406,4239400
2020-01-28,179.25438816406492,181.94607501548106,178.47261846307887,180.94659423828125,3445300
2020-01-29,182.08462033805054,182.18358541082299,179.72939052560696,179.87783813476562,2785500
2020-01-30,179.01687845500453,184.00442200138383,178.66062534454886,183.7372283935547,3715700
2020-01-31,182.93567462550544,184.0934935351665,178.90803461074603,180.41221618652344,4193300
2020-02-03,181.35233398525824,183.93516557195542,179.9570229763149,183.48985290527344,4755200
2020-02-04,186.04298321727612,187.7153933015511,184.7070302233422,186.3794403076172,3983200
2020-02-05,188.41798950849122,188.5664371153743,180.95648519429963,183.55911254882812,6162700
2020-02-06,184.88518945228495,185.607586267907,182.32215375716868,184.78622436523438,4102700
2020-02-07,184.9049545230811,186.6862049920621,183.71743407716082,183.78671264648438,3713100
2020-02-10,184.23201788953025,187.2997537521168,183.62836722366447,187.15130615234375,3873500
2020-02-11,189.48674258867544,190.59509397025423,186.68620028424812,187.14141845703125,4299200
2020-02-12,187.7351905544208,188.5367563160022,184.82579253093996,187.48779296875,4535400
2020-02-13,186.5377885158037,189.06124703030477,186.45861947260923,186.67633056640625,3132100
2020-02-14,187.37894160868805,188.26956689699847,186.1419536527288,187.97268676757812,3599400
2020-02-18,188.9622880230708,189.5065657750521,186.9534206748092,189.100830078125,4957000
2020-02-19,190.00133545064497,191.9013469931575,189.80342041287378,190.86227416992188,3903200
2020-02-20,191.98053573216816,193.6826324116041,187.79457260888088,191.34719848632812,5451200
2020-02-21,189.84298120450848,190.04089622541593,184.7762841895262,187.52734375,5242100
2020-02-24,176.9288599293443,185.20183622858804,176.9288599293443,184.0044403076172,8463300
2020-02-25,186.5080886597867,188.00236460573396,177.56218371862246,179.38304138183594,11361100
2020-02-26,174.70227872976344,180.76847258033294,172.43612340758193,177.00802612304688,13923100
2020-02-27,170.41735929583433,176.47364735177405,168.27984053493196,170.35797119140625,9927300
2020-02-28,163.27251784941942,169.98193923772075,161.42197362052744,168.62619018554688,12640800
2020-03-02,170.4074533796763,174.9496694123344,166.83503165138794,174.91998291015625,7761000
2020-03-03,176.55282385315925,176.5627143210068,165.35065346974076,167.60691833496094,8323500
2020-03-04,170.45693656516144,173.97987576990656,167.86421469873787,173.8611297607422,5846300
2020-03-05,170.77360278805494,171.9413120767733,166.35013300461625,167.8345184326172,5797500
2020-03-06,163.94543912450567,165.82566993723393,156.8896547676994,162.3719940185547,9757700
2020-03-09,150.12086070150121,156.06830867111375,149.07189729320348,149.63597106933594,9657100
2020-03-10,155.59329016394054,159.78915878266,149.42814636634827,159.66050720214844,11443900
2020-03-11,156.03859468096704,157.95840232109748,148.58698076640505,152.9609832763672,10341300
2020-03-12,142.83747461766606,149.65575186516446,138.6416209884062,139.1265106201172,13213000
2020-03-13,147.91407889999326,147.94376540411838,133.91138072279463,146.24166870117188,13765400
2020-03-16,132.61500246900314,140.076522451008,122.10555737970587,123.00608825683594,13845300
2020-03-17,125.67796653139732,136.57335016242877,121.64043634579629,134.01031494140625,12191500
2020-03-18,124.23317393666541,132.0311432075358,114.08987280902203,130.86343383789062,12988200
2020-03-19,130.22018431316636,142.50100359411974,127.51860701468041,138.00827026367188,10444000
2020-03-20,138.95826782935717,144.6780985436444,133.19886014712884,137.8994140625,12450100
2020-03-23,137.31554709407004,142.22392171548427,132.69416212085687,139.05723571777344,11898300
2020-03-24,143.12446082645675,152.53545986055283,141.6895427021624,152.04066467285156,11834400
2020-03-25,151.08076220760222,156.3750768052877,145.43020956740722,145.52915954589844,10639300
2020-03-26,146.75624985874418,153.46567112928324,146.19217611920982,153.1193084716797,8573100
2020-03-27,149.06198659647666,149.8734427626063,143.40152906707795,144.4801788330078,8273500
2020-03-30,146.18228314478785,151.40731882161626,145.03435475064904,148.2901153564453,7650400
2020-03-31,147.47865079060546,150.368252842504,141.29371101343804,142.48121643066406,10429700
2020-04-01,136.88012312644926,137.61241020735,131.71446109655034,132.66445922851562,8737600
2020-04-02,132.61502820105645,133.98066803355746,128.68635239012715,132.92181396484375,8150500
2020-04-03,133.05043781598803,134.77233069752393,130.2894870041666,132.91189575195312,6004400
2020-04-06,137.55306754395136,148.290129575672,136.86035727415197,146.01406860351562,12296800
2020-04-07,148.76511515427765,149.23022381435155,143.00569222312402,143.55987548828125,7859500
2020-04-08,144.7770725791492,150.57607268838765,143.49060209212624,149.54689025878906,7665500
2020-04-09,150.8036738327868,154.4750606996174,150.10105803564815,152.94119262695312,7094600
2020-04-13,152.51565282282527,153.69326770059521,148.4385456022669,150.9125213623047,5138600
2020-04-14,154.08913273559745,157.13705797671446,153.53494940998814,156.0683135986328,7334300
2020-04-15,153.46568623087194,155.63289169611195,152.39692675075554,154.0099639892578,4042600
2020-04-16,155.36567582660356,156.35526611849275,152.64430252390827,155.425048828125,4391500
2020-04-17,158.33444804505086,161.5605069879869,155.98912386536745,160.9271697998047,7312900
2020-04-20,159.0766484409944,162.5995876638822,158.8490468889405,161.0657196044922,4686000
2020-04-21,158.33447314813876,158.4235326652961,146.45938766202835,148.99273681640625,13737900
2020-04-22,152.39691937580128,154.07922001125826,149.10158157990185,152.53546142578125,6660900
2020-04-23,151.90210976994953,154.8411941441784,149.9229291866277,150.14064025878906,6281400
2020-04-24,151.99118133130915,152.89171219215729,149.72502602758496,152.3771209716797,6710500
2020-04-27,153.92091049410934,156.7907322048496,152.59486275532956,155.98916625976562,5036400
2020-04-28,157.8396398744168,159.13600064485442,152.57501266323217,152.85211181640625,4731800
2020-04-29,156.2365057973684,160.20475706819727,154.8906625197391,158.75994873046875,5256700
2020-04-30,159.94749908438138,163.57929399271327,158.3443523894588,160.26416015625,6830700
2020-05-01,156.84017501961424,158.50267950676667,153.6437874188022,154.7422332763672,4276900
2020-05-04,153.96046753060673,160.33343176192122,153.46567235860965,159.78915405273438,5974200
2020-05-05,160.83812238436312,162.43136349155256,158.58185753815025,161.55062866210938,5264800
2020-05-06,162.72825167153542,163.98503573748428,161.22406999968848,161.9662628173828,4112600
2020-05-07,164.76679230245705,169.4871424720811,164.29179316524687,168.1313934326172,6460900
2020-05-08,171.14966565434784,174.24708860110945,169.36839982074767,174.06895446777344,5403400
2020-05-11,173.73247530915782,181.3919098724619,172.34705489199948,180.76846313476562,8696000
2020-05-12,181.09503396614824,181.1148300011252,175.16738233641075,175.69186401367188,5904600
2020-05-13,173.34654869874444,173.3861407707497,164.5392001714727,167.87411499023438,12534900
2020-05-14,166.6865784899181,166.81523005005172,162.85686918389342,165.26156616210938,7442300
2020-05-15,165.52878946344927,169.93246369758597,164.4501244578239,169.54652404785156,5673800
2020-05-18,172.18873131793478,175.15750254755434,170.33820208345634,170.704345703125,6398300
2020-05-19,170.9517132637315,176.34497702977555,170.9517132637315,174.20745849609375,5264000
2020-05-20,176.71116910826407,177.27522779747963,173.07935896737928,175.08822631835938,4951200
2020-05-21,175.0882220646579,176.43406561143095,173.10904126645934,173.43560791015625,4429700
2020-05-22,174.76163893368914,176.78039633899365,173.62360112044848,175.99862670898438,4965100
2020-05-26,180.10543034633525,180.10543034633525,174.38559975542012,174.68247985839844,8353600
2020-05-27,174.45488726164743,174.77156344178022,169.58610424174142,174.7616729736328,6340200
2020-05-28,178.12627300508822,182.87630997188083,175.25646686887563,179.21482849121094,10275200
2020-05-29,172.4856151136047,173.17832539519515,168.91319305431145,172.9705047607422,19588900
2020-06-01,171.29809555930495,175.67208309263393,170.88245432450793,174.52415466308594,5711600
2020-06-02,173.02987707986972,173.0793445169355,169.4376593117987,172.41632080078125,8571800
2020-06-03,173.01007318360635,174.09861344874543,171.0407830594731,173.1684112548828,6004000
2020-06-04,173.1783196499094,173.60383627307263,168.230367659912,169.65538024902344,7301600
2020-06-05,168.33921691759826,172.37674740256563,165.2615902908191,172.06997680664062,8232200
2020-06-08,171.82258655509273,174.73198475675525,170.8626826559061,174.71218872070312,4592600
2020-06-09,174.1679019269641,174.1679019269641,171.72361254987942,172.74288940429688,4025600
2020-06-10,174.41531198482735,180.60025212613328,174.21739692029587,180.2044219970703,8127200
2020-06-11,174.80126523070908,176.57262558086558,170.20956591694767,170.25904846191406,6521200
2020-06-12,174.06890950374333,175.84028441123934,170.07097175433424,173.28713989257812,5443800
2020-06-15,170.20955432051144,177.03772226199317,169.48715753306786,176.75074768066406,6000000
2020-06-16,178.1361638833164,180.6002494348761,176.15698306759174,178.6012725830078,5824100
2020-06-17,179.08615639594237,180.84762590814614,178.79916675521898,179.5116729736328,5038600
2020-06-18,180.0163832279491,187.0325751478678,179.72939357201457,185.70652770996094,8677800
2020-06-19,187.52736457161325,189.25914762174688,183.5591128470033,185.00390625,11841000
2020-06-22,185.08308096000846,190.49614135347733,185.05339445766367,189.6549835205078,6252200
2020-06-23,190.00134751267046,192.0695877235859,186.6268407896292,187.09194946289062,6950800
2020-06-24,185.55808846292805,187.32946371575972,182.12420860403753,183.61849975585938,4903100
2020-06-25,184.2023445878306,186.804972004184,182.52004403617505,186.3794403076172,4022400
2020-06-26,186.04298301873447,186.26069410047583,181.11482737739448,181.2632598876953,7595700
2020-06-29,181.41172513225453,181.79766479650252,178.1262776520292,181.42161560058594,3972100
2020-06-30,181.54035872074488,185.93414258197484,181.2236976397295,185.37997436523438,4478900
2020-07-01,186.14194589018163,190.8128134250939,185.50860868714014,189.89248657226562,4754600
2020-07-02,191.14927989628177,193.3560621980492,190.2883260045997,190.5258331298828,4200300
2020-07-06,192.41596408164202,197.37380666018788,191.82220378842447,195.6618194580078,5794200
2020-07-07,195.60244417081208,198.13579320579564,194.16754109552312,194.3357696533203,5431500
2020-07-08,195.93889505582624,199.10558124885952,195.2956673494112,198.19515991210938,4233700
2020-07-09,199.91706518188352,200.70874055492365,193.6034733343269,198.650390625,6062800
2020-07-10,197.9774322016944,198.6404558880202,195.02845734760137,196.80972290039062,3783200
2020-07-13,197.9180672524214,198.1753553038675,186.07266971936798,186.3794403076172,5555400
2020-07-14,184.05390151135933,187.98257612878186,181.39190124364012,187.58673095703125,5854700
2020-07-15,189.0414476720174,190.10031661868828,184.80600208523538,186.13204956054688,7681800
2020-07-16,184.47943405449354,184.91485623114036,180.0361678791028,183.5789031982422,7350000
2020-07-17,185.19196481060493,186.43884339953595,181.45131394385925,185.82530212402344,4324300
2020-07-20,185.94401670530684,193.27688466427398,185.32058506625037,193.05917358398438,5729000
2020-07-21,193.95972527462422,194.45452049216152,187.50759140995126,188.81385803222656,5376800
2020-07-22,188.7940455447875,189.87269540104123,186.9039243545041,189.3185272216797,2833000
2020-07-23,189.48674467298716,192.54459014782077,185.5580700101298,186.5773468017578,3639500
2020-07-24,184.12316556886927,186.9731904148077,182.4606611420381,186.5278778076172,3908400
2020-07-27,187.9231895799105,189.56591308135503,186.6862017203799,188.97216796875,3015700
2020-07-28,189.01172905672823,190.9612229675605,187.08203117797117,187.52734375,3114200
2020-07-29,188.17056998896052,192.53466638332736,187.7747399499938,191.5945587158203,3747800
2020-07-30,188.11121156943625,189.92216358293453,185.41952481603488,189.70445251464844,3587400
2020-07-31,190.99093760302716,192.96022783605608,188.68519027489296,192.82168579101562,3734000
2020-08-03,195.74095354213335,202.65817969287687,194.52376176838882,201.07484436035156,6557500
2020-08-04,200.8868453346259,201.2727849753594,196.82951877310882,199.3134002685547,4480300
2020-08-05,200.68893195675813,201.7774723140975,199.48163048592747,200.5305938720703,3559100
2020-08-06,200.85715083688044,207.76448712428885,200.29307709982487,205.62696838378906,5113300
2020-08-07,204.46914832534816,204.78582447764296,196.51284874831686,198.95713806152344,5423400
2020-08-10,198.31389854290376,199.38265792450616,193.6826229892437,195.10763549804688,5528200
2020-08-11,191.60447706661327,193.8013688324798,189.7242614579655,189.991455078125,5015400
2020-08-12,190.99094786693814,193.38575483130666,190.12010347991279,190.61489868164062,3980300
2020-08-13,191.30761127481387,196.00816537748034,191.2185366684854,193.10865783691406,4711600
2020-08-14,193.18782527683013,193.4451133264433,190.51593440794682,191.44615173339844,2833000
2020-08-17,193.30658101098402,195.01858323862848,192.39615967429287,194.6920166015625,3574500
2020-08-18,197.25506133668077,202.66812217243003,196.9284946842554,201.88633728027344,7284800
2020-08-19,201.87640775180108,204.94414351742066,197.94773331451768,202.974853515625,7080700
2020-08-20,201.72800107903467,207.9228313013526,201.39152888041696,207.32907104492188,5175100
2020-08-21,207.75459094042372,207.81396394270112,204.10300030086717,205.3696746826172,5727800
2020-08-24,206.70561938543943,207.1113399181286,203.0144368250215,206.2899932861328,5699000
2020-08-25,211.0004524133132,216.07705566328468,208.60564561487263,213.80099487304688,27096500
2020-08-26,249.3371709971343,275.0764084760026,246.87308578960412,269.4852294921875,63253400
2020-08-27,264.2206440057015,275.38322281412604,258.12476335146926,273.4436340332031,22817100
2020-08-28,268.45604258151945,272.879512219695,264.6164275685298,268.2779235839844,28068000
2020-08-31,267.18938975475686,271.8503517645067,263.14196891912655,269.8117980957031,16010100
2020-09-01,268.1789946831597,278.99521035727525,267.7633534329633,278.3222961425781,13293600
2020-09-02,280.5192059763222,281.53848293148747,265.77431431620045,273.8097839355469,12963800
2020-09-03,267.76336911348466,268.9212032211987,254.73047987483943,262.2513732910156,14000600
2020-09-04,260.2424980606029,262.9044986914306,240.66838577108408,252.04867553710938,14374300
2020-09-08,238.06574318649942,251.03925738553917,237.6402115100523,238.75845336914062,15229600
2020-09-09,243.83505694373068,250.81167195249984,240.4308788133061,247.82310485839844,9988600
2020-09-10,252.15751235587646,253.8398280154143,244.39912770698885,245.22048950195312,5945000
2020-09-11,248.1101013561149,248.6840655886814,236.957413542179,240.56942749023438,5455200
2020-09-14,243.74598892490505,246.2793377241812,241.4996146740055,244.0725555419922,4255200
2020-09-15,248.7533337624221,249.31740753782364,245.92310461730938,249.0601043701172,4133600
2020-09-16,252.0189731475178,252.77105637910242,247.6251895683725,247.99134826660156,5441200
2020-09-17,243.55797262372118,246.22987865431702,238.79804544617375,241.98452758789062,5279500
2020-09-18,242.5782899698431,245.5272650169796,236.2251216656333,240.25274658203125,6595600
2020-09-21,236.48241881224857,242.5782992929226,234.33500945881931,242.49913024902344,5561600
2020-09-22,244.17154671409244,245.98249900245423,238.74858031726697,245.20071411132812,3600800
2020-09-23,245.90331137518066,246.18039546503556,232.9000947871747,233.53343200683594,7507900
2020-09-24,233.3849728968759,237.46209520379162,231.19798678826533,235.07717895507812,4166800
2020-09-25,234.918865830935,241.41057647704804,232.6032279053309,240.2131805419922,5117800
2020-09-28,244.98298395056716,245.9923703327538,239.68868465272072,244.1022491455078,4088300
2020-09-29,242.7069400799961,245.31945817518334,241.9548567995465,244.8741455078125,3983700
2020-09-30,244.08245713601895,252.75127838491235,243.6569405276576,248.703857421875,8188500
2020-10-01,250.54448239775064,252.01897748367418,248.19915805499605,250.81167602539062,4318000
2020-10-02,247.1502201273427,252.29608755645006,244.6366669750316,245.27000427246094,4494500
2020-10-05,247.3975947979498,250.64345003370286,246.40800441875803,248.9116668701172,3403500
2020-10-06,250.09916822884418,254.6117129683685,246.40800040260658,247.5361328125,4448100
2020-10-07,249.57471488493408,258.02581090117735,249.57471488493408,257.27374267578125,4963200
2020-10-08,261.4497803834998,261.8653914151114,254.40387178196784,257.5111999511719,4150400
2020-10-09,260.1632875957204,263.2804910458601,258.77786719564716,263.21124267578125,4225000
2020-10-12,267.18944048632494,267.18944048632494,262.5284775915928,264.2899475097656,4317000
2020-10-13,263.6467236557355,265.99204839199473,261.4795179678211,264.05242919921875,3713200
2020-10-14,267.18939769652474,267.3477357784071,256.0565061258362,259.10443115234375,5129500
2020-10-15,255.42314070390742,257.8080569776635,251.37573505541707,255.03721618652344,5256800
2020-10-16,256.5414319225148,259.78728755915546,255.7992390464545,255.85861206054688,3092300
2020-10-19,257.05600765347754,258.7581043209052,251.85075257287508,252.35543823242188,3242300
2020-10-20,253.4538829562752,256.4820270990527,251.4054387243761,253.30545043945312,2989300
2020-10-21,253.78044868011943,255.62107217237693,249.2283271854281,251.5835418701172,2794000
2020-10-22,251.2471178133611,252.56327491896707,243.56790138586467,247.071044921875,3685700
2020-10-23,247.49652905585737,247.96163768415502,244.24076865777386,247.9121551513672,3159600
2020-10-26,242.7465066555078,245.52725301740335,234.9089531931712,239.4610595703125,5864100
2020-10-27,245.4184123897708,249.12937628679356,243.21163008699415,247.69447326660156,4285600
2020-10-28,242.05383018971108,242.894973012517,235.53241764609953,235.9480438232422,4425400
2020-10-29,239.99546410957717,239.99546410957717,234.66157254483954,234.6714630126953,4589000
2020-10-30,233.36519090560083,235.27509292935437,226.2797207605859,229.85214233398438,5741200
2020-11-02,232.6724624213547,236.01728240864765,226.6062842567626,230.03025817871094,3953400
2020-11-03,232.65270802250976,238.4319123082534,230.85164625471953,234.6615753173828,4151400
2020-11-04,243.45903025549748,250.24762088692714,240.70797019873262,248.12989807128906,6505400
2020-11-05,255.42314862602575,258.20392527039206,252.78095932536425,257.5111999511719,8961700
2020-11-06,257.2934925354225,259.0252756582571,251.84085511036554,257.4419250488281,3798600
2020-11-09,258.2335921680634,268.0998083347809,254.57209610141703,256.5809631347656,8777500
2020-11-10,255.37367287703088,256.30389018403827,240.37148015964516,245.08193969726562,6863200
2020-11-11,250.87104914039395,254.0674218059492,248.5950033704643,251.53407287597656,4163400
2020-11-12,244.82463178401483,252.31583752967708,243.79546452606473,246.8236083984375,5607000
2020-11-13,250.20801150967827,251.14811928852149,244.98297585679086,246.9126739501953,5160000
2020-11-16,246.9225984529477,250.85127351102832,245.59653585378257,247.2887420654297,5712600
2020-11-17,251.09865979991693,255.5814877588131,247.85280467342213,253.5033721923828,5090700
2020-11-18,253.7309491865469,259.92579418482853,253.186686596559,254.48304748535156,5880500
2020-11-19,254.166352717782,264.3096526418715,252.99864348669146,261.8950500488281,8084600
2020-11-20,260.84615810474145,262.26126528171227,255.13623175156704,255.35394287109375,7286100
2020-11-23,258.5106790610739,259.01534956666353,251.95958115611452,254.9580535888672,5383600
2020-11-24,257.2935035488209,259.5794549528202,255.13620372858043,258.124755859375,5797300
2020-11-25,260.98467865298477,263.3300029934156,242.4991227247602,244.25070190429688,26394900
2020-11-27,248.3871914413249,249.2184437568215,244.45851632885842,245.05227661132812,7395000
2020-11-30,242.92462634140216,245.05225457900033,233.61259295155853,243.24130249023438,18966400
2020-12-01,242.44964536514058,244.13194600686768,236.2152228929039,238.837646484375,18872000
2020-12-02,223.13283757393586,223.64742880625514,213.38538126336837,218.4817657470703,52225500
2020-12-03,223.75627842692924,223.75627842692924,217.83853226182742,218.66978454589844,21395300
2020-12-04,221.49013803402605,226.22037909730736,219.51095716738277,223.50889587402344,20504800
2020-12-07,225.73546285384052,227.4771364918125,223.89482413759526,225.32972717285156,12864100
2020-12-08,226.26983739370112,227.1109952680075,223.31097178162912,225.48806762695312,12116800
2020-12-09,225.676103853347,226.45787366040238,217.77917633544365,218.2739715576172,15651800
2020-12-10,218.2739589547164,221.9750173389103,217.86822327197237,220.5994873046875,9258600
2020-12-11,219.60988013717125,220.4213514406551,217.69007251668495,220.10467529296875,8214400
2020-12-14,220.76770611919025,221.14375528172437,218.15518821620904,218.96665954589844,8508500
2020-12-15,219.75833362180433,219.8275970934947,215.92860874553128,217.85830688476562,10766800
2020-12-16,219.17448290692033,221.66825500369836,217.95729091323466,221.29220581054688,8821400
2020-12-17,222.55886616718755,224.36981833996026,222.16303606273527,223.56825256347656,9946900
2020-12-18,224.65682517327332,225.4485005426436,222.0640879610869,225.0625457763672,11845400
2020-12-21,222.55888458468027,225.0724527658051,222.37087508447493,224.112548828125,9219000
2020-12-22,224.6370206859333,229.45632109950176,224.24119056611477,228.76361083984375,10339600
2020-12-23,230.07977653853928,230.75269078753539,224.74588468859014,225.0625457763672,7090500
2020-12-24,225.92347461010883,226.80420939689142,222.4895949683953,223.42970275878906,6146300
2020-12-28,224.85470417750275,225.4682453178854,219.73852425218328,222.3015594482422,6422500
2020-12-29,222.6281381473585,222.95470476883816,218.56092127976632,220.14427185058594,6122400
2020-12-30,220.80729646065814,221.31198209593776,219.27342842016682,220.0848846435547,4724000
2020-12-31,219.95625868929469,220.47083481656466,217.87811284471294,220.2135467529297,6011100
2021-01-04,220.32239466367872,221.4208405548988,213.4744312616397,218.0166473388672,10319900
2021-01-05,217.20519828518158,220.67865508848436,215.7208127128375,219.2140655517578,8657200
2021-01-06,215.73071169704988,218.16511077577508,213.53381975525812,213.89996337890625,9789800
2021-01-07,214.77079914063626,218.3630170549849,214.24631744679954,215.71090698242188,8443100
2021-01-08,217.70987999749582,220.00573688908207,216.93800072186437,219.7286376953125,7301700
2021-01-11,217.34372785905927,218.28383564759145,213.9791116949047,215.97808837890625,7199000
2021-01-12,215.73069965355498,216.0275797831601,211.8613977009182,213.27651977539062,10736000
2021-01-13,214.74110412148173,216.62131973049156,213.28640511137246,215.9088134765625,6839200
2021-01-14,215.9582946874368,217.21507864150354,213.30619983628202,213.35568237304688,6548000
2021-01-15,213.91976831607317,215.60206908114876,210.772877895515,210.9213104248047,8525600
2021-01-19,213.1082901420829,215.01819228958868,211.47545698752947,214.50360107421875,7753800
2021-01-20,219.6791565306347,222.3015647904018,217.68017989303036,221.1140594482422,9857700
2021-01-21,221.36149682061082,222.40056984428875,218.52137697584985,219.85731506347656,6785900
2021-01-22,222.55884600059355,225.41876128097644,221.42082322844934,223.4197998046875,10186100
2021-01-25,227.29901245273894,227.90266317699653,219.01614596247327,223.56825256347656,8213500
2021-01-26,225.42868646889733,225.53754201222537,222.20261223933005,223.9047088623047,5021000
2021-01-27,221.37136508882827,225.43858215651537,219.27343831423812,222.44012451171875,7641100
2021-01-28,222.65782640469783,227.20994800672955,222.65782640469783,224.1422119140625,7246000
2021-01-29,222.32138030556013,226.40837834211982,220.6984526724097,223.21200561523438,6473000
2021-02-01,224.8448145162196,227.5067996896466,222.41041577961516,226.08180236816406,5696700
2021-02-02,229.06047704506472,233.49383753712905,228.97141753851605,231.76205444335938,7134900
2021-02-03,232.553714093891,233.54330436663096,229.8422313106018,232.37559509277344,5357600
2021-02-04,233.06831706740638,235.75009838637845,233.01883453127348,235.50270080566406,4770700
2021-02-05,236.6605320800058,236.86835270268034,233.94906411717622,236.4032440185547,5020000
2021-02-08,237.01680485306383,238.6001556237969,234.66158983403722,236.44284057617188,4336400
2021-02-09,237.06626727804758,237.58085849985954,233.780835092519,234.2360382080078,5157200
2021-02-10,234.97824089077184,235.74022973788345,231.52458000831598,234.25584411621094,5535600
2021-02-11,236.44280869367577,240.36159301784855,236.09646114049724,238.72877502441406,6091600
2021-02-12,238.44179258599655,239.04544330545278,236.42303490942606,237.86782836914062,4314400
2021-02-16,242.4496626910786,248.61480702866515,241.2621571591127,246.00228881835938,10837600
2021-02-17,246.00225143720925,246.9027822429249,242.94442100456138,245.08193969726562,5879200
2021-02-18,243.40955332506124,245.4283111089349,240.04495198528804,244.438720703125,4152800
2021-02-19,245.41842080443328,246.79395086542783,243.41944395537857,243.993408203125,4647700
2021-02-22,241.71732930601078,241.97463245656252,237.87772908188268,238.44178771972656,5055000
2021-02-23,232.81100834944436,236.47250453637542,226.62606897956036,233.1870574951172,8641600
2021-02-24,233.07823298900144,238.98608906965106,229.10007522867545,237.96681213378906,6128300
2021-02-25,236.0469590481679,237.84802053530072,227.3781539704028,228.6745147705078,8828900
2021-02-26,227.00214234527144,228.10058829855973,214.08798454308507,214.24632263183594,20372900
2021-03-01,217.61090062769875,217.90778073727623,212.79160070537796,215.2754669189453,14027700
2021-03-02,216.12655280181792,216.32448297595718,211.11922743512025,211.2478790283203,10211500
2021-03-03,210.61452554667017,211.09943027612618,203.2618610610037,203.85562133789062,11459000
2021-03-04,204.68685711632153,206.9134353249161,199.41233892574581,203.1925811767578,12800500
2021-03-05,207.82387774493787,210.13953079341348,201.10456546696778,208.56607055664062,11406000
2021-03-08,211.39630145830657,212.66297599252357,205.40929147546345,205.55772399902344,9576400
2021-03-09,209.97127640334165,213.54369822508525,208.97179557064712,209.3280487060547,9732200
2021-03-10,212.48483439976295,213.89994130726495,209.5655459801306,209.75357055664062,7186400
2021-03-11,212.7619185841313,215.89891808335452,212.1186909167639,213.7020263671875,6431000
2021-03-12,211.22804359477874,211.62388876927594,207.12124994653507,210.00096130371094,6114600
2021-03-15,209.64473101285986,210.7233809183521,207.3191875469353,210.5848388671875,5733700
2021-03-16,212.60359811904812,214.4343464008114,211.25775456973946,212.24734497070312,5311000
2021-03-17,211.29736503019578,212.57393011455525,208.66505071056332,210.90151977539062,5805100
2021-03-18,208.50666350050872,209.1795927252109,206.2306028962895,207.2993621826172,5580100
2021-03-19,207.6259532268081,210.53535133218506,206.89366601657767,209.99107360839844,7088400
2021-03-22,209.278569599641,214.72131669653882,209.169714053705,212.93016052246094,5002500
2021-03-23,212.52442524511324,215.1666297560774,212.09890862834357,212.76193237304688,4578000
2021-03-24,212.89055794397416,213.03899044332795,207.23010043606385,207.34884643554688,4617700
2021-03-25,204.023849395206,206.0030301800651,202.24258366884263,203.30145263671875,7977200
2021-03-26,203.4993532973086,207.23011304079705,202.63841454879204,206.91343688964844,7333200
2021-03-29,206.83428473713897,209.4468027975926,203.84573259143568,208.5759735107422,5686900
2021-03-30,206.46812141981155,209.090529698098,205.20144703256943,207.81396484375,4717900
2021-03-31,208.2493980362795,211.44577067511298,207.92283140507476,209.6645050048828,6838000
2021-04-01,211.37650892814142,216.65101230869556,211.1488922712318,216.44320678710938,7763500
2021-04-05,217.3239272718999,219.5307094218996,216.65099801318604,217.99684143066406,5553200
2021-04-06,217.53177473188254,219.24376194119552,215.9781105147959,218.78854370117188,5448500
2021-04-07,219.64948747539617,220.36197865732234,217.1062329498168,218.4916534423828,4403400
2021-04-08,220.6786680494413,223.36046478496266,220.134390287625,222.1135711669922,6169100
2021-04-09,221.99480196460829,228.90213828432093,221.30209174915578,228.87245178222656,7319300
2021-04-12,227.1307909888053,227.45735763014358,224.78545149191237,226.37869262695312,6205700
2021-04-13,226.61620495237153,231.05947135008392,226.12140974505195,229.58497619628906,5397100
2021-04-14,230.42613154294935,230.7131061160456,225.2901549317224,225.6464080810547,4617600
2021-04-15,227.47713177700732,230.65372348434687,227.11098817489687,230.57455444335938,5073900
2021-04-16,231.56415093271985,231.56415093271985,227.4969338315702,229.49591064453125,5088700
2021-04-19,228.4271372990519,229.78287121687194,226.48753361155858,228.10057067871094,4257700
2021-04-20,227.6057785265416,229.04068150161018,224.5281519607282,225.58702087402344,4081200
2021-04-21,224.7458590300184,228.38754417342878,224.31043687157805,228.15994262695312,4024000
2021-04-22,227.60577371193332,231.45527945462845,226.62607385866954,228.9417266845703,4975400
2021-04-23,230.51519546147108,233.0386540591465,229.33758044255913,231.07925415039062,5447100
2021-04-26,231.6037252852993,233.34541401351123,230.0005937058777,233.0089569091797,3459600
2021-04-27,233.00894530763495,233.44435236805813,229.49589662275076,231.77195739746094,3445200
2021-04-28,232.55371946503027,235.84905696135849,231.09902052250837,234.41415405273438,4274500
2021-04-29,234.84958897576513,235.19593653809696,229.75318961620738,231.92039489746094,4140800
2021-04-30,230.3766500774264,232.0589507515841,227.1307947461253,227.92247009277344,5024800
2021-05-03,228.36774718462163,229.05056687599622,220.74790524744154,221.4307098388672,5835700
2021-05-04,219.3625015491832,219.68906819227396,212.12859816118655,214.9192352294922,6727500
2021-05-05,216.54218848981,217.2843813237894,212.60360764552723,213.15777587890625,4205800
2021-05-06,213.56349403347912,216.00778344049374,211.27754270868869,215.78018188476562,5200000
2021-05-07,218.21457471896508,218.94687705447436,212.8509965371276,214.24632263183594,5774700
2021-05-10,213.2567237584176,213.7119419705113,211.0103494008184,211.66348266601562,5263700
2021-05-11,206.82437576715128,214.31558169721973,206.73531626281846,213.3160858154297,6097900
2021-05-12,211.1191833972137,211.14886989715177,206.82436527341855,208.34832763671875,5482500
2021-05-13,210.75306322907474,213.39526771654198,208.27908729324952,209.6546173095703,5337000
2021-05-14,211.96036157658625,215.9978920564697,211.92076950622288,215.3942413330078,4429000
2021-05-17,214.33537639195032,215.45361835130893,210.60463153807305,212.82130432128906,3816100
2021-05-18,213.1973380561673,215.08745916563953,211.56450499041262,212.09889221191406,3540600
2021-05-19,213.60306308195842,219.29320706153396,212.27700066119178,219.03590393066406,8092100
2021-05-20,220.65885569267465,224.46878464365386,220.04531449743305,221.45053100585938,6705500
2021-05-21,222.86565856576115,223.4297172365672,220.12448895513938,220.26303100585938,4913600
2021-05-24,222.6578458467747,225.23078699431807,221.8760760542247,224.62713623046875,5288300
2021-05-25,225.626589412474,227.32868594410795,223.92449288084006,225.33961486816406,6256300
2021-05-26,226.10161803485855,227.84330686191677,225.91359343648733,227.28912353515625,5807100
2021-05-27,227.1307777613555,227.1307777613555,223.04376484862547,223.47918701171875,15344100
2021-05-28,236.7297962813747,240.9652416201309,235.35426634799288,235.6214599609375,17810800
2021-06-01,235.5225071340654,235.91833724052893,230.04018314979695,233.74124145507812,8103900
2021-06-02,231.95999275294773,235.8094989548562,231.46519753367951,232.17770385742188,5543900
2021-06-03,230.4656901635884,230.75266471383338,227.04170099543222,228.43702697753906,5109000
2021-06-04,229.2188246461018,235.41365499147932,229.10996910025878,235.00791931152344,6177600
2021-06-07,234.13707879116203,236.9771982144438,233.38498047423155,235.66104125976562,3510800
2021-06-08,236.31418377397262,239.27304932128726,233.21676107867194,233.95895385742188,5827300
2021-06-09,236.38344525595951,236.38344525595951,233.05842103118246,233.63238525390625,3350900
2021-06-10,233.5433114805504,237.78864723594356,232.70215368311938,237.689697265625,4659500
2021-06-11,236.54178197115564,237.86782942636287,235.92824078142257,237.80845642089844,4624200
2021-06-14,238.19439792877372,244.0725671151674,237.97668684039243,243.69651794433594,6764700
2021-06-15,242.6574676615091,242.80590018093744,239.49076631416068,240.05484008789062,5135300
2021-06-16,239.48086639503978,242.45952793364054,236.9870944674028,239.86680603027344,5099300
2021-06-17,239.48087691563575,244.60694794213435,238.68920157526324,241.8855743408203,5170200
2021-06-18,239.33243479448265,243.44911921936261,238.5506499534946,240.25274658203125,7822200
2021-06-21,240.91575129303038,242.17253517999148,236.4032220201031,241.93502807617188,5895100
2021-06-22,241.26213495607507,242.17255628346243,238.3824233586086,240.57931518554688,4457200
2021-06-23,241.21263082500053,241.9548235352313,238.34282505208796,239.322509765625,4482400
2021-06-24,240.81681101035034,245.1116293858339,240.17356824078206,241.23243713378906,4987300
2021-06-25,241.64806013556284,241.65795060267766,238.48137416459238,239.35220336914062,15409300
2021-06-28,241.66787100815284,245.01267619226002,241.06422027818886,242.0241241455078,4274900
2021-06-29,241.89545630118843,244.21109398832536,239.90637012638263,243.25119018554688,3871900
2021-06-30,242.924614394433,244.06265226088686,240.96522989473266,241.7272186279297,4168800
2021-07-01,241.95484094714615,244.0230811578392,240.09440625430054,242.42984008789062,3899600
2021-07-02,244.34965851026635,246.3684313719469,243.28089907172094,245.6163330078125,4056200
2021-07-06,246.40800105656064,250.28719347806742,245.79445986181764,247.64498901367188,5590200
2021-07-07,250.3663657697041,250.86116095897228,245.27987182802514,245.8538360595703,5101400
2021-07-08,242.29128914368755,244.01318172807564,239.2235682266121,243.24130249023438,5159600
2021-07-09,243.03348434992424,245.4184006577232,241.5490988620751,242.50900268554688,4213500
2021-07-12,244.64652538768928,244.68610235736372,239.33243008681617,240.3813934326172,5604500
2021-07-13,239.76784095009873,244.58715625658567,239.1641902283394,241.47984313964844,6699800
2021-07-14,241.95484665303616,243.58766473157326,237.37303838545452,239.90638732910156,6375700
2021-07-15,238.70898075802037,239.5105465098234,233.36519901270015,235.10687255859375,7912600
2021-07-16,235.81940733266714,238.37255250650236,235.29492560199054,235.9480438232422,7288100
2021-07-19,234.04799658636168,236.0172867207684,231.87090094477637,235.07717895507812,8843000
2021-07-20,236.21520867910547,240.6485691281699,233.81051142591352,237.61053466796875,8487000
2021-07-21,238.92669795320435,240.45066045736775,235.78969833688097,239.5897216796875,15323100
2021-07-22,240.96525484968052,246.11112174845152,240.80691676665356,245.69549560546875,7868700
2021-07-23,247.39758509763658,247.95175327226323,244.11213791956382,245.66580200195312,5877300
2021-07-26,245.61632817312756,245.89341227026475,243.26111334746147,245.0225830078125,3960700
2021-07-27,244.63663984921197,245.5470611695702,238.67930164648567,240.9751434326172,6352500
2021-07-28,241.28191389478695,243.51838253403187,240.47044260181735,241.4204559326172,4100200
2021-07-29,240.95535592638734,243.59756030688328,240.95535592638734,241.49961853027344,3271100
2021-07-30,240.47044419204795,241.69754160662302,239.11471030574748,239.4115753173828,3748400
2021-08-02,239.78762509445292,239.945963167707,236.39333758628658,238.35272216796875,3525700
2021-08-03,238.86733167798576,240.5199458069678,236.55167870388883,238.61993408203125,3077900
2021-08-04,239.1048221572686,242.10327979281791,237.1751239413137,241.62828063964844,4121600
2021-08-05,242.13295571219004,248.2882087986078,241.00482333525545,247.95175170898438,5235200
2021-08-06,246.63560181551492,249.45594038859304,246.62571134787223,247.9814453125,4045400
2021-08-09,248.80283183538504,249.79242229615735,245.27000174240288,246.72470092773438,3312200
2021-08-10,248.25851554758057,248.6345646963191,240.51002162982667,240.85638427734375,4430600
2021-08-11,242.12307017185384,243.5876596682152,237.60065010472815,239.75794982910156,3999200
2021-08-12,239.97566512170326,245.84392877752774,239.41159136189444,245.80435180664062,4467400
2021-08-13,249.0897928268279,251.12834652516057,246.27934476606848,248.94134521484375,5986400
2021-08-16,247.56583041688327,248.38719226705135,241.92516811447436,246.60592651367188,4047500
2021-08-17,245.67569894718034,246.60591630766683,243.37985714891326,244.41893005371094,3472600
2021-08-18,245.4184218444731,254.12680537834817,245.1413377374835,248.6049041748047,8306700
2021-08-19,246.57622698264908,252.78096273747397,245.79445724605273,250.43563842773438,6600800
2021-08-20,250.36636814733652,255.18566850459146,249.98042850004026,253.4637908935547,5510700
2021-08-23,254.32469757994846,259.13409176196836,253.8991810148525,257.80804443359375,7603900
2021-08-24,259.1935458650548,259.76749504233334,256.36330145321483,256.9570617675781,6685200
2021-08-25,258.14454944079847,259.17373196138175,256.05652809412965,258.1346740722656,9701000
2021-08-26,266.99143622916387,272.35502864919977,264.57683361348984,265.00238037109375,18987000
2021-08-27,265.071665603616,268.08993439295034,262.6669682199119,263.7555236816406,7992500
2021-08-30,263.043013761192,264.7945778436447,261.99405038527334,262.2117614746094,5730000
2021-08-31,262.01381081089903,263.99299139542796,259.96538185783487,262.50860595703125,5901500
2021-09-01,263.4982076792471,270.4154646581619,262.82529349929354,265.5268859863281,7189000
2021-09-02,266.1998185697301,266.45712173863615,261.172712607374,261.4002990722656,4498300
2021-09-03,260.85598900187347,264.62632533810023,259.07470847931233,264.29974365234375,7356700
2021-09-07,263.7654213500378,265.1112497352136,261.3211319682279,262.4492492675781,4672500
2021-09-08,260.875820885705,261.5883271939088,258.85704797914394,259.88623046875,3851500
2021-09-09,259.09453123740997,260.9648411401393,257.73879740212027,258.0257568359375,4126500
2021-09-10,258.28307520351973,258.86692987213735,253.8299187344935,254.52264404296875,5280900
2021-09-13,254.3247288398919,255.00754862125183,249.56480150600123,251.46481323242188,5258200
2021-09-14,251.46480362062772,252.45439396739343,250.3663577317198,251.7220916748047,4097500
2021-09-15,251.89032259345998,254.07732392438226,250.3168775512757,253.49346923828125,4764600
2021-09-16,252.87001131738648,258.5007826108857,252.345529659815,257.64971923828125,5122600
2021-09-17,256.57109956001443,258.9758272535219,255.98724483110865,257.8179931640625,7049400
2021-09-20,253.9189758902812,256.51169768960546,252.28615790672734,255.53201293945312,5985500
2021-09-21,256.76902305556297,259.8169482086222,255.08670729062544,255.28463745117188,6040600
2021-09-22,256.2049592216512,257.64975281002734,253.5429585184678,256.47216796875,4355600
2021-09-23,267.18936451473024,276.48163135436,263.62683361455436,274.967529296875,15617200
2021-09-24,275.60092345508167,283.3790894200154,275.31393378617565,282.6567077636719,13368300
2021-09-27,279.49989469225557,280.80616117335956,276.1352936166029,276.76861572265625,5941100
2021-09-28,272.24617548056824,273.81965064818013,267.2289755646174,269.4456481933594,7127100
2021-09-29,270.64306974355924,271.8206847395176,266.4373105293942,267.6842041015625,4361900
2021-09-30,267.8325937927938,271.4050302815043,267.62478829729685,268.39666748046875,5224200
2021-10-01,268.6738139875739,273.4634282630323,265.9722211186061,272.3946838378906,4756000
2021-10-04,272.35503454230576,272.4341884757252,263.3695682042326,268.0404052734375,6393800
2021-10-05,269.27743612451,270.70244875289234,268.2086917531748,268.94097900390625,4050400
2021-10-06,266.86279909162016,272.62219102966606,264.71537509726943,272.40447998046875,4745500
2021-10-07,274.0175363334763,276.5904770436292,271.2268845586205,271.7216796875,5374200
2021-10-08,272.67176007282336,274.0373997209191,269.43577998496954,269.64361572265625,2683300
2021-10-11,268.95089619497185,273.3941477324865,268.6837176405676,270.900390625,2693000
2021-10-12,273.5425431164262,277.8274555001207,273.14668286674885,276.0956726074219,5970100
2021-10-13,277.0853046827276,282.132221629429,275.6998841992943,281.44940185546875,6573500
2021-10-14,283.02283430886393,287.61454793486195,281.69678689098527,287.0009765625,5433900
2021-10-15,289.44530921102574,289.82135842460474,286.30832430809414,288.62396240234375,5119300
2021-10-18,287.7530463648995,290.1973354451873,285.70458733731107,288.6634826660156,5163300
2021-10-19,289.059382950657,292.4536710221035,288.3270654653419,289.296875,3631200
2021-10-20,290.0588033505353,292.3348791998154,284.9525438901881,287.07025146484375,4487900
2021-10-21,286.4567252716347,288.5348710861465,285.26920474908474,286.7931823730469,2828500
2021-10-22,285.9916477218319,289.9500096280164,285.18017628308695,289.51458740234375,2927000
2021-10-25,290.2467802986635,292.0577471937375,288.6832411421637,290.8603515625,2993500
2021-10-26,292.7010332087936,295.2541630298889,290.5635144237389,292.0379943847656,3601400
2021-10-27,293.4432151514528,296.0755290156058,292.01820268063466,292.07757568359375,3742700
2021-10-28,291.99844502578793,295.69950343817067,290.4744673619059,295.27398681640625,3450400
2021-10-29,294.8979328615323,297.64899290640557,293.18593063436487,296.5703430175781,4251900
2021-11-01,298.36144409142776,301.6864526540089,296.5999747505588,299.60833740234375,3825100
2021-11-02,298.57917980517664,300.28127629087095,296.2932286796085,299.79638671875,4177500
2021-11-03,300.78599336478345,300.78599336478345,295.08594339089404,299.7370300292969,3260200
2021-11-04,300.3406561219673,305.19954812011946,299.2521007517266,304.8334045410156,3833800
2021-11-05,305.28859304082016,308.1583987344496,300.18230371151435,304.0516052246094,4681800
2021-11-08,304.0021497676436,308.14853550691475,302.7156642681664,306.7333984375,3893000
2021-11-09,306.77301261053645,308.5047957462411,304.0219526086703,306.48602294921875,3126500
2021-11-10,303.37870410762986,305.3776656323668,294.7890675915655,296.550537109375,4350900
2021-11-11,298.36150617306583,302.56726538114384,298.36150617306583,299.82611083984375,2681900
2021-11-12,301.3302421492496,304.02192893572163,298.4901228598267,303.4578552246094,3803700
2021-11-15,303.70526249553586,304.55632587279933,300.07348294112154,302.3099365234375,3595300
2021-11-16,300.91460357775424,304.3781696098181,299.5687752726753,303.8932800292969,2989400
2021-11-17,304.5761066206518,306.67403326113754,304.0516249605304,304.8135986328125,3864700
2021-11-18,302.9729826892451,303.7943293850364,296.4614613278319,299.8359680175781,4443100
2021-11-19,302.52766112673726,302.8146507877045,297.96566405363325,298.0349426269531,4758900
2021-11-22,298.6979207879469,302.3099192010006,293.631223483073,293.7499694824219,4474700
2021-11-23,290.593211328586,293.383863470073,285.30880228188414,288.3864440917969,6431100
2021-11-24,283.06245867428817,286.4369657077454,280.2520254411237,286.1598815917969,5091400
2021-11-26,281.5384850498653,284.57653500119227,280.0936914384472,281.2514953613281,4195300
2021-11-29,286.50618794213455,295.2838797354487,281.73638539570345,293.6510314941406,8215600
2021-11-30,293.10682607641206,296.15475166847637,280.4499545439779,281.99371337890625,13597600
2021-12-01,268.43627180790094,274.0571374087696,248.8423810401787,248.8819580078125,30723100
2021-12-02,250.1882458907527,259.84662741618143,249.51531658368341,258.48101806640625,12200800
2021-12-03,258.82732343559184,259.0252535698548,249.07986832110834,255.63096618652344,8944000
2021-12-06,253.4340798034724,256.53150224919983,248.10018873396305,256.0564880371094,7123000
2021-12-07,262.70655738279083,267.41701721963017,260.8560282182901,264.2107238769531,7401200
2021-12-08,265.516992036274,265.70501662417894,261.8159336846953,263.5378112792969,4586500
2021-12-09,263.27060846488496,263.9039305447509,259.90600752835627,261.5685119628906,3967000
2021-12-10,263.3300207659196,267.7534912179027,261.6872970200031,263.2607421875,3480100
2021-12-13,263.0330921418833,267.7435516782965,261.85547725777997,262.9935302734375,3625700
2021-12-14,259.2726910835155,259.42112360713236,250.66325741485474,252.92941284179688,7227300
2021-12-15,252.1971227075137,257.4815318871535,249.2778189101925,257.3330993652344,6484900
2021-12-16,257.29349393964674,258.62944696739055,249.59448213667955,250.485107421875,6556700
2021-12-17,248.62469355773894,251.256992503699,244.2210042681706,250.29708862304688,12119400
2021-12-20,247.28872198028688,248.92153995192837,243.93401143313548,244.63662719726562,5580100
2021-12-21,245.41841182078525,250.37625413973097,242.69703830261125,249.92105102539062,5428200
2021-12-22,250.78195236081717,251.613204523686,246.91265096705726,250.1684112548828,4982400
2021-12-23,248.614776897843,251.66271695713056,246.7444517591836,250.50489807128906,3769500
2021-12-27,250.75226845306673,255.73979658176233,250.6038359581452,255.61114501953125,3531800
2021-12-28,257.026292784979,258.06535049290954,252.28614691568072,252.79083251953125,3293700
2021-12-29,253.33512837219456,253.76064497265608,250.48510334602327,251.89031982421875,2592700
2021-12-30,252.64241737956644,255.2153432092747,251.81116511611995,252.67210388183594,2950600
2021-12-31,251.82104570219892,253.82000724300792,250.98979347137043,251.48458862304688,3169300
2022-01-03,252.3554077748943,254.0278328369173,246.06161309214974,252.8007354736328,4316800
2022-01-04,254.17627475301967,254.19605568706822,240.86627312978413,245.64599609375,7240700
2022-01-05,233.71156738762346,235.72043472971933,224.9437956733717,225.300048828125,18882500
2022-01-06,225.66617205039697,232.03913618710365,223.696896959051,226.76461791992188,9376100
2022-01-07,226.1213894460587,229.86203966959926,223.69689616783057,225.93336486816406,6286700
2022-01-10,223.1526412462941,227.43756960638785,216.61144792106322,227.23965454101562,7803800
2022-01-11,226.41826688892604,233.88967678046524,224.20157914933213,232.3953857421875,7635300
2022-01-12,234.53293195419323,236.78919692702223,233.30583438477942,235.3542938232422,6718900
2022-01-13,235.02772316954602,236.30428815878307,225.5474451977024,226.25006103515625,6680300
2022-01-14,225.65629654434986,230.86153658561759,225.24067039047992,228.82298278808594,5805100
2022-01-18,226.0719073890611,228.32817212868005,222.95470389615204,223.706787109375,6032000
2022-01-19,225.10211721161087,229.79278088761205,223.81564674182655,223.91461181640625,5332600
2022-01-20,226.68548738992308,228.99121980734273,220.1739805387094,220.61929321289062,5663700
2022-01-21,220.7380192010557,222.43022532932125,215.9780920735258,216.35414123535156,9128400
2022-01-24,210.17907329703468,221.05467561692018,205.34986802888622,220.70831298828125,11664300
2022-01-25,218.69947560177076,221.5692816850715,212.435366637925,213.1478729248047,9092700
2022-01-26,217.32391576122566,219.1546637666935,206.89364115317832,208.8035430908203,10029600
2022-01-27,211.85151442961518,220.8270914965579,209.85253759565165,210.5254669189453,9462100
2022-01-28,212.06922392806845,219.97604149254377,208.6848266009789,219.81771850585938,8254900
2022-01-31,220.62917686684955,230.48550390406837,219.94635707421722,230.2084197998047,7084200
2022-02-01,229.9511024189253,230.3568380822165,223.96409294331465,229.70370483398438,6387100
2022-02-02,231.3068594460343,232.04905222650638,220.69844942915762,222.667724609375,9378900
2022-02-03,215.79996155623311,218.49163325018532,208.209790752139,210.5551300048828,12826600
2022-02-04,212.7520377566636,219.36249413909871,210.9707720817722,216.94789123535156,6176500
2022-02-07,216.72029304301338,219.1348959842336,214.40465517969267,214.71142578125,3922300
2022-02-08,213.35570402556502,215.67134202164277,209.94160494165993,215.16664123535156,5628700
2022-02-09,218.83801240803027,219.8770853098266,213.32600193461346,219.7286376953125,6107700
2022-02-10,215.4338155307355,219.67916657551163,213.56349037882688,215.4041290283203,5312600
2022-02-11,215.3546757925232,217.6406273892255,203.9644947843002,205.73585510253906,8165600
2022-02-14,203.65768919903087,207.71500041765216,202.4998703461586,204.25143432617188,7005900
2022-02-15,207.5665581613049,212.33639048836264,206.34936636288583,212.01971435546875,6353000
2022-02-16,208.8035558872412,210.208772318659,206.04260556000867,209.53585815429688,7072700
2022-02-17,206.16134083157758,207.5665571898319,197.42325701726563,197.94773864746094,8820100
2022-02-18,198.31392477578137,200.4910358966348,193.75191209064224,194.79098510742188,6691800
2022-02-22,193.4946002422653,199.36287887928555,191.51541953904572,193.09877014160156,8434800
2022-02-23,194.3060662836097,196.92847460393335,188.150813256335,188.55653381347656,7784300
2022-02-24,182.8169408684246,202.76707239515727,182.520060720418,202.16342163085938,11792600
2022-02-25,202.5889288807919,206.29989253247706,199.51130242166303,205.92384338378906,5853600
2022-02-28,205.62697220491782,209.46658759532016,204.7957199348154,208.3384552001953,7904700
2022-03-01,211.17856190998884,212.15826173336742,206.2899985598656,206.71551513671875,12587300
2022-03-02,213.85050407383156,215.04790007237466,199.05611464261554,208.19993591308594,16670100
2022-03-03,208.19991073181788,209.42700818765078,202.09414015471555,202.61862182617188,6559900
2022-03-04,202.56915398394142,204.2316737253475,197.18577973550472,200.89674377441406,6813600
2022-03-07,201.33216067759014,202.79675021845333,193.99929230551115,194.18731689453125,7043500
2022-03-08,192.2576164301725,195.1472185069135,187.23049552407767,190.0805206298828,8229000
2022-03-09,196.2852540561349,203.09362546878936,195.16701211672316,201.04518127441406,6881300
2022-03-10,197.02745521864364,199.10558600435445,195.47379103841945,198.06651306152344,5604200
2022-03-11,202.63841587126745,202.63841587126745,195.57274152711372,195.8399200439453,5196900
2022-03-14,196.17639294602446,198.07640457238438,189.82322482352257,191.10968017578125,5665500
2022-03-15,196.4633716837779,197.87849374133938,190.73365018065806,194.09825134277344,5276300
2022-03-16,196.592026410703,203.7566510212529,195.27586940739548,203.4300994873047,6043400
2022-03-17,202.48997466245467,208.48688982898776,200.45142093653226,208.21971130371094,5842600
2022-03-18,207.05199717557116,217.2942639550576,206.14157581072035,216.5223846435547,12220600
2022-03-21,215.91870908869205,216.81923988199182,208.417612833419,211.4952392578125,6448700
2022-03-22,211.49525611983165,219.5406306993043,210.40670066752202,215.9385223388672,7018800
2022-03-23,211.64369387577813,211.7030668837466,206.1415736714161,208.9124298095703,8404700
2022-03-24,210.13951100143976,211.88118453288027,207.68531612992587,211.75253295898438,4150300
2022-03-25,212.0395146546202,213.61295958422525,206.30977844688576,208.83323669433594,3656500
2022-03-28,208.190029880554,213.13798180204296,207.12127045351826,213.0390167236328,4290900
2022-03-29,216.3442155234443,219.84737346280335,214.51348262175622,218.98641967773438,5370400
2022-03-30,217.42291080381932,217.56145285414917,211.17858277122548,212.7025604248047,4951200
2022-03-31,212.26714791883404,214.5333033668559,209.58535120091574,210.10984802246094,7141300
2022-04-01,210.26815942042364,211.80202752726922,207.85355648060752,210.04055786132812,6007900
2022-04-04,212.39578116233645,218.69946684530524,211.87129948604283,216.5718536376953,7843600
2022-04-05,215.73069536990076,215.9978889912349,206.49781563221325,207.9525146484375,7304600
2022-04-06,203.0738389226755,203.33112697332888,196.01805501488076,198.7295379638672,7171300
2022-04-07,197.04724873392624,200.60978045107302,196.1269368486354,198.07643127441406,5246000
2022-04-08,196.57223755631682,198.0566231646559,194.57326070910054,195.11753845214844,3897700
2022-04-11,192.18835338987466,195.04826896988178,190.15969010095353,193.41543579101562,5173800
2022-04-12,197.6706678659501,199.02640178228324,192.55448768611953,192.78208923339844,4832200
2022-04-13,189.99146451752677,195.0482720172313,187.34925998675448,193.68263244628906,8733000
2022-04-14,194.27639736061022,194.4050338464872,187.25029937992215,187.43832397460938,5126700
2022-04-18,186.3398735165116,187.3789464463337,183.59870390734972,185.06329345703125,4899500
2022-04-19,185.29089605129647,190.19925555864413,183.5887995011816,189.39768981933594,6120400
2022-04-20,190.88207210790668,191.28780775435237,184.1429645899048,184.29139709472656,6015400
2022-04-21,186.81487339020478,188.19040343400576,174.90021168921908,175.38510131835938,9119500
2022-04-22,175.85019759709067,177.18615057479187,169.3189105170903,169.6454620361328,8843900
2022-04-25,167.92358668240416,172.94080183844886,167.4683684834579,172.75279235839844,7988900
2022-04-26,170.82307732136053,171.9116327204454,165.80586221818766,168.3095245361328,8073300
2022-04-27,169.2199480984515,175.38509168715171,168.8538045047255,172.86163330078125,9644600
2022-04-28,179.52159049199895,184.98411839690144,177.1168780697735,183.8065185546875,10614800
2022-04-29,180.6695248893358,183.43047543558242,173.47519852051212,174.10853576660156,7110800
2022-05-02,173.26737783575456,175.92937840199352,171.31788355861866,175.72157287597656,6278400
2022-05-03,175.10800046978648,178.51219351592724,174.29654427620156,176.50332641601562,5047700
2022-05-04,177.83928428081043,184.0440047581477,172.92101914840813,183.54920959472656,7563100
2022-05-05,178.61117150500564,180.34295465432578,168.05224405800212,170.5064239501953,8379400
2022-05-06,167.72568141158956,170.63506448766537,163.85637934483404,167.93348693847656,7232700
2022-05-09,164.98450498678463,168.5173346977319,160.4422888870165,161.89698791503906,9997800
2022-05-10,165.67722782352385,169.47725144717845,161.58032405115682,165.4100341796875,8598700
2022-05-11,163.77719505106967,168.21055537794052,159.15581015074645,159.5912322998047,7220100
2022-05-12,155.29638573671033,165.11313399189925,153.0302307803886,158.75006103515625,10187500
2022-05-13,161.8474919523171,166.92407977804066,160.32351447796717,165.17251586914062,6499700
2022-05-16,163.02510101446555,164.3808348066323,160.19487233377424,162.4115447998047,5065800
2022-05-17,165.58816630720577,167.33974557347892,156.62247954417083,162.025634765625,7317700
2022-05-18,161.12511751947017,162.8074181935073,154.56412828077893,155.6922607421875,7454400
2022-05-19,153.61409645177554,157.59225364460477,153.1193013068945,153.98025512695312,8382200
2022-05-20,157.0875823745941,159.05685756704383,152.94119626594238,157.98809814453125,9068700
2022-05-23,158.1761392604021,159.05687418672875,154.28705590818123,158.65115356445312,6148800
2022-05-24,156.12766932394922,156.74121049158174,152.9411872792352,155.29640197753906,6928400
2022-05-25,153.70318508661308,160.20478603195926,153.70318508661308,157.98809814453125,7436800
2022-05-26,158.0276902812542,161.9860518033348,155.92976350653578,160.76885986328125,6697700
2022-05-27,158.99748492783218,163.5100146555732,158.5818587792193,163.38137817382812,7883600
2022-05-31,165.22202459590915,165.53868568107265,157.69124083058986,158.5719757080078,18114600
2022-06-01,176.1569598122511,182.50023711322996,172.55485180716212,174.23716735839844,37037400
2022-06-02,173.1783078650313,188.15081439986062,172.8814277458441,186.43881225585938,19231200
2022-06-03,183.07421270475913,187.66591127346427,181.88670731801562,182.9851531982422,9224000
2022-06-06,186.96330007273815,188.4377951498989,179.8085659747371,180.9663848876953,5811700
2022-06-07,179.8184691817134,186.6367460907031,179.8184691817134,185.2018280029297,6331100
2022-06-08,185.05337599997935,188.57631485970907,183.4601350999388,187.2205810546875,6226200
2022-06-09,186.56747853115206,190.674272686989,184.66746675857527,185.16226196289062,8467700
2022-06-10,181.7184777465428,182.0351388012433,175.35540405107574,176.59239196777344,7855800
2022-06-13,168.77464971877797,170.88246705250202,163.34179285871835,164.30169677734375,10726200
2022-06-14,166.97358977223342,167.8642302231853,160.46208290173485,162.73814392089844,8576200
2022-06-15,164.99439425390247,169.71474443497803,162.96573102346514,166.7954559326172,7740700
2022-06-16,162.0256044711943,165.16260369490806,156.96879778124506,158.18600463867188,8090900
2022-06-17,156.9094446963572,164.49960092770144,156.52350506086347,161.56051635742188,13074600
2022-06-21,163.33189882321506,167.58714057058407,163.18345120298696,165.09336853027344,6736800
2022-06-22,162.98552057609436,168.67566484250287,162.50063098953348,165.70689392089844,5864500
2022-06-23,167.3298419672974,171.58508383075883,165.3803476147343,171.24862670898438,7258000
2022-06-24,175.87001120844505,184.4695544015243,174.71219222536538,183.98464965820312,12107100
2022-06-27,184.17265934724807,184.63776801647307,178.5913704164982,179.42262268066406,6170600
2022-06-28,178.4132405474159,180.43201335121927,169.65537486311965,169.6751708984375,6668600
2022-06-29,170.70430924622156,171.97098349234258,166.3105263487619,168.833984375,5430400
2022-06-30,163.3318812749295,165.75637447865725,159.4328930950814,163.3219757080078,9539400
2022-07-01,163.0448884551048,167.38918916320847,162.34228781504171,166.44908142089844,4561600
2022-07-05,164.3709633624224,170.55590305697547,162.89646830325879,170.40745544433594,4614200
2022-07-06,171.7137306738368,173.23769324796922,169.05173007815733,170.93194580078125,4085100
2022-07-07,172.3569496384677,175.09811913899088,171.3673592873713,174.80123901367188,4000100
2022-07-08,172.23817767148063,174.77152617251173,171.0407668831294,173.67308044433594,2869200
2022-07-11,172.18871453453912,174.48457130964223,169.47723163979487,172.5449676513672,3689300
2022-07-12,170.41736811655022,171.5751870636462,162.63918702840832,164.59857177734375,7073000
2022-07-13,160.71937232416127,164.11365997577002,159.49227485450993,161.7881317138672,6225900
2022-07-14,159.35374173407934,160.02667106155926,156.00892133267178,159.36363220214844,6096100
2022-07-15,162.00582465379674,165.86522054551534,160.53132976185876,165.6376190185547,6037700
2022-07-18,167.19126669685335,170.84285706937163,165.37042429373838,166.14230346679688,3818200
2022-07-19,169.1407863039014,172.28769157109087,166.06315961143838,172.00070190429688,4373400
2022-07-20,174.26686126497162,181.58982358765456,173.78195657254307,180.55075073242188,5654000
2022-07-21,178.7793819578088,183.59868174492007,178.03718925466274,183.42056274414062,3886000
2022-07-22,183.14349765142154,185.60756801719626,179.04657900963068,180.570556640625,3804700
2022-07-25,179.93723773419228,180.09557583405143,173.25750203340124,175.44448852539062,4407900
2022-07-26,175.2663471679106,175.28614320286005,167.9928520689007,168.68557739257812,3886500
2022-07-27,173.039767609148,180.33304358940202,172.53508197128457,178.4231414794922,4960900
2022-07-28,176.55283704209288,179.98671713558213,174.09864183697962,179.40284729003906,4562100
2022-07-29,179.9273503505727,182.50027656761551,178.34399952473672,182.1044464111328,4751400
2022-08-01,179.4127516393151,183.2523523180824,177.88877389005046,181.07525634765625,3997100
2022-08-02,178.92782557471705,183.21275352575077,177.5621860841014,181.87680053710938,4317900
2022-08-03,183.59868925798403,188.69507332149033,183.44035118417904,187.67579650878906,5786300
2022-08-04,186.5971494948348,189.58571650798575,185.30078858348708,189.27894592285156,3759700
2022-08-05,185.0533995036982,189.80343630774047,184.3408932280943,188.19039916992188,4090300
2022-08-08,189.10084316522443,192.3466987653742,187.11177171572763,187.77479553222656,3396800
2022-08-09,184.36070667420404,185.1820685722584,177.94816468813104,180.3429718017578,5851700
2022-08-10,186.20132432431805,187.5966503451358,184.27162615720331,186.64663696289062,4179200
2022-08-11,190.13002196696866,190.49616560914177,184.3805037482124,184.78622436523438,4175100
2022-08-12,184.6872406511897,188.04195113022828,183.57888925844503,187.91329956054688,3846200
2022-08-15,187.08205013918868,190.11019405583224,186.9336025335014,189.0711212158203,2768500
2022-08-16,187.57684759184812,188.86331802383185,184.42005206488685,187.61642456054688,3835900
2022-08-17,185.76588035848826,187.45807120651946,184.52889256316482,186.00338745117188,3181300
2022-08-18,186.45859852025194,186.60704612204214,184.66744253160863,185.97369384765625,2791600
2022-08-19,183.29192815213403,183.50963923988232,179.68981983659495,181.85702514648438,4346100
2022-08-22,178.1262779063713,178.71013263774267,174.22728918509515,175.13771057128906,5182900
2022-08-23,174.0491312038873,176.25591314720805,173.0892274908838,174.16787719726562,5076800
2022-08-24,174.8309409923392,179.3434709767984,174.22729022073688,178.13616943359375,11438800
2022-08-25,166.82516654742528,172.32728725356478,163.8365990408705,172.0996856689453,24025600
2022-08-26,172.14912835256305,174.46476593803774,162.91624941053294,163.50999450683594,11074700
2022-08-29,162.56990711641066,164.09388476412647,158.38394401902414,158.5422821044922,9329900
2022-08-30,160.45219365232492,162.14439995202295,156.73133902660922,158.00790405273438,8079400
2022-08-31,158.12662172943465,159.53185319305945,154.34639477080404,154.4948272705078,9166100
2022-09-01,153.25784055304004,153.71305872202004,149.29947946606325,151.93179321289062,9924000
2022-09-02,154.83130299072448,157.0182890696263,151.3677369852687,152.0901336669922,7315700
2022-09-06,151.2885686211036,152.8224214932184,149.25001503627405,150.14064025878906,6373700
2022-09-07,149.71514242188775,152.4563123773678,148.9135765204544,151.68443298339844,6211400
2022-09-08,150.73441300807707,155.3953752134103,150.2000257501715,155.2667236328125,6659200
2022-09-09,156.94903562076559,161.59020168040047,156.82038404322344,160.89749145507812,5642300
2022-09-12,161.98606067097572,163.93555503531812,161.04595277800723,163.90586853027344,6353400
2022-09-13,156.60268667597958,159.58134845576123,156.16726446764966,156.45425415039062,5463200
2022-09-14,156.9391467209717,159.9672910989486,156.3651824447611,158.61155700683594,6037300
2022-09-15,155.167769453848,158.17611746522013,152.70368405345064,153.16879272460938,7012200
2022-09-16,150.33858178438894,150.62557147550535,148.00314768060503,149.93284606933594,9882300
2022-09-19,149.1411783727965,151.9417059646253,148.8343926596028,151.23910522460938,4874800
2022-09-20,149.42815183370814,150.00211608320924,147.30053849327493,148.2406463623047,5505700
2022-09-21,149.6458413767594,151.70419094401734,145.97445484238293,146.0932159423828,6164400
2022-09-22,147.9536379199154,151.2687714111844,147.5973848136893,148.58697509765625,12405100
2022-09-23,146.5286537722657,148.28021786044158,143.28278345699994,145.47967529296875,9175800
2022-09-26,145.4698045556952,149.61619119677854,143.8369862588267,144.79689025878906,7862400
2022-09-27,146.82551195150546,149.0421997194617,144.73747575801386,147.34010314941406,7046600
2022-09-28,144.48019105950988,149.30939679814065,144.15362443210736,148.60678100585938,7908400
2022-09-29,146.90468107287023,147.4291627383617,143.5004879308463,145.28175354003906,8602500
2022-09-30,144.4900912765673,147.08282843575324,142.25362237126933,142.34268188476562,7575600
2022-10-03,143.4708254292404,147.40940646285452,142.40206588493953,146.3604278564453,6819900
2022-10-04,150.12083918523595,155.78129667150407,149.64584008917086,154.10888671875,8017900
2022-10-05,150.6156656266498,155.3261259000673,150.3583775419484,154.6037139892578,4256200
2022-10-06,154.09900863293856,156.60267097994577,152.83233420836376,153.8417205810547,3853900
2022-10-07,150.21980056105946,151.57553434983524,147.7161384767042,148.7255096435547,5956700
2022-10-10,149.05210317224788,149.38857538862678,143.07498372177977,144.1239471435547,5497800
2022-10-11,143.00568415914506,143.4609023262959,138.06763838695113,141.0858917236328,7415000
2022-10-12,140.82861866940527,141.94686074281014,138.12704088935922,140.80882263183594,5707100
2022-10-13,137.51348404053348,144.8166506809333,136.15773496979443,143.926025390625,6548600
2022-10-14,145.7963552715077,146.16249888709015,140.52183663375365,140.7395477294922,5736300
2022-10-17,144.54948777109294,147.44898061165372,144.42083617750075,145.64791870117188,6288200
2022-10-18,154.82139499438978,157.31516670717093,150.31875623796384,151.93179321289062,16354800
2022-10-19,150.27918695018673,154.32660774445182,149.07188554897098,152.07034301757812,6220500
2022-10-20,153.3864978608631,159.62091982616556,152.00107746855136,155.8604736328125,9203400
2022-10-21,155.86049611213824,158.75998888707284,153.20840095008006,158.50270080566406,8335500
2022-10-24,159.50217335416482,159.8881281059489,156.75111325136584,158.97769165039062,6259200
2022-10-25,160.01676141882442,164.30168957602612,160.00687095100716,163.5496063232422,5804500
2022-10-26,158.13655155469428,162.4115743014049,157.0479960567151,158.2454071044922,6617500
2022-10-27,160.11571453899546,162.9459434182985,157.6615348079756,158.08705139160156,4987700
2022-10-28,157.84957158425522,161.39230730467187,156.52352396877842,161.3230438232422,5055400
2022-10-31,160.43238278237231,162.29281747319553,159.3240464218566,160.89749145507812,4878100
2022-11-01,163.28239671245768,163.97510689064185,157.9781921910126,158.1563262939453,4545900
2022-11-02,157.84956494888453,158.1068681261134,148.39898836872752,148.44845581054688,7238200
2022-11-03,147.44895167125605,148.85416805639758,144.60883240057873,144.80674743652344,5999400
2022-11-04,144.97498708237703,145.42029972236693,134.62386531975267,138.31504821777344,14265300
2022-11-07,139.15617952931365,143.42131119522472,137.32544658196986,143.08485412597656,7379900
2022-11-08,143.57966970516395,149.98232089895933,143.56977923699532,145.56875610351562,9101800
2022-11-09,144.33174761391857,144.8067467178182,140.46244601561398,140.58119201660156,5588500
2022-11-10,149.42815653623347,154.74225237047125,148.17137244863758,154.67298889160156,8777900
2022-11-11,154.8609914229125,158.25527890262006,153.96046062627389,156.08807373046875,7382500
2022-11-14,154.19798962564352,158.49280851172486,153.0401555227593,157.0084228515625,6580100
2022-11-15,160.98655494427285,163.52980945579782,159.07665276865052,160.38291931152344,8116100
2022-11-16,158.33445472451945,159.14592605295874,152.2286841261992,153.5052490234375,6454700
2022-11-17,148.62655474418787,150.18020350820305,146.79580683186583,148.1317596435547,7357900
2022-11-18,150.25939345179538,150.73440768648595,144.13382683731083,146.4989471435547,7555700
2022-11-21,144.49999732387187,145.80624882600316,141.90726015608826,143.34217834472656,8015900
2022-11-22,143.68852126648122,147.82501693882384,141.43225639064013,147.6963653564453,7017700
2022-11-23,146.08333995178782,151.31828197981196,146.0140764710515,150.65525817871094,5558900
2022-11-25,150.48700300198283,152.43648198591137,149.80418328428598,151.75367736816406,3023700
2022-11-28,150.41772366550876,153.70317066723115,150.41772366550876,152.0901336669922,7931700
2022-11-29,151.1302413930974,152.41671188454268,149.68543281963872,150.10105895996094,6398100
2022-11-30,149.1807544964152,158.5818634033203,148.56721327342265,158.5818634033203,14591500
2022-12-01,146.0140500172678,146.05362698481082,140.60098993380515,145.4697723388672,33721500
2022-12-02,142.78799739428052,143.69843388353542,141.29372127161201,143.05519104003906,15086700
2022-12-05,141.31348799407496,142.88693283723572,131.49675471543205,132.5358123779297,20294600
2022-12-06,131.32853752731035,133.1493800854136,129.54727193788324,131.88270568847656,16981800
2022-12-07,131.12074218902117,132.35773032287986,128.66656195943233,129.12176513671875,12915900
2022-12-08,127.09309009378359,130.0915629512885,125.69777153085184,128.77540588378906,15156900
2022-12-09,128.38944441275476,131.9816467506604,127.02380503639044,129.74517822265625,10287500
2022-12-12,129.73529417041652,132.69415949889733,129.5868465656751,131.724365234375,11852400
2022-12-13,135.95980036116944,138.42388545653853,132.64466706860026,134.20822143554688,12579800
2022-12-14,133.6045933637426,135.84107731322624,131.84312367429766,133.34730529785156,9611800
2022-12-15,130.29936049018798,132.7238538447733,128.33007024383636,129.08216857910156,10807300
2022-12-16,127.57798108012875,128.5279944226518,125.56911395682619,126.93475341796875,15464700
2022-12-19,126.43997834167848,128.23114232994163,125.87591204315872,127.66706848144531,9441400
2022-12-20,126.17277665658244,128.63686220138757,125.86600604697824,127.11288452148438,8455500
2022-12-21,126.62797355245362,130.78425733162177,125.2821301439582,128.94361877441406,9313200
2022-12-22,127.33056270295424,128.19150130089264,125.02481584300976,127.84515380859375,9968600
2022-12-23,127.38997446817919,128.50821650925778,126.26184195857805,128.09259033203125,5821300
2022-12-27,127.22172015713556,130.3785154714494,126.32119695538778,129.29986572265625,8300800
2022-12-28,128.35977265727374,129.77487962870237,126.83579504194225,127.13267517089844,6249800
2022-12-29,128.3498457793794,131.5660139258555,128.1519307595859,131.1602783203125,7628800
2022-12-30,129.25039321257086,131.25926036837092,129.0029956308226,131.20977783203125,5630200
2023-01-03,133.7827346075996,135.5244083539324,131.64521562349668,133.3769989013672,8196400
2023-01-04,139.74996969786903,140.37341653628792,136.1874379068362,138.13693237304688,14322600
2023-01-05,136.2072009313268,137.1473086455608,132.84260013303182,134.9207305908203,8493500
2023-01-06,136.1478403253268,140.17546514343022,134.1389731499672,139.04733276367188,9145700
2023-01-09,141.10569366737445,147.64688691528798,141.10569366737445,145.56875610351562,13679700
2023-01-10,144.2921752027674,147.72605513195612,144.08436967273136,145.90521240234375,6527700
2023-01-11,143.7676812356344,145.50935477198712,142.0655846683113,143.39163208007812,13595000
2023-01-12,146.3010208241408,148.26042041639158,142.44162483931186,148.04270935058594,11678000
2023-01-13,144.6781320866867,148.3990021337012,144.56927652467397,147.95367431640625,8378100
2023-01-17,148.0427262091867,148.92346103935037,144.57915989506756,146.9244842529297,9407600
2023-01-18,147.31041979635538,147.9833339849693,143.77757500628115,143.9359130859375,7812600
2023-01-19,142.02600981457243,145.15310381278536,141.66975668820004,144.88592529296875,7070100
2023-01-20,142.79788734979374,149.95262119321785,142.79788734979374,149.675537109375,10127100
2023-01-23,155.71205645536574,156.22663259462422,151.6349337138597,154.24745178222656,19922900
2023-01-24,154.27713795732757,158.5422852829056,152.89171743158496,153.2479705810547,6390200
2023-01-25,149.6359669867593,154.7719283400934,148.2604369719063,154.54432678222656,9390500
2023-01-26,156.5433075119232,163.45064426357905,156.4542480000708,163.37147521972656,13354600
2023-01-27,163.331885225703,165.49909044103163,161.89698228266187,162.80740356445312,9872300
2023-01-30,162.36210469472502,164.707429118234,161.6990658366496,163.03501892089844,8169800
2023-01-31,162.56989075683498,166.26105829065105,162.56989075683498,166.2214813232422,6421300
2023-02-01,165.98398191868233,171.27829622721706,165.26158520535157,170.0314178466797,8853900
2023-02-02,173.88092088694447,176.9783283048273,171.10015941792744,172.82205200195312,10667100
2023-02-03,168.25016539895216,173.25749044752345,168.0918273096812,169.25953674316406,6481700
2023-02-06,166.25119495587137,169.38819485822305,165.6079672058443,167.29026794433594,4310600
2023-02-07,165.82565299729654,169.94233714893633,164.87563967002612,169.4970245361328,6179200
2023-02-08,168.23037091728682,170.6548644193398,167.4683820680868,167.86422729492188,7694500
2023-02-09,171.52568254587084,173.55434561031024,170.21941614732282,171.8522491455078,11512300
2023-02-10,165.91472177716943,167.97307151805896,163.60897444867226,165.29127502441406,11273700
2023-02-13,166.52826205588104,169.3782870815897,165.2121050849795,169.2991180419922,8820300
2023-02-14,166.46888801401897,170.99130801071638,166.10274442061828,168.19078063964844,8393100
2023-02-15,167.09236060214477,169.8236249238851,166.48870979807015,169.31893920898438,4997000
2023-02-16,167.23087545108652,168.59649983973236,166.211598618278,166.3600311279297,7483500
2023-02-17,163.31209577109257,165.3704455302266,161.0459404924985,163.4506378173828,8084500
2023-02-21,162.03550249751717,162.79747606880238,159.76933251552387,159.93756103515625,5210800
2023-02-22,161.41210250405172,163.28242789227423,160.42251203197733,161.6595001220703,4343700
2023-02-23,163.56936356463996,163.74749765920237,159.88810177641815,162.4115447998047,4679400
2023-02-24,158.91830984422654,160.69957548482054,157.99799807155733,160.5115509033203,6569900
2023-02-27,162.1344673761288,163.05479418580572,160.53133595921005,161.44175720214844,6891200
2023-02-28,160.83810107653235,162.7381125321586,159.84851083298022,161.9068603515625,6912600
2023-03-01,161.29332641579023,166.2313722870655,161.28342084894635,165.60794067382812,15841200
2023-03-02,191.1096988552305,191.89148375027185,183.27214446795614,184.64767456054688,37712500
2023-03-03,186.11227688551435,187.79457757363176,182.37161121906075,184.4893341064453,12087200
2023-03-06,183.1434874232146,187.0325701254666,181.71847494912382,181.88670349121094,10770300
2023-03-07,182.53986041031592,184.22216114942114,181.1247382198076,181.41172790527344,9024300
2023-03-08,181.3919254281083,182.97526102636436,179.9075398110206,181.04556274414062,6749100
2023-03-09,181.19398355683032,181.9262706889441,176.68143926458885,176.8595733642578,7102400
2023-03-10,176.64190220664761,177.49295063080098,169.92258943335423,171.3772735595703,14109000
2023-03-13,169.21993670267042,175.25644340865182,168.2303464295554,173.6829833984375,9154800
2023-03-14,178.1262750942171,183.3809977935043,177.24554022691598,180.98619079589844,10138100
2023-03-15,177.2950324372467,181.94610463171435,176.35492450963392,181.00599670410156,7716900
2023-03-16,181.39190431802973,185.69661304663867,181.07522817526194,185.3502655029297,8369500
2023-03-17,184.10338107618466,185.70652770249674,182.2627424311229,182.92578125,10493300
2023-03-20,182.2924573661209,183.58881839644542,180.74868363158606,183.32162475585938,5513200
2023-03-21,183.93515018932877,187.30965684566561,182.96535589188903,186.7158966064453,6982000
2023-03-22,188.02217257313785,189.44718513915797,184.46954672587572,184.56849670410156,6575600
2023-03-23,185.44922323813853,188.57633232914287,183.64817667556528,185.4888153076172,8685000
2023-03-24,184.55860367386302,188.3388461284568,184.15286799890282,188.08154296875,6102700
2023-03-27,186.9533901253243,190.11018547102208,186.943499658705,189.26902770996094,7776500
2023-03-28,189.1898663691022,190.8226994246164,189.1898663691022,190.2982177734375,4899000
2023-03-29,191.12946684300036,195.37480251727683,190.87217880514854,194.59303283691406,8085200
2023-03-30,195.71127033256602,196.10710039736384,193.4550057433306,194.55345153808594,6932500
2023-03-31,195.4342078530087,197.91807424884948,194.93941266738656,197.7003631591797,6634300
2023-04-03,196.15658225620612,196.85918288379955,193.4945820447361,194.44459533691406,5340800
2023-04-04,196.0873399551558,196.63161771800424,194.57326778756496,195.14723205566406,4659100
2023-04-05,195.93888640448205,196.22586095776308,191.71333144443975,193.27688598632812,3953700
2023-04-06,191.98054213196858,192.04982070958056,187.6263503091623,190.54563903808594,6304700
2023-04-10,188.60603315248918,190.5456370055653,187.30967212770705,189.49667358398438,5263800
2023-04-11,187.09193458909613,188.4773700312043,185.36015161142288,186.9237060546875,4907700
2023-04-12,188.31904063556536,189.89248561803436,187.55705186231404,188.33883666992188,5033400
2023-04-13,188.46749067952672,192.35658884517483,188.46749067952672,192.00033569335938,4716400
2023-04-14,189.85290797719165,193.13833997109492,189.19977474528835,192.62374877929688,5073800
2023-04-17,193.12843097227753,195.46386449563377,192.99977941168532,195.0284423828125,5413500
2023-04-18,197.0076342167729,198.03680146118668,195.00865762864217,196.4336700439453,4679000
2023-04-19,194.25658239864,196.9977518068545,193.69250866953396,196.84930419921875,3665100
2023-04-20,195.12744333980416,197.99726478797197,194.7712052634306,195.45401000976562,3620000
2023-04-21,194.9789797581921,197.04721990530157,194.42481159436852,196.95816040039062,4860100
2023-04-24,196.3841980937012,196.7008742474791,192.03989714622978,192.8909454345703,4449700
2023-04-25,191.95084719649984,192.09927971350396,188.6456189516341,188.68519592285156,5010000
2023-04-26,190.6149076223882,192.34669090966446,188.58625928011185,189.5263671875,4007600
2023-04-27,192.14875049660452,195.45397853925257,191.25812524916762,193.90032958984375,4794400
2023-04-28,194.10813151696465,196.58210726966595,193.23730231997956,196.30502319335938,4094600
2023-05-01,195.70139259747828,196.97797267290466,195.06805534376286,195.7310791015625,2882900
2023-05-02,195.95868483548492,196.34462446700314,190.92165849086206,191.8221893310547,6051000
2023-05-03,192.1883616948707,193.7519012671184,190.55552844544528,190.60501098632812,3779900
2023-05-04,189.90238139175267,192.53469533657668,188.77424900110674,190.3773956298828,4386500
2023-05-05,191.93104901017253,196.04774856839876,191.2383387719976,195.5331573486328,4284400
2023-05-08,196.65139136159706,198.4128609389946,194.03887349737087,195.8399200439453,4169400
2023-05-09,194.7315932907696,201.67852196931653,194.7315932907696,199.08578491210938,6996800
2023-05-10,202.80664984002402,204.13269729219576,200.92641910490167,202.71759033203125,6535600
2023-05-11,200.79779102234488,201.6785258714272,196.48317628864976,201.35195922851562,5366300
2023-05-12,201.31236006989135,201.8368568536439,198.0467239556378,199.709228515625,4733600
2023-05-15,201.6290508527489,203.26186902826288,200.37226677404834,201.2134246826172,4518200
2023-05-16,199.82797553053763,203.529048938548,199.6498565124805,202.43060302734375,4423200
2023-05-17,204.35041431495634,207.30929499937315,202.66811368199046,207.200439453125,5772200
2023-05-18,207.31916879945408,211.65357916528814,207.1509402596776,211.0994110107422,5165500
2023-05-19,210.7431680059622,211.02025209652624,207.74469534744688,208.17022705078125,6091600
2023-05-22,206.9926238827013,210.6046379328028,206.86397229764376,208.07127380371094,3890800
2023-05-23,205.5775234193709,207.45773921518705,204.3207393327202,204.4889678955078,4256800
2023-05-24,203.89519142541192,208.0217965205387,203.28165023330845,206.88375854492188,4894000
2023-05-25,209.8129507988912,210.11972139222362,206.2702155243755,207.72491455078125,6496700
2023-05-26,210.58483913816113,213.8999579024192,210.3374415393381,213.19735717773438,6933300
2023-05-30,216.98748950392033,219.82760909726517,213.48433105991103,216.59164428710938,10421000
2023-05-31,217.2645698112427,222.65783433400966,214.80048434196405,221.05470275878906,19624000
2023-06-01,206.05250132302822,213.11817573017865,203.9149825696171,210.68377685546875,20907400
2023-06-02,210.683787382531,213.8900656728531,208.2394979182944,210.81243896484375,11026900
2023-06-05,208.27908101198608,210.1098291892655,204.9045743133004,207.67543029785156,7804400
2023-06-06,206.37903651964382,211.17853986664377,206.2009024340102,210.63427734375,6796000
2023-06-07,212.64315384619218,214.40462325084192,202.64828646479657,203.58839416503906,9323900
2023-06-08,203.2420528873019,208.19000419841586,202.71757125631973,207.34884643554688,5548600
2023-06-09,208.49677756857977,216.38381327259415,208.49677756857977,213.0686798095703,7676700
2023-06-12,213.89994467903745,218.09581313166828,209.93169287521724,211.46556091308594,11568300
2023-06-13,213.25672953281074,213.97912629117687,205.75563254745833,206.80459594726562,11698900
2023-06-14,205.53791425580152,209.50618125378972,202.88581934538047,207.22021484375,8963400
2023-06-15,205.78531428355026,211.10931530256525,205.21135005734095,209.7139892578125,7905400
2023-06-16,211.3171030461534,211.42595858162048,208.40772028902734,209.55563354492188,13672700
2023-06-20,206.47802657839748,214.79059482357945,206.43844960720818,214.71142578125,9522900
2023-06-21,214.2661182448286,215.5327927524318,205.9040823610579,207.4082489013672,7971600
2023-06-22,207.44781323441228,211.73274091761985,206.91342603237715,211.0697021484375,5689800
2023-06-23,208.30878134646596,208.80357655156445,205.90408389766392,207.90304565429688,14037600
2023-06-26,206.84420082765195,209.5457785378392,205.19158658222852,205.20147705078125,4771500
2023-06-27,205.9733414404312,208.28897930959164,205.35980023576926,206.64627075195312,4014800
2023-06-28,206.24052577346865,209.991066506999,205.4389600164312,209.9613800048828,4775900
2023-06-29,209.6942010584058,210.43639386314288,207.53690122061326,208.239501953125,3838300
2023-06-30,209.6546123011754,211.6239025350306,208.7639870255346,209.06085205078125,5984200
2023-07-03,208.37806348798898,209.75359357769665,207.73482065038584,209.44680786132812,2400000
2023-07-05,208.29888523380873,212.38588324920485,207.90304002048586,211.59422302246094,5069300
2023-07-06,209.00147799892295,210.28794846836655,205.6665633657852,207.9525146484375,4250900
2023-07-07,207.58638302584797,209.90202094443964,207.10147829248768,207.4082489013672,3022200
2023-07-10,206.82437464131343,210.6540843062763,206.1514604789731,210.59471130371094,3820100
2023-07-11,219.7484564683768,220.03544615949576,214.97863827413622,218.8677215576172,10028100
2023-07-12,219.5901070125547,225.71567409639366,219.30313243623033,224.9141082763672,8923500
2023-07-13,225.88390270712543,228.55580890776645,225.2307845091445,227.97193908691406,5800300
2023-07-14,227.3089078918504,229.7828838486619,225.77503977863708,226.94276428222656,4278700
2023-07-17,226.85368431396293,227.88285157520718,225.43856234230887,225.6265869140625,3557900
2023-07-18,224.6865032854421,227.22974276085006,223.12294864182755,225.26046752929688,5092700
2023-07-19,231.54434296510505,235.74021143253728,228.82296953668808,231.93028259277344,8516300
2023-07-20,228.6943561885225,231.069367198981,224.95370554207688,225.7849578857422,5303000
2023-07-21,227.60576643869254,228.40733215668035,224.92397011189365,225.6859588623047,3529700
2023-07-24,224.89430970703,225.22087635224244,221.21303219730018,223.31097412109375,5363200
2023-07-25,223.5286762500302,225.15160384297567,222.84585648288504,223.67710876464844,3203700
2023-07-26,222.12344470522012,225.14168303106453,220.79738223129857,223.23178100585938,4856700
2023-07-27,225.66617463572706,227.7443203910526,221.67812677094105,222.80625915527344,4299600
2023-07-28,223.64741701038395,224.94377794077954,221.648440294075,223.2515869140625,4238700
2023-07-31,220.03542569059667,223.03388331570773,219.44166542623873,222.667724609375,5571900
2023-08-01,221.55937565193327,222.46979693233044,219.32290696964998,221.9354248046875,4212600
2023-08-02,219.66927094839284,220.53022485724364,216.52238075037923,218.20468139648438,5127000
2023-08-03,213.94942301282393,215.93850920928932,212.36608756931327,213.3160858154297,5515200
2023-08-04,214.15726295514435,214.98851527052193,210.85203462974926,212.356201171875,4800400
2023-08-07,213.06868982681414,214.63224434766343,212.13847250808547,213.81088256835938,3615200
2023-08-08,211.32702720204787,211.9603644368535,208.94211077881474,209.37753295898438,4843800
2023-08-09,209.44679305730074,209.4566986248409,202.77696371387162,203.71707153320312,7847500
2023-08-10,206.01293577493524,208.1504548035231,204.29105802964406,206.08221435546875,4004700
2023-08-11,203.9842872144878,207.31920224680735,203.36084039006641,206.52752685546875,2930800
2023-08-14,205.73583934990222,209.89213113470933,204.96396004128403,209.8525390625,3304700
2023-08-15,208.14055764470618,210.15931548462765,205.67647202984537,206.606689453125,4076400
2023-08-16,205.8347927067133,207.5072028134474,204.79571981969414,204.83531188964844,2759600
2023-08-17,204.41968640692826,204.77592443795083,201.27278123334168,201.7180938720703,4062700
2023-08-18,198.87798020550193,203.3608234263196,198.11599138365548,202.6977996826172,4267200
2023-08-21,203.8556074571921,207.24000456511845,202.09413788230557,206.85406494140625,4023300
2023-08-22,207.66554220864694,207.92283026517777,203.8556132987627,204.60769653320312,3153200
2023-08-23,205.83479152669898,208.79367209087738,204.98374322696557,206.95303344726562,3833200
2023-08-24,208.8134750032382,209.7832845142749,203.30146405967525,203.3707275390625,3960300
2023-08-25,203.37069038504634,208.59572578809136,203.341003885025,207.2894744873047,3068800
2023-08-28,208.25929871528257,211.2577564488777,207.45773289936426,209.51608276367188,4086900
2023-08-29,204.597798353194,210.24836571589864,204.3701968079213,209.75357055664062,5850400
2023-08-30,209.56556392519755,213.34579141365523,207.24991090561903,212.801513671875,9946000
2023-08-31,225.6266080862209,226.40837784745352,218.89739043909782,219.15469360351562,19268400
2023-09-01,221.17344748208973,221.63855616353806,218.22447241031472,219.2239532470703,5600900
2023-09-05,217.04685039518523,218.0265502646573,215.34475380779247,216.41351318359375,5807300
2023-09-06,217.18539037597682,219.89687330920341,216.74007774860914,219.31300354003906,5066700
2023-09-07,217.4822827314359,220.4114618095682,217.0270645112115,220.2135467529297,4201900
2023-09-08,220.9953212028641,223.1229343864332,220.54010300408012,222.42031860351562,4578900
2023-09-11,223.65729452901869,224.46876580943234,220.4708126082786,222.96458435058594,4418000
2023-09-12,221.12397555809105,222.4500230922796,218.95677012985448,219.3526153564453,4002300
2023-09-13,218.87759955046934,219.55052888098163,216.02758943874764,216.5223846435547,4173600
2023-09-14,217.13593126805355,218.2739693273959,216.06717178708453,216.50259399414062,4297200
2023-09-15,216.59164139945176,216.90831756867848,211.23796892552602,212.37599182128906,9939000
2023-09-18,212.32651018847733,214.12757193375117,211.95046101090347,212.76193237304688,4279400
2023-09-19,212.15828984284676,213.81090403461317,210.05045741325148,213.45465087890625,4001500
2023-09-20,212.95984829294756,214.91923303150224,210.7035834182601,210.81243896484375,2990900
2023-09-21,207.6160609918315,209.68430122466484,205.90407389335775,206.43844604492188,4957300
2023-09-22,207.13115295888943,207.53688862484253,203.73686531920688,204.2811279296875,3848300
2023-09-25,202.8660301368854,204.38010222698412,201.74778816317092,204.19207763671875,4067300
2023-09-26,203.3311314012798,204.29103525339656,199.1847453988281,200.3821563720703,5404500
2023-09-27,200.87693203746394,201.80713419662908,198.84826898726064,200.61962890625,4123800
2023-09-28,198.67015962552028,203.01446079787212,197.47276371944648,201.0847625732422,4344000
2023-09-29,202.9451892254118,205.6269705972647,199.9962142331327,200.66912841796875,4405100
2023-10-02,198.7097356192895,202.9748674040096,198.43265154278444,201.58944702148438,3745700
2023-10-03,200.63943402744292,201.45090532425974,195.36491589798277,197.7498321533203,4622400
2023-10-04,198.78890049079888,200.62953901756364,197.43315153778465,199.76858520507812,3656400
2023-10-05,199.89724454255241,200.04567705050007,196.42378795702768,199.90713500976562,3592600
2023-10-06,198.39308989841723,206.10200798749432,197.80923515481504,205.20147705078125,4989200
2023-10-09,202.75716467721304,206.11187533439568,202.55924962869688,205.0629119873047,2781100
2023-10-10,205.47852360088993,207.04207804360874,204.11288419270338,204.7264404296875,4503500
2023-10-11,205.07279613556935,207.02229025827944,202.28215930759717,204.69676208496094,3971000
2023-10-12,205.66656878908898,206.40876156796028,201.15403910954365,203.5389404296875,3548500
2023-10-13,202.97485727251177,204.9837242768755,201.09464183294293,202.46026611328125,3677500
2023-10-16,203.6972678121119,207.30928153950202,202.905592536249,206.35926818847656,3623200
2023-10-17,204.34050595321295,209.73377005424055,203.8556012714882,207.65562438964844,4006100
2023-10-18,206.70564374823556,207.44783653446302,202.0644624423678,202.6977996826172,3380800
2023-10-19,204.30092973132352,208.7540864151739,203.39050839906378,206.15147399902344,4995900
2023-10-20,205.20143994081698,205.94363264675164,200.0159814660383,201.60922241210938,5539100
2023-10-23,197.81911667482697,201.45092676300095,195.79046841679224,199.8972625732422,4564100
2023-10-24,201.60922678867445,202.50975758207855,198.83837093971164,202.09413146972656,3959600
2023-10-25,201.0847509825578,201.6191382139303,193.3956299307539,195.0086669921875,4490000
2023-10-26,195.3649417992966,197.5816298089257,191.66386813767207,194.20712280273438,5149100
2023-10-27,195.24618520233304,196.24566605121726,193.3758599861353,194.52378845214844,3168600
2023-10-30,196.92848508108247,198.49203968919772,195.02847336867617,197.1956787109375,3438300
2023-10-31,198.33367477659593,199.80816967529077,196.5920013841376,198.73941040039062,3425400
2023-11-01,198.8285032726973,202.36134828273023,198.40298664457194,201.78738403320312,3593600
2023-11-02,204.16238363378966,206.09208180519636,203.80613050214913,205.9436492919922,4963600
2023-11-03,207.21031431675442,207.9920840173364,205.04310912280528,205.310302734375,3861900
2023-11-06,206.04260327543574,206.3097817848201,202.55924118691127,205.2608184814453,3729700
2023-11-07,207.31915856823807,211.1191815261216,206.78478647413996,209.63479614257812,5467100
2023-11-08,210.20878458934894,210.30774966633203,207.46761503638524,209.2686767578125,3433500
2023-11-09,211.34682219274032,211.35671266044048,206.89366553566566,207.82386779785156,4731400
2023-11-10,207.2202259153215,212.0395414823444,206.6660577014428,211.4062042236328,4112600
2023-11-13,210.3572352381583,213.89006505812694,209.5556543429183,213.0390167236328,3306600
2023-11-14,216.72029420392278,218.94687256903157,215.68122128021514,218.87759399414062,4743800
2023-11-15,218.45205164372044,219.06559277784817,215.3942213398301,217.13589477539062,4800700
2023-11-16,217.70988759209277,220.45105722294318,216.66092418605032,219.14479064941406,3712300
2023-11-17,218.86770801152892,220.4708396352759,218.08593823573725,218.9171905517578,3634900
2023-11-20,219.1249873331983,223.74638762695392,218.32342155332375,222.78648376464844,4599300
2023-11-21,221.66824814251186,223.61774242568987,221.21302991752646,221.98492431640625,3852300
2023-11-22,221.96510587434605,223.34063577845131,220.88645607831054,221.5098876953125,3893600
2023-11-24,222.02448497145804,222.15313654514185,219.8077972169562,222.04428100585938,1869100
2023-11-27,223.1526280123789,223.86513428542557,221.9156400522216,222.45001220703125,4885500
2023-11-28,221.28231328882651,223.18232507351797,219.91667368422426,222.57867431640625,5535300
2023-11-29,226.23028603972776,229.09020199628807,224.8943328174789,227.95217895507812,12327400
2023-11-30,246.45749318052432,249.87157705494823,241.11369593799233,249.27781677246094,24425700
2023-12-01,247.3975548377404,260.68774423564855,247.10067475194543,257.29345703125,14538200
2023-12-04,250.16845834429463,252.4643002405493,247.24916965856218,248.0507354736328,11429200
2023-12-05,247.38770553434202,249.05021013150034,246.05175247594977,248.406982421875,5771500
2023-12-06,248.90177197149592,251.33615580499972,246.259567518083,246.53665161132812,5374800
2023-12-07,246.16061743736478,248.1200022446587,244.31997864870945,246.25958251953125,6568200
2023-12-08,245.96270404104735,249.46584751420622,245.41842628534357,248.1991729736328,4605800
2023-12-11,247.39757757499171,250.88093969523354,247.1106030289826,249.47572326660156,4766000
2023-12-12,249.17886735201768,253.90909318667195,248.40698804302022,253.7804718017578,5827600
2023-12-13,254.82944305602416,256.42266916339156,252.5038994894568,254.64141845703125,6567600
2023-12-14,253.8299158117746,256.076274954987,250.58406078638808,254.5325164794922,6613200
2023-12-15,252.3554194378735,259.579431718595,251.8606242830289,258.8768310546875,13739500
2023-12-18,257.1153854284926,262.82531117457705,256.9768282762956,260.84613037109375,7498500
2023-12-19,262.7065598343841,263.80499066210353,260.99455760210134,261.58831787109375,4665500
2023-12-20,258.9362195990872,262.16229386627674,257.37264990398626,257.5408935546875,4510500
2023-12-21,261.99407196758614,265.5664790006332,261.48937117348106,264.4680480957031,5160700
2023-12-22,264.47794134350465,265.35866110013603,262.5383224054871,263.5675048828125,3110600
2023-12-26,262.7659107468084,263.75550104528617,261.86537995120574,263.44873046875,3218800
2023-12-27,263.17172406300364,264.2305932428546,262.6373366881402,263.943603515625,3387000
2023-12-28,263.7258662284797,264.1415075232521,262.5383455576201,262.8154296875,2958700
2023-12-29,262.2513469842017,262.88466910103347,259.9158980661265,260.40081787109375,3706600
2024-01-02,257.82788812833246,257.8476690641264,251.12835697403207,253.4637908935547,4741400
2024-01-03,250.86113780739487,251.51427102094044,249.14915083850974,249.21841430664062,5097100
2024-01-04,249.20856482449358,250.0101306729659,247.23927439309782,248.6247100830078,4489800
2024-01-05,248.594995016382,251.26688590429964,247.5658126106973,248.50592041015625,3676000
2024-01-08,249.58454884520154,258.8372080758693,248.7730776401867,258.1543884277344,6626000
2024-01-09,256.79866443847317,261.18254190518934,256.08615826556127,258.6195068359375,4571800
2024-01-10,260.52942979432294,263.686225296217,260.01485370557543,261.3804931640625,5128300
2024-01-11,265.21020311315726,270.11856259539906,262.3403972537784,268.5550231933594,9012600
2024-01-12,268.40660905466876,272.37484593389115,268.23836540247845,269.09930419921875,4847600
2024-01-16,266.8925486791746,268.74307793484496,264.93314877322194,266.3878479003906,5858700
2024-01-17,265.4972369620713,269.0696440804412,261.38053696257356,268.61444091796875,4706500
2024-01-18,270.1581424594749,272.82014268944476,269.30710932716545,271.6029357910156,4752400
2024-01-19,273.6316411820375,279.0644826158023,272.661831753465,277.9561462402344,7413600
2024-01-22,280.83583169789006,282.7457336745415,277.2535197458584,277.38214111328125,6735900
2024-01-23,277.9066505045128,278.7774948626779,272.8399526387174,273.888916015625,6573800
2024-01-24,277.0655391033697,278.03531839557155,273.80977813692704,273.997802734375,7037800
2024-01-25,275.7097554896817,276.9368680710622,273.97797236102565,276.1253967285156,4178000
2024-01-26,276.3727762055516,280.3905103847294,275.78892155585714,277.0259094238281,4877400
2024-01-29,278.47068930200265,285.1504234653231,278.07485924341506,284.8634338378906,5762300
2024-01-30,284.6358981989695,286.278621925135,283.5374371254919,284.73486328125,4810900
2024-01-31,281.09315017043787,282.6567199651707,277.8967924025521,278.1639709472656,4557300
2024-02-01,279.0744189574004,282.08275225141824,278.43116099002054,280.84576416015625,3218300
2024-02-02,282.2311982325915,285.16037740288726,280.21242533148774,282.6864013671875,3629600
2024-02-05,283.2702164268491,286.04105711892527,278.43110548259284,285.11083984375,5274800
2024-02-06,284.94266573170063,285.63539110026693,278.9754367535686,282.8546142578125,4207200
2024-02-07,284.35880246467764,286.7832807819751,282.2311891821833,285.8332824707031,3621400
2024-02-08,286.28848056184876,290.0588174371297,285.9718345969214,288.9109191894531,4488400
2024-02-09,290.19738302589815,292.16665824589035,288.0202720792468,288.2676696777344,4376300
2024-02-12,287.7926368366848,287.9707558294287,284.0123949245569,284.3290710449219,3750000
2024-02-13,277.4910708611127,280.4796232467202,273.5426144993481,278.2233581542969,4956600
2024-02-14,282.033251231917,286.44681576013545,281.6770131999976,286.1400451660156,3850700
2024-02-15,288.3072407434732,288.96037397988147,285.01191825967226,288.9010009765625,3986500
2024-02-16,288.96042774327185,289.0297063266671,284.8833196906599,286.70416259765625,4159400
2024-02-20,286.4864560205481,287.8224092647702,281.1921406896863,283.4088439941406,4295500
2024-02-21,277.15457259606376,280.61813877137104,275.46235137791393,280.59832763671875,3797200
2024-02-22,288.96038264356747,291.5630101000467,288.3666223926758,290.59320068359375,5264300
2024-02-23,294.8979266181457,294.8979266181457,288.0499480543584,289.7520446777344,4416800
2024-02-26,292.51300969487835,300.6672245640386,291.9291550088488,297.2630615234375,8719300
2024-02-27,298.44062822923775,298.60887186754127,293.5124878822756,296.3822937011719,6178800
2024-02-28,296.46148102179757,297.7479666716232,293.5223963032201,296.6495056152344,12490800
2024-02-29,296.8770918948469,307.307382179391,291.72133485491156,305.60528564453125,21737800
2024-03-01,303.8042625990945,315.39235810089156,303.42821340298076,313.5814208984375,9450200
2024-03-04,311.2954675159619,314.34339273970426,310.2761905853052,311.36474609375,9350000
2024-03-05,308.06938992514273,309.2964723767596,293.0573202294785,295.64013671875,9015300
2024-03-06,301.4786934592631,302.70580602663847,299.5885722707139,300.60784912109375,8270000
2024-03-07,302.814662483694,303.57663621993976,298.6089032825316,299.2719421386719,6788900
2024-03-08,299.0542173288679,305.65476808406504,299.0542173288679,302.1021423339844,4851600
2024-03-11,299.48962726977237,304.40786214082755,297.12449192221646,302.81463623046875,4895500
2024-03-12,303.5172516473149,305.8230141040434,300.7068186416094,303.4281921386719,4832000
2024-03-13,302.21931149345227,304.9244329382314,300.34652813029385,301.9022216796875,5548800
2024-03-14,302.2193639521933,306.6684196662404,299.2467144706963,300.5546875,4828800
2024-03-15,296.2343689906387,297.31442781652225,291.0916838747914,291.6465759277344,11885100
2024-03-18,296.8883937033267,298.2260919547591,293.32120844595795,297.7702941894531,5240500
2024-03-19,295.46151411640017,299.0187808000131,293.9157389067899,298.70172119140625,3329900
2024-03-20,299.21697466891146,304.2209222909226,297.94864549458003,303.28948974609375,4946600
2024-03-21,305.1325207194024,308.95731467577167,303.55702034053394,305.57843017578125,6083900
2024-03-22,306.4999677592072,307.40167500895825,303.8542965768079,304.9640808105469,3779000
2024-03-25,300.93118391850066,304.9046042481013,299.78175599173983,303.2696533203125,4141200
2024-03-26,304.67675994321377,305.17220151511606,302.11037622948226,303.0417785644531,3893900
2024-03-27,304.63707279650146,306.4801006668007,295.90739596108114,298.63232421875,3859900
2024-03-28,297.264908351003,300.0393687332056,296.89828646899946,298.43414306640625,4892300
2024-04-01,298.9395228753953,300.74293736287854,297.2550095208271,299.50433349609375,2918100
2024-04-02,294.78771460683726,301.6842523370073,292.20152429778034,301.22845458984375,4746100
2024-04-03,301.21853812867334,304.3596508008841,300.3366679110109,301.9617004394531,3047400
2024-04-04,305.4496067893847,308.46186937189265,289.4369336954622,291.4583435058594,8351000
2024-04-05,290.8638150423224,300.6537442826217,290.6259825507705,299.1575012207031,4918200
2024-04-08,298.3548953282237,300.73300862367074,296.78928315983643,298.9791564941406,3142900
2024-04-09,300.5546321749351,302.8138441554306,296.5217311966217,299.61328125,2997700
2024-04-10,295.72908089402785,298.17656342352745,295.43179781277314,296.8883972167969,3036400
2024-04-11,296.7397277510534,298.34495334317535,293.70762824607897,296.4226379394531,3468600
2024-04-12,294.16345853760384,295.1345348534482,290.8241873575192,291.63671875,3820000
2024-04-15,280.3604619250944,283.86819650595703,269.18330195835165,270.4119873046875,18365100
2024-04-16,272.27486244920635,278.00216567207906,269.95619957759556,274.8808898925781,7624300
2024-04-17,275.20787943963603,276.4266766137454,272.3343243208148,273.80084228515625,4199400
2024-04-18,273.80082812099823,273.8107163893351,267.29071883303266,269.4409484863281,5918200
2024-04-19,270.00569639838966,270.65968280082615,266.2799969169548,267.905029296875,4913600
2024-04-22,276.84277235504203,277.14994361759545,267.102377062554,271.3136291503906,6747200
2024-04-23,272.4432929836482,274.1773382338895,267.9446756960044,274.1575012207031,6285200
2024-04-24,275.46546228732774,276.3968946868716,271.6109130663338,273.6719665527344,3938800
2024-04-25,269.1238727725173,271.085802079547,266.8250165798691,270.64984130859375,4811900
2024-04-26,272.49282510387536,274.3754967567232,270.9668568162758,271.789306640625,3754600
2024-04-29,272.3838782668585,274.7619917322649,270.72909013355445,273.2261047363281,3576400
2024-04-30,272.00726186226126,272.10632595616136,265.91330812016105,266.488037109375,5218000
2024-05-01,266.56733453092744,271.5019427711083,264.11985230440223,266.2403564453125,3761000
2024-05-02,267.9645040026479,270.5903381161474,265.4972148106326,269.6490173339844,3859900
2024-05-03,274.2962637679112,275.13852044085894,270.85789824184513,271.1650695800781,4041600
2024-05-06,273.6521812535206,274.60342050070125,271.56140232389225,273.1170959472656,3744800
2024-05-07,273.07742335226203,276.33743666258795,271.5712921831598,274.6529235839844,3507700
2024-05-08,273.2161844520602,277.3877934757484,273.2161844520602,276.4266357421875,3283300
2024-05-09,269.6886666181252,272.8396676185148,268.598689160312,272.66131591796875,4709700
2024-05-10,273.58283341139435,277.0905680966923,272.4631306559636,274.14764404296875,2912300
2024-05-13,274.61338846135425,275.2673447720051,272.68115409818165,274.9898986816406,2998700
2024-05-14,274.4349426111415,276.3176142317022,272.5324642170787,274.2763977050781,3056800
2024-05-15,277.1896122032604,285.17612709429903,277.17972393560916,284.91851806640625,5828500
2024-05-16,286.7813701755316,287.37587578200026,281.9854698614565,282.0845642089844,3559200
2024-05-17,284.42308930970165,284.7203421395908,281.66843554177206,283.006103515625,3478900
2024-05-20,283.39256764586133,285.0968877937252,282.5106671687175,284.45281982421875,2799300
2024-05-21,284.17534795462893,284.6014203930589,280.7072574068182,281.1729736328125,3492100
2024-05-22,280.82618668752076,284.47262928596115,280.25145754793607,281.2324523925781,3309200
2024-05-23,284.066351134621,284.3834409743364,274.9304080233627,276.0303039550781,5456600
2024-05-24,268.4599091047367,272.45316616460354,266.08179608395665,269.8075256347656,8325100
2024-05-28,270.6101406936975,270.73896031596956,264.7242935297814,267.36993408203125,9294100
2024-05-29,265.5566544770126,270.38225003910105,265.32874049185494,269.1436462402344,13397900
2024-05-30,221.36325872974726,223.03785343839465,210.06719844608256,216.02239990234375,66763300
2024-05-31,217.11237414181383,232.48096398675654,214.09017797613305,232.3026123046875,36807400
2024-06-03,232.4809719744316,238.79290716543937,228.1111892971803,234.46273803710938,19962700
2024-06-04,233.5709558116556,238.39655146933828,230.08304321144303,232.7187957763672,11197500
2024-06-05,233.49168036762615,234.76000945700258,229.43897233798305,234.37356567382812,10772100
2024-06-06,237.69303523349546,244.50039707360102,237.26694765194637,240.54676818847656,11693800
2024-06-07,240.12066963636738,241.70607330138964,238.09925992989588,239.64505004882812,6883800
2024-06-10,239.58558466391622,241.41872419098542,238.23798323117714,239.6351318359375,7656900
2024-06-11,238.96137128575077,241.5277548780921,234.10603503895982,238.7929229736328,7264400
2024-06-12,238.3668050170721,239.99185248426468,232.74850038745492,233.65020751953125,10260100
2024-06-13,233.37277664816597,233.50158116134315,226.57531842294526,226.9419403076172,13566700
2024-06-14,227.25902555522566,233.10522929629576,227.11038403115953,229.82540893554688,8833700
2024-06-17,228.18053431117028,229.7263093603755,225.69342344299264,228.3787078857422,10563700
2024-06-18,228.3787179855682,230.17221386222252,227.14011419012456,229.69659423828125,7119800
2024-06-20,230.72711991232242,241.54756080098832,230.72711991232242,239.59552001953125,14809600
2024-06-21,238.37672034388825,243.1329464441624,238.0001799817415,242.82577514648438,15719600
2024-06-24,240.9728571729534,242.181735732746,237.62366754470747,237.7524871826172,7545700
2024-06-25,239.57568431975287,240.8836571032893,237.68309421009377,239.5558624267578,6037800
2024-06-26,239.26852082773965,241.38900985720483,237.7128272498397,240.93319702148438,4524700
2024-06-27,242.76634657708888,256.2423620676056,242.22135787716442,250.54478454589844,12869000
2024-06-28,251.188827302442,257.80791813722857,250.8717375016582,254.75601196289062,12619300
2024-07-01,255.79644572819691,257.114337079673,252.20945403180625,253.87413024902344,5871700
2024-07-02,252.72471829823348,255.38029266481706,251.74373866137842,253.8543243408203,5130600
2024-07-03,254.637086201836,258.8384198178694,254.59744242073808,258.5708923339844,4755700
2024-07-05,260.3247501477374,263.3865746029796,258.93752017050974,260.79046630859375,6562100
2024-07-08,258.9970256778054,260.4437065153461,254.84522313118944,255.02357482910156,6539300
2024-07-09,254.15022504859945,255.05333582538668,249.18809789246353,250.5179443359375,7014900
2024-07-10,249.29727177418485,252.87000947673258,244.24582983233572,250.67674255371094,8947700
2024-07-11,250.68668085403237,253.48531281696103,249.01939818281468,249.21788024902344,5341800
2024-07-12,249.71410439645507,253.3563042362094,247.7987304123646,252.0463104248047,4705500
2024-07-15,254.08073964030905,254.44796247837465,250.2102866431467,250.94468688964844,4404300
2024-07-16,251.85772575401742,254.83500205985877,250.7561329151277,254.09068298339844,4780400
2024-07-17,252.07604953220837,253.6341646661678,247.71930266767535,249.31710815429688,5625300
2024-07-18,250.23015165890777,250.53780112463548,243.85878210487482,245.4764404296875,6351600
2024-07-19,246.7665812899307,247.10401745068327,243.31294497516012,245.7543182373047,4468900
2024-07-22,246.86582715301734,253.6440946966553,246.12150807617408,252.15545654296875,5647600
2024-07-23,254.64645243704945,255.38083760681855,251.82796768433244,254.12046813964844,3905500
2024-07-24,251.70887509675995,253.97160394157453,247.0146917523482,247.88803100585938,5204100
2024-07-25,252.8104795399874,262.07971501374357,249.81335026358818,254.5769805908203,7155800
2024-07-26,256.2144728514621,262.4865782150858,255.12279887971118,260.7200622558594,6127300
2024-07-29,260.7201055237692,264.06457475275147,256.56184008202604,256.6313171386719,5101400
2024-07-30,257.6535046260631,258.7749502919479,253.18758985592405,255.97630310058594,3944300
2024-07-31,254.2693129128377,259.8467390268826,253.41584157389798,256.8396911621094,4647700
2024-08-01,257.93135942526783,261.3651428826216,247.84832871285803,251.14317321777344,5527400
2024-08-02,245.91309716367417,246.12151317251843,239.29362118706632,242.12203979492188,6504500
2024-08-05,230.56028671124267,239.98832844120034,230.45111930653582,237.19960021972656,6899300
2024-08-06,239.26383341991152,242.0029371854378,236.22701415222778,236.6140594482422,5673900
2024-08-07,240.7723424694862,244.66264847187114,237.84469037880896,238.2218017578125,4035500
2024-08-08,241.3975657676292,247.54066642653214,241.23877406529883,247.23301696777344,4474300
2024-08-09,246.81621139103137,251.03401963905554,246.56810502350055,250.61720275878906,2975300
2024-08-12,250.68667039403712,252.1653745973222,247.1337855272653,249.40643310546875,3679700
2024-08-13,251.0836372804931,253.84257880279029,251.0836372804931,252.67152404785156,4031600
2024-08-14,253.45553978918326,255.75795900158542,251.9371300338669,253.38607788085938,4145200
2024-08-15,255.94652439299588,260.89874811667676,254.29909446724307,260.79949951171875,5167900
2024-08-16,259.7673923263225,261.60338568371714,257.71306413259305,260.9186096191406,3494900
2024-08-19,261.107113957355,263.3797764743866,259.64824749081237,263.3698425292969,4501300
2024-08-20,262.9431176290023,263.48893947568365,259.05279679734815,259.8566589355469,5731300
2024-08-21,259.12226915039327,260.154400011352,257.2167991214247,259.1123352050781,4648200
2024-08-22,259.519279098769,261.2659577434413,255.32130815516769,256.6313171386719,5111400
2024-08-23,260.00555071858406,263.588222573028,258.7253436117617,262.0003356933594,4711300
2024-08-26,261.94078337519613,265.27531844747205,261.24607342526093,263.2706298828125,3818300
2024-08-27,257.68326794850907,262.45683204963876,257.4351615803156,262.1988220214844,5276400
2024-08-28,259.84673352836006,263.17136473158683,255.41059070425726,256.9389343261719,10981900
2024-08-29,268.9572025145077,269.8900847619792,254.3387662755032,255.06324768066406,14301700
2024-08-30,255.48999474947408,257.16719608099504,249.09877281683768,250.984375,10507700
2024-09-03,250.7065029927099,251.76840545338814,244.77180326291537,246.18104553222656,6190400
2024-09-04,244.6030982639624,247.59029337283204,243.30302336655805,245.80392456054688,4706500
2024-09-05,244.11679835287862,246.61771462864823,243.14422569021656,244.2557373046875,4083600
2024-09-06,245.8634880054257,248.10636408520003,239.6112046018365,242.12203979492188,6259400
2024-09-09,244.63286828670854,247.47120561982027,242.91597653436926,243.89846801757812,4588800
2024-09-10,245.2580945255525,245.46649537984592,241.4670222198816,244.29544067382812,3544800
2024-09-11,242.9556566703022,248.12619960174976,240.17686255689657,247.6796112060547,4822200
2024-09-12,249.48582285398723,252.2149927275471,247.67961648486406,251.45082092285156,5219700
2024-09-13,250.6271014174265,254.88459967904038,250.53778676666482,252.64173889160156,4998900
2024-09-16,252.64174791340054,255.8571966013221,252.64174791340054,254.96401977539062,5367000
2024-09-17,256.7603101398963,257.40538061633,252.8302987483872,253.25704956054688,5423400
2024-09-18,254.4597833606113,254.5790565306264,249.45011304917267,250.9112548828125,4436700
2024-09-19,259.15136657070315,267.9183078891025,256.49741740945814,264.3896484375,11022800
2024-09-20,264.40956855283923,268.6936351409185,259.7477833698809,265.1947937011719,11463200
2024-09-23,265.642079538368,266.4472037138062,260.66221269964717,262.620361328125,6034000
2024-09-24,268.20658147634845,270.820763198128,264.6879013723453,268.81292724609375,7154500
2024-09-25,268.8228340136519,275.3831004634625,267.75926445059474,272.44091796875,7920000
2024-09-26,274.4686601433696,276.9635683573836,271.06922333250594,274.10089111328125,5253400
2024-09-27,274.5978978627765,276.1683784826955,273.40510550118927,274.9756164550781,5220100
2024-09-30,272.30180910399594,274.08101784056555,267.5207505946754,272.063232421875,5059700
2024-10-01,272.4906716295642,273.0473000044762,268.06743259016764,269.2403259277344,4369900
2024-10-02,272.0731980998847,280.30338127283454,269.22046995951524,277.7985534667969,8512300
2024-10-03,277.311417684903,279.42860716984575,276.05901923420623,279.2198791503906,3868400
2024-10-04,282.1521276114144,286.15791003630017,279.7765229391169,286.01873779296875,6129900
2024-10-07,284.855765760144,286.4362261506658,281.67503689812435,282.8578796386719,4794700
2024-10-08,284.27927021573623,290.86938542417226,282.39070770417356,289.8157653808594,5211200
2024-10-09,289.0702902386744,289.8157778675132,285.35277130243264,286.187744140625,4851000
2024-10-10,286.18773154782974,288.48383091690295,282.90756792489094,288.4241943359375,3965500
2024-10-11,287.4699452534512,288.49374699420673,284.5774497721398,286.36663818359375,3597000
2024-10-14,288.175723063725,290.6905002222738,286.5157571946097,289.8853759765625,3642500
2024-10-15,291.6943838500324,291.8136570143212,286.26724253711086,286.6151428222656,3850800
2024-10-16,285.8199330289893,289.16968278424986,282.51993098129304,289.1100158691406,3497000
2024-10-17,290.20338193819947,291.5750838693013,288.3545873938209,289.3584899902344,2830000
2024-10-18,290.2829416938314,292.9368605773915,288.40429837120433,291.1775207519531,3087900
2024-10-21,287.26124477225807,291.1576736192302,286.30702906168204,289.5374755859375,2712600
2024-10-22,288.0067152593296,290.1835415218294,285.9193438705528,286.5952453613281,3100100
2024-10-23,285.99891410280054,286.5654617048536,280.91964209842234,282.71875,3227100
2024-10-24,284.83592016275986,287.1717875433635,283.46421802717265,285.03472900390625,3210700
2024-10-25,288.2552394236773,292.60889237599457,287.0922652831929,288.71246337890625,3351200
2024-10-28,291.8335727445935,294.28871329614765,290.7302352440476,292.0025329589844,3867800
2024-10-29,292.2311420796428,298.79143909108154,291.0482993159363,297.09173583984375,4280700
2024-10-30,295.28268150139564,297.73782192546724,294.5670121780315,294.61669921875,2826500
2024-10-31,290.8395845289267,294.308577312941,287.80791658722734,289.6169738769531,4301800
2024-11-01,288.48386186538715,295.20317015807194,288.2552347245139,292.94683837890625,3527500
2024-11-04,296.1971419313155,298.37396828530456,291.15766849597,296.217041015625,5107900
2024-11-05,295.65044723718,297.0121997445248,292.96667972103404,295.70013427734375,4456100
2024-11-06,303.1649652627619,306.70354406993107,301.2465844020714,305.05352783203125,5874900
2024-11-07,305.64989194923345,310.3116764677943,304.1589168665543,308.91015625,5722600
2024-11-08,308.16470380172325,320.86781173939096,307.5782571758288,320.01300048828125,8485000
2024-11-11,323.29312227508075,342.80502256359586,323.29312227508075,339.6739807128906,13954200
2024-11-12,337.24867835020376,346.7610776210309,336.47337241484547,339.09747314453125,7659700
2024-11-13,343.4213191341874,346.09513733071975,336.7317988716335,339.6640625,6902900
2024-11-14,340.37972338019847,343.918302330056,328.8296395831272,329.6546325683594,7630600
2024-11-15,324.9630361346331,328.273018357552,322.2295813602451,323.3031005859375,7093000
2024-11-18,325.03257847350176,325.03257847350176,318.283422555419,320.3111572265625,4250400
2024-11-19,317.0807302856705,322.74644825821815,314.09877984411247,321.48406982421875,5469900
2024-11-20,323.3329111104899,325.2910598788164,320.07264634400394,323.7404479980469,3763500
2024-11-21,329.35645628386993,340.87672202063334,326.6230015136965,333.7597961425781,8364200
2024-11-22,336.910713005545,340.7474746817521,333.75977202395035,339.96221923828125,5649400
2024-11-25,342.9243100854611,345.7571691486131,336.25468924368715,337.0697326660156,7117200
2024-11-26,339.9224724308903,341.74144880429225,337.09956306233937,341.115234375,4492800
2024-11-27,334.4356810108316,335.3501591807704,326.9012994031239,328.0245056152344,7471500
2024-11-29,327.35849448331345,329.992544468099,325.28107278459703,328.00457763671875,3517600
2024-12-02,330.0025276272535,332.48748641962743,328.1238842199134,329.01849365234375,6063400
2024-12-03,325.4301913182135,330.7976961429256,321.7027531991122,329.4359436035156,12632400
2024-12-04,364.60308767326615,366.7799139797006,354.5042116049141,365.6567077636719,24733100
2024-12-05,358.6093838327072,363.251300356563,354.5241260039135,359.2057800292969,10942100
2024-12-06,362.79399244442664,364.94100023433356,358.9174632406918,359.8120422363281,5738900
2024-12-09,359.523830270804,359.523830270804,348.6794670623645,349.45477294921875,6475000
2024-12-10,349.236090385665,353.3511660851202,345.3396619240758,346.7213134765625,6033000
2024-12-11,351.36322401511745,358.0328752602958,349.7629251116972,352.7150573730469,7546600
2024-12-12,352.8641164405472,357.83403357351267,350.79664426017905,355.8758850097656,5422000
2024-12-13,361.81001737290944,362.6051920906901,350.37920638447963,352.1783142089844,5538000
2024-12-16,348.66954357045745,355.91569204194394,348.4508659791625,355.08074951171875,5482300
2024-12-17,354.752713451387,355.0807450011476,347.00957331022454,348.8583984375,6911000
2024-12-18,352.7691970111724,353.03786783643295,333.60322189284557,335.5835266113281,8400000
2024-12-19,340.0317040381684,341.85275592668114,333.79229710401887,334.5884094238281,7423400
2024-12-20,331.11543096557,344.7585155579146,329.5232670501388,341.97216796875,14932300
2024-12-23,340.5790401505071,342.17123457847003,335.03622715382716,341.2258605957031,5330300
2024-12-24,341.32534115309187,343.26583264527153,339.1659225713769,342.74835205078125,1811000
2024-12-26,343.1961806488671,343.1961806488671,339.3649716153067,340.0516052246094,3483300
2024-12-27,338.68832503266555,340.5989340653399,333.6331099645242,336.797607421875,3220400
2024-12-30,331.84189336372475,336.4592235989052,329.99095869061244,334.1007995605469,3411100
2024-12-31,334.6281929763692,335.5039013457353,330.7870535190621,332.6976623535156,3026000
2025-01-02,334.66800169637645,337.2652744556228,326.2095019935135,329.04559326171875,4807100
2025-01-03,330.47857623394117,331.8120302350434,327.66237629000693,331.274658203125,4101200
2025-01-06,332.3891800611125,334.9566005546259,325.6820969483946,328.9162292480469,5785300
2025-01-07,328.88641046852604,329.8815282006547,321.3334705258994,323.3435974121094,4643100
2025-01-08,326.13985026340754,327.19467254735315,321.53245066557554,325.303955078125,3788200
2025-01-10,321.19411865674493,321.19411865674493,314.47707440006474,316.29815673828125,6540000
2025-01-13,313.06402976469906,318.98496176911055,312.2679173955755,317.51220703125,4583000
2025-01-14,323.41325151797923,328.3291353705391,319.9303395785549,321.96038818359375,5935200
2025-01-15,328.2694068822589,329.91134488923416,319.21383042412464,319.59197998046875,6042700
2025-01-16,321.36330095052836,326.11996217131673,317.9898374915065,318.4376525878906,5047700
2025-01-17,327.11509616657395,327.9609522972053,321.4926871560916,322.97540283203125,6303600
2025-01-21,327.7917307998459,327.9111400526669,320.8756817129446,325.2442321777344,6397200
2025-01-22,329.63269598153715,333.5932748538676,325.68207800287945,330.9960021972656,7259300
2025-01-23,330.7074209809426,333.8221439499082,327.990769349651,333.02606201171875,4355900
2025-01-24,334.65804557894086,336.9965780744736,330.1700857349396,332.2498779296875,3299100
2025-01-27,330.7372799971864,351.42578396974625,328.8863757875245,345.40533447265625,15661100
2025-01-28,353.03786412744364,365.2977203905647,348.74890965102145,358.1925964355469,12099300
2025-01-29,357.0084065450829,358.42145655700403,349.78384291654254,352.2716369628906,6266700
2025-01-30,339.23560063867643,346.30094202379763,338.34000082784826,341.892578125,7591100
2025-01-31,346.30093671188604,347.79361316323036,338.43951347518856,340.0317077636719,5778000
2025-02-03,334.3296858583306,339.7928721659026,329.6426901210616,337.5837097167969,4549400
2025-02-04,343.9325324114185,345.2361340089683,337.01648346622903,342.45977783203125,4965600
2025-02-05,344.0320607956385,346.34074093561804,337.21549910428655,346.23126220703125,4521000
2025-02-06,335.83230256933524,335.83230256933524,327.49321212332,329.1948547363281,13240600
2025-02-07,330.37905544143996,332.1901768290059,322.1394826228846,324.2391662597656,7626100
2025-02-10,326.31899447056423,330.1302817233104,325.05517561405884,325.6025085449219,5981900
2025-02-11,322.43801254044655,324.84621063444416,319.691508455615,322.816162109375,5455900
2025-02-12,317.9898106864774,325.40344880828724,315.42242069108204,324.5277404785156,5643400
2025-02-13,324.6073896388106,328.7371218133753,321.6419281085608,328.23956298828125,4312100
2025-02-14,326.4284247328424,326.8961312190405,321.04483487888683,324.9457092285156,5879700
2025-02-18,326.98569317768784,327.5529175061922,321.42298935901675,327.3538818359375,5262100
2025-02-19,328.1300495107757,328.1300495107757,321.2935968368394,322.94549560546875,5012000
2025-02-20,320.66670098292064,322.8659328490711,316.6563780786082,316.87530517578125,6393100
2025-02-21,317.41265613381637,317.41265613381637,305.3617664321641,308.28741455078125,7353200
2025-02-24,309.989094332165,311.20313902297426,302.0380840309016,306.8146667480469,6652900
2025-02-25,304.75478535730946,306.91420405573126,299.15226803609437,304.3865966796875,7360100
2025-02-26,311.133492446126,312.16842331980774,304.95382025637224,305.8294982910156,12638500
2025-02-27,294.8931463359584,303.43127236183363,291.24108174545614,293.4601745605469,16691400
2025-02-28,294.51502595855493,300.5056539478324,290.72362995143084,296.39581298828125,10863100
2025-03-03,299.5304176095154,301.5903184675818,289.6389455752495,291.6291809082031,6298200
2025-03-04,288.5841198773477,290.22605793396815,280.86199715854593,285.9371032714844,9096300
2025-03-05,285.8176859029506,291.25101964053096,284.22549162680747,290.54449462890625,6612600
2025-03-06,286.8227608263759,296.62464502976997,283.4393366437888,284.65338134765625,10396800
2025-03-07,281.7974123543784,286.90237082154323,273.8265405290649,281.50885009765625,8248100
2025-03-10,275.61773249722967,276.99099969208663,269.3982472803631,271.5675964355469,10040200
2025-03-11,272.3835983214497,279.08075088985436,270.6719947867316,275.69732666015625,8313400
2025-03-12,280.47390015997763,284.5339665844694,277.7273658804639,283.1905517578125,7463900
2025-03-13,280.6729299093718,281.1804496448643,268.4329945748023,270.41326904296875,9494500
2025-03-14,273.65734668111503,278.5234864408357,271.34866650429154,278.0358581542969,6976900
2025-03-17,276.0157700385882,281.34961628578174,274.73205980261787,279.3792724609375,4484300
2025-03-18,278.65285112727133,279.1305185623137,274.5927842194504,277.3691711425781,5881700
2025-03-19,276.1451529712775,280.8421095807034,275.9361867641236,278.02593994140625,5245400
2025-03-20,275.70728068139704,281.49887241981395,275.70728068139704,277.66766357421875,5504700
2025-03-21,274.861435992258,280.47391408228043,272.7119782366269,279.2499084472656,9804100
2025-03-24,282.3546803129461,285.3599551371983,281.8372300529376,284.5638427734375,6763800
2025-03-25,284.2155441958304,289.0319404606746,284.2155441958304,287.2008972167969,4301700
2025-03-26,286.93222394029937,287.62881845337364,278.2149834751783,279.61810302734375,5070300
2025-03-27,279.1703260327786,279.52855382525627,274.66244409927566,276.4536437988281,3757200
2025-03-28,275.35899982981323,275.85655866095954,267.8757259420612,268.65191650390625,4973400
2025-03-31,263.2583781230131,267.13936148820505,257.9245617725103,267.0497741699219,7585800
2025-04-01,267.5473139785655,269.4977664173598,264.5221782198688,268.88079833984375,4598200
2025-04-02,264.66146035271936,272.29402547502656,264.4524941662697,270.2142333984375,5396900
2025-04-03,258.8699023572897,261.28803079308045,253.20766570195835,253.98385620117188,8872600
2025-04-04,246.49063730943206,249.06798836240424,238.3605279824585,239.5845184326172,9705000
2025-04-07,228.87705662646997,251.7150033703836,228.87705662646997,243.01768493652344,11965200
2025-04-08,252.71013063373326,256.13335305092386,239.09692812257205,242.79876708984375,9340300
2025-04-09,239.7238408971579,266.8607192242734,239.7238408971579,263.8753662109375,12491100
2025-04-10,259.1371092417353,260.37298418336576,247.30650839026805,254.27330017089844,9692300
2025-04-11,253.42614399168968,255.55904124402167,246.8580030401621,254.15371704101562,6089000
2025-04-14,259.13710964430385,259.13710964430385,252.29987606613207,253.7052001953125,6038100
2025-04-15,253.5257995432802,255.86800651643716,252.9576991505636,254.0839385986328,5227700
2025-04-16,251.09389385166799,255.75835468730776,245.87129396302672,249.01083374023438,7190900
2025-04-17,248.94107167619953,250.72512436195365,245.9809272468671,246.43939208984375,5566900
2025-04-21,239.6320653546858,241.67526495640345,231.99749854689216,235.4759063720703,9240000
2025-04-22,237.43936605696322,243.40949212203367,234.8181047537531,242.58224487304688,7145300
2025-04-23,251.77164806108954,256.93446478055887,248.671968803549,249.64871215820312,5818900
2025-04-24,257.3431052214932,264.1006027302972,256.14707558144227,263.821533203125,7857600
2025-04-25,263.8414426170355,268.1371360602642,263.32317935442006,266.9610595703125,5651700
2025-04-28,267.26007211544515,268.60559789129564,262.45606117235724,264.7584228515625,4977700
2025-04-29,264.51918495476684,267.68862387754194,264.289967744713,266.8713684082031,3139800
2025-04-30,263.9211794988917,267.9776794350502,262.1271654380779,267.8182067871094,4624100
2025-05-01,272.492657358248,273.6886870673053,268.1072657855362,268.4361572265625,5208900
2025-05-02,273.5491157405084,275.4029586032486,271.346458788121,274.16705322265625,4323400
2025-05-05,272.4627541337437,275.2534799417808,271.4062744199928,271.7252197265625,4219600
2025-05-06,268.92452923358434,273.8879821532998,267.64877851162856,272.4527587890625,4681600
2025-05-07,272.8016218194193,277.8647797027412,272.8016218194193,277.306640625,4267600
2025-05-08,278.2833751219381,282.1106276346262,277.4561430324549,278.8116149902344,4789900
2025-05-09,280.6853561503851,281.54251780335744,272.9710533551165,274.5059509277344,4324200
2025-05-12,284.0541511069147,288.0109768144243,282.29003627622296,287.8614807128906,5937400
2025-05-13,290.0342404319002,291.7684560538448,287.9711029680917,288.2103271484375,6711600
2025-05-14,292.5259353238092,295.06746024443095,288.3000167238966,289.77508544921875,7926200
2025-05-15,288.60899084922016,291.00101971612247,286.99437212446855,289.7950439453125,4635600
2025-05-16,290.12394789485836,291.2003807020362,288.75849941845746,290.1837463378906,3846000
2025-05-19,287.1438564141855,288.9378703864927,285.9578033668804,286.6754150390625,5781200
2025-05-20,287.13390312766717,287.4827476550664,284.26345620642525,287.10400390625,4032300
2025-05-21,283.46610600557574,286.6754207118556,280.17703976953305,281.3431701660156,5689800
2025-05-22,281.56244054257155,285.3996692668535,280.09731795389285,282.4794006347656,6642700
2025-05-23,278.0740550422551,279.80827059855113,270.74844213261383,272.2235412597656,8887800
2025-05-27,272.2634328558058,277.65545169969494,269.3929859637883,276.27008056640625,10958000
2025-05-28,276.7883393064376,277.88469475632166,272.67204090877595,275.1139221191406,12758600
2025-05-29,262.7152140038654,266.9012875313851,253.65538485108505,266.0341796875,28053100
2025-05-30,267.19028589771074,268.84478035938776,259.8348041037231,264.4892883300781,12388500
2025-06-02,262.23678480699635,262.91455116231907,258.27998950873194,260.7517395019531,9213500
2025-06-03,261.13048131044997,263.87135468298334,260.4925907257468,263.59228515625,7838500
2025-06-04,263.31323483455844,264.6188849030359,260.7517565960371,262.296630859375,7372500
2025-06-05,262.8347784955663,267.85806002620166,262.76503393119947,266.25341796875,8642900
2025-06-06,269.07402729894693,273.9876583610231,267.3198586373146,273.5989685058594,7507000
2025-06-09,271.94448088835054,273.2900066380453,268.76506531732184,271.3464660644531,5728300
2025-06-10,271.1670627063478,272.8414798306025,265.95440905505984,267.329833984375,6309700
2025-06-11,267.60892776006995,268.61558560143345,264.52918620787085,265.02752685546875,6568100
2025-06-12,263.82154335748237,268.12718331153366,262.5258394615067,266.0242004394531,8054000
2025-06-13,262.6055770302866,264.8182105404656,257.1437530315329,257.54241943359375,7659300
2025-06-16,259.52583426184844,263.1039161473845,259.09723822617013,263.0042419433594,7177000
2025-06-17,262.9743488624542,269.60227296483674,261.23015670833786,261.8879699707031,9110100
2025-06-18,264.33969467609177,264.6192067427119,257.0224495786054,259.0489196777344,7628000
2025-06-20,260.2368341803139,262.4130372842634,258.80932732020716,260.17694091796875,12859200
2025-06-23,260.1869439795492,264.2797925758583,258.3002147445281,262.9521179199219,9283800
2025-06-24,265.2481080930584,272.9047887455767,264.9785884009678,270.6986389160156,9713900
2025-06-25,271.52717541452205,273.5236987631583,266.5159127766755,267.2945556640625,6074300
2025-06-26,268.31276384948774,270.53889828610454,264.6990615672291,270.26934814453125,6708000
2025-06-27,271.38741635670766,273.69342895541,268.961647690557,272.9447326660156,21741400
2025-06-30,273.98288506096105,275.89956084127255,269.92994518237754,272.2159729003906,8541900
2025-07-01,271.60703484404195,273.52371074710095,270.1695659974102,271.4373474121094,6256800
2025-07-02,271.04801709792315,271.2376892659797,265.1882255493604,268.7420349121094,6115200
2025-07-03,269.23118756057556,274.2524425975935,268.8518432474582,271.6769104003906,5031800
2025-07-07,271.038043088596,273.52370496536173,267.7437612099306,269.33099365234375,6283500
2025-07-08,270.3193024805398,276.3188347638184,269.2611474835743,273.17431640625,6661200
2025-07-09,273.88305829378095,275.08098448855907,268.90174228847684,270.4490661621094,6373600
2025-07-10,270.42908510016537,271.0180558401543,262.75245028472796,263.5111389160156,7244600
2025-07-11,262.1235383841973,262.492920795796,256.81280940259336,257.62139892578125,7011200
2025-07-14,258.1504674879566,261.7741621336037,257.05237358555934,259.22857666015625,6533900
2025-07-15,260.5463010496801,261.35489058129264,256.782865446193,257.1322326660156,5201500
2025-07-16,258.4798943993192,258.5298257629847,254.0775718834422,257.5016174316406,5649500
2025-07-17,257.5415239545556,259.7477042264874,256.20385694414034,259.4282531738281,5837400
2025-07-18,259.8475182026605,262.5228828134107,258.6695766633665,261.9239196777344,6381200
2025-07-21,263.1617331266578,263.8505361071046,261.18519454322615,261.8240661621094,6714700
2025-07-22,262.5428346557154,265.42782567471664,261.54457292698646,263.1318054199219,5001400
2025-07-23,263.4612417340518,268.01331265693506,262.0436967131534,266.7554931640625,5620700
2025-07-24,267.5141922446008,268.8318745893041,265.1782634270665,267.23468017578125,5877100
2025-07-25,267.54411793925857,270.62874282091667,266.5458562766691,268.6421813964844,4015400
2025-07-28,269.0315161607091,269.8700522955965,266.1265710874234,269.78021240234375,4533700
2025-07-29,271.1278744985686,273.52369640335655,266.84532342262327,266.9252014160156,5137100
2025-07-30,266.4060870133077,267.3045164234517,262.87223217124426,264.34967041015625,3928200
2025-07-31,264.5393390657507,264.57927806209267,257.41173621285475,257.88092041015625,7340300
2025-08-01,254.54675030760632,255.54501198384455,249.69519795179784,250.30413818359375,7646900
2025-08-04,250.56368070863866,253.05933489896373,250.20430589594127,251.8813934326172,4403500
2025-08-05,252.57017733639083,252.84968938285692,246.58060737109287,247.05978393554688,6761000
2025-08-06,248.93651147313142,249.82496376334453,246.59060565312643,248.7368621826172,5834700
2025-08-07,250.25421762687853,252.57017675400954,236.5580664525636,240.46127319335938,10010200
2025-08-08,240.87056186233718,242.52767996052398,237.41658486779494,240.0919189453125,8812000
2025-08-11,238.5046865237461,241.44955552918194,231.16747207619568,232.27552795410156,10740100
2025-08-12,232.59497598153612,233.2638094923237,226.08630543581694,231.25730895996094,13178000
2025-08-13,232.6049494642353,236.93741674855283,229.21086583213918,236.6179656982422,10209200
2025-08-14,236.58801974822248,236.58801974822248,232.46519410782122,232.96432495117188,7544800
2025-08-15,235.7394952982848,244.07498661929336,234.22214847548955,242.01856994628906,12942800
2025-08-18,239.35320251145842,244.09494539701757,239.0736904652066,243.5458984375,8809200
2025-08-19,244.5741107599522,248.0680266279515,243.0268021148139,245.57237243652344,8642200
2025-08-20,245.27289491679437,247.13965464059214,244.02506780057922,246.02159118652344,8195100
2025-08-21,244.61404415774354,245.86187130259714,239.60278131124227,245.40267944335938,5646800
2025-08-22,245.35275187227782,249.09623313231006,243.68565671234853,247.85838317871094,6694300
2025-08-25,248.93650994973055,248.93650994973055,246.36099299074417,247.43911743164062,4957700
2025-08-26,246.27116082901892,248.39746314580316,242.42786238458956,243.31631469726562,8862300
2025-08-27,245.3228058049517,249.93476985359308,245.18304978021303,249.7251434326172,6506900
2025-08-28,252.04110021879478,255.2055878602424,249.85490474131413,254.08753967285156,8461200
2025-08-29,254.956036875844,257.1921638417244,252.4304359459877,255.8045654296875,7363200
2025-09-02,254.37705558124145,254.54675824362107,248.31759970607249,252.4204559326172,9312500
2025-09-03,254.61661311419977,257.5515047920152,250.11445857218692,256.00421142578125,17417900
2025-09-04,239.6427000400819,244.79373404149973,234.21215398267375,243.58583068847656,30967500
2025-09-05,244.40441215105494,250.69346386407673,243.93522793671386,250.3240966796875,13029400
2025-09-08,250.3640360241148,252.50031544102913,246.8701200934058,251.83148193359375,12602200
2025-09-09,250.88313752200096,254.89613858503566,250.77332812581258,251.62184143066406,10901900
2025-09-10,252.3106426606466,253.54849264237936,241.30979454943912,242.14834594726562,11363600
2025-09-11,243.27636599741192,246.74033521181664,243.07671670981154,245.8518829345703,6944900
2025-09-12,245.6722029896189,247.15960312872315,240.83062779899254,242.33799743652344,8386400
2025-09-15,242.8271612323328,244.2846300327789,240.4213468527663,242.0984344482422,7244600
2025-09-16,242.0984238469874,242.25813413725334,236.82760346160717,238.8939971923828,8779800
2025-09-17,239.97000122070312,243.0,239.3800048828125,242.2100067138672,10124000
2025-09-18,244.16000366210938,247.2899932861328,242.9499969482422,244.27999877929688,9344400
2025-09-19,246.02000427246094,247.1999969482422,243.35000610351562,247.08999633789062,11813900
2025-09-22,245.27999877929688,250.47999572753906,243.16000366210938,249.69000244140625,7523800
2025-09-23,249.74000549316406,251.36000061035156,244.1300048828125,244.55999755859375,7669800
2025-09-24,245.6699981689453,248.83999633789062,243.00999450683594,245.88999938964844,6707100
2025-09-25,244.5,244.66000366210938,239.49000549316406,240.9499969482422,8145500
2025-09-26,240.69000244140625,244.52999877929688,240.35000610351562,243.42999267578125,4974600
2025-09-29,244.72000122070312,245.82000732421875,242.8699951171875,245.10000610351562,6373500
2025-09-30,245.0500030517578,245.2100067138672,235.80999755859375,237.0,10801100
2025-10-01,236.49000549316406,242.47000122070312,233.50999450683594,235.69000244140625,10016600
2025-10-02,235.42999267578125,239.39999389648438,233.60000610351562,238.8800048828125,7679200
2025-10-03,238.75,242.80999755859375,238.5,240.36000061035156,8849800
2025-10-06,239.3300018310547,250.47000122070312,235.41000366210938,245.77999877929688,13922600
2025-10-07,246.47999572753906,247.36000061035156,237.5500030517578,239.74000549316406,8387400
2025-10-08,239.74000549316406,241.32000732421875,235.64999389648438,240.42999267578125,7120200
2025-10-09,239.27000427246094,245.9600067138672,237.14999389648438,245.3300018310547,7929100
2025-10-10,246.52000427246094,249.0500030517578,240.72000122070312,241.67999267578125,7988300
2025-10-13,242.88999938964844,249.35000610351562,242.3699951171875,248.75,8276500
2025-10-14,248.11000061035156,248.27999877929688,239.5500030517578,239.77000427246094,9123900
2025-10-15,240.8699951171875,241.32000732421875,235.89999389648438,236.5800018310547,8389200
2025-10-16,253.19000244140625,256.739990234375,242.6699981689453,246.0,24869700
2025-10-17,246.57000732421875,250.77999877929688,242.16000366210938,243.0800018310547,10851200
2025-10-20,245.0,255.39999389648438,244.3000030517578,254.27999877929688,9963900
2025-10-21,254.5,267.1300048828125,254.0,263.4100036621094,13354700
2025-10-22,262.20001220703125,262.3999938964844,256.510009765625,256.6400146484375,9370000
2025-10-23,257.6000061035156,258.55999755859375,254.1199951171875,255.0500030517578,6110100
2025-10-24,257.4200134277344,258.5,254.0,254.8300018310547,5490800
2025-10-27,257.0799865722656,258.1000061035156,254.9199981689453,255.47000122070312,4942400
2025-10-28,255.47000122070312,258.8399963378906,254.13999938964844,254.25999450683594,6435600
2025-10-29,252.0,253.57000732421875,249.0399932861328,251.4600067138672,7904200
2025-10-30,250.5,259.2799987792969,250.0,256.6499938964844,7767800
2025-10-31,254.8000030517578,261.82000732421875,252.6300048828125,260.4100036621094,6878300
2025-11-03,260.0,261.55999755859375,255.10000610351562,261.3399963378906,7054300
2025-11-04,258.1499938964844,259.260009765625,253.4600067138672,254.44000244140625,6792200
2025-11-05,254.6999969482422,256.8299865722656,252.00999450683594,252.67999267578125,5241200
2025-11-06,250.5399932861328,250.5399932861328,234.47999572753906,239.27000427246094,11041800
2025-11-07,236.14999389648438,240.97000122070312,235.7899932861328,239.8800048828125,5741500
2025-11-10,240.0,241.91000366210938,235.0800018310547,241.7100067138672,6486600
2025-11-11,241.89999389648438,245.6999969482422,241.16000366210938,244.5,5762800
2025-11-12,245.74000549316406,248.42999267578125,243.67999267578125,246.02000427246094,4278200
2025-11-13,245.25,245.89999389648438,239.91000366210938,240.42999267578125,5542100
2025-11-14,238.30999755859375,245.17999267578125,237.4199981689453,243.66000366210938,5512900
2025-11-17,242.07000732421875,242.8300018310547,235.58999633789062,237.02999877929688,5280900
2025-11-18,236.24000549316406,237.7899932861328,230.27000427246094,233.5,8045100
2025-11-19,232.0,232.27999877929688,225.05999755859375,227.8800048828125,9710700
2025-11-20,229.25,231.07000732421875,223.3000030517578,225.3699951171875,7521100
2025-11-21,224.86000061035156,228.67999267578125,221.9600067138672,227.11000061035156,7479300
2025-11-24,227.33999633789062,228.83999633789062,225.0399932861328,226.82000732421875,8563300
2025-11-25,226.8000030517578,234.6300048828125,226.52000427246094,234.1199951171875,10233000
2025-11-26,230.50999450683594,232.82000732421875,226.0,228.14999389648438,8506600
2025-11-28,229.0,232.55999755859375,228.6300048828125,230.5399932861328,3691500
2025-12-01,228.6699981689453,234.25,228.60000610351562,232.8300018310547,5634700
2025-12-02,233.02000427246094,236.64999389648438,231.6199951171875,234.7100067138672,7626200
2025-12-03,235.36000061035156,239.25999450683594,233.16000366210938,238.72000122070312,13782000
2025-12-04,243.69000244140625,248.97000122070312,237.60000610351562,247.4600067138672,20912100
2025-12-05,250.8300018310547,261.8800048828125,249.5,260.57000732421875,15852400
2025-12-08,261.8800048828125,264.2799987792969,256.3399963378906,259.5299987792969,10805400
2025-12-09,260.0,262.25,259.0,261.0199890136719,8045900
2025-12-10,260.75,265.92999267578125,259.1499938964844,264.20001220703125,8894700
2025-12-11,263.5,267.8999938964844,260.7699890136719,262.3500061035156,7783800
2025-12-12,263.5199890136719,264.489990234375,260.9100036621094,262.2300109863281,6006600
2025-12-15,261.2099914550781,262.2799987792969,253.08999633789062,254.5800018310547,10266600
2025-12-16,254.0,254.91000366210938,252.11000061035156,253.66000366210938,3184480
