Date,Open,High,Low,Close,Volume
2015-12-16,19.835273766498936,20.048319972129313,19.600189264571732,20.011587142944336,22731500
2015-12-17,20.0483235570195,20.063015290106396,19.614885903631855,19.62957763671875,24812200
2015-12-18,19.541415563398026,19.70303578686679,19.291637962719225,19.29898452758789,36732700
2015-12-21,19.526722792442087,19.578147346253655,19.401833989807994,19.57080078125,20242900
2015-12-22,19.725080237803112,19.761811669789566,19.512034008881603,19.754465103149414,18966300
2015-12-23,19.864660045520345,20.13647597563283,19.83527378214918,20.12912940979004,18803700
2015-12-24,20.13647871114255,20.239327844485206,20.107093844993656,20.114439010620117,8166300
2015-12-28,20.055664603791826,20.107090563284196,19.930775790310033,20.063011169433594,14204900
2015-12-29,20.158516492985896,20.437679000294406,20.129130228419623,20.40094757080078,16319600
2015-12-30,20.3201367278662,20.40094755414325,20.217287604396656,20.224634170532227,10620300
2015-12-31,20.114436254228572,20.16586221506707,19.938122877853342,19.952816009521484,17041500
2016-01-04,19.538209041008404,19.56042047339228,19.160623163277613,19.553016662597656,35827100
2016-01-05,19.649265308979125,19.73810821659253,19.382733761873798,19.464174270629883,22024900
2016-01-06,19.308697442937394,19.35311889761563,19.116202589821597,19.256872177124023,30799800
2016-01-07,18.871887402362365,19.05697849270974,18.597953379442703,18.812658309936523,43235400
2016-01-08,18.916312976775117,18.975542082063964,18.30181047985334,18.346233367919922,28609700
2016-01-11,18.457277628849454,18.768230613903604,18.457277628849454,18.709001541137695,32346900
2016-01-12,18.8866924214297,18.931113881584015,18.531317915929666,18.768234252929688,30122400
2016-01-13,18.82005769718037,18.894094398335042,18.190747855564595,18.21295928955078,33431600
2016-01-14,18.279587145032067,18.43506290371825,18.10930235563433,18.257375717163086,42902400
2016-01-15,17.716918319694145,18.08710047794222,17.450386713873012,17.48740577697754,64092800
2016-01-19,17.620665273349946,17.790950092065867,17.465189487895273,17.657684326171875,52533500
2016-01-20,17.32452598088997,17.405966513497514,16.635986890637394,16.954343795776367,83632400
2016-01-21,17.095013421516768,17.361545046681112,16.932133768434653,16.954343795776367,46267900
2016-01-22,17.472596286657804,17.50221012184749,17.020973649920204,17.30231285095215,55049000
2016-01-25,17.30971546854258,17.413367423343026,17.13202821876962,17.154239654541016,64066100
2016-01-26,17.206065012818495,17.65768765752315,17.206065012818495,17.561439514160156,25162200
2016-01-27,17.53923373650218,17.694709588928703,17.250490648643794,17.346738815307617,24654000
2016-01-28,17.56884840413625,17.613271288743288,17.01357505574661,17.10982322692871,31833500
2016-01-29,17.3245267288039,17.62067220725303,17.17645469564585,17.613269805908203,39692600
2016-02-01,17.368945198477068,17.450385720538293,17.198661754287947,17.383752822875977,24006400
2016-02-02,17.198660822649266,17.21346844624606,16.828478705525697,16.902515411376953,36203700
2016-02-03,17.0950093660884,17.16164225657225,16.717423457390822,17.102413177490234,32231400
2016-02-04,17.154239581058018,17.4503849960777,16.97655233204621,17.42817497253418,29280500
2016-02-05,17.405965985334557,17.517020355072233,16.887710377048165,16.94693946838379,32641000
2016-02-08,16.75444471702831,17.043187775465324,16.6433903463062,16.97655487060547,38842100
2016-02-09,16.732237026416563,16.924731954874193,16.68041174031896,16.769254684448242,30767200
2016-02-10,17.124620958070086,17.124620958070086,16.628576956137163,16.66559600830078,36896100
2016-02-11,17.835375069266988,18.486894994277304,17.835375069266988,18.27219009399414,92696000
2016-02-12,18.42766462530174,18.77563670569487,18.153730660026998,18.590545654296875,49753600
2016-02-16,18.709000843945812,19.23465866863804,18.649771773387076,19.13100814819336,40401700
2016-02-17,19.375331504816053,19.686284530667002,19.308698612695657,19.590036392211914,36904700
2016-02-18,19.575231036638673,19.67888157907442,19.456772870388466,19.567827224731445,31288200
2016-02-19,19.449370424615413,19.66407533647513,19.43456279976086,19.65667152404785,28791700
2016-02-22,19.893594867033062,19.923208712918345,19.560430274990992,19.715906143188477,24608100
2016-02-23,19.649269023439114,19.649269023439114,19.293893089408243,19.338315963745117,28097500
2016-02-24,19.16803039252511,19.49379106492265,18.990343138162665,19.486387252807617,22960800
2016-02-25,19.61225072633463,19.69369125366211,19.397545807197925,19.69369125366211,18655100
2016-02-26,19.841758222925456,19.878777276898585,19.486383777578542,19.553016662597656,18113000
2016-02-29,19.560423455820576,19.730706893662965,19.360524770284176,19.382736206054688,24763100
2016-03-01,19.5826358119024,19.93801032813547,19.427158578467434,19.86397361755371,25245400
2016-03-02,19.841761479291456,19.923201999265576,19.6936894754954,19.91579818725586,19020100
2016-03-03,19.952820019297537,19.96762623324121,19.686288398450248,19.893590927124023,19002200
2016-03-04,19.930601131802938,19.960214960756065,19.745510111415516,19.84175682067871,19429900
2016-03-07,19.678879434498572,20.123098215592897,19.493788393386986,20.093482971191406,21500100
2016-03-08,19.967630179567937,20.211950409586827,19.76032902205689,20.026859283447266,23821300
2016-03-09,20.16752611340694,20.58212978256194,20.078683176083096,20.44146156311035,38890200
2016-03-10,20.552518497384117,20.71539817749398,20.012052756346968,20.27117919921875,33327300
2016-03-11,20.596933518820737,20.663566415293463,20.485879162077115,20.626548767089844,21873100
2016-03-14,20.59693197945364,20.62654722550937,20.43405236254509,20.508089065551758,18291700
2016-03-15,20.3452116712336,20.50068891653727,20.32300164485658,20.478477478027344,16917200
2016-03-16,20.37482345113434,20.693180288204044,20.367419639559152,20.641353607177734,19087800
2016-03-17,20.670973773844135,21.055963594597984,20.633956119289458,20.870872497558594,28501900
2016-03-18,20.900484920743693,21.011539289006034,20.70799002342694,20.97452163696289,43132400
2016-03-21,20.804239589653776,20.98933068669316,20.759818121761562,20.870872497558594,23799200
2016-03-22,20.87827852853608,21.011542946367737,20.656168341217008,20.93750762939453,23599300
2016-03-23,20.922694556073377,20.937502180467636,20.530300982422233,20.604337692260742,19217500
2016-03-24,20.559914321988007,20.737601561820465,20.4266485390805,20.70058250427246,15871900
2016-03-28,20.722798984337526,20.75241423758658,20.574726954491258,20.656166076660156,12785900
2016-03-29,20.63394634661364,20.870862612674195,20.500680593921498,20.804229736328125,17139300
2016-03-30,20.981925426664485,21.233649414252476,20.922696336181012,21.070768356323242,19390200
2016-03-31,21.122589827657286,21.226240357362688,20.989324053960306,21.078166961669922,18377600
2016-04-01,20.952300176885657,21.24844690011425,20.819035845991472,21.241043090820312,23026400
2016-04-04,21.1962237967116,21.22610846022666,20.927254699840375,21.024381637573242,17890000
2016-04-05,20.65081334768418,20.792769413220622,20.516328804023033,20.605985641479492,24245700
2016-04-06,20.695644567211275,20.94967063641525,20.635873811224883,20.919784545898438,20395800
2016-04-07,20.84506775723339,20.84506775723339,20.568628584807044,20.620927810668945,17016800
2016-04-08,20.70311682318492,20.88243053488558,20.605989868973833,20.688175201416016,14495600
2016-04-11,20.83012575726582,21.05426714010204,20.628400365274448,20.63587188720703,18762900
2016-04-12,20.277248372939034,20.665759009388704,20.135293714466755,20.650815963745117,27741400
2016-04-13,20.889898378518506,21.128982826631606,20.710586111219097,21.091625213623047,25433300
2016-04-14,21.20369623863487,21.218639284568457,20.99449929575381,21.106569290161133,15049100
2016-04-15,20.99449940260434,21.0169125465715,20.718058751615196,20.84507179260254,23804400
2016-04-18,20.84506910384537,21.106566675094903,20.770355308481626,21.061738967895508,15762900
2016-04-19,21.16633415222168,21.248519456913517,21.06920723080606,21.16633415222168,20307700
2016-04-20,21.21863952729778,21.42783789761925,21.1140410546607,21.248525619506836,19937800
2016-04-21,21.23357893265633,21.30082120354992,21.039323641746734,21.09909439086914,17339900
2016-04-22,21.143920784338334,21.33070454188566,20.972080069406072,21.031850814819336,23147600
2016-04-25,21.001969792496958,21.128982826631606,20.90484142372193,21.091625213623047,16434800
2016-04-26,21.121510246748475,21.285879460616613,21.08415263560993,21.25599479675293,18151500
2016-04-27,21.248521156880578,21.405418832884457,21.1513928026474,21.397947311401367,20931000
2016-04-28,21.2559938402705,21.360592296657373,20.762884795807974,20.889896392822266,29616200
2016-04-29,20.710590475735362,20.792775816626573,20.277252048845618,20.53874969482422,33890100
2016-05-02,20.531269115191627,20.56115519871516,20.32207223071448,20.449085235595703,27361700
2016-05-03,20.29218457130788,20.31459913220983,19.881260930099742,20.068044662475586,35319600
2016-05-04,20.023223000596797,20.038166046765326,19.63471377554618,19.754255294799805,32850800
2016-05-05,19.769184964681475,19.851370243876893,19.582401275634766,19.582401275634766,23082200
2016-05-06,19.56747276959881,19.828970394421386,19.2835605740609,19.82149887084961,25625300
2016-05-09,19.814032041699384,19.93357359707528,19.716903637301627,19.806560516357422,16990400
2016-05-10,19.92608601258668,20.24735421813075,19.80654455355353,20.19505500793457,22642500
2016-05-11,20.23988953564853,20.254832579336938,19.933564265271553,19.94850730895996,19326100
2016-05-12,20.03069443514719,20.03069443514719,19.73184063833404,19.926095962524414,19681900
2016-05-13,19.836440492945755,20.090466594196553,19.769198205847164,19.82149887084961,20865100
2016-05-16,19.851382330338947,20.262307551460324,19.843910807222485,20.150236129760742,20885900
2016-05-17,20.097929901735455,20.217471379920525,19.836432383813055,19.91114616394043,25921300
2016-05-18,19.881271284180723,20.142767505655588,19.791614418926823,19.963455200195312,32345500
2016-05-19,20.912311357073257,21.136452742949103,20.471501532402588,20.598514556884766,50174600
2016-05-20,20.643341438609955,21.031852018555664,20.63587134192186,20.897367477416992,32703000
2016-05-23,20.75541083018903,21.106563767462667,20.75541083018903,20.87495231628418,19850000
2016-05-24,20.927253608336716,21.353120372806114,20.927253608336716,21.27093505859375,26514800
2016-05-25,21.35312493784556,21.6669217932322,21.30829722280386,21.60715103149414,25696800
2016-05-26,21.562320383327293,21.696804935205808,21.517491249336338,21.592205047607422,19366300
2016-05-27,21.629565601538676,21.69680788662491,21.510024078062564,21.60715103149414,16673300
2016-05-31,21.517487565353218,21.72668587968623,21.487602906189604,21.70427131652832,28606300
2016-06-01,21.54737733866364,21.696804935205808,21.517491249336338,21.592205047607422,22268700
2016-06-02,21.651974590915025,21.778987613361956,21.607146884477018,21.726688385009766,19538200
2016-06-03,21.76404571533203,21.82381646874512,21.5922049774003,21.76404571533203,18677700
2016-06-06,21.719217894740627,21.97324395170052,21.711746372471552,21.74163246154785,16167100
2016-06-07,21.592206171605227,21.928417568803248,21.532435414886383,21.719219207763672,21566600
2016-06-08,21.734158710111355,21.86864324706695,21.711744145603085,21.771514892578125,17772900
2016-06-09,21.644501877125286,21.80887250009191,21.53990342618072,21.771514892578125,18349900
2016-06-10,21.51002070494105,21.689332962036133,21.495077660588006,21.689332962036133,18244200
2016-06-13,21.644503569727576,21.808874205547994,21.53243358851637,21.54737663269043,17137000
2016-06-14,21.41289537303533,21.666921462809995,21.390480803332622,21.637035369873047,19279700
2016-06-15,21.2858788014973,21.562319415173913,21.22610805057359,21.405420303344727,30738600
2016-06-16,21.203696201673587,21.607149890893435,21.19622610376711,21.569793701171875,17504100
2016-06-17,21.577259819550555,21.666916653412958,21.43530518475171,21.629560470581055,32333500
2016-06-20,21.696800219159236,21.831283316759148,21.502544955896877,21.517486572265625,22100800
2016-06-21,21.64450329790135,21.666917863880943,21.46519104520592,21.49507713317871,19098600
2016-06-22,21.569793126478373,21.72669082918538,21.42783704423352,21.457721710205078,18273300
2016-06-23,21.689330844332265,21.83875699813159,21.63703019420315,21.83128547668457,19415600
2016-06-24,21.039327025635856,21.345652342287337,20.695645519167286,20.733001708984375,44408900
2016-06-27,20.531273668424962,20.58357290114268,20.269776079789146,20.404260635375977,29973100
2016-06-28,20.58357047037634,20.807711844900705,20.546214287145805,20.76288414001465,24646900
2016-06-29,21.016913901825905,21.166341521463398,20.845073136775966,21.114042282104492,25593000
2016-06-30,21.203693640622223,21.435306549072266,20.972082157219305,21.435306549072266,25184400
2016-07-01,21.502544955896877,21.614614916420237,21.360588912542294,21.517486572265625,20901300
2016-07-05,21.28377264564471,21.57781086992357,21.27623305650632,21.359167098999023,22116900
2016-07-06,21.449637030037625,21.69089808872426,21.23853288467215,21.653200149536133,24844000
2016-07-07,21.653204283969966,21.78891401490077,21.570271677979733,21.668283462524414,17394900
2016-07-08,21.796447728457558,22.075406704396745,21.77382896672328,22.060327529907227,24647400
2016-07-11,22.120648400995076,22.3920678585382,22.06033312576656,22.18850326538086,22045200
2016-07-12,22.407141803881835,22.42222097964251,22.256354360363158,22.324209213256836,22157500
2016-07-13,22.407139310775058,22.49007333020184,22.30158796825311,22.429758071899414,18038100
2016-07-14,22.49761881721084,22.61070977643218,22.346829912896006,22.43730354309082,19332200
2016-07-15,22.56547225921969,22.580551436307427,22.361907682623638,22.4825382232666,17800400
2016-07-18,22.429757820926554,22.618243180766274,22.422218233969467,22.55038833618164,17484900
2016-07-19,22.55038468489358,22.62577910422767,22.444833360643212,22.557924270629883,18516000
2016-07-20,22.648403226884582,23.13846491160928,22.603165701749912,23.09322738647461,50168800
2016-07-21,23.10077045671825,23.16108572796179,22.89720731503974,23.05553436279297,21582700
2016-07-22,23.146003415801058,23.274173521625166,23.025372897146514,23.153541564941406,19399600
2016-07-25,23.123387844964615,23.244018380264322,23.093229492124983,23.2138614654541,15174200
2016-07-26,23.221398221688556,23.48527804107738,23.15354336990202,23.281713485717773,21328200
2016-07-27,23.33448767670462,23.349565412301008,23.115843973221775,23.191238403320312,22723000
2016-07-28,23.108313380621645,23.17616825031787,22.897210619815347,23.01030158996582,22470500
2016-07-29,23.070613206234707,23.138468065155386,22.97259999311396,23.017837524414062,23807200
2016-08-01,23.146003739436708,23.183700237782386,22.889663524204256,23.168621063232422,22438700
2016-08-02,23.23648082266206,23.23648082266206,22.919825280320836,23.085693359375,24485200
2016-08-03,23.002754296506524,23.17616048853149,23.002754296506524,23.161081314086914,15962500
2016-08-04,23.206319662950623,23.30433142426855,23.153542550517137,23.221397399902344,18586500
2016-08-05,23.29679286584844,23.42496298278991,23.13846583564215,23.402345657348633,18873300
2016-08-08,23.3721849155111,23.51543419344789,23.2666335728362,23.379724502563477,19019900
2016-08-09,23.45512018389849,23.56067153219335,23.251555636733315,23.326950073242188,19159500
2016-08-10,23.379720921888715,23.47019307660278,23.176156416738614,23.259090423583984,16684300
2016-08-11,23.334491729736328,23.387267408563314,23.266636874664666,23.334491729736328,24020900
2016-08-12,23.31187405561482,23.364649736910007,23.221400431944883,23.27417755126953,13430600
2016-08-15,23.357107707119027,23.553132672890552,23.28925285596622,23.51543617248535,21944700
2016-08-16,23.538054747979725,23.545594336067172,23.357108947969234,23.462661743164062,23399700
2016-08-17,23.349566680556457,23.349566680556457,22.867044602563777,23.161081314086914,55071200
2016-08-18,22.927359292773467,23.123384241595833,22.663479498665307,22.980134963989258,48710500
2016-08-19,22.897210619815347,23.108313380621645,22.799197391129816,23.01030158996582,25131300
2016-08-22,22.94997953763599,23.206319761282007,22.897203863008155,23.09322738647461,28680000
2016-08-23,23.24401432775415,23.417420512261057,23.21385741820168,23.357105255126953,23493600
2016-08-24,23.357111788981744,23.522979871021892,23.33449445999777,23.41742706298828,24474700
2016-08-25,23.41742032077642,23.6662209341738,23.38726341147054,23.59082794189453,22917100
2016-08-26,23.62852684916446,23.86978790034713,23.515435911176244,23.636066436767578,21106200
2016-08-29,23.696374504674573,23.89993899406301,23.681295334046794,23.809465408325195,21101700
2016-08-30,23.83209544733809,23.869791953725716,23.681306545728496,23.779319763183594,17794800
2016-08-31,23.7114618596448,23.809473626497777,23.56067297737784,23.703922271728516,20418800
2016-09-01,23.688834919360684,23.85470148217967,23.56820443039617,23.809465408325195,15980500
2016-09-02,23.86224942981231,24.0884327544064,23.86224942981231,23.99795913696289,18156500
2016-09-06,24.073348491647433,24.080888078010346,23.89994231938764,24.028112411499023,17656500
2016-09-07,23.967803955078125,24.073355318031542,23.937645601074593,23.967803955078125,14050500
2016-09-08,23.915026918250323,23.937645683831168,23.68884501455977,23.72654151916504,19913700
2016-09-09,23.477732662500447,23.62852150439585,23.259090423583984,23.259090423583984,25450500
2016-09-12,23.078150854970534,23.749158361196862,23.07061126705425,23.703922271728516,22612500
2016-09-13,23.568215967019402,23.636070830030448,23.29679651497521,23.41742706298828,23617900
2016-09-14,23.379720524490214,23.54558709733265,23.228931685157857,23.372180938720703,24262900
2016-09-15,23.09322700144143,23.66622270133019,23.07814926467721,23.605907440185547,25554500
2016-09-16,23.462660538001252,23.477738275372282,23.146005044740594,23.251556396484375,37416300
2016-09-19,23.259094146988623,23.56067044102794,23.236475385674726,23.387264251708984,16833500
2016-09-20,23.432508787271352,23.53806016874505,23.40235186600589,23.447587966918945,15878900
2016-09-21,23.45512270077852,23.658685831758014,23.34956990312792,23.64360809326172,21169400
2016-09-22,23.749156694052722,23.975338563546284,23.741617106665704,23.869787216186523,20261900
2016-09-23,23.907484236883885,23.975339086818767,23.605907924967347,23.62852668762207,20442200
2016-09-26,23.447579851730943,23.492815936987824,23.21385840020296,23.42496109008789,20361500
2016-09-27,23.44004262019819,23.8320925665694,23.342029414590705,23.734079360961914,18045400
2016-09-28,23.703920865120296,23.81701180109494,23.643605603398534,23.749156951904297,15841000
2016-09-29,23.75670096916568,23.80193706438463,23.560675972510847,23.666227340698242,15417100
2016-09-30,23.832095018242708,23.975342890360157,23.79439707450429,23.915027618408203,30380600
2016-10-03,23.80099759270074,24.006244490013895,23.717379614098704,23.945430755615234,14070500
2016-10-04,23.915027447928225,24.044256837916546,23.67937436615448,23.831409454345703,18460400
2016-10-05,23.87701987367253,24.082266811820958,23.87701987367253,24.013851165771484,11808600
2016-10-06,23.998646738619378,24.044256684820713,23.724984161583276,23.93023109436035,14077100
2016-10-07,23.930228393856027,24.021449725878497,23.740185281230268,23.922626495361328,13073200
2016-10-10,23.975839784824206,24.082263463922185,23.899822249791125,23.922626495361328,12759400
2016-10-11,23.96063706812633,23.968238966963767,23.451321445329693,23.595754623413086,19412000
2016-10-12,23.208064221755066,23.28408030289767,22.75956238342741,23.063631057739258,36899900
2016-10-13,22.87359063119156,22.995218115146326,22.69875130424584,22.934404373168945,24286600
2016-10-14,23.07122877985556,23.22326236453592,22.926795641982704,22.941999435424805,20545100
2016-10-17,22.903994567662657,23.124445267259905,22.881190322817314,22.972410202026367,13957500
2016-10-18,23.329691538941557,23.329691538941557,23.13204653945268,23.1396484375,14444900
2016-10-19,23.13964747169755,23.14724936942758,22.94960437818801,23.071231842041016,14830900
2016-10-20,23.01802301628776,23.08643865488618,22.83558179666328,22.926801681518555,17315300
2016-10-21,22.812773412755604,22.95720657165933,22.74435778221772,22.91919708251953,15140500
2016-10-24,23.063630132426606,23.18525759727165,23.033222541258468,23.154850006103516,14115300
2016-10-25,23.185258527463997,23.19286042556102,22.98001162858582,23.063631057739258,15257800
2016-10-26,23.253676103840526,23.458923019872135,23.048429187808917,23.223268508911133,18008600
2016-10-27,23.26128071613399,23.314492563553962,23.078839475016615,23.09404182434082,16926200
2016-10-28,23.078836144547978,23.41331098003861,23.071234246025842,23.25367546081543,19946800
2016-10-31,23.063635181764326,23.39050960881589,23.04843138285168,23.322093963623047,23225400
2016-11-01,23.451317896825874,23.45891979451304,22.980010389617714,23.170053482055664,17542100
2016-11-02,23.132052115510337,23.322095262762424,22.980017017743005,23.10164451599121,19174000
2016-11-03,23.185256930935104,23.230866866462744,22.987611943763717,23.048425674438477,15937100
2016-11-04,22.78996519023073,23.185255133936117,22.523904595432352,22.949602127075195,18524000
2016-11-07,23.34489646903947,23.610957130489187,23.268880379980086,23.519737243652344,23061100
2016-11-08,23.519732016181685,23.71737699361843,23.360095074827008,23.56534194946289,19399800
2016-11-09,23.59575338096539,23.937830111154085,23.337294633757644,23.839008331298828,38564100
2016-11-10,23.87701248505947,24.143073087374844,23.420908802506496,23.56534194946289,38345000
2016-11-11,23.51213394807057,23.922626314279775,23.504532049633415,23.839008331298828,23150300
2016-11-14,23.8922228761721,24.074664109583136,23.831409131701754,23.84661293029785,22917600
2016-11-15,23.77059303459113,24.21149300084257,23.77059303459113,24.09746742248535,24160200
2016-11-16,24.036651456980103,24.241896899041055,23.953032030639196,23.998641967773438,27097100
2016-11-17,22.73675793076505,22.843181610107422,22.508706775056,22.843181610107422,75252300
2016-11-18,22.888787608291,23.078830676576608,22.81277009099405,22.941999435424805,38748600
2016-11-21,23.033224723169596,23.056030418706055,22.8127754659727,22.843181610107422,27481700
2016-11-22,22.865988891760725,22.94960833128085,22.691149563594994,22.721555709838867,26769300
2016-11-23,22.67594576482635,22.767167103383162,22.470698840509,22.58472442626953,24496800
2016-11-25,22.50110424485651,22.919198501890314,22.463094753362807,22.87358856201172,17678900
2016-11-28,22.86598169456743,22.873583591214157,22.668336731493145,22.744354248046875,21468900
2016-11-29,22.759566634101617,22.881194126542027,22.645541041177992,22.675947189331055,23553700
2016-11-30,22.62273074506596,22.76716390670393,22.56191701120478,22.6683406829834,26224900
2016-12-01,22.68354603050426,22.691147928996106,22.349069746432363,22.3870792388916,25996200
2016-12-02,22.280654421044215,22.470697536252505,22.13622269742392,22.235044479370117,27069500
2016-12-05,22.295858071568155,22.50110498262224,22.265451927290083,22.447893142700195,20865800
2016-12-06,22.36427402115293,22.493503398447125,22.227442745204495,22.29585838317871,27352100
2016-12-07,22.4098822701588,22.835579863152283,22.288254800707467,22.76716423034668,30180100
2016-12-08,22.888791699798016,23.056029107815153,22.744358536106876,22.76716423034668,21369900
2016-12-09,22.78996485464608,22.85838047658434,22.599921782576157,22.850778579711914,21362000
2016-12-12,22.865988732205142,22.957210070128205,22.827980687187022,22.934404373168945,17287800
2016-12-13,23.033224753415162,23.291683503512218,22.957208668021586,23.25367546081543,25052900
2016-12-14,23.261275125278242,23.618555622021347,23.116841967057095,23.154850006103516,27556000
2016-12-15,23.253670552916667,23.413306038447324,23.19285682748876,23.284076690673828,20914100
2016-12-16,23.33729489464503,23.352497241775414,23.010420507762646,23.25367546081543,45875500
2016-12-19,23.299287633194275,23.46652651686842,23.215669641271234,23.37530517578125,18178500
2016-12-20,23.436118123598636,23.466525719565904,23.154853660557336,23.230871200561523,17475200
2016-12-21,23.329695710481136,23.329695710481136,23.11684687683852,23.124448776245117,14488900
2016-12-22,23.10924006926506,23.170053801687583,22.995214502212047,23.154850006103516,12935800
2016-12-23,23.21566693132172,23.261276871584272,23.109241804157282,23.208065032958984,9167500
2016-12-27,23.291686365797755,23.428517656183438,23.26128021788653,23.322093963623047,14175500
2016-12-28,23.337297609887734,23.390509455819874,23.071236930312978,23.124448776245117,12022200
2016-12-29,23.08643582580271,23.22326563631807,23.05602823463457,23.154850006103516,10995600
2016-12-30,23.23086894297508,23.261276535987324,22.903994567662657,22.972410202026367,20190000
2017-01-03,23.086436451123348,23.23086816334283,22.9648075330701,23.215665817260742,22370600
2017-01-04,23.185006670377,23.323012897485384,23.0163332052246,23.077669143676758,22281000
2017-01-05,23.077659841047478,23.27700192625301,23.05465832501331,23.131328582763672,18372500
2017-01-06,23.13133225477972,23.26933844816566,23.02399475430789,23.17733383178711,15923200
2017-01-09,23.16966335043931,23.254000781547795,23.062325865292912,23.138996124267578,17177800
2017-01-10,23.14666552015555,23.422676431672375,23.07766242668542,23.29233741760254,21046000
2017-01-11,23.254001585557756,23.315337502385475,23.023992263044722,23.115995407104492,22291300
2017-01-12,23.11599222531125,23.12365939665482,22.847647077739914,23.03165626525879,18611100
2017-01-13,23.077662315619715,23.169665464894642,23.008659222481675,23.05466079711914,17136600
2017-01-17,23.000989544434958,23.19266445730525,22.878317717187056,22.993322372436523,21983500
2017-01-18,23.09299562850418,23.138997201084326,22.962656620890748,23.02399253845215,15724000
2017-01-19,23.008660165072758,23.14666635700251,22.939657069107884,22.985658645629883,16866000
2017-01-20,23.093003493880826,23.192673845479035,23.00099885502053,23.077669143676758,22754400
2017-01-23,23.108326504397777,23.230998328867773,23.069992107637212,23.207998275756836,17155300
2017-01-24,23.261669782535513,23.57601655291867,23.223335381216074,23.46101188659668,24934200
2017-01-25,23.798361525317727,23.806027236125566,23.499347621080492,23.537683486938477,23630500
2017-01-26,23.583686092617736,23.645022018302985,23.4303455472227,23.56835174560547,20116800
2017-01-27,23.583684067351626,23.752357482910156,23.484012282695097,23.752357482910156,18461900
2017-01-30,23.721693254071003,23.767694834611593,23.484015252822896,23.63735580444336,15481800
2017-01-31,23.522343717299744,23.683349929690515,23.445673465624576,23.553010940551758,16603100
2017-02-01,23.652683538022128,23.652683538022128,23.323002467882343,23.38433837890625,19504600
2017-02-02,23.53001231417999,23.967030874131105,23.40734048901349,23.90569496154785,27456700
2017-02-03,23.974700419782856,24.036036338439104,23.859695755097853,24.01303482055664,21288800
2017-02-06,23.990034027520657,24.00536690994061,23.859695021587648,23.997699737548828,16774200
2017-02-07,24.05903502537348,24.25837711525773,24.02070062678033,24.11270523071289,18420200
2017-02-08,24.120368985776402,24.18937206754278,23.959362769897147,23.97469711303711,20434300
2017-02-09,24.036034467800555,24.296712467392872,23.99769860764666,24.151039123535156,18706900
2017-02-10,24.13570133752966,24.250705976863685,23.951693622122562,24.158702850341797,21557700
2017-02-13,24.281379454606594,24.534390296039962,24.189374847556454,24.511388778686523,26518800
2017-02-14,24.45772168871871,24.772069931030273,24.358051364837277,24.772069931030273,31463500
2017-02-15,24.802737993730144,25.178422192207687,24.756737876380686,25.163087844848633,41169400
2017-02-16,25.50043605115121,26.04479517442551,25.49277033943314,25.7611141204834,50143700
2017-02-17,25.699779078185855,25.891454038860218,25.63077597535397,25.868453979492188,31841200
2017-02-21,25.830121071614762,26.22880540906921,25.80712100830741,26.167470932006836,26992700
2017-02-22,26.098456831629278,26.182794261226807,25.80711014521792,26.136791229248047,26632700
2017-02-23,26.282465539242075,26.282465539242075,26.029456151792207,26.098459243774414,17450100
2017-02-24,26.05245522703829,26.313133239746094,25.914449048267855,26.313133239746094,21137300
2017-02-27,26.228803117060657,26.313140574788836,26.159800008440154,26.26713752746582,15625400
2017-02-28,26.19046475598862,26.290136547789604,26.098461599948724,26.205799102783203,23093100
2017-03-01,26.282462377253974,26.458802941165043,26.2057935841542,26.405134201049805,22754200
2017-03-02,26.38213465208585,26.47413779050866,26.228794138229805,26.36680030822754,16137700
2017-03-03,26.389801374396384,26.40513571884317,26.244129489242653,26.290132522583008,14175000
2017-03-06,26.098459624427036,26.282465922578478,26.03712224189164,26.213462829589844,17605100
2017-03-07,26.06779553446194,26.259470501627103,26.060129822655608,26.22113609313965,21033700
2017-03-08,26.20579982849003,26.244134234174265,26.01412487534117,26.083127975463867,18686700
2017-03-09,26.098457998934293,26.152126742946425,25.96811753152827,26.121458053588867,17490200
2017-03-10,26.251806103086185,26.297806225681164,26.12913423495285,26.26713752746582,19038400
2017-03-13,26.23646866927782,26.320806117090186,26.067793773653083,26.14446258544922,16164800
2017-03-14,26.02178956627422,26.175130107726368,25.945120757911926,26.1597957611084,14578400
2017-03-15,26.121461957571945,26.336136965704718,26.106127610601373,26.251802444458008,14961700
2017-03-16,26.2594692505641,26.435809860987415,26.144463105853006,26.2441349029541,14521600
2017-03-17,26.33613806388632,26.35914104766519,26.21346620773411,26.2441349029541,26787200
2017-03-20,26.22112671967318,26.366798589742228,26.22112671967318,26.282461166381836,14974100
2017-03-21,26.412808675503822,26.42814302245985,25.899118289023566,25.97579002380371,21406000
2017-03-22,25.899118878028347,26.22113432197305,25.899118878028347,26.14446258544922,16646100
2017-03-23,26.129126887867216,26.267130141575915,25.998786419465645,26.037120819091797,16709300
2017-03-24,26.121464587866008,26.297805208692733,26.029461421505964,26.129133224487305,18125100
2017-03-27,25.92977918135977,26.090785388864173,25.87611044552497,26.06011962890625,17740600
2017-03-28,25.991124816876166,26.228799886955034,25.929787427999244,26.083127975463867,21179300
2017-03-29,26.067794651713296,26.10612905890261,25.799450876660305,25.868453979492188,16504100
2017-03-30,25.914454098228244,26.014125896702698,25.853119631670904,25.868453979492188,12801600
2017-03-31,25.853117138478652,25.97578898449105,25.807114099451184,25.914451599121094,14038500
2017-04-03,25.83778027448954,26.021786563214715,25.65377106103714,25.745777130126953,19367800
2017-04-04,25.7148368203579,25.846309757927475,25.467355920058075,25.838577270507812,18602600
2017-04-05,25.900452661162653,25.931385565453883,25.498295403322008,25.521495819091797,17572500
2017-04-06,25.521494687792185,25.73803975925926,25.436422566800022,25.58336639404297,15316800
2017-04-07,25.598834990007834,25.63750628698526,25.459626581465205,25.490562438964844,13942800
2017-04-10,25.490563676497512,25.691643809801594,25.42095946884701,25.529232025146484,14824100
2017-04-11,25.552430897463157,25.58336675102021,25.243078262303356,25.459623336791992,18945800
2017-04-12,25.413227564523694,25.490564263602877,25.1348107275091,25.227615356445312,25455100
2017-04-13,25.29722140029922,25.405493966944587,25.072940826416016,25.072940826416016,16234900
2017-04-17,25.119340995982725,25.26628189377631,25.0961405779642,25.219881057739258,11961200
2017-04-18,25.18121194770504,25.312684912765945,25.096139817274732,25.266281127929688,13349600
2017-04-19,25.3668252151169,25.436429428322224,25.219884298441716,25.25082015991211,16373800
2017-04-20,25.35908451902339,25.48282497465824,25.30494825407097,25.3900203704834,11927500
2017-04-21,25.47509642308491,25.47509642308491,25.266283794591676,25.382291793823242,13877700
2017-04-24,25.707106114695982,25.799910721189434,25.62203399615813,25.738039016723633,15400500
2017-04-25,25.82311115512397,25.923651199855605,25.792175302867275,25.846311569213867,15058800
2017-04-26,25.970057090117923,26.008725433480667,25.807645327665618,25.830848693847656,17949700
2017-04-27,26.302603386810127,26.379943012519462,26.00098622205637,26.101526260375977,26639000
2017-04-28,26.20207337898027,26.356749721990287,26.039661596206525,26.349014282226562,20461700
2017-05-01,26.379938078657833,26.40313848692891,26.147925145333517,26.271665573120117,13577300
2017-05-02,26.341283216968023,26.48049163818359,26.24074314604433,26.480491638183594,15983600
2017-05-03,26.418617916855762,26.557826327529003,26.387682058882643,26.488222122192383,14432200
2017-05-04,26.55009766968238,26.673838169226514,26.349017514044274,26.43408966064453,13638500
2017-05-05,26.48821832281546,26.604226298471986,26.349009932109784,26.59649085998535,15091800
2017-05-08,26.65063229472132,26.758904852879542,26.41088675885838,26.5191593170166,13232700
2017-05-09,26.4031519092495,26.495956539716538,26.171138857978907,26.21754264831543,18855900
2017-05-10,26.21754006958485,26.21754006958485,25.970059112544057,26.093799591064453,17481400
2017-05-11,26.078334144873597,26.15567084498339,25.892721934321692,26.008729934692383,17515600
2017-05-12,25.985523315690617,26.00099124381992,25.629769819333557,25.869518280029297,20194300
2017-05-15,26.294882454832948,26.650636038819396,26.27168203202707,26.472759246826172,31531000
2017-05-16,26.4804889654409,26.550093169023356,26.31807719027802,26.52688980102539,18950000
2017-05-17,26.44955300039519,26.53462513222749,26.14020033013333,26.155668258666992,38787800
2017-05-18,24.05207258560221,24.369157664993963,23.48750661254884,24.268617630004883,85500500
2017-05-19,24.547039135026978,24.577974990287448,23.99020701626346,24.137147903442383,39859200
2017-05-22,24.090748916228257,24.732653250332856,24.090748916228257,24.4310359954834,35085200
2017-05-23,24.616645813799153,24.64758167217567,24.376898811792813,24.562509536743164,29827500
2017-05-24,24.693983888421347,24.70171785298534,24.144884205200984,24.353696823120117,23446300
2017-05-25,24.400099806625448,24.508373838396988,24.260892865952815,24.31502914428711,21586500
2017-05-26,24.36916317854209,24.4310334159557,24.25315666777943,24.36142921447754,16403100
2017-05-30,24.284092381410975,24.601177549942136,24.276358416922054,24.500638961791992,17108300
2017-05-31,24.577976794861154,24.663047452867996,24.338228324297923,24.384632110595703,30196700
2017-06-01,24.37689848002767,24.608911514282227,24.338228657583315,24.608911514282227,15525500
2017-06-02,24.693980507065113,24.79452055752715,24.500635844748725,24.732648849487305,20085200
2017-06-05,24.786788609561246,24.786788609561246,24.41556715966054,24.562509536743164,15976000
2017-06-06,24.554767800545964,24.562501762692285,24.361423172195206,24.407825469970703,16186600
2017-06-07,24.446496963500977,24.531567602761562,24.315022548168194,24.446496963500977,14948400
2017-06-08,24.384626737173935,24.601171791767303,24.376892774495236,24.446496963500977,21828600
2017-06-09,24.469700169090405,24.61664252655069,24.044342498934974,24.260889053344727,25376600
2017-06-12,24.237685475674226,24.469698465955442,24.09074312844139,24.168081283569336,25784400
2017-06-13,24.20675863818653,24.59344808272691,24.19129218148332,24.516111373901367,27781000
2017-06-14,24.647579076232272,24.72491576382244,24.229953882752103,24.438766479492188,24940400
2017-06-15,24.168084872182575,24.469702099354507,24.14488297966826,24.42329978942871,19328000
2017-06-16,24.44650292158603,24.469703340173968,24.129417749992342,24.46196937561035,36367400
2017-06-19,24.570244162549802,24.763588857297403,24.423301781512798,24.740386962890625,18459200
2017-06-20,24.70171479305393,24.87185756707661,24.624376632097174,24.632110595703125,18190100
2017-06-21,24.539307975110344,24.64758200579077,24.3691651770453,24.624380111694336,20386100
2017-06-22,24.678512902236086,24.748117099586892,24.516104091819358,24.632110595703125,19436600
2017-06-23,24.632105932415506,24.980125378180652,24.55476778610021,24.817716598510742,25792200
2017-06-26,24.91826505693643,25.13481016971734,24.8873291979089,24.933732986450195,22175000
2017-06-27,24.81772446793776,24.949197440729208,24.562509536743164,24.562509536743164,23224200
2017-06-28,24.577973546336185,24.964661388654825,24.56250561961469,24.809988021850586,17732300
2017-06-29,24.58570906672998,24.771318298731995,24.168083869417117,24.291824340820312,27664500
2017-06-30,24.58570963908462,24.58570963908462,24.20675277709961,24.20675277709961,23604600
2017-07-03,24.044344954100744,24.469702667689408,23.997942643097204,24.229955673217773,14112100
2017-07-05,24.081642015432898,24.409495868227033,23.987968847969796,24.28459930419922,24270300
2017-07-06,24.190919396226125,24.214338053787696,23.941126337772342,23.98015594482422,20789100
2017-07-07,24.011384304550138,24.253371178918194,24.003578084230615,24.120668411254883,15860600
2017-07-10,24.10505619779517,24.26898384828152,24.058220364320913,24.183116912841797,15528800
2017-07-11,24.237764674063275,24.29240822968204,24.089450918323436,24.26898956298828,12806000
2017-07-12,24.39388197111138,24.54219719038337,24.315821251026946,24.323627471923828,18586200
2017-07-13,24.401684365654333,24.41729680499996,24.26117538931201,24.40949058532715,15934200
2017-07-14,24.48755310552697,24.550001378647195,24.409492391905623,24.526582717895508,13573100
2017-07-17,24.58902931213379,24.698313410411448,24.549999702430103,24.58902931213379,16427500
2017-07-18,24.518779182615635,24.596839904785156,24.331434342739445,24.596839904785156,15530700
2017-07-19,24.596834797247485,25.018360227217965,24.55780369982532,24.901269912719727,21567900
2017-07-20,24.909081955308643,25.018366075870272,24.79199161343769,24.870052337646484,16389500
2017-07-21,24.870055040751105,25.00275635077943,24.752963197269064,24.854442596435547,13973800
2017-07-24,24.870052337646484,24.9246943979273,24.713930889228894,24.870052337646484,15504100
2017-07-25,24.901278973820137,25.17449079965535,24.8856665291702,25.07301139831543,14990000
2017-07-26,25.073003495773726,25.158870425400057,24.59683599510711,24.713926315307617,21941500
2017-07-27,24.768575239890758,24.784187683953114,24.36266062757717,24.643678665161133,21437400
2017-07-28,24.549998913310908,24.667089227542466,24.401683721212738,24.60464096069336,15771000
2017-07-31,24.620259462723396,24.659289080784152,24.487556676878544,24.550004959106445,19256400
2017-08-01,24.659283708108134,24.71392575704177,24.53438717086434,24.706119537353516,12962800
2017-08-02,24.643670569142504,24.643670569142504,24.393877501746083,24.60464096069336,15845600
2017-08-03,24.65928482528688,24.760762708063314,24.534388282384697,24.635866165161133,14420800
2017-08-04,24.721737583425732,24.909082431779762,24.651483079182405,24.82321548461914,16929500
2017-08-07,24.81541297453129,24.885665996182023,24.737352241838146,24.854442596435547,11877400
2017-08-08,24.784183276870714,24.979334326294893,24.667092944993076,24.72173500061035,15375700
2017-08-09,24.628063285181565,24.729542670604886,24.479749550923533,24.682706832885742,16131300
2017-08-10,24.635868408717215,24.635868408717215,24.19873046875,24.19873046875,23517400
2017-08-11,24.37826986288196,24.628062979462523,24.229956130465016,24.565614700317383,20756600
2017-08-14,24.737352241838146,24.893472218339802,24.63587284267166,24.854442596435547,21761600
2017-08-15,24.862240539658828,25.143256999339354,24.85443432010046,25.049585342407227,25251500
2017-08-16,25.057395110523412,25.346220825594997,25.026173203781493,25.244741439819336,29052000
2017-08-17,24.58122474344844,24.79979444356847,24.081638559041824,24.22995376586914,53288800
2017-08-18,24.19872920467207,24.245565037858025,23.69914301366375,23.70694923400879,34802200
2017-08-21,23.706951471750283,24.042610044964725,23.699145250668398,23.948938369750977,24198400
2017-08-22,24.08163680348979,24.456326414479864,24.003576095645816,24.40949058532715,24747200
2017-08-23,24.36265641135222,24.510971626507803,24.12847574648286,24.136281967163086,22436600
2017-08-24,24.15969963132304,24.51097061411835,24.12066852953403,24.38607406616211,22576100
2017-08-25,24.50316897940749,24.823216629551222,24.47975180283597,24.542200088500977,19558300
2017-08-28,24.667090346642215,24.713926176682865,24.518775147815262,24.620254516601562,12958900
2017-08-29,24.401692866989276,24.690515651085878,24.347050799126926,24.57342529296875,16362700
2017-08-30,24.56561632851716,25.13545858848046,24.526586709796234,24.97153091430664,22988700
2017-08-31,25.057397817710534,25.24474416724725,24.97153235379786,25.143264770507812,27800200
2017-09-01,25.15106754226662,25.2525439413092,25.00275084282672,25.21351432800293,14686600
2017-09-05,25.096427617910756,25.16668211893169,24.557808784160628,24.682706832885742,32475500
2017-09-06,24.78418024617664,24.90907678342459,24.69050709879859,24.877853393554688,16962300
2017-09-07,24.948112150648093,24.955918372138175,24.776379744519836,24.7919921875,14751700
2017-09-08,24.72954676304804,24.80760749808769,24.557812848183882,24.57342529296875,15339500
2017-09-11,24.75295963096911,25.213516249730567,24.721736235721163,25.127649307250977,22440800
2017-09-12,25.213514320195138,25.346218578717707,25.12764738428676,25.299381256103516,18923100
2017-09-13,25.24474099471772,25.28377061078363,24.948110552632905,25.119844436645508,22705100
2017-09-14,24.909081073862097,25.151069459234677,24.909081073862097,25.127649307250977,18194800
2017-09-15,25.13546012489497,25.369640829303933,25.073010348908998,25.322803497314453,29336100
2017-09-18,25.314993689188732,25.494532292501656,25.182289430706977,25.3852481842041,17290900
2017-09-19,25.33841151425162,25.4867282174202,25.29157716821413,25.361831665039062,12927700
2017-09-20,25.408665165453847,25.56478659517658,25.283768617229377,25.447694778442383,19865400
2017-09-21,25.541371185112414,25.68188018378015,25.36963730279211,25.525758743286133,19870000
2017-09-22,25.494536832983744,26.173661753902877,25.47892438933663,26.048765182495117,28234900
2017-09-25,26.00192620720803,26.415645468121593,25.916059271297225,26.32197380065918,32396900
2017-09-26,26.353193283081055,26.618598797977384,26.282938794497664,26.353193283081055,26138300
2017-09-27,26.368812809557355,26.47809693722152,25.99412309566488,26.134632110595703,22594600
2017-09-28,25.931677113783802,26.11902048773259,25.931677113783802,26.033153533935547,15496900
2017-09-29,26.001927319370388,26.28294233377729,25.947285262866092,26.251720428466797,14802700
2017-10-02,26.236104314763065,26.361000851829992,26.165849826552396,26.345388412475586,16555200
2017-10-03,26.321972169894963,26.46248115126773,26.236105239304,26.42344856262207,13346900
2017-10-04,26.39982962821304,26.423452157252285,26.210867416900264,26.328968048095703,14652200
2017-10-05,26.43920080838818,26.510059388488354,26.30534981558705,26.447072982788086,14524800
2017-10-06,26.49431007998064,26.596663345520692,26.391953810940805,26.573043823242188,15464700
2017-10-09,26.588788719400597,26.683269803297186,26.462812939705312,26.580913543701172,8728400
2017-10-10,26.675403729302886,26.699023254801762,26.35259053231738,26.415576934814453,18011000
2017-10-11,26.28173028888699,26.47856768738839,26.179374000686167,26.447072982788086,12561400
2017-10-12,26.187244415283203,26.344714924202254,26.11638283644464,26.187244415283203,17905600
2017-10-13,26.297483945794063,26.43133196718382,26.23449452149225,26.352598190307617,13578800
2017-10-16,26.454944358981642,26.486439062631682,26.352591077369393,26.407705307006836,10509100
2017-10-17,26.447074343139512,26.510060752079596,26.344718049673812,26.454946517944336,9303100
2017-10-18,26.549427920808547,26.573047446307424,26.32896800331831,26.415576934814453,9971200
2017-10-19,26.384078634514783,26.683272265208263,26.336839589957766,26.573043823242188,13203100
2017-10-20,26.785634344171335,27.076952861627074,26.77775916603715,26.966724395751953,24361400
2017-10-23,27.124196515786625,27.3052865780217,26.98247333603733,27.045459747314453,22632000
2017-10-24,27.084825987885157,27.297407725396575,26.966722352823076,27.22654914855957,16280200
2017-10-25,27.3446526572669,27.3446526572669,26.8958636024107,27.006092071533203,17400900
2017-10-26,27.09269993078569,27.17143369030075,26.825000943533944,26.982471466064453,14616100
2017-10-27,26.887992984899203,27.25804529502955,26.840750922467357,27.108449935913086,20356600
2017-10-30,26.872239826714345,27.06907720574844,26.628160395452053,26.80137825012207,18345100
2017-10-31,26.7541304639188,26.958842976200067,26.738383116551056,26.887981414794922,13935100
2017-11-01,26.998225141184214,27.360405325370436,26.99034996128824,27.25804901123047,22051300
2017-11-02,27.202927324490393,27.273788906664187,26.89586146957072,26.93522834777832,19827600
2017-11-03,26.990334336039247,27.155679979620682,26.79349700160839,27.13993263244629,13414400
2017-11-06,27.061198631325844,27.210796942851,26.974589714863843,27.092693328857422,12786900
2017-11-07,27.021836110545262,27.147811917448728,26.93522718014285,27.08482551574707,11332900
2017-11-08,27.013967423246367,27.163562774658203,26.86436906833399,27.163562774658203,13061300
2017-11-09,26.99821700028786,27.021836525851477,26.667528624896217,26.80925178527832,16785000
2017-11-10,26.817128621094767,26.84074814811895,26.510059752278476,26.762014389038086,19319400
2017-11-13,26.659656760051607,26.935227906490322,26.63603723421407,26.730518341064453,16441500
2017-11-14,26.65965509693752,26.89585935107842,26.61241304470932,26.80137825012207,17468500
2017-11-15,26.74626454238147,27.013963503193505,26.573046684356004,26.85649299621582,30829600
2017-11-16,28.376080721886268,28.87210881465618,28.210738024296298,28.250104904174805,61177100
2017-11-17,28.265844345092773,28.59652964771245,28.19498277974576,28.265844345092773,27988000
2017-11-20,28.289476872176216,28.769760702178523,28.289476872176216,28.738265991210938,26897800
2017-11-21,28.93509705307623,29.10831492172494,28.801249066211525,28.85636329650879,24146400
2017-11-22,28.895733827884765,28.911481181889144,28.628034816811695,28.698896408081055,17226400
2017-11-24,28.667401133932497,28.793376959979003,28.596539544062548,28.730390548706055,6155800
2017-11-27,28.746132823581178,29.20279703721892,28.738260649053117,29.029579162597656,20942200
2017-11-28,29.131942018622965,29.761821245352436,29.116194662517092,29.706707000732422,30966600
2017-11-29,29.722449575106026,29.942906518119074,29.31302739272423,29.509864807128906,36788600
2017-11-30,29.620079354594548,29.761802466623642,29.368127822875977,29.368127822875977,30749500
2017-12-01,29.20280020747225,29.651589291802043,28.919353837684863,29.604347229003906,26920900
2017-12-04,29.769691239260663,29.91141441602418,29.55710647411539,29.698829650878906,29414400
2017-12-05,29.71457913701635,29.77756555148737,29.265787042719303,29.376018524169922,23288200
2017-12-06,29.423259165054326,29.698833378236284,29.32877803652096,29.454753875732422,16581800
2017-12-07,29.336645057873678,29.746067214249045,29.336645057873678,29.446876525878906,17092000
2017-12-08,29.596473410768223,29.675207174227346,29.462622408687047,29.612220764160156,14044400
2017-12-11,29.59648160699975,29.950789647686374,29.580734249246856,29.887800216674805,16749500
2017-12-12,29.753945696422996,29.9980221796451,29.572855626983753,29.848426818847656,16658600
2017-12-13,29.990147695922502,30.210604632445268,29.919286108682968,30.037389755249023,20199500
2017-12-14,30.076755658293955,30.13186989063255,29.80118149310058,29.840551376342773,16738300
2017-12-15,29.92715311646938,30.13973784148455,29.68307669417417,30.068876266479492,47167700
2017-12-18,30.297208786010746,30.62002196498812,30.155485633923114,30.297208786010742,21591400
2017-12-19,30.4389430045154,30.59641356447406,30.139749240944063,30.15549659729004,19695200
2017-12-20,30.305094696935917,30.54917120925933,30.084634713658563,30.50193214416504,18939500
2017-12-21,30.61216022305674,30.698769179234922,30.30509429006213,30.336585998535156,16387500
2017-12-22,30.3287078192468,30.50192569731767,30.289340938821727,30.352327346801758,11441600
2017-12-26,30.352323011433707,30.454679288719223,30.202727685785664,30.297208786010742,8186100
2017-12-27,30.34445543629942,30.431064376088884,30.273593849517177,30.36020278930664,10543000
2017-12-28,30.494053780503464,30.494053780503464,30.273596823744587,30.383825302124023,8807700
2017-12-29,30.242105555442357,30.407448291823446,30.15549659729004,30.15549659729004,12583600
2018-01-02,30.446810483538272,30.667270434867802,30.257848243542277,30.59640884399414,20135700
2018-01-03,30.486175905462687,30.92708973654982,30.336577566915086,30.84048080444336,29536000
2018-01-04,30.97533532101828,31.364015643551195,30.880149476564615,30.927743911743164,20731400
2018-01-05,31.37194391196147,31.633708744689738,31.229163644273903,31.3560791015625,24588200
2018-01-08,31.348143504231786,31.697160202915263,31.213294149031825,31.68129539489746,16582000
2018-01-09,31.562316218222808,31.69716255753709,31.364010642123247,31.48299217224121,21449800
2018-01-10,31.451264758343132,31.919266026751487,31.435399949561152,31.657501220703125,19473000
2018-01-11,31.83994571625514,31.895471040551293,31.530589473489943,31.808216094970703,21685600
2018-01-12,31.90340221854271,32.46658933140308,31.76855285261809,32.41899490356445,23770500
2018-01-16,32.44279856525374,32.64903506545212,31.982728103875406,32.1572380065918,32845000
2018-01-17,32.39519513585648,32.77594143305948,32.29207540143611,32.680755615234375,24427100
2018-01-18,32.71248322243767,32.90285484640588,32.54590426908747,32.760074615478516,19610200
2018-01-19,32.74421757126864,32.9345922662681,32.60143730649483,32.75215148925781,24582000
2018-01-22,32.68075375425155,33.04563522338867,32.53797352269312,33.04563522338867,22995100
2018-01-23,32.950447062122656,33.41844822644677,32.950447062122656,33.394649505615234,23984500
2018-01-24,33.47398259568376,33.86265983898248,33.32326841791635,33.4501838684082,26696200
2018-01-25,33.529518266419835,33.688163384982744,33.17256750612927,33.236026763916016,19207500
2018-01-26,33.43432710739558,33.75954818725586,33.275682013972734,33.75954818725586,23380400
2018-01-29,33.553302771427525,34.09269417889204,33.553302771427525,33.98957443237305,23625900
2018-01-30,33.86266192600659,33.99751130253567,33.2915438765456,33.51364517211914,28993900
2018-01-31,33.299467575711816,33.32326327341072,32.79973674271692,32.9504508972168,36512100
2018-02-01,32.59350737376348,33.4025945559953,32.26035240418416,33.07737350463867,26148500
2018-02-02,32.91872350891752,33.27567412805019,32.418992642131784,32.46658706665039,27224200
2018-02-05,32.418994628720675,32.847335397927985,30.713568495318402,30.761159896850586,52399600
2018-02-06,30.404211035633267,31.974790765787013,29.626850548900983,31.863737106323242,55171600
2018-02-07,31.974792860661882,32.68869113428413,31.75268855308568,31.99858856201172,32690800
2018-02-08,32.07790893872383,32.33173983436118,30.71356863114882,30.75322914123535,42982100
2018-02-09,30.93567221665088,31.665435339584498,30.32489063285477,31.3560791015625,51304200
2018-02-12,32.14137014014401,32.45072637399171,31.911334931317676,32.20482635498047,38210700
2018-02-13,32.12550733484965,32.768018570871845,31.903406030206423,32.704559326171875,30999100
2018-02-14,32.553851017340165,33.52158037676203,32.514190498871855,33.38673400878906,43835900
2018-02-15,35.75052496158312,35.79811938377292,34.31479166416818,34.96523666381836,72267500
2018-02-16,34.81452775235881,35.766395158264054,34.73520672932632,35.16354751586914,39267500
2018-02-20,34.90178072590934,35.44910301614969,34.75106958028159,34.94937515258789,29006900
2018-02-21,34.989031185542224,35.234928127165325,34.33065531728131,34.354454040527344,28499200
2018-02-22,34.49724506684088,34.552770395278635,33.910259132908806,34.060970306396484,25887600
2018-02-23,34.402044547471384,34.93350497301501,34.045093967017074,34.90177536010742,25781400
2018-02-26,35.139751113199154,36.051958067942785,35.004904759941425,35.980567932128906,27771100
2018-02-27,36.02021788162437,36.17886291755869,35.39357165393011,35.72672653198242,27419300
2018-02-28,35.90916894393865,36.400965855027344,35.52048873901367,35.52048873901367,26885200
2018-03-01,35.441169964140165,35.69500083914632,34.38618293134987,34.743133544921875,32154300
2018-03-02,34.33859362677613,35.076290597827814,34.187879455245486,34.94937515258789,28848100
2018-03-05,34.838323360809596,35.51256415839279,34.663816505424734,35.31425857543945,22101700
2018-03-06,35.41738122568901,35.52843187709087,35.012836108835636,35.13182067871094,21930000
2018-03-07,34.92557544583532,35.211135946084354,34.74313468754351,35.0604248046875,22034400
2018-03-08,35.10008052676203,35.22699595113343,34.85418056821013,35.171470642089844,20285600
2018-03-09,35.39358940346678,36.12335572437433,35.385658509348865,35.98850631713867,22230900
2018-03-12,36.1154027418415,36.385098388057564,36.01228604321646,36.13126754760742,18299800
2018-03-13,36.31371545998873,36.61514077737578,35.631543806593086,35.82191848754883,23411200
2018-03-14,35.964689598941504,36.29784142354245,35.766384076897474,35.91709518432617,21141100
2018-03-15,35.93296930945705,36.28198905536031,35.79018905447897,35.95676803588867,23520400
2018-03-16,35.956764342250025,36.17093167681401,35.671203861627916,35.70293045043945,56129000
2018-03-19,35.3697939584949,35.552234783603865,34.822471483168,35.115962982177734,26734100
2018-03-20,35.29046321240855,35.40944474778042,35.044563197861734,35.195274353027344,22809700
2018-03-21,35.092149252111604,35.61567575014585,35.0048943314555,35.147674560546875,22528200
2018-03-22,34.71139995297,34.917639406477505,34.124417256469116,34.16407775878906,29520800
2018-03-23,34.671740610319574,34.77486034052239,33.64848327636719,33.64848327636719,31759200
2018-03-26,34.30686400899043,35.02869617114926,33.97371209994923,34.94937515258789,29731900
2018-03-27,35.29046615690367,35.31426186078284,33.505715744285354,33.854732513427734,30942000
2018-03-28,33.719872852268246,33.9816376187595,33.013905610619595,33.04563522338867,36696800
2018-03-29,33.2677469994127,34.05303852174606,32.98218947174031,34.02130889892578,55021200
2018-04-02,33.72781585490995,33.81507080058076,32.14930199226405,32.53004837036133,36791800
2018-04-03,32.791806304551436,32.918721737200926,32.30000938127248,32.82353591918945,28003900
2018-04-04,32.29580511721657,33.22333989251106,32.13588469729097,32.9434814453125,30117600
2018-04-05,33.183364207266315,33.599156124806484,33.087413164827396,33.43923568725586,29331600
2018-04-06,33.10340574143967,33.327292525414265,32.343785945517595,32.56767272949219,32208700
2018-04-09,32.74358489493774,33.63114041487249,32.70360554859165,32.91949462890625,25725800
2018-04-10,33.663123631787236,34.15087961055177,33.38326514408402,33.99095916748047,22724400
2018-04-11,33.918996623596705,34.302806924066374,33.79106087351644,33.92699432373047,21693000
2018-04-12,34.20684081635599,34.89449637548849,34.1668614804076,34.65461730957031,22297000
2018-04-13,34.822545687959064,34.9744714930705,34.09491051418902,34.38276672363281,18272300
2018-04-16,34.47871442635366,34.89450634956611,34.40675038098558,34.622642517089844,15807900
2018-04-17,35.06240551167341,35.78204563845961,34.9504621697794,35.654109954833984,21474600
2018-04-18,35.670119100929625,35.917992888975945,35.42224226265457,35.68611145019531,17605300
2018-04-19,35.51818815390449,35.94197772237642,35.486206510242766,35.63013458251953,21472300
2018-04-20,35.58214598826485,35.782045684828134,34.87849820229844,35.254310607910156,23539200
2018-04-23,35.3902502020546,35.56616295715413,35.078407081816806,35.38225555419922,20716800
2018-04-24,35.526190547693126,35.909997774413014,34.64663270107197,34.97446823120117,21421500
2018-04-25,35.022430176892236,35.17435591555661,34.182851966702955,34.95046615600586,21706000
2018-04-26,35.16636571755978,35.57416293961735,34.73458150016763,35.35027313232422,20549300
2018-04-27,35.734076319370395,36.25381686193515,35.47021024946388,35.75006866455078,20077400
2018-04-30,35.917986983791884,36.1258844398372,35.40624409233916,35.414241790771484,19958500
2018-05-01,35.11039838832738,35.94198223244671,35.046432042749025,35.846031188964844,16865500
2018-05-02,35.90998999943845,36.021933368382655,35.0224346453408,35.070411682128906,23601600
2018-05-03,35.19035186162305,35.830033523868316,34.73458065992164,35.5341796875,23750200
2018-05-04,35.19035259107566,36.38175650896416,35.102399258410586,36.22183609008789,19504100
2018-05-07,36.26981160421293,36.78155448289497,36.221834565500934,36.5656623840332,17822400
2018-05-08,36.63762373114175,36.67760306869019,36.285801290396435,36.54966735839844,20285300
2018-05-09,36.70159422902062,36.86151158408408,36.13387663772445,36.81353759765625,20438300
2018-05-10,36.781559472985144,37.07741029294298,36.51769029961271,37.02143859863281,18469400
2018-05-11,36.85352166811349,36.997449746332215,36.60564485557492,36.7255859375,17551500
2018-05-14,36.58165108942994,36.965458210242524,36.51768171084725,36.54167175292969,22037700
2018-05-15,36.149864923163655,36.42172866655684,35.92597821103786,36.36575698852539,24753600
2018-05-16,36.2698142225179,36.42173694739758,35.9899527185037,36.109893798828125,31253700
2018-05-17,34.48670233196496,35.31028824488437,34.398745962579824,34.75056838989258,48210400
2018-05-18,34.750578039017554,34.83853443282538,34.47071955892781,34.55067825317383,24456000
2018-05-21,34.77456939368409,35.13438658153538,34.71859464533494,34.98246383666992,21785900
2018-05-22,35.01443970590207,35.11039072845073,34.766562926571005,34.902496337890625,16381800
2018-05-23,34.70260020965069,34.942479316122714,34.29480298344275,34.92648696899414,20638800
2018-05-24,34.86251849034536,35.15837234460297,34.39075491353903,34.838531494140625,18377500
2018-05-25,34.75056521613623,34.87850090985908,34.550665504055054,34.59064483642578,15362000
2018-05-29,34.19084277039387,34.5106835051012,33.998940769751314,34.358760833740234,25197400
2018-05-30,34.44671633929235,34.65461067656906,34.246816647584,34.2628059387207,22498800
2018-05-31,34.27081234244741,34.4867044303761,34.070912599946176,34.15087127685547,31439600
2018-06-01,34.310792698077044,34.93447893709768,34.28680570433875,34.910491943359375,18352700
2018-06-04,34.782553905574076,35.04642302000162,34.55066948081556,34.84652328491211,18087700
2018-06-05,34.974454644508214,34.982449290817435,34.694593220045164,34.918479919433594,16728800
2018-06-06,34.99045542266544,35.43023736971803,34.91049673241689,35.390254974365234,17730200
2018-06-07,35.374259853244574,35.4941978688734,34.66261420617695,34.902496337890625,19722000
2018-06-08,34.798548106902736,34.96646316128145,34.63063305252402,34.766563415527344,18812400
2018-06-11,34.8785108830937,35.11838999613714,34.73458280522196,34.93448257446289,15069000
2018-06-12,34.92648972664409,35.142381854583356,34.75857464387864,35.13438415527344,17564900
2018-06-13,35.19834727674221,35.60614141225352,35.054419217096324,35.19034957885742,24383200
2018-06-14,35.36626642890551,35.8300353526819,35.22233835257686,35.73408126831055,24020500
2018-06-15,35.47021193174898,35.60614229688726,34.85452033912876,35.38225555419922,49379800
2018-06-18,35.078409334361936,35.51818820012284,34.69460215786724,35.35027313232422,17625400
2018-06-19,34.87850504687768,35.19834584423561,34.7345769930894,35.03842544555664,22199200
2018-06-20,35.14238332097324,35.17436801909041,34.94248353308401,34.97446823120117,21276500
2018-06-21,34.93447136578743,35.00643538163375,34.43072630509063,34.510684967041016,20924400
2018-06-22,34.65462220958275,34.74257859124255,34.29480203471457,34.54267883300781,27460000
2018-06-25,34.134862937595635,34.23881160905514,33.431218369846945,33.815025329589844,28626700
2018-06-26,33.966969895560396,34.49470518721999,33.89500585350552,34.02294158935547,22171200
2018-06-27,34.166872293381466,34.50270553213211,33.80705205551605,33.8470344543457,20794800
2018-06-28,33.84702127397314,34.53467373272416,33.80703889071303,34.334774017333984,22197700
2018-06-29,34.42273444109246,34.78255458128931,34.35876811073965,34.406742095947266,20522900
2018-07-02,34.030931414587826,34.24682349079976,33.743075312971904,34.230831146240234,21810900
2018-07-03,34.334780957266446,34.56666540604341,34.07890951386711,34.11888885498047,13474700
2018-07-05,34.296165466308594,34.36063034218833,33.81266506420588,34.296165466308594,18118700
2018-07-06,34.15917988680707,34.554038478941706,34.09471499719425,34.41704559326172,20258300
2018-07-09,34.44928700828667,34.47346096285734,34.13501330285846,34.38481903076172,23210000
2018-07-10,34.54597504847878,34.68296792068388,34.41704220793354,34.53791809082031,20224600
2018-07-11,34.29617659167721,34.45734037065714,34.19947463548681,34.30423355102539,17721600
2018-07-12,34.45733774652644,35.158413042506666,34.44928078779185,35.11812210083008,17999500
2018-07-13,35.06976904738429,35.27928377608303,32.9907233809044,33.66762161254883,50831300
2018-07-16,33.885197197448335,34.60238638581975,33.844906257180604,34.24782180786133,24468000
2018-07-17,34.01412995138889,34.2558786662911,33.95772202037843,34.11888885498047,21188400
2018-07-18,34.038306661741004,34.22364744392878,33.96578174053695,34.014129638671875,20364000
2018-07-19,34.48957074099879,34.6587945355916,34.02219029774222,34.167240142822266,24498800
2018-07-20,34.0544279397386,34.14306987081591,33.73209727782386,33.852970123291016,20732100
2018-07-23,33.780438205056804,33.94160503970723,33.393639646296805,33.89325714111328,15656500
2018-07-24,34.022193676020045,34.554042136123535,33.90131776845024,34.159183502197266,17493900
2018-07-25,34.135002695720594,34.82801786875386,34.07859476991569,34.779666900634766,20658300
2018-07-26,35.118117649487004,35.319575406336284,34.82801798778382,35.077823638916016,23518700
2018-07-27,34.86025596611105,35.15035568667819,34.1833576427884,34.30423355102539,22050900
2018-07-30,34.21559104058507,34.3364669467462,33.90937740658032,33.98189926147461,15300400
2018-07-31,34.038303271996426,34.34451684302856,33.780434520283094,34.07859420776367,20900300
2018-08-01,33.83684507245354,34.11888469310218,33.304996734943735,33.732086181640625,21650000
2018-08-02,33.35334116153382,34.32839583330686,33.20023439394994,34.27198791503906,18033200
2018-08-03,34.417042417748554,34.554035290788796,34.2155846610434,34.51374435424805,13394300
2018-08-06,34.433166848333286,34.98113231090932,34.376758910185934,34.89249038696289,14345800
2018-08-07,34.89248729423793,35.16647000124126,34.84413939382675,35.11812210083008,18040500
2018-08-08,35.166469878603884,35.424335593236954,35.00530303845777,35.32763671875,13917100
2018-08-09,35.367923521618735,35.54520733243433,35.21481673209709,35.27928161621094,14098900
2018-08-10,35.206756700331965,35.4162744902052,35.1181178689256,35.27928161621094,14322100
2018-08-13,35.52103744092264,35.77084312213851,35.21482075291419,35.25511169433594,18113200
2018-08-14,35.32763681396682,35.68220140404247,35.11812207301343,35.45656967163086,15981300
2018-08-15,35.18258317677216,35.85948137512789,34.65879176978206,35.34375,27902200
2018-08-16,36.88288815976247,37.140753854263636,36.32686583236963,36.39133071899414,48648500
2018-08-17,36.342987665197214,37.132704984884626,36.19793779619358,36.963478088378906,23153900
2018-08-20,37.06017313443201,37.334155827642924,36.890946269506415,37.245513916015625,19288500
2018-08-21,37.269687021496296,37.41473686014873,36.84259753768722,36.89094543457031,18617300
2018-08-22,37.027939053435425,37.19716284390383,36.84259827235074,37.06017303466797,13202900
2018-08-23,36.97153091157397,37.26968755126362,36.94735388878718,37.084346771240234,15379000
2018-08-24,37.22940051646817,37.42279827503574,37.12464160407627,37.32609939575195,15575200
2018-08-27,37.47114573314362,37.76124541775661,37.34221288153804,37.543670654296875,17209900
2018-08-28,37.696781667385224,38.09164029867681,37.567848801372016,37.83377456665039,19147300
2018-08-29,37.93047737699956,38.37368395770804,37.79348753754518,38.260868072509766,20220600
2018-08-30,38.12386692315155,38.3092076901369,37.849884251520734,37.99493408203125,16238500
2018-08-31,37.801529871684046,38.542895946717024,37.71288797503869,38.494544982910156,24904200
2018-09-04,38.550952687163125,38.72823647945813,38.285026998720625,38.462310791015625,19122200
2018-09-05,38.32532841565215,38.397853337977466,37.68066107320416,38.091636657714844,20818100
2018-09-06,38.22862997856,38.599314656690055,37.93047330341369,38.09969711303711,16537600
2018-09-07,37.882118435421546,38.26892006626588,37.777362606319485,37.91435241699219,17229700
2018-09-10,38.11581029648198,38.24474314912033,37.69677775690692,37.93046951293945,16597200
2018-09-11,37.80154025556692,38.01105500828034,37.4227986200443,37.89823913574219,17291500
2018-09-12,37.76124551499855,37.882118334564126,37.42279485741127,37.78541946411133,16649400
2018-09-13,37.74513681290928,38.196403430787775,37.71290282434603,38.06747055053711,17972100
2018-09-14,38.091644577389374,38.268928440822016,37.95465166273624,38.19640350341797,13937000
2018-09-17,38.05940640076192,38.34144915918758,37.93047353445368,37.96270751953125,14430200
2018-09-18,37.93046214265917,38.39784556390681,37.93046214265917,38.24473571777344,16469600
2018-09-19,38.21251298611939,38.3736798365235,37.97076424751422,38.09969711303711,12721900
2018-09-20,38.20444513349623,38.52677874239603,38.00298739643413,38.462310791015625,17007800
2018-09-21,38.62347873361263,39.19561798596838,38.53483683485305,39.13115310668945,59664600
2018-09-24,38.84912116914719,39.179511836102726,38.83300417636862,39.034461975097656,21819300
2018-09-25,39.139217594773946,39.3890263507993,39.026401728827594,39.05863571166992,15810800
2018-09-26,39.2762063284357,39.53407201588202,38.89746475512328,39.01028060913086,20080100
2018-09-27,38.945831298828125,39.2923359572762,38.84912932186324,38.945831298828125,15910100
2018-09-28,38.89745771523407,39.32454710639462,38.7282339648498,39.20367431640625,15474300
2018-10-01,39.485725093410124,39.598540958979584,39.219799346852014,39.38096618652344,13669500
2018-10-02,39.28426350927098,39.598537125504905,39.21979555004274,39.493778228759766,15671600
2018-10-03,39.695232486676915,39.86445932771361,39.542125708025935,39.598533630371094,16737500
2018-10-04,39.45249548452838,39.56607404028875,38.973840788978585,39.24967575073242,22110900
2018-10-05,39.26592079036515,39.63099401285536,38.62500937723583,39.046875,19103300
2018-10-08,38.87649650685047,39.347039912955545,38.251814266694275,38.55198669433594,23791400
2018-10-09,38.560105376180616,38.965745039198836,38.357285544671505,38.52765655517578,17008400
2018-10-10,38.48708640094965,38.54387570071204,36.94565768702291,37.018672943115234,33055800
2018-10-11,36.88075840104742,36.994337014551654,35.63138746293064,35.793643951416016,36496300
2018-10-12,36.45077183709227,37.19714715690069,36.06946965274683,37.08356857299805,35424000
2018-10-15,36.92943454593926,37.09169102682316,36.239845275878906,36.239845275878906,26160500
2018-10-16,36.74283642154047,37.27016605487096,36.38587158597286,37.172813415527344,22669400
2018-10-17,37.22960877071273,37.50544387272158,36.68605309325167,37.270172119140625,17803400
2018-10-18,37.56222723142169,37.71637226373766,36.62925798617722,36.88075256347656,19044600
2018-10-19,36.83209081784241,37.48111380381793,36.613044979803355,36.78341293334961,21356300
2018-10-22,37.13225621969464,37.546007326476044,36.8401951585383,37.124141693115234,19195400
2018-10-23,36.62926585042249,37.132258207797456,36.053255129063835,36.84830856323242,21836200
2018-10-24,36.90509667460489,37.05923862729812,35.66383724263441,35.75307846069336,29588800
2018-10-25,36.19927724375985,37.16470147792391,35.86665289365561,36.88886642456055,27054500
2018-10-26,36.1587141718522,36.59680568836077,35.51780285267685,35.899105072021484,31806600
2018-10-29,36.41832904594911,36.54813361644548,34.8363337153598,35.56648635864258,28214200
2018-10-30,35.63138842994314,36.26418844273138,35.49347242259793,36.16683578491211,25924600
2018-10-31,36.548127948931516,37.562226965798565,36.41832339856392,37.116024017333984,26023700
2018-11-01,37.05111971123365,37.22149069588024,36.588690813159836,37.03489685058594,24662100
2018-11-02,37.09169250411434,37.39186499409463,36.49134442936867,36.8969841003418,25581300
2018-11-05,37.10792793399108,37.675821142478064,36.791526310252195,37.432437896728516,17525200
2018-11-06,37.35130712479448,37.82184760285584,37.31885520360803,37.72449493408203,15446700
2018-11-07,38.11389304710262,38.8846088373569,37.92729921910999,38.86027145385742,19990400
2018-11-08,38.835941382217975,39.298370361328125,38.835941382217975,39.298370361328125,21002000
2018-11-09,39.00631767182983,39.14423369364718,37.88675115767883,38.21937561035156,22015400
2018-11-12,38.24370393218289,38.33294514620735,36.94565835033105,37.01055908203125,25913500
2018-11-13,37.07546289103365,37.36752392050879,36.53190417622496,36.60491943359375,26196700
2018-11-14,36.88074768481867,37.026778172545754,35.76118473862331,35.96400451660156,36613500
2018-11-15,37.967876057925345,38.21125926382008,36.62926687811161,37.943538665771484,45983300
2018-11-16,37.69203204241534,38.16257547830789,37.42431150751256,37.60279083251953,31327400
2018-11-19,37.60279030751633,37.78938725003031,36.71038441058716,37.116024017333984,28370400
2018-11-20,36.44265822525703,36.74283374141315,35.8098614735046,36.09381103515625,28430600
2018-11-21,36.46700138393587,36.65359523227129,36.02079843402208,36.4183235168457,20117400
2018-11-23,36.06136888763094,36.60492458413655,36.01269101094088,36.13438415527344,9372900
2018-11-26,36.6211546172737,37.026794350464215,36.58059126291177,36.97000503540039,18275900
2018-11-27,36.8726393506577,37.635240665749784,36.67793098574883,37.416194915771484,21472700
2018-11-28,37.562230547336874,38.519540358121105,37.416200027401324,38.36539840698242,24293800
2018-11-29,38.04900210391638,38.746699733396326,38.04900210391638,38.40596389770508,22650800
2018-11-30,38.349167412644036,38.86838559542251,38.06521784127272,38.835933685302734,41619100
2018-12-03,39.20100540488428,39.5823075677454,39.006300156245835,39.541744232177734,24690100
2018-12-04,39.50929894182744,39.86626068729558,38.33294344467416,38.41407012939453,30802700
2018-12-06,38.122019410686875,39.31459799429427,37.700153761903195,39.257808685302734,40133000
2018-12-07,39.07121323500939,39.33893690506613,37.61091102909428,37.675811767578125,38298000
2018-12-10,37.56223063863619,38.23559393717402,37.17281694945649,38.01654815673828,28682000
2018-12-11,38.82782565679199,38.860277569754814,37.89485327521176,38.20314025878906,26048500
2018-12-12,38.87649914181274,39.10365943023221,38.42218475454308,38.47085952758789,23157200
2018-12-13,38.68179290934939,38.91706462256565,38.23558996362569,38.51142501831055,20051700
2018-12-14,37.619016365202256,37.82183616912582,37.02678290911961,37.172813415527344,27364500
2018-12-17,37.17281886629411,37.31073796247363,35.623275460895094,35.85854721069336,36610300
2018-12-18,36.14249355315371,36.19117142710409,35.47724474975715,35.74496841430664,30513800
2018-12-19,35.60704415695423,36.44266075586179,34.53615584357099,34.99858474731445,34820100
2018-12-20,34.8769035951214,35.07160892266079,33.968268417319614,34.47126388549805,38810900
2018-12-21,34.81199108080164,35.25819403123475,33.8627958823231,33.95203399658203,77915100
2018-12-24,33.83033189530823,33.919573072497535,32.65397683149038,32.678314208984375,24069400
2018-12-26,33.00284168049334,34.47936973693949,32.775684470204666,34.45503234863281,33335900
2018-12-27,33.98449860734473,34.8282300511344,33.38415349545322,34.81200408935547,28404100
2018-12-28,35.022935242705614,35.31499636381882,34.44692752872443,34.69842529296875,22447300
2018-12-31,35.039154952152515,35.33121602115142,34.79577175958183,35.15273666381836,20581200
2019-01-02,34.30088181497689,35.04726024973505,34.24409252149125,34.84444046020508,23833500
2019-01-03,34.58281637090826,34.67274854530752,33.48728492765152,33.57721710205078,29606700
2019-01-04,34.21491665473766,35.15511277888087,33.95329746030155,35.08970642089844,27515000
2019-01-07,35.0406600523136,35.686533900372396,34.958902092513405,35.326805114746094,19488100
2019-01-08,35.621135053762025,35.92363177202527,35.23688035843578,35.61296081542969,22071400
2019-01-09,35.866390593945795,35.866390593945795,35.29409742342103,35.41673278808594,22640000
2019-01-10,35.245049831132015,35.39221103817724,34.81174356524734,35.35133361816406,23277600
2019-01-11,35.245051080795704,35.59660251911879,35.06518668386371,35.55572509765625,17378400
2019-01-14,35.220524445126756,35.47396632363917,35.155118077286595,35.326805114746094,16243600
2019-01-15,35.42491306786269,36.00538052188619,35.27775186561066,35.98902893066406,17744100
2019-01-16,36.07078535531153,36.16889490696159,35.7764629378559,35.93997573852539,17262500
2019-01-17,35.866403953546374,36.40599414531538,35.809174927051785,36.14437484741211,18826200
2019-01-18,36.365104295692205,37.07638132403589,36.2261204555979,36.814762115478516,24416500
2019-01-22,36.692140054672244,36.986462525715396,36.28335953794516,36.610382080078125,21338400
2019-01-23,36.90469396522516,37.50969032869061,36.80658754260131,37.16631317138672,24770400
2019-01-24,37.30531109821032,37.40341754968139,36.97828543497625,37.28895950317383,17360600
2019-01-25,37.70591489760843,38.14739861480401,37.56693101557348,37.71409225463867,24196600
2019-01-28,37.387060272682945,37.419763457785805,36.9782798151394,37.403411865234375,18296700
2019-01-29,37.45246387342464,37.64867673203783,37.321654261433466,37.575096130371094,14470100
2019-01-30,37.558740770304695,38.3681273074232,37.54238918060316,38.188262939453125,18329300
2019-01-31,38.196447039272755,38.736037119729204,38.03293423212741,38.66245651245117,23693600
2019-02-01,38.72785682129894,38.883195379719844,38.466237597244664,38.703330993652344,16266500
2019-02-04,38.605225222447366,38.80961543964584,38.52346726431965,38.71150588989258,15743100
2019-02-05,38.768733804894,38.80143698722029,38.49076611136185,38.63792419433594,16946300
2019-02-06,38.5234723491905,38.90772700624209,38.38448848014915,38.81779479980469,18160500
2019-02-07,38.5806910683536,38.686974840200776,38.0084010324383,38.18008804321289,20331200
2019-02-08,37.93482539269827,38.58887346110744,37.853067434930125,38.58069610595703,18407100
2019-02-11,38.70333539188934,39.00583206931265,38.53164834135834,38.89955139160156,19363600
2019-02-12,38.646097817024376,39.36555216498561,38.55616563368587,39.152984619140625,23909200
2019-02-13,39.12846702924733,39.202047638487876,38.52347056229758,38.834144592285156,28325600
2019-02-14,39.93785002581383,40.61642709204187,39.52089532540376,39.569950103759766,47598600
2019-02-15,39.92150912353811,40.54285417349192,39.602657681869836,40.412044525146484,30189600
2019-02-19,40.22400062374952,40.82081976169493,40.22400062374952,40.59190368652344,20204500
2019-02-20,40.63277527522116,40.71453011354014,40.34662710361038,40.57554626464844,17550900
2019-02-21,40.50197090183234,40.64913212484042,40.22400004934458,40.395687103271484,17120600
2019-02-22,40.63277200165974,41.05790398791165,40.534665579831426,40.96797180175781,22008100
2019-02-25,41.156018910274696,41.69560901989997,41.156018910274696,41.523921966552734,24264300
2019-02-26,41.29500592993715,42.03081209867895,41.27048009722836,41.8427734375,19382500
2019-02-27,41.867274122436065,42.227002752747296,41.605655001525676,42.177947998046875,19940900
2019-02-28,42.14525845992011,42.48045826192686,41.98174567677724,42.32512283325195,30708500
2019-03-01,42.513156995532256,42.58673758431285,41.916338050421494,42.03079605102539,23683700
2019-03-04,42.2270260848618,42.447764806115806,41.39311350666029,41.826419830322266,18725900
2019-03-05,41.793714786945785,42.11256305765424,41.67108251599888,41.94087600708008,14994200
2019-03-06,41.99810241077184,42.341479609302404,41.63019938332743,42.243370056152344,19686900
2019-03-07,42.145261747687684,42.488638930949385,41.867290930284284,41.93269729614258,22209200
2019-03-08,41.46669304518823,41.801892915299284,41.295002872694226,41.752838134765625,18182200
2019-03-11,41.81006501504852,42.58674851401008,41.77736182969811,42.44776153564453,17859300
2019-03-12,42.52134207411606,42.74208389675103,42.2515485922827,42.63580322265625,19485300
2019-03-13,42.84836035550883,43.216263330262144,42.62761857065684,42.995521545410156,20568000
2019-03-14,43.02823566952217,43.29802917379979,42.93012610546879,43.118167877197266,19215900
2019-03-15,43.28167602608882,43.83761772744374,43.27350178875164,43.49424362182617,43670700
2019-03-18,43.55147539746335,44.09923977742244,43.40431416609422,43.74768829345703,19073800
2019-03-19,43.97660014025156,44.14828717521138,43.445184324902904,43.584171295166016,20596400
2019-03-20,43.46153815519403,44.042005656859445,43.21627050422599,43.54329299926758,21140800
2019-03-21,43.39613199925228,44.336325118162065,43.36342881631268,44.0992317199707,20082700
2019-03-22,44.07471273611021,44.262751389091015,43.085464689179474,43.118167877197266,23938500
2019-03-25,43.085463335390884,43.27350198246333,42.717560278619764,43.109989166259766,18774900
2019-03-26,43.48606131273063,43.73133206737576,43.330725871036286,43.51876449584961,17742700
2019-03-27,43.575996236914,43.870318665929325,43.118164119554514,43.445186614990234,20447500
2019-03-28,43.48606261801056,43.89484306302616,43.347078763703955,43.62504959106445,13095000
2019-03-29,43.90301283551415,44.148280436411525,43.625042056164645,44.140106201171875,19582300
2019-04-01,44.54071299912298,44.982196589428824,44.46713240073868,44.949493408203125,19741700
2019-04-02,44.96585228504433,45.30105215005567,44.94132645452442,45.202945709228516,17264000
2019-04-03,45.34192809076911,45.619898929643625,45.02307982944928,45.48091506958008,21110400
2019-04-04,45.55495181039679,45.81000143824312,45.13535727528746,45.36572265625,16412100
2019-04-05,45.456231012017575,45.75241691081591,45.35750342524926,45.42332077026367,13817500
2019-04-08,45.41509578785926,45.71128169323665,45.07777364862245,45.653690338134766,13862800
2019-04-09,45.316363405241916,45.596091021293226,45.13536022921517,45.39863586425781,15508400
2019-04-10,45.34103978438344,45.94163746031418,45.34103978438344,45.9251823425293,13460200
2019-04-11,46.01569501724609,46.03215013899894,45.50559879688208,45.74419021606445,13186000
2019-04-12,46.01568851692447,46.36946573840108,45.90050581941918,46.31187438964844,14331700
2019-04-15,46.40237402941247,46.57514806841783,46.27073621800463,46.53401184082031,12198400
2019-04-16,46.58338031343161,47.33207105481012,46.575154322204774,46.85488510131836,19718300
2019-04-17,47.04410757637515,47.15929026808723,46.31187206035436,46.32832717895508,26093600
2019-04-18,46.59160342629232,46.64919477292304,46.16377975239774,46.402374267578125,18332000
2019-04-22,46.20492294642499,46.566926199609796,46.155557582516096,46.3530158996582,11951500
2019-04-23,46.42706943437428,46.64920889799497,46.23784021836272,46.6409797668457,18796600
2019-04-24,46.59983250155767,47.019430213066826,46.5504702803165,46.79729080200195,13212000
2019-04-25,46.45173734955221,46.71501297861611,46.08150501540203,46.344783782958984,15526900
2019-04-26,46.089742500221845,46.37769929093758,45.810011701315,45.97455978393555,18010900
2019-04-29,45.80177534454343,46.25428328497798,45.7030477659455,46.18023681640625,16259500
2019-04-30,46.073278867593324,46.172006443531544,45.68659141563682,46.032142639160156,20846000
2019-05-01,46.073277874948765,46.36123460627,45.67013531260605,45.72772979736328,17648500
2019-05-02,45.645454482297794,45.982776571829376,45.10244811528371,45.201175689697266,24220600
2019-05-03,44.95435518441686,45.242315055988165,44.57589686708738,45.201175689697266,26887100
2019-05-06,44.31262925902258,45.05309090881127,44.06580870909302,44.91322708129883,17025900
2019-05-07,44.31262577392488,44.62526678644365,43.555705923378376,43.975303649902344,25289700
2019-05-08,43.744932783277605,44.37844076574803,43.71202568251416,43.991756439208984,21525100
2019-05-09,43.45696934379281,43.77783628089941,42.97155437423616,43.539241790771484,24322800
2019-05-10,43.28421495763104,44.0575869809407,42.74120840115956,43.901268005371094,21795900
2019-05-13,42.64246607310658,42.996240144281686,42.0089581194798,42.20641326904297,28869900
2019-05-14,42.32982247429802,43.14433040825095,42.27223113102833,42.79878234863281,25478300
2019-05-15,42.58488269598197,43.36648378490703,42.52729133412901,43.144344329833984,30577200
2019-05-16,44.6499425811936,46.4023734746343,44.526530761383555,46.01568603515625,46057800
2019-05-17,45.89228420588032,46.75616085562661,45.678373895267654,46.361244201660156,27299300
2019-05-20,45.90873457979234,46.39414964749013,45.70305028226774,46.08150863647461,21004100
2019-05-21,46.63274791229954,46.69033926912911,46.18024304928423,46.5011100769043,18562300
2019-05-22,46.25428633970744,46.32010368362173,45.80177836938832,45.818233489990234,19479200
2019-05-23,45.1765011430108,45.25877361055742,44.37844502613609,44.584129333496094,22734200
2019-05-24,44.89676393137521,44.979036387142486,44.47716938537331,44.732215881347656,13057600
2019-05-28,45.03663848729584,45.275229904759854,44.279718584584096,44.37022018432617,29769200
2019-05-29,44.057570412967756,44.057570412967756,43.48988295238525,43.75315856933594,19762100
2019-05-30,43.967075114383846,44.246805889681106,43.88480264926428,44.074031829833984,12954300
2019-05-31,43.432288738767184,43.50633519729983,42.790551718653276,42.8070068359375,20480400
2019-06-03,42.82346921674303,43.251292923220234,42.362738408608536,42.6013298034668,22380500
2019-06-04,43.177250950158005,44.13162604449367,43.11965959314156,43.79430389404297,21689300
2019-06-05,44.30439611858599,45.077771080453715,44.22212365555437,45.04486083984375,22521900
2019-06-06,45.16005062447829,45.49737279738855,44.60058900035974,45.33282470703125,15927300
2019-06-07,45.5878623685725,46.32009788192996,45.27522139328188,46.01568603515625,17394900
2019-06-10,46.188465462113,46.60806318763824,46.040372516456245,46.41883087158203,16871000
2019-06-11,46.6821069949476,47.356751202865134,46.67387786594026,46.98651885986328,26723700
2019-06-12,46.114418299536915,46.55869712986196,45.785325310716836,45.958099365234375,23183000
2019-06-13,46.007461913312156,46.295421811374624,45.89227920948449,46.2131462097168,15785300
2019-06-14,46.06505632929964,46.08973744051046,44.97081436771798,45.04486083984375,22530500
2019-06-17,45.24230975540892,45.637223145288196,45.135353064871,45.57963180541992,20392600
2019-06-18,46.130865517786944,46.60805450680211,45.86758991643124,46.114410400390625,21173200
2019-06-19,46.10619034783452,46.37769197360211,45.88405094211932,46.18023681640625,21096300
2019-06-20,46.89601909993211,47.340297928854056,46.632743454310194,47.233341217041016,20969800
2019-06-21,47.23334491855102,47.842171858321585,46.879567653554815,46.92070388793945,57588800
2019-06-24,47.10170833123741,47.13461857501298,46.64097433386019,47.04411697387695,17794100
2019-06-25,46.94538500212346,47.060567706100485,46.08150844530921,46.139102935791016,25520600
2019-06-26,46.51755901397898,46.93715357773563,46.36946607653708,46.56692123413086,19286100
2019-06-27,46.8466580201281,47.101707698220686,45.63723639331883,45.85114669799805,23959900
2019-06-28,45.99923433239165,46.056825682314795,44.45248759811524,45.028404235839844,103123400
2019-07-01,45.464456940778746,45.53850341537665,44.61703861698647,45.03663635253906,28410000
2019-07-02,45.11067963605435,46.00746012047898,45.06954026758192,45.916961669921875,20307100
2019-07-03,46.17362637710368,46.811132440491726,45.98320298024235,46.76145553588867,13866800
2019-07-05,46.36404533154506,46.96843340062099,46.12394505308614,46.860801696777344,14273900
2019-07-08,46.57102394175754,46.7614473051012,46.33092368255477,46.52134704589844,15835100
2019-07-09,46.67038283264679,46.93532000750504,46.39716775283057,46.645545959472656,19564000
2019-07-10,46.93532294567665,47.73013767830742,46.86080916318941,47.29961395263672,19362600
2019-07-11,47.498300559449206,47.7052828735671,47.125731762377114,47.440345764160156,15994600
2019-07-12,47.67218259133386,48.01163356331538,47.6639015276048,47.978515625,13660400
2019-07-15,48.01989872290768,48.21032208022671,47.91226703110142,48.06129455566406,8809700
2019-07-16,48.127533667582604,48.23516220836373,47.572819364596086,47.70528793334961,11501100
2019-07-17,47.663896005572006,47.84604148690393,47.349281944625965,47.365840911865234,9266900
2019-07-18,47.23336845482446,47.84603755918274,47.10918094817467,47.80464172363281,10287400
2019-07-19,47.86260106795638,48.07786132822739,47.456914261141655,47.49003219604492,13882400
2019-07-22,47.57282631067176,48.02818688485517,47.49831253247446,47.79636764526367,10485600
2019-07-23,48.06957757272139,48.10269234529389,47.58937704997339,47.77980041503906,12692200
2019-07-24,47.67217002975361,47.754961695426076,47.2830422528339,47.38239288330078,18177000
2019-07-25,47.49003043742948,47.605940046998526,46.67037894957699,46.87736129760742,15127200
2019-07-26,46.927035666659535,47.05950423592103,46.670376431959205,46.8028450012207,15243000
2019-07-29,46.9353135115433,47.3161634112042,46.811126004560236,47.13401794433594,12051100
2019-07-30,47.067780883086655,47.10917987599417,46.65381622040938,46.753170013427734,9623400
2019-07-31,46.63725734196968,47.05122197738585,45.45331823201547,45.86728286743164,17441200
2019-08-01,46.23157764932831,47.10090288441519,45.668585406771086,45.8590087890625,19020600
2019-08-02,44.89033079965198,44.97312247212878,43.53252715791331,44.08723831176758,29021900
2019-08-05,43.375227325373025,43.49941801748889,42.17472888202145,42.530738830566406,29931800
2019-08-06,43.01092774526698,43.656711588289895,42.72115059543133,43.54907989501953,20708400
2019-08-07,42.91158156081724,43.45801482884353,42.39826306789864,43.333824157714844,24128600
2019-08-08,43.70639284299745,44.178312338173065,43.540806334902506,44.012725830078125,26093500
2019-08-09,43.69811065236433,43.77262442116832,43.0854446940203,43.4083366394043,17425000
2019-08-12,43.27587403865252,43.35038781773695,42.50589937421346,42.671485900878906,16388300
2019-08-13,42.613533233559494,43.93821919690815,42.389991885063075,43.64844512939453,21499500
2019-08-14,43.15168036225963,43.15168036225963,41.50410258983513,41.90150833129883,28688100
2019-08-15,39.21074659907813,39.69094412767335,38.084761830922716,38.291744232177734,61129100
2019-08-16,38.43248730271219,39.21074308295547,38.41593149140109,38.87957000732422,24471800
2019-08-19,39.65781897805048,40.23736702344205,39.31836805504971,40.15457534790039,26384800
2019-08-20,40.18769662355426,40.22909246476768,39.6743780859471,39.68265914916992,18201600
2019-08-21,40.15457529404338,40.51058518333498,40.038665685120534,40.378116607666016,18365400
2019-08-22,40.76724325586708,40.84175702492774,39.69093255647982,39.8896369934082,21515100
2019-08-23,39.657816121929756,40.17113142157948,38.440758997658875,38.589786529541016,25871100
2019-08-26,38.9540799282695,39.13622541763299,38.639465853450794,38.99547576904297,14820100
2019-08-27,39.35975844849154,39.45083117396997,38.656016670530654,38.73881149291992,20859000
2019-08-28,38.52355377534045,38.87956366819312,38.28345665087006,38.805049896240234,11187600
2019-08-29,39.40115231176936,39.66608941357777,39.00374665905673,39.13621520996094,14733400
2019-08-30,39.3432001300179,39.38459596274247,38.54010771030287,38.75537109375,19248400
2019-09-03,38.6063537966527,38.88784995537141,38.25034385597019,38.498722076416016,17009400
2019-09-04,38.929241739536984,39.25213370827556,38.82161003052409,39.17761993408203,13691300
2019-09-05,39.75717088824945,40.32844104762512,39.55846643899265,40.088340759277344,18434200
2019-09-06,40.27877164908494,40.560267806889925,39.96415755311456,40.43607711791992,17939100
2019-09-09,40.54370957313567,40.57682435360124,40.12146374961985,40.22081756591797,21175100
2019-09-10,40.212523097919366,40.8583068970938,39.6992078513525,40.74239730834961,16119200
2019-09-11,41.35507770943871,41.454428361637824,40.8417623217263,41.42131042480469,18656000
2019-09-12,41.62827874501415,41.64483770784286,40.90798123261095,41.338504791259766,16546700
2019-09-13,41.40475145638812,41.57861904561192,41.19776908863147,41.42131042480469,15867800
2019-09-16,41.23088514625342,41.545499215228205,41.22260724157257,41.36335372924805,13025600
2019-09-17,41.37990898392023,41.41302691627228,40.717566128378664,40.907989501953125,16070600
2019-09-18,40.957660677654545,41.18120195234665,40.3863874784527,40.85002899169922,12563800
2019-09-19,40.85831391226583,41.330233409350235,40.60165782406551,40.72584533691406,15349400
2019-09-20,40.80865145799686,41.28884899210572,40.46091937757935,41.0653076171875,48301300
2019-09-23,41.11497183077913,41.1894855994015,40.800357790118035,40.91626739501953,16450000
2019-09-24,41.18948501430473,41.56205385212423,40.51058320241133,40.66788864135742,26717200
2019-09-25,40.60994759657021,41.20605793901703,40.22082281929599,41.07358932495117,14013500
2019-09-26,40.92454794114346,40.974224839031834,39.95586896126896,40.427791595458984,20172900
2019-09-27,40.568545712281065,40.95767358997336,40.23737264722799,40.43607711791992,16065300
2019-09-30,40.5271427548042,41.11497184170361,40.5271427548042,40.907989501953125,14903600
2019-10-01,41.10669756700319,41.28883989442073,39.21073840950593,39.525352478027344,24185600
2019-10-02,39.202447303608494,39.227287327852,38.09302202247856,38.54838562011719,30722400
2019-10-03,38.64014826083964,39.27414211697046,38.12294509142195,39.2574577331543,15915500
2019-10-04,39.41595895684407,39.73295591989988,39.16569953641945,39.64119338989258,16718800
2019-10-07,39.599479681679725,40.15005161922813,39.47434839405566,39.84973907470703,14625200
2019-10-08,39.62450229671257,39.6578710623796,38.66517096821969,38.69853973388672,23022400
2019-10-09,39.14067464309563,39.34922470794304,38.92378397583175,39.07394027709961,16768600
2019-10-10,38.414918677131794,38.565074968114345,37.99781857600719,38.49834060668945,24698500
2019-10-11,38.932114250559046,39.45766116558244,38.75693300629145,38.840354919433594,25153600
2019-10-14,38.832017075017376,38.832017075017376,38.37320762034873,38.4149169921875,15076900
2019-10-15,38.58175660964588,38.85704418427268,38.40657534336756,38.673519134521484,18794400
2019-10-16,38.67351645661148,39.10730088275488,38.64014768947258,39.032222747802734,16454200
2019-10-17,39.3325511048572,39.457679258616125,38.87373832774164,39.232444763183594,14352400
2019-10-18,39.29082598477785,39.43264166572819,38.92377906257757,38.96548843383789,17226200
2019-10-21,39.324199114381685,39.60782732550598,39.18238659993023,39.53274917602539,13277700
2019-10-22,39.62450843152402,39.949845991595886,39.5410896866619,39.66621780395508,15067100
2019-10-23,39.59948454396676,39.79135020825359,39.073937526524695,39.24911880493164,15647100
2019-10-24,39.399276788481245,39.399276788481245,38.45662963020343,38.715232849121094,18338800
2019-10-25,38.82368789219684,39.1990787135963,38.75695033184936,39.124000549316406,15701200
2019-10-28,39.33254288600497,39.70793045106353,39.25746473654898,39.34922409057617,13859700
2019-10-29,39.20741382026656,39.56612020128502,39.132335666513356,39.407623291015625,13713900
2019-10-30,39.45766672437008,39.69124493185392,39.34087921173868,39.674560546875,12062000
2019-10-31,39.70793643714141,39.74964900152189,39.290836251111685,39.63285827636719,12488300
2019-11-01,39.08228843289524,39.61617937515498,38.90710710829951,39.232444763183594,24404100
2019-11-04,39.62451443555214,39.94151144205861,39.47435812627127,39.60783004760742,15018900
2019-11-05,39.699587639969565,39.97487205117764,39.42430004654026,39.841400146484375,18988900
2019-11-06,39.88311058062529,40.45870754232895,39.86642619564853,40.266841888427734,15904500
2019-11-07,40.55047549019225,40.85912869797673,40.20845350799283,40.39197540283203,16717800
2019-11-08,40.391972207605875,40.75067854863712,40.08331902423755,40.7339973449707,14407000
2019-11-11,40.04994856066854,40.43368305543211,39.67456103182803,40.12502670288086,19590400
2019-11-12,40.28352732879803,40.658918045057526,40.14171164389061,40.35026168823242,15632900
2019-11-13,40.241813077559215,40.75067245099468,40.1667349434096,40.42533493041992,25187000
2019-11-14,38.00617119717689,38.37321822591179,37.205336398321336,37.46393966674805,65568900
2019-11-15,37.59740939170786,38.081247120524345,37.380518701625085,37.61409378051758,32385000
2019-11-18,37.52232691120575,37.69750820019705,37.071858011895486,37.66414260864258,22742800
2019-11-19,37.864349944480594,38.03953123836504,37.60574989604778,37.931087493896484,19612600
2019-11-20,38.11460668102828,38.15631923755889,37.480615917751116,37.60574722290039,18660800
2019-11-21,37.647451631106286,37.664136015073424,37.28040154827095,37.40553283691406,19868800
2019-11-22,37.66414585187622,37.68082705797916,37.2804112848532,37.413883209228516,18725700
2019-11-25,37.539018812877984,37.99782840636875,37.48062503819127,37.91440963745117,19653300
2019-11-26,37.981136945166206,38.18134640840613,37.74756188990419,37.79761505126953,29422000
2019-11-27,37.83931897691868,37.889368948852486,37.48061266102843,37.73921585083008,14889900
2019-11-29,37.73922128745403,37.98948072983783,37.66414313651674,37.79761505126953,9808900
2019-12-02,37.74755530820236,37.81429284505306,37.263717712697485,37.28874588012695,17630100
2019-12-03,37.038487503105905,37.11356564302356,36.4879155377834,36.93838119506836,19625500
2019-12-04,37.13859173382864,37.16361672047204,36.58801975212613,36.61304473876953,17202200
2019-12-05,36.74651500315703,36.788224373114204,36.20428682927187,36.30438995361328,22632800
2019-12-06,36.61304802912551,36.75486372469876,36.41284175354388,36.57133865356445,16541000
2019-12-09,36.61304751205952,37.013463239789296,36.49625998924933,36.62139129638672,17508500
2019-12-10,36.57968082701149,36.854968445537494,36.53797144965887,36.788230895996094,21862400
2019-12-11,37.00511873376006,37.080196873677714,36.82993746802585,36.93838119506836,16440500
2019-12-12,37.1636273471134,38.181352857903455,37.04683979975493,38.097930908203125,27061600
2019-12-13,38.29812725968644,38.414914766958375,37.70584594010967,37.78926467895508,21796900
2019-12-16,38.206365328424916,38.86538419504543,38.206365328424916,38.35652160644531,21871300
2019-12-17,38.556735377784605,38.80699480858055,38.31481654905263,38.740257263183594,22510000
2019-12-18,38.80699753458436,39.00720382039611,38.58176307637999,38.907100677490234,21921200
2019-12-19,39.33253968377389,40.03326796090671,39.29917091290539,39.941505432128906,30764700
2019-12-20,40.25016137093706,40.350264508195124,39.55777364786712,39.582801818847656,52575300
2019-12-23,39.66621724812605,40.291867372488355,39.557770335548014,40.12502670288086,20253500
2019-12-24,40.175074917979764,40.250153050959504,39.74963428590839,39.85807800292969,7044700
2019-12-26,39.85807582731337,40.041600849517565,39.74963211621137,39.91646957397461,11091700
2019-12-27,40.03326411463011,40.05828909926659,39.77466093857676,39.84973907470703,11056800
2019-12-30,39.833056856623735,39.94150376631286,39.449325554303435,39.6995849609375,12128600
2019-12-31,39.65787341774583,40.02492031522092,39.54942651399742,40.008235931396484,14892600
2020-01-02,40.38639433162185,40.68891143798828,40.23513417563107,40.68891143798828,16708100
2020-01-03,40.26034326900551,40.45361942328729,39.898999917987126,40.02505111694336,15577400
2020-01-06,39.613291949969856,40.184718572026874,39.50404777661954,40.167911529541016,22183600
2020-01-07,40.1006858446599,40.1006858446599,39.57967715380669,39.90740966796875,16501900
2020-01-08,39.47042722268408,40.15949976762828,39.335974121368494,39.93260955810547,25175900
2020-01-09,40.15950671123046,40.23513679414789,39.55446604789106,39.764549255371094,18203600
2020-01-10,39.89900413719517,39.96623230524506,39.54606587177972,39.604888916015625,13502600
2020-01-13,39.75614480850293,40.319166230038114,39.747739685593814,40.31076431274414,18237400
2020-01-14,40.30235896928934,40.327571132263564,40.01664569863069,40.15950393676758,17948700
2020-01-15,40.26874553145264,40.672108089323686,40.134292414034014,40.34437561035156,16289400
2020-01-16,40.655301322679634,41.24353491745243,40.52925012179432,41.21832275390625,20094900
2020-01-17,41.43680484707155,41.63008097526336,41.06705642303964,41.19310760498047,27176200
2020-01-21,41.142689037835886,41.344370300302444,40.89899178065981,41.008235931396484,21771800
2020-01-22,41.41159559799011,41.62167877891435,41.209917539447204,41.23512649536133,15186000
2020-01-23,41.176307678222656,41.327567840428614,40.680511192239855,41.176307678222656,16767700
2020-01-24,41.36117641332237,41.5796615042894,40.78974992234418,41.05025100708008,14066700
2020-01-27,40.24353267938679,40.39479282254743,39.7225273005084,39.890594482421875,20666000
2020-01-28,39.9326056008829,40.31075591261384,39.91579856418215,40.1426887512207,14035100
2020-01-29,40.31075877711168,40.31916069325187,39.436812040255965,39.53765106201172,14273600
2020-01-30,39.109093003055584,39.722535620758315,38.873797616846,39.69732666015625,14822600
2020-01-31,39.48724009998076,39.49564201759889,38.520856087516805,38.63010025024414,20069900
2020-02-03,38.99144796502543,39.352791369612504,38.83178266192866,39.10068893432617,15374900
2020-02-04,39.6805047917488,40.092265953938885,39.588067696591835,40.01663589477539,13947300
2020-02-05,40.613283738814175,40.84017076256631,40.4620235859027,40.7141227722168,17042300
2020-02-06,40.91580581665039,41.02504998606884,40.52085155210219,40.91580581665039,9814800
2020-02-07,40.840171653873156,40.9830298927918,40.226729111728716,40.31076431274414,16807500
2020-02-10,40.32756808785979,41.08386560207474,40.235130977034494,41.06705856323242,19012700
2020-02-11,41.50403043483221,41.77293663522194,41.05865514148949,41.285545349121094,23168300
2020-02-12,41.53764312346957,42.25192459333715,41.51243416977991,41.95780944824219,31686200
2020-02-13,39.62169421298004,40.058664463597,39.1427047563748,39.764549255371094,47044700
2020-02-14,39.630086697758955,39.680507809574074,39.05866025297924,39.47042465209961,26747200
2020-02-18,39.344380126263424,39.369589083625094,38.89900478292661,39.15110397338867,18546300
2020-02-19,39.235129389547964,39.33597161331607,38.571269047288176,38.89899826049805,27626400
2020-02-20,38.73094298869887,39.46203170467853,38.57128089378383,39.36959457397461,20416700
2020-02-21,39.26874149354317,39.36958050663635,38.69731507665773,38.90739822387695,20028700
2020-02-24,37.81496871601451,38.38639516639457,36.97463607788086,36.97463607788086,35295900
2020-02-25,37.01666272613699,37.15111585872421,35.35280400826432,35.915828704833984,48024700
2020-02-26,36.10909544416892,36.45363170671772,35.243550624115336,35.42842483520508,38513200
2020-02-27,34.688941714302636,35.37801444833016,33.62171852730495,33.64693069458008,51442900
2020-02-28,32.52088017101631,34.07549457689172,32.226761766110656,33.55448913574219,80188000
2020-03-02,33.73936374781006,34.613307437674116,32.70575156615519,34.596500396728516,48864300
2020-03-03,34.67213467132444,35.20995042977959,33.36961929386341,33.64693069458008,49294700
2020-03-04,34.21834315963081,34.831785548967375,33.445235530944956,34.78136444091797,30022100
2020-03-05,33.75617065020425,34.04188396100855,33.01668001510004,33.25197219848633,30255900
2020-03-06,31.93264309873394,33.571292530449846,31.764575914986043,33.34440231323242,48605600
2020-03-09,31.00828001462491,33.243565019953905,30.495676519971724,31.899030685424805,61535300
2020-03-10,32.98306792730604,33.73936885629312,31.823407571397766,33.680545806884766,50536500
2020-03-11,32.78977740866411,32.9074234560774,30.56289480623449,31.134321212768555,63594300
2020-03-12,28.991477799898682,30.100716694054316,27.73097876512048,27.899045944213867,51855300
2020-03-13,29.562914325425975,31.663746763528355,28.008299603476573,31.6301326751709,53859600
2020-03-16,27.92425640964057,31.083909289546384,27.226781906253986,28.32761573791504,44211300
2020-03-17,29.15954822662383,30.46206339983873,28.23518024146652,29.83181381225586,41572400
2020-03-18,28.369627654399505,31.688942122721347,27.99148054237479,31.193145751953125,56904300
2020-03-19,31.134330057024222,33.04188592576808,30.378032449264307,31.688949584960938,58319700
2020-03-20,32.1595381247828,32.327605333661865,29.74778377505663,29.915847778320312,48582500
2020-03-23,29.840212650834967,30.100716940846304,28.352826598542833,29.075510025024414,39823400
2020-03-24,30.59651264834344,32.50406821024351,29.865424116758362,32.43684005737305,48235600
2020-03-25,32.478863422908056,33.57129540229887,31.512479437899724,31.65533447265625,42873900
2020-03-26,31.907435224622052,34.38641424787127,31.403233656288727,34.100704193115234,38473300
2020-03-27,32.949440936633884,33.73935564325453,32.27717548837181,32.62171173095703,31278600
2020-03-30,33.151125054371995,34.025071815855895,32.73936062837571,33.8822135925293,27120300
2020-03-31,33.72254640877199,33.96624041402637,32.865406815989026,33.03347396850586,26014200
2020-04-01,32.07550080008326,32.6553324721579,31.823401606214585,32.209957122802734,26790700
2020-04-02,32.09967326355252,33.88958684455311,31.785803158545338,33.7623405456543,28180500
2020-04-03,33.77930821641735,34.178010281156105,32.69348517237229,33.13460159301758,21235200
2020-04-06,34.32222454075682,35.35715179692277,33.745380158894655,35.145076751708984,31641400
2020-04-07,36.18848109162327,36.256346650947535,34.43250019420757,34.47491455078125,30366100
2020-04-08,34.92450893763605,35.798260125384964,34.67001958854717,35.408042907714844,22683500
2020-04-09,35.70496083204092,35.79827438561337,34.65306700450906,34.949974060058594,27643900
2020-04-13,34.81423611587789,35.17052059676752,34.38160126221705,34.9669303894043,19592000
2020-04-14,35.55225542674933,36.324208352812065,35.22990049749002,36.29027557373047,22882400
2020-04-15,35.79826848800863,35.94247796631079,34.97541627225886,35.2214241027832,18428800
2020-04-16,35.4250129451558,35.45046415021685,34.50885046316459,35.2044563293457,26178000
2020-04-17,35.840684640284735,36.17152121151061,35.40805294776057,36.03579330444336,30701500
2020-04-20,35.56074057480055,36.72291410500024,35.450463885722414,36.08668899536133,23438800
2020-04-21,35.48438955494574,35.62011742168679,34.2798019061123,34.398563385009766,31661000
2020-04-22,35.00933790527623,35.7049435771905,34.87361004821997,35.42500305175781,18330700
2020-04-23,35.53529679537,36.09517482841872,35.22990818897823,35.30625534057617,16100200
2020-04-24,35.492880639432705,36.18848654733486,35.33170476575095,36.069725036621094,14639200
2020-04-27,36.22240919346969,36.66352556408707,36.12061410363723,36.52779769897461,17937900
2020-04-28,36.90105507034655,37.01133499158159,35.97640781385616,36.044273376464844,16427700
2020-04-29,36.77379758426627,36.88407747199134,36.41751319685671,36.765316009521484,17430100
2020-04-30,36.62111674076326,36.62111674076326,35.77281657180224,35.95096206665039,26679900
2020-05-01,35.39108708696784,35.467434238091556,34.58520121088614,34.71244430541992,22095300
2020-05-04,34.737891358473426,35.128108645987375,34.34767407095948,35.07720947265625,15997700
2020-05-05,35.297763261251816,35.569219000398526,35.111136227085574,35.17051696777344,15060200
2020-05-06,35.2553575800414,35.36563427643774,34.75486033113773,34.907554626464844,16040300
2020-05-07,35.280800484667296,35.43349475806924,34.9669303609002,35.094173431396484,20173600
2020-05-08,35.64556609264098,36.49386608560434,35.374110353773325,36.46841812133789,21959100
2020-05-11,36.29027308728649,37.02829641970955,36.14606364008216,36.748355865478516,26182700
2020-05-12,37.27431390007202,37.579702524875145,36.63808867706847,36.66353988647461,25817100
2020-05-13,36.82470267200239,36.96043054183024,35.04327397601085,35.586185455322266,36986700
2020-05-14,36.84167917201641,37.81722572891365,36.69746645048853,37.19796371459961,50417700
2020-05-15,36.41752275650345,37.647558521840466,36.3496571967018,37.55424499511719,30573000
2020-05-18,38.35164645377873,38.42799359164059,37.60514470136057,38.224403381347656,26966500
2020-05-19,38.029289843317635,38.15653289933753,37.673002167245144,37.8426628112793,24345400
2020-05-20,38.215920211427644,38.86911169988502,38.198953820505714,38.546756744384766,20184500
2020-05-21,38.55523480672218,38.733377026196955,37.800248340941636,37.86811065673828,18674900
2020-05-22,37.893564578526544,38.13109081117923,37.42700016254268,38.08867645263672,12592800
2020-05-26,38.83517788305157,38.85214427352133,37.90204905927151,38.037776947021484,21776900
2020-05-27,38.20743851349391,39.004839468261004,38.003845059080945,38.98787307739258,22157200
2020-05-28,38.936976294583104,39.41202228454229,38.48737503636131,38.6824836730957,20013000
2020-05-29,39.05573510587021,40.56570816040039,38.521305167915415,40.56570816040039,43553600
2020-06-01,39.997343978715705,40.11610545407866,39.21690634117594,39.27628707885742,18712400
2020-06-02,39.361117838165164,39.785267800921226,38.920001488577974,39.77678298950195,17285900
2020-06-03,39.853142836986926,40.0397699157103,39.47989191554861,39.819210052490234,17492000
2020-06-04,39.67499563582366,40.082179291094775,39.47140219018409,39.7513427734375,14100700
2020-06-05,40.099142864666305,40.96440928484407,40.03976212136068,40.57419204711914,22591100
2020-06-08,40.26032675787076,40.85413754569948,39.97190456012586,40.82868957519531,17820900
2020-06-09,40.735359077443185,40.921986079471225,40.285761193656114,40.760807037353516,18597300
2020-06-10,40.42998429481709,40.57419700045625,39.97190144538664,40.22639083862305,18462400
2020-06-11,39.861624612102545,39.87010618957587,37.01981722932573,37.045265197753906,35582000
2020-06-12,38.139573734375105,38.9030451591146,37.418519905683105,38.232887268066406,26125600
2020-06-15,37.42700433860081,38.81821616447681,37.265828463752214,38.47041320800781,21300100
2020-06-16,40.217908785305376,40.28577434856988,38.94545859816936,39.42898941040039,28074600
2020-06-17,39.65802353065986,39.71740426957917,38.93696985177816,39.16600799560547,20399100
2020-06-18,38.84366502586332,39.06422164318144,38.47041088515962,38.87759780883789,22423500
2020-06-19,39.242366397147634,39.454441450222596,38.215923916906846,38.44496536254883,36103200
2020-06-22,38.26682025887042,38.56372401677011,38.01233086124093,38.309234619140625,18398600
2020-06-23,38.953933173866936,39.149045015178274,38.444954484901274,38.572200775146484,23222400
2020-06-24,38.419508567319234,38.57220282934232,37.65603725720384,37.96142578125,22840100
2020-06-25,37.97840218374259,38.44496666916275,37.494871305178776,38.360137939453125,19114900
2020-06-26,38.27530684343653,39.45444368763949,37.85964152800245,39.284786224365234,106928300
2020-06-29,39.31023518421742,39.40354873296772,38.74187231274231,39.1490592956543,23875400
2020-06-30,39.149054874869755,39.87859031651871,39.106637276766754,39.564720153808594,21888800
2020-07-01,39.47989568943784,39.63258999826059,39.021812762969574,39.07271194458008,17129500
2020-07-02,39.389046685938695,39.517295375865864,38.88460683985799,39.012855529785156,19632000
2020-07-06,39.38905083104329,39.74814524372885,39.218053646978746,39.68829345703125,16152900
2020-07-07,39.431795162081194,39.5771438947653,38.95300701088573,39.012855529785156,17102800
2020-07-08,38.97865465654694,39.3890458899207,38.74780897624302,39.166751861572266,15020800
2020-07-09,39.8421845740773,40.35517604872822,39.51729356111453,39.92768478393555,26027700
2020-07-10,39.95333454108494,40.11578005295338,39.53439491413488,39.89348602294922,13775700
2020-07-13,40.073030554336434,40.175630806949506,39.14109945951468,39.26934814453125,17965500
2020-07-14,38.89315709937006,39.75668802792761,38.82475693079147,39.551490783691406,19303500
2020-07-15,39.756689120763276,40.03883493165627,39.32064944933733,39.67119216918945,15705000
2020-07-16,39.072704926094225,39.183853575760395,38.64521363207022,39.1411018371582,17709400
2020-07-17,39.36339923984341,40.1243332233641,39.22660215585654,39.970436096191406,20389700
2020-07-20,39.90202623555813,40.26966892104337,39.55148358910698,40.15852355957031,15966500
2020-07-21,40.423576543586535,40.46632828306056,40.055933762308584,40.2012825012207,16044700
2020-07-22,40.20127557061781,40.27822412230558,39.78233273109564,40.09867858886719,27218300
2020-07-23,40.167086188086905,40.782674765551874,39.9105920346432,40.53472900390625,23750200
2020-07-24,40.603123291942595,40.73136871930334,39.423246443525855,39.67119216918945,16983600
2020-07-27,39.893479019862475,40.40646715997339,39.45743942691811,40.34661865234375,15576000
2020-07-28,40.16707277464748,40.252572971576754,39.50873593503769,39.56858444213867,13975300
2020-07-29,39.671187232017054,40.08157841919664,39.64553554053761,39.93622970581055,11618200
2020-07-30,39.4403484104655,39.7224909736248,38.79911145787642,39.70539093017578,15385100
2020-07-31,39.662643146871936,40.27823167581752,39.209503402786915,40.26968002319336,17701100
2020-08-03,40.30387240214905,40.491969585906816,39.91058125565483,40.32097244262695,14141100
2020-08-04,40.192730656508196,40.75701904296875,40.107233700968635,40.75701904296875,12839500
2020-08-05,40.7570301439379,40.8083302881341,40.22694169991319,40.466339111328125,13075600
2020-08-06,40.38083025275283,40.89382180072798,40.269681594799884,40.84252166748047,14190900
2020-08-07,40.466325711837534,40.6971681305306,40.209828337290396,40.551822662353516,17054300
2020-08-10,40.32097550175237,41.039160948816644,40.32097550175237,40.80831527709961,14999200
2020-08-11,40.95365864065716,41.42389831267534,40.26112171615828,40.34661865234375,18859600
2020-08-12,40.42357879206754,41.150316004051824,40.41503040059713,41.124664306640625,26823700
2020-08-13,37.43968765970165,37.48243613605773,36.234162362061895,36.52485656738281,91849500
2020-08-14,36.328213083440005,36.6616557845435,36.14011586271501,36.336761474609375,32539500
2020-08-17,36.37950099634001,36.55904652018927,35.78956430590714,35.986209869384766,30511700
2020-08-18,36.02041864983592,36.15721573840889,35.74682447268999,35.89216995239258,23344600
2020-08-19,35.99476035152378,36.208505967058954,35.721166224558694,35.79811477661133,20097400
2020-08-20,35.79811818503296,36.268357931683106,35.678421150776515,36.174312591552734,18443900
2020-08-21,35.952015381346705,36.16576101769419,35.746821396892884,36.12301254272461,17389600
2020-08-24,35.96911515619068,36.31110947640363,35.90926663937835,36.06316375732422,17742900
2020-08-25,36.10590667655609,36.165755184159856,35.72116394088969,35.87506103515625,15417400
2020-08-26,35.61002432009048,36.14866097540644,35.43902715871258,36.12301254272461,21625800
2020-08-27,36.25126372672065,36.31111224810134,35.92636942386849,36.1572151184082,22456800
2020-08-28,36.02895729836625,36.16575434994789,35.909260285919686,36.080257415771484,16573600
2020-08-31,35.994766072962946,36.20851172247342,35.85796898773624,36.09736633300781,21298000
2020-09-01,35.90926520378816,35.96911371820785,35.48177395136211,35.934913635253906,23325100
2020-09-02,35.94346531938294,36.49920199114182,35.934913667886974,36.26835632324219,30045700
2020-09-03,35.69551324538321,35.76391339915728,34.77213073842631,35.01152801513672,39288100
2020-09-04,35.225288787170996,35.42193442178661,34.57550009222353,34.900394439697266,34867400
2020-09-08,34.24205496884715,34.72084643381968,34.17365805185109,34.19930648803711,29101800
2020-09-09,34.28479600075827,34.60969025502636,33.9599050079895,34.310447692871094,23351600
2020-09-10,34.22495243764348,34.74649234553409,33.70341252975287,33.831661224365234,25108800
2020-09-11,34.00265778422577,34.242051864257114,33.788912138055,34.09670639038086,21853000
2020-09-14,34.387398649954896,34.74648974964236,34.24204992281982,34.51564407348633,19866700
2020-09-15,34.63534315426163,34.91748897340965,34.52419776626369,34.7122917175293,19024100
2020-09-16,34.8148850908453,35.19962456959358,34.53273932749753,34.558387756347656,24310200
2020-09-17,33.908607255538726,34.54129576739225,33.78035857050775,34.51564407348633,22225900
2020-09-18,34.35320024562669,34.47289728470906,33.84021200341662,34.03685760498047,44450800
2020-09-21,33.60936665535164,33.746163738755655,33.07927510334883,33.37852096557617,28495000
2020-09-22,33.49821906310892,33.737613151246556,33.24172493131862,33.617916107177734,17656800
2020-09-23,33.54095937073766,33.67775642513466,32.643228497413624,32.72872543334961,24843200
2020-09-24,32.48933648453208,32.626133560322764,32.147342164305606,32.361087799072266,30910400
2020-09-25,32.284133101423016,32.951021572909035,32.16443609055343,32.87407302856445,22966600
2020-09-28,33.515319561665095,33.59226812839659,33.16477681577714,33.45547103881836,24275700
2020-09-29,33.40416682886948,33.66921258447422,33.19897285030408,33.3956184387207,16353700
2020-09-30,33.421263187493906,33.942802989579114,33.361414678549615,33.677757263183594,27113200
2020-10-01,33.738165221844596,33.919370152426644,33.280845859156415,33.479305267333984,20763500
2020-10-02,32.83215573410219,33.2635901150801,32.76312794476894,33.02198791503906,24493000
2020-10-05,33.20318352128891,33.47067397377542,33.030609141993835,33.28084182739258,26929100
2020-10-06,33.220441288376676,33.95387828590264,33.134155744520385,33.28084182739258,28430800
2020-10-07,33.63462555653005,34.152348813442856,33.46205113755911,33.997032165527344,20593700
2020-10-08,34.342169107691774,34.67006009242739,34.221368032152974,34.33354187011719,19031300
2020-10-09,34.64418201727015,34.71320980642031,34.273148187286615,34.385318756103516,16167500
2020-10-12,34.454352192017154,34.97207216657377,34.195492204738855,34.82538604736328,22757200
2020-10-13,34.98068157878721,35.04108209629979,34.26449931173615,34.35078811645508,23438300
2020-10-14,34.38531478588425,34.87714965877933,34.30765647481751,34.419830322265625,16439100
2020-10-15,34.05742299087854,34.51474227268528,33.95387639412122,34.48885726928711,15451400
2020-10-16,34.411191792054,34.77359493038902,34.1264436477208,34.652793884277344,21292500
2020-10-19,34.644180282625,34.84263969242155,33.78993880503008,33.91073989868164,19600500
2020-10-20,34.03153807746049,34.09193861911284,33.677762065675616,33.8244514465332,16564900
2020-10-21,33.91936859567819,34.14371300153554,33.63462035467716,33.703651428222656,17016300
2020-10-22,33.5224365127436,33.61735256478231,33.11689059709882,33.496551513671875,20399000
2020-10-23,33.59146756571058,33.62598309219407,33.349865463489714,33.496551513671875,15556100
2020-10-26,33.134154150000235,33.16003915359495,32.055568445789056,32.50425720214844,29146500
2020-10-27,32.254021944795014,32.357565231894185,31.572355113930154,31.81395721435547,37911500
2020-10-28,31.33938826130313,31.503332115421497,30.787152866817497,30.813037872314453,34561500
2020-10-29,30.640465463078066,31.12367311018163,30.442006061120207,30.7957820892334,35332000
2020-10-30,30.718117028234914,31.002865210829324,30.623204258952192,30.976980209350586,29151200
2020-11-02,31.22720957066988,31.365268397859936,30.778517559406684,30.976980209350586,23483100
2020-11-03,31.37390858205002,32.21089233100388,31.322135271576155,31.650026321411133,27342900
2020-11-04,31.95203171042639,32.18500668943497,31.494712283992897,31.555112838745117,30121900
2020-11-05,31.943394037017573,32.18499617711394,31.84847797009906,32.124595642089844,23149700
2020-11-06,32.409345479857485,32.44385772191284,31.995168950951047,32.38345718383789,19475300
2020-11-09,34.44570600992003,34.71319640713554,32.89254350035606,32.96157455444336,42649500
2020-11-10,32.97021718863247,33.677769365569134,32.93570164546888,33.410282135009766,31514500
2020-11-11,33.66051299847422,34.04017740594845,33.16867800841307,33.9366340637207,27332800
2020-11-12,33.63462460062021,33.9884006682437,33.134162420569425,33.36713409423828,29368300
2020-11-13,35.55018487870202,35.82630255106775,34.997949533970555,35.72275924682617,49106400
2020-11-16,36.01613435327867,36.74957129656994,35.67961285732554,36.70642852783203,34572600
2020-11-17,36.17145988353744,36.542493744891395,35.91259989206763,36.13694763183594,23140900
2020-11-18,36.15419769599419,36.44757316820601,35.6019589959146,35.65373229980469,21327700
2020-11-19,35.37761353566209,35.69687400446275,35.17915414740317,35.52429962158203,22177700
2020-11-20,35.420750484137436,35.714125899319214,35.30857665997269,35.351722717285156,19776300
2020-11-23,35.40350110725598,36.067910389977655,35.39487386869876,35.92985153198242,19651400
2020-11-24,36.361284934095224,36.85311980870469,36.15419829825057,36.7668342590332,22849700
2020-11-25,36.91351528616403,36.9307730520466,36.42168047904886,36.671913146972656,22617700
2020-11-27,36.9825603832279,37.08610372623194,36.79272817806754,36.84450149536133,10769500
2020-11-30,36.62013636581221,37.14648665462312,36.594251365241824,37.120601654052734,34741600
2020-12-01,37.111978984953,38.026620933913556,37.111978984953,37.56930160522461,23942500
2020-12-02,37.439869244325884,37.93170409898632,37.40535370922416,37.87130355834961,17422200
2020-12-03,37.77638612142386,38.08701934298119,37.6210695106452,38.061134338378906,27710700
2020-12-04,37.87130982784277,38.40628754415319,37.87130982784277,38.29411697387695,17319800
2020-12-07,38.216448987593296,38.38902335644312,37.88855801593685,38.268218994140625,14086800
2020-12-08,38.147421649020906,38.42353934951425,37.905819483984885,38.28548049926758,13348500
2020-12-09,38.37176327021822,38.68239645704874,38.27684720851088,38.56159210205078,22679800
2020-12-10,38.4321684194157,38.49256895838054,38.061134656298854,38.24233627319336,17741500
2020-12-11,37.914445281968185,38.2509668025212,37.72461642732835,38.24233627319336,14577700
2020-12-14,38.19919433155298,38.75142972356705,38.09565101844599,38.173309326171875,16112300
2020-12-15,38.30274182518601,38.65651786753157,38.0870246459123,38.58749008178711,18159400
2020-12-16,38.57023231245526,38.94989336300713,38.42354291892602,38.58749008178711,16192000
2020-12-17,38.75142921124019,38.768686978460295,38.48393875670246,38.673770904541016,16141600
2020-12-18,38.74280132297963,39.32092170302566,38.63062748372351,39.20874786376953,41027000
2020-12-21,38.37177931842358,38.79458321720805,38.02663045724225,38.725555419921875,19865300
2020-12-22,38.3458749769276,38.889483053881015,38.3458749769276,38.56159210205078,16024000
2020-12-23,38.52709193700805,38.65652027769213,38.268228672473626,38.29411697387695,12032600
2020-12-24,38.35450874994527,38.47530982358068,38.16467661047111,38.432167053222656,5720500
2020-12-28,38.768689886738194,39.122465912332814,38.58748825470791,38.76005935668945,13458400
2020-12-29,38.80320373610513,39.04480590163755,38.42353942845975,38.518455505371094,11829000
2020-12-30,38.6047378186648,38.880855473052094,38.345874637542394,38.38039016723633,11043100
2020-12-31,38.29410853480703,38.69102729196685,38.10427639373824,38.61336898803711,15105500
2021-01-04,38.54378940077841,38.59597927194353,37.70871496108213,38.23933410644531,24392500
2021-01-05,37.99576604512931,38.335013422952,37.734806778979326,38.2567253112793,17763700
2021-01-06,38.38720218978897,39.03090141772887,38.17843280990672,38.622066497802734,21823100
2021-01-07,38.44809865182683,39.23967700708751,38.42200040128869,39.109195709228516,18218800
2021-01-08,38.69166189799534,39.50063801632299,38.49159299924341,39.19618606567383,20936300
2021-01-11,39.27447072193454,39.97036320369881,39.16138715668625,39.4571418762207,25058200
2021-01-12,39.40495215289732,39.95296898211274,39.10919740741506,39.8311882019043,20145000
2021-01-13,39.39625149145865,39.98776093052756,39.30056565303911,39.4571418762207,19367300
2021-01-14,39.030906422154416,39.66590852822745,39.01350869507715,39.274471282958984,22333500
2021-01-15,39.109193791126586,39.709403749908084,39.039606202418014,39.51803207397461,30271700
2021-01-19,39.43104923158178,39.69200851259084,38.943922806961524,39.30926513671875,28868800
2021-01-20,39.43104583796057,39.57892153443715,39.265769096866734,39.43974304199219,16499400
2021-01-21,39.317961722793264,39.352757174984276,38.900426251331936,39.23967361450195,17488400
2021-01-22,38.92652622184701,39.04830700200774,38.47419523962333,38.94392395019531,14643400
2021-01-25,39.17878261433416,39.2918628547559,38.891725115701504,39.170082092285156,16581300
2021-01-26,39.048301883216126,39.44843962794137,38.94391884508715,39.37015151977539,13087800
2021-01-27,39.35275760548151,40.41399236270117,39.213579113471866,39.75289535522461,29634500
2021-01-28,39.93556662871968,40.24871906629009,39.404947589311696,39.43974304199219,21166000
2021-01-29,39.013501724960484,39.465832593324926,38.69165212722529,38.77864074707031,22608100
2021-02-01,39.074396939560145,39.69200460299019,38.84823313650302,39.49193572998047,16776900
2021-02-02,39.596326043312445,39.961668404206826,39.518037920509705,39.86598587036133,16520900
2021-02-03,39.796387826773575,40.153032918282435,39.613716679037154,39.813785552978516,13173600
2021-02-04,39.90077576504388,41.16208286442062,39.81379044161544,41.101192474365234,22285700
2021-02-05,41.37954739778195,42.04934497278198,41.318657010807144,41.82318115234375,25488600
2021-02-08,42.24071550172931,42.91921026277142,42.24071550172931,42.57126235961914,25215400
2021-02-09,42.4233905117879,42.47558369748558,42.11023803415664,42.18852615356445,24795000
2021-02-10,40.1443366191622,41.24036684856196,39.865979630163,41.092491149902344,44540900
2021-02-11,41.18817243815606,41.67529881348891,41.05769446999193,41.38824462890625,18589900
2021-02-12,41.25777092948088,41.4839347735215,40.805439923122066,41.135990142822266,15239800
2021-02-16,41.10988888155589,41.10988888155589,40.361806487068506,40.457489013671875,18539000
2021-02-17,40.29221362811891,40.36180453677032,39.900773062647595,40.2313232421875,13296300
2021-02-18,40.353101115116736,40.361801637211705,39.74419398126888,40.309608459472656,16867500
2021-02-19,40.48358213904297,40.54447252020707,39.64851121026934,39.735496520996094,25117700
2021-02-22,39.396251305026794,39.735498680889165,38.98741302217877,39.51803207397461,21435800
2021-02-23,39.370149380184934,39.82248027853099,39.230970897484355,39.587615966796875,19714900
2021-02-24,39.35276357014173,39.83988670686977,39.17878959919136,39.787696838378906,17823600
2021-02-25,39.657211491846866,40.222626010283534,39.35275956239769,39.59632110595703,21916700
2021-02-26,39.64851050349613,39.822481121848426,38.93521703148895,39.03090286254883,22144900
2021-03-01,39.33536338998382,40.205229872251294,39.33536338998382,39.94426727294922,17394100
2021-03-02,39.95296621685914,40.08344751135288,39.509332470202146,39.59632110595703,14833000
2021-03-03,39.51803939108595,39.60502472264703,39.143996492473434,39.257080078125,16851100
2021-03-04,39.265774213434824,39.552831758038714,38.40460821617804,38.761253356933594,24653500
2021-03-05,39.535430747059145,40.65755926198452,39.378854520870625,40.2313232421875,33197600
2021-03-08,40.22262693696949,42.10153837495993,40.187831481865885,41.327354431152344,34824500
2021-03-09,41.597011380795195,42.07543724172034,41.510026067273174,41.657901763916016,26512700
2021-03-10,42.16243180127756,42.4407888256156,41.91886691627368,42.005855560302734,19841500
2021-03-11,42.19721989801062,42.69304682578108,41.95365835461803,42.44948196411133,21976600
2021-03-12,42.45819122151419,42.614767479700205,42.162436435860364,42.466888427734375,15196500
2021-03-15,42.536472095388355,43.00619747155002,42.536472095388355,42.9801025390625,15523600
2021-03-16,42.78872900270929,43.26715819948405,42.78872900270929,43.20626449584961,17282300
2021-03-17,43.154072975131086,43.154072975131086,42.52776810034496,42.98879623413086,18326900
2021-03-18,42.20592042071873,43.119279526718124,42.20592042071873,42.44948196411133,18416900
2021-03-19,42.37119188531379,42.81482561108468,42.03194451753429,42.606056213378906,65366800
2021-03-22,42.57126123285854,43.82387099643143,42.57126123285854,43.75428009033203,28813900
2021-03-23,43.51071468178259,44.08482633288136,43.40633165020374,43.50201416015625,28328200
2021-03-24,43.44112438156255,43.884758078881106,43.162767414658546,43.188865661621094,26444700
2021-03-25,43.997844384796124,44.711134571873686,43.74558233080414,43.93695068359375,34537700
2021-03-26,44.01523641823728,45.78976458618336,43.980444285783356,45.72887420654297,31997000
2021-03-29,45.58100361213439,46.05072897638504,45.476617248276746,45.685386657714844,25032800
2021-03-30,45.32874040755274,45.485316631137984,44.51976435845472,45.03298568725586,22465100
2021-03-31,45.085179361652386,45.276547722803585,44.84161450103164,44.98079299926758,22212400
2021-04-01,45.0155874013714,45.293944391338,44.66763950477461,45.21565628051758,17896200
2021-04-05,45.23317926352328,46.3633491047807,45.23317926352328,45.91653823852539,19860900
2021-04-06,45.53980989052605,45.750075971846506,45.36458871310334,45.583614349365234,15126100
2021-04-07,45.56609772709276,45.67999200829893,45.18937665922572,45.3558349609375,15783600
2021-04-08,45.504770932443556,45.55733829515881,45.07548250083483,45.47848892211914,15111300
2021-04-09,45.4083918949558,45.68874441348761,45.2769751897403,45.63617706298828,13135800
2021-04-12,45.61866965857317,45.6975190392951,45.09300934847144,45.18061828613281,16441700
2021-04-13,45.24193799606748,45.45220409181657,44.97910788293077,45.25946044921875,13353200
2021-04-14,45.128055473260716,45.27699469279821,44.803898360715,45.005401611328125,15376600
2021-04-15,45.34707474867948,45.5047735036695,45.00539522688997,45.241943359375,17869800
2021-04-16,45.95158607251437,46.59114062561308,45.7851244249783,46.25822067260742,28327900
2021-04-19,46.021668462258546,46.398392847245006,45.98662689826409,46.30202102661133,20245600
2021-04-20,46.07423729883598,46.24945849269193,45.20689422738554,45.373355865478516,21257500
2021-04-21,45.417156648220285,45.61865983510337,45.101759193249876,45.49600601196289,14015500
2021-04-22,45.39087476511401,45.63618241206577,45.014150397543226,45.11928176879883,15564800
2021-04-23,45.11928696539766,45.6712325766753,44.838934381715845,45.47848892211914,14016800
2021-04-26,45.25070625802256,45.35583764732704,45.11928951484201,45.241943359375,13778200
2021-04-27,45.1893857462941,45.26823179290755,44.98787915361389,45.005401611328125,13601000
2021-04-28,45.171853824917896,45.35583457927217,44.61114532173389,44.77760696411133,14984000
2021-04-29,44.838936089864035,45.206897616689076,44.663714882871204,45.08424377441406,13916600
2021-04-30,44.87397182764471,44.88273138227399,44.16432758830169,44.602378845214844,19930200
2021-05-03,44.86521458479954,45.03167622232595,44.51477554034671,44.830169677734375,13465900
2021-05-04,44.77761223780987,44.88274363238472,44.06796780477943,44.42716979980469,18164800
2021-05-05,44.672470232406646,44.90025542355859,44.400877240359414,44.79512405395508,16205300
2021-05-06,44.7425580997231,46.17936578355577,44.63742672682624,45.94281768798828,27106800
2021-05-07,45.97787095648015,47.029194902885756,45.750085716757845,46.8101692199707,24146000
2021-05-10,47.28326811226373,47.43220398069116,46.57362365722656,46.57362365722656,23845600
2021-05-11,46.52104487364781,46.52980777085649,45.65370520568749,46.28450012207031,20220900
2021-05-12,45.715031187853235,45.93405682468961,45.092999181333774,45.20689010620117,22123300
2021-05-13,45.65370575682495,46.266978228259966,45.45220256545143,45.98662567138672,15864000
2021-05-14,46.37211483548463,46.626185413223034,46.08299934866511,46.34583282470703,14789400
2021-05-17,46.223179685894436,46.56486256622138,46.15309320366847,46.38087844848633,15731000
2021-05-18,46.25822180230836,46.731318061491265,46.20565777933242,46.37211608886719,20177200
2021-05-19,45.45220409606649,46.13556305869906,45.434681642913574,45.9691047668457,29187900
2021-05-20,44.16433188790486,46.40715574479326,43.89273887903415,46.30202102661133,48830800
2021-05-21,46.23193799731578,46.37211428992463,45.76760465468642,45.93406295776367,24468400
2021-05-24,46.39839159200217,47.108035881233945,46.24945575837296,46.775115966796875,21128900
2021-05-25,46.75759254845256,46.941576625460186,46.55608936131661,46.70502853393555,20657200
2021-05-26,46.74007533491171,46.967863896902855,46.275741996949876,46.354591369628906,18671200
2021-05-27,46.37210899705375,46.740070469878276,46.06547443636665,46.363346099853516,56216100
2021-05-28,46.59114050414191,46.626185413223034,46.293265461085355,46.34583282470703,14863500
2021-06-01,46.39838844738822,46.7137858878932,45.93405518334804,46.10051345825195,15741700
2021-06-02,46.126809648141695,46.42468470729154,45.90778396765112,46.398399353027344,14529300
2021-06-03,46.25821660265844,46.924056450086994,46.10051786732358,46.72255325317383,17593100
2021-06-04,46.81891555264078,47.45846996506075,46.81891555264078,47.3708610534668,11676700
2021-06-07,47.58989475204918,47.69502613221925,47.12556142607061,47.23945236206055,14899800
2021-06-08,47.28325892727581,47.65122041925378,47.213169114289784,47.42343521118164,15329700
2021-06-09,47.467240801397494,47.67750356122035,47.256974699508326,47.327064514160156,14860900
2021-06-10,47.6862728241983,48.25574094702429,47.54609651825037,48.21193313598633,22183500
2021-06-11,48.35210765439911,48.492283955164844,47.78264289469249,47.98414611816406,17134000
2021-06-14,47.651216834712706,47.773870656145455,46.89776811212186,47.458473205566406,15131400
2021-06-15,47.511044710388155,47.58989407991866,47.072993400122286,47.12556076049805,12542600
2021-06-16,47.178123796941186,47.23945071173678,46.54733219589137,46.84520721435547,15477900
2021-06-17,46.792644260647464,46.915298101786625,46.442201849907136,46.54733657836914,18288400
2021-06-18,46.26698894395096,46.29327095784923,45.45221309243582,45.61867141723633,35758300
2021-06-21,45.88149261718227,46.792640131042134,45.811406146459476,46.59113693237305,17682200
2021-06-22,46.6962654547892,46.74883281116734,46.266977074932115,46.66122055053711,16451200
2021-06-23,46.66999313027527,46.68751558603671,46.07424300265323,46.22317886352539,14749800
2021-06-24,46.38086841486611,46.47724023138702,46.0917563073694,46.240692138671875,13974300
2021-06-25,46.23194091434692,46.60866535114031,46.12680952377357,46.48601150512695,16682700
2021-06-28,46.57362056583314,46.6875148554669,46.36335444205285,46.398399353027344,14008700
2021-06-29,46.33706891547063,46.59989904371192,46.231937532587395,46.354591369628906,10926100
2021-06-30,46.38963669735086,46.49476808118458,46.10052121422508,46.433441162109375,15826400
2021-07-01,46.47724445480238,46.959100239127444,46.43343999114853,46.81892395019531,15074800
2021-07-02,46.92479048989833,47.30414139705992,46.61601806098404,47.23356628417969,15066000
2021-07-06,46.95126073273504,47.07476970859072,46.17491427188432,46.73952865600586,19394500
2021-07-07,46.81892292177433,47.021830984746416,46.46603728551262,46.986541748046875,14411600
2021-07-08,46.898322021664875,47.392361239357896,46.67776934034301,46.986541748046875,15691800
2021-07-09,47.07477023516904,47.57763013698773,47.01301574655041,47.410011291503906,14673400
2021-07-12,47.674667260316944,47.674667260316944,46.871855654149,46.96007537841797,14000600
2021-07-13,47.05712292136409,47.26885498834268,46.93361395119617,47.03947830200195,9927400
2021-07-14,47.1982722573903,47.81582041794351,47.057118680581,47.71877670288086,17113700
2021-07-15,47.49823102810137,47.52469627597593,46.968905878407035,47.33061218261719,14952400
2021-07-16,47.53351974332572,48.00109039923194,47.33061165934062,47.37472152709961,14144900
2021-07-19,47.348253968039806,47.37472258157809,46.518976993464115,46.81010818481445,19925300
2021-07-20,47.004186324244365,47.57762464131368,46.924787224425025,47.26885223388672,17250200
2021-07-21,47.48058207389105,47.55116054893736,47.12769642939333,47.53351593017578,14068600
2021-07-22,47.55998233624317,48.1245966889243,47.44529399417763,48.11577606201172,15729800
2021-07-23,48.42455075388652,48.82154629089793,48.08930970425832,48.72450256347656,13042500
2021-07-26,48.63628171776944,49.09503173168501,48.63628171776944,48.93623352050781,10097400
2021-07-27,48.85683118551038,48.883296430501545,48.336326720027294,48.76860809326172,14738700
2021-07-28,48.92741169857073,48.980345559767116,48.001091002520994,48.318687438964844,18835700
2021-07-29,48.52158521557161,48.8303575935241,48.433365497689906,48.58333969116211,10680200
2021-07-30,48.592172442717725,48.953878735830166,48.53041459062656,48.8480110168457,13438800
2021-08-02,49.05091632415676,49.35086811358984,48.75096453472368,48.91858673095703,12468800
2021-08-03,48.997986483415076,49.774329530185916,48.75978917405346,49.62435531616211,17357400
2021-08-04,49.730221294471626,49.730221294471626,48.93623360262044,49.13031768798828,11662400
2021-08-05,48.98034131163665,49.38615744951027,48.9626966927682,49.19207000732422,10785200
2021-08-06,48.936238450725995,49.35969926807224,48.653931239161835,49.0421028137207,18386100
2021-08-09,49.245005950370654,49.46555864752042,48.87447903453524,48.93623352050781,8707200
2021-08-10,48.96270205684962,49.11267628561141,48.74214934488183,49.05974578857422,10441900
2021-08-11,49.30675775628832,49.412622102863196,49.0509158338127,49.28029251098633,12604500
2021-08-12,49.271472933904256,49.8008014449425,49.10385408969411,49.747867584228516,11209700
2021-08-13,49.74786482130769,49.950772894724615,49.63317647881394,49.818443298339844,10841700
2021-08-16,49.668462489205005,49.783150824244764,49.342045467563786,49.65081787109375,14407400
2021-08-17,49.28911538825938,49.421448351545706,49.07738668544172,49.41262435913086,11987500
2021-08-18,49.21853350361989,49.52730588831348,48.548051517761536,48.6539192199707,17111700
2021-08-19,48.30985728884921,50.71829550313016,48.15988308262495,50.524208068847656,39881600
2021-08-20,50.50656678956867,51.468176667425794,50.15368113397509,51.36231231689453,21876500
2021-08-23,51.03589517611864,51.785776400938396,50.93885481171426,51.644622802734375,16225400
2021-08-24,51.60051138141864,52.42978832523983,51.54757752167243,52.33274459838867,17658300
2021-08-25,52.526833178123724,53.17084667468977,52.200412750741876,52.35921096801758,18069600
2021-08-26,52.42096703290313,52.60623386887476,52.041619463966,52.22688293457031,13729400
2021-08-27,52.28862976735642,52.359204874950976,51.92692350684641,52.068077087402344,14795200
2021-08-30,52.0327900261884,52.24452208855732,51.87399182075345,52.165122985839844,11798600
2021-08-31,52.14747618680048,52.20923066795828,51.67990558221523,52.068077087402344,19873900
2021-09-01,52.06808307138222,52.173947427624036,51.75048663728955,52.08572769165039,11629700
2021-09-02,52.35921096851381,52.685631395898746,52.10337238767138,52.518009185791016,12855700
2021-09-03,52.34156754736801,52.63269535674941,52.29745431577552,52.420963287353516,9732200
2021-09-07,52.262161196716676,52.37684615993014,51.82987649075587,51.94456481933594,15503600
2021-09-08,51.65343148830895,51.988672468550504,51.60050100457418,51.76811981201172,13124500
2021-09-09,51.565218321087215,51.997499698201636,51.38877550037307,51.697547912597656,14958800
2021-09-10,51.82988794252531,52.00633078731802,51.00943157480148,51.07118606567383,13622100
2021-09-13,51.30937306136505,51.63579007096253,50.9300221993869,51.256439208984375,13553200
2021-09-14,51.37995970300319,51.582867788017566,50.868275811375206,51.05353927612305,12810300
2021-09-15,50.97413626238696,52.57975956459295,50.33894680829064,50.780052185058594,37524600
2021-09-16,51.441706886188456,51.891632860307475,50.40069799586335,50.57714080810547,24029600
2021-09-17,50.630077349139675,50.68301120875088,49.818445027304,50.153682708740234,40262700
2021-09-20,49.73904363415084,49.75668825321014,48.77743377030391,49.306758880615234,21897000
2021-09-21,49.368524912560225,49.73023127446628,48.724511310403976,48.7509765625,18700600
2021-09-22,49.19206773620536,49.518488122151034,48.848006097572636,48.98033905029297,17940600
2021-09-23,49.139148182084206,50.197801943323114,49.05092507218323,50.012535095214844,16262500
2021-09-24,49.800795492454874,50.11839188804336,49.597887432021516,50.047813415527344,13156400
2021-09-27,49.809621470794816,49.994884933005416,49.44791517370249,49.59789276123047,13859500
2021-09-28,49.20971235425919,49.39497916114101,48.883295333680294,48.98033905029297,17803200
2021-09-29,49.068562069888934,49.38615848544922,48.82154413128294,48.94505310058594,14051700
2021-09-30,49.227365739284714,49.315588845265644,48.00109317177257,48.01873779296875,18538000
2021-10-01,48.16870503285179,48.88329694341297,47.67466917254303,48.64509963989258,18338000
2021-10-04,48.405295655219454,48.565166627514195,47.91680252347522,48.165489196777344,17084100
2021-10-05,48.076666188223896,48.876017540096164,48.076666188223896,48.574039459228516,14135000
2021-10-06,48.272066803372944,48.29871422310101,47.055274129643976,47.90791702270508,26339200
2021-10-07,48.396423772756876,49.21353920463312,48.272077026595255,48.86715316772461,14725500
2021-10-08,49.027012556371126,49.11582825163547,48.62733515147838,48.920433044433594,9255500
2021-10-11,49.07143437269307,49.186897519885775,48.760575962677216,48.7872200012207,8117600
2021-10-12,48.840499749413055,48.902671416501036,48.023381086382535,48.209896087646484,14241900
2021-10-13,48.2454246615818,48.62733827432786,48.032265624017654,48.51187515258789,13737100
2021-10-14,48.929316229899335,49.604324363961645,48.831616926314915,49.426692962646484,14455900
2021-10-15,49.63984732432459,49.63984732432459,48.813848511215795,49.07141876220703,15202200
2021-10-18,48.8849077069502,49.28458513061366,48.46746646577928,49.018131256103516,10989600
2021-10-19,49.10694493481168,49.54214655745351,48.87601872075157,49.506622314453125,13258400
2021-10-20,49.55991824445207,49.94183186920078,49.55991824445207,49.91518783569336,11613600
2021-10-21,49.773080979533496,49.844132865352734,49.32011207854084,49.46221923828125,12619900
2021-10-22,49.33787636550264,49.613210472408696,48.796091755066,48.94708251953125,15026600
2021-10-25,48.94707270725863,49.222403370867994,48.68062225714256,48.973716735839844,10218900
2021-10-26,49.34675923223828,50.04841142383755,49.204652073269855,49.56880187988281,15250000
2021-10-27,49.85301875104174,50.37703956184464,49.67538394620816,49.89742660522461,16279000
2021-10-28,49.94183432235194,50.35039200067649,49.6398561713942,49.95071792602539,11209200
2021-10-29,50.021765321023935,50.25269156235843,49.61320767940357,49.710906982421875,13550400
2021-11-01,49.62209140399878,49.95959718699728,49.29346922450399,49.82637023925781,14341400
2021-11-02,50.06617456368895,51.398430431500486,49.98623907609618,51.176387786865234,22097900
2021-11-03,51.14086177995398,51.45172011651221,50.732300752918036,51.203033447265625,13219400
2021-11-04,51.158621253185515,51.23855673653525,50.23492647549067,50.7322998046875,18070400
2021-11-05,50.963230838890574,51.336260870912746,50.56355338450823,50.687896728515625,15637700
2021-11-08,50.714540498279106,51.08757391645779,50.261574977742846,50.62572479248047,15045300
2021-11-09,50.68789925856325,51.18527604752101,50.53691187276129,51.01652145385742,14459800
2021-11-10,51.42507921580644,52.07344334875429,51.23856081441166,51.30961608886719,17876300
2021-11-11,51.131975013664665,51.30960978989436,50.35038403111491,50.41255569458008,17440700
2021-11-12,50.59907776900714,50.75894874048124,50.012885336302716,50.465850830078125,16663600
2021-11-15,50.56354239827435,51.247434029823914,50.474726711310005,50.86552047729492,19041800
2021-11-16,50.83888722974,51.58495067799537,50.56355312080102,50.62572479248047,21136900
2021-11-17,50.27933215348396,50.75006143060635,49.97735405032394,50.41255569458008,31496300
2021-11-18,46.833232584505325,47.89903791961274,45.36775321332166,47.63258743286133,70834000
2021-11-19,47.56153641757036,47.6858797633046,46.87764462793001,47.29508590698242,30030800
2021-11-22,47.383896932910375,49.32010898030658,47.339489083550255,48.494110107421875,39949300
2021-11-23,48.50299302383142,49.364519519254195,48.378649692141884,49.11582946777344,25653100
2021-11-24,48.98260119158083,49.51550210110555,48.98260119158083,49.32898712158203,19328700
2021-11-26,48.36977464233743,49.01813883515007,48.36977464233743,48.55628967285156,16730300
2021-11-29,48.973718806321166,49.90629711520502,48.69838813107153,49.524383544921875,25724500
2021-11-30,49.36451925316035,49.38227968207597,48.094435135289146,48.707271575927734,45141300
2021-12-01,49.32011529492404,50.075062383111266,48.787214258170124,48.87602996826172,24120500
2021-12-02,48.982606590948215,50.27933476500476,48.92043492425384,49.87077713012695,22384700
2021-12-03,50.00399752947875,50.46584658734208,49.444449176361445,49.94182586669922,26235400
2021-12-06,50.35926425083707,50.77670205062151,50.154985457729516,50.590187072753906,23172800
2021-12-07,50.71453933367987,51.709292833911704,50.63460384505592,51.5849494934082,24254800
2021-12-08,51.584951927179766,51.62935978115447,50.29710383330088,50.643489837646484,23631300
2021-12-09,50.80336129670039,51.36290974869102,50.563554817275836,51.114219665527344,16480200
2021-12-10,51.4339549084779,52.70403902882534,51.4339549084779,52.62410354614258,19901500
2021-12-13,52.49087717063691,52.855026953820285,51.99350384029964,52.0556755065918,18496300
2021-12-14,51.815873061005945,51.98462425568488,50.954346492793476,51.30961608886719,19114200
2021-12-15,51.44283327491295,53.31687355529538,51.42507284660074,53.228057861328125,27953900
2021-12-16,53.334644574833675,53.96524489623111,53.17477359361996,53.56557083129883,24599300
2021-12-17,53.53004031640756,54.00076963128935,53.10371885211997,53.69879150390625,62171000
2021-12-20,52.99713030030024,53.6543779386378,52.6685081751822,53.60997009277344,21342100
2021-12-21,53.68102684715501,54.391565997965635,53.290233024690586,54.205047607421875,20761100
2021-12-22,54.151758445138675,54.7113034411228,53.84089672593468,54.649131774902344,17095500
2021-12-23,54.880067729599986,55.865937737261426,54.880067729599986,55.315269470214844,17771400
2021-12-27,55.43073455461926,56.37219673846931,55.315271412236136,56.32778549194336,14779700
2021-12-28,56.32777676795708,56.70081017476508,56.159025576842694,56.42547607421875,12865000
2021-12-29,56.5320613961671,57.100490051654326,56.443242301183446,56.80739212036133,15069900
2021-12-30,56.87844263220461,56.96725833164701,56.372185691559054,56.505409240722656,9076700
2021-12-31,56.443238128030835,56.68304458460346,56.238959306824924,56.28336715698242,10359100
2022-01-03,55.86592469951492,56.265598706123114,55.51065515130596,56.09684753417969,17184300
2022-01-04,55.78416586991504,56.1147279301587,54.59593986762612,54.72101593017578,29682500
2022-01-05,54.66740988520543,55.069442516491165,53.82761103946073,53.85441207885742,30317900
2022-01-06,53.604259085830186,54.61380691953875,53.523852560878765,54.42618942260742,19616600
2022-01-07,54.38151304682829,54.944358650679256,54.202831524074554,54.613800048828125,20152400
2022-01-10,54.381524092233946,55.30173292849557,54.068833919954486,55.23025894165039,24715300
2022-01-11,55.03370078126684,55.7752279492806,54.89075623669472,55.721622467041016,22804200
2022-01-12,55.74841978983583,56.12364789337386,55.31958280284046,55.49826431274414,13405400
2022-01-13,55.46253490251323,55.52507292446624,54.685270787268784,54.944358825683594,14871600
2022-01-14,54.91756136105684,54.944362398474716,54.44405478225122,54.81928634643555,18831900
2022-01-18,53.5863843481837,53.80080285909874,53.14861819182931,53.363033294677734,26545800
2022-01-19,51.81744439641711,53.1486181744261,51.6208943788149,52.62150955200195,24333900
2022-01-20,52.701917551385094,53.01460767176822,51.83531434908514,51.888919830322266,17726500
2022-01-21,51.87998052801306,52.121200065897476,50.57561124143789,50.63814926147461,25914000
2022-01-24,50.173580914997146,50.92404059695921,49.02108865197208,50.83470153808594,34180100
2022-01-25,50.11104919845513,50.64709043528677,49.199776369387685,50.1289176940918,25156400
2022-01-26,50.12891061813186,50.43266818494403,49.01215535897928,49.43205642700195,28632700
2022-01-27,49.59287407894945,50.504146926938745,48.601198111026264,48.79774475097656,25967400
2022-01-28,48.69053726659417,49.72688618034945,47.75246337701634,49.68221664428711,30976600
2022-01-31,49.521398028613795,49.905562130143615,49.02109041990673,49.73581314086914,29925300
2022-02-01,49.53926648706461,49.58393601808016,48.90495028567024,49.46779251098633,22438500
2022-02-02,49.34271168671281,50.3165223641235,49.28910620984075,50.18251037597656,23316700
2022-02-03,49.914493351994764,50.16464885376059,49.190838107203156,49.315914154052734,19260500
2022-02-04,49.038957043577255,49.69114171458509,48.592254934004764,49.271244049072266,19675900
2022-02-07,49.432060046446644,49.61073817454071,48.869214400363205,49.28911209106445,14450200
2022-02-08,49.19083835304868,49.57500244633045,48.87814482629529,49.44099044799805,15219900
2022-02-09,49.869825167515415,50.370132776477675,49.56606758494311,50.28972625732422,19136700
2022-02-10,49.351649655281825,50.05743638526399,48.90494755394464,49.021087646484375,19730600
2022-02-11,49.02109124732546,49.217641276932696,48.038347915422925,48.15449142456055,20132500
2022-02-14,47.71672066585694,47.93113918455109,47.082404468822965,47.51123809814453,21868400
2022-02-15,47.99367475788867,48.51184742216164,47.92220078595223,48.48504638671875,17678000
2022-02-16,48.35997079389089,48.63692391755527,47.69885017959324,48.46717834472656,20388700
2022-02-17,49.5839376006642,50.977649506073426,49.49459853578164,49.825157165527344,32884700
2022-02-18,49.54820245362196,51.540493665562224,49.476731880672105,51.11166000366211,35626200
2022-02-22,50.86150207154953,51.04911613816949,49.79835228596983,50.29865646362305,25188300
2022-02-23,50.57560971581187,50.91510424867491,48.574382910804836,48.63692092895508,22033700
2022-02-24,48.30637225551199,48.98536146052298,47.53804397997869,48.896018981933594,27739300
2022-02-25,49.11936598643583,50.227188772458504,48.68159980594364,50.066375732421875,18963700
2022-02-28,49.50353107904315,50.03063974121072,48.91388438984441,49.825157165527344,23868700
2022-03-01,49.610742574957136,49.89663169494588,48.47611863897244,48.79774475097656,17799600
2022-03-02,48.93175114503811,50.37013253175791,48.878145663173996,50.164649963378906,18660000
2022-03-03,50.691756575981366,50.92404017195325,49.887691420565986,50.09317398071289,16794600
2022-03-04,49.73580746643757,50.83469757162257,49.360579358767666,50.48626708984375,16729000
2022-03-07,50.30759696918317,50.42373707347296,49.601806759728724,49.664344787597656,21350900
2022-03-08,49.762617315628354,49.90556185904433,48.30636743653225,48.601192474365234,23642400
2022-03-09,49.70901156814718,50.25398870202875,49.360584458437124,49.959163665771484,19150900
2022-03-10,48.60119398082868,49.280179731084,48.217029869478026,48.87814712524414,18550900
2022-03-11,49.39631598559533,50.218246162967226,48.779864944500055,48.86027145385742,20330300
2022-03-14,48.89601253683611,49.494595136249636,48.24382786540146,48.51184844970703,17977500
2022-03-15,48.619061438776654,49.78942232440533,48.619061438776654,49.67327880859375,18829100
2022-03-16,49.96810080703787,50.0306388329337,48.77987149888363,49.86089324951172,21821800
2022-03-17,49.574998678425324,50.29865387183282,49.44991923239051,50.18251037597656,18830500
2022-03-18,50.05743584116719,50.40586293113233,49.6196696951323,50.00383377075195,51807200
2022-03-21,50.084237494538684,50.52200361618816,49.60179843927627,50.03063201904297,29174600
2022-03-22,50.35225934870488,50.6738853938044,50.111039814880236,50.18251037597656,29287900
2022-03-23,49.94130048892025,50.11104607478687,48.64586360458316,48.672664642333984,19742100
2022-03-24,48.842413600854606,48.86028209661129,47.957945213334874,48.69053649902344,20551500
2022-03-25,48.788801812960926,49.29804191245574,48.6011877569505,49.11042785644531,18090600
2022-03-28,48.95854865417,49.28017470604608,48.61905410962675,49.262306213378906,17164600
2022-03-29,49.73581314086914,50.30759472570583,49.17297091514879,49.73581314086914,20036500
2022-03-30,49.80728535385588,50.87043515064855,49.66434081472354,50.0753059387207,16125400
2022-03-31,50.06637483656304,50.81683454061674,49.780485750072756,49.816219329833984,27587700
2022-04-01,50.18252147522378,50.20038997146658,49.038964980222175,49.72688674926758,17465100
2022-04-04,49.54820174815969,50.1378484508854,49.128304043898645,49.91449737548828,19629200
2022-04-05,49.653632497689976,50.00444565168052,49.1768833371596,49.401763916015625,16063600
2022-04-06,49.19487123263355,49.25783751640887,48.43027868313035,48.90702438354492,19644100
2022-04-07,48.96100213004875,49.338799872636535,48.34033293948075,49.140907287597656,15739000
2022-04-08,49.32979488854748,49.39276116459292,48.583189856287746,48.8260612487793,18148200
2022-04-11,48.502238672355936,48.529226673544926,47.48578098790537,47.56673812866211,20992100
2022-04-12,46.50530519879854,47.62970811254412,46.30740918792959,46.61324691772461,25254200
2022-04-13,46.63123823946084,47.09899026799543,46.24444335877657,46.910091400146484,17004600
2022-04-14,46.84712157066423,47.1169775659707,45.98357758171632,46.0285530090332,18024800
2022-04-18,45.767696764253365,46.37937221852902,45.695733331324305,45.974586486816406,13990700
2022-04-19,45.8756368255243,46.72118654347319,45.803673395194075,46.62224197387695,15490900
2022-04-20,46.9730593333386,48.27736402676585,46.910093041851994,47.69267654418945,19526200
2022-04-21,47.98052130817605,48.42128876050943,47.431812136836584,47.47678756713867,17147300
2022-04-22,47.60272325294549,47.63870497209887,46.136504227203915,46.19947052001953,17693000
2022-04-25,46.280419802101136,46.75716548988991,45.46185470329521,46.72118377685547,18677000
2022-04-26,46.66721793612085,46.721187078080845,45.75869849053466,45.78568649291992,19238300
2022-04-27,45.794691985119485,45.97459717787243,44.301484718660475,44.3554573059082,33668600
2022-04-28,44.55333954823067,45.677742451680096,44.26549267946004,45.542816162109375,20170700
2022-04-29,45.43486938588712,45.55180824445215,43.95965337840914,44.05860137939453,20281400
2022-05-02,44.38243713048526,44.89516464450422,44.01363306897327,44.850189208984375,22499200
2022-05-03,44.76921802283265,45.29993623102571,44.55333119602332,44.904144287109375,15828200
2022-05-04,45.00310314908817,46.469325575459074,44.679274546316144,46.39736557006836,23942300
2022-05-05,46.010566511381384,46.064535652688285,44.22051564425614,44.625301361083984,24846500
2022-05-06,44.211517887501685,44.83218697559995,43.94165848002818,44.37343215942383,21743900
2022-05-09,44.076600618485855,44.45439840528377,43.77975655908246,44.040618896484375,22421200
2022-05-10,44.71523915248929,45.19198816030189,44.2115090133119,44.57131576538086,21741100
2022-05-11,44.15754928333645,44.65228585577091,43.698794425982186,43.76176071166992,23872100
2022-05-12,43.74377261012829,43.878698903072,42.700326826898625,43.43793487548828,25951000
2022-05-13,43.815737570904595,44.64330000649587,43.653823255928174,44.5803337097168,18954500
2022-05-16,44.67027605616794,44.67027605616794,43.96864977945177,44.07659149169922,20254500
2022-05-17,44.68826456157184,45.623768502229446,44.53534399848118,45.51582336425781,18780600
2022-05-18,45.398892926930415,45.398892926930415,43.36597054698656,43.50090026855469,40672700
2022-05-19,38.73343240544142,39.516015864481126,36.89840604574351,37.528072357177734,97674600
2022-05-20,37.6540022136685,38.6794570372594,37.348164509140936,38.625484466552734,46148700
2022-05-23,38.98529568522715,39.41706596711395,38.62548540128556,38.99428939819336,27366600
2022-05-24,39.039274678405754,39.63295934257479,38.22970312208173,39.37209701538086,30053900
2022-05-25,39.354098926890984,39.9567771948112,38.850365225320935,39.5789794921875,25504600
2022-05-26,39.62395971548391,40.95525241142495,39.62395971548391,40.469512939453125,28294700
2022-05-27,40.58645169928883,41.054203781785425,40.43353453093334,41.03621292114258,23882100
2022-05-31,40.721375468322265,41.02721319160075,40.24462974110195,40.52347946166992,64821200
2022-06-01,40.973237314480244,41.19811787430879,40.27161106586479,40.68539047241211,20666000
2022-06-02,40.64041593404848,41.19811877380645,40.38855079959102,41.189125061035156,20546800
2022-06-03,40.97324040528382,41.144151839745376,40.586445538688565,40.70338439941406,17947000
2022-06-06,41.018212834167805,41.45898024226009,40.595439714076676,40.77534484863281,12641900
2022-06-07,40.31658830121841,41.06319344043606,40.22663744581143,40.99123001098633,14667200
2022-06-08,40.88328520784897,41.045199480466586,40.37055782169484,40.40653610229492,16263800
2022-06-09,40.325585625448795,40.72137419497194,39.79486734080823,39.8128547668457,18417700
2022-06-10,39.39907754114873,39.569988980700494,38.94032266064771,39.1202278137207,20262400
2022-06-13,38.73343329907033,39.43505962809296,38.58051271653142,38.895347595214844,29050800
2022-06-14,39.24616416831838,39.3091304632427,38.292669167255355,38.598506927490234,22499100
2022-06-15,39.01228726014389,39.96578228180446,38.769415789586795,39.39908218383789,22525100
2022-06-16,38.50855315437521,39.04826519343277,38.50855315437521,38.967308044433594,27049000
2022-06-17,39.003288865589,39.57898260905955,38.89534714653962,39.0302734375,59678600
2022-06-21,39.408081088311526,39.8308543206006,39.309133066476015,39.70492172241211,23277900
2022-06-22,39.102245012964254,39.6869325916797,38.83238551204286,39.192195892333984,19942300
2022-06-23,39.04825966681782,39.09323509180621,38.4275905666062,38.61648941040039,33801700
2022-06-24,39.07523798774175,39.77686754471502,38.89533631655292,39.668922424316406,30543800
2022-06-27,39.83984908887855,39.83984908887855,39.24616442470951,39.37209701538086,22755300
2022-06-28,39.49802926780428,40.00176305758161,38.6704702896762,38.733436584472656,20091300
2022-06-29,38.80539223712303,38.91333395445512,38.40060650787102,38.57151794433594,13450800
2022-06-30,38.11276133364313,38.805393960816936,37.95084703475026,38.35563278198242,24947900
2022-07-01,38.247692550286246,38.40960685548856,37.393145590919715,38.31965255737305,24338500
2022-07-05,37.68432067477237,38.09274969374007,37.04898702996594,38.08367156982422,24442600
2022-07-06,38.22889635783105,38.964068706703124,38.129057752914925,38.746238708496094,17250400
2022-07-07,38.91868161026789,39.35433806763819,38.83699580811784,39.227272033691406,22316700
2022-07-08,39.054821888880845,39.58124226651665,38.97313608760252,39.38156509399414,11817000
2022-07-11,39.336175680893,39.644766028992684,39.09111833425893,39.25448989868164,15245200
2022-07-12,39.55401435667022,39.78091897286327,38.719003568689196,38.90052795410156,17385300
2022-07-13,37.98382852908202,39.07297129792694,37.93844830169044,38.755306243896484,16854200
2022-07-14,37.929368486102895,38.54654918915694,37.530014229839125,38.41948318481445,17336200
2022-07-15,38.57378326036075,39.14558384048482,38.57378326036075,39.09112548828125,19897800
2022-07-18,39.29988061314282,39.31803339873566,38.4921006968555,38.664546966552734,16743800
2022-07-19,38.86422296295375,40.01689884584374,38.70992948354527,39.962440490722656,22861400
2022-07-20,40.00781954187639,40.22564601250422,39.62661802484368,40.053199768066406,15599200
2022-07-21,40.198421595976825,40.56146689512172,39.9987444309589,40.461631774902344,15364600
2022-07-22,40.643148316834086,40.77021433096668,40.16211170267806,40.35271072387695,14854600
2022-07-25,40.53424257828865,40.53424257828865,40.03505308950548,40.243804931640625,12954700
2022-07-26,40.27102945048369,40.42532638658281,39.70830698381134,39.78091812133789,19513000
2022-07-27,40.107661364448816,40.65223455670223,39.780921603844654,40.516090393066406,22349000
2022-07-28,40.73392371504668,41.63246418967017,40.57962675274061,41.40555953979492,17576200
2022-07-29,40.94267061846308,41.28756661394077,40.68853854931625,41.17864990234375,23701700
2022-08-01,40.897292068235544,41.23310995374488,40.62500374033563,41.09696578979492,14153400
2022-08-02,41.314787160980714,41.47815873880285,40.752064760865146,40.77021408081055,15005400
2022-08-03,40.75207483273645,41.587082248164506,40.65223623691569,41.48724365234375,14943800
2022-08-04,41.65968320487424,41.686910647150825,40.85189997368066,41.187721252441406,15249300
2022-08-05,40.761141554422146,40.90636035761096,40.42532372122728,40.85190200805664,19533900
2022-08-08,41.28756660013401,41.31479404687927,40.71576598245507,40.860984802246094,15465600
2022-08-09,40.97896934536375,41.00619678757104,40.58869318304301,40.77021408081055,12826200
2022-08-10,41.487233715817396,41.80490221391655,41.233101687169444,41.76859664916992,18935400
2022-08-11,41.850286080307264,42.14072369897427,41.541695677687386,41.65968704223633,15849000
2022-08-12,41.83213044350694,42.30409240722656,41.72321720950681,42.30409240722656,16967600
2022-08-15,42.10441770224624,42.31316952214397,41.77767451900127,42.28594207763672,15456100
2022-08-16,42.26778594174004,42.66713676609621,42.149794587750335,42.449310302734375,21153700
2022-08-17,42.07719102369814,42.74882672389282,41.95919965820303,42.3494758605957,27975600
2022-08-18,45.199400221570414,45.38092461247828,44.57314470834254,44.80912399291992,39999900
2022-08-19,44.48237495227149,44.89080391271661,44.05579667117488,44.20101547241211,23130400
2022-08-22,43.99226692941187,44.01949437470066,43.13002871827425,43.30247497558594,20534100
2022-08-23,43.19356110811184,43.60199009299103,43.01203673013335,43.030189514160156,13764600
2022-08-24,42.73975617940149,43.03019382837054,42.54007899737656,42.72160339355469,14946500
2022-08-25,42.884972977950206,43.04834458056367,42.512849541395035,42.90312576293945,23039300
2022-08-26,42.73068009446997,42.9031263608364,41.64153721596518,41.650611877441406,20309800
2022-08-29,41.4963217768493,41.75045386636391,41.28756992299228,41.48724365234375,13425700
2022-08-30,41.523545214574604,41.632458462089744,40.80652578866302,41.06066131591797,14279100
2022-08-31,41.550768804070046,41.596152493421,40.470704165931465,40.58869552612305,23006100
2022-09-01,40.4525545543405,41.15142118520946,40.29826107777589,41.106040954589844,16236400
2022-09-02,41.487238637162434,41.67783768125785,40.18934397296859,40.470706939697266,14720900
2022-09-06,40.53424360787557,40.65223498678893,39.917062727499406,40.36179733276367,14366100
2022-09-07,40.615927394669406,40.997125498262186,40.252878614046956,40.860984802246094,18297400
2022-09-08,40.62500206973977,41.2694138286746,40.49793603516635,41.17864990234375,14231500
2022-09-09,41.44185986853772,41.65061170452192,41.20588058594811,41.54169845581055,15499300
2022-09-12,41.850280916941266,42.41300330089534,41.723214907237676,42.11349105834961,17923000
2022-09-13,41.49631961638355,41.668765887820214,39.953367448327015,40.03505325317383,23028600
2022-09-14,39.97151784653025,40.180269677049665,39.53586140079977,39.89890670776367,27551500
2022-09-15,39.76276785357503,39.81722274787683,39.10928142363478,39.29080581665039,18148600
2022-09-16,39.127434710131986,39.5540165198369,38.83699706250434,39.29988098144531,32696100
2022-09-19,38.936835653055695,39.426947019496176,38.809766152714964,39.29988098144531,13667500
2022-09-20,39.036665545812305,39.04574366862118,38.35595175130138,38.646392822265625,16813900
2022-09-21,38.41041727506347,38.90960679181212,37.72970335341803,37.74785614013672,21415900
2022-09-22,37.52094555114911,37.71154458804332,37.33942117503055,37.3484992980957,16691000
2022-09-23,37.439257794633996,37.439257794633996,36.41364806621271,36.90376281738281,19067700
2022-09-26,36.90376918081528,37.38480589234224,36.64055897695378,36.83116149902344,22694800
2022-09-27,37.33942539435351,37.6298630440466,36.51349267885942,36.776702880859375,15027900
2022-09-28,37.076211943031026,37.729698328714534,36.84023267169509,37.52094650268555,23217700
2022-09-29,37.2577351272018,37.3031153553525,36.4408806336207,36.822078704833984,19496400
2022-09-30,36.903765114575435,37.24866108638162,36.2684315230239,36.30473709106445,27989900
2022-10-03,36.912837171256506,37.69338951761309,36.73131626843902,37.475563049316406,22203600
2022-10-04,38.07100235242426,38.51070550684681,37.91527218627145,38.309173583984375,22889400
2022-10-05,38.09848373271939,38.703076023125114,37.924435654759456,38.46490478515625,14289700
2022-10-06,38.15344251284746,38.55650281764583,37.89694641483974,38.03435516357422,18198800
2022-10-07,37.78702127183919,37.78702127183919,36.715245618555564,36.8892936706543,19055400
2022-10-10,37.219080500301686,37.383969638187374,36.275547434744574,36.541202545166016,16628400
2022-10-11,36.46791591017834,36.74272994114649,35.97324855776568,36.257225036621094,19386400
2022-10-12,36.36714890915392,36.51371662110494,35.95492612727606,35.97324752807617,17279900
2022-10-13,35.753393090575365,37.37480031876342,35.35949172186274,37.20075225830078,26328300
2022-10-14,37.411439380429286,37.52136427634383,36.568672526552625,36.82516860961914,19571000
2022-10-17,37.59464970316732,38.04351173125627,37.51220515798474,37.832820892333984,27845200
2022-10-18,38.40077637118579,38.675593895146456,37.796184108482294,38.28169250488281,18223300
2022-10-19,38.13512347640585,38.69391396402505,37.98855576608359,38.3641357421875,19071700
2022-10-20,38.0710030829474,39.04201292384394,37.97939607332029,38.20840835571289,16830500
2022-10-21,38.33665045930479,39.362627887612895,38.30001115393286,39.2068977355957,25035000
2022-10-24,39.500038423152894,40.058828964523165,39.298509986105564,39.88478088378906,18785300
2022-10-25,39.701566279369764,40.672579538017004,39.573319970471985,40.63593673706055,19165200
2022-10-26,41.158085017922176,41.43289904018754,40.56265172430563,40.654258728027344,20051000
2022-10-27,41.011514328637936,41.304649730363565,40.63593437677387,40.690895080566406,18102500
2022-10-28,40.93823198716873,41.872602464906706,40.90159267987599,41.80847930908203,17978300
2022-10-31,41.50618303491694,41.808477399360825,41.27717077616106,41.61610794067383,17793700
2022-11-01,41.75351742189921,41.94588688394118,41.277171496045426,41.64358901977539,12088700
2022-11-02,41.652753693208865,42.33062807028407,40.80998670413564,40.82830810546875,15308800
2022-11-03,40.33363987690661,40.443568282517994,39.747369024778905,40.16875076293945,17895600
2022-11-04,40.76417982167404,41.295489910168726,40.15042867922283,40.782501220703125,19648700
2022-11-07,41.06647455766334,41.20387979831362,40.681732196054114,40.80997848510742,21383000
2022-11-08,40.93822655732341,41.54281872808727,40.47104312764429,40.86494445800781,17503100
2022-11-09,40.77333707663945,40.96571001121187,40.20538770817892,40.22370910644531,19311700
2022-11-10,41.86343646623009,41.96420240683886,40.9015857962861,41.8267936706543,27190100
2022-11-11,41.38708944331197,41.515335729771714,40.23286587627582,41.02983093261719,25961800
2022-11-14,41.066472400387795,41.62525927413066,40.92906367250648,40.98402786254883,21091300
2022-11-15,41.25885009831935,41.442060607420906,40.718381018417155,41.1306037902832,19318000
2022-11-16,41.16724410772946,41.203886909339786,40.58097325976382,40.66341781616211,24939600
2022-11-17,42.31230138954871,42.91689358030511,41.36877205254466,42.6787223815918,38887800
2022-11-18,42.97185673811547,44.006993045318936,42.92605498883025,43.77798080444336,30843200
2022-11-21,43.61309065141685,44.23600421101412,43.567288903244865,43.622249603271484,17049500
2022-11-22,43.97035511929129,44.35509404924915,43.750501806136896,44.31845474243164,16367800
2022-11-23,44.33676984887442,44.87723886026698,44.263484256743524,44.492496490478516,12065600
2022-11-25,44.65738867034948,44.9322026709694,44.29096767322318,44.33677291870117,8492600
2022-11-28,44.23600959914211,44.400898708204934,43.8970689335964,44.04364013671875,14976600
2022-11-29,44.199368248033075,44.3459359615128,43.823788263838146,44.22684860229492,13779300
2022-11-30,44.12607696665142,45.64672160322076,43.93370752266957,45.545955657958984,29919700
2022-12-01,45.69253026389986,46.22383692684927,45.51847869777591,45.77497482299805,18559500
2022-12-02,45.09708954082052,45.65587996131155,44.813113107363755,45.52763366699219,12325100
2022-12-05,45.39023004582119,45.472674600675354,45.042130425942545,45.18870162963867,13795900
2022-12-06,45.28946257016574,45.28946257016574,44.208524440342,44.51082229614258,15443800
2022-12-07,44.336766702371904,44.474171936191865,44.02530994681788,44.13523483276367,15171700
2022-12-08,44.57494897695882,45.06961632863623,44.5383061743642,44.87724685668945,16015800
2022-12-09,44.97800976103625,45.042132918977536,44.373417490125476,44.39173889160156,14303200
2022-12-12,44.703195994254884,45.1795419521224,44.30929459629617,45.16122055053711,15425300
2022-12-13,46.1047475511766,46.45284365293684,45.09709156097963,45.47267150878906,22705900
2022-12-14,45.56428439651349,45.85741983297811,44.72151739584018,45.16122055053711,19050400
2022-12-15,44.84975884729575,44.93220339826117,43.73218142742521,44.10776138305664,19372500
2022-12-16,43.42988559005512,43.97035467268486,43.12759121879432,43.79630661010742,66125400
2022-12-19,43.65889799380497,43.933712012499456,43.18255206399128,43.42072677612305,17986300
2022-12-20,43.42988468245365,43.56729343571414,42.861935258246476,43.39324188232422,15086200
2022-12-21,43.68637393596466,43.93370757614932,43.439040295779996,43.65889358520508,15599400
2022-12-22,43.503172789251096,43.503172789251096,42.77033072223704,43.347442626953125,23118500
2022-12-23,43.28331625503742,43.50316955770024,43.0634629523746,43.4940071105957,9554400
2022-12-27,43.66805648841186,43.70469928903974,43.25583721192247,43.53981018066406,12066200
2022-12-28,43.68637669299914,43.759662292249025,43.03598272468005,43.11842727661133,9847400
2022-12-29,43.29247959133538,43.73218624118415,43.29247959133538,43.512332916259766,11396500
2022-12-30,43.30164202996263,43.66805957882362,43.00850659309381,43.64057922363281,13199800
2023-01-03,43.84210409973833,44.01615214538714,43.33827786700799,43.91538619995117,17718900
2023-01-04,44.58021295638325,44.76488729003512,43.55527375086679,43.90615463256836,18339800
2023-01-05,43.850757455523826,43.850757455523826,43.17669556849029,43.28750228881836,17372100
2023-01-06,43.823055916095235,44.86646301572711,43.65684935076023,44.61715316772461,20823000
2023-01-09,44.561742481310624,45.4389428714372,44.524810434705195,44.85722351074219,13938000
2023-01-10,45.06037112572633,45.43895197766721,44.866464633301334,45.06960678100586,12474400
2023-01-11,45.08807219496459,45.457417372177105,44.96803333924465,45.43894958496094,12530900
2023-01-12,45.43893970420931,45.64208179704337,45.106526651342485,45.245033264160156,14241700
2023-01-13,44.83875786095107,45.263506357277784,44.70948336338347,45.13423538208008,12649300
2023-01-17,45.17117576852787,45.18964355730361,44.27551090831286,44.39554977416992,19290800
2023-01-18,44.49710759901111,44.570978737961205,43.29672977003033,43.305965423583984,19882200
2023-01-19,43.3521445750536,43.444480000760436,42.835057032931466,42.89969253540039,19118600
2023-01-20,42.53034101096974,43.24133495519228,42.17022445036078,43.19516372680664,21847200
2023-01-23,43.30597342593522,44.201638255808135,43.222870140444904,43.85999298095703,15180500
2023-01-24,43.850762656528104,44.34014673439254,43.45371400085186,44.146240234375,14872700
2023-01-25,44.30320358276367,44.39554251153673,43.61067746763057,44.30320358276367,14638700
2023-01-26,44.460177622866475,44.75565514769067,44.16470009804228,44.635616302490234,12952700
2023-01-27,44.41400648073642,44.995729399858654,44.29397115768147,44.79258728027344,13414800
2023-01-30,44.45095107757905,44.78336424171542,44.432483288196956,44.52482223510742,19261900
2023-01-31,44.43247113517225,44.95879066030741,44.36783565119914,44.94032287597656,16821600
2023-02-01,44.681785390198,45.15270513161191,43.8692204105613,44.847991943359375,19639400
2023-02-02,44.81105798502566,45.76212963400927,44.65408708048061,45.54051971435547,17883800
2023-02-03,45.522047743200005,45.522047743200005,44.79258608092125,44.90339279174805,17980000
2023-02-06,44.386301791394565,44.58020823613131,43.87845006940184,43.924617767333984,13991600
2023-02-07,43.61991542412164,44.46018034727412,43.37060558682979,44.17393493652344,16675200
2023-02-08,43.74918271581289,43.896921474806824,43.18592759640794,43.361366271972656,18905500
2023-02-09,43.610690100384524,43.7768966979513,42.87199606807161,43.14900588989258,18598400
2023-02-10,43.121290453180954,43.69377768199662,43.06588709979761,43.63837432861328,17397300
2023-02-13,43.8138210711313,44.312440736268194,43.75841771199273,44.19240188598633,19422100
2023-02-14,44.11853391875261,44.32167606119158,43.564514376935854,44.0446662902832,19134400
2023-02-15,43.859989747164704,44.80182573915666,43.703018843017794,44.73719024658203,27071200
2023-02-16,46.15917429098506,47.775068515769995,45.98373209226312,47.082542419433594,48125300
2023-02-17,47.396489601107774,47.49805714046894,46.72242774095908,46.87940216064453,25321400
2023-02-21,46.823999976069324,46.87016768100315,45.81752851008346,45.882164001464844,25100500
2023-02-22,46.029900451759346,46.029900451759346,45.14346788115462,45.53128433227539,20301900
2023-02-23,45.74366279047226,45.87293377861515,44.82952669630855,45.43894958496094,14066200
2023-02-24,45.06960579300194,45.152709076843806,44.47864715103184,44.764892578125,17251600
2023-02-27,45.198873482166256,45.55898651170859,44.82952479822175,44.995731353759766,14776400
2023-02-28,45.06960448279854,45.18040768390978,44.67255586291548,44.70948791503906,16622400
2023-03-01,44.72795170810907,44.86645833890726,44.34013877766604,44.635616302490234,13449300
2023-03-02,44.6171515659608,44.903396978732665,44.43247721973284,44.811058044433594,18281800
2023-03-03,45.23581170238748,45.577456965489816,45.07883726969485,45.50358581542969,15969900
2023-03-06,45.669790034802745,45.992971016159714,45.46665142731249,45.63285446166992,13878400
2023-03-07,45.77136444000538,45.94680314163413,44.90339954226313,45.16194152832031,17506600
2023-03-08,45.26351155513762,45.49435361517665,45.00496957505241,45.346614837646484,12055500
2023-03-09,45.52205526333084,45.882168327083086,44.977267840062694,45.06960678100586,12497700
2023-03-10,45.14346620507462,45.40200814797607,44.59867888083955,44.8387565612793,16338200
2023-03-13,44.81105955016815,45.13424054751913,44.43247871274638,44.70025634765625,20280800
2023-03-14,44.94956492177746,45.48511665405607,44.79259049382618,45.29121017456055,17679600
2023-03-15,44.66331923874595,45.34661326257078,44.66331923874595,45.300445556640625,17354900
2023-03-16,44.949564018783434,46.436187376457966,44.79258959398562,46.279212951660156,21425100
2023-03-17,46.408488495043336,46.67626614329759,45.92834008610737,46.34385299682617,47642700
2023-03-20,46.37155797524804,47.1287197128816,46.17764795180874,47.036380767822266,22699700
2023-03-21,47.28568325703222,47.39648997381211,46.47312180153324,46.78706359863281,23334000
2023-03-22,46.85170200092729,46.860934132686985,45.632852788816905,45.6697883605957,21399400
2023-03-23,45.762119401549896,46.39924205424173,45.62361279244023,45.919090270996094,17775400
2023-03-24,46.076076338335426,46.67626357770087,45.70672763536417,46.63932800292969,19438800
2023-03-27,46.81476910767078,47.04561116094098,46.611626973634536,46.667030334472656,15857200
2023-03-28,46.463886999998955,46.72242896582345,46.417719295011736,46.52852249145508,11124300
2023-03-29,46.84246426024024,47.34108388993345,46.75936098862471,47.24874496459961,18463400
2023-03-30,47.627329564670205,47.71966496819596,47.211813204064605,47.48882293701172,11754600
2023-03-31,47.4980598266452,48.338324763436546,47.45189212025737,48.27368927001953,20588800
2023-04-03,48.070553349024976,48.53223748349455,48.00591785198887,48.301395416259766,16884600
2023-04-04,48.40371794615038,48.48744545149693,47.84553694305887,48.20835494995117,13599900
2023-04-05,48.44093095937735,48.645598983297425,48.07811295248504,48.20835494995117,13797900
2023-04-06,47.37108484391007,47.966482471240006,47.19432833586395,47.696693420410156,14749000
2023-04-10,47.54784963452354,47.817638712212876,47.33388008806168,47.75251770019531,10177700
2023-04-11,47.55714346346051,47.724598481370776,46.99896243631192,47.09199142456055,15957900
2023-04-12,47.27805350340064,47.398994028602516,46.5617189292487,46.61753845214844,16100700
2023-04-13,46.71057319790142,47.28736435912802,46.5989376871729,47.25945281982422,15451700
2023-04-14,46.99896398757593,47.30596249799202,46.70126695676033,47.01757049560547,12360100
2023-04-17,47.03617189196595,47.147807379182645,46.56171486084572,46.77568435668945,12042300
2023-04-18,46.86872131404285,47.15711331233043,46.580325766926784,46.8036003112793,15203600
2023-04-19,45.798871228955264,45.83608424533373,44.64529611185136,44.691810607910156,30466700
2023-04-20,44.29178070219999,44.32899371954323,43.12890052643893,43.33356857299805,39769400
2023-04-21,43.32425826481188,43.83592477003002,43.01725978121229,43.752197265625,20861000
2023-04-24,43.77080509131111,44.142928132955745,43.724290598312614,44.08710861206055,17359900
2023-04-25,44.06850556571976,44.12432509099837,43.547537525100545,43.808021545410156,20281600
2023-04-26,43.50102070195373,43.58474821780999,43.19402217636659,43.296356201171875,22390500
2023-04-27,43.519624969979546,43.538231477970484,42.766080914903604,43.31496047973633,22845400
2023-04-28,43.43589566229989,43.96616869721415,43.36147318224216,43.95686721801758,19665000
2023-05-01,43.91035780620258,44.208054858543306,43.845236797804844,44.04059982299805,13122300
2023-05-02,43.64056902551798,43.798722581812186,42.8498118905334,43.128902435302734,20175100
2023-05-03,43.184713929799614,43.30565445454269,42.663745913358895,42.75677490234375,20765700
2023-05-04,42.5800250344127,42.72887356926462,42.38466199782499,42.5149040222168,17748900
2023-05-05,42.905621218506084,43.12889574900446,42.71955970122882,43.02656173706055,14317400
2023-05-08,43.203315691411966,43.2777417134868,42.87771071690472,43.110286712646484,12000000
2023-05-09,42.77538112923017,43.27774618364034,42.71956160690845,43.231231689453125,15221900
2023-05-10,43.4452044404107,43.65917396868505,42.93353786855214,43.454505920410156,15625100
2023-05-11,43.56614527558225,43.5847482357102,42.980052664347724,43.13820266723633,12521900
2023-05-12,43.0544748526885,43.547538464548154,43.0544748526885,43.454505920410156,14097500
2023-05-15,43.53823125655611,43.96617029168573,43.3149602594574,43.81732177734375,13204400
2023-05-16,43.94756859755576,44.03129611108482,43.53823250971206,43.64986801147461,16496300
2023-05-17,43.86384110165657,44.431323639327616,43.73359554258119,44.310386657714844,29326000
2023-05-18,42.57071935218115,44.88717841093486,42.514903370485435,44.84066390991211,41475700
2023-05-19,45.05462748984829,45.90120407218603,45.02671950269458,45.705841064453125,28564100
2023-05-22,45.68723901608565,45.79887452442524,45.370935451766115,45.417449951171875,18667500
2023-05-23,45.2220806057926,45.910503617998316,45.21277557791428,45.50117111206055,17645900
2023-05-24,45.5383872614488,45.58490175755814,44.812747636594445,45.0360221862793,15452900
2023-05-25,44.44062292331521,45.7988659243552,44.3941084326439,45.6128044128418,21717000
2023-05-26,45.68723214196807,46.59892967869618,45.68723214196807,46.38496017456055,19825600
2023-05-30,46.50590362907031,46.97105568015638,46.27332760352727,46.67335510253906,19074800
2023-05-31,46.43147307160572,46.54310855931286,46.1523825779238,46.20819854736328,51990300
2023-06-01,46.291926016329406,46.59892804333362,45.826774010925334,46.27332305908203,17817000
2023-06-02,46.39425882961202,46.74777533827983,46.264016839268116,46.53380584716797,19155400
2023-06-05,46.71987631805982,47.05478638538808,46.552421284395685,46.7105712890625,13964100
2023-06-06,46.319841063313895,46.431476559406775,45.715141990889634,46.33844757080078,16029600
2023-06-07,46.23611295076014,46.64544546364545,46.18959845706405,46.3105354309082,15950600
2023-06-08,46.44078123092134,46.515207265984685,46.11517619959092,46.21751022338867,13289100
2023-06-09,46.077961601711294,46.48729768286321,45.92911308551839,46.19890213012695,12173400
2023-06-12,46.44077846261502,46.98965801758842,46.20820244014881,46.96175003051758,15495000
2023-06-13,47.15711878964437,47.38969484047897,46.93384776818734,47.25945281982422,24035500
2023-06-14,47.25944997082388,47.65017955806219,47.10129996922818,47.40829849243164,16630700
2023-06-15,47.36178123277471,48.440933838703806,47.28735875072537,48.310691833496094,22496900
2023-06-16,48.561873751775416,48.75723675712215,48.31069122397457,48.44093322753906,37134400
2023-06-20,48.31999040038767,48.45023594657313,47.8827499162354,47.95717239379883,20138000
2023-06-21,47.799025190331214,47.81763169801105,47.278053621781204,47.30596160888672,16939600
2023-06-22,47.11990743485104,47.57575448891871,46.91523938267361,47.55714797973633,14993800
2023-06-23,47.110600412594145,47.1850264461747,46.598933852627965,46.822208404541016,16544600
2023-06-26,46.80360383489188,47.25945088855521,46.68266329972806,46.7105712890625,13032100
2023-06-27,46.80359912583698,47.48272067233354,46.74777960395553,47.31526565551758,12981000
2023-06-28,47.24083838124994,47.46411291406267,46.92453486324841,47.32456588745117,11387600
2023-06-29,47.315267934071336,47.69669247989181,47.27805491769164,47.640872955322266,14246000
2023-06-30,48.26417602265266,48.61768901319809,47.92926599049099,48.133934020996094,18188300
2023-07-03,47.780415944325796,48.21765997767205,47.752507958819706,48.20835494995117,7338300
2023-07-05,47.77717707140041,48.339590896280015,47.7396818628778,48.283348083496094,14950500
2023-07-06,47.870910096545025,47.9833921430354,47.47722114595879,47.90840530395508,13931100
2023-07-07,47.805293339287424,48.414577919985966,47.56158165245179,47.795921325683594,15580400
2023-07-10,47.87090295036258,48.273967430501635,47.824035735966255,48.180233001708984,19046500
2023-07-11,48.33958650141601,48.883256248345674,48.311466885450535,48.855133056640625,14998300
2023-07-12,48.33021448402831,48.677036191952375,47.364732618998154,47.561580657958984,26332500
2023-07-13,47.51470453612519,48.38644829063478,47.477212910957896,48.302085876464844,17864800
2023-07-14,47.26162035073697,47.777170457201166,46.92417424796867,47.22412872314453,19566600
2023-07-17,47.055407881327966,47.7584269126952,46.9991650715523,47.627197265625,16140700
2023-07-18,47.786542930445954,48.152112227104,47.66468530631346,48.03025817871094,16430800
2023-07-19,48.93949755970171,49.15508963465646,48.461446189278504,49.14571762084961,21745000
2023-07-20,48.79889481816747,49.558153070609,48.66766159759791,49.089473724365234,22784400
2023-07-21,49.44567296426325,49.68001264655834,49.239452899606846,49.33319091796875,51284800
2023-07-24,49.38942670351816,49.9705916495497,49.370679101155254,49.783119201660156,18390200
2023-07-25,49.85810709397972,50.39240125757858,49.783120258675474,50.24242401123047,16136600
2023-07-26,50.186188800179266,50.28929883575712,49.642519003765074,49.886234283447266,13563700
2023-07-27,50.24242554632189,50.514260431052016,49.54878210167089,49.68001174926758,15795500
2023-07-28,48.798899118776866,49.13634527418996,48.52706421582137,48.82701873779297,27491300
2023-07-31,48.59267129751206,48.91137337326779,48.4989368652413,48.78014373779297,14193500
2023-08-01,49.276939009039,49.47378344764629,49.033227357773654,49.36130142211914,15286200
2023-08-02,49.09884348657285,49.783114821789546,49.042600684432315,49.28631591796875,17693700
2023-08-03,49.201953525509985,49.933092074980884,48.96761388009093,49.82061004638672,15186400
2023-08-04,49.56753060026384,49.97996715383687,49.24882848931293,49.33319091796875,12266700
2023-08-07,49.6518890171762,49.74562345222483,49.380054149499905,49.68938064575195,11327900
2023-08-08,49.3613107223653,49.80187047098365,49.08010381769522,49.73625564575195,12224800
2023-08-09,49.58627280392003,50.10181933367751,49.361305160090545,49.67063522338867,18765500
2023-08-10,50.064323969009735,50.7485953354984,49.839356325905534,50.02682876586914,16329500
2023-08-11,50.008084486698785,50.57050184395505,49.8581072399117,50.42052459716797,14344500
2023-08-14,50.42989621652008,50.73922629695409,50.35490938158248,50.504886627197266,20707300
2023-08-15,50.2611744461278,50.36428447925338,49.84873788936527,50.008087158203125,20173400
2023-08-16,49.858109166949184,50.16743926175681,49.55815466178165,49.64251708984375,26470200
2023-08-17,51.02980847901393,52.342112144298696,50.964193653323676,51.30164337158203,45278000
2023-08-18,51.20790719403258,51.985913061904846,51.198531604542964,51.59222412109375,28839800
2023-08-21,51.742195210630385,52.29523692526023,51.69532799598161,51.967159271240234,18283200
2023-08-22,52.00465610989815,52.323358185574726,51.817183669663805,51.98590850830078,15661300
2023-08-23,52.12651357694473,52.679555307329956,51.92966912436847,52.47333526611328,18250000
2023-08-24,52.792039090123225,52.94201633168507,51.751570412401875,51.779693603515625,17586400
2023-08-25,51.789071933478255,52.370233368447664,51.789071933478255,52.21088409423828,15731800
2023-08-28,52.38898291356864,52.75455227452265,52.19213842316879,52.6795654296875,15189900
2023-08-29,52.8201616891498,53.24197382228799,52.59519760196923,53.01700973510742,17859100
2023-08-30,53.08262174382607,53.345081023533155,52.99825932167172,53.251346588134766,12145400
2023-08-31,53.523179098743825,53.92624361645776,53.32633463448528,53.75751876831055,22619700
2023-09-01,53.795015262106936,54.54490150753367,53.795015262106936,54.216827392578125,14080400
2023-09-05,54.198082741235616,54.198082741235616,53.6450409346622,53.673160552978516,13885000
2023-09-06,53.52317918901319,53.87000447508938,53.49505957285443,53.57942199707031,11380400
2023-09-07,53.401329843777674,53.51381189407033,53.11074734013677,53.23260498046875,14762000
2023-09-08,53.204479615713055,53.49506210750019,53.01701073145272,53.1201171875,13992000
2023-09-11,53.1669903004699,53.40132999174384,52.90452741473993,53.27947235107422,15842300
2023-09-12,53.101377491531416,53.298221981506664,52.810794976039354,52.857662200927734,13916100
2023-09-13,52.79204614317261,52.98889062856992,52.567082038644244,52.75455093383789,13092200
2023-09-14,52.885772551146374,52.932643343559526,52.5670740474693,52.838905334472656,15760300
2023-09-15,52.78267409121178,52.857660934087974,52.060907402861076,52.52958679199219,44029200
2023-09-18,52.50145394952142,52.75454120223393,52.33273269011906,52.595191955566406,11825000
2023-09-19,52.660811779556184,52.68893139617398,51.98591237481188,52.34210968017578,10748500
2023-09-20,52.44522295116267,52.53895739617685,51.96716798466671,52.02341079711914,12219900
2023-09-21,50.06432545189406,50.71110163439937,49.53940331959588,49.99871063232422,37436100
2023-09-22,50.05496041571327,50.458024978246804,49.86748794406558,50.21430969238281,17869500
2023-09-25,50.11119624419323,50.317416306546704,49.829989343727426,50.12994384765625,14224400
2023-09-26,49.848732308456654,49.961214343027876,49.28631855986114,49.408172607421875,15618400
2023-09-27,49.57689876096218,50.02683048690991,49.239449072566515,49.86748123168945,15845500
2023-09-28,50.02683169847918,50.79546552922239,50.008084095809885,50.504886627197266,17204400
2023-09-29,50.76734756301818,50.80484276957536,50.14869095778352,50.39240264892578,13951200
2023-10-02,50.46739031214993,50.99231244812914,50.43927069663409,50.98293685913086,13934000
2023-10-03,50.85077012118725,50.879092828440406,50.36926248849358,50.652503967285156,15700600
2023-10-04,50.661934942994236,50.841318060641655,50.2465197013855,50.46366882324219,17009000
2023-10-05,50.416460662611456,50.482549365975814,49.64227562185965,50.104896545410156,14929400
2023-10-06,50.02937057952882,50.74690665168289,49.79333845556751,50.46366882324219,15665500
2023-10-09,50.36926423154033,50.945183309384404,50.27485280305267,50.90741729736328,10163600
2023-10-10,50.945170679809394,51.06790838766813,50.652493163114855,50.860198974609375,13105600
2023-10-11,50.9168490197383,51.1056754353288,50.3692527746823,50.66193389892578,12658000
2023-10-12,51.001819934450815,51.19064634710822,50.52031240209622,50.84131622314453,11846100
2023-10-13,50.869647564004865,51.09623640038287,50.45422869470415,50.76579284667969,14413800
2023-10-16,51.04902335433462,51.53997056466323,51.020700654250085,51.133995056152344,11736600
2023-10-17,50.7846714945367,50.96405460808195,50.199309247372476,50.92628860473633,17105900
2023-10-18,50.784675849971954,51.162325111123515,50.605289119477696,50.76579284667969,13087300
2023-10-19,50.75634233273691,50.91684603713436,50.22763272193142,50.34092712402344,16325600
2023-10-20,50.407019339453036,50.59584575714633,49.849983388118225,49.972721099853516,23888700
2023-10-23,49.86886310091764,49.89718580115607,49.245738484723326,49.283504486083984,17760000
2023-10-24,49.34015194302887,50.08601429395035,49.15132913148382,50.048248291015625,14824200
2023-10-25,50.14266233287755,50.388134144098224,49.40624329765131,49.47233200073242,14384700
2023-10-26,48.97194601100753,49.21742144652751,48.44323633739134,48.499881744384766,17594500
2023-10-27,48.75479247161952,49.236299996907825,48.52820366100731,48.679264068603516,13333900
2023-10-30,48.480996026154884,48.75479414983639,48.2355242059481,48.68870544433594,13322400
2023-10-31,48.858656413597764,49.2551887079135,48.792567697878475,49.21742630004883,13509300
2023-11-01,49.13244219832803,49.359030994675656,48.90584980041642,49.2740592956543,14300700
2023-11-02,49.396804593761686,49.84998585773804,49.264627175297484,49.80278015136719,17459700
2023-11-03,50.28428040701121,50.46366712016899,49.689482067828614,50.048248291015625,17644900
2023-11-06,50.01048978235505,50.32205032690701,49.92551806992005,50.3126106262207,15429600
2023-11-07,50.35981856648677,50.45422998379569,50.01049200056612,50.16155242919922,15153100
2023-11-08,50.40702027042247,50.51087498215009,49.82166160617017,50.03881072998047,13633800
2023-11-09,49.20797519489357,49.632833729701815,48.85864866696871,49.09468078613281,21039400
2023-11-10,49.33071430441836,49.689484144161256,49.02859347144468,49.65171813964844,17369000
2023-11-13,49.54786072626933,49.69892113451913,49.17965120625821,49.31182861328125,14931600
2023-11-14,49.5384232381134,50.38813672186796,49.5384232381134,50.199310302734375,18331000
2023-11-15,50.293725735459034,50.44478615172166,50.07657661217929,50.303165435791016,32188200
2023-11-16,44.761132177809564,45.37481714531188,43.61873755369177,45.355934143066406,79057800
2023-11-17,45.36537375222093,45.658054884090795,45.06325292002953,45.091575622558594,32593700
2023-11-20,44.90275537519533,45.667497199792216,44.89331207276856,45.57308578491211,27421000
2023-11-21,45.57308266852291,45.64861107494927,44.99716371306887,45.12934112548828,21510500
2023-11-22,45.393699645996094,45.64861116958234,45.27096193353889,45.393699645996094,17308400
2023-11-24,45.40313922732363,45.69582035578139,45.365373223348875,45.65805435180664,8209500
2023-11-27,45.629739541338694,45.66750195028014,45.233203634151074,45.2520866394043,17651600
2023-11-28,45.27096683926295,45.497555685130116,45.138789412246304,45.176551818847656,16360900
2023-11-29,45.42202452762734,45.73358507227282,45.346492515855985,45.36537551879883,16700500
2023-11-30,45.49755418587331,45.790235337169,45.26152204496007,45.67694091796875,37165000
2023-12-01,45.58252656485125,46.05459085355622,45.33705471941313,45.76191329956055,18744700
2023-12-04,45.37481882105252,45.48811323714501,45.11046038141732,45.36537551879883,17812900
2023-12-05,45.082143193690314,45.28040934650163,44.93108275322955,45.2520866394043,20985000
2023-12-06,45.38425388299035,45.51643128851574,44.98772166641417,45.03492736816406,19535500
2023-12-07,45.23319705452989,45.65805560701491,45.12934234152639,45.56364059448242,20478500
2023-12-08,45.58252590066466,45.87520705196036,45.51643718933413,45.67694091796875,16039900
2023-12-11,46.20564985581672,46.67771412995219,46.12067814240975,46.63050842285156,25618900
2023-12-12,46.80988845706916,46.81932815651334,46.366146950347,46.573856353759766,18712200
2023-12-13,46.48889469831147,46.92319299787308,46.08291910476675,46.91374969482422,18689200
2023-12-14,47.20642088256696,47.21586058205528,46.42279256716559,46.67770767211914,28418700
2023-12-15,46.72492438085931,47.14033965391242,46.66827537025743,47.08369064331055,58860100
2023-12-18,47.13089329532441,47.48966313607713,46.63994964153366,47.43301773071289,20453100
2023-12-19,47.55574876962084,47.6407204737395,47.05536184623552,47.376365661621094,17035800
2023-12-20,47.31972186069535,47.51799159314617,47.00816131238336,47.017601013183594,17812200
2023-12-21,47.1403402114183,47.18754592002914,46.62107021356959,46.92319107055664,18772300
2023-12-22,47.055361172143655,47.574631089179235,47.055361172143655,47.2913932800293,12903800
2023-12-26,47.310283105877225,47.58408125489836,47.25363409524933,47.47078323364258,9721200
2023-12-27,47.48966401361915,47.735139446614994,47.47078101096066,47.62184143066406,10414300
2023-12-28,47.75402194589095,47.801227651257314,47.60295792621543,47.65960693359375,8549900
2023-12-29,47.631287538804855,47.763464963636544,47.41413839778642,47.6973762512207,12492900
2024-01-02,47.66904784614512,48.01837437022324,47.442455429554485,47.68792724609375,20242900
2024-01-03,47.735500268877566,48.22075456426694,47.51666144864696,48.05900192260742,20303900
2024-01-04,47.99239979229752,48.05900275484328,47.56423892724315,47.649871826171875,18134100
2024-01-05,47.74501475979025,47.92579369923607,47.450056209504865,47.65938186645508,13989300
2024-01-08,47.33588619818918,48.049492522784995,47.27879638556931,48.01143264770508,18070300
2024-01-09,47.53569406073195,47.61181380923082,47.03141343048975,47.488121032714844,20489200
2024-01-10,47.57375315249715,47.878224882305986,47.402487350781016,47.80210876464844,15174200
2024-01-11,48.00191790629686,48.04949093377878,47.61181327360223,47.992401123046875,16458300
2024-01-12,48.049490809148516,48.35396253975023,47.85919507012511,47.897254943847656,18785700
2024-01-16,47.81162253574441,48.13512420654297,47.64035673181638,48.13512420654297,17015900
2024-01-17,47.80210952747171,47.9828884856839,47.48812100945174,47.859195709228516,17370600
2024-01-18,47.85919284482522,48.33493035546879,47.840162908848775,48.287357330322266,18487500
2024-01-19,48.28735990734609,48.89630337273399,48.268329970354046,48.782127380371094,23015300
2024-01-22,49.04853979545811,49.26737862896493,48.915333864592164,49.067569732666016,20298700
2024-01-23,48.89630347496853,49.30543804717947,48.810670573119985,49.248348236083984,15044300
2024-01-24,49.47670309946561,49.47670309946561,48.725036931276136,48.820186614990234,19458500
2024-01-25,49.238834101569935,50.00953020285535,49.238834101569935,49.79069137573242,18936600
2024-01-26,49.87632474818475,50.066620500773354,49.46719378006519,49.60991287231445,13160300
2024-01-29,49.32446763490272,49.84777819600926,49.314954481248854,49.75263214111328,13492400
2024-01-30,49.76214905162258,49.876325052035476,49.47670723579553,49.70506286621094,14322100
2024-01-31,49.33397958688401,49.419612486040286,47.64035516978129,47.745018005371094,29311800
2024-02-01,47.7925910316603,48.01142985626206,47.40248640874599,47.745018005371094,20635700
2024-02-02,47.70695813250403,47.93531374011718,47.21219067399991,47.745018005371094,20533100
2024-02-05,47.516667101065615,47.716479638600994,46.869663716640616,47.1075325012207,19602000
2024-02-06,47.868710336150535,48.1541521208439,47.37394288220708,47.55472183227539,19265800
2024-02-07,47.85920010995833,47.90677314232655,47.059960825567266,47.35491943359375,16794400
2024-02-08,47.478611050835944,47.56424395882334,47.14559257328958,47.52618408203125,19599000
2024-02-09,47.50714918127799,47.8211340580414,47.22170739433236,47.697444915771484,24076900
2024-02-12,47.60229956333905,47.764052222726775,47.1265619986298,47.56424331665039,19046300
2024-02-13,47.21219412223517,47.516665868230895,46.75548650324158,47.231224060058594,23633700
2024-02-14,47.16462153337379,47.89725781327153,47.14559159537247,47.84016799926758,31176400
2024-02-15,45.91818787741781,47.278797594814506,45.85158490911919,46.67937088012695,42766500
2024-02-16,46.3844094129469,46.698397926560496,46.04187780885546,46.08945083618164,24912300
2024-02-20,45.642258957420495,46.11799647874582,45.52807933899816,45.93721389770508,26402500
2024-02-21,46.09897079305517,46.16557376181493,45.57566019726152,46.12751388549805,15981300
2024-02-22,45.92770440011844,46.33683899139225,45.813528402196994,46.2131462097168,22020300
2024-02-23,46.260722878334896,46.75549041436289,46.14654687143299,46.489078521728516,13141900
2024-02-26,46.479556299447566,46.52713295721456,46.01333554188193,46.051395416259766,13018700
2024-02-27,45.81352722220364,46.098969024450035,45.689834443714076,45.965763092041016,12515400
2024-02-28,45.86109976032961,46.12751162229742,45.68031717148911,45.7278938293457,14635100
2024-02-29,45.85158422652015,46.12751287941495,45.7944980428795,46.022850036621094,22962500
2024-03-01,45.77546677140453,46.07042172385929,45.34730225862734,46.051395416259766,18508100
2024-03-04,46.02284483089346,47.069469510856884,45.889638911346445,46.745967864990234,25214500
2024-03-05,46.66033611401735,46.688879203309156,46.21314169063669,46.574703216552734,18101300
2024-03-06,46.60324814431432,47.01238271171989,46.593734990704824,46.784027099609375,20903600
2024-03-07,47.040931595087166,47.078991473390765,46.46053478411124,46.527137756347656,21224700
2024-03-08,46.49858830173029,47.36443051953819,46.479558363696206,47.098018646240234,19316200
2024-03-11,47.307339724274165,47.85919335511842,47.17413380060794,47.783077239990234,17715100
2024-03-12,48.087552429702825,48.097065583684376,47.46909216280786,47.640357971191406,17590400
2024-03-13,47.60229745662288,47.71647708040439,47.412005342832515,47.67841720581055,16669900
2024-03-14,47.830650914590564,47.90676703075146,47.19316074749545,47.37394332885742,17239400
2024-03-15,47.37394076650398,47.53568977309052,46.527128603576685,46.55567169189453,57049200
2024-03-18,46.83160406596528,47.250251789747466,46.60324845234542,46.87917709350586,17406700
2024-03-19,46.73645559723876,47.193163206771324,46.593736510903895,46.75548553466797,19601100
2024-03-20,46.6603410189239,47.17413845772165,46.56519132863382,47.145591735839844,18554100
2024-03-21,47.29783061350319,47.7545382671218,47.155111513391624,47.4595832824707,26102900
2024-03-22,47.621324351893406,47.66889737730205,47.30733948052498,47.36442565917969,15022900
2024-03-25,47.15510729887508,47.34539941534968,46.898208586127005,47.269283294677734,16191200
2024-03-26,47.145591735839844,47.392977301004485,47.07898876743157,47.145591735839844,13842900
2024-03-27,47.35491943359375,47.478612221422885,47.012387793199046,47.35491943359375,17231000
2024-03-28,47.46909109559012,47.76404967663918,47.392974976680634,47.488121032714844,18139700
2024-04-01,47.53570046219762,47.76405610885671,47.45006754839919,47.611820220947266,15138100
2024-04-02,47.53570072250828,47.65939351635889,46.76500812369193,46.96481704711914,16414400
2024-04-03,46.81132912213243,47.21421542122298,46.67703490884986,46.75377655029297,22210000
2024-04-04,47.08951542847019,47.530768920383565,46.082305098061624,46.149452209472656,17374000
2024-04-05,46.0055573660027,46.68662292551167,45.93841026347323,46.57151412963867,18661300
2024-04-08,46.22618930508098,46.67703732377755,46.19741301767245,46.27415466308594,15375700
2024-04-09,46.84970012930617,48.15427876508793,46.54274088079786,47.97201919555664,26686600
2024-04-10,47.70343390243809,47.74180472583364,46.82092691979932,47.20462417602539,20026400
2024-04-11,47.31014009551712,47.56913765354009,47.00318083991426,47.51158142089844,15703900
2024-04-12,47.20461822989786,47.223803639178946,46.465996439168144,46.51396179199219,16418100
2024-04-15,47.69384217004783,47.7609892801631,46.2357838403792,46.27415466308594,20310800
2024-04-16,46.49477943052592,46.53314659236045,45.89045180590638,45.96718978881836,14233400
2024-04-17,46.04392864480787,46.312517057611586,45.76574569769391,45.84248733520508,14407600
2024-04-18,46.437226066840374,46.437226066840374,45.92882546351597,46.149452209472656,13080900
2024-04-19,46.4180420413949,46.45641286598804,46.07271193854308,46.350894927978516,20964400
2024-04-22,46.51396567251193,46.60988906767728,46.043932254018586,46.178226470947266,20135700
2024-04-23,46.17822987655261,46.48518915481128,46.10149188660956,46.350894927978516,16261700
2024-04-24,46.0918953360702,46.408449136261574,45.96719199121514,46.379669189453125,14828500
2024-04-25,46.79214761556395,46.93603637565273,45.900046085197076,46.13985824584961,18790900
2024-04-26,45.69860539057186,46.312523944989515,45.66982910184704,45.90964126586914,14658900
2024-04-29,46.034342174399434,46.34130143532922,45.641050392630454,45.8328971862793,11599500
2024-04-30,45.669818257076216,45.74655622853458,45.055899848439836,45.06549072265625,18535400
2024-05-01,44.79691152746628,45.63145680677944,44.77772611585363,44.93120574951172,18266400
2024-05-02,45.113457344882974,45.19978985923962,44.700980182872634,44.88323974609375,15441700
2024-05-03,45.18060554435202,45.46838303867655,44.93120252974599,45.199790954589844,17935300
2024-05-06,45.2957187340472,45.50675093157058,45.055906591082945,45.19020080566406,14163000
2024-05-07,45.28611675872206,45.52592886228561,45.09426634402276,45.35326385498047,14308200
2024-05-08,45.50675332261593,46.1782280900455,45.324497401714325,46.0439338684082,15130200
2024-05-09,46.04392864480787,46.13026115738659,45.70819312880322,45.84248733520508,12449300
2024-05-10,46.04392997625696,46.13985336667705,45.75615614575391,46.10148620605469,12096900
2024-05-13,46.34129945378358,46.83051461145823,46.264557812211066,46.69622039794922,15149100
2024-05-14,46.98399173854059,47.17584217303367,46.37966415062231,46.95521545410156,17379700
2024-05-15,47.18543515563423,47.703430254128975,46.74418169806145,47.6458740234375,37342100
2024-05-16,48.039169319104644,48.067945604753966,46.2070010689173,46.37007522583008,47829400
2024-05-17,46.29332942615938,46.58110689377029,46.14944435159643,46.20699691772461,22020300
2024-05-20,46.04393401229493,46.111081123323416,45.09427626322438,45.209388732910156,22040700
2024-05-21,45.19978751732568,45.228567460115244,44.71057240081397,45.027122497558594,25172200
2024-05-22,45.18060806749636,45.890453648966336,45.12305549281166,45.497161865234375,19940600
2024-05-23,45.228566912361906,45.266934070212386,44.61464481660146,44.70097732543945,18837500
2024-05-24,44.72976147687536,44.89283197600148,44.48994933634197,44.528316497802734,11941100
2024-05-28,44.269320408334835,44.979162259896356,44.10624625806194,44.394020080566406,18178800
2024-05-29,44.0295101078604,44.44198727896563,43.98154475274918,44.20217514038086,16001100
2024-05-30,44.2213579548212,44.56668802816702,44.12543456077755,44.240543365478516,19894200
2024-05-31,44.25972670550528,44.672203867233065,44.13502337168827,44.60505676269531,39269100
2024-06-03,44.816094250549234,44.86405594708207,44.39402253887736,44.74894714355469,23295000
2024-06-04,44.748945930004695,45.66022911714406,44.61464806041475,45.48756408691406,23330300
2024-06-05,45.58349182209604,45.68900974873922,43.780103512154184,44.14461898803711,28746400
2024-06-06,44.067874947523705,44.49953750608497,43.91439533328444,44.3460578918457,15456100
2024-06-07,44.077479920985866,44.403624635893294,43.9240002703967,43.971961975097656,15734600
2024-06-10,43.93357898850464,43.99113521376254,43.425178472742,43.98154067993164,13400400
2024-06-11,43.828062593394904,44.05828384317655,43.511512491593095,43.90480422973633,17450700
2024-06-12,44.115846106044856,44.20217862911904,43.54029473246926,43.760921478271484,16803100
2024-06-13,43.56906623811129,43.69376957091791,43.281292412532174,43.66499328613281,16149000
2024-06-14,43.473139969703084,43.847246284099676,43.13740447197345,43.8184700012207,15274200
2024-06-17,43.549884672507986,43.84724937452945,43.118222102686644,43.82806396484375,16382000
2024-06-18,43.64580881205833,44.11584220933194,43.64580881205833,44.096656799316406,17627000
2024-06-20,44.03910455024754,44.95998235878049,43.99114285049453,44.816097259521484,25613200
2024-06-21,45.180605879010116,45.890451426096156,45.132644182681716,45.36286544799805,64967000
2024-06-24,45.554708802998,45.832888062107564,45.10386087734099,45.35326385498047,19136200
2024-06-25,45.34368174507211,45.87126774303691,45.07509330812486,45.44919967651367,17615800
2024-06-26,45.142236482420884,45.47797199933968,44.89282981907319,44.95038604736328,13981300
2024-06-27,44.87364752461278,45.573898550825696,44.86405664885335,45.5163459777832,16541900
2024-06-28,45.612269136755124,45.90963751316285,45.41082781366098,45.57389831542969,23921100
2024-07-01,45.545125269694395,45.89045536770846,45.42042192113528,45.58349609375,17776000
2024-07-02,45.46837629934543,45.84248259542579,45.046304655158515,45.35326385498047,19794200
2024-07-03,45.228569106850095,45.58349003407479,45.123051184345876,45.17101287841797,8118300
2024-07-05,44.919468968038565,45.238730987376286,44.80337402378773,45.1323127746582,14692600
2024-07-08,44.84207833541008,45.258089295576745,44.455093884724356,44.56151580810547,19320900
2024-07-09,44.50346491956861,44.600210106200315,44.164853075765336,44.30997085571289,17343400
2024-07-10,44.56151185967557,44.784028729486764,44.338994989864375,44.764678955078125,18737300
2024-07-11,44.67760650736298,45.38385666074235,44.67760650736298,45.23873519897461,19741200
2024-07-12,45.258087452831184,46.30295317738359,45.13231944904017,45.83856964111328,20936100
2024-07-15,45.86758701217013,45.94498610432039,45.26775881037296,45.857913970947266,15925900
2024-07-16,45.906292438746284,46.409375530391365,45.68377555619809,45.87726593017578,17037300
2024-07-17,45.91596656102169,47.15432638903703,45.80954463847583,46.94148254394531,26638700
2024-07-18,46.583518474587926,47.05757504397658,46.41904723274436,46.47709655761719,18462500
2024-07-19,46.52546727633199,46.535140318125194,45.60637330111079,45.780517578125,18289200
2024-07-22,45.78052443176382,45.838573762989604,45.24841847926831,45.296791076660156,19899400
2024-07-23,45.22906462735608,45.2580874450579,44.83240345953131,44.85175323486328,16372000
2024-07-24,45.02589718980927,45.50963049776014,44.7356579431572,45.325809478759766,25318200
2024-07-25,45.82889300405421,46.62221534150019,45.52898071221018,45.703125,20631200
2024-07-26,45.78052112477921,46.448071777988,45.703125712661496,46.322303771972656,16104900
2024-07-29,46.26425494654312,46.641566349864696,45.896616585869005,46.42872619628906,11475700
2024-07-30,46.622217505056085,46.97050609679846,46.33197824213492,46.57384490966797,20166000
2024-07-31,46.83505685985698,47.1833454181826,46.670589313198825,46.873756408691406,19953600
2024-08-01,47.03822724378836,47.13497612263813,45.66442637945289,45.848243713378906,18837500
2024-08-02,46.12881091825548,46.196533289610656,44.84207848132227,45.14199447631836,24000200
2024-08-05,45.035570378911665,45.1613420727547,43.236081876973806,43.28445816040039,29669600
2024-08-06,43.2941309201403,44.25192449061404,43.18770900224407,43.690792083740234,20524000
2024-08-07,43.942331222003965,44.70663072211984,43.62306916295578,43.65209197998047,18301100
2024-08-08,43.80688729467982,44.76468087063654,43.80688729467982,44.33899688720703,18369100
2024-08-09,44.21322810615028,44.56151670217006,43.768194318166124,43.9907112121582,21217600
2024-08-12,44.04874779985892,44.251918566184116,43.05225850313526,43.40054702758789,20289500
2024-08-13,43.51664765815039,43.91330882047376,43.429575515660275,43.893959045410156,20976900
2024-08-14,43.67144212150659,44.25192430101923,43.574696936883925,43.9616813659668,30675600
2024-08-15,47.16399663397959,48.64421934734884,46.59319119376005,46.95115280151367,45976400
2024-08-16,47.05757639952238,48.1121151762398,46.9221316615097,47.85089874267578,27424900
2024-08-19,47.72513369719598,48.36366156641739,47.69610718682736,48.35398483276367,16436600
2024-08-20,48.35397878054499,48.731290152777994,47.986340450162444,48.60552215576172,18697300
2024-08-21,48.65389841669924,48.9054381203003,48.40235502250582,48.808692932128906,21177600
2024-08-22,49.06991116568219,49.27307828263687,48.547478273005176,48.586177825927734,19143100
2024-08-23,48.86673952112135,49.118282920216906,48.68292218377647,49.08926010131836,16474100
2024-08-26,49.13763427734375,49.36015117410778,49.069911904006545,49.13763427734375,12016800
2024-08-27,49.021534517187476,49.186005770597404,48.760321763370634,49.06023406982422,10243900
2024-08-28,48.808692646628785,48.92478760987385,47.802526456925264,48.22821044921875,14571400
2024-08-29,48.34430667291208,49.166651797998696,48.257234532207086,48.750640869140625,16324100
2024-08-30,48.90543262401261,49.04087734846742,48.44104912991385,48.89575958251953,15615800
2024-09-03,48.673247885079405,48.8570652176812,48.27658671113381,48.43138122558594,14918600
2024-09-04,48.19918287292698,48.41202669335838,47.966992969358174,48.08308792114258,16411700
2024-09-05,47.88959689451194,48.03471836133825,47.347814267698205,47.53163528442383,16312000
2024-09-06,47.280088353249816,47.628376895027145,46.63188754873573,46.92212677001953,21040500
2024-09-09,46.89310660222253,47.55098417591922,46.68993581432198,47.115623474121094,18677600
2024-09-10,47.20269775390625,47.376842042518454,46.864082219119275,47.20269775390625,11754700
2024-09-11,47.16399477329777,47.609028504903726,46.293273393553925,47.51228332519531,15106600
2024-09-12,47.492934393347085,48.025040272363476,47.27041752359813,47.99601745605469,13229500
2024-09-13,48.12179444887464,48.43138349226826,48.054068385701804,48.179840087890625,10168900
2024-09-16,48.257235260418284,49.408519191031075,48.1604863856238,49.36981964111328,16668200
2024-09-17,49.36015072581144,49.74713518556757,48.92478997931733,48.9634895324707,13230300
2024-09-18,48.75064133095402,49.47624128017185,48.63454637244497,48.92478561401367,12697700
2024-09-19,49.737460488281314,50.03737647935578,49.485920782335796,49.766483306884766,16274000
2024-09-20,49.77615658695865,50.62752821598974,49.7471300797765,50.279239654541016,44096600
2024-09-23,50.36631649249215,50.73395117222818,50.2018452384271,50.49208450317383,18343400
2024-09-24,50.51143197685764,50.85972055491295,50.317937912316644,50.81134796142578,26479300
2024-09-25,50.859723238832956,51.01451776051594,50.66622916408109,50.9371223449707,22422200
2024-09-26,51.27572906914888,51.55629526489199,51.04353546459785,51.13060760498047,18374000
2024-09-27,51.31443186810585,51.48857615989972,51.14028757631198,51.295082092285156,13868300
2024-09-30,51.295080918502606,51.575647125593925,50.937119300491915,51.48857498168945,17807500
2024-10-01,51.382146754731366,51.46921888794685,50.60817428758915,51.02418518066406,16621800
2024-10-02,51.08268291382125,51.511620121382045,50.81947017777359,51.297149658203125,11071300
2024-10-03,50.87795512144442,51.33614062907385,50.84871050395207,51.11192321777344,11029100
2024-10-04,51.47262380267129,51.57985903215054,51.092428875460854,51.42388153076172,11724100
2024-10-07,51.258154528527974,51.521363527587155,51.05343104655326,51.189910888671875,10941700
2024-10-08,51.31665084301322,51.443383736232065,50.88771360593053,51.404388427734375,12365000
2024-10-09,51.326397308075045,52.330502247123114,51.21916207792486,52.21352005004883,10586100
2024-10-10,52.350004462982355,52.45723970247996,52.077041020952834,52.194026947021484,9377500
2024-10-11,52.17452564899362,52.96416386022352,52.17452564899362,52.886173248291016,12704500
2024-10-14,52.94466547143994,53.04215001620372,52.43773765731485,52.905670166015625,11428600
2024-10-15,53.051900315515475,53.23712616851708,52.564470123485535,52.72045135498047,20066300
2024-10-16,53.61731909062436,54.99187203128667,53.45159461663958,54.96262741088867,32382300
2024-10-17,54.96262286233189,55.15759565937635,54.445944392344565,54.982120513916016,18383400
2024-10-18,54.99187302223816,55.440307897474675,54.79690020554489,55.333072662353516,17679800
2024-10-21,55.26483150111843,55.625532505531105,55.089356341889854,55.1673469543457,14083600
2024-10-22,54.592175017776086,55.46955074665192,54.455695175239136,55.17708969116211,14956300
2024-10-23,54.74815680747209,55.16734705318056,54.58243233390213,54.86513900756836,18723000
2024-10-24,54.96262394834334,55.12834841188778,54.40695388300502,54.55318069458008,14699600
2024-10-25,54.83589556448724,55.20634354467498,54.27047476742188,54.33871841430664,14680500
2024-10-28,54.49469394479669,54.572680837436934,53.82203793693972,53.89027786254883,12912300
2024-10-29,53.97801580328339,54.69941408873171,53.88053125712956,54.28022384643555,18810100
2024-10-30,54.172984343176,54.63116985532736,53.978011547443714,54.192481994628906,13284300
2024-10-31,54.03650840779246,54.114495300444545,53.33460777993855,53.39310073852539,22023400
2024-11-01,53.36385556512018,54.40695581025196,53.15913207158824,54.1047477722168,19235600
2024-11-04,54.05600467939534,54.50443952737808,53.734298993583636,54.42645263671875,13269900
2024-11-05,54.49469544466749,54.85539273549991,54.10474981434257,54.7481575012207,10183600
2024-11-06,55.752259640979474,56.62963540515102,55.528042216534956,56.415164947509766,20506000
2024-11-07,56.346924891452055,56.83435504400578,56.093462848394765,56.61988830566406,17880200
2024-11-08,56.629636007457236,56.736871237418406,56.21044577331647,56.60039138793945,17517700
2024-11-11,57.51676036629161,57.88720833872752,56.89285034037666,57.156063079833984,17827000
2024-11-12,57.28279302489434,57.55575645403593,56.96109104038797,57.23405075073242,16609400
2024-11-13,56.688129099648535,57.789718583794944,56.385921061659594,57.69223403930664,36350600
2024-11-14,57.507017020197196,57.507017020197196,56.073971032515125,56.46391296386719,33747700
2024-11-15,56.00572544529882,56.63938241429916,55.791254987497226,56.015472412109375,28173700
2024-11-18,56.10320800497669,56.532148905414026,55.79125301491145,55.86924362182617,23769300
2024-11-19,55.255084064604745,55.60603438008081,54.93337836915268,55.576786041259766,17476200
2024-11-20,55.41105860981675,56.054466247558594,55.18684119108214,56.054466247558594,15345000
2024-11-21,55.849744288515545,56.473654249860715,55.664518462068465,56.11295700073242,16162400
2024-11-22,56.142206569679075,57.22430213129937,56.01547368547927,57.07807159423828,14952100
2024-11-25,57.17556045527503,57.47776478078632,56.79536179870757,57.26329803466797,52408200
2024-11-26,57.51675883757935,58.14066884691168,57.45826587965558,58.09192657470703,14209700
2024-11-27,58.111423997573304,58.36488604331349,57.448518685579614,57.799468994140625,12703300
2024-11-29,57.584997661462445,58.091925464052295,57.55575304245818,57.72147750854492,11618400
2024-12-02,57.76047226824864,58.19916014315927,57.65323704118194,57.93594741821289,15977400
2024-12-03,57.93594934743698,58.03343389230911,57.682483580694225,57.98469161987305,11746000
2024-12-04,58.14066769620068,58.33564049995741,57.77997042646873,58.12117004394531,16872100
2024-12-05,58.286902403727595,58.71583962767904,58.19916482169239,58.5111198425293,19121700
2024-12-06,58.49161938582163,58.56960999669196,58.26740195776495,58.38438415527344,14622700
2024-12-09,58.325895715473706,58.37463798853733,57.38027999909165,57.468017578125,16517500
2024-12-10,57.02932684886783,57.38027714756067,56.66862958356547,57.243797302246094,14480200
2024-12-11,57.399779644281885,57.477766540131014,56.844109530717034,57.117069244384766,26842900
2024-12-12,57.214551670099105,58.238157995951354,57.15606243008267,57.37052917480469,17704600
2024-12-13,57.14631271362305,57.45826772832609,56.91234831199432,57.14631271362305,14129700
2024-12-16,57.000084519088034,57.01958217188689,56.39566843871468,56.88309860229492,26883200
2024-12-17,56.91234446544409,57.58499672316035,56.70762097935927,57.048824310302734,24912500
2024-12-18,57.23404901709769,57.23404901709769,56.03497125880864,56.08371353149414,24195100
2024-12-19,55.94723761783956,56.678382915968776,55.898495341723745,56.18120574951172,21947800
2024-12-20,56.12270629602312,57.30228634806924,55.83024895435505,57.048824310302734,69544600
2024-12-23,56.668635025197126,57.53626016983693,56.65888433885441,57.49726486206055,18671200
2024-12-24,57.321783950769735,58.34538650512695,57.321783950769735,58.34538650512695,9922300
2024-12-26,58.12117187830377,58.55011280386573,57.90670513431982,58.47212219238281,8524500
2024-12-27,58.07242818764228,58.51111606953019,57.653237958149056,58.11142349243164,13021400
2024-12-30,57.60449985528636,57.896957224777225,56.9415945010819,57.70198440551758,12948100
2024-12-31,57.731228609440016,57.887206109913194,57.29254072723515,57.71173095703125,14173000
2025-01-02,57.7799669137103,58.17965946365349,57.09756400144719,57.61423873901367,16144300
2025-01-03,57.75165549504682,58.07554964367531,57.280534350772086,57.77128601074219,18859000
2025-01-06,57.8203589283279,58.47796808258437,57.506278173623826,57.68294906616211,18543300
2025-01-07,57.8792535556563,58.154073294620595,57.56517278422906,57.83999252319336,16863800
2025-01-08,57.80072835864602,58.14425675787454,57.19219736499786,58.10499572753906,14400300
2025-01-10,57.70258165032227,57.967587998631714,57.457205817902945,57.653507232666016,17274500
2025-01-13,57.8301742326603,57.83999136264812,57.094046737372025,57.673133850097656,19340700
2025-01-14,57.87925174354934,58.24240692211638,57.6633198159018,58.23259353637695,16715500
2025-01-15,58.752787974461924,59.22390910786153,58.48778163489879,58.870567321777344,19185100
2025-01-16,59.06686946995363,59.33187581283633,58.67426664846711,58.71352767944336,18445700
2025-01-17,59.6361356165731,59.82262362967707,59.086496194719935,59.11594009399414,23876400
2025-01-21,59.35150647657019,60.19559992397795,59.1650184510362,59.901145935058594,18623800
2025-01-22,59.91096037695196,60.617640183893975,59.86188596237982,60.490047454833984,19436600
2025-01-23,60.6569022625397,61.16728442002251,60.24467268003699,61.078948974609375,14212000
2025-01-24,60.91209521335006,61.13784051959743,60.71579380752776,61.078948974609375,17232900
2025-01-27,60.25449114742608,60.32319608363788,57.673136241871354,57.987220764160156,33730300
2025-01-28,57.92832567589009,58.45833836069738,57.8301730986269,58.33074188232422,25473300
2025-01-29,58.84112347734509,59.42021057306266,58.40925962987833,58.44852066040039,17925300
2025-01-30,59.351505279541016,59.9502228868661,59.1355733571253,59.351505279541016,17079000
2025-01-31,59.41039434129859,60.05818637815159,59.34168940891555,59.47909927368164,16554200
2025-02-03,59.07668111606478,60.12688932685825,58.4485196154935,59.91096115112305,20375700
2025-02-04,59.71466215819803,60.45078964844005,59.60669619390045,60.205413818359375,12742700
2025-02-05,60.31337983475127,61.55007237200529,60.16615283892049,61.412662506103516,18997400
2025-02-06,61.65803974370178,61.74637519438884,60.9219122360223,61.11821365356445,15521800
2025-02-07,61.57952142316779,62.08008648096906,61.059322105060374,61.11821365356445,23861000
2025-02-10,61.95248750496863,61.98193515010475,61.22617715666907,61.648223876953125,15816200
2025-02-11,61.37340213141054,61.63840848025892,61.0298774629801,61.27525329589844,17702500
2025-02-12,60.30356286909014,61.402849287574895,60.06800416808487,61.3734016418457,30116300
2025-02-13,64.87736791245241,65.26997073785411,61.55988938877394,62.65917205810547,43257700
2025-02-14,62.610094903502855,63.86641789923804,62.26656651026174,63.67012023925781,23693300
2025-02-18,64.09217197477412,65.02459716522914,63.23826136150409,63.39529800415039,22047500
2025-02-19,63.32658242618857,63.75844622536984,63.100840886271136,63.640663146972656,14164100
2025-02-20,63.758452770441465,64.02346285197075,63.08121310461756,63.47381591796875,14836600
2025-02-21,63.48363433352334,63.758454061953266,62.698432435053576,62.79658126831055,18905800
2025-02-24,63.23825812118333,63.38548511431031,61.981935091281485,62.07027053833008,17287500
2025-02-25,63.40511279666375,63.444373827946855,62.14878974870853,63.081214904785156,22100100
2025-02-26,62.86528952800068,63.58178274547738,62.75731982151265,62.89473342895508,13452300
2025-02-27,63.5719649274936,64.08235083276402,62.57083486450293,62.62972640991211,24695600
2025-02-28,62.74750817824045,62.973257238952485,61.667856013036605,62.92417907714844,26711800
2025-03-03,63.198999803620424,63.67993434609106,62.02119504045487,62.30583190917969,21810700
2025-03-04,62.56102203494596,62.72787579888115,61.45192225678024,62.08989715576172,24588300
2025-03-05,62.060453868868045,62.99288276259927,61.63840714585431,62.77695083618164,14931500
2025-03-06,62.619911092622,62.83583927709589,61.59914674081402,62.237125396728516,23155100
2025-03-07,61.73655980539961,62.98306571645381,61.039689608527254,62.757320404052734,21154800
2025-03-10,62.30583086056509,62.511945661012135,60.53912561761969,60.9120979309082,27417600
2025-03-11,61.1280228452212,61.22617541932651,59.410392111825985,59.54780197143555,25787400
2025-03-12,59.83244172541892,60.04837365479773,59.135575264053905,59.34169006347656,18935300
2025-03-13,59.29261738152752,59.371139446922804,58.13444312591427,58.56630325317383,16463300
2025-03-14,59.20427622705407,59.49872645564653,58.81167342617227,59.38094711303711,16250700
2025-03-17,59.2828021934099,60.07781748861124,59.223910646153556,59.763736724853516,15335800
2025-03-18,59.54780560716018,59.675402089218615,58.566302271008105,59.18465042114258,16669000
2025-03-19,59.508544557347136,60.440973416574494,59.38094808335488,59.989479064941406,15488800
2025-03-20,59.36131984123713,59.89133252813859,59.22390997666372,59.49872970581055,16528600
2025-03-21,59.05705393908414,59.28280300124064,58.330743567048934,59.18465042114258,65935200
2025-03-24,59.91096338604848,60.24467466369301,59.75392300504741,59.84225845336914,28335600
2025-03-25,59.71465808513932,60.07781324052973,59.57724822872878,59.86188507080078,20877600
2025-03-26,59.901144333874605,60.69616334325727,59.88151381886218,60.65690231323242,30621200
2025-03-27,60.74523964298604,60.8335750912131,60.19560018214038,60.264305114746094,25720200
2025-03-28,60.51949296309511,60.63727231002587,59.39076267725003,59.734291076660156,24931700
2025-03-31,59.5085437931826,60.75505338458579,59.12575812025914,60.568565368652344,29335700
2025-04-01,60.2446727303852,60.89246474924362,59.930591978462196,60.65690231323242,17381400
2025-04-02,60.068001757359,60.725607160756404,59.96984918243095,60.67653274536133,18610700
2025-04-03,58.6707796216721,59.20432711795457,56.57609771354323,56.62550354003906,40006300
2025-04-04,55.983266114120056,56.78359302121278,53.789780066696935,53.888587951660156,42924400
2025-04-07,52.74244275187109,55.44971471849595,51.4876108841651,53.76013946533203,46816200
2025-04-08,54.08620058538447,55.202701430018884,52.09032651539604,52.554710388183594,37377000
2025-04-09,52.44602759491061,57.73212702835724,52.040920913764595,57.43571090698242,53380800
2025-04-10,57.12941322129118,57.24797891831542,54.34309484184039,55.91410446166992,31964600
2025-04-11,55.99314673324531,57.10965136815058,55.60780539292341,56.645267486572266,23036900
2025-04-14,57.198574552022954,57.514752244094254,56.418009225725214,56.724308013916016,15657700
2025-04-15,57.1788110279223,57.21833418036911,56.37848792111829,56.516815185546875,18543600
2025-04-16,55.89434010985856,56.39825089318898,54.758073948269505,55.09401321411133,20551300
2025-04-17,55.528760363515666,55.7362512652939,55.02484958018525,55.09401321411133,15910400
2025-04-21,54.50118070188154,54.66915221848438,53.187067895080276,53.72061538696289,15578800
2025-04-22,54.56046838039058,54.619749344283925,53.937991875561636,54.38261795043945,19961800
2025-04-23,55.479358228882475,56.299442931062444,54.83712017859612,54.96556854248047,30231500
2025-04-24,54.63950987927711,55.89434176925948,54.50118260731826,55.6176872253418,22782300
2025-04-25,55.53864094207885,56.10183270339453,55.40031367005542,56.03266906738281,16493500
2025-04-28,55.854818758488015,56.64526677594905,55.74613196763035,56.16111755371094,23140600
2025-04-29,56.01290568790709,56.80335367826982,55.95362472702463,56.65514373779297,13466000
2025-04-30,56.41800890535274,57.21833580400217,55.78565352480101,57.04048538208008,19921200
2025-05-01,57.08988775743614,57.771648968313045,56.991083642100406,57.42582702636719,16420800
2025-05-02,58.354604209173786,58.71030129753311,58.03842650676404,58.62137985229492,18753200
2025-05-05,58.295318275782556,58.9375563407123,58.17675258210499,58.61149597167969,14758500
2025-05-06,57.92973816783957,58.79922494167905,57.88033610987023,58.512691497802734,13766500
2025-05-07,58.492929315567736,59.18456942738837,58.36448095086816,58.8585090637207,14078300
2025-05-08,59.243851677767836,59.560029375342324,58.72018307287299,58.9968376159668,16196700
2025-05-09,59.935491275356306,60.10346279584812,58.73006145828888,59.056121826171875,17480700
2025-05-12,60.874144941758786,61.11127632627568,60.38999573057243,60.93342590332031,23700000
2025-05-13,60.94331013991808,61.496622999879115,60.87414650356489,61.0421142578125,18591200
2025-05-14,60.89390741359739,61.13103880159933,60.12322097975246,60.55796813964844,34509200
2025-05-15,62.316707145273256,64.96469818657633,62.16849720069152,63.492496490478516,60718000
2025-05-16,63.14667515823136,63.26524085357096,62.22778253879461,62.860137939453125,30289900
2025-05-19,62.672409712613664,63.36404608856736,62.42539564430576,63.15655517578125,16249000
2025-05-20,62.978706642644724,63.087389663396564,62.31670699930191,62.66252517700195,14995200
2025-05-21,62.23766518836297,63.14667513417949,62.21790361095798,62.44515609741211,15595900
2025-05-22,62.65264684030785,62.95894563556964,62.19814186860493,62.60324478149414,15641100
2025-05-23,61.96100388399798,62.46491466067104,61.78315346507047,62.35622787475586,15645400
2025-05-27,62.99846151464267,63.22571775698053,62.583479720742815,62.988582611083984,17429400
2025-05-28,63.12691099961046,63.22571888263287,62.49455562480844,62.58348083496094,13814500
2025-05-29,62.968826048796195,62.978708722277084,61.74363837665703,62.29694747924805,13982800
2025-05-30,62.168494141148486,62.425390863229254,61.55590035402056,62.28706359863281,25829000
2025-06-02,61.9807689401972,63.1170351505673,61.96100736263631,63.0873908996582,15816000
2025-06-03,63.03798810649832,63.6901050818742,62.95894556631043,63.59130096435547,15156900
2025-06-04,63.88771673962519,64.11496544145213,63.58141419529645,63.62093734741211,14770900
2025-06-05,63.709866857886226,64.13473132385022,63.512251095652665,63.84819412231445,17025200
2025-06-06,64.53982900606292,65.36980011240531,64.45090756874251,65.27098846435547,20943800
2025-06-09,65.3203983144749,65.56741237328376,64.80660485072082,65.11290740966797,13689800
2025-06-10,65.22159327214149,65.29075690609469,64.03592128373882,64.37186431884766,17214900
2025-06-11,64.33234214248064,64.3718652965214,63.10715075116474,63.42333221435547,20442600
2025-06-12,63.55178127698505,64.4311507859395,63.34429035739402,64.32246398925781,15160800
2025-06-13,63.81854822568419,63.94700035997355,63.166435034312734,63.324520111083984,14635000
2025-06-16,64.41138427711458,64.82636606024822,64.07544125867042,64.7275619506836,16957700
2025-06-17,64.85601580906992,65.35992663962423,64.24341818097895,64.54972076416016,18845200
2025-06-18,64.90540936700076,65.54763981865892,64.5991068417387,65.0536117553711,22664200
2025-06-20,65.69586082707261,65.85395345236185,64.93506079811415,65.52789306640625,50421700
2025-06-23,65.55752912287151,66.68391261805851,65.41920185421843,66.57522583007812,34030000
2025-06-24,66.97045291648051,67.22734965794113,66.55547109138564,67.07913970947266,23162700
2025-06-25,67.03961390665361,67.71149244667714,66.97045027186901,67.37555694580078,19395700
2025-06-26,67.89922376691337,68.33397091034081,67.60280388943636,68.12647247314453,23154000
2025-06-27,68.04743644668072,68.39325462548676,67.52376030360765,67.83006286621094,26224600
2025-06-30,68.0079193637761,68.94656986694575,67.92887304777169,68.55134582519531,32561200
2025-07-01,68.55134327816785,68.71931857800399,67.82018372797232,68.27468872070312,21939500
2025-07-02,67.85970382406664,68.11660056081425,67.36567569708255,67.7707748413086,16655200
2025-07-03,67.77077625683964,69.05303444143935,67.77077625683964,68.9536361694336,17973500
2025-07-07,68.66538234178773,68.88406311096584,68.19820207738046,68.51628112792969,23985200
2025-07-08,68.38706044733523,68.50633534513302,67.93975682978643,68.17831420898438,21182600
2025-07-09,68.12861855112735,68.90393571767589,67.89999569205678,68.85423278808594,23765900
2025-07-10,68.84429661802835,68.97351361482013,68.14849353846722,68.34729766845703,15005300
2025-07-11,67.88012329248744,68.08886195926453,67.28372601832393,67.54216003417969,14699400
2025-07-14,67.42288308195883,67.62167963944187,66.79665951704241,67.4129409790039,16451400
2025-07-15,67.27377812442855,67.47257467083723,66.7469604512036,66.77677917480469,13944600
2025-07-16,66.74696407334784,67.15449929068193,66.57798624137035,66.96564483642578,15156100
2025-07-17,67.14456199078532,68.05903824978454,67.10480116427202,67.89006042480469,20400000
2025-07-18,68.36717767097184,68.42681512111729,67.55209965670667,67.64156341552734,16145100
2025-07-21,67.4924632525251,68.20814299977161,67.38312286982895,67.92981719970703,14674200
2025-07-22,67.92981260967454,68.18825418618452,67.67137861676667,67.75090026855469,14527200
2025-07-23,67.93975383678061,68.4168761577598,67.65149354046432,68.20813751220703,13042300
2025-07-24,67.94969887525471,68.17831415157623,67.51233736075812,67.88011932373047,13534000
2025-07-25,67.96957308713367,68.40693458612355,67.66143616753737,68.27771759033203,11590000
2025-07-28,67.34335890506054,67.55209755768601,66.96564242653857,67.51233673095703,20558400
2025-07-29,67.82048483398763,68.30754171590834,67.42288412924304,67.5521011352539,15261800
2025-07-30,67.43281670170525,68.16838063850511,66.94575983384773,67.87017822265625,15518200
2025-07-31,67.89999436033992,68.73495654274083,67.47257495849708,67.67137908935547,18529200
2025-08-01,67.104799769949,67.20419804236582,66.12073639729698,66.70719909667969,21650000
2025-08-04,67.36323870930066,68.09880266313634,67.2042029784731,68.07891845703125,17052200
2025-08-05,68.27772183315606,68.45664176807904,67.03522439163613,67.11473846435547,15434500
2025-08-06,67.55209643491416,68.93375291047253,67.36323440699108,68.79459381103516,23107800
2025-08-07,69.38105521969888,69.71901085956029,68.79459252565431,69.48045349121094,22579600
2025-08-08,69.81841570448489,71.58773088822764,69.7985390817519,71.35911560058594,31662400
2025-08-11,71.8660558866749,72.11455537786865,69.91781320214555,70.24583435058594,28911400
2025-08-12,70.36511347246469,71.07085108368297,70.13649061471119,70.95156860351562,21912100
2025-08-13,71.42869119345688,71.5976690199238,69.8283539343237,69.97745513916016,38096400
2025-08-14,67.59185581435801,70.18619088686198,67.07498025373897,68.8840560913086,39317300
2025-08-15,68.03915336062592,68.23795749119354,65.46470243449296,65.80265808105469,40877300
2025-08-18,65.68338341402118,66.7072000432867,65.35536228514907,66.54815673828125,20903400
2025-08-19,66.35930633544922,67.11473932943672,66.08098811833776,66.35930633544922,18746600
2025-08-20,66.41893879814948,66.78672074805397,66.14062060194159,66.70719909667969,14946400
2025-08-21,66.69725846953936,66.81654094923901,66.0710425142212,66.61773681640625,12456600
2025-08-22,66.92588143361282,67.63161904319468,66.60780240417307,66.91593933105469,16830600
2025-08-25,66.87618150755614,67.09486227204144,66.70720367449118,66.73702239990234,11724500
2025-08-26,66.76683643676999,68.33735492269423,66.70719899013558,67.9795150756836,28307900
2025-08-27,67.9099380996645,68.33735751180973,67.7409602720635,68.02922058105469,13876700
2025-08-28,67.94969768687066,69.16237634960078,67.93975558436898,69.01327514648438,15256000
2025-08-29,68.69520006307864,69.04309783459044,68.4168818458692,68.6753158569336,14953000
2025-09-02,67.70120335480051,67.90994202158662,66.97558148907501,67.39306640625,18928800
2025-09-03,67.64156379767479,67.72107787045043,66.92588405747622,67.26383972167969,14320100
2025-09-04,67.69125718753921,67.99940170119233,67.00540377601965,67.58191680908203,14388500
2025-09-05,67.3135445333399,67.69126103628463,66.0809891594546,66.49846649169922,21050800
2025-09-08,66.31954094001631,66.60780124034721,65.95175898781437,66.47857666015625,14038000
2025-09-09,66.33941668981379,67.03521975914275,66.24001841808166,66.9358139038086,11649400
2025-09-10,67.18431716735711,67.90993900080537,66.71714450548495,67.72107696533203,14689500
2025-09-11,67.8999957833997,68.158437367131,67.10480199410682,67.28372192382812,17560800
2025-09-12,66.47858167259011,66.93581982992077,65.73308319319395,66.13068389892578,18529200
2025-09-15,66.11080334078775,66.79665674415462,65.95176003452156,66.61773681640625,16203100
2025-09-16,66.61773833964585,66.97557820332473,66.15056567991184,66.52828216552734,18019300
2025-09-17,66.5978579112043,67.4725733148667,65.98157649595913,67.31353759765625,18652100
2025-09-18,67.49245933593333,68.34729814180447,67.07498203546665,68.26777648925781,20279000
2025-09-19,68.50633576739355,68.50633576739355,66.77678148624365,67.80059814453125,47822500
2025-09-22,67.4527012817235,67.59186038759802,66.8960648582255,67.3433609008789,20396700
2025-09-23,67.17438149347814,67.81053955786105,66.6674404290597,67.1346206665039,22240000
2025-09-24,67.29365580863868,67.45269911515967,66.48851992428231,66.91593933105469,17433100
2025-09-25,66.91593897409545,67.8304152309062,66.70720032310183,67.44275665283203,22351700
2025-09-26,67.46264376493426,67.50240459306578,66.44876160658694,66.81654357910156,15077400
2025-09-29,67.31353759765625,67.54215286307164,67.03521940483648,67.31353759765625,14358300
2025-09-30,67.3036007396654,68.3572361470387,67.28372411731608,68.00933837890625,20498900
2025-10-01,67.49245985745198,68.40693611799824,67.2837212056057,68.33735656738281,15530700
2025-10-02,68.76477479670581,69.07291171792859,67.8502985518109,67.89999389648438,15708300
2025-10-03,67.94999694824219,68.58000183105469,67.6500015258789,67.91999816894531,11113200
2025-10-06,68.44000244140625,68.94999694824219,67.80999755859375,68.91000366210938,21952700
2025-10-07,68.91999816894531,69.22000122070312,68.44000244140625,68.98999786376953,16493200
2025-10-08,69.80999755859375,70.76000213623047,69.0,70.33000183105469,34246300
2025-10-09,70.30999755859375,70.62000274658203,69.02999877929688,69.95999908447266,21209500
2025-10-10,70.41000366210938,70.80999755859375,67.88999938964844,67.94000244140625,20961500
2025-10-13,68.55000305175781,68.88999938964844,67.12999725341797,67.45999908447266,14127900
2025-10-14,67.11000061035156,69.16000366210938,66.80999755859375,68.66000366210938,15402000
2025-10-15,69.30999755859375,70.30000305175781,68.81999969482422,69.5199966430664,16260500
2025-10-16,69.77999877929688,70.06999969482422,68.56999969482422,69.08999633789062,13950600
2025-10-17,69.05999755859375,70.7699966430664,68.94999694824219,70.12999725341797,16286900
2025-10-20,70.12000274658203,70.97000122070312,70.12000274658203,70.6500015258789,12183500
2025-10-21,70.58000183105469,71.23999786376953,70.37999725341797,70.72000122070312,15763300
2025-10-22,70.86000061035156,70.97000122070312,69.8499984741211,70.66000366210938,14967200
2025-10-23,70.5999984741211,71.23999786376953,70.2300033569336,70.2699966430664,14614100
2025-10-24,70.63999938964844,70.94000244140625,70.05999755859375,70.62999725341797,13075600
2025-10-27,70.54000091552734,71.45999908447266,70.43000030517578,71.38999938964844,15986800
2025-10-28,71.19999694824219,72.68000030517578,71.02999877929688,72.62000274658203,19896800
2025-10-29,72.68000030517578,72.81999969482422,70.91999816894531,71.33000183105469,18020600
2025-10-30,71.37000274658203,73.11000061035156,71.33999633789062,72.91000366210938,18101800
2025-10-31,72.72000122070312,73.4800033569336,72.43000030517578,73.11000061035156,24008000
2025-11-03,74.61000061035156,74.83999633789062,73.62000274658203,74.44999694824219,21733400
2025-11-04,73.9000015258789,73.98999786376953,71.9800033569336,72.31999969482422,22345000
2025-11-05,72.22000122070312,72.58000183105469,71.33999633789062,72.0999984741211,16113500
2025-11-06,71.70999908447266,72.2300033569336,70.69000244140625,71.04000091552734,16469900
2025-11-07,71.38999938964844,71.58999633789062,70.54000091552734,71.06999969482422,16913700
2025-11-10,71.76000213623047,72.5,71.1500015258789,72.08999633789062,22201200
2025-11-11,71.73999786376953,72.25,71.0999984741211,71.70999908447266,21412900
2025-11-12,71.91000366210938,74.20999908447266,71.72000122070312,73.95999908447266,57591600
2025-11-13,77.94999694824219,79.5,76.6500015258789,77.37999725341797,57638500
2025-11-14,76.58000183105469,78.66999816894531,75.83999633789062,78.0,38819600
2025-11-17,77.88999938964844,79.38999938964844,77.47000122070312,77.77999877929688,28720100
2025-11-18,77.55000305175781,78.19999694824219,76.44999694824219,77.37000274658203,26025500
2025-11-19,77.30000305175781,78.93000030517578,77.16000366210938,78.38999938964844,24759700
2025-11-20,79.12000274658203,80.05999755859375,75.31999969482422,75.44000244140625,27381900
2025-11-21,75.63999938964844,76.94000244140625,75.47000122070312,76.0999984741211,24428800
2025-11-24,76.48999786376953,76.87999725341797,75.68000030517578,76.23999786376953,26691500
2025-11-25,76.48999786376953,77.05999755859375,76.08000183105469,76.31999969482422,18818800
2025-11-26,76.45999908447266,76.5999984741211,75.33999633789062,76.06999969482422,15972600
2025-11-28,76.13999938964844,76.95999908447266,75.80999755859375,76.94000244140625,7320900
2025-12-01,76.66999816894531,76.81999969482422,75.93000030517578,76.04000091552734,15529600
2025-12-02,76.16000366210938,77.0,75.76000213623047,76.87000274658203,14619100
2025-12-03,76.58999633789062,77.81999969482422,75.6500015258789,77.75,16088400
2025-12-04,77.69000244140625,77.86000061035156,77.16999816894531,77.76000213623047,12572600
2025-12-05,77.97000122070312,78.19000244140625,77.4000015258789,77.97000122070312,12579400
2025-12-08,78.20999908447266,79.37999725341797,78.12000274658203,78.86000061035156,17454500
2025-12-09,78.79000091552734,79.87999725341797,78.51000213623047,79.51000213623047,15737500
2025-12-10,78.83000183105469,80.81999969482422,78.80000305175781,80.25,21302700
2025-12-11,80.23999786376953,80.37000274658203,78.83000183105469,79.2699966430664,18652300
2025-12-12,79.45999908447266,79.55999755859375,77.72000122070312,77.80000305175781,16672300
2025-12-15,78.20999908447266,78.70999908447266,77.54000091552734,78.25,17638500
2025-12-16,78.1050033569336,78.60800170898438,77.37999725341797,77.5999984741211,7226267
