Date,Open,High,Low,Close,Volume
2015-12-16,38.04107237726127,38.781976261495615,37.56864397393786,38.53831481933594,53120000
2015-12-17,38.765099937068044,38.78643834356853,38.176548370547955,38.202850341796875,36510000
2015-12-18,38.07382481057931,38.41673482621627,37.54581282340079,37.5587158203125,67794000
2015-12-21,37.86639345604841,38.03015702496206,37.424730826741204,37.754737854003906,34848000
2015-12-22,37.92693371449257,38.22815506908267,37.77458522169027,38.0688591003418,36338000
2015-12-23,38.24552811525875,38.30557551334191,37.59841706950993,38.13734436035156,30594000
2015-12-24,38.13783866678994,38.17158409148472,37.93289001542925,38.004844665527344,10412000
2015-12-28,38.211281241660956,38.84747311084293,38.098633701973924,38.81869125366211,31156000
2015-12-29,39.0544170123401,39.63503297706872,39.01521582751535,39.400306701660156,38430000
2015-12-30,39.40029999755864,39.524362601940304,39.06483347347303,39.21866989135742,28566000
2015-12-31,39.09560689873998,39.120916916827916,38.574546129951344,38.608787536621094,32752000
2016-01-04,37.824210024536455,37.824210024536455,37.09670516636444,37.6872444152832,67382000
2016-01-05,37.91850429630336,38.17158933715828,37.49917199841078,37.79096603393555,45216000
2016-01-06,37.237143339296075,37.999381728755125,37.11953223427161,37.68178176879883,48206000
2016-01-07,37.04459903227423,37.4822899992494,36.48830121505529,36.77215576171875,63132000
2016-01-08,37.1096110029378,37.22474223719677,36.17268983635346,36.271446228027344,47506000
2016-01-11,36.32305178332868,36.478379931981,35.708198259104066,36.378631591796875,50896000
2016-01-12,36.759754768498375,37.13641023577878,36.54537494336249,36.98753356933594,46816000
2016-01-13,37.186034736953346,37.367664876802756,35.57024471374164,35.70869827270508,51728000
2016-01-14,35.95037125256661,36.71707736447285,34.985660161842596,36.295265197753906,55558000
2016-01-15,35.23328456634881,35.93647133507565,34.8124644135605,35.25809860229492,76676000
2016-01-19,35.73747568151615,35.99552803448234,35.22633832625563,35.68437576293945,48724000
2016-01-20,35.03032062799834,36.07492958595087,34.13111648772049,35.65857696533203,82440000
2016-01-21,35.738467791993244,36.606906079066235,35.288865762887305,36.061031341552734,51938000
2016-01-22,36.82178530689106,37.147328540145075,36.74735076132707,36.99348831176758,47146000
2016-01-25,36.9130952923349,37.340862943566755,36.3503459419092,36.40592575073242,45340000
2016-01-26,36.48483436914604,36.695738557165015,36.075921418373206,36.414363861083984,30940000
2016-01-27,36.518578776715614,36.518578776715614,35.404994735783035,35.609947204589844,42428000
2016-01-28,36.6327123068158,37.27634769042169,36.25605688032963,37.134422302246094,62104000
2016-01-29,37.167174692399655,37.9686180905342,36.93095672738148,37.78202819824219,75808000
2016-02-01,38.27381836643598,38.587946559381024,37.78352335434484,38.24950408935547,111522000
2016-02-02,39.72484756560836,40.21365453133636,38.737306505559275,38.75269317626953,135846000
2016-02-03,39.01918042516304,39.274749109661,36.5369361647275,37.188018798828125,131114000
2016-02-04,36.95031696053088,36.982574455595035,35.85906331852879,36.22777557373047,104922000
2016-02-05,36.002972136236856,36.06351172363947,34.74447943373265,34.92412185668945,109556000
2016-02-08,34.12615145810582,34.96184010303973,33.84477677313804,34.943973541259766,89410000
2016-02-09,34.387673262133276,35.777671983621644,34.16684196822003,34.78814697265625,84300000
2016-02-10,35.32260675498803,35.889819827203176,35.005006809883476,35.077457427978516,60314000
2016-02-11,34.55590773437024,35.34891580034356,34.300339036527134,35.05315017700195,65004000
2016-02-12,35.343456625432225,35.531534471514185,34.81594059566735,35.07945251464844,46538000
2016-02-16,35.663042941697135,35.87295897353915,35.242718686177405,35.61292266845703,43444000
2016-02-17,36.07740977275679,36.41287635201058,35.56180856331581,36.32404708862305,49154000
2016-02-18,36.422806269133254,36.52403877387243,35.509207334150055,35.60647201538086,47276000
2016-02-19,35.526567072377865,35.93002043559576,35.38860951106208,35.834739685058594,34918000
2016-02-22,36.201960705760456,36.4669605060789,35.901235359804524,36.179134368896484,37516000
2016-02-23,36.03274551987704,36.27094361594726,35.51515666338139,35.59554672241211,41332000
2016-02-24,35.26405492416314,35.79057900104926,34.83777895976725,35.774696350097656,37092000
2016-02-25,35.875432714687015,36.20196408081207,35.394069181854505,36.182613372802734,36146000
2016-02-26,36.40493364962283,36.53197213039984,35.82630543787013,35.97121047973633,42474000
2016-02-29,35.77965720290548,36.25605718743341,35.573216831001,35.59207534790039,45068000
2016-03-01,35.794541843770894,36.83815870012453,35.662539806016646,36.83021926879883,60112000
2016-03-02,36.86496273082786,36.87736596464534,36.38756695594572,36.69673156738281,36292000
2016-03-03,36.69673343742424,36.77216373044568,36.20792635963346,36.30519104003906,40534000
2016-03-04,36.46448832473148,36.47441166882942,36.00892694411916,36.237205505371094,48516000
2016-03-07,35.985607604293115,36.087835851593816,34.99261054637706,35.372737884521484,61690000
2016-03-08,35.153889509370174,35.84169352675015,34.93603783013441,35.40896224975586,52530000
2016-03-09,35.49034690094924,36.039697336594756,35.36578829544877,35.99850845336914,39544000
2016-03-10,36.11661725512179,36.55083647206295,35.89330602941707,36.33397674560547,44616000
2016-03-11,36.72005687114784,36.96569844394858,36.5587731880446,36.964210510253906,35380000
2016-03-14,36.96916962480573,37.43018670484356,36.904158667056194,37.23069381713867,32824000
2016-03-15,37.02127923653466,37.36816088720215,36.86347118063561,37.247074127197266,29832000
2016-03-16,37.171641552241276,37.66541214221778,37.04509904299183,37.58402633666992,29306000
2016-03-17,37.59841759481661,37.980032823502285,37.584026663965226,37.63960647583008,44564000
2016-03-18,37.7959236914242,37.82122991989948,37.30910061096213,37.48725509643555,56222000
2016-03-21,37.412818569052284,37.880783155524995,37.28180847539839,37.822227478027344,28774000
2016-03-22,37.63762376372678,37.96316321303674,37.60983385690874,37.7175178527832,22096000
2016-03-23,37.88127856302047,37.982514838530285,37.518022104148095,37.59394836425781,24678000
2016-03-24,37.27833474197719,37.5939470259952,37.243597362316855,37.45896911621094,31116000
2016-03-28,37.524970793595514,37.630674659384916,37.32002213272256,37.38155746459961,21676000
2016-03-29,37.40140208535203,38.07134322257798,37.13392615162235,38.00732421875,40062000
2016-03-30,38.1224547519491,38.574044471150266,38.091193003471254,38.12890625,40396000
2016-03-31,38.12891120788648,38.16563250350385,37.628193114475955,37.858951568603516,32554000
2016-04-01,37.57410288152156,38.213270710505526,37.476834425802885,38.19491195678711,31674000
2016-04-04,38.18697170039065,38.33237652432182,37.80386851280769,37.969120025634766,26924000
2016-04-05,37.62223528895822,37.85745750617435,37.49668096293258,37.64406967163086,24478000
2016-04-06,37.60784350560307,38.13287961678415,37.531421267245825,38.115509033203125,25312000
2016-04-07,37.97904163283596,38.17952649911455,37.590974897734576,37.72099304199219,25498000
2016-04-08,38.006335978479505,38.068863268773214,37.505125700328605,37.68873596191406,23434000
2016-04-11,37.98549084155288,38.07332814288153,37.58303319957296,37.59295654296875,31774000
2016-04-12,37.637130451003294,37.9591942917217,37.296700282284824,37.929420471191406,27388000
2016-04-13,38.22666653316887,38.496626134826585,37.94281197985296,38.306068420410156,35426000
2016-04-14,38.477275646798326,38.688179812068626,38.37107581131081,38.478763580322266,26992000
2016-04-15,38.48422739645302,38.75369105173666,38.4559377259045,38.70753860473633,31712000
2016-04-18,38.71696171203582,39.131830139325714,38.58893127921475,39.088653564453125,33540000
2016-04-19,39.22860084163421,39.250931203936716,38.22468484675957,38.52144241333008,43952000
2016-04-20,38.66585251141412,38.690666549805485,38.27431015647353,38.455440521240234,34262000
2016-04-21,38.5740486148809,38.79090832442027,38.288206330743826,38.70753860473633,77628000
2016-04-22,36.91656680205609,37.413313231947384,36.2446455376091,36.61186981201172,140798000
2016-04-25,36.491780385407644,36.964704754411734,36.47937336635226,36.83220672607422,49442000
2016-04-26,36.94187751942796,36.99993721811807,35.74591208995123,35.99652099609375,55864000
2016-04-27,35.99403609268807,36.084849257687694,35.18812509815023,35.802486419677734,66262000
2016-04-28,35.893303492597134,36.18956510082308,34.8963349082586,34.9886360168457,62590000
2016-04-29,34.94199587654074,35.33849807689551,34.925121267494454,35.12858581542969,58278000
2016-05-02,35.32906245557149,35.50225337679018,35.05314732845683,35.45262908935547,33476000
2016-05-03,35.357845062793025,35.40101785302601,35.101284424597104,35.156368255615234,38620000
2016-05-04,35.073494500818576,35.484387546774165,34.93851280156946,35.3017692565918,34172000
2016-05-05,35.48190496706447,35.60844746094753,35.20648583300938,35.46751403808594,29668000
2016-05-06,35.34295592366291,36.0272841703002,35.330548905802516,35.98708724975586,39952000
2016-05-09,36.062522320480696,36.439177776356786,35.903722314592194,36.18311309814453,38074000
2016-05-10,36.47242148241552,36.72253060043532,36.30617804821735,36.69176483154297,32634000
2016-05-11,36.74834072172119,36.76223567428409,36.12207211455834,36.253578186035156,29834000
2016-05-12,36.32553757674062,36.492776793272625,35.94193839760929,36.13051223754883,27094000
2016-05-13,36.05854817959171,36.290294756073784,35.90421200178227,35.96971893310547,25244000
2016-05-16,35.944415208614586,36.3592798926027,35.73003539002786,36.241172790527344,22538000
2016-05-17,36.278887020581564,36.516589140023775,35.630784049934775,35.73945999145508,33404000
2016-05-18,35.655595396902456,36.00644484152183,35.48290044592236,35.81836700439453,32536000
2016-05-19,35.645668412171524,35.75484410984032,35.24916254139331,35.49728775024414,30598000
2016-05-20,35.55436334493607,36.11214536480229,35.48240490592018,35.81489181518555,34798000
2016-05-23,35.72904458549902,35.90372346173018,35.578184007171274,35.59356689453125,24816000
2016-05-24,35.72258945308347,36.434707647390326,35.712662323731934,36.37664794921875,37884000
2016-05-25,36.47440607316776,36.717071742392676,36.35530703180964,36.62824249267578,32216000
2016-05-26,36.52403416988524,36.77712297201267,36.375161299173726,36.570186614990234,27202000
2016-05-27,36.59897138235444,37.11507237120219,36.57415734222013,37.09968948364258,34802000
2016-05-31,37.15724887437336,37.391479150204965,36.99894485773948,37.16171646118164,42484000
2016-06-01,37.142860479844515,37.286773576253076,36.93790802797835,37.142364501953125,20788000
2016-06-02,37.02525762106609,37.084809056142994,36.5736677571057,36.934444427490234,33916000
2016-06-03,36.79647679788827,36.79647679788827,36.420317339719354,36.517086029052734,24608000
2016-06-06,36.648095758086136,36.648095758086136,36.14142597629198,36.2292594909668,29992000
2016-06-07,36.388560188496065,36.55926744362353,36.26598550377393,36.28037643432617,24314000
2016-06-08,36.69772012136151,36.911603949159,36.512621940075825,36.86793518066406,32314000
2016-06-09,36.5771320009363,36.91755832287654,36.548846119256766,36.84758758544922,19180000
2016-06-10,36.521555770108435,36.70467005218769,36.25159613700398,36.38459014892578,29050000
2016-06-13,36.21734804431305,36.67290555095189,36.21734804431305,36.319576263427734,23354000
2016-06-14,36.19204051909414,36.52403142556194,36.052595024595355,36.3875617980957,26584000
2016-06-15,36.470442478402624,36.581106134974924,36.29129600613086,36.33496856689453,23234000
2016-06-16,36.125047080754804,36.24563784997621,35.50870561856141,35.940940856933594,45002000
2016-06-17,35.799004489930994,35.799004489930994,34.793104803804624,34.94843292236328,82262000
2016-06-20,35.24916511436183,35.525080245589145,35.006003452044006,35.04173278808594,45654000
2016-06-21,35.23626328248936,35.50076714569355,34.96878733814499,35.17820358276367,30318000
2016-06-22,35.43476530285658,35.44270473513689,35.02932798994833,35.25710678100586,29058000
2016-06-23,35.261076433756514,35.4759522156523,34.749939067948674,35.47545623779297,42500000
2016-06-24,34.24971574700766,34.98565599713085,33.98868753111872,34.00307846069336,95436000
2016-06-27,33.86859627887684,33.91028113376816,33.38078125220872,33.80160140991211,58146000
2016-06-28,34.30926966236989,34.37725649246694,33.98571414010763,34.303810119628906,38246000
2016-06-29,34.45268785675434,34.71272035796615,34.37427791659481,34.498836517333984,43124000
2016-06-30,34.6209180565255,34.92462313975083,34.484448403029226,34.91271209716797,42250000
2016-07-01,34.9906166504517,35.359328818553394,34.922629830964276,35.246185302734375,30984000
2016-07-05,34.9861534269257,35.140485835922306,34.69435942841312,34.98019790649414,28440000
2016-07-06,34.729592921749656,35.3826594689489,34.68790806465761,35.18267059326172,28902000
2016-07-07,35.23924203564414,35.24221790279893,34.770781482468266,35.097808837890625,21174000
2016-07-08,35.26157252518358,35.62582093790213,35.13998979962691,35.61986541748047,29946000
2016-07-11,35.70125088593832,36.17318328142322,35.67395695948042,36.08733367919922,28822000
2016-07-12,36.321567496176115,36.50418580345068,36.10222410741208,36.35084533691406,26468000
2016-07-13,36.500214816525784,36.500214816525784,36.17765126018955,36.200477600097656,20436000
2016-07-14,36.421805675635575,36.530981385031104,36.25556222217988,36.51411056518555,21408000
2016-07-15,36.77215642408673,36.77215642408673,36.45654036036793,36.505672454833984,32342000
2016-07-18,36.618815969382744,37.473855255432206,36.549341211486535,37.37758255004883,38698000
2016-07-19,37.212329717166064,37.54580854299281,37.1438469174209,37.388004302978516,30436000
2016-07-20,37.419764810599816,37.74679594911789,37.419764810599816,37.57012939453125,22502000
2016-07-21,37.56615610793469,37.623227633478145,37.29421259823522,37.43762969970703,19062000
2016-07-22,37.58204516795567,37.68774525565149,37.35079073151822,37.6793098449707,20920000
2016-07-25,37.59990415364283,37.706103994637665,37.42075770528802,37.59196472167969,21466000
2016-07-26,37.59196769058156,37.67831706544286,37.35525750223135,37.598419189453125,23792000
2016-07-27,37.66392467239359,37.93586821198578,37.51306410076188,37.81279754638672,32172000
2016-07-28,38.15372131646958,38.16017281469463,37.66987409395257,38.004844665527344,73464000
2016-07-29,39.58639862865845,39.895559434781816,39.203787663469804,39.270286560058594,101810000
2016-08-01,39.038534655865156,40.07172847201896,38.957644831751125,39.74668502807617,60594000
2016-08-02,39.567543903930904,39.815173188166646,39.42859436289503,39.705997467041016,39928000
2016-08-03,39.52486727209333,39.67721579002522,39.35366023462024,39.646446228027344,29206000
2016-08-04,39.612700246767346,39.70996492459635,39.398320415988366,39.56357192993164,21520000
2016-08-05,39.70549527226197,40.05832861288158,39.59135600365888,40.04393768310547,36146000
2016-08-08,39.997792514175806,40.0771944173981,39.7839086539415,39.9595832824707,24426000
2016-08-09,39.92285497117527,40.36154174300593,39.90151656327975,40.07123565673828,32154000
2016-08-10,40.04989066820771,40.23995239644529,40.02210076611082,40.1213493347168,18370000
2016-08-11,40.21961166919068,40.388834781018886,39.99778839867648,40.106964111328125,25646000
2016-08-12,39.952631569363106,40.056843716725176,39.88067312893573,40.049896240234375,17946000
2016-08-15,40.0578389633326,40.263783385546915,39.90003090262271,39.99580764770508,18596000
2016-08-16,39.873721881796804,39.911438914089175,39.551158340317876,39.759090423583984,21158000
2016-08-17,39.70004170771051,39.97943250797475,39.51642765181958,39.96900939941406,21322000
2016-08-18,39.966028045691246,40.09703813505405,39.780926081441116,39.83650588989258,17292000
2016-08-19,39.68961807017925,39.76108053711022,39.54521277475068,39.68267059326172,22416000
2016-08-22,39.62609736558362,39.665302336066844,39.41866502151459,39.548683166503906,17056000
2016-08-23,39.72385653013412,39.74966252422521,39.5010413073855,39.53081512451172,18350000
2016-08-24,39.54421836056489,39.62362026291175,39.24150523352688,39.382442474365234,25672000
2016-08-25,39.30303648492487,39.438018190441454,39.06632630848028,39.2682991027832,24054000
2016-08-26,39.32735348158125,39.67026349279013,39.17450900429268,39.36357879638672,24978000
2016-08-29,39.35513791521097,39.62658542871611,39.21966025431281,39.49259948730469,15474000
2016-08-30,39.346708829907826,39.60078958910476,39.17748572103918,39.299068450927734,23348000
2016-08-31,39.183935449675836,39.281696092613316,39.06483640065046,39.19634246826172,21428000
2016-09-01,39.302043884929844,39.3472043740191,39.02166494298614,39.27326202392578,26070000
2016-09-02,39.465306340879856,39.556119499035155,39.365558009988526,39.54470443725586,26998000
2016-09-06,39.62014215915034,40.240455284688544,39.473253192283245,40.0980339050293,39790000
2016-09-07,40.093562705164736,40.22606072875652,39.88464244456871,40.09654235839844,22906000
2016-09-08,39.95908378895613,40.11788379533845,39.75015972648589,39.840972900390625,23554000
2016-09-09,39.63899447070322,39.786879156307975,39.10701471418403,39.128353118896484,37752000
2016-09-12,38.93184121214883,39.70847057554531,38.88122118363669,39.6414794921875,37274000
2016-09-13,39.402786414339865,39.491119699933996,38.922414779621576,39.1402702331543,36180000
2016-09-14,39.081211071931776,39.517913893274326,39.081211071931776,39.22661209106445,25842000
2016-09-15,39.20428402273063,39.88116889209936,39.13728914761188,39.761077880859375,31144000
2016-09-16,39.65140453409231,39.65140453409231,39.38342883090761,39.59929656982422,42612000
2016-09-19,39.755122278434975,39.89804341636421,39.38045452860479,39.47126770019531,22990000
2016-09-20,39.70004414818987,39.83651380716752,39.613694765132486,39.689125061035156,20984000
2016-09-21,39.76257152694935,39.99333000280301,39.503031185381076,39.94965744018555,26970000
2016-09-22,40.196288436832035,40.645890488382086,40.082648925777185,40.49155807495117,35186000
2016-09-23,40.451363792006376,40.54366490214864,40.33176875253905,40.44243240356445,28234000
2016-09-26,40.187352124257245,40.20025511963341,39.72236345726071,39.831539154052734,29454000
2016-09-27,39.790850811853275,40.36947904221922,39.790850811853275,40.232513427734375,27346000
2016-09-28,39.902506952979145,40.20869567824468,39.83799575392633,40.19926452636719,29406000
2016-09-29,40.05882583846787,40.39032078367266,39.742713779214554,39.83104705810547,27000000
2016-09-30,39.87868580693293,40.101501013469054,39.77447366848317,39.901512145996094,33204000
2016-10-03,39.82658276986311,39.87571108505847,39.512954360042,39.71889877319336,29784000
2016-10-04,39.9481612150694,40.02259953976899,39.683661148855165,39.8384895324707,25174000
2016-10-05,39.997788058157994,40.12185067855309,39.735271886577976,39.761077880859375,24276000
2016-10-06,39.90251049486514,40.044935666611046,39.725351724161364,39.85288619995117,21998000
2016-10-07,39.99431961700133,39.99481559492659,39.54223384507838,39.73527526855469,23262000
2016-10-10,39.89505966071338,40.56251709420887,39.81119397418558,40.403221130371094,29922000
2016-10-11,40.403224407767155,40.685591046230755,40.065773936868496,40.174949645996094,34432000
2016-10-12,40.29355364759973,40.4196001794308,40.124334323432066,40.28412628173828,18158000
2016-10-13,40.001264173264374,40.025578448100006,39.63155619702256,39.90250778198242,27380000
2016-10-14,40.06974741680068,40.20075751665259,39.815170671603966,39.928314208984375,22238000
2016-10-17,39.99729364904683,40.36948152483003,39.89010563074342,40.03947448730469,21128000
2016-10-18,40.40521073222805,41.12973600705416,40.36154196040538,40.766483306884766,45786000
2016-10-19,40.83545394302787,41.17885988641772,40.83545394302787,41.03196716308594,30002000
2016-10-20,41.06770377505458,41.112864265659525,40.71983396978358,40.77342987060547,27878000
2016-10-21,40.69254324482491,40.905435145111376,40.60867754176168,40.894020080566406,32316000
2016-10-24,41.19325388991674,41.58280851450001,41.14114592811114,41.4736328125,28952000
2016-10-25,41.610599508196984,41.610599508196984,40.95554906512244,41.1168327331543,37814000
2016-10-26,41.04587013414104,41.07515176062275,40.51141040816944,40.7967529296875,35898000
2016-10-27,40.84191387983384,41.019072643956065,40.4250614886426,40.56103515625,59470000
2016-10-28,41.18580900892834,41.63541101124851,40.543657815174015,40.67070007324219,87098000
2016-10-31,40.813127187784964,40.823054317799844,40.097041122760764,40.19132614135742,44854000
2016-11-01,40.239460778291196,40.392805020344774,39.613688149406194,39.971981048583984,47118000
2016-11-02,40.03549685451486,40.03549685451486,38.9556547869896,39.12537384033203,47014000
2016-11-03,38.930846978309965,39.20378624508538,38.639548958523115,38.81621551513672,43504000
2016-11-04,38.275792232242736,39.12835157583197,38.26090532592255,38.76211929321289,39412000
2016-11-07,39.44943201577227,39.94816236931584,39.34769976194644,39.800777435302734,39852000
2016-11-08,39.80078119917744,40.49602486381952,39.6811823726047,40.29454803466797,35382000
2016-11-09,39.79084618306013,40.28114107599666,39.30501887654253,39.97743606567383,61970000
2016-11-10,40.19628812436219,40.19926399159507,38.12344893912965,38.721927642822266,118192000
2016-11-11,38.549231127786086,38.57304942295509,37.98995741521665,38.29813003540039,71852000
2016-11-14,38.29862461145487,38.29961656712263,36.90068647707908,37.37857437133789,73766000
2016-11-15,37.98648243293769,38.71944684458934,37.974079200334565,38.467350006103516,58878000
2016-11-16,38.23213067257995,38.881225655855275,38.029165915615934,38.706546783447266,35968000
2016-11-17,38.831603013327566,39.1492030417953,38.700096929013164,39.01322937011719,30674000
2016-11-18,39.063343457485786,39.26779610464316,38.47677588899352,38.50754165649414,36126000
2016-11-21,38.613245261436,39.032577486149826,38.52392003140175,38.945735931396484,32616000
2016-11-22,39.15367057449837,39.39087674663414,38.89313829582923,38.955665588378906,27884000
2016-11-23,39.17997354921387,39.17997354921387,38.34279687622494,38.65791702270508,26260000
2016-11-25,38.8370554509634,38.85144638016897,38.61771209590004,38.71894836425781,12270000
2016-11-28,38.62565344589951,39.68713313158166,38.61324642739143,38.99486541748047,51508000
2016-11-29,39.123390933103416,39.52336866675731,38.972530375237625,39.175994873046875,31240000
2016-11-30,39.15912852164099,39.27872355867141,38.36760837343348,38.503082275390625,45582000
2016-12-01,38.63557920176285,38.638059090940125,37.38552196581087,37.929908752441406,57342000
2016-12-02,37.809320932844344,38.23609659943171,37.665407855870434,37.93635940551758,34376000
2016-12-05,38.21128448861968,38.70753493652383,38.060919906264076,38.61920166015625,33770000
2016-12-06,38.71696414783872,38.969556970569805,38.37604183061883,38.517967224121094,34682000
2016-12-07,38.70506022337349,39.303039215638044,38.38646445520646,39.27674102783203,40588000
2016-12-08,39.35018236538926,39.65041558282734,39.10007320456806,39.460350036621094,32250000
2016-12-09,39.665297202997664,40.193805124916956,39.60326589896358,40.16899108886719,38090000
2016-12-12,39.939227071540486,40.26327853237044,39.92483614266311,40.092071533203125,32572000
2016-12-13,40.314891655608136,40.90592691181696,40.292561292836965,40.46128463745117,42564000
2016-12-14,40.49006894588856,40.903941647693976,40.33424481733955,40.58782958984375,35994000
2016-12-15,40.561526957518716,40.84141369647383,40.29553517063618,40.47666931152344,35394000
2016-12-16,40.60867490748878,40.652839656835134,40.1029932600866,40.188350677490234,51978000
2016-12-19,40.160558692433945,40.50495663942268,39.92334875693545,40.320350646972656,25272000
2016-12-20,40.36352109473915,40.51835326157836,40.2459099826058,40.4543342590332,25438000
2016-12-21,40.48014456958401,40.48014456958401,39.95312830209719,40.30546569824219,29192000
2016-12-22,40.151622805432,40.24938344032839,39.99927053602994,40.18040466308594,22632000
2016-12-23,40.09753171856805,40.24442066269139,39.95361864139527,40.08710861206055,15310000
2016-12-27,40.13077875351724,40.49403519672804,39.987861413183495,40.19281005859375,19520000
2016-12-28,40.36153778224822,40.36153778224822,39.82112258904492,39.926822662353516,24296000
2016-12-29,39.81566642926072,39.98538173439257,39.607738109925165,39.842960357666016,21148000
2016-12-30,39.85933451989293,39.86330612904933,39.184929539720855,39.32537078857422,34718000
2017-01-03,39.730805875367494,40.26774928119872,39.54570767929019,40.097537994384766,39180000
2017-01-04,40.19083262034752,40.36650724309658,39.9040021517086,40.085628509521484,30306000
2017-01-05,40.07222205383123,40.381882593446335,39.993815909791216,40.346153259277344,26810000
2017-01-06,40.443922150518084,41.137185714801205,40.27073120045272,40.95109176635742,40342000
2017-01-09,41.0086502746762,41.210127085503736,40.772932060539,41.04884719848633,28178000
2017-01-10,41.04339145364955,41.159514648926965,40.848366123144025,40.990787506103516,23948000
2017-01-11,41.02105508874969,41.18382290062114,40.765486415377445,41.18183898925781,26508000
2017-01-12,41.108394779089735,41.207647143820246,40.74265842841387,41.16546630859375,26990000
2017-01-13,41.2384113529282,41.419541705821715,41.16496877051085,41.235435485839844,25804000
2017-01-17,41.18879067470525,41.197722062843404,40.85134019002307,41.062744140625,28818000
2017-01-18,41.17886478192362,41.179360759784444,40.89500642973119,41.14015579223633,20554000
2017-01-19,41.13915976444253,41.337660685748496,40.8890506480857,40.909393310546875,21410000
2017-01-20,41.14362936622756,41.15107660663391,40.92081414245824,41.09797668457031,26124000
2017-01-23,41.26868478964659,41.95996053865245,41.12427572846027,41.904876708984375,49148000
2017-01-24,42.03142032387728,42.256719213077204,41.79818200283484,42.15796661376953,33768000
2017-01-25,42.357458610615055,42.61749108882122,42.16838503962544,42.60062026977539,33108000
2017-01-26,42.630392200820424,42.72716088235843,42.20709216284259,42.52766799926758,69866000
2017-01-27,42.62791386592172,43.024911949179725,41.77932606162762,41.93465042114258,75050000
2017-01-30,41.5391410720008,41.54757648162101,40.74364938443711,40.88260269165039,70338000
2017-01-31,40.667727740416986,40.844890292997185,40.36501462672483,40.701969146728516,40404000
2017-02-01,40.891036827172215,40.891036827172215,40.307941048389026,40.456321716308594,45020000
2017-02-02,40.444410059881044,40.91882610719877,40.298017091638854,40.60618591308594,33784000
2017-02-03,40.84786652297752,40.996739391700366,40.660280877807196,40.69898986816406,30562000
2017-02-06,40.738196577165525,40.81114318799051,40.40918150334489,40.77293395996094,27018000
2017-02-07,40.965475556248926,41.28406749235418,40.8558038752445,41.15057373046875,33332000
2017-02-08,41.215088300547556,41.39969428117468,40.946120654169825,41.182830810546875,26044000
2017-02-09,41.27464239144694,41.28704941155029,41.01510585556502,41.191768646240234,23884000
2017-02-10,41.33518126306503,41.54360554813792,41.21409830101388,41.42947006225586,28302000
2017-02-13,41.570903218410955,41.7713918757338,41.498948560926706,41.6334342956543,25914000
2017-02-14,41.67362425540763,41.784287897768046,41.47810296426607,41.686527252197266,27266000
2017-02-15,41.62598247577518,41.77287521421095,41.49745606225699,41.55204391479492,27144000
2017-02-16,41.61060611377529,41.818534449434665,41.54907077555952,41.79273223876953,20102000
2017-02-17,41.75004597303008,42.02943673981585,41.674119712939536,42.01008224487305,29224000
2017-02-21,42.081542255291,42.29046250632525,42.01007980012941,42.14506149291992,25206000
2017-02-22,42.08204367146442,42.36937010447496,42.01802466163737,42.248783111572266,24488000
2017-02-23,42.234882863664524,42.31130509746699,41.8090991424148,42.23091125488281,27734000
2017-02-24,42.064669515959515,42.09990287422303,41.83192717418725,42.072608947753906,26924000
2017-02-27,41.93068290579729,42.21453746500001,41.834410197870355,42.164913177490234,20206000
2017-02-28,42.04978228999186,42.12322865919275,41.756496577131536,41.9296875,27662000
2017-03-01,42.24977806116953,42.57829718567798,42.13266290525827,42.516265869140625,36374000
2017-03-02,42.49441922527507,42.50335439848353,42.11776759972527,42.17384338378906,25018000
2017-03-03,42.1286878993732,42.22198474867026,41.91877566759099,42.13563537597656,20100000
2017-03-06,42.02546424922019,42.12868443399256,41.74309762117766,42.04581069946289,20958000
2017-03-07,42.04531993935258,42.3465451214604,41.95897434913689,42.23836135864258,20774000
2017-03-08,42.33611722477396,42.525190799363294,42.243320146074254,42.36192321777344,20576000
2017-03-09,42.364406227644714,42.71277198330302,42.31378619815778,42.57034683227539,26954000
2017-03-10,42.81152421968965,42.887450477189084,42.55893519659828,42.74750900268555,26732000
2017-03-13,42.71872937663826,43.03136581030742,42.71823339876589,42.904823303222656,23332000
2017-03-14,42.86363339999027,43.0536989311068,42.68399097612587,42.9708251953125,21234000
2017-03-15,43.07156078228258,43.16783349042689,42.74204975761626,43.09389114379883,26658000
2017-03-16,43.200091949022436,43.308275700168785,43.05071931886995,43.173789978027344,22090000
2017-03-17,43.35640808375141,43.393133161851445,43.09289996924788,43.29140090942383,37366000
2017-03-20,43.14798998547448,43.19066680399866,42.90929587406062,43.0700798034668,30844000
2017-03-21,43.176769443714015,43.34599256068178,42.066657315561955,42.18824005126953,50760000
2017-03-22,42.15548499471337,42.44678681434154,42.03241432992479,42.17136764526367,27334000
2017-03-23,41.754016754607136,41.76890366239411,41.33766417006349,41.667667388916016,65754000
2017-03-24,41.78428926311717,41.88354163163041,41.14412947013777,41.44386291503906,42114000
2017-03-27,41.09399878344672,41.75351675190468,40.9059209706443,41.61109161376953,38692000
2017-03-28,41.669660167196625,41.95301878582398,41.30144010609161,41.71630859375,30384000
2017-03-29,41.82150967990313,42.26019264790651,41.75352284968886,42.17483901977539,29146000
2017-03-30,42.27954586125871,42.28053781698494,42.02100130922451,42.15548324584961,18988000
2017-03-31,42.023980492651866,42.159458181784736,41.94507835919382,42.07211685180664,28820000
2017-04-03,42.1192639288651,42.62792148168965,42.05872054612897,42.516265869140625,39388000
2017-04-04,42.08203962767055,42.3301648523948,42.05772156861287,42.3088264465332,26970000
2017-04-05,42.4150196006081,42.7068135728249,42.05821467345507,42.127193450927734,37104000
2017-04-06,42.15647322871163,42.35944174794427,41.88353775923895,41.93812561035156,30672000
2017-04-07,41.93316250320609,41.9768312701363,41.55105132734069,41.789249420166016,22232000
2017-04-10,41.76146211818289,42.01951448525901,41.72424484701357,41.76940155029297,20924000
2017-04-11,41.769401971392014,41.9148029984923,41.41706458510465,41.67908477783203,19486000
2017-04-12,41.60861541652074,41.8696436369159,41.56544262705152,41.75749206542969,22716000
2017-04-13,41.73665035748687,41.870144135285976,41.578350112342136,41.693973541259766,21474000
2017-04-17,41.75352665661129,42.46118114272395,41.73615607101999,42.43587112426758,20982000
2017-04-18,42.30734071824727,42.548022523201205,42.24332549159694,42.37929916381836,18724000
2017-04-19,42.54801752336051,42.68746302464382,42.35646405774925,42.50434875488281,21606000
2017-04-20,42.66463631982733,42.872564625316954,42.553476702041586,42.68151092529297,23776000
2017-04-21,42.708308617818545,42.79862960082511,42.56489528300526,42.62543487548828,23458000
2017-04-24,43.096374823312495,43.66805555194461,42.980747620740054,43.616939544677734,33930000
2017-04-25,43.78219134157877,44.277945815648785,43.634310433362856,44.108726501464844,40760000
2017-04-26,44.23527086405299,44.31467275702346,43.92561029643131,44.12361526489258,26466000
2017-04-27,44.166284714798905,44.334016074510885,44.02634325577507,44.23774337768555,46846000
2017-04-28,46.10166798930321,46.444078228433774,45.814833772687244,45.87934875488281,76918000
2017-05-01,45.86098553034263,46.4401097113339,45.69474208486865,46.29123306274414,46556000
2017-05-02,46.31356990747987,46.795925430806086,46.20091856573446,46.503135681152344,35026000
2017-05-03,46.45152971264238,47.153720838295705,46.40984485237989,47.06687927246094,36496000
2017-05-04,47.15818949939638,47.59737226194874,47.01328444098065,47.378028869628906,38752000
2017-05-05,47.477275880911044,47.56263329824186,47.04950819673691,47.157691955566406,32310000
2017-05-08,47.017249327736685,47.68917057626963,47.01476565243741,47.575035095214844,37534000
2017-05-09,47.70605045305425,47.74922324660206,47.3621484661799,47.47677993774414,33758000
2017-05-10,47.45246260358555,47.476776877223294,47.13585456579633,47.38397979736328,22920000
2017-05-11,47.207806188550954,47.54029685494925,47.07481219364583,47.43608093261719,20622000
2017-05-12,47.5333542891766,47.539802001668946,47.246024078515006,47.398868560791016,24298000
2017-05-15,47.40630831442589,47.77402856059207,47.283733637007025,47.60133361816406,26754000
2017-05-16,47.81621240764918,47.93282777685968,47.65741241963593,47.868812561035156,22030000
2017-05-17,47.62515616874931,47.68917138623922,46.650518046111664,46.75522994995117,48982000
2017-05-18,46.80634888840853,47.35123174727121,46.710572144308465,47.16861343383789,36010000
2017-05-19,47.28373669498251,47.61821130278275,47.243043792492934,47.374549865722656,27206000
2017-05-22,47.49116489337226,47.879235366849606,47.469330510397356,47.84201431274414,27748000
2017-05-23,48.134315451162074,48.36010655528015,47.86336006847492,48.16359329223633,30908000
2017-05-24,48.39732736133703,48.53925276477097,48.217188942461085,48.513946533203125,22660000
2017-05-25,48.58292396167472,49.415632984536856,48.52436449538357,49.221099853515625,39082000
2017-05-26,49.228041984179605,49.44589741082595,48.99778332544321,49.29106903076172,32728000
2017-05-30,49.252867580827726,49.50694837988106,49.19629580506807,49.43498992919922,30324000
2017-05-31,49.43696813545812,49.60519549656907,48.7159147636656,48.9843864440918,34482000
2017-06-01,49.17643570727521,49.28461945806462,48.69656009093499,49.04393768310547,26128000
2017-06-02,49.058826951613746,49.45036930865034,48.98339666636543,49.43250274658203,34710000
2017-06-05,49.52034286470422,49.99227531263532,49.39925610468423,49.817596435546875,27578000
2017-06-06,49.789304046112,50.0523161762549,49.36699594712542,49.460289001464844,31042000
2017-06-07,49.57988315554893,49.81907698658337,49.42009121166414,49.69948196411133,27482000
2017-06-08,49.83496062990177,49.902947461120334,49.4573170101493,49.83744430541992,33758000
2017-06-09,49.89748525350799,49.89798123132935,47.31102527863679,48.14224624633789,72958000
2017-06-12,47.57652177009396,48.037042863135326,46.488740167416154,47.729862213134766,84042000
2017-06-13,48.237528343240285,48.52882634832214,47.73978618989683,48.16110610961914,40108000
2017-06-14,48.40923280364804,48.6176570835201,47.615725034402175,48.0335693359375,30110000
2017-06-15,47.04554067148325,47.67379322634323,46.66590934347437,47.64897918701172,48552000
2017-06-16,47.5363265484606,47.63756282047895,47.07928106997453,47.57155990600586,51184000
2017-06-19,48.11892506137631,48.59780873424229,48.046970409023714,48.39533996582031,29376000
2017-06-20,48.399798551951875,48.67174584015656,48.04696523232204,48.0861701965332,25946000
2017-06-21,48.1755015253506,48.610216673197506,48.10900262833196,48.56257629394531,23232000
2017-06-22,48.477216464930635,48.65735865136736,48.30055369567204,48.464813232421875,20190000
2017-06-23,48.40923276139795,48.96106301777214,48.35762077628013,48.93476104736328,31280000
2017-06-26,49.128797921229555,49.32680289418331,48.15267179552754,48.240013122558594,30358000
2017-06-27,47.719448391080846,47.99833940653162,46.999386939253284,47.04901123046875,48872000
2017-06-28,47.17654164678567,47.80082247159869,46.45697629236426,47.69015884399414,54912000
2017-06-29,47.21079687735347,47.226179765946554,46.13145042254263,46.53936767578125,64134000
2017-06-30,46.84554841383085,46.89566868069941,46.13193849239863,46.135414123535156,45754000
2017-07-03,46.31108282492581,46.361702853437265,45.42229810592332,45.62824249267578,33896000
2017-07-05,45.86346903704223,46.463435693270874,45.587057909915366,46.26344680786133,41882000
2017-07-06,45.90316925530482,46.455991500775355,45.647600561797674,46.036659240722656,40298000
2017-07-07,46.20042502670777,46.87880164410643,46.14087360344202,46.687744140625,33266000
2017-07-10,46.74430676979722,47.29911663104092,46.74430676979722,47.19341278076172,29030000
2017-07-11,47.169604681257134,47.38646439846364,46.90162895018833,47.318973541259766,29224000
2017-07-12,47.68271786221216,48.117928942045616,47.493152107047464,48.02016830444336,32042000
2017-07-13,48.17598849216384,48.56802675233484,47.87823901709814,48.079219818115234,30492000
2017-07-14,48.33479701526849,48.510467835780986,48.14373952231558,48.47920608520508,21592000
2017-07-17,48.44992298688496,48.798784700658935,48.175991785220425,48.43205642700195,33210000
2017-07-18,48.30303115542886,49.1709734305983,48.23752800682058,48.97743606567383,28266000
2017-07-19,49.129292625079735,49.406695699521066,48.98041596928831,49.266258239746094,28242000
2017-07-20,49.47617043256222,49.559540148205805,48.86181286451785,49.23747634887695,28368000
2017-07-21,49.079173018907035,49.38238209117647,48.83948319000982,49.319358825683594,29266000
2017-07-24,49.33226699455003,49.932233703465144,49.142201436296226,49.54118728637695,79690000
2017-07-25,48.171039031252256,48.47027652729189,47.828624952328425,48.088165283203125,118672000
2017-07-26,48.27424908190502,48.33230877668775,47.65145615766079,47.90354919433594,44432000
2017-07-27,48.09560581973222,48.11248042673303,46.50165020583,47.26835632324219,74358000
2017-07-28,47.04405335719762,47.72887769032853,46.9110555566004,47.55717468261719,36276000
2017-07-31,47.640044290025756,47.69909973051806,46.73339297067391,46.92048263549805,45670000
2017-08-01,47.0351148046934,47.36660975438522,46.89368538985332,46.97308349609375,28052000
2017-08-02,47.062905308119326,47.09913440965353,46.276348759406865,47.02667999267578,40788000
2017-08-03,47.09913648469887,47.14379721210253,46.619756808457645,46.66243362426758,22478000
2017-08-04,46.84356635978719,47.021720872676646,46.63762572491079,46.934879302978516,25092000
2017-08-07,47.02072151411599,47.09218397084506,46.82122862365179,46.932884216308594,28916000
2017-08-08,46.86043612951046,47.267361364108034,46.77061491545383,46.855472564697266,30102000
2017-08-09,46.57062232617494,46.83413042679429,46.34581942696124,46.651512145996094,28018000
2017-08-10,46.39941976819309,46.46393096744499,45.743377331854624,45.83319854736328,54148000
2017-08-11,45.83915367368673,46.3180335642897,45.71558703292893,46.15576171875,32334000
2017-08-14,46.60139175119599,46.69915239717862,46.37410894499238,46.594444274902344,23012000
2017-08-15,46.6986581527084,46.799894433640944,46.480806490160866,46.55226516723633,22130000
2017-08-16,46.709582659757785,47.13883832210315,46.64953525327502,46.85945129394531,26906000
2017-08-17,46.793934282893545,46.83661109376019,46.034175738409836,46.0351676940918,33914000
2017-08-18,46.001420455193575,46.2019052916596,45.82624563198035,45.96171951293945,26748000
2017-08-21,45.941380937995106,46.06444781218914,45.585567931692054,45.69821548461914,26024000
2017-08-22,46.00043500831304,46.74481074349614,45.96123003833307,46.667396545410156,35502000
2017-08-23,46.4986666682668,46.9170069577444,46.41132913140807,46.775577545166016,22690000
2017-08-24,46.83165993654291,46.960682348576405,46.188020665807926,46.49321746826172,25892000
2017-08-25,46.608340792297135,46.68377107831637,46.15625884016076,46.176109313964844,23746000
2017-08-28,46.244588485793926,46.39197341493008,45.95825025095941,46.058494567871094,20988000
2017-08-29,45.652564985174116,46.55772463302447,45.62080346980942,46.43663787841797,23172000
2017-08-30,46.43266452050314,46.938342313979845,46.35227067894128,46.82767868041992,22406000
2017-08-31,46.96018116374227,47.50109615115193,46.95770127435581,47.403831481933594,33866000
2017-09-01,47.51449722865663,47.5571740445362,47.15769224238034,47.242549896240234,20858000
2017-09-05,46.98797302251831,47.212775951268085,46.42919523611651,46.72099304199219,29148000
2017-09-06,46.83959259897241,46.870854348551845,46.28428669963663,46.74778747558594,27830000
2017-09-07,46.85845321212498,47.168609762943674,46.52497055645284,47.138336181640625,22332000
2017-09-08,47.1289068512032,47.178531140047454,46.64803927648587,46.71751403808594,19998000
2017-09-11,47.004843440445214,47.27678696180678,46.69716679707367,46.81081008911133,26748000
2017-09-12,46.990953296891284,47.049013000440326,46.52348465670868,46.97755432128906,25696000
2017-09-13,46.920488546978056,47.285232984914714,46.88277150810736,47.16563415527344,21908000
2017-09-14,46.945297377766416,47.0460376849171,46.56616201931172,46.65399932861328,28548000
2017-09-15,46.65201262584589,46.7343903871149,46.21332586958531,46.41381072998047,39886000
2017-09-18,46.399913723137225,46.49171884616448,45.92301776072743,46.138885498046875,29474000
2017-09-19,46.32051506686896,46.54531418905626,45.985544497834866,46.49171829223633,24854000
2017-09-20,46.534890191192055,47.14378813127255,46.52347512954528,47.02170944213867,40080000
2017-09-21,47.05099481279299,47.28274140618764,46.61677567697785,47.02220916748047,27414000
2017-09-22,46.78500426928739,47.14379313555057,46.6892275379007,46.80931854248047,21496000
2017-09-25,46.62025390229481,46.63514081178571,45.87885400648442,46.36369323730469,37468000
2017-09-26,46.4832829808281,46.850011277574154,46.40537281078783,46.52000427246094,33454000
2017-09-27,46.783518515945815,47.90950945539698,46.74431354698791,47.63508224487305,46692000
2017-09-28,47.45394664840734,47.946721440016304,47.41920927027826,47.87873840332031,28018000
2017-09-29,47.9377930383633,48.42461612640098,47.9377930383633,48.320899963378906,40622000
2017-10-02,48.416675441604816,48.5203916019427,47.73681097508973,48.0107421875,30782000
2017-10-03,48.01521026635215,48.25738377408989,47.77453226445452,48.23951721191406,21666000
2017-10-04,48.22363089857322,48.354640976020754,47.91843417161181,47.976497650146484,21156000
2017-10-05,48.27475281688531,48.95560933140772,48.14969823411217,48.89010238647461,35618000
2017-10-06,48.6325481014122,49.340202543174605,48.55860574846172,49.30943298339844,31060000
2017-10-09,49.37692107258531,49.64787264414547,49.203234167739055,49.243431091308594,25910000
2017-10-10,49.391810670282275,49.49949845019626,48.6876318609449,49.019622802734375,23268000
2017-10-11,49.08115626282671,50.00071059689556,49.02656840811587,49.90542984008789,36300000
2017-10-12,49.81560862596943,50.19771982285468,49.67963496706493,49.90542984008789,30614000
2017-10-13,50.07712980972066,50.357508734418346,49.97539756062706,50.015594482421875,26552000
2017-10-16,50.10292998539082,50.220541092862966,49.70047237809038,50.08903503417969,21420000
2017-10-17,49.99425855270142,50.34758788475635,49.92527976825698,50.170921325683594,20260000
2017-10-18,50.17340131181659,50.43442573611374,49.88904699902433,50.257266998291016,25596000
2017-10-19,49.86076343345676,49.98830167758808,49.49105926962207,49.71635437011719,34284000
2017-10-20,49.974908395415305,50.05430650805293,49.73769844114107,49.876651763916016,32120000
2017-10-23,49.88210511054925,49.91237869206528,48.78638394924235,48.907470703125,32786000
2017-10-24,48.95511092107929,49.09207653905142,48.48764229958939,49.053863525390625,28902000
2017-10-25,48.94369938620099,49.34864074860579,48.51940731271909,49.201255798339844,30574000
2017-10-26,49.54912202546478,49.948107837748644,49.15212012471834,49.19926452636719,47396000
2017-10-27,51.16293112366168,52.78219678889337,50.95748268447673,51.29592514038086,103682000
2017-10-30,51.07211387922484,51.60161380045673,50.733175472396844,51.269126892089844,46804000
2017-10-31,51.26267597007089,51.65967408142236,50.930185271874535,51.2646598815918,30326000
2017-11-01,51.42743023180678,52.00010293707846,51.31229900287452,51.73907470703125,43262000
2017-11-02,51.60955392842729,51.883981140435175,51.04730052943399,51.7574348449707,26694000
2017-11-03,51.74651200352491,52.139046257621935,51.493423235573914,52.105796813964844,27770000
2017-11-06,52.06163772643483,52.23482865285594,51.709296567056526,51.7430419921875,18294000
2017-11-07,52.088929446317486,52.27552313896581,51.75892621121859,52.22490310668945,26104000
2017-11-08,52.10877584631401,52.736036369261456,51.959902986662186,52.5176887512207,24276000
2017-11-09,52.00704375441899,52.149961083936006,51.4040975459424,51.99314880371094,35892000
2017-11-10,51.802099309849076,51.93906492678788,51.67059323569073,51.81599426269531,19442000
2017-11-13,51.649750966860445,52.04377321267855,51.573328725968764,51.66960144042969,18814000
2017-11-14,51.496911223922865,51.724194055983205,51.08055479071875,51.69144058227539,21012000
2017-11-15,51.3619254664512,51.59168817008283,51.151513472674566,51.4318962097168,18106000
2017-11-16,51.54801710655975,52.19364020404737,51.5107998360815,52.030372619628906,23768000
2017-11-17,52.09637741576298,52.15592505067583,51.29890176821728,51.406089782714844,26712000
2017-11-20,51.41154591875335,51.545535660609886,51.2467904057093,51.34505081176758,17526000
2017-11-21,51.61203562266244,52.125656704610606,51.56737489523608,52.12118911743164,22206000
2017-11-22,52.16386682481524,52.37576675998986,51.969833452571024,52.20158386230469,14538000
2017-11-24,52.324151460725304,52.606022103501324,52.20157678464002,52.42985153198242,16492000
2017-11-27,52.53158960777733,53.249663375185534,52.343011997161184,53.19854736328125,35430000
2017-11-28,53.29680356950394,53.595049062712235,52.33159658736446,52.76581573486328,36424000
2017-11-29,52.41297956805976,52.54150977079057,51.09642714917222,51.48003005981445,55866000
2017-11-30,51.607072576658794,51.81549686363573,51.117273609217705,51.41998291015625,45092000
2017-12-01,51.13414814090085,51.473086567299426,50.463714742743875,50.8691520690918,37762000
2017-12-04,51.00462424291862,51.18029885308843,50.082589993697184,50.21409606933594,38778000
2017-12-05,50.170430302905835,51.44529799637257,49.74018271194746,50.59770202636719,38998000
2017-12-06,50.444855940139476,51.5892094697641,50.38480853936182,51.248783111572266,28710000
2017-12-07,51.41502182585161,52.05270168945246,51.37978846771622,51.83683395385742,30866000
2017-12-08,52.196117986213245,52.424888714656014,51.900848365370614,52.075531005859375,31170000
2017-12-11,52.16137897608374,52.404044648837946,51.81450116736423,52.20405578613281,23254000
2017-12-12,52.10630073768928,52.726613841709394,51.85172399748962,52.04526138305664,33882000
2017-12-13,52.209519113266865,52.37824245436875,51.936579842554295,52.17527770996094,27680000
2017-12-14,52.37874456276735,52.95389718238637,52.284951736355865,52.47700119018555,30962000
2017-12-15,52.7901304576841,53.35933130860984,52.60701618899297,53.19804763793945,63760000
2017-12-18,53.41887760717587,53.917115750781115,53.11716027393845,53.84764099121094,30292000
2017-12-19,53.74491319686013,53.84168187594953,53.21144173124198,53.58412551879883,26350000
2017-12-20,53.64070729562258,53.65609018183929,53.02932559511545,53.27546691894531,28728000
2017-12-21,53.36627865572526,53.471978731006146,53.04917464379209,53.1409797668457,25640000
2017-12-22,53.09879664622426,53.18415026734827,52.98168151305227,53.0422248840332,17788000
2017-12-26,53.03131014770581,53.04222923320552,52.535059671069966,52.89285659790039,18376000
2017-12-27,52.93007247665864,53.01294620728233,52.5221515353247,52.61246871948242,22324000
2017-12-28,52.71420963929213,52.842739854017275,52.27403492224957,52.401573181152344,19884000
2017-12-29,52.378748192332694,52.50578669051579,52.240290843624464,52.275028228759766,23606000
2018-01-02,52.25616650977731,53.39555637599077,52.25616650977731,53.258094787597656,31766000
2018-01-03,53.29382310488846,54.394011768856736,53.269012854206274,54.16672897338867,31318000
2018-01-04,54.44314296338079,54.79002080218762,54.30270550308476,54.377140045166016,26052000
2018-01-05,54.758752151096346,55.26145405923068,54.67687037903497,55.09818649291992,30250000
2018-01-08,55.13342482258022,55.53836613302585,55.08380053427195,55.292720794677734,24644000
2018-01-09,55.50263459976359,55.50263459976359,54.99447312387298,55.222251892089844,26808000
2018-01-10,54.934923706652604,55.221757922731676,54.78505888649609,55.09074783325195,20734000
2018-01-11,55.19843842798299,55.324484959266414,54.90912430783334,55.1855354309082,22424000
2018-01-12,55.088763822884715,56.14081235967413,54.985047659986655,56.108558654785156,38586000
2018-01-16,56.587938010459986,57.01322579553875,55.9105571605299,56.11104202270508,36462000
2018-01-17,56.39191940730114,56.538808365710146,55.7532437778964,56.52789306640625,27830000
2018-01-18,56.54029761440659,56.60183294694647,55.80138143213378,56.37256622314453,27498000
2018-01-19,56.47478736732425,56.760129845011754,56.20036018782389,56.74623489379883,30552000
2018-01-22,56.762124043174204,57.90647752409935,56.662871675936096,57.7714958190918,29550000
2018-01-23,58.092069703809194,58.483612044433706,57.92483429799457,58.367488861083984,39138000
2018-01-24,58.80468124764661,58.90740544531444,57.93227142722763,58.12531280517578,37128000
2018-01-25,58.592787000499854,58.805678869563444,58.15261233236536,58.66374969482422,29984000
2018-01-26,58.931228436085426,58.932716369628906,57.963541580164076,58.932716369628906,42170000
2018-01-29,58.95455396687607,59.45080440839492,58.759028900108504,58.87912368774414,31494000
2018-01-30,58.44441068350131,58.9510804641053,58.28511092397453,58.427040100097656,37338000
2018-01-31,58.74662673993285,58.871189124546724,58.16551860611946,58.667724609375,36022000
2018-02-01,58.35855649396602,58.92726136028972,58.029541444345845,58.63645553588867,73514000
2018-02-02,55.94826905865259,56.140814483925396,55.14186204237714,55.54035186767578,117842000
2018-02-05,54.61782187208808,55.33143180962722,52.440774316330746,52.721153259277344,83550000
2018-02-06,51.31131266068926,53.9612886248815,51.1142996288848,53.81489562988281,76630000
2018-02-07,53.84169206738811,53.91910626809496,52.33556996155407,52.37477493286133,51942000
2018-02-08,52.59609636260182,52.79757316754465,49.858283469667874,50.00765609741211,66792000
2018-02-09,50.9093405758253,52.19165157410531,49.47616901467817,51.92119598388672,98360000
2018-02-12,52.43729249170078,52.87895505800153,51.88248640583507,52.332584381103516,56240000
2018-02-13,52.106303879965466,52.66309777350703,51.95345938826958,52.31175231933594,31586000
2018-02-14,52.3206809627639,53.370249682886836,52.09637780222555,53.2327880859375,41304000
2018-02-15,53.76625629569793,54.294764243227036,52.96133723775234,54.158790588378906,37396000
2018-02-16,54.25903085622459,54.99993469208462,54.1682176895131,54.36423873901367,39948000
2018-02-20,54.2282657694196,55.39594152717007,54.09130015779495,54.76570510864258,33754000
2018-02-21,55.03913900524265,56.38397726499764,54.96023309408838,55.269893646240234,41486000
2018-02-22,55.53886350117299,55.85100395495353,54.843120133455834,55.07883834838867,28010000
2018-02-23,55.5135569921039,56.026682098026,55.006391193169385,55.98152160644531,25292000
2018-02-26,56.168604954108694,56.78097861765138,56.04355037921634,56.756168365478516,30912000
2018-02-27,56.75616735890439,56.78346128607395,55.4207564112541,55.456485748291016,42964000
2018-02-28,55.67930567388649,55.959688423416,54.73643273432952,54.78208541870117,49292000
2018-03-01,55.06097854323342,55.146828152317056,52.964317175280286,53.16877365112305,55338000
2018-03-02,52.50230528478262,53.936968598314685,52.11175868044733,53.800498962402344,50162000
2018-03-05,53.50225291516991,54.64610659754565,53.21144708473962,54.3275146484375,28648000
2018-03-06,54.6917650131946,54.86694364392529,54.31461358782907,54.6322135925293,23382000
2018-03-07,54.2312470179709,55.39148322292727,54.086837938001295,55.33391571044922,30748000
2018-03-08,55.44110560536582,56.14776430734299,55.44110560536582,56.04553985595703,33862000
2018-03-09,56.547739214637446,57.61467847617771,56.28919465974288,57.60673904418945,42662000
2018-03-12,57.81565667055498,58.46624330520455,57.52535061486802,57.85932922363281,44306000
2018-03-13,58.152120769167716,58.45830950368578,56.30309246479134,56.56808853149414,43140000
2018-03-14,56.86038481086448,57.553148590028385,56.68917777773559,57.01372528076172,41870000
2018-03-15,57.04745949228501,57.689110917346184,56.35717573842854,57.09906768798828,33382000
2018-03-16,57.33430005554553,57.40675068592315,56.143794144320694,56.29564666748047,58656000
2018-03-19,55.46889585385812,55.54878994224514,54.03770809253903,54.59103012084961,63656000
2018-03-20,54.50814607512431,54.862967105645666,53.715138090385246,54.37912368774414,54598000
2018-03-21,54.21883604453977,55.019287487041886,53.952844264742374,54.289798736572266,44898000
2018-03-22,53.59554628557859,53.78957964222537,52.08843234878068,52.26261901855469,69312000
2018-03-23,52.17428743778185,52.93900961222988,50.85922290334337,50.94259262084961,49880000
2018-03-26,52.13607420386283,52.56632555070059,50.15008032860988,52.30926513671875,65984000
2018-03-27,52.796086489942425,52.82784800374254,49.50693923683964,49.969444274902344,60816000
2018-03-28,49.7198349266751,50.8651804175994,48.831050096900356,49.88210678100586,77698000
2018-03-29,50.181345719506616,52.00953154308469,49.825532702903686,51.46812057495117,69338000
2018-04-02,50.99568784301467,51.58672305151779,49.33970113683525,50.251808166503906,65068000
2018-04-03,50.42649335644149,50.86567610781931,49.488580216950425,50.55204391479492,51322000
2018-04-04,49.537213120812204,51.249775610183725,49.45185948793269,51.09941101074219,50724000
2018-04-05,51.92715645467816,51.943035319833584,50.81605236379516,51.24481201171875,35836000
2018-04-06,50.77138315355239,51.411546698793046,49.935202343254076,50.11881637573242,40134000
2018-04-09,50.61953323122258,51.837829076941425,50.57784837233873,50.62201690673828,33220000
2018-04-10,51.12670643855783,51.67010136246143,50.389774115194186,51.43636703491211,36620000
2018-04-11,51.213050313437314,51.4050997727002,50.57785027638551,50.86865234375,34060000
2018-04-12,51.18674869899539,51.84080342477513,50.91778103567387,51.475563049316406,32896000
2018-04-13,51.95196349844492,52.25417680406173,51.12123847962914,51.41352844238281,25410000
2018-04-16,51.88546776108672,52.17726176373882,51.30832746807676,51.91276168823242,29776000
2018-04-17,52.66210537979809,53.84318022826406,52.45814487586732,53.56329345703125,54584000
2018-04-18,53.5459220284732,53.69429891878459,53.12460586736447,53.36627960205078,31126000
2018-04-19,53.05016746800002,54.463984559405986,53.05016746800002,54.06400680541992,39884000
2018-04-20,53.80694912151603,54.32701787255593,53.20301089344784,53.46205520629883,42434000
2018-04-23,53.74293392362876,53.99205491089215,52.93404698665616,53.287872314453125,69590000
2018-04-24,52.5628449336861,52.825361079462205,50.26322288146992,50.74855422973633,128220000
2018-04-25,51.101389119640196,51.415021280640595,50.4691650191451,50.765926361083984,57860000
2018-04-26,51.27358920536428,52.20654249096749,50.63987715748192,51.77430725097656,50926000
2018-04-27,51.88497186815947,52.19066082381925,50.99420318654068,51.185752868652344,40746000
2018-04-30,51.333141552859146,51.5291588217463,50.53318604113238,50.547080993652344,34492000
2018-05-01,50.43393413466236,51.69589872220166,50.15156749478104,51.64726638793945,35326000
2018-05-02,51.3122962059113,51.80755468977172,50.774360911179585,50.91777801513672,34698000
2018-05-03,50.88403475292571,51.14803884700509,50.01658840256139,50.93018341064453,39282000
2018-05-04,50.598195492643825,52.19959830782419,50.5207812945636,52.15592575073242,36892000
2018-05-07,52.2993411382258,52.85067544475037,52.11969870907081,52.57575225830078,34400000
2018-05-08,52.831818800559255,52.86209238246906,52.187687389366474,52.5325813293457,26030000
2018-05-09,52.80601328926523,54.28980110521576,52.707256903428735,54.03919219970703,47160000
2018-05-10,54.33942457481275,55.054522416158676,54.28384476641588,54.8589973449707,36414000
2018-05-11,54.607894614828446,55.03467029427952,54.449590603994636,54.755279541015625,30504000
2018-05-14,54.86395739034538,55.48824202514732,54.82574816756871,54.91507339477539,39338000
2018-05-15,54.4337140839432,54.543881746468614,53.53450622248291,53.83672332763672,35738000
2018-05-16,53.84764748865277,54.308664632772334,53.675944480399515,53.79801940917969,25628000
2018-05-17,53.66750464416077,54.14092498301683,53.41739171406392,53.65757751464844,25738000
2018-05-18,52.90029823739565,53.28390114509069,52.83479508491653,53.0809326171875,35482000
2018-05-21,53.545427093560406,54.255065425365196,53.49580280320083,53.79404830932617,25180000
2018-05-22,54.08137797870641,54.180626558439414,53.210951957145525,53.362308502197266,22226000
2018-05-23,53.09880341958403,53.992055832667575,52.94794284377033,53.89081954956055,23740000
2018-05-24,53.937463655345056,53.948378954377326,53.212938438795966,53.86550521850586,20604000
2018-05-25,53.9200943680781,54.0699629796909,53.72407709774085,53.79751968383789,22224000
2018-05-29,53.39655132530935,53.66155117370792,52.75539579079797,53.00302505493164,36076000
2018-05-30,53.27149272267977,53.54492796055853,52.927590769477206,53.46949768066406,28686000
2018-05-31,53.69429876604806,55.083801581642845,53.495801609040726,54.58755111694336,79368000
2018-06-01,55.22622753620622,56.48124464641408,55.18354693646333,56.32442855834961,63202000
2018-06-04,56.4981123846296,57.45885554772864,56.42367406068971,57.219661712646484,44754000
2018-06-05,57.30005726377672,57.61964116647464,56.94275632709376,57.11941909790039,32964000
2018-06-06,57.20626426653391,57.30253697655367,56.38993392889462,56.91744613647461,34934000
2018-06-07,56.799836571157144,56.86385179160158,55.88375786737696,56.29564666748047,36108000
2018-06-08,56.136346589586196,56.512006260969756,55.740336682529886,56.210784912109375,27284000
2018-06-11,56.22220001073345,56.95665237088891,56.145777771667234,56.61721420288086,24796000
2018-06-12,56.62317180973507,57.0067747389026,56.62317180973507,56.97898483276367,26092000
2018-06-13,57.18194483432741,57.34868804339596,56.7402822401383,56.78246307373047,34302000
2018-06-14,57.17847634912753,57.86230868631221,57.09857847787727,57.57051467895508,35422000
2018-06-15,57.56108518921858,57.759090164402316,57.2519243750655,57.528831481933594,44438000
2018-06-18,57.202294283493984,58.762508160811514,57.11842858976017,58.73521423339844,33038000
2018-06-19,58.06676234623113,58.69699875352033,57.64495021983217,58.49254608154297,47282000
2018-06-20,58.72131226221795,59.6239918843626,58.658289004981896,58.759521484375,51686000
2018-06-21,58.83099543488243,59.070185515221375,57.737754107827364,58.03351974487305,44966000
2018-06-22,58.13525299029363,58.30943589237666,57.547689529565346,58.02607727050781,34220000
2018-06-25,57.31692830151886,57.36605661258628,55.575088121601105,56.53682327270508,57682000
2018-06-26,56.77800247453239,56.91347637029559,56.026679286981775,56.206321716308594,34688000
2018-06-27,56.3740522795533,56.88072585384283,55.41628872704481,55.428199768066406,34538000
2018-06-28,55.20240562030966,56.27480443799909,54.88877722932603,55.91651153564453,29726000
2018-06-29,56.19093446015546,56.64004049854666,55.92841831292961,56.036102294921875,31562000
2018-07-02,55.34930137258343,56.72093772523045,54.9150821847872,56.67726516723633,23216000
2018-07-03,57.040022322930085,57.06433659696129,55.30364165172733,55.39544677734375,16448000
2018-07-05,55.80832480232201,56.77799935679493,55.73487843376797,56.636566162109375,28594000
2018-07-06,56.6603937332104,57.376483591202785,56.43559080513098,57.32090377807617,21820000
2018-07-09,57.565057962955265,57.9585842457373,57.427596362522635,57.926326751708984,21584000
2018-07-10,58.060809575937924,58.23499246278271,57.69209356495777,57.919376373291016,21334000
2018-07-11,57.347694207729944,58.57938897670396,57.3352909750362,58.133758544921875,33252000
2018-07-12,58.302482234052356,59.64880847515142,58.215140910265625,59.61258316040039,44148000
2018-07-13,59.68900769963741,60.06814303969566,59.31632385819068,59.76940155029297,32612000
2018-07-16,59.739129947312826,59.98229541887789,59.222532993849015,59.376869201660156,26784000
2018-07-17,58.69353160651435,60.48102457280792,58.656806525924736,60.199153900146484,40162000
2018-07-18,59.97335252680417,60.621455476793344,59.77634331426365,60.190711975097656,38948000
2018-07-19,59.88006555184665,60.36788062933353,59.43741096490853,59.50539779663086,38338000
2018-07-20,59.5123417714929,60.084518489559265,59.38083191678865,59.44485092163086,37938000
2018-07-23,59.33468547129474,60.299396519727274,59.15355132120641,60.09593200683594,65446000
2018-07-24,63.073432741314164,63.27193368263465,61.74050548921416,62.435752868652344,107600000
2018-07-25,62.161327962628526,63.43271993200098,61.9841654210931,63.31858444213867,51104000
2018-07-26,62.88387180576298,63.88729188851827,62.676439460901314,63.79300308227539,54686000
2018-07-27,63.972636614730234,64.08776404892149,61.757868434776746,62.174720764160156,48362000
2018-07-30,61.78566994902816,62.17473244864178,60.74950013003792,61.04079818725586,43896000
2018-07-31,61.12366360109108,61.59510380491476,60.35348571191414,60.900848388671875,39382000
2018-08-01,61.490892233737846,61.8278429337004,60.7877054234707,61.18718719482422,36994000
2018-08-02,60.4681218242297,61.75390854796121,60.44628743859756,61.59113693237305,34704000
2018-08-03,61.79211424069517,61.85861313566656,61.01002529538977,61.443748474121094,21264000
2018-08-06,61.61495867976583,61.657139517116526,61.065112288349646,61.41943359375,22114000
2018-08-07,62.13105187020725,62.8292789004648,62.12063254905667,62.32111740112305,42506000
2018-08-08,62.36479235131459,63.109168112882486,62.136517572098015,62.59356689453125,34344000
2018-08-09,62.663036504089156,63.12107395854261,62.53252238899547,62.74888610839844,27326000
2018-08-10,62.48686750920722,62.587111832515546,61.89037649252938,62.15586853027344,26602000
2018-08-13,62.09085986663556,62.82382050483645,61.88392351252076,61.96381759643555,27500000
2018-08-14,62.155366416378016,62.55683207567791,61.512227039748964,62.43525314331055,28080000
2018-08-15,61.74745792622604,62.12956914544251,60.8522215999579,61.14897918701172,37052000
2018-08-16,61.63381053775664,61.718671972483435,60.52419446273991,60.74403381347656,32176000
2018-08-17,60.64379337671935,60.88745102381948,59.74855710834635,60.336612701416016,33092000
2018-08-20,60.57530896994104,60.835841215995266,59.98179384989175,60.63932418823242,22218000
2018-08-21,60.692423155818,61.17577060671646,60.29591726151543,60.414024353027344,23082000
2018-08-22,60.25572259168166,60.86660830823275,60.20609830233034,60.62940216064453,22296000
2018-08-23,60.53659749191266,61.29536407312525,60.51029552224222,60.60011672973633,24666000
2018-08-24,60.84030398056331,61.40602918665708,60.61302118521179,61.373775482177734,24454000
2018-08-27,61.740513829541854,62.42186634871205,61.56881081392252,62.342464447021484,28580000
2018-08-28,62.32408959572828,62.35684306301104,61.68243815413621,61.82585525512695,27330000
2018-08-29,62.27943235167429,62.883370581395624,62.170256645363004,62.7583122253418,36926000
2018-08-30,62.69627877560958,62.998495869071384,61.89285146370621,62.25164031982422,30104000
2018-08-31,62.14097923791253,62.15785005739838,60.827898672018804,61.12813186645508,42308000
2018-09-04,60.667614572557156,60.93311040296844,59.87559845454381,60.1113166809082,41458000
2018-09-05,60.0076000189941,60.28798275608987,58.32630312437928,59.50539779663086,53988000
2018-09-06,59.47909898366764,59.49994141439173,57.74420609614024,58.75556564331055,46854000
2018-09-07,58.16055471304496,58.98185243735843,58.02508081574689,58.43796157836914,32658000
2018-09-10,58.7659821220933,58.888060833037734,58.09157713064064,58.312408447265625,27670000
2018-09-11,58.11588952558452,59.10045097732192,57.86032085101732,59.053306579589844,29254000
2018-09-12,58.65680609849579,59.088049407654154,57.87074550815637,58.140708923339844,35716000
2018-09-13,58.542666734402324,58.947608044302676,58.02259419835304,58.66374969482422,40068000
2018-09-14,58.95455976983742,58.95455976983742,58.23598624293688,58.457313537597656,24176000
2018-09-17,58.446894296393765,58.64787513949441,57.4886347193315,57.55662155151367,34096000
2018-09-18,57.697053530585144,58.62355529006376,57.63601418079308,57.917884826660156,32314000
2018-09-19,58.00970048019866,58.372457204043535,57.49657537164375,58.27320861816406,25962000
2018-09-20,58.590806472463655,59.252308457504725,58.37146309251431,59.131717681884766,29244000
2018-09-21,59.29796204904034,59.38033981225615,58.163535668290564,58.16651153564453,91222000
2018-09-24,57.53577643530643,58.81510780926661,57.14324213348181,58.53572082519531,31150000
2018-09-25,58.768461353859074,59.394230175900375,58.26426768349623,59.24684524536133,33152000
2018-09-26,59.2369169750663,59.90933416208791,58.825524202887046,59.25527572631836,37650000
2018-09-27,59.55005049254321,60.386727217816066,59.453281811936435,59.91529083251953,36274000
2018-09-28,59.75302084296328,59.969388348728856,59.442368322917595,59.90140151977539,35612000
2018-10-01,60.19518521004482,60.75098332890126,59.70836209206936,59.973358154296875,33164000
2018-10-02,59.88105523330002,60.76686413751253,59.53318544167417,59.92919158935547,40180000
2018-10-03,60.14555284700718,60.253736595757516,59.65674585232109,60.122230529785156,26246000
2018-10-04,59.79967030122548,59.84284309311647,57.756112718630625,58.41215515136719,46576000
2018-10-05,58.359054395460255,58.65680391963335,57.283183742164695,57.953617095947266,31852000
2018-10-08,57.56505957576707,58.35211216338215,56.34428376668086,57.36259078979492,46190000
2018-10-09,57.133813836283075,57.641975370596384,56.779492529239974,56.82911682128906,33690000
2018-10-10,56.3939040754082,56.42467363442066,54.16623646486712,54.19849395751953,58980000
2018-10-11,53.547412886533635,55.38453393886742,53.391092769622325,54.12802505493164,67696000
2018-10-12,55.56218897171443,55.86936966423178,54.340917228377016,55.60685348510742,49370000
2018-10-15,55.48079896205894,55.66937276033743,54.49921341152428,54.70863342285156,30074000
2018-10-16,55.25650212450962,56.39242028011602,55.17065251188405,56.22915267944336,38378000
2018-10-17,56.5725524894266,56.91992629729388,55.28230204951744,55.95670700073242,35652000
2018-10-18,56.076308676972616,56.19292785188723,53.90968024256459,54.48384094238281,46152000
2018-10-19,54.771665508516314,55.627200893435266,54.44017053506006,54.84461212158203,41286000
2018-10-22,55.20836238663094,55.66391996800423,54.587553303028656,55.151790618896484,27116000
2018-10-23,54.15532157854518,55.48080931426433,53.54592751869151,55.32746505737305,37686000
2018-10-24,55.33192779918826,55.41232164802744,52.357400825226385,52.45962905883789,49286000
2018-10-25,53.6099366056621,55.4718677869976,53.374218394302666,54.76570510864258,72956000
2018-10-26,52.023427853576415,55.431178372571914,51.720714750948105,53.78114700317383,106438000
2018-10-29,54.415846071811124,55.025739808415615,49.982345526254335,51.3485221862793,81290000
2018-10-30,50.61804056902731,52.15095662471598,50.318307152589625,52.08197784423828,59768000
2018-10-31,53.00947108669426,54.98454947535803,53.00947108669426,54.120079040527344,70916000
2018-11-01,54.16077521616879,54.58258735240126,53.486866239489316,53.891807556152344,40132000
2018-11-02,54.04167908584754,54.48830528379817,52.98267920811792,53.17274475097656,43438000
2018-11-05,53.224352672612895,53.26504557601787,51.312301120921155,52.39065170288086,45358000
2018-11-06,52.35541590887822,53.586118725505045,52.28544516893846,53.07746124267578,28660000
2018-11-07,53.768240824658996,55.080325652955466,53.62432773634267,54.9964599609375,43388000
2018-11-08,54.949816279666464,54.99546896044465,53.811414549994645,54.32106399536133,33694000
2018-11-09,53.79454023531401,54.00941600878873,52.813950398854814,53.447166442871094,34860000
2018-11-12,53.2541298232068,53.30226618062105,51.62742080099039,52.07453918457031,34002000
2018-11-13,52.34499617576891,52.93354773730766,51.62989832380508,52.005558013916016,25750000
2018-11-14,52.602551504272974,52.88988171686323,51.66513436671668,52.33358383178711,34666000
2018-11-15,52.178754913456274,53.538976148928775,51.67406523636363,53.150909423828125,41584000
2018-11-16,52.86208652584949,53.21988342358048,52.349457462655934,53.01294708251953,35366000
2018-11-19,52.77077258053871,52.99954708641015,50.75996866838578,50.98575973510742,45684000
2018-11-20,49.986814202643885,51.47854533930505,49.734721132277805,51.136131286621094,54458000
2018-11-21,51.87355887048275,52.34003554064144,51.58325278940232,51.78026580810547,29698000
2018-11-23,51.28748631573186,51.7589265430641,51.04035303166369,51.1187629699707,14178000
2018-11-26,51.808550268407,52.453673613271235,51.598634258168,52.40107345581055,31558000
2018-11-27,52.17279963719587,52.938017791479,51.88298953671863,52.219444274902344,33048000
2018-11-28,52.476506517670025,54.23323374381789,51.7564450423693,54.18013381958008,46042000
2018-11-29,53.77022600281001,54.59499556224132,53.69429974090994,54.31858444213867,31004000
2018-11-30,54.370693350743345,55.06643295288086,53.752860137267156,55.06643295288086,59668000
2018-12-03,56.18349839177899,56.324431837830055,55.169655196071915,55.39942169189453,57532000
2018-12-04,55.23218269592703,55.29421400450673,52.641258665994336,52.72512435913086,45630000
2018-12-06,51.85817519555065,53.56627001523358,51.733120619701985,53.49977111816406,47436000
2018-12-07,53.2094604264824,53.84466038045058,51.57877994479323,51.93657684326172,42682000
2018-12-10,51.755945245640824,52.582698700226054,51.26267443502636,52.26410675048828,33652000
2018-12-11,52.94694915573629,53.11865215603475,52.11126428129302,52.68443298339844,33852000
2018-12-12,53.450148491054506,54.17715365005835,53.196563700200635,53.283905029296875,28960000
2018-12-13,53.38017132511263,54.01289138834388,52.850175465616424,53.27446746826172,24986000
2018-12-14,52.60353539187014,53.18414746264633,52.075027493909936,52.1911506652832,36358000
2018-12-17,51.957914245591056,52.72065242512178,50.45030823274266,50.897926330566406,49932000
2018-12-18,51.312301337555475,52.587168965392074,51.13761868169155,51.779273986816406,43640000
2018-12-19,51.97181401022016,53.38215927998337,50.58926243191868,51.38475036621094,58264000
2018-12-20,50.915295165612314,51.979258518056454,50.01509915562534,50.795204162597656,53674000
2018-12-21,51.21503717753264,51.494424176383596,48.691603869208556,49.19083023071289,104656000
2018-12-24,48.846929189215814,50.22650498380553,48.51642617200051,48.86429977416992,36360000
2018-12-26,49.52529495705747,52.02937326893794,49.26029515620887,51.99959945678711,46318000
2018-12-27,50.9252183108999,52.272040375575045,49.97241464863429,52.250205993652344,45996000
2018-12-28,52.57773552759089,52.812461786743754,51.70929720929407,51.94154357910156,34398000
2018-12-31,52.49486156284983,52.75093001362549,51.264658506617984,51.8561897277832,33110000
2019-01-02,50.97485360458777,52.64175966316369,50.87957283917256,52.33855056762695,31868000
2019-01-03,52.13954944438551,52.91320299775853,50.73515968820897,50.88899612426758,41960000
2019-01-04,51.73708481873224,53.59504812257249,51.45422221619562,53.499271392822266,46022000
2019-01-07,53.64318323120799,53.72903282984325,52.73355609470905,53.392578125,47446000
2019-01-08,53.89279968326611,54.25754407753233,53.01691791637938,53.86153793334961,35414000
2019-01-09,53.99154974952105,54.17268008774031,53.31565315226678,53.67692565917969,26998000
2019-01-10,53.343945915688096,53.58561963531486,52.83479248456566,53.5369873046875,26598000
2019-01-11,53.09384263904463,53.26604163189244,52.42539312092203,52.824378967285156,30864000
2019-01-14,52.27204561995665,52.525630391786336,52.03434349791982,52.18123245239258,28490000
2019-01-15,52.50379682218738,54.0054512176976,52.326634285051185,53.91810989379883,37518000
2019-01-16,54.091300328946794,54.70466592993807,53.99254772889954,54.06698226928711,38280000
2019-01-17,53.991561781574866,54.62229425015021,53.75683171298373,54.543888092041016,24896000
2019-01-18,55.01382906025276,55.48080167136482,54.55182001373234,54.94981384277344,44892000
2019-01-22,54.38904824673365,54.53643696175892,53.14296258651769,53.527061462402344,39632000
2019-01-23,53.935475116784644,54.23769221739753,52.97821135737118,53.81389617919922,25194000
2019-01-24,53.71960623842804,53.99204951768498,53.099789164762825,53.793548583984375,29114000
2019-01-25,54.301210680536336,54.75428833604682,54.18062370038267,54.66248321533203,23260000
2019-01-28,54.09477398388179,54.25853375284251,53.32756819323923,53.58810043334961,29334000
2019-01-29,53.64665892673506,53.82977698563833,52.9012912664719,53.101776123046875,19704000
2019-01-30,53.46404173079753,54.563734490383474,53.42831239288675,54.48780822753906,29452000
2019-01-31,55.194964110784746,55.960678254716896,54.84808625951143,55.872344970703125,40232000
2019-02-01,55.693688467254056,56.29465080584644,55.29470647780534,55.511566162109375,33116000
2019-02-04,55.53092091301186,56.6886732791878,55.45648258987159,56.64301681518555,78408000
2019-02-05,56.05794518348053,57.206270349703495,55.75870770046003,57.16160583496094,82296000
2019-02-06,57.03258164416233,57.26730791642464,55.49866966697885,55.723472595214844,48256000
2019-02-07,55.17411841965642,55.18255382941808,54.26945479753328,54.880836486816406,38298000
2019-02-08,54.33347011218545,54.84063965977046,54.30171238453501,54.705657958984375,21766000
2019-02-11,54.773646480231115,55.254018093652185,54.58755255107971,54.69275665283203,18498000
2019-02-12,55.13392519968207,56.21823510549405,55.13392519968207,55.956214904785156,35036000
2019-02-13,56.22716343531917,56.713986537578684,55.87780192468007,56.00831604003906,28042000
2019-02-14,55.8281739315503,56.38050015073815,55.4356396557748,56.036598205566406,21106000
2019-02-15,56.537817403035326,56.537817403035326,55.41728221260082,55.56169128417969,27826000
2019-02-19,55.41331532853296,56.05843869255414,55.41331532853296,55.903114318847656,21980000
2019-02-20,56.020722035237625,56.1224542879532,55.17064627144096,55.60932922363281,24090000
2019-02-21,55.519507922867554,55.53787046194015,54.4873060615558,54.796470642089844,33272000
2019-02-22,55.06891736818785,55.44358512437713,54.612367826985526,55.40934371948242,29436000
2019-02-25,55.67582264688323,55.84802159974305,55.287755977206764,55.447547912597656,26208000
2019-02-26,55.30066657982733,55.89964131160998,54.92004328499551,55.67980194091797,35026000
2019-02-27,55.28280191306643,55.86440603971526,55.01234630178223,55.723472595214844,22092000
2019-02-28,55.53043020704029,56.27430995904261,55.501152367281776,55.90509796142578,27422000
2019-03-01,56.12593099420194,57.06880770480383,56.12593099420194,56.995361328125,34086000
2019-03-04,57.295097158928186,57.838988028664076,56.48571045995308,57.238525390625,35490000
2019-03-05,57.36655601573174,58.38337505906222,57.21867509583672,58.02111053466797,40094000
2019-03-06,58.148645977068384,58.29652688981277,57.716410729812935,57.810203552246094,23602000
2019-03-07,57.58987232054816,57.74271680894225,56.657414930799895,57.11098861694336,30086000
2019-03-08,56.26984231087346,57.24001291977249,56.08622826804049,57.067317962646484,23694000
2019-03-11,57.16805429945581,58.55308958341536,57.14671589208721,58.520835876464844,30032000
2019-03-12,58.67169364703401,59.833413885860075,58.67169364703401,59.4135856628418,42220000
2019-03-13,59.84433261856899,59.90338427255776,59.4463387821069,59.5034065246582,25888000
2019-03-14,59.50142320150544,59.783293858123756,59.11484442416776,59.17935562133789,27302000
2019-03-15,59.450810064896196,59.63541227841048,58.90542747630522,59.068695068359375,51886000
2019-03-18,59.03842525329775,59.29945349490625,58.63100402622229,58.98185348510742,24442000
2019-03-19,59.139158856692326,59.71927879928031,59.02700728161701,59.67213439941406,29788000
2019-03-20,59.61953438385082,61.038315129716054,59.52971316508314,60.86164855957031,41508000
2019-03-21,60.54255467605238,61.358389019553314,60.37283559921016,61.3430061340332,28150000
2019-03-22,60.98174373742814,61.21894990135531,59.847809527886746,59.929691314697266,34422000
2019-03-25,59.52821624416391,60.018511146081835,59.053800204774994,59.4200325012207,27576000
2019-03-26,59.80760657703907,59.92968527810612,58.64489440806523,59.04586410522461,30752000
2019-03-27,59.14908121931378,59.14908121931378,57.774961402087385,58.458797454833984,29428000
2019-03-28,58.33424573270985,58.421087295493514,57.73527103686355,58.173954010009766,22402000
2019-03-29,58.566484924810155,58.75456654246122,57.881660661688244,58.403221130371094,30890000
2019-04-01,58.931726317742886,59.559978827615936,58.87317064108429,59.49943923950195,27706000
2019-04-02,59.55253838480203,59.838380664635665,59.115343340939816,59.824981689453125,18288000
2019-04-03,60.18029493005075,60.572333269355546,59.802155329903904,60.08650588989258,22180000
2019-04-04,60.1103212867024,60.56985045761731,59.9986656896631,60.515262603759766,21022000
2019-04-05,60.50781785264706,60.561909727480234,60.04779271372844,60.11825942993164,20012000
2019-04-08,60.101390217094846,60.24232365326811,59.78329424387949,59.96095275878906,21750000
2019-04-09,59.6438470002438,59.90487143626524,59.469660335491206,59.68354415893555,19668000
2019-04-10,59.80265300607698,59.99370672313107,59.58281364020274,59.870140075683594,15510000
2019-04-11,59.99172142462984,60.182282945466525,59.775357695168374,60.025962829589844,16998000
2019-04-12,60.32520238110817,60.693918416035174,60.209578950972364,60.67803955078125,24312000
2019-04-15,60.74551711096429,61.00406543227124,60.27259278401892,60.86660385131836,23796000
2019-04-16,61.03880592245281,61.33556348231489,60.79266460655032,61.13359069824219,22622000
2019-04-17,61.386179505244,61.78814494660802,61.18271878833548,61.5420036315918,30366000
2019-04-18,61.783184181163996,61.829832604219995,61.50578110439343,61.608009338378906,24750000
2019-04-22,61.36979991650303,62.24667355080314,61.20603637106332,62.217891693115234,19084000
2019-04-23,62.360817611550296,63.24364683367848,62.12906722658227,63.05308532714844,31868000
2019-04-24,63.05309302064323,63.222316141821004,62.518137299620925,62.53004455566406,23396000
2019-04-25,63.038696513815154,63.16275913114883,62.428310556744194,62.891807556152344,31344000
2019-04-26,63.1915439427967,63.465971161794066,62.7756873022019,63.39202880859375,27228000
2019-04-29,63.545365145430786,64.36219903675915,63.108666103374446,64.32398223876953,72368000
2019-04-30,59.08507447945346,59.59869177332872,58.7064351092246,59.498451232910156,133178000
2019-05-01,59.42599220102296,59.512837545398035,58.14467315811743,58.22605895996094,74340000
2019-05-02,58.19032437622436,58.52678285222986,57.482174069000436,57.88810729980469,45098000
2019-05-03,58.42902476029962,59.123280191761495,58.23747507908704,59.03147506713867,41588000
2019-05-06,58.16055052831237,59.32326646969478,58.11886567274445,59.22550582885742,31774000
2019-05-07,58.845874282849785,59.29051274028248,57.81317647726565,58.500980377197266,36604000
2019-05-08,58.42306948603235,58.76945512946755,57.94369362397736,58.100013732910156,25520000
2019-05-09,57.69407587882412,58.26327290924979,57.29905793289903,57.9605598449707,29556000
2019-05-10,58.003738580940315,58.372946763015875,56.88866300871486,57.94418716430664,31650000
2019-05-13,56.83258730516244,57.16656213002464,55.85298940597136,56.40332794189453,45626000
2019-05-14,56.68768627545845,56.81422878558775,55.755228922522,55.821231842041016,40392000
2019-05-15,55.706594780540094,58.473193404251774,55.64952703697073,58.10100555419922,59302000
2019-05-16,58.152612216792654,59.26024434993122,57.98438485774405,58.78086471557617,35308000
2019-05-17,58.35061659974741,58.869693387821954,57.883643988575166,58.00075912475586,25362000
2019-05-20,57.217682845355235,57.217682845355235,56.48025458906698,56.803810119628906,30602000
2019-05-21,57.29112270541092,57.465805352739906,56.73681254139221,57.28913879394531,20562000
2019-05-22,57.130833217876464,57.75263421569003,57.11842619937327,57.359107971191406,18826000
2019-05-23,56.873780219049515,57.071285427584336,56.23312066384092,56.83755111694336,25214000
2019-05-24,57.16804834140334,57.285163473827296,56.409281762864204,56.503570556640625,18554000
2019-05-28,56.64599715202882,57.390868798082145,56.50654786913404,56.550716400146484,20948000
2019-05-29,56.21028824722078,56.324427519527866,55.180570051498236,55.57707595825195,36230000
2019-05-30,55.5875009366912,55.91750798232078,55.37659295413161,55.650028228759766,18088000
2019-05-31,54.867441287329214,55.25252837049741,54.753797985342445,54.910118103027344,31582000
2019-06-03,52.946449828100434,52.94992167307215,50.96641158625489,51.54751968383789,96890000
2019-06-04,51.832858772888834,52.525130227612316,51.41303058523407,52.32910919189453,60512000
2019-06-05,52.35442619047706,52.44424740714658,51.26267663743421,51.840309143066406,46988000
2019-06-06,51.91822566714979,52.106303519937086,51.38723777319978,51.99514389038086,29020000
2019-06-07,52.318694793669955,53.269014889801966,52.16336664116216,53.01791000366211,43828000
2019-06-10,53.446175241234826,54.331488188465315,53.36082161243836,53.732017517089844,28510000
2019-06-11,54.438187711588284,54.78655732330742,53.573720860871596,53.64666748046875,33508000
2019-06-12,53.59256917046261,53.72010362901701,53.078948132983314,53.55038833618164,23670000
2019-06-13,53.82878583415128,54.41832937159558,53.722589776777944,54.141422271728516,20814000
2019-06-14,54.07839535714609,54.32751253464041,53.66849427776035,53.907684326171875,24582000
2019-06-17,54.04663778921177,54.651068196180425,53.992049937367526,54.284339904785156,19770000
2019-06-18,55.158240104858095,55.51950886943129,54.62675627931569,54.84758758544922,34526000
2019-06-19,54.9468370875542,55.05551681990926,54.39053921490505,54.81135940551758,26714000
2019-06-20,55.664415452935344,55.71503548558903,54.934926641298766,55.24260330200195,24018000
2019-06-21,55.07685661079983,55.90608999377315,55.06990913426673,55.84654235839844,50774000
2019-06-24,55.580057676501916,55.75722023102869,55.24806671805109,55.41629409790039,24236000
2019-06-25,55.335895367610604,55.3666611379772,53.82332197509087,53.97120666503906,31644000
2019-06-26,54.140923457310606,54.34537991528839,53.28191631927332,53.61092758178711,34698000
2019-06-27,53.9300204660367,54.01487811376861,53.38910549375229,53.42781448364258,24078000
2019-06-28,53.45759003713629,53.73400115966797,53.28737497218664,53.73400115966797,33672000
2019-07-01,54.6391593176599,55.01383084160599,54.35580072635864,54.58755111694336,29196000
2019-07-02,54.82724275399014,55.22722052062033,54.571178081216495,55.21282958984375,20630000
2019-07-03,55.50560890339317,55.976553097783686,55.324478559599264,55.72842788696289,20154000
2019-07-05,55.54879100412245,56.30706171494862,55.45599391646255,56.208805084228516,29794000
2019-07-08,55.87135130201756,55.93785019845802,55.171144122246865,55.42075729370117,29888000
2019-07-09,55.09968236348599,55.97010840456372,54.94237029434849,55.792945861816406,29472000
2019-07-10,56.19143798604242,56.68868044405194,56.10906022094449,56.61771774291992,30710000
2019-07-11,56.87824460644455,57.22959004285512,56.54923331942551,56.7750244140625,26004000
2019-07-12,56.71795608325862,56.944742917427156,56.5010963789597,56.83755111694336,21878000
2019-07-15,56.83755177030159,57.10255162116014,56.5725557055338,57.0941162109375,21164000
2019-07-16,56.906526603224165,57.49458596594316,56.906526603224165,57.24050521850586,25352000
2019-07-17,57.11446053129008,57.48764033962764,56.901072677692355,56.90702819824219,19538000
2019-07-18,56.67181030517987,56.97799906996753,56.218240369568065,56.931846618652344,25450000
2019-07-19,57.035058424493094,57.147210000503584,56.13833422209774,56.153221130371094,23184000
2019-07-22,56.34775013685135,56.57354500725381,55.838600460858665,56.533348083496094,28914000
2019-07-23,56.74375969610451,57.01223137784008,56.217735417813536,56.9720344543457,20648000
2019-07-24,56.20632494474879,56.8435088939679,56.0023644434393,56.55915832519531,27192000
2019-07-25,56.520443518190056,56.750705969094305,55.764160586237736,56.37107467651367,54762000
2019-07-26,60.939565881301206,62.94391868922244,60.939565881301206,61.79410934448242,121216000
2019-07-29,61.65911913065302,61.9811867062708,61.04872940416391,61.626365661621094,41382000
2019-07-30,60.88992804848527,61.381714692555285,60.80655833724277,60.93955612182617,28616000
2019-07-31,60.78423845371379,61.282472895668356,59.95599695482674,60.45323944091797,39960000
2019-08-01,60.42494580862854,61.351443824494446,59.897429805871845,60.134639739990234,35426000
2019-08-02,59.69893422702038,60.02149400997808,59.05380708892359,59.36743927001953,34910000
2019-08-05,58.208691146682185,58.40272829512704,56.70902440596299,57.30452346801758,47840000
2019-08-06,57.83899114512684,58.6270356928859,57.64098615930609,58.114906311035156,36014000
2019-08-07,57.4558794564176,58.55110461947859,57.11048954945884,58.354591369628906,30686000
2019-08-08,58.87664505680203,59.86170257050078,58.25980758304627,59.85723876953125,30116000
2019-08-09,59.549560332952176,59.77138359606932,58.800221064268946,58.99921798706055,20418000
2019-08-12,58.5575538283192,58.83594885008432,57.997784131552514,58.28461456298828,22064000
2019-08-13,58.27717122757567,59.81951849658045,58.209684163982665,59.387779235839844,28434000
2019-08-14,58.362526641457315,58.69600548341399,57.61815098115511,57.77595901489258,35430000
2019-08-15,57.9833964394035,58.37989857697073,57.71393279011932,58.02756118774414,28506000
2019-08-16,58.596754808410694,58.7481113386878,58.2101760625332,58.51834487915039,24916000
2019-08-19,59.14461630519966,60.016034239846476,59.073653612025325,59.5718879699707,24450000
2019-08-20,59.31930231899427,59.45080839192116,58.70891256914688,58.732730865478516,20206000
2019-08-21,59.3426255842237,59.57784782839805,58.95058724856954,59.1322135925293,14152000
2019-08-22,59.24237784247647,59.48951111379449,58.50346170389062,59.129234313964844,17352000
2019-08-23,58.81412126647175,59.33518582013697,57.068809058396305,57.24646759033203,36254000
2019-08-26,57.537761518563784,58.153607029039634,57.30948675302142,58.1198616027832,21166000
2019-08-27,58.70643544792802,58.80568403312565,57.79134865092977,58.10200119018555,23460000
2019-08-28,57.80672772087879,58.48311659031229,57.577461005391356,58.247398376464844,16810000
2019-08-29,58.87615066730141,59.509862764533025,58.81957889810196,59.26422119140625,19636000
2019-08-30,59.56742388475068,59.56742388475068,58.84140697094788,59.08010482788086,18064000
2019-09-03,58.64936843089771,59.00815735668165,57.74917225984201,58.03898239135742,25908000
2019-09-04,58.53025506709347,58.799718679072164,58.137224829136194,58.670196533203125,21312000
2019-09-05,59.23543299199942,60.244808550216014,59.18729663524469,60.15498733520508,26394000
2019-09-06,60.00363090615744,60.19270070231351,59.711833111701424,59.86368942260742,18972000
2019-09-09,59.9013980515206,60.56984745309452,59.21111426670487,59.81157684326172,31854000
2019-09-10,59.356020306997124,60.0463041034778,59.352048698117684,59.832916259765625,27922000
2019-09-11,59.74310099718435,60.66513526783259,59.663203122517,60.54256057739258,23522000
2019-09-12,60.71475735944428,61.65515035041213,60.66959686972781,61.28544616699219,31644000
2019-09-13,61.143518317793806,61.58716864809238,60.89390513944056,61.53654861450195,23676000
2019-09-16,61.06064212934276,61.4864258802319,60.80010987565315,61.11969757080078,28218000
2019-09-17,61.11969369924659,61.28692909733656,60.70879688269481,61.0328483581543,20806000
2019-09-18,61.050712142000485,61.34846163406153,60.36737586510197,61.17030715942383,17440000
2019-09-19,61.15393834771832,61.750429346275254,61.153442369852456,61.473026275634766,16554000
2019-09-20,61.21944617283537,61.674011814634476,60.72021980315682,61.0308723449707,37692000
2019-09-23,60.86859560962073,61.51918230832186,60.73014205515717,61.27155303955078,20798000
2019-09-24,61.53506100453413,61.88789437739682,60.07807104425178,60.459686279296875,35804000
2019-09-25,60.34455064724605,61.93305035535258,60.00660420799372,61.829830169677734,26798000
2019-09-26,61.64125725959552,61.76681160275581,61.12912790123598,61.64870071411133,23166000
2019-09-27,61.67549065541405,61.782682444266634,60.3043504775199,60.83782196044922,34122000
2019-09-30,60.572330773891714,60.91027722067132,60.2160255738023,60.59912872314453,24470000
2019-10-01,60.666126932569135,61.180739967134514,59.82547847431544,59.847808837890625,24504000
2019-10-02,59.37637233927797,59.488523921057975,58.19182189569117,58.45433807373047,33030000
2019-10-03,58.72330700673478,59.103434317624526,57.720882653713154,59.0255241394043,28368000
2019-10-04,59.26669890627173,60.16838669335828,59.10194338370747,60.09394836425781,24282000
2019-10-07,59.89743371448087,60.48846899773662,59.76642361303443,59.95946502685547,17040000
2019-10-08,59.48901657316592,59.89097823911531,59.027999466165745,59.06025695800781,20086000
2019-10-09,59.61606279756548,59.9698881312016,59.45676302534878,59.669158935546875,15948000
2019-10-10,59.48058101672487,60.32519724822251,59.443859724165584,60.02000427246094,12842000
2019-10-11,60.74254689680836,60.97677718184017,60.22694192579406,60.32966613769531,22330000
2019-10-14,60.239350777041764,60.834353873471784,60.13960621545957,60.4318962097168,13296000
2019-10-15,60.61699137149783,61.8888792066184,60.58820951262969,61.64621353149414,27584000
2019-10-16,61.62488162918652,62.23923921742537,61.46211001552776,61.683937072753906,22986000
2019-10-17,62.100786616671584,62.71365628063968,62.024860351544284,62.17026138305664,20958000
2019-10-18,62.264051677322506,62.43376697711885,61.542006328101955,61.75390625,31624000
2019-10-21,61.96679897605688,62.20549306480344,61.534563716358846,61.74745559692383,18094000
2019-10-22,61.75737612513315,61.96828408455127,61.527613434843985,61.594608306884766,22862000
2019-10-23,61.54547975119606,62.430292892111794,61.54547975119606,62.40994644165039,21282000
2019-10-24,62.4833984375,62.67147628716954,62.14793185665674,62.4833984375,20224000
2019-10-25,62.13055797308663,62.924561762183096,61.989128556438885,62.74094772338867,27104000
2019-10-28,63.27193493925215,64.47484407974726,63.13844495607343,63.96569061279297,65428000
2019-10-29,63.32156072139052,63.55976261853793,62.30970526205606,62.5603141784668,52654000
2019-10-30,62.286878653382274,62.92555429284906,62.0635674519653,62.56229782104492,29204000
2019-10-31,62.52755755183706,62.851113061666055,62.00550110208573,62.4680061340332,31904000
2019-11-01,62.81538763066667,63.17268858752227,62.51317050822479,63.135467529296875,28812000
2019-11-04,63.32701472229099,64.1403691605057,63.32701472229099,63.996952056884766,30632000
2019-11-05,64.07585751373018,64.3755947325822,63.98554410909074,64.0877685546875,25148000
2019-11-06,64.02077645871792,64.16468575930595,63.63270975280702,64.0664291381836,24626000
2019-11-07,64.22869264566916,65.636557794321,64.20239446434289,64.85694885253906,45140000
2019-11-08,64.58798684681432,65.36164416769404,64.58798684681432,64.95918273925781,30392000
2019-11-11,64.71105873497332,64.75572703245952,64.30761291533182,64.42720794677734,17234000
2019-11-12,64.44159057864232,64.97655000563367,64.22671480495114,64.37409973144531,28852000
2019-11-13,64.17410615291206,64.63760687594893,64.12299393647223,64.32298278808594,20538000
2019-11-14,64.26443792254808,65.29267201875889,64.21183397776251,64.96662902832031,28948000
2019-11-15,65.25942006575623,66.17698669433594,65.10260019319165,66.17698669433594,39286000
2019-11-18,66.11742915048329,66.19583908399201,65.31449780142827,65.49711608886719,27984000
2019-11-19,65.83407592862483,65.83407592862483,65.09665145673138,65.13734436035156,21864000
2019-11-20,65.07629477510854,65.16809988972264,63.97710193053472,64.6048583984375,28892000
2019-11-21,64.47533983135945,65.06438734597921,64.05352392914187,64.5195083618164,25546000
2019-11-22,64.6614339170369,64.85497128596099,63.984549103644646,64.19843292236328,27776000
2019-11-25,64.32698035803068,65.02917158781669,64.29472285920191,64.7924575805664,23590000
2019-11-26,65.00434770441765,65.20781222608903,64.71305344747026,65.1576919555664,21910000
2019-11-27,65.27778094932138,65.38794861074426,64.98251132326297,65.11450958251953,18808000
2019-11-29,64.84010042980589,65.0063401281191,64.67286120338038,64.71553802490234,12802000
2019-12-02,64.63960041458883,64.78252533740228,63.5389157070264,63.959739685058594,26538000
2019-12-03,63.45356189650626,64.37510393525106,63.37366781140592,64.25153350830078,25270000
2019-12-04,64.81526974961815,65.71695745819278,64.66390942910238,65.45245361328125,35506000
2019-12-05,65.85243251978387,65.90106863745048,65.22319186246219,65.85044860839844,24408000
2019-12-06,66.13777413827592,66.62012962490077,66.06234764572054,66.46728515625,32968000
2019-12-09,66.44099402177967,67.3684878249975,66.3025366818837,66.64594268798828,30842000
2019-12-10,66.49458298125603,66.89456071406927,66.19980555592782,66.64097595214844,17606000
2019-12-11,66.9094463945745,66.98834851678667,66.55214547915192,66.70846557617188,20480000
2019-12-12,66.65686406966326,67.22109762614981,66.40824662381249,66.91888427734375,29114000
2019-12-13,66.88960557672098,67.0608126152682,66.5799487596334,66.83849334716797,33170000
2019-12-16,67.24193676714194,67.66523683096499,67.02408511896854,67.5248031616211,28128000
2019-12-17,67.60966052985063,67.70494128866822,67.0320242423483,67.23648071289062,32948000
2019-12-18,67.34119300214664,67.46177999872991,67.01664928638156,67.0886001586914,23330000
2019-12-19,67.08858973815528,67.36748829817319,66.93177744777162,67.31339263916016,28922000
2019-12-20,67.64389141443849,67.6885521335127,67.03002990648528,67.0543441772461,50090000
2019-12-23,67.42704715712873,67.58187556195193,66.89457132071418,67.02508544921875,19936000
2019-12-24,67.00423382720653,67.09356285074838,66.70450417230641,66.71739959716797,13468000
2019-12-26,66.8226119301376,67.64887327109261,66.77099993853264,67.61264038085938,23662000
2019-12-27,67.6885604829738,67.83992081252498,67.14268951409021,67.22407531738281,23212000
2019-12-30,67.33175348084139,67.34118084559142,66.39036485397101,66.48316192626953,19994000
2019-12-31,66.28863469556742,66.53030841671966,66.10700836784599,66.46728515625,19514000
2020-01-02,66.91490324811264,67.9207992553711,66.81962250301638,67.9207992553711,27278000
2020-01-03,66.89456517269056,68.17240862427808,66.86081596073402,67.56549072265625,23408000
2020-01-06,67.07470353986153,69.39170027421379,67.04344557379943,69.36639404296875,46768000
2020-01-07,69.49789480129157,69.64875536577131,69.05623219302926,69.2323989868164,34330000
2020-01-08,69.21799682818892,70.0631127279086,69.10932089642078,69.72516632080078,35314000
2020-01-09,70.56333031718493,70.89830085438531,69.98172629744387,70.45713806152344,33200000
2020-01-10,70.93751472809956,71.20896226489012,70.44771578618479,70.91220092773438,26258000
2020-01-13,71.22433416806855,71.5334987061148,70.73404308393823,71.4615478515625,30730000
2020-01-14,71.46006422047215,71.5905783300735,70.85314635097474,70.99309539794922,26076000
2020-01-15,71.11368347743128,71.49877431407914,71.04619262822877,71.42036437988281,21550000
2020-01-16,71.73052581710354,71.99106186638656,71.46007021003983,71.96426391601562,26080000
2020-01-17,72.57862458072043,73.47236924908141,72.28137099518135,73.42125701904297,52424000
2020-01-21,73.39542948481896,73.93535620796195,72.95922648339723,73.55671691894531,48930000
2020-01-22,73.92791744068087,74.46634490630905,73.57706803004864,73.6371078491211,28458000
2020-01-23,73.81974363908597,74.1150132847147,73.4609509628069,73.67781066894531,26650000
2020-01-24,74.08125496952862,74.14973777065077,72.61036646497563,72.75875091552734,29786000
2020-01-27,71.04024762156224,71.29035678349074,70.44275705144024,71.04967498779297,34132000
2020-01-28,71.54641358018323,72.19451657572402,70.98168030050765,71.98113250732422,29724000
2020-01-29,72.37613299807809,72.65800740750734,71.72753789963183,72.2887954711914,21566000
2020-01-30,71.36578143499277,72.2168492041988,71.21194499533239,72.16722869873047,27110000
2020-01-31,72.8426206238996,72.93244183951124,70.81791775939544,71.10177612304688,43822000
2020-02-03,72.53444375093086,73.75770686602394,72.2843346143234,73.57408905029297,71636000
2020-02-04,72.17913629710675,72.81681238861734,70.56830620024466,71.7285385131836,95880000
2020-02-05,72.63170618173763,72.67984253452366,70.94793336208039,71.76029205322266,36376000
2020-02-06,72.05456565445883,73.52247823589383,71.98013112225189,73.24507141113281,37822000
2020-02-07,72.81930526031172,73.70560645975844,72.72104862525042,73.40090942382812,28360000
2020-02-10,73.30762192172601,74.87825154536428,73.20688160848441,74.8673324584961,38302000
2020-02-11,75.09608642959354,75.92036372100134,74.70801974601746,74.9367904663086,34852000
2020-02-12,75.22461806580742,75.44495338113576,74.86781690908632,75.3620834350586,31042000
2020-02-13,74.93382724585919,75.7253474175751,74.63607391004925,75.10205841064453,22914000
2020-02-14,75.15861826834625,75.43254947654793,74.71298029109376,75.3670425415039,23198000
2020-02-18,75.14919769716833,75.95411300380982,74.98394241111538,75.40228271484375,25642000
2020-02-19,75.7873725080763,75.9630471132219,75.47870768352672,75.67174530029297,22746000
2020-02-20,75.38093357680475,75.78091128378992,74.6489611974282,75.28069305419922,25962000
2020-02-21,74.66484862101126,74.98096446759392,73.37013437097549,73.61676788330078,42520000
2020-02-24,70.61892109008193,71.28042685845558,69.81202186636781,70.46061706542969,49560000
2020-02-25,71.01345207622762,71.30375438851503,68.50341762530834,68.79620361328125,51580000
2020-02-26,69.22594718689604,70.15344093186029,68.31135643850625,69.00213623046875,49776000
2020-02-27,67.4473896252563,67.95654311110967,65.21922220576265,65.25445556640625,62290000
2020-02-28,63.23769037956694,66.61913861220282,62.93497730501943,66.46034240722656,80198000
2020-03-02,67.06280243372319,68.85326757659175,65.76312069292557,68.79620361328125,55430000
2020-03-03,69.35994133870133,69.8814980608443,65.96359831152199,66.3844223022461,56602000
2020-03-04,67.43845113577657,68.62052161924996,66.34868554057559,68.56196594238281,47598000
2020-03-05,66.77297822404104,67.1739555088367,64.59394677616034,65.24502563476562,54380000
2020-03-06,63.021331540993415,64.64902873567758,62.389107394937724,64.30116271972656,64640000
2020-03-09,59.796201666927104,62.16679053047271,59.45279565268837,60.333641052246094,69252000
2020-03-10,62.249166437969265,63.3141180465607,60.27011622097382,63.280372619628906,54872000
2020-03-11,61.94545674944562,62.37520830714135,59.11037541001644,60.090965270996094,54732000
2020-03-12,55.71007507321957,58.991779169436185,55.007880149700426,55.16072463989258,94326000
2020-03-13,58.30893660682994,60.264660727196514,55.19744391380035,60.258209228515625,79400000
2020-03-16,54.071946637182414,56.8440010306716,52.95389514808521,53.247676849365234,96520000
2020-03-17,54.12306272429023,55.87780214419819,52.06163860584557,55.48377990722656,83194000
2020-03-18,52.59957358482276,54.83518057354146,51.461171864578795,54.15035629272461,93044000
2020-03-19,54.00296388264597,57.19832190247575,52.381714567339266,55.16667175292969,74064000
2020-03-20,56.12096445623993,56.49712392196647,52.70676254783707,53.009971618652344,82878000
2020-03-23,52.422412216355276,52.94546064378,50.06522244779054,52.31125259399414,83672000
2020-03-24,54.78505912386957,56.241553000148,53.91413715081012,56.07679748535156,72468000
2020-03-25,55.807331872007914,56.87873487195251,53.744419951306355,54.66794204711914,90324000
2020-03-26,55.318030110125996,58.13474890041743,54.19203923465437,57.709957122802734,76562000
2020-03-27,55.950757675221226,57.12091723856907,54.78605765504948,55.096710205078125,62794000
2020-03-30,56.20731596127036,57.118431141959434,54.51262006874927,56.88568878173828,58736000
2020-03-31,57.0057770759988,58.230024543303415,56.40977830125608,57.66181945800781,65228000
2020-04-01,55.77855459200828,56.047522260736905,54.26449313887209,54.69176483154297,51970000
2020-04-02,54.58755454494788,55.71751713604939,54.24663221103603,55.43267059326172,56410000
2020-04-03,55.317533807276405,55.52000256570381,53.35089456161916,54.225284576416016,51374000
2020-04-06,56.22518244004085,59.09102601174513,55.82818053071941,58.71586227416992,63320000
2020-04-07,60.39417589671466,60.581265562426175,58.42108508282757,58.684593200683594,61620000
2020-04-08,59.703896841217,60.28947258656192,58.753576673054766,59.89743423461914,40334000
2020-04-09,60.45223933607273,60.64130912701154,59.17389614347068,59.87609100341797,54028000
2020-04-13,59.62449181891167,60.270610868569676,58.67317980519801,60.066650390625,38702000
2020-04-14,61.533568790759,63.309150595298796,60.96635185248098,62.7870979309082,63358000
2020-04-15,61.858118318287886,63.277394976794355,61.2373092479215,62.39357376098633,42236000
2020-04-16,62.881880136039015,63.19054874433473,61.44573267770072,62.400020599365234,57896000
2020-04-17,63.60441823493848,64.01630701041135,62.82530519253445,63.47043228149414,51050000
2020-04-20,63.01834841560059,63.362250375613705,62.35089094601759,62.584625244140625,35292000
2020-04-21,61.669544964144556,62.03130971478895,59.79818256505655,60.153499603271484,49648000
2020-04-22,61.59014299817593,63.51410555283705,61.39610963710134,62.44865798950195,46296000
2020-04-23,62.812407383951104,63.92450716957352,62.553862820825465,63.081871032714844,34202000
2020-04-24,62.27943458992633,63.40642126585509,61.73355982484232,63.35133743286133,37402000
2020-04-27,64.11555906230626,64.21977499252665,62.77866017804189,63.06648635864258,44186000
2020-04-28,63.67886133804558,63.75627174373277,61.05766382769787,61.167335510253906,80700000
2020-04-29,66.74569252820935,67.49751173595581,65.83904492056368,66.60575103759766,108358000
2020-04-30,66.06880110856797,66.99381116559951,65.57949434545334,66.83004760742188,55842000
2020-05-01,65.70802521248906,67.064778326554,64.99193919376505,65.37206268310547,48872000
2020-05-04,64.91600715534007,65.72688166442003,64.31454886708369,65.64896392822266,30806000
2020-05-05,66.37350578620796,68.03644021724791,66.25093487839713,66.94518280029297,39666000
2020-05-06,67.39080984704172,67.92130167738333,66.75213427208723,66.76702117919922,31732000
2020-05-07,67.55508180757198,68.28407852805599,67.11987062157155,67.95059204101562,30652000
2020-05-08,68.57287482915758,69.30831524222185,68.08605180296101,68.69792938232422,33326000
2020-05-11,68.32326593344159,70.24573665773038,68.25925071596942,69.65321350097656,32718000
2020-05-12,69.88298191912625,70.18618717942246,68.21012061062113,68.24337005615234,33918000
2020-05-13,68.29200962513352,68.74707504318368,65.90256218086446,66.91094207763672,40368000
2020-05-14,66.17598785756756,67.35954237194446,65.66881835817256,67.33423614501953,36660000
2020-05-15,66.90746177228863,68.21358719606583,66.44792885100179,68.1381607055664,41544000
2020-05-18,67.56847263256927,69.11577969209408,67.20223652116248,68.7396240234375,47094000
2020-05-19,68.7545048182942,69.10237078740617,68.17290078356297,68.20465850830078,31586000
2020-05-20,68.93712559506159,70.07205161178385,68.85078001844624,69.92962646484375,38262000
2020-05-21,70.02043625136312,70.29188377229937,69.19665875184697,69.81002807617188,30894000
2020-05-22,69.66860218679889,70.31868908167836,69.27408397743726,70.1321029663086,28544000
2020-05-26,71.55732784975878,71.713647949531,70.43778849540769,70.5355453491211,44590000
2020-05-27,70.46756561892757,70.73306143347727,69.20709277694024,70.48146057128906,31684000
2020-05-28,69.47506277315657,71.68139184261054,69.42941009442607,70.3802261352539,35170000
2020-05-29,70.48890927787944,71.297800014484,70.26808174332169,71.13850402832031,37044000
2020-06-01,70.75043989423999,71.53848444367638,70.58071700764269,71.20549774169922,25162000
2020-06-02,71.21193893289512,71.60894080375162,70.54745734497106,71.57469940185547,23442000
2020-06-03,71.59405093550622,71.9071833180926,71.0442046165178,71.42284393310547,27732000
2020-06-04,71.30027935945657,71.5255820636348,69.7733185639885,70.18470764160156,26982000
2020-06-05,70.25119916881421,71.7727078334822,69.85320532299941,71.4610595703125,42642000
2020-06-08,70.77921607068053,71.90669115835331,70.68988704719936,71.85905456542969,33878000
2020-06-09,71.72010158033224,72.8396409679758,71.57717666408816,72.05953216552734,33624000
2020-06-10,72.52750225479329,73.08627622015612,72.17268498934844,72.68580627441406,31762000
2020-06-11,71.51118424615481,72.03572441713648,69.39616788575559,69.5693588256836,47144000
2020-06-12,70.75836219306613,71.1876215355899,68.77038463113773,70.11621856689453,36676000
2020-06-15,68.95350509114319,70.71568786340231,68.8398618016423,70.50428771972656,30468000
2020-06-16,71.90668995328939,72.31212725295,70.91369682317725,71.78114318847656,30648000
2020-06-17,72.10222120320456,72.56174660860705,71.21839618065276,72.08236694335938,30610000
2020-06-18,71.94887494859431,72.10370333903218,70.77722376842894,71.16827392578125,34862000
2020-06-19,71.4600764031913,71.68338762751483,70.41794726010522,70.69783782958984,52784000
2020-06-22,70.71619099609049,72.00346179403014,70.42737286211982,71.98906707763672,29442000
2020-06-23,72.05557069329991,73.20687548167953,71.70819685962732,72.65007781982422,37752000
2020-06-24,72.61533435670397,73.23613958578959,70.96381147221909,71.0978012084961,31592000
2020-06-25,71.02435732770277,71.5751956563901,70.44473713789317,71.51465606689453,23958000
2020-06-26,71.09433269950638,71.31218435810231,67.24193998415596,67.6161117553711,97640000
2020-06-29,67.50693541130255,69.37581791051717,67.07569211299183,69.33462524414062,45074000
2020-06-30,69.32023932105565,70.66606584717748,68.82646494071054,70.37079620361328,40286000
2020-07-01,70.42637638438264,71.88088628212557,70.17874335966512,71.55931091308594,42182000
2020-07-02,72.04763818332158,73.86788472318719,72.00942138081768,72.94535064697266,57218000
2020-07-06,73.84951154751805,74.93381756362824,73.29519761693808,74.42019653320312,44712000
2020-07-07,74.24552768558216,75.4955812741531,73.9264359557316,73.9373550415039,42364000
2020-07-08,74.4772614303608,74.99187437067073,74.05544555871522,74.6162109375,31766000
2020-07-09,74.9303363838657,75.88363602763697,74.21871801997248,75.36356353759766,41836000
2020-07-10,75.0951154049024,76.489086092297,74.47331804943094,76.37345886230469,35918000
2020-07-13,76.91585336815388,78.2269463706536,74.7631199227052,75.04449462890625,42954000
2020-07-14,74.07977692160784,75.56902051449428,73.73934679927795,75.47274780273438,38108000
2020-07-15,75.59036199992138,76.24044892666795,74.32988909406994,75.2752456665039,31026000
2020-07-16,74.51200517404082,75.2271068276227,73.85546677030331,75.177978515625,26484000
2020-07-17,75.2767261723641,75.60028547250893,74.34328068659873,75.27375030517578,34264000
2020-07-20,75.18194791342034,77.86219724741542,74.5715619416608,77.60563659667969,30166000
2020-07-21,78.6571989280485,78.75743947318507,77.04884475758148,77.21260833740234,27486000
2020-07-22,77.20217285392138,77.76144652618308,76.58285179107716,77.65574645996094,24482000
2020-07-23,77.70935063528133,77.92869400834472,74.86384609206827,75.26879119873047,33910000
2020-07-24,74.39737923019781,75.20328650022337,73.82172685321873,74.8449935913086,29902000
2020-07-27,75.09560151396478,76.30148653573652,75.04944906873521,75.89803314208984,27124000
2020-07-28,75.67819779262315,75.7283180610167,74.46337759336177,74.61870574951172,30910000
2020-07-29,74.68569706970071,76.0915709811105,74.58694068015295,75.60425567626953,22676000
2020-07-30,74.33681896840072,76.46672935903464,74.19786946357056,76.3416748046875,36042000
2020-07-31,74.2911740746664,74.68668422705532,72.1548119628586,73.83958435058594,91468000
2020-08-03,73.9909441597244,74.32491519567483,73.03416882186066,73.58203125,45482000
2020-08-04,73.77805289203164,74.09565287557423,72.65255421158827,73.11257934570312,37212000
2020-08-05,73.28726620357594,73.94132093873706,73.00935957632822,73.39990997314453,29134000
2020-08-06,73.25401607153279,74.74871922040799,73.04310810672321,74.68321228027344,33306000
2020-08-07,74.88618940652373,75.4345440924859,73.75622301234296,74.356689453125,27718000
2020-08-10,73.98102461614714,74.79239144853135,73.32051078592585,74.27976989746094,20546000
2020-08-11,74.13982012855085,74.95566211247646,73.35525125440243,73.47187042236328,31098000
2020-08-12,73.79840700821114,75.01670289215501,73.6931991158398,74.79685974121094,22512000
2020-08-13,74.84499197246967,76.27221184265196,74.84499197246967,75.26382446289062,22388000
2020-08-14,75.1129659624535,75.41965445670148,74.38794473023643,74.6673355102539,21942000
2020-08-17,75.23008930724868,75.6176638667911,74.68570243226462,75.24348449707031,19990000
2020-08-18,75.73377735195302,77.28456008844866,75.51294982781033,77.20565795898438,28378000
2020-08-19,77.04238688913141,77.85475322202173,76.42257355605528,76.6513442993164,30472000
2020-08-20,76.42108908080341,78.41601831022678,76.14765758595809,78.22148895263672,26382000
2020-08-21,78.00064306227968,78.99711936961243,77.52970640732595,78.18773651123047,34838000
2020-08-24,79.02639966986824,79.83579016442737,78.16143693431773,78.66314697265625,25638000
2020-08-25,78.41252540445169,79.8407370681416,78.30235775166516,79.69037628173828,25150000
2020-08-26,79.71271651139712,82.01978600785452,79.44871240871136,81.59002685546875,52188000
2020-08-27,81.71309628506668,81.78157909214075,80.33352058616987,80.81538391113281,31350000
2020-08-28,80.86252964148268,81.45206939327979,80.67097616967305,81.3567886352539,22418000
2020-08-31,81.56223291953953,81.60838536257283,80.65707712251383,80.8655014038086,26422000
2020-09-01,80.99602062020955,82.33887127868402,80.86550650072458,82.1334228515625,22652000
2020-09-02,82.77506893604762,85.65779065315286,82.38700223432284,85.22555541992188,49522000
2020-09-03,84.33876290318153,84.36258498681123,79.7826871845487,80.86451721191406,63726000
2020-09-04,79.8467122992419,81.13646702368231,76.32184613668224,78.46763610839844,55850000
2020-09-08,75.6781859957847,77.19422733305377,75.25637012693613,75.60871124267578,54032000
2020-09-09,76.86424966705825,77.35156505620792,75.6866465317734,76.78137969970703,39242000
2020-09-10,76.92775807382651,78.09295018003152,75.43007148898609,75.73030090332031,33024000
2020-09-11,75.83451909086573,76.35805971799056,74.09119089442812,75.21966552734375,30706000
2020-09-14,76.00819769874438,77.26619442098949,74.69115310887393,74.8757553100586,42660000
2020-09-15,75.82161195068608,76.96794929706259,75.53428554034802,76.1803970336914,23042000
2020-09-16,76.54564251599456,77.1356820188287,75.01272258332794,75.03753662109375,22128000
2020-09-17,73.73339423552551,74.37107796130607,72.57465352945174,73.79443359375,40008000
2020-09-18,73.85696644381204,74.19938051714477,71.04421883540799,72.01041412353516,63056000
2020-09-21,71.04420674157839,71.46303920509229,69.6080593619409,70.97076416015625,56908000
2020-09-22,71.97220517706418,72.64958987142754,70.93901121787594,72.44364166259766,33950000
2020-09-23,72.0600394464178,72.10916776182562,69.60806854673329,69.94104766845703,37726000
2020-09-24,69.608060937413,71.3603166157109,69.58175518077466,70.60948944091797,34552000
2020-09-25,70.7181666964046,71.75482846616116,69.85617998146562,71.41341400146484,30326000
2020-09-28,73.04757600974902,73.09719651380165,71.77171646612977,72.38607025146484,30784000
2020-09-29,72.64660413596586,73.0480660321558,72.15481369174223,72.75131225585938,31816000
2020-09-30,72.49920672624663,73.7527357851772,72.24215391271358,72.73046112060547,40924000
2020-10-01,73.62669659515059,74.19292159737675,73.28626646757014,73.83710479736328,32884000
2020-10-02,72.4342113053677,73.39693849816092,71.82481725926408,72.23422241210938,31222000
2020-10-05,72.58408167311056,73.67831497337035,72.4570431761626,73.58551788330078,21602000
2020-10-06,73.2217474911822,73.66936177459218,71.70868203186365,72.00692749023438,26096000
2020-10-07,72.41833226107926,72.89771194466147,71.12411009707938,72.40989685058594,36108000
2020-10-08,72.72302733778457,73.84355876633454,72.72302733778457,73.61528778076172,26076000
2020-10-09,74.08324039010259,75.02562099842726,73.79243836136804,74.95614624023438,32966000
2020-10-12,76.32332446809873,78.82541548276977,75.89158140633867,77.64285278320312,55344000
2020-10-13,78.2591971477664,78.66364249122451,77.34709005860579,77.76592254638672,39072000
2020-10-14,78.13959902321865,78.59862463075144,76.71535508565292,77.58577728271484,33174000
2020-10-15,76.64588265062753,77.9807976103411,76.47865102987744,77.19026947021484,31210000
2020-10-16,77.50588599458379,78.29393046378365,77.29895342687239,77.79718780517578,34194000
2020-10-19,78.20559891498712,78.60260079245475,75.57497780370291,75.92383575439453,29734000
2020-10-20,75.58440111837055,78.10187856628933,75.45487896936599,76.972412109375,41670000
2020-10-21,77.90387889868303,80.15140068876588,77.76939696227232,78.70482635498047,60322000
2020-10-22,78.65568937073094,80.0660306624165,78.28250961052231,79.7305679321289,30512000
2020-10-23,80.1469434481856,81.09329204821135,79.9911155131261,81.0367202758789,30548000
2020-10-26,80.14446072510476,80.86799030379444,77.80116565806325,78.62047576904297,35826000
2020-10-27,78.85073845377127,79.49933371931064,78.25821519735359,79.3445053100586,25902000
2020-10-28,76.91933463208973,77.1079046910693,74.858406168751,74.9735336303711,45174000
2020-10-29,75.28217318445056,78.84127946055317,75.25885087041894,77.2602310180664,55406000
2020-10-30,82.74679062825668,83.4355865281123,79.47798597119375,80.19953155517578,99878000
2020-11-02,80.56824749297716,82.29023716014902,80.10673063697057,80.6069564819336,44228000
2020-11-03,80.92653109164593,82.32793717361481,80.00102138267353,81.66593933105469,31432000
2020-11-04,84.63948898890001,87.83782697800774,84.5114585454135,86.63789367675781,71342000
2020-11-05,87.85867537255696,88.91916707061918,86.39870562704795,87.46415710449219,39758000
2020-11-06,86.91032668013082,87.76189413906489,86.18282183232226,87.3266830444336,28622000
2020-11-09,89.12559131535588,90.16324512356621,87.21849969739831,87.4105453491211,53440000
2020-11-10,85.83992542478141,87.30932243182015,85.16254076469718,86.23444366455078,43022000
2020-11-11,86.76443103612137,87.4839927088133,86.49943497923725,86.70637512207031,31838000
2020-11-12,86.44682541087165,87.58721098528301,86.24683654348757,86.48751831054688,26474000
2020-11-13,86.74457016086399,88.19014476827796,86.1480792484546,87.94847106933594,29744000
2020-11-16,87.54552502493586,89.04420345983792,87.40607574489121,88.03631591796875,25468000
2020-11-17,87.73012768241678,88.19065257156724,87.31477085146919,87.42245483398438,21314000
2020-11-18,87.17334492122757,87.58820959498601,86.27661691281018,86.37934112548828,20108000
2020-11-19,86.01162222429092,87.51327668318758,85.85232624194083,87.26911926269531,20106000
2020-11-20,87.43933016329416,87.75494624561959,86.099455426142,86.16793823242188,27694000
2020-11-23,86.35850382471271,86.64483829608162,84.86776845214185,85.7302474975586,22530000
2020-11-24,85.72727875123434,87.66166082658789,85.39131617438525,87.53363037109375,27984000
2020-11-25,87.72766219346009,87.85519287716374,86.76245134021605,87.54503631591797,19600000
2020-11-27,87.56536725366868,89.17669693905175,87.56536725366868,88.68093872070312,14790000
2020-11-30,88.1167194862883,88.34945805842784,86.73664396560041,87.06218719482422,32418000
2020-12-01,87.67058926121352,90.40294282397186,87.49044706213408,89.0948257446289,37350000
2020-12-02,89.09482724425072,90.94981487855388,88.58914937963489,90.56422424316406,29424000
2020-12-03,90.34438241647054,91.50014714254405,90.16870781369849,90.40889739990234,24728000
2020-12-04,90.32850630008762,90.7890236553359,89.99948744675892,90.50418090820312,20544000
2020-12-07,90.09675400163334,90.77860623301,89.47594869785405,90.17020416259766,22288000
2020-12-08,89.74790262698619,90.11760684582036,88.89236720463734,89.88734436035156,19936000
2020-12-09,89.8392011100304,90.73295326690491,87.43933447683615,88.22638702392578,31728000
2020-12-10,87.46911000864011,88.08396358785399,86.02651096263251,87.71971893310547,28688000
2020-12-11,87.34007541184674,88.19908629682062,86.97979863058944,88.07452392578125,18628000
2020-12-14,87.87206853297646,88.81890924399337,86.80065786516951,86.95598602294922,33050000
2020-12-15,87.33312959787565,87.53857801501006,86.43045746319423,87.3936767578125,21352000
2020-12-16,87.79216907373542,87.79216907373542,86.79719198041016,87.20063781738281,24676000
2020-12-17,87.53510271786834,87.67306027360551,85.90839390693748,86.37287902832031,34880000
2020-12-18,86.65377457814161,86.7624505284676,85.10695960958034,85.66374969482422,85256000
2020-12-21,84.81566435051904,86.19871585469966,84.06483705363522,86.07762908935547,33974000
2020-12-22,85.81808690722899,85.9808585248168,84.64941910188612,85.36600494384766,20370000
2020-12-23,85.55011993593516,86.55154859463029,85.41463845328948,85.76350402832031,22974000
2020-12-24,85.8017013279546,86.46717488960903,85.57094668185455,86.05776977539062,9312000
2020-12-28,86.5912375649003,88.67995556645543,86.43790089801071,88.03284454345703,27650000
2020-12-29,88.69138091250761,88.75291246047898,87.0974215338382,87.22892761230469,19726000
2020-12-30,87.58820379818833,87.72516940602775,85.75207866076447,86.16148376464844,21026000
2020-12-31,86.21212276882571,87.21603515927336,86.15355950897518,86.97486114501953,21070000
2021-01-04,87.34008358640446,87.4636464411681,84.71690581732847,85.65928649902344,37324000
2021-01-05,85.6076753306863,86.68652187444044,85.20124606667888,86.35006713867188,20360000
2021-01-06,84.37548576847148,86.54459773705904,84.16904538419314,85.49800109863281,46588000
2021-01-07,85.69053939531456,88.22439556368579,85.69053939531456,88.05170440673828,41936000
2021-01-08,88.19164922097684,89.29332585763812,87.40062131631798,89.21739959716797,35484000
2021-01-11,88.18469390854133,88.54993804991724,86.95002711090964,87.15596771240234,34796000
2021-01-12,86.6135656079174,87.73211302288776,85.17543429898133,86.22003936767578,29528000
2021-01-13,85.71833405616691,87.16094060271311,85.71833405616691,86.70736694335938,23432000
2021-01-14,86.78774893221043,87.7147504644655,85.65629851518884,85.89698028564453,29212000
2021-01-15,85.80269009081528,86.72571621304921,84.94368675719375,85.73321533203125,31444000
2021-01-19,86.49645306604887,89.51564055637627,85.99176721747224,88.55440521240234,41660000
2021-01-20,90.63369100589752,94.27369142216018,90.29326846427877,93.2985610961914,64152000
2021-01-21,93.97247397752348,95.87955813281762,93.26580772759824,93.50102996826172,58634000
2021-01-22,93.86378525576802,94.50543672127229,93.12139349550735,93.91837310791016,32744000
2021-01-25,94.919805555433,95.37040330733852,92.26089490963317,94.00372314453125,50586000
2021-01-26,93.59234042721772,95.06918077277226,93.10304122733542,94.6821060180664,31462000
2021-01-27,93.04249028584238,93.31840541043215,89.19009786238911,90.26497650146484,82512000
2021-01-28,90.8634721784876,93.691598830972,90.8634721784876,91.96514892578125,55278000
2021-01-29,91.01331852253465,91.68425159297891,89.40249609555491,90.68281555175781,44530000
2021-02-01,91.53786168051741,95.0587592331075,91.53786168051741,93.94368743896484,40252000
2021-02-02,94.93915853083888,96.73756654269728,94.60368821838104,95.23641204833984,66332000
2021-02-03,102.50599859407848,104.54112080046828,99.92251415054169,102.1720199584961,97882000
2021-02-04,102.25835779899022,102.68910130885799,100.99192568967557,101.91148376464844,48596000
2021-02-05,102.20576844361045,104.01112806878679,101.7313560988552,103.65829467773438,29866000
2021-02-08,104.2126024166411,104.95697814818854,102.39384771098673,103.44440460205078,28828000
2021-02-09,102.96205138124002,104.13866240440814,102.72385326200276,102.9913330078125,21892000
2021-02-10,103.37592426780195,104.1570250983957,101.84251204141984,103.54167175292969,25102000
2021-02-11,103.76597151325437,103.91484058963358,102.66727078205419,103.65431213378906,20480000
2021-02-12,103.20868656852795,104.1877847485389,102.90100612778934,103.9659652709961,18990000
2021-02-16,103.80320209991204,106.45268581815539,103.80320209991204,104.74359893798828,31004000
2021-02-17,103.91385613661629,105.32618913024353,103.63447293017356,105.1366195678711,20294000
2021-02-18,104.46071476343555,105.30384678219214,103.88158682056805,104.50090789794922,22546000
2021-02-19,104.59918372977481,105.13463539467114,103.39031525447268,103.65729522705078,37938000
2021-02-22,101.91000696569243,103.2364866636668,101.63210788638077,101.94275665283203,29466000
2021-02-23,99.944359311509,102.84792006852427,98.76526456480636,102.23355865478516,34658000
2021-02-24,100.74083370987653,103.63298302888079,100.61627889516991,103.40917205810547,22608000
2021-02-25,102.02562057484711,103.36897091511271,99.57215821309238,100.04161071777344,41548000
2021-02-26,100.7363652714973,102.05490166561077,99.30021775417421,100.3373794555664,40042000
2021-03-01,101.63209158055665,103.03300560280509,100.95818263525662,102.70697021484375,26060000
2021-03-02,102.46777579992727,103.9515673872358,102.06234608378273,102.44991302490234,25564000
2021-03-03,101.82811444002907,103.02109639925452,98.95233642673433,99.81631469726562,33892000
2021-03-04,99.98801971974596,102.95162763201309,99.51955914782164,100.93387603759766,49216000
2021-03-05,102.28466284780541,104.52026594581169,100.62867233193391,104.06719207763672,53100000
2021-03-08,103.42158052102567,104.89444552557276,99.50764868129858,99.62228393554688,36868000
2021-03-09,101.71894467377746,102.42212772357182,101.01674600755987,101.25296020507812,33920000
2021-03-10,102.29707365898807,102.29707365898807,100.20934752586386,101.04602813720703,27100000
2021-03-11,102.13926584834769,104.77187091897011,102.05142854718905,104.23939514160156,27702000
2021-03-12,103.04196228478388,103.10150992688892,100.8589551147187,101.73136138916016,33818000
2021-03-15,101.48223051757223,101.97897318600187,100.62917885594194,101.9516830444336,26168000
2021-03-16,102.52484679250944,104.89146380814894,102.19235989786293,103.41313934326172,31900000
2021-03-17,102.64793201994412,104.1629817776318,101.43956320765409,103.33027648925781,26382000
2021-03-18,101.64102887234584,102.66181951662611,100.2019054886591,100.30909729003906,31700000
2021-03-19,100.72545519221457,101.08820812478666,99.39549992944659,100.5879898071289,46072000
2021-03-22,100.62123402558689,101.64896832220467,99.94484136557821,100.77308654785156,33536000
2021-03-23,101.23261887288946,102.4315602691178,100.63960345971093,101.30110168457031,28510000
2021-03-24,101.81867923928972,102.60473976614479,100.68921273652307,100.86439514160156,25218000
2021-03-25,100.69170066123667,101.51497849194996,99.05605651294476,100.86092376708984,35616000
2021-03-26,100.82766746682842,101.20481507110642,99.44114060264995,100.4773178100586,27978000
2021-03-29,100.34977968394811,101.69213801960343,99.52054260203612,101.52241516113281,26492000
2021-03-30,101.87922713070152,102.36009090991652,101.04403828817071,101.55616760253906,27312000
2021-03-31,101.94970746957469,103.53076391938635,101.58247936084513,102.3526611328125,42570000
2021-04-01,103.82800630103871,105.98669127491928,103.78731339954884,105.6904296875,39880000
2021-04-05,106.55241526747184,110.61373186270573,106.45614255746916,110.1159896850586,48510000
2021-04-06,109.7170060552788,110.56460573116816,109.26393216477742,109.63462829589844,35240000
2021-04-07,109.82519037364484,111.38341654754359,109.82519037364484,111.11196899414062,24134000
2021-04-08,112.35109778749995,112.73768033730468,111.30946858743064,111.67768859863281,28664000
2021-04-09,111.43007611188524,112.8458772221366,111.02413902052781,112.68211364746094,26146000
2021-04-12,111.86080254119268,111.99826033542475,110.55566149487322,111.38936614990234,25024000
2021-04-13,111.70547531555604,112.32479639882128,111.31144932320024,111.87618255615234,25682000
2021-04-14,112.52131494179199,112.52131494179199,110.96259662557597,111.2548828125,21002000
2021-04-15,112.24938267586431,113.93911498034575,111.71442319637966,113.4056396484375,29174000
2021-04-16,113.60364566317921,113.85177090924829,112.69451439811739,113.28157806396484,26282000
2021-04-19,112.65779320044837,114.34057420260662,112.65779320044837,113.62944793701172,30290000
2021-04-20,114.0130523362759,114.08798664621497,112.00969537265847,113.09598541259766,22288000
2021-04-21,112.75058458537109,113.14510278510481,111.39929103374098,113.06322479248047,23204000
2021-04-22,112.9168285050062,113.58577771200164,111.17598403868455,111.78141021728516,24146000
2021-04-23,112.49998747236313,114.44132071147847,112.2146449476843,114.13414001464844,29066000
2021-04-26,114.36191465854154,115.35491539207553,114.0046137037265,114.63038635253906,32038000
2021-04-27,115.01249899515436,115.05319189753914,113.45079717646414,113.68999481201172,44386000
2021-04-28,118.72791724786315,120.65733919240779,116.77864861756532,117.06746673583984,81106000
2021-04-29,118.56565462462966,119.30655470794439,117.80241660635883,118.74082946777344,41234000
2021-04-30,117.51310274370631,118.19941495111625,116.44815119189317,116.79254913330078,44856000
2021-05-03,117.35878114469558,118.18454274219685,115.89931120316318,116.27546691894531,28242000
2021-05-04,114.81002610533777,115.37773525338912,111.98785142103567,114.47654724121094,44818000
2021-05-05,115.55836355445538,115.87447179734157,114.54849214352356,114.87055969238281,26636000
2021-05-06,114.45174020961404,115.9911117553711,113.7922258951969,115.9911117553711,25190000
2021-05-07,117.30816048876812,117.6733970925237,116.4283032840996,116.71463775634766,28898000
2021-05-10,115.534046710745,115.67597966626334,113.37039450678947,113.72819519042969,30914000
2021-05-11,111.31245758968727,113.15900213602517,110.8583841691217,112.6518325805664,34186000
2021-05-12,110.47478602478672,111.5561162328278,108.85849635134446,109.18750762939453,46376000
2021-05-13,110.47129449517293,111.13230039558225,109.50856750158755,110.61620330810547,33204000
2021-05-14,112.08016237235324,113.37934430353187,111.65636250684874,113.0647201538086,31996000
2021-05-17,112.3297641754445,113.6304377384808,111.92978642061708,113.58776092529297,21598000
2021-05-18,114.2542271454535,114.51873100821115,112.26128204938492,112.27517700195312,22204000
2021-05-19,110.58595041306152,112.89648805759676,110.43757351383768,112.72329711914062,23684000
2021-05-20,113.69099326965062,114.73311478267345,113.31979734819818,114.48251342773438,32352000
2021-05-21,115.00157839071795,115.07502854849963,113.60661602300084,113.84630584716797,40632000
2021-05-24,114.87652646965049,117.39052855183634,114.73112544261134,117.1667251586914,31832000
2021-05-25,117.71061174116315,118.30611079968943,116.86698744390246,117.25753784179688,22440000
2021-05-26,117.43866520384775,118.5537446380502,117.43568933655425,118.12300109863281,21572000
2021-05-27,118.55671711942162,118.55671711942162,116.92951595867764,117.24810791015625,35224000
2021-05-28,117.83070761492301,117.91258561269424,116.76029647620672,116.95879364013672,21482000
2021-06-01,117.83168217765606,118.39095584312635,116.83123814300086,118.16615295410156,23354000
2021-06-02,118.56166724150444,118.78448622711657,116.7359614995081,117.64063262939453,21158000
2021-06-03,116.4069589139595,116.96722459641707,115.60253582286343,116.49876403808594,18696000
2021-06-04,117.57512855840817,119.05196883289784,117.2346984558086,118.78101348876953,24458000
2021-06-07,118.57607279219508,119.32392413070295,118.15724030193509,119.21424865722656,24120000
2021-06-08,119.69612193073363,120.06880200713763,118.84107872315361,119.022705078125,24240000
2021-06-09,119.66733155702187,119.73928242428627,118.94627815938065,119.494140625,17942000
2021-06-10,119.44352262743342,120.88662140305803,119.28770227679246,120.84344482421875,25904000
2021-06-11,121.08512403715078,121.17047767072789,120.04101102910597,120.59880065917969,21958000
2021-06-14,120.70102140342084,121.52777490664751,119.99337074452207,121.52728271484375,22098000
2021-06-15,121.53173143958783,121.85479096519951,120.14818797993534,120.50896453857422,21562000
2021-06-16,120.66032532200343,120.97197359175446,118.57409090880724,119.8668212890625,26472000
2021-06-17,119.79238984947777,121.60370111962469,119.59636878457852,120.8305435180664,25842000
2021-06-18,120.45685158183923,120.6910818510485,119.1149929914567,119.21027374267578,46116000
2021-06-21,119.59687474547188,121.08512653724667,118.99938415373178,120.89903259277344,27414000
2021-06-22,120.83698717040798,121.48211428370058,120.15613450667915,121.41313171386719,22390000
2021-06-23,121.17790930527332,122.17239413660434,120.92085647379636,121.2111587524414,19148000
2021-06-24,121.779849371927,122.1326826916846,121.38285509584642,121.58135223388672,21362000
2021-06-25,121.08510450673501,121.71336075957535,120.65336905720633,121.58979034423828,34594000
2021-06-28,121.75852921191957,121.86423686669397,120.49508042755512,121.61710357666016,28526000
2021-06-29,121.75059355767355,122.09846715134644,120.77843902634659,121.35557556152344,23108000
2021-06-30,121.07964614267887,121.34018216338318,120.44444619404047,121.17393493652344,24474000
2021-07-01,120.81217357840106,121.66770889111173,120.62012792060024,121.52628326416016,18110000
2021-07-02,122.22649002373326,124.46358492049245,122.13666881147289,124.31818389892578,25982000
2021-07-06,124.70625497523152,125.4799123179405,123.64824707773293,125.24369812011719,26404000
2021-07-07,126.208410278611,126.32948945977284,125.20697413933541,125.52556610107422,24060000
2021-07-08,123.0959213892183,124.6536477834332,123.09195356628405,124.10628509521484,23790000
2021-07-09,124.08743338198082,124.7916083872216,123.61748109045698,124.57723236083984,18632000
2021-07-12,125.23178767794647,126.11660464739363,124.66903830023149,126.02330780029297,17668000
2021-07-13,126.08582935283354,127.09718503011685,125.72456058354896,126.38655853271484,19240000
2021-07-14,126.99843774774149,128.3566826384462,126.95526116951177,127.27534484863281,23742000
2021-07-15,127.68425815211094,127.73487061260049,125.58114534521543,126.05258178710938,24218000
2021-07-16,126.7056414194645,126.85302634579371,125.20746273938772,126.01783752441406,20424000
2021-07-19,125.14394623897842,125.2585814894931,122.57882443943065,123.64378356933594,27968000
2021-07-20,124.58616145014766,126.09029957274659,123.41799344616328,125.26305389404297,26312000
2021-07-21,125.18761690110053,126.6391510453154,125.0784411915478,126.5925064086914,20746000
2021-07-22,126.88528921475424,127.5194972412647,126.54287518623292,127.45845031738281,14302000
2021-07-23,129.4523801977889,132.39862482827255,128.82711495157838,132.0175018310547,41506000
2021-07-26,132.32866235257328,133.23034251225275,131.3093559344711,133.0298614501953,30572000
2021-07-27,133.2437410108282,133.39112593555546,129.12833653384382,130.91085815429688,54710000
2021-07-28,135.28977752970368,137.25989239813106,134.26303523992692,135.0734100341797,95130000
2021-07-29,135.12898147854628,135.6361509759325,134.5265388076387,134.75927734375,31716000
2021-07-30,134.02235996691988,134.28983968101215,133.24821049206028,133.71617126464844,25576000
2021-08-02,134.10375968033432,134.3216113441576,132.79068281831607,133.84323120117188,21634000
2021-08-03,134.12158634129304,134.71410942319514,132.31971039791375,134.61288452148438,20762000
2021-08-04,134.33450184746084,134.63225514353746,133.47846680037628,134.1121826171875,19676000
2021-08-05,134.66301914321753,135.32750833169953,133.83477396423808,135.229736328125,17870000
2021-08-06,135.02180226998487,135.4490701118933,134.19604087105887,134.72056579589844,20488000
2021-08-09,134.9230796484028,136.15527055748314,134.32458951731195,135.88629150390625,17760000
2021-08-10,136.31207396210945,136.7393570510602,135.3419108529695,135.78109741210938,19414000
2021-08-11,136.1527934307933,136.6500283663761,135.24961379176287,135.25706481933594,15352000
2021-08-12,134.95580816135285,136.27038427949398,134.4099447510758,136.16517639160156,16506000
2021-08-13,136.22075907791498,136.82271722045272,136.00539109097147,136.69467163085938,15948000
2021-08-16,136.4936912096848,137.3249198670096,134.2843860879526,137.27230834960938,22384000
2021-08-17,136.71701126967452,137.22864843735246,135.06152034652905,135.6366729736328,21716000
2021-08-18,135.47638678008008,136.0763610262698,134.30672701456993,134.4332733154297,19258000
2021-08-19,133.4273925298061,135.3300095244828,133.24328247182498,134.6625518798828,21782000
2021-08-20,134.9801260855952,136.52247337439283,134.23575039027023,136.39891052246094,31194000
2021-08-23,136.93483468584077,139.81804825327941,136.57554988646942,138.99130249023438,28454000
2021-08-24,139.55702905815937,141.01452236958926,139.28608129387433,140.20216369628906,19268000
2021-08-25,140.56295954298056,141.12322528868177,140.31583381143977,141.0135498046875,15848000
2021-08-26,140.6870101446203,141.34950029059405,140.29695193911797,140.3798370361328,20610000
2021-08-27,140.5902203658404,143.42877334902713,140.43588418463617,142.92408752441406,28780000
2021-08-30,143.3171329571625,144.87586650188038,143.08191071362054,143.50621032714844,24434000
2021-08-31,144.05853400521448,144.08284070648722,143.1990308749765,143.61239624023438,22448000
2021-09-01,143.91265727510688,145.1572514544769,143.79703005066006,144.1265411376953,21936000
2021-09-02,144.12702918117816,144.4282505704674,142.1112538267308,142.21249389648438,32342000
2021-09-03,142.00753585009178,143.07397156605705,141.33262733689926,142.66159057617188,19850000
2021-09-07,142.75584711649637,143.4808681612388,142.5419633337563,143.19850158691406,20124000
2021-09-08,143.01937843726546,143.31711657655697,141.9276214453262,142.61343383789062,18344000
2021-09-09,142.76183791118086,143.22831458600484,142.10381533079317,142.46458435058594,15314000
2021-09-10,143.13101539105872,143.63323266843653,139.68258396569115,139.81954956054688,36840000
2021-09-13,140.8850133140272,141.87801407207704,140.19076541104684,141.26515197753906,22094000
2021-09-14,141.9231620681561,142.28791402642847,140.68700352159263,141.4755401611328,19674000
2021-09-15,141.70084898830657,143.3672589310745,140.28753163392904,143.34642028808594,27408000
2021-09-16,142.87099696216728,143.21787856046222,141.33361711274972,142.53305053710938,26190000
2021-09-17,141.95791332781604,142.37426215695461,139.4166134851855,139.744140625,53384000
2021-09-20,137.12541555299168,137.95762854767855,135.29971724995474,137.67922973632812,46518000
2021-09-21,138.70152098037897,138.9615648556159,137.24105908809844,137.9904022216797,25332000
2021-09-22,138.25934422526794,139.83046573683288,137.51248488570442,139.2314910888672,25056000
2021-09-23,139.93024135046866,140.6339242140277,139.34863720343068,140.1570281982422,20952000
2021-09-24,139.48458758729717,141.26315661492927,139.18931795972466,141.1485137939453,22984000
2021-09-27,139.74860330168596,140.87410203574274,139.01713059177794,140.01409912109375,21882000
2021-09-28,137.6151978525683,138.05338477701864,134.3449095186798,134.81138610839844,45772000
2021-09-29,135.952776944704,136.1224998181307,132.86114615387476,133.34597778320312,30848000
2021-09-30,133.25467295688009,134.5260573598816,132.5544581975898,132.67355346679688,37996000
2021-10-01,133.4392677350906,135.88381020641216,133.06757963803923,135.51905822753906,35360000
2021-10-04,134.94092038251742,134.94092038251742,130.06725246602704,132.6571807861328,51202000
2021-10-05,133.03582852986017,136.195457682752,133.03582852986017,135.00296020507812,32404000
2021-10-06,133.739508771599,136.7170117498164,133.54101160192383,136.5334014892578,24364000
2021-10-07,137.850443401675,138.99182860687787,137.61125333266637,138.1809539794922,25110000
2021-10-08,138.53031118041213,139.2786547710328,138.17350997032952,138.7372589111328,26526000
2021-10-11,138.24743994592924,139.6567893779869,137.81767325329827,137.8722686767578,17954000
2021-10-12,138.43402701454784,138.46083253617908,134.74192230236443,135.42576599121094,36332000
2021-10-13,136.3721194131422,136.96514241440264,135.49524559946482,136.55027770996094,19654000
2021-10-14,138.42808787011938,140.27760845343832,137.78395264117304,140.09251403808594,31894000
2021-10-15,140.55251849051083,140.65524269555343,139.69946688773342,140.307861328125,30274000
2021-10-18,140.01854295640226,141.7251457353719,140.01159169518291,141.707275390625,20396000
2021-10-19,142.3122411781201,142.58518805329703,141.53065568841217,142.16287231445312,20164000
2021-10-20,142.2631058944433,142.4695538565035,140.3163131219319,140.70587158203125,23288000
2021-10-21,140.70584874819411,141.08995517513137,139.44636796925485,140.8219757080078,26292000
2021-10-22,138.10651842470995,139.528771131412,135.0357259164038,136.53489685058594,50588000
2021-10-25,136.51851473554404,136.96513715391242,134.40845059559413,136.41629028320312,34412000
2021-10-26,138.21914848241224,139.0324915543169,137.26734051447318,138.26380920410156,49236000
2021-10-27,138.35958967330268,147.5352558412774,138.35958967330268,145.12100219726562,85782000
2021-10-28,146.03116213698377,146.05448445943154,143.54245831069542,144.7552947998047,36206000
2021-10-29,143.99006104419053,147.13033561970673,143.56477703683294,146.93580627441406,43320000
2021-11-01,146.93579626429255,146.93579626429255,142.15143480145554,142.4208984375,46924000
2021-11-02,143.49528827408025,145.50956421119818,143.25311477300548,144.34188842773438,33482000
2021-11-03,144.8063933276679,145.56913921007816,143.50671917135764,145.49867248535156,27494000
2021-11-04,146.02120570689476,148.61064946538178,145.2108308442372,147.1556396484375,38412000
2021-11-05,148.0508876098975,149.20020860954875,147.08569179918513,147.73577880859375,38354000
2021-11-08,148.70142789657243,149.48551200185,147.31738481739532,147.91339111328125,23052000
2021-11-09,148.11389827574533,148.71088906033273,146.14079981403162,147.8017578125,19530000
2021-11-10,146.3938976345835,146.95963047439804,143.45361947712578,144.7994384765625,29970000
2021-11-11,145.39098629504358,146.4291476158048,144.50864533911016,144.67340087890625,16518000
2021-11-12,145.5160161174187,147.73377171558494,144.3205504253786,147.56304931640625,22360000
2021-11-15,147.78386805797064,148.42800315960721,146.4683077163778,147.33872985839844,23508000
2021-11-16,147.03850684850835,147.64690125348622,146.2077780831521,146.76705932617188,18904000
2021-11-17,146.9174130849966,147.44542122499766,146.13582776741984,146.936767578125,19594000
2021-11-18,147.1298348231303,149.45129909726722,146.77551730421044,148.71485900878906,35608000
2021-11-19,148.85080652363035,149.83438735066673,147.78238698513604,147.80967712402344,33682000
2021-11-22,148.2126562711061,148.70592331969485,145.05154308495818,145.2048797607422,30594000
2021-11-23,145.05700179836145,145.5602035724951,143.03429028793806,144.68878173828125,27218000
2021-11-24,144.38257946964197,145.1527611600918,143.29033776996786,145.02423095703125,18040000
2021-11-26,143.26603338725357,143.47346574331712,140.7788290261977,141.1167755126953,30470000
2021-11-29,142.92010799071076,145.20037906946195,142.81440036078905,144.4391326904297,32596000
2021-11-30,143.9210829537651,144.90514856073972,140.53963428895196,140.8334197998047,42068000
2021-12-01,142.92013447496637,144.8560080310681,139.85529413547832,139.99374389648438,34020000
2021-12-02,140.1907403286436,142.78563565182435,139.1629985850342,141.8938751220703,29194000
2021-12-03,142.60352464934857,143.31712699642003,139.24886668872693,140.93661499023438,41230000
2021-12-06,141.96782338203911,142.77373060812116,139.09899659163847,142.0814666748047,30618000
2021-12-07,144.5046722790173,146.42467472211027,144.138436129141,146.16513061523438,32240000
2021-12-08,146.48965394073545,147.2801896212736,145.30809084120318,147.07522583007812,24270000
2021-12-09,146.48421241020347,147.98189902251838,146.01178401342344,146.53135681152344,23270000
2021-12-10,147.58488027246938,147.86029563658596,145.60384630237746,146.89161682128906,24458000
2021-12-13,146.67326661525007,146.86036006274796,144.42625220003177,144.73294067382812,27070000
2021-12-14,142.88836698093175,143.39652088196925,140.15600616019245,142.82781982421875,38446000
2021-12-15,142.33352888862976,145.62068767955847,140.61550739767435,145.34278869628906,36370000
2021-12-16,146.06685680328061,146.56955875627122,142.53007278515918,143.36180114746094,33650000
2021-12-17,141.43138309383306,142.75587874027252,140.24038500191537,140.66220092773438,50416000
2021-12-20,138.95013079239632,140.7113292733153,138.27622180996892,140.54507446289062,27192000
2021-12-21,140.9882260878411,142.79011743592406,139.4488622569165,142.39659118652344,28756000
2021-12-22,141.9946163473408,145.40137057625105,141.9946163473408,145.31700134277344,26322000
2021-12-23,145.40139302599,147.1318182358359,145.3537488598615,145.8147735595703,26384000
2021-12-27,146.15171345394464,147.23155191988448,146.06586006399732,146.79733276367188,15976000
2021-12-28,147.12437040398524,147.18690148034136,144.9592413503814,145.5869903564453,18200000
2021-12-29,145.54478697871397,146.31150052438304,144.5552695994406,145.55520629882812,17788000
2021-12-30,145.59390961021398,146.19536786923555,144.8996618572222,145.10411071777344,15688000
2021-12-31,144.9547612243931,145.59839661195713,143.7657470703125,143.7657470703125,18136000
2022-01-03,143.96722101651818,144.75725699875156,142.6352894390565,143.90420532226562,28646000
2022-01-04,144.3056527999595,145.3864907314866,142.63875836947292,143.31663513183594,28400000
2022-01-05,143.33694679020928,143.41584889832237,136.6554375245278,136.7417755126953,54618000
2022-01-06,135.97114712472833,138.89058651246134,135.5344442800259,136.7145233154297,37348000
2022-01-07,137.109533589017,137.41027034450386,134.74837599268508,135.989501953125,29760000
2022-01-10,134.06504915322984,137.7784923866588,132.1659006036538,137.62960815429688,44408000
2022-01-11,136.97207234315368,139.16450641786577,135.6674310302053,138.68809509277344,28730000
2022-01-12,140.09148951411504,141.53856351346735,139.63941518856805,140.36988830566406,26108000
2022-01-13,140.47857244926956,141.77876136551572,137.37105536435357,137.5477294921875,31436000
2022-01-14,136.05104407819525,139.68658493826246,135.97115755847778,138.43453979492188,29662000
2022-01-18,135.15382402606036,136.10314842718847,134.42285105215512,134.9781494140625,34872000
2022-01-19,135.49971818596012,136.924954324365,134.00303093607937,134.103271484375,28648000
2022-01-20,135.2282544434575,136.59394277770195,131.96738542394968,132.3078155517578,29908000
2022-01-21,131.59918447816986,133.85413470989914,129.11098076605415,129.37399291992188,55652000
2022-01-24,125.03329091598978,130.21911482681233,123.56637755178818,129.82310485839844,76622000
2022-01-25,127.77457291304532,128.42862762197316,125.5518651812698,125.98310089111328,46960000
2022-01-26,130.13572850778058,132.00261942561787,126.18854746933454,128.2638702392578,49130000
2022-01-27,130.31933794967972,131.6577209195891,127.96561639041133,128.03758239746094,31950000
2022-01-28,128.68665325143462,132.35643452111876,127.52146135184636,132.35096740722656,34362000
2022-01-31,133.15591425848223,134.45708760059057,131.21805677014638,134.28884887695312,39986000
2022-02-01,136.56267283391475,136.75968585207823,133.36086675449982,136.61180114746094,68644000
2022-02-02,150.11578031488366,150.41005044814193,144.43123734697568,146.89015197753906,123200000
2022-02-03,144.6128476273502,148.5525777136567,141.5956363601921,142.01695251464844,71518000
2022-02-04,142.36879793327233,143.78856670322708,139.46126220909318,142.2184295654297,57998000
2022-02-07,143.1682685356502,143.1682685356502,137.85838215439898,138.15713500976562,54974000
2022-02-08,137.98393352600814,138.95012868811895,135.98652845498887,138.3536376953125,54284000
2022-02-09,139.90641595810757,141.45571462604343,139.13573444735914,140.5301971435547,40144000
2022-02-10,138.65584550663925,140.42348014805845,136.92243712049645,137.58045959472656,39330000
2022-02-11,137.56065622822797,138.1129712080033,132.39963847863444,133.27552795410156,39958000
2022-02-14,132.25719261759903,135.27787180639476,132.25719261759903,134.50967407226562,34302000
2022-02-15,136.53883693718322,137.072811977897,134.80295993792927,135.5840606689453,26680000
2022-02-16,135.62178690030257,137.05049099274288,133.9122003011313,136.70510864257812,25022000
2022-02-17,135.22129248130244,136.08526315724788,131.48502706977027,131.54507446289062,38950000
2022-02-18,132.4660971376709,133.06458710351177,129.2201307207955,129.42507934570312,45620000
2022-02-22,128.8643182954154,131.18925024339552,127.26192379084993,128.8400115966797,44990000
2022-02-23,130.66126157793636,131.0607395809099,126.57116292849084,126.63121032714844,32786000
2022-02-24,124.01645216954687,132.00261130443673,124.01645216954687,131.6959228515625,54456000
2022-02-25,132.55050644906422,134.25710975771403,130.76350170845896,133.45120239257812,36406000
2022-02-28,132.05225159221422,134.73348521833475,131.5981781769132,134.04420471191406,38864000
2022-03-01,133.86704226332247,135.23371506860198,132.21950209052739,133.05616760253906,26496000
2022-03-02,133.6184269882909,134.24815989047295,132.07359595195584,133.56234741210938,23520000
2022-03-03,134.99004795968622,135.41633147676816,132.02793179963612,132.8953857421875,24604000
2022-03-04,131.93065191964706,132.8477186355428,129.36006340855093,130.91729736328125,30430000
2022-03-07,130.50197452038165,130.74711632419786,125.3479086063169,125.4307861328125,45112000
2022-03-08,125.3032523689752,130.26575741329103,124.7320675537548,126.1513442993164,40428000
2022-03-09,130.26573904313827,132.73260407205578,128.92635657630487,132.41946411132812,37026000
2022-03-10,130.28164376257828,132.27259751382948,129.9307942927176,131.43641662597656,27102000
2022-03-11,132.48745580910284,132.7921603804447,128.659385038366,128.89659118652344,31526000
2022-03-14,129.27325808126395,129.43106235138268,124.335567012558,125.0064926147461,38812000
2022-03-15,126.02380390981074,128.88072746557518,124.77771812675637,128.22914123535156,30920000
2022-03-16,129.75260945254524,132.33310245925338,127.7690919896178,132.281005859375,35576000
2022-03-17,132.15051431173177,133.07503224064973,131.19373888959393,132.83534240722656,28264000
2022-03-18,132.42394150815238,135.22230167112554,131.2666850458185,135.1046905517578,44566000
2022-03-21,135.1424031283874,136.02226032262783,133.0869344773446,135.08087158203125,26832000
2022-03-22,135.08084291411075,139.99223447355533,135.08084291411075,138.819091796875,35496000
2022-03-23,137.66235573176738,138.54171310581177,136.8013684687144,137.23855590820312,25154000
2022-03-24,138.1561240851599,140.5569900941861,136.7175005538764,140.51034545898438,26396000
2022-03-25,140.8517391159604,140.96984997833374,138.68957886194843,140.61056518554688,24126000
2022-03-28,139.84388368780657,140.9376247499745,138.76304562317353,140.3947296142578,35050000
2022-03-29,141.57779246166834,142.71519472589625,140.97335063207385,141.4368438720703,34318000
2022-03-30,141.39167328610918,141.65021781088518,140.53812197630958,140.87408447265625,19884000
2022-03-31,140.9877281817403,141.04232360786241,137.98195087256153,138.02462768554688,37524000
2022-04-01,138.453883236437,139.4175947580096,137.2703210012843,139.09950256347656,25942000
2022-04-04,139.305971501773,142.63432431956434,139.25832732948422,141.8993682861328,25942000
2022-04-05,141.79762982217596,141.91820924459833,139.32978006321648,139.53671264648438,21418000
2022-04-06,137.7095002017028,138.31542612185672,134.50074308822178,135.52401733398438,32468000
2022-04-07,134.9900557399391,136.13590856530524,133.22092149350598,134.86947631835938,26234000
2022-04-08,134.56675141890017,134.65260481245758,131.96838763466556,132.28797912597656,25142000
2022-04-11,130.83494754462106,131.10192750746063,127.70360833102498,127.8574447631836,36884000
2022-04-12,130.61313547778892,130.61313547778892,125.83820864259683,126.75676727294922,32710000
2022-04-13,127.04012777095205,129.3566247373108,126.78306734700756,128.919921875,27928000
2022-04-14,129.5010341712906,129.5010341712906,125.65160981411958,125.77964782714844,31598000
2022-04-18,126.04762222036051,127.25102357948299,125.23575564563903,126.71904754638672,20808000
2022-04-19,126.73393183820416,129.35561786649717,126.04711985372514,129.0340576171875,26490000
2022-04-20,129.91042868655606,130.41363040865102,126.54386726306718,127.0798110961914,31696000
2022-04-21,128.2807486036101,129.12288118231135,123.59266724701,123.87850952148438,36446000
2022-04-22,124.06261542731319,124.46160122256957,118.03317534641822,118.73834228515625,56884000
2022-04-25,118.20784131206912,122.35301952431105,117.62226944701969,122.15104675292969,46128000
2022-04-26,121.37740120497031,121.59128502362185,117.6222734562165,117.7602310180664,73054000
2022-04-27,113.61108393889343,116.36279188370548,111.89108568755887,113.4374008178711,91820000
2022-04-28,115.54199599993349,118.75223733155552,113.2592408453906,117.6336898803711,48884000
2022-04-29,115.85909136700216,117.0357022536662,112.96099060726237,113.25377655029297,42676000
2022-05-02,112.55456335153875,115.87001248679226,111.75559982416154,115.70873260498047,35534000
2022-05-03,115.55738116745341,117.55380196982412,115.16435465778821,116.45410919189453,24968000
2022-05-04,116.15387107248489,121.93320188651805,114.25273117249577,121.34415435791016,49916000
2022-05-05,119.30257916034165,120.13131649355361,114.14306171660925,115.6318130493164,45840000
2022-05-06,114.32073509250367,116.68983605123141,113.1605026751049,114.8785171508789,39710000
2022-05-09,112.40073109237771,114.21403375682236,111.16060468534064,111.66727447509766,40802000
2022-05-10,114.64130790321892,115.37824019184765,112.05385557858307,113.53714752197266,39900000
2022-05-11,112.38733478952014,115.49187605345283,112.38733478952014,112.7505874633789,37534000
2022-05-12,110.54227785783269,113.43789516198555,109.00092247698522,111.9977798461914,53836000
2022-05-13,113.67411472444665,116.9910559293026,112.75307997098307,115.18023681640625,35038000
2022-05-16,114.0934388924006,115.2988317009477,113.03543859089471,113.5867691040039,25990000
2022-05-17,115.96430800340062,116.02336344596293,114.00858771379083,115.59956359863281,23054000
2022-05-18,114.13760728159772,114.53460916918733,110.71893406247878,111.06035614013672,35126000
2022-05-19,110.59587399910443,112.16253561354502,109.17510560363476,109.55622863769531,34144000
2022-05-20,111.11147307486713,111.34223530640575,105.00313054945167,108.09129333496094,48962000
2022-05-23,108.76569397448277,111.30649385728398,107.92553778216092,110.65193939208984,37184000
2022-05-24,104.97881024305309,105.66016266842033,101.12045838122785,105.17532348632812,76780000
2022-05-25,104.19820028544912,105.70134635864694,103.0776689447451,105.01155853271484,40258000
2022-05-26,104.88453171553539,107.8347370455075,104.43591780377673,106.98416900634766,37948000
2022-05-27,108.66197297575128,111.47571199545855,108.32005116042606,111.4742202758789,37914000
2022-05-31,111.90100218674581,114.86709364566386,111.2380123045194,112.90888977050781,50012000
2022-06-01,113.99370924094364,116.22336092906039,112.40074175451693,113.03792572021484,36606000
2022-06-02,113.1451007120963,117.01535590801267,112.0995036968005,116.74043273925781,37992000
2022-06-03,115.19213472594434,115.4491951222644,112.66721372995826,113.68204498291016,26136000
2022-06-06,115.8293229932543,118.45200851593447,115.29287939106017,115.9444580078125,33542000
2022-06-07,114.61449812422804,116.80842394302496,114.18921415892557,116.27098083496094,31590000
2022-06-08,115.88589564814693,117.68133553709298,115.72560771609342,116.31515502929688,26108000
2022-06-09,115.45515051267915,117.41187026218664,113.91528690568272,113.9743423461914,25798000
2022-06-10,111.60176406792269,112.42950946002966,109.53835232190883,110.32788848876953,41452000
2022-06-13,105.98570048108614,107.97566213644032,105.32321034517643,105.59465789794922,47252000
2022-06-14,105.73609475699467,107.1151707392392,105.00660593631495,105.91523742675781,33706000
2022-06-15,107.73101553417992,110.58793144263325,106.8620849971601,108.94137573242188,39698000
2022-06-16,106.41694479005933,107.83373777282833,104.34956513406651,105.23834991455078,51684000
2022-06-17,105.23834264435271,107.88435035184875,104.25824499723922,106.34001922607422,51376000
2022-06-21,108.11263888115838,111.64594773444236,107.78561148448051,110.70753479003906,47416000
2022-06-22,109.72743298190343,112.49650392931514,109.55473424500163,110.65145111083984,30774000
2022-06-23,111.38986449241077,111.89703403190568,109.67185020461025,111.40028381347656,28362000
2022-06-24,112.14765087738255,117.19352549247178,112.10546625400416,117.09030151367188,41164000
2022-06-27,117.38606391266642,117.69026114363895,114.31575650129828,114.96485900878906,36420000
2022-06-28,114.93408839680073,116.42979107455284,111.0092451116475,111.16754913330078,35792000
2022-06-29,110.71546893086192,112.31190436109492,110.04106016755956,110.86384582519531,24716000
2022-06-30,109.17509230851313,110.05643353831414,105.94946458121616,108.14586639404297,43170000
2022-07-01,107.12360200109673,108.43072706417608,105.93012023346462,107.92207336425781,35476000
2022-07-05,106.29734968195305,112.52677878685982,104.93861261421623,112.41363525390625,39342000
2022-07-06,112.45234149088837,114.72268583730312,110.64003080778706,113.71281433105469,37432000
2022-07-07,114.21700853285823,118.2956881859461,113.97235893217574,117.8922348022461,40936000
2022-07-08,116.3707244202885,118.78746156191058,116.02483478533375,118.45845031738281,38238000
2022-07-11,117.11312990957636,117.11312990957636,114.4656302547842,114.80903625488281,31196000
2022-07-12,115.34350604942867,116.0968170128208,112.8374469524844,113.16546630859375,29960000
2022-07-13,110.86334564985317,113.3396382596684,110.36759493610163,110.5184555053711,43722000
2022-07-14,109.3840355997886,110.25991744168836,107.56031347226879,109.53985595703125,37004000
2022-07-15,111.16061252157375,112.29206306351027,110.06836316457388,110.93927764892578,46770000
2022-07-18,111.7952927959853,112.82749456702116,107.55731758703521,108.21236419677734,43164600
2022-07-19,110.0187184533275,113.1649443518166,108.73839143949293,112.9565200805664,36530900
2022-07-20,112.32133126160736,114.5346117230483,111.63651075173104,113.04586029052734,35600400
2022-07-21,113.4230039425963,113.69098343145679,110.2767778430608,113.48255157470703,32676200
2022-07-22,110.16760216901068,111.4975497677554,105.70134802702376,107.09085083007812,48901200
2022-07-25,107.59702581978459,109.04607621995325,105.50284832248128,106.70377349853516,34690900
2022-07-26,105.80059031214428,106.3960893145557,103.28956434431937,104.23243713378906,47991000
2022-07-27,108.44065902823431,113.05579009257278,107.20003280514234,112.212158203125,59858500
2022-07-28,111.52733903733414,113.48255962814197,110.62415950126018,113.36346435546875,32816600
2022-07-29,112.23201464667002,115.83479054263834,112.21216038629261,115.44771575927734,37223400
2022-08-01,114.4353523994771,115.84470180597212,113.48254490858795,113.99864959716797,26034300
2022-08-02,113.14510117380554,115.47747674496975,112.8672021368574,114.2666244506836,20236000
2022-08-03,114.84228896413123,117.73047048772344,114.61401797621708,117.19451904296875,28499000
2022-08-04,116.59902087697859,117.88926763439125,116.01344134911656,117.30369567871094,21602900
2022-08-05,115.35838937548199,117.22428844560957,115.13011082398499,116.5890884399414,19159500
2022-08-08,117.50217907966554,119.24898275614252,116.00350062424911,116.42035675048828,19138300
2022-08-09,116.26155630883628,116.44020677601095,114.84227970077666,115.75537872314453,19086500
2022-08-10,117.88926147915558,120.01321290367328,117.5220409743198,118.80236053466797,30930400
2022-08-11,120.37051145245026,120.57893573886966,117.67090771413612,117.94880676269531,24293700
2022-08-12,119.35816754426888,120.76751708984375,118.56416374756623,120.76751708984375,19096300
2022-08-15,120.22164736866324,121.38287933181624,119.70555016340342,121.1645278930664,19494800
2022-08-16,120.60871067326374,121.511890161635,119.73531257366949,120.78736114501953,19041200
2022-08-17,119.21921338138048,120.3804376418693,118.48475724771684,118.65348815917969,22847000
2022-08-18,118.53439597699447,119.91397177569962,117.82972116826019,119.26884460449219,17987700
2022-08-19,118.16715698490374,118.25648600514175,115.8844094146696,116.3310317993164,21809500
2022-08-22,114.33610843081347,114.76288414973949,112.99623363908157,113.38330841064453,21456600
2022-08-23,112.6290016886187,114.14752680317126,112.57937361640978,113.00614929199219,15870400
2022-08-24,112.6488552620206,113.91925523756754,112.02358240373205,112.83743286132812,17734600
2022-08-25,113.3832996266231,115.84470516717248,113.25427723682488,115.77523040771484,16956800
2022-08-26,113.85971726032743,114.25671917939691,109.36368888940646,109.51255798339844,37245700
2022-08-29,109.16516671169718,110.11796662200662,107.98409584559705,108.59944152832031,21191200
2022-08-30,109.34382641653404,109.67135354308121,106.99160404194176,108.12305450439453,27513300
2022-08-31,109.82023252604237,110.01872968878591,107.31912587125797,107.40845489501953,28627000
2022-09-01,107.46800272981824,109.62172799554575,106.55490366400493,108.91705322265625,28360900
2022-09-02,109.7606798148013,109.90955647633426,106.45565730411391,107.04122924804688,24160700
2022-09-06,106.49535649820784,107.21987796172488,104.98675079205103,106.00902557373047,25068300
2022-09-07,106.25715000377444,109.15525855226639,106.09835378823291,108.62922668457031,23167000
2022-09-08,107.22979880995165,108.77809780045992,106.35640073851793,107.56724548339844,24238300
2022-09-09,108.25208282241607,110.15768290846263,108.20245474397649,109.82023620605469,23197700
2022-09-12,110.15768604181248,110.78296653033767,109.10563738416695,110.0286636352539,22966800
2022-09-13,106.99161129456695,107.48786179672693,103.30942590501988,103.53770446777344,38172900
2022-09-14,103.78581739454697,104.49049211527398,102.88264552539968,104.21259307861328,26395100
2022-09-15,103.24987906308242,104.48057819770708,101.58247706009536,102.1382827758789,34188300
2022-09-16,101.30456192573307,102.35661040850711,100.18303868602453,102.02909088134766,42797200
2022-09-19,100.98697240353168,102.55512573336215,100.78847524094766,102.29707336425781,23036800
2022-09-20,101.31449934165514,101.60232552737466,99.76619270219214,100.38154602050781,26517100
2022-09-21,100.90756858013354,102.10849380682069,98.52556481376558,98.53549194335938,31487300
2022-09-22,98.07894474855821,100.48079525894666,98.0491709312513,99.38904571533203,34298600
2022-09-23,98.88286748104298,98.9126488703435,96.73906935446827,97.99954223632812,31625400
2022-09-26,97.36434023985667,99.13099069316641,97.06659450257123,97.4338150024414,27072700
2022-09-27,98.6843639996458,99.25008920522836,96.14356413908983,96.76883697509766,30072800
2022-09-28,96.91772447156976,99.94484798785372,96.38177302120951,99.29972839355469,32466300
2022-09-29,97.90029792581369,97.90029792581369,95.24039494587191,96.68944549560547,31047200
2022-09-30,96.32221919924832,98.15834442273268,94.84338734754718,94.9327163696289,32941500
2022-10-03,96.03440738245139,98.54543392321172,95.79620166939144,97.90030670166016,27982000
2022-10-04,99.68679428970093,101.07628951245434,99.62723908573932,100.87779235839844,28850800
2022-10-05,99.0813725388771,101.16562303801653,98.05909776281518,100.66937255859375,22176900
2022-10-06,99.92499054385183,102.15811756055992,99.83566152564943,100.65943908691406,22324000
2022-10-07,99.10122683508853,99.77612784180832,97.56285477407359,97.94000244140625,27502800
2022-10-10,98.25758717787716,98.35683575149946,96.28251254572439,97.12613677978516,18225100
2022-10-11,96.69936577168872,98.50571715876575,95.5877620057255,96.45124053955078,26507100
2022-10-12,96.57035483812481,98.0094783264505,96.0145491030885,96.82839965820312,21876400
2022-10-13,94.43647134205176,99.03174823037912,93.67224133423892,98.31714630126953,34574500
2022-10-14,99.24017037079604,99.93492559661024,95.64732168746481,95.83589172363281,25410700
2022-10-17,98.11864498975567,100.17312166314639,98.08887117266298,99.22032165527344,28419200
2022-10-18,102.35661548288249,102.69406972770851,99.2203165644094,100.01431274414062,24060700
2022-10-19,99.26001345058543,100.26243387046496,98.17818357214449,98.88285827636719,23811100
2022-10-20,99.25009547236613,101.55269738443776,98.64466928421018,99.22032165527344,25323200
2022-10-21,97.11621083244879,100.55026301239435,96.98718844238796,100.37161254882812,32458700
2022-10-24,101.03659588940504,101.97946872710929,99.23024453211379,101.75119018554688,27176400
2022-10-25,102.12834936574457,104.03394937421807,101.94969889168885,103.69650268554688,40611400
2022-10-26,95.7068759553299,97.57277519166514,93.97992625935036,94.21812438964844,88114100
2022-10-27,93.81119011334766,94.71436964764622,91.11159378491239,91.5284423828125,60710900
2022-10-28,91.57805883215646,95.82596923593994,91.43910930567836,95.56791687011719,43697300
2022-10-31,94.70444148350553,95.30986768573264,93.27524522456974,93.80126953125,31675000
2022-11-01,94.7342155851969,95.30986797136448,89.692316357766,89.79156494140625,47161400
2022-11-02,90.25804009758635,90.49623820875753,86.22848103429116,86.31781005859375,57038300
2022-11-03,85.67267885094222,85.87117600546605,82.71502278657815,82.80435180664062,61288000
2022-11-04,84.75958132144375,85.99028036002329,83.08225231902676,85.93073272705078,51124900
2022-11-07,86.62549817583167,88.23335274654198,86.19872238329525,87.82642364501953,34078900
2022-11-08,88.23334503173828,89.64269470816676,86.93316350461546,88.23334503173828,30429000
2022-11-09,87.78669965811274,88.769280979615,86.62547544780726,86.66517639160156,31769100
2022-11-10,91.5582057652687,93.68215703307337,90.92300581072043,93.23553466796875,51620100
2022-11-11,93.97992401150627,96.20312417620435,93.21569398564695,95.68702697753906,33090500
2022-11-14,94.37691176596793,96.06416792544084,93.80126696942858,94.98233795166016,30179500
2022-11-15,97.52314700864059,99.38904609814732,95.98476748295278,97.70179748535156,41640800
2022-11-16,97.16583842815655,98.89278785268415,96.90778607712295,98.10871124267578,29105200
2022-11-17,96.24281507898955,98.53548977287406,96.06416461114264,97.62239074707031,26052600
2022-11-18,98.02931128973258,98.15834125388724,95.64731516977584,96.6993637084961,28342300
2022-11-21,96.56042391310625,97.66210063703203,94.64489666604612,94.88309478759766,21647400
2022-11-22,95.23045520724949,96.49093554938902,93.34470961675402,96.32221221923828,23438500
2022-11-23,96.36190500494142,98.01938719844442,96.36190500494142,97.72163391113281,18868100
2022-11-25,97.5032907612572,97.90029265387534,96.66959360172228,96.72914123535156,9701400
2022-11-28,96.31229336649913,96.84824478966246,94.8930167011355,95.32971954345703,26237500
2022-11-29,95.01213252668482,95.39920734539598,93.40427803745068,94.47618103027344,20061700
2022-11-30,94.10893714279987,100.28229409060886,93.71193525947234,100.232666015625,43647500
2022-12-01,100.26243983174288,101.48321929784336,99.49821745338677,100.232666015625,28687100
2022-12-02,98.30721485364356,100.01431000072103,98.15833820772113,99.6867904663086,21480700
2022-12-05,98.65458401715503,100.61973142014833,98.25758217071605,98.7339859008789,24405100
2022-12-06,98.55534069801135,99.0317368813684,95.69693330914573,96.25273895263672,24910700
2022-12-07,95.68702021037814,96.1534892961787,94.00969118202147,94.22804260253906,31045400
2022-12-08,94.66473795397769,94.8632426874311,92.74921081619499,93.00726318359375,32213300
2022-12-09,93.06681881056203,93.5531497701553,92.05447108563907,92.13387298583984,28225400
2022-12-12,92.0147609619929,92.85838524401936,90.92301144571273,92.61026000976562,29420000
2022-12-13,97.02688879023073,98.78361202768082,94.31735803816476,94.91285705566406,40593700
2022-12-14,94.48609332844649,96.14357577360637,92.89809322343211,94.35707092285156,28733600
2022-12-15,92.43160841135212,92.93778600326951,89.33501037181313,90.17863464355469,40107000
2022-12-16,90.07938798524047,90.64511322161134,88.84868136014701,89.58313751220703,58011800
2022-12-19,89.58313045138497,89.88087616842834,87.54850064344215,87.77677917480469,29493000
2022-12-20,87.44926031364805,88.51123603944568,86.78428648684181,88.35243225097656,23453800
2022-12-21,88.41199077267231,89.54344130530257,87.65768789352492,88.90824127197266,24745600
2022-12-22,87.49889248151766,87.87604013849288,85.67268668964738,87.10189056396484,27658300
2022-12-23,86.45674012519008,88.87844435551266,86.41703918690187,88.56084442138672,23003000
2022-12-27,88.13408725969353,88.27303678671537,86.35750965313572,86.73465728759766,20097300
2022-12-28,86.32773122933094,87.37977975554813,85.29552938926575,85.37492370605469,19523200
2022-12-29,85.97043405375527,88.18370690708726,85.96050692415548,87.78670501708984,23333500
2022-12-30,86.32774826942845,87.63784940730596,85.92081918727062,87.56837463378906,23986300
2023-01-03,88.91815210738409,90.36721008671273,87.85617644594524,88.4516830444336,28131200
2023-01-04,89.67244521103103,89.9701984780618,86.61554094861164,87.41947174072266,34854800
2023-01-05,86.81406946153061,86.91331805370213,85.25584309067294,85.5535888671875,27194400
2023-01-06,86.13915710492884,87.03240946135887,84.2236299964327,86.68502807617188,41381500
2023-01-09,87.69737855387638,89.37470746783313,87.20112811279385,87.35992431640625,29003900
2023-01-10,85.3352304507804,88.00505271446971,85.18635380180301,87.75692749023438,30467800
2023-01-11,88.51122328937346,90.9130734526209,88.34249996756573,90.83367156982422,26862000
2023-01-12,90.79399088981015,91.18106565731547,89.07696090221926,90.44660949707031,30258100
2023-01-13,90.1687035996184,91.49865871880165,89.45410175315347,91.42918395996094,26329200
2023-01-17,91.36963007309137,91.5582076664508,89.37470872387392,90.60540771484375,32602400
2023-01-18,91.4490389437429,92.10409321983435,89.96028748591486,90.43669128417969,29116700
2023-01-19,90.03968954197848,92.90801675008117,89.95036051681471,92.35221862792969,37000400
2023-01-20,94.38684158568209,97.56284926169742,94.30743969004087,97.28494262695312,63191100
2023-01-23,97.21546604814961,99.28979699304459,96.76884364481533,99.04167175292969,40005100
2023-01-24,97.36434811206689,98.86302676577444,96.47109568362592,96.96734619140625,33078500
2023-01-25,94.85330946494906,95.4388889257961,93.05688528262908,94.50593566894531,42330000
2023-01-26,95.7763485788492,96.83832436901237,94.66474470873614,96.7886962890625,30114000
2023-01-27,96.58026736816271,99.5676974204637,96.58026736816271,98.62482452392578,33879800
2023-01-30,96.74900229918671,97.55292569844815,95.67709938538358,96.21305084228516,27226200
2023-01-31,96.14357246377932,98.1384939775665,96.09394438600727,98.09879302978516,29870700
2023-02-01,97.96976938145957,100.43117510729803,96.84824601659454,99.67687225341797,35531100
2023-02-02,105.00660587554181,107.04122832500863,104.81802826774744,106.93205261230469,69883800
2023-02-03,102.15812220922525,107.001524077653,101.81074839414418,103.99424743652344,65309300
2023-02-06,101.63208364438502,103.57738430774195,101.11597898689797,102.12833404541016,31999600
2023-02-07,102.44594943032921,107.36875324134532,102.34670084961068,106.83280181884766,49010200
2023-02-08,101.28472743744483,102.36654986458451,97.3047964110275,98.62482452392578,94743500
2023-02-09,99.25010144018972,99.27987525907268,92.92786725246418,94.29752349853516,119455000
2023-02-10,94.7342150880715,96.02446938516859,93.54321694627534,93.8608169555664,54980700
2023-02-13,94.02952744911616,94.48607692679491,93.13627517879665,93.90050506591797,50076100
2023-02-14,93.7218607357337,94.13870929839328,91.56813558981159,93.96998596191406,54726100
2023-02-15,93.78141881159203,96.39170132791901,93.44397210105132,96.21305084228516,50169000
2023-02-16,94.65480506987288,96.94747952015656,94.02952471275532,94.79375457763672,42462600
2023-02-17,94.13870649225572,94.84338120494091,92.51100566280641,93.6424560546875,34284100
2023-02-21,92.30258690415565,92.40183548316473,91.03218691960443,91.1016616821289,33629300
2023-02-22,91.01233565397179,91.41926468512888,89.93051323448256,90.96271514892578,30884000
2023-02-23,91.23067923772057,91.2505334957778,89.08688127056686,90.20840454101562,41206400
2023-02-24,88.76928933704684,89.21591174546491,87.91573789556128,88.46160888671875,36585100
2023-02-27,89.1960678100586,89.48389400941119,88.67003591816348,89.1960678100586,27502300
2023-02-28,88.66012201714169,90.54587555642594,88.65019488627358,89.3846435546875,30142000
2023-03-01,89.30524066283623,90.34736213861636,88.99756021287892,89.68238830566406,31111200
2023-03-02,88.98763304410512,91.58798051837316,88.91815071281441,91.3100814819336,32204400
2023-03-03,91.78649146163595,93.02711765283779,91.75671007241478,92.94771575927734,35160100
2023-03-06,93.31494162038848,95.25032313303056,93.29509493195017,94.41661834716797,32639300
2023-03-07,94.26774701922037,94.95256755074698,92.8286160456438,93.15614318847656,27835500
2023-03-08,93.41419049538177,95.24038857658361,93.29508765749337,93.543212890625,34103300
2023-03-09,93.34471548738784,94.81361262324073,91.21083697363413,91.627685546875,28813500
2023-03-10,91.47880785314275,92.09416114868083,89.72208455892081,89.95035552978516,35941000
2023-03-13,89.41440265175312,91.87580822116699,88.74942886454899,90.4267578125,37335600
2023-03-14,91.86588227001643,93.65238694590275,91.74678700641138,93.26531219482422,36050200
2023-03-15,92.52093982631897,96.20311744437676,91.94528745764846,95.38926696777344,50622100
2023-03-16,95.47858895236912,100.43117417550806,94.78384131193948,99.56769561767578,65492000
2023-03-17,99.50814641831961,102.06879309004395,99.34934263318691,100.85794830322266,61028500
2023-03-20,99.36919562318633,100.9869694096106,99.12107039122168,100.46094512939453,32960400
2023-03-21,100.4907247990376,104.31185207942887,100.46095098101657,104.1332015991211,42110300
2023-03-22,103.4880705402918,105.79067243730059,102.55512479803791,102.5948257446289,43427400
2023-03-23,104.27214642263456,105.50285304125943,103.67664737256062,104.80809783935547,40797800
2023-03-24,104.20268485711324,104.69893539038938,103.06130711614168,104.6493148803711,30393300
2023-03-27,103.83544837056961,103.97439789278444,101.16561848824847,101.69164276123047,31120900
2023-03-28,101.67179161770622,101.68171117444312,98.99203472350514,100.2723617553711,32057900
2023-03-29,101.51300211215501,101.72142641563612,99.89522819150731,100.62967681884766,28779600
2023-03-30,100.15326184968737,100.40138705584889,99.0317310716418,100.13340759277344,33086200
2023-03-31,100.54034796899097,103.11092176173695,100.28229560510373,102.9521255493164,36863400
2023-04-03,101.6221870865412,103.74613883608993,101.16563748891863,103.5774154663086,25035400
2023-04-04,103.54762525002644,104.78825142936967,103.25979906775706,103.93470001220703,24420100
2023-04-05,104.98675068203352,105.30435068738927,102.88265348611964,103.68657684326172,28290500
2023-04-06,104.47065726298723,108.35133223109835,103.54763103113567,107.6069564819336,48711500
2023-04-10,106.17775899818363,106.78317763428655,104.33170655524751,105.64180755615234,27067400
2023-04-11,105.75096493367886,105.9296153833785,103.89498568247585,104.5599594116211,26311800
2023-04-12,105.78074743753035,105.94947077272556,103.5575399759029,103.85529327392578,24370300
2023-04-13,105.04629398559699,106.68392202189075,105.04629398559699,106.62437438964844,24843600
2023-04-14,106.08841104220208,108.12304073286062,106.03878297279861,108.0535659790039,26578000
2023-04-17,103.8751497069163,105.36390108383588,103.73619261199721,105.17532348632812,37571200
2023-04-18,105.69141368807013,105.74104175957935,103.28956344176271,103.71633911132812,26596400
2023-04-19,102.80325882912756,104.19276178994863,102.29708118201934,103.39875793457031,20905700
2023-04-20,103.13076358508629,105.45321186348013,103.09106264372309,104.50041198730469,27820800
2023-04-21,104.67906972482673,105.20509398319376,103.99424168995147,104.61952209472656,25800100
2023-04-24,104.69891971395418,105.83037015463859,103.9148430801148,105.17532348632812,23542800
2023-04-25,105.03637557743666,105.88992698575956,103.06129326840653,103.07122039794922,46664100
2023-04-26,104.13319912015552,105.55247579876328,101.86037100841686,102.9322738647461,53347600
2023-04-27,103.6667202584599,107.55732970203324,102.76354833968519,106.78317260742188,50089200
2023-04-28,106.23729608563893,106.54496893818438,104.30191480844489,106.53504180908203,36139800
2023-05-01,106.03879433997653,107.18017190898796,106.01894765339576,106.3960952758789,26681700
2023-05-02,106.33655628584265,106.3961039226054,102.93227756090715,104.53020477294922,30997200
2023-05-03,104.7386173549269,106.68391818406765,104.17289215243281,104.61952209472656,21795400
2023-05-04,104.69892635616654,104.80810206984134,103.1903281969406,103.9049301147461,23419500
2023-05-05,104.03393705802738,105.08598551837335,103.32926237494843,104.77831268310547,26639300
2023-05-08,104.39124127488218,107.15039246780319,104.37139458934332,106.9618148803711,26511400
2023-05-09,107.57717717560891,109.32398096474886,106.38617906657517,106.54497528076172,36360100
2023-05-10,107.160334717474,112.09306592369241,107.12063376861364,110.9119873046875,63153400
2023-05-11,114.53460704620213,117.03570601894897,113.55203326107099,115.69583129882812,78900000
2023-05-12,115.8050066061785,117.14488132168266,115.23928138975758,116.6287841796875,41102300
2023-05-15,115.2392819935686,117.59151189110723,115.14003341637807,115.63628387451172,36266800
2023-05-16,115.6164352654177,119.84449149553303,115.55688763062979,118.6137924194336,45035600
2023-05-17,118.71304303528596,120.7575926346341,117.99844111686251,119.9338150024414,33323600
2023-05-18,120.04299070810453,122.38529363069811,119.92389543649637,121.90889739990234,35234200
2023-05-19,122.6234854701716,125.0253357573237,121.23398273827031,121.83940887451172,41353400
2023-05-22,122.01805859496362,125.48188448874207,121.81955387893379,124.11223602294922,35253000
2023-05-23,123.22890704860153,123.6953760794371,121.29352588112114,121.64089965820312,34046300
2023-05-24,120.21171384013235,120.99579047353133,118.96116056401159,119.99336242675781,34182600
2023-05-25,123.58621039965489,124.38021415921419,121.04541048455478,122.55401611328125,42317000
2023-05-26,122.24634093896407,124.32067187463625,121.53173903906134,123.67554473876953,35635900
2023-05-30,124.6978199598951,124.71767421950892,121.08511707268141,122.74259185791016,35076700
2023-05-31,121.82949792288854,123.12967181163546,121.58137267253642,121.94860076904297,37325800
2023-06-01,121.8989611091008,123.48696104605021,121.70046395655,122.7922134399414,30772700
2023-06-02,123.06018362345124,125.2039891873368,122.83191265844434,123.7350845336914,26980100
2023-06-05,123.0800387874398,126.47439004972225,122.91130787950246,125.0650405883789,32305500
2023-06-06,125.06504658476162,127.32793996259925,124.41991945408888,126.35529327392578,26638300
2023-06-07,126.01783217592924,128.07230102840563,121.20420464273798,121.58135223388672,52539000
2023-06-08,121.31339671268852,122.30589768119812,120.33081530189335,121.22406768798828,29389200
2023-06-09,121.33323932610408,122.83191785844093,120.99579264278889,121.31339263916016,23778300
2023-06-12,121.86919005532346,123.11974334684123,120.74766673085075,122.71281433105469,28306400
2023-06-13,124.04277534219001,124.2214258208004,122.25627055608605,122.90139770507812,22278300
2023-06-14,122.17686661381849,123.11974706875885,120.53923851602217,122.74259185791016,30592300
2023-06-15,122.21656558106999,124.51916746718288,121.48211700306517,124.15193939208984,35246300
2023-06-16,124.98564142278578,125.1642918916508,122.35551246478781,122.6036376953125,45535600
2023-06-20,122.00813366210225,123.63583450194002,121.22405705707857,122.1768569946289,26097500
2023-06-21,121.48211364469854,121.74016600309444,119.19935850880321,119.64598846435547,30306300
2023-06-22,119.10011432011007,122.31581528654226,117.93889002281252,122.22649383544922,26952200
2023-06-23,120.4697692190949,121.86919927030634,120.15216920049242,121.42256927490234,34913600
2023-06-26,119.85441072671466,121.08510972170825,117.38307803534231,117.45255279541016,33969900
2023-06-27,116.20201599292278,118.18701794330883,115.22936170547375,117.44264221191406,39535900
2023-06-28,116.21193098693968,119.48718710532653,115.97373288245846,119.27876281738281,27091400
2023-06-29,118.34581293262964,119.15966342094775,117.41286717472148,118.20686340332031,24090900
2023-06-30,119.26883719212228,120.17201669011786,118.79244097715116,118.80236053466797,29532200
2023-07-03,118.34580787808842,119.28868829776731,117.928959307964,119.00086212158203,14467900
2023-07-05,118.34581085804417,121.69054177705794,118.33589130053984,120.83699035644531,27584800
2023-07-06,118.90162428949438,119.39787479559047,117.51212135798899,119.20929718017578,24745200
2023-07-07,119.19935295630401,120.14223332598381,118.50460537627106,118.5840072631836,21709500
2023-07-10,117.41286932662906,117.42278888448908,115.2690635685402,115.57673645019531,35315200
2023-07-11,115.41794182924588,116.8272914274114,114.48498846913382,116.26156616210938,23078800
2023-07-12,117.90910932353661,119.4276344809341,117.52203458036395,118.03813171386719,30404400
2023-07-13,120.02314237165878,123.89389766157021,119.54673857522506,123.60607147216797,44297900
2023-07-14,123.86412354678572,125.82927121842717,122.56394213265052,124.4794692993164,33283100
2023-07-17,124.99557527494002,126.14687246896142,123.26861812563564,123.71524810791016,25716200
2023-07-18,123.66562163404387,123.7450235304355,122.03792061892348,122.83192443847656,26193600
2023-07-19,123.6656104289081,124.24126276731612,120.88661245663589,121.11488342285156,37224000
2023-07-20,120.50945204858441,123.15942751525031,117.33345234009127,118.30609893798828,37906800
2023-07-21,119.71545591184214,120.08267638216759,117.83962990079293,119.11994934082031,72937900
2023-07-24,120.74767468990552,122.07762238859752,120.07277371039838,120.61864471435547,29686100
2023-07-25,120.4499090798837,122.22648658848489,120.1124548384505,121.29353332519531,52509600
2023-07-26,129.09460190925336,129.99776623656712,127.35772529958219,128.30059814453125,61682100
2023-07-27,130.68260803004364,132.2408419072244,127.82420023434912,128.42962646484375,44952100
2023-07-28,129.799265024623,132.73707431896543,129.59084831881933,131.5857696533203,36591200
2023-07-31,131.73465100315445,132.52865481704072,130.79177809982338,131.7247314453125,28055500
2023-08-01,129.79927708428264,131.6354099568871,129.70002092843689,130.56350708007812,23166800
2023-08-02,128.4792349041098,129.1144348566753,126.60340886103654,127.41726684570312,26273300
2023-08-03,127.01035151213354,128.4197010851892,126.46447294473376,127.48674774169922,20089500
2023-08-04,128.31051623779516,130.5237890233023,126.95079483936229,127.1492919921875,26147200
2023-08-07,128.19140290262357,130.62302675673814,128.05245340079873,130.5436248779297,22746300
2023-08-08,129.64046232824563,130.52378752085772,128.56855954209357,130.41461181640625,23535200
2023-08-09,130.67266960839547,131.04980964495556,128.0326136306667,128.6876678466797,24912900
2023-08-10,130.33524987803614,131.05977143036745,128.47926254911619,128.71746826171875,20857800
2023-08-11,127.6951647046181,128.95562989704715,127.20883382963942,128.58840942382812,19591100
2023-08-14,128.41968447620044,130.38483192031686,127.99291637965989,130.3451385498047,24695600
2023-08-15,130.1168711231594,130.43446352895285,128.31051225646652,128.8067626953125,19770700
2023-08-16,127.73487091064453,129.30302424952546,126.91110086620327,127.73487091064453,25216100
2023-08-17,128.8265987274483,131.0001777651828,128.32041365904695,128.94569396972656,33446300
2023-08-18,127.54628706629671,128.2807431949733,125.4322628444653,126.50416564941406,30504800
2023-08-21,126.2262700322158,127.76464194810235,125.61091672255242,127.40734100341797,25248700
2023-08-22,127.54629719383558,129.30302819235456,127.35773472637845,128.11203002929688,22054900
2023-08-23,129.20375527825698,132.40954397470435,128.89608243334328,131.37733459472656,27819700
2023-08-24,132.94548953796456,133.24324283014445,128.59834599183964,128.8067626953125,28500700
2023-08-25,128.56857452291544,129.77942696997056,126.29575386732984,128.90603637695312,26762900
2023-08-28,130.3252954237949,131.54606733409824,129.16407114652645,130.0275421142578,20543300
2023-08-29,131.24832315951218,135.54585383099212,131.24832315951218,133.56085205078125,43075600
2023-08-30,133.76926593538553,135.2580172391428,133.06459879911617,134.86102294921875,28315800
2023-08-31,134.99004570424955,136.9651280020466,134.77169428863934,135.1488494873047,30053800
2023-09-01,136.42920516882052,136.42920516882052,133.83877674332504,134.6427001953125,21543700
2023-09-05,134.42433443329878,135.3969811480602,133.57078298930236,134.75186157226562,19403100
2023-09-06,135.00000524133335,135.5061753555321,132.66762157476407,133.4517059326172,18684500
2023-09-07,132.58819181549026,134.56327406172488,131.9529918442149,134.24566650390625,18844300
2023-09-08,133.8983069363544,135.6351836006342,133.8387593023914,135.35728454589844,23558300
2023-09-11,135.51604859621148,136.44900174396227,134.77167301803075,135.89320373535156,20763400
2023-09-12,135.23815692482054,135.84358303367614,134.17618891743425,134.32505798339844,18405500
2023-09-13,134.07696765938724,135.87339219640586,133.14401421832758,135.68482971191406,20749500
2023-09-14,136.56814159733074,137.65988359424148,135.21833965192076,137.06439208984375,24751000
2023-09-15,136.94525064688966,137.48120953821922,135.45649950664495,136.36959838867188,38919600
2023-09-18,135.58554599898608,138.11642627515133,135.58554599898608,137.17355346679688,21861300
2023-09-19,136.38949123690924,137.3720727194704,135.59548737523636,137.0048370361328,20353700
2023-09-20,137.04452607661787,137.04452607661787,132.61796539950902,132.73707580566406,29927500
2023-09-21,130.45430805462482,131.23837702598837,129.09458679982205,129.46180725097656,31503900
2023-09-22,129.7794091306759,131.03988948397537,128.62811962390344,129.2732391357422,26397300
2023-09-25,128.85638541915864,130.18633290541212,127.99291453760557,130.1267852783203,20094600
2023-09-26,128.79684829173706,129.3824201983576,126.2659679234884,127.60585021972656,25718700
2023-09-27,127.60586778894698,129.918381917851,127.60586778894698,129.5610809326172,22746500
2023-09-28,128.86633128049803,132.3003915392616,128.81670319967085,131.31781005859375,22513100
2023-09-29,132.28052789506322,133.04475788137387,129.38242688382053,129.87867736816406,30859800
2023-10-02,130.22603966262653,133.41195882393936,130.1863311488605,133.16383361816406,22288000
2023-10-03,132.93557573096578,133.2531681504959,130.85131773991853,131.4368896484375,22989400
2023-10-04,131.79419070491505,134.55335719954957,131.53614591729064,134.225830078125,26752300
2023-10-05,134.05711364746094,134.47396223865763,132.44925177357314,134.05711364746094,19832600
2023-10-06,133.00505810690692,137.1239464843942,133.00505810690692,136.5482940673828,27597600
2023-10-09,135.9130761696135,137.8980779769235,134.59304815042893,137.38197326660156,19278100
2023-10-10,137.46139159362946,138.6722440524293,136.3001672148192,137.02468872070312,27786600
2023-10-11,137.54078929024345,140.05181558848287,137.54078929024345,139.4960174560547,25884300
2023-10-12,139.9922602118785,140.16098355386808,137.2231741164266,137.9278564453125,24765500
2023-10-13,138.33476613157276,138.95011178040497,135.5954542355113,136.3299102783203,23420500
2023-10-16,137.13386618680707,138.58292436140798,136.95522326980412,138.05690002441406,28501900
2023-10-17,137.5904036136543,138.85086884355698,136.1512652036196,138.67222595214844,23515800
2023-10-18,138.4042623643259,139.6647428833376,136.34979315539405,136.92544555664062,23375000
2023-10-19,137.4613862357858,138.61269101146914,136.3497899802919,136.71701049804688,26066000
2023-10-20,136.30016767562714,136.83611156598081,134.06704036781977,134.58314514160156,26335700
2023-10-23,134.0273213470116,136.6276841287948,132.94549894839827,135.47637939453125,26317900
2023-10-24,136.79639635920353,138.31492147464493,136.38946736895807,137.76904296875,44814300
2023-10-25,127.19892549752396,127.34779458240867,124.13209362181638,124.66804504394531,84366200
2023-10-26,122.34558803554405,123.39764418527096,120.36058614753718,121.3630142211914,57061100
2023-10-27,121.9585046679144,122.38528034661036,119.30852915172775,121.25382995605469,44566500
2023-10-30,122.2860385724438,124.45961803038976,121.82948905369454,123.52666473388672,28940100
2023-10-31,124.12216757392719,124.42984802046038,121.76994514607122,123.14952087402344,26292300
2023-11-01,123.13959750160885,125.54144807960145,122.79222366961514,125.50174713134766,30082400
2023-11-02,127.45696935668228,128.01276746198673,125.97814507096508,126.53394317626953,27124600
2023-11-03,127.05996371421396,128.55863455349083,126.9011599427464,128.13186645507812,26393100
2023-11-06,128.08224111307598,129.3625605799608,127.7050859338931,129.2732391357422,19052700
2023-11-07,129.72977874518887,130.92077660758775,128.90600131140343,129.98782348632812,29757300
2023-11-08,129.98784740054361,131.21855399990926,129.7992698016351,130.851318359375,26425800
2023-11-09,130.97042365935377,131.55599554780142,129.09459758945283,129.26332092285156,23747800
2023-11-10,129.12437037075154,131.80411971424755,128.43954234138178,131.59568786621094,26913300
2023-11-13,130.7917686694096,131.59569198317294,130.26574439881477,131.0994415283203,18324800
2023-11-14,133.1836984817578,134.68236939202447,132.3202275430886,132.6179656982422,32395200
2023-11-15,133.85861415853404,134.01741796401828,132.5683748859767,133.61048889160156,23861500
2023-11-16,134.17621044610362,136.1909862320152,133.3127394362453,135.9031524658203,28013200
2023-11-17,134.9801160980622,135.03966372618416,132.6477330342115,134.2952880859375,37240600
2023-11-20,132.68744121099556,135.63516995040786,132.61795888212296,135.22824096679688,27815500
2023-11-21,135.2679473163652,136.15127255285424,134.9404353311043,135.94285583496094,22635300
2023-11-22,136.43910658423133,138.37448040468396,136.43910658423133,137.4514617919922,17813900
2023-11-24,136.9949104607267,137.09416661748833,134.97021510431284,135.6649627685547,12514300
2023-11-27,135.0099144629775,137.38199132880567,134.9801406435023,135.38706970214844,23436500
2023-11-28,135.0595159672369,136.22074013136128,134.40446177895313,136.17111206054688,18730000
2023-11-29,136.53836114342,137.25294788509495,133.8288226820438,133.9777069091797,23967200
2023-11-30,134.0372391259656,134.533489537284,130.29550678420406,131.5361328125,38988300
2023-12-01,130.87115478515625,131.11927998267518,129.69007642186855,130.87115478515625,31442300
2023-12-04,128.90602431139112,129.05489339161807,126.94086915840347,128.30059814453125,36669900
2023-12-05,127.98299525723667,131.14907573021983,127.28824761685543,130.00770568847656,27384800
2023-12-06,130.454347923522,130.85134230856485,128.9060486197438,129.0449981689453,23576200
2023-12-07,134.02732621189014,137.52093391588886,133.68987951198724,135.9031524658203,56767100
2023-12-08,133.19362268827305,135.37712172033739,133.02489934634232,133.9777069091797,32260100
2023-12-11,131.38728665345792,132.34007912846104,130.3749313974492,132.2904510498047,31138000
2023-12-12,130.82154752185775,132.00262607297714,130.2756689716308,131.52622985839844,29032800
2023-12-13,132.379774745465,132.4988700071408,130.58335054149978,131.5758514404297,30104800
2023-12-14,132.37976513726198,132.7172117837592,128.71743466292693,130.9505615234375,38722400
2023-12-15,130.63297472797083,132.5088009828191,130.19627187171184,131.6056365966797,50847100
2023-12-18,131.6354201914368,136.1215140704281,131.4369078643111,134.78164672851562,32258000
2023-12-19,135.81382173780045,136.43910216120065,135.05952649346082,135.625244140625,25476800
2023-12-20,137.9278622500159,140.63738568200563,137.03461742674637,137.30258178710938,49107200
2023-12-21,138.44395531377506,139.63495335905975,138.1362673150206,139.36697387695312,27488300
2023-12-22,139.7143532323911,140.92520551853121,139.6548056026402,140.428955078125,26532200
2023-12-26,140.52819216023732,141.61001445550394,140.1311978767292,140.45872497558594,16780300
2023-12-27,140.52820465495105,141.0145355681964,138.84095608348233,139.31735229492188,19628600
2023-12-28,139.72426900145066,140.08156991463156,138.70199433347554,139.1783905029297,16045700
2023-12-29,138.58292367477063,139.30744518629933,137.7392917414662,138.64247131347656,18733000
2024-01-02,137.51098999214332,138.40423466169574,135.45650605006813,137.1338348388672,23711200
2024-01-03,136.22076003752528,138.58291722535583,136.05203668758926,137.87823486328125,24212100
2024-01-04,137.38196297189364,138.1164190375322,135.32749413034747,135.3671875,27137700
2024-01-05,135.72451347642397,136.13144252624735,134.13650579847908,134.712158203125,22513900
2024-01-08,135.26793269762982,137.9675361915349,135.23815888400566,137.79881286621094,21404000
2024-01-09,137.46138108120132,140.42896436301152,137.11399969220417,139.89300537109375,24759600
2024-01-10,139.94265824666346,141.927660491297,139.8533367803026,141.2130584716797,21320200
2024-01-11,142.4139716480829,144.13099411000476,139.58533778589887,141.01454162597656,24008700
2024-01-12,141.60011549083978,142.12613980794654,140.75649872961355,141.58026123046875,18785500
2024-01-16,140.93514731118603,143.267530806828,140.38926871174172,141.42147827148438,22670500
2024-01-17,140.2900233777166,140.77633917868644,137.85838379541343,140.40911865234375,20968600
2024-01-18,140.98475322574876,143.12855876412843,140.92520559596517,142.40402221679688,25746400
2024-01-19,143.65460180395502,145.35177005215584,143.29730083417112,145.2823028564453,34271900
2024-01-22,145.996909921107,147.2772296068984,144.7463489107817,144.89523315429688,32200400
2024-01-23,144.79596212537868,146.07628167971635,144.40888736296378,145.9373321533203,21636100
2024-01-24,147.4260808607733,148.7262697948882,146.98939317466798,147.5848846435547,25233500
2024-01-25,148.94463515959285,151.9022839551748,148.41859568681784,150.7311248779297,29149100
2024-01-26,149.96688376806185,151.39607226389228,149.8775471822791,151.0487060546875,26115500
2024-01-29,150.91967200834566,152.62677462737892,150.29439164661815,152.35879516601562,27784300
2024-01-30,151.65415115558076,152.46799407543287,150.05622398904708,150.32420349121094,36331800
2024-01-31,142.54296958721974,142.92012476265015,138.8210913381924,139.04937744140625,71910000
2024-02-01,141.0542328791591,141.9871862131904,139.73420477296187,140.1014404296875,40466500
2024-02-02,138.2156582721091,141.55046162176478,135.47636147017644,141.31227111816406,62499600
2024-02-05,141.7489723902992,144.37909346860508,141.70926387721508,142.60250854492188,38505400
2024-02-06,143.56525733160348,144.2699396743933,142.11621441563744,143.01939392089844,29128200
2024-02-07,143.67444354834973,144.52799503931547,142.85066587671363,144.44859313964844,25208900
2024-02-08,144.73639401682047,145.23264441865652,144.0118726705608,144.8157958984375,22563800
2024-02-09,145.58003513170593,148.31934750358255,145.08378464629212,147.8826446533203,26829500
2024-02-12,147.3069701451041,148.2200690837802,146.26484125340653,146.42364501953125,21564100
2024-02-13,143.83322330553597,145.57009981647306,142.61245148398422,144.05157470703125,27837700
2024-02-14,144.98456111916255,145.42126402208575,143.00947849707447,144.84561157226562,22704200
2024-02-15,142.06659185995144,142.44374708435768,139.40669646187024,141.69937133789062,37590700
2024-02-16,141.9177107623263,142.1162079157189,139.08907710730534,139.4662322998047,31468900
2024-02-20,138.61269407325094,141.0145446894188,138.4439707196268,140.06173706054688,25144700
2024-02-21,140.3892306459635,141.61993705061454,139.62500081395828,141.48098754882812,23223300
2024-02-22,143.84314227764477,143.9126246070933,141.72912574537517,143.0094451904297,27191900
2024-02-23,142.59258316727016,143.59500348849227,142.35437753157194,142.8804168701172,19493800
2024-02-26,141.07408198356765,141.37183529228255,136.35970255272923,136.53836059570312,53641800
2024-02-27,136.98498010411188,138.20575198535647,136.06194638095468,137.83853149414062,33099200
2024-02-28,136.8658750875032,136.9750507978896,134.3945574118629,135.35728454589844,37328600
2024-02-29,136.25051773823296,137.8186709245879,135.37711212953872,137.4216766357422,42133000
2024-03-01,137.39190716020826,137.82861002648335,135.89323609127652,136.11158752441406,31151100
2024-03-04,134.6426653234506,134.6426653234506,130.92078723607764,132.34999084472656,55999400
2024-03-05,130.89102554499024,132.2408273954596,129.69009277405854,131.6750946044922,40194800
2024-03-06,132.12171457090452,132.57827164707297,129.86874843851078,130.41461181640625,35318600
2024-03-07,131.79418082018677,133.92806672802465,130.6230370899261,133.3722686767578,37738200
2024-03-08,133.20354849306366,137.0544415724304,132.99511664674006,134.39454650878906,39370400
2024-03-11,135.10917405073008,138.0569034084444,135.10917405073008,136.6376190185547,32437800
2024-03-12,136.0024024134986,138.33478567710262,136.0024024134986,137.4613800048828,27563400
2024-03-13,137.95763014261004,140.03195346478358,137.94771058521772,138.74169921875,23347200
2024-03-14,140.13120561748423,142.51320173883516,139.40668419509728,142.02688598632812,42753400
2024-03-15,141.43138537879798,142.10627875552206,138.97990682068314,140.12127685546875,49475400
2024-03-18,147.4955587325886,151.00900524024846,146.06635501951953,146.57252502441406,69273700
2024-03-19,147.04894486376466,147.6742101661268,144.98454106374294,145.9274139404297,24070400
2024-03-20,146.89013190121898,147.7436832734465,145.6395862302464,147.6245880126953,21311500
2024-03-21,148.34912076601722,149.24236557867428,145.7983860112411,146.49314880371094,24755600
2024-03-22,148.0017381108715,150.4432971327226,147.86278858243205,149.63937377929688,29211800
2024-03-25,148.8155806383432,149.25228343768953,146.71148367170483,148.94461059570312,19229300
2024-03-26,149.0934777474766,151.11817280232611,148.85527209334566,149.54010009765625,22149100
2024-03-27,150.0462745317352,150.50283159628924,147.78337375554537,149.7386016845703,22879200
2024-03-28,149.71876999163942,150.2944071987847,149.0438614902864,149.79815673828125,24485400
2024-04-01,149.5599671303415,154.57209984115423,149.48056523884867,154.323974609375,31730800
2024-04-02,152.34887623400127,153.53987419197475,151.0089940660557,153.4009246826172,24586000
2024-04-03,152.44814641496717,153.9170435269461,151.58466032180885,153.75823974609375,24705000
2024-04-04,152.34889789636918,153.60937836042848,149.3217669288391,149.4011688232422,34724700
2024-04-05,148.9049058909421,152.26948327008697,148.4781377816176,151.35638427734375,23459200
2024-04-08,151.63429745472348,154.10563032964885,151.46557410662442,153.68878173828125,20702000
2024-04-09,154.91945877952742,157.37093716554625,154.02621404495505,155.42564392089844,31079500
2024-04-10,155.0385680237579,155.43556231518494,153.520027755364,154.96908569335938,22838600
2024-04-11,155.73334692800734,158.48256399502026,155.28672447423406,158.214599609375,27166400
2024-04-12,156.7754357501012,159.0184821450273,155.96157781069545,156.54714965820312,25353700
2024-04-15,157.66871946165114,158.0458747117583,153.43073568254982,153.69871520996094,27136500
2024-04-16,153.03372500347797,154.4827679200494,152.27941458366453,153.2421417236328,20779500
2024-04-17,154.45297673510063,155.9020346330925,153.42078251926884,154.30410766601562,21763100
2024-04-18,154.17509879172633,155.76310641946125,153.4604968736819,154.84007263183594,19883000
2024-04-19,155.02865652078847,155.18746031886693,151.15790859489965,152.93447875976562,32615600
2024-04-22,153.15280433294885,156.45783399355932,152.90467911948886,155.1080322265625,26446200
2024-04-23,155.78295727916927,157.7778787559541,155.10804875158632,157.0731964111328,21151600
2024-04-24,156.30897512463662,158.37337885267914,155.991367561386,157.93667602539062,22779100
2024-04-25,150.1951766135992,155.31648535594996,149.73861949474144,154.8301544189453,57109700
2024-04-26,173.06240370866433,173.39986557629047,168.37779752849133,170.66055297851562,64665300
2024-04-29,167.79220353593925,168.27853443993808,163.97108407090454,164.90402221679688,45610000
2024-04-30,164.3680750249459,166.83940772348186,161.38065276118826,161.55929565429688,33562900
2024-05-01,163.06789787937092,165.86674249047698,161.86696514908917,162.63119506835938,33493200
2024-05-02,163.55422015396346,165.4796743643417,162.6609753825577,165.37049865722656,24294500
2024-05-03,166.30343222583022,166.700441633881,161.82725905362557,165.98583984375,34662400
2024-05-06,166.2042164988209,166.8791098785654,164.78493225886228,166.83941650390625,21871300
2024-05-07,167.23641214858006,170.47195983372737,167.12723643695188,169.96578979492188,28039700
2024-05-08,167.73266229376583,168.87403234038655,167.4746174960537,168.1098175048828,19569100
2024-05-09,168.11973776202532,169.40999204467994,166.9188049315239,168.6854705810547,15346700
2024-05-10,166.76992345897793,168.57628234941276,164.94372545466877,167.38526916503906,29799900
2024-05-13,163.02820299532175,168.0105620780994,162.77015819649304,167.87161254882812,31327600
2024-05-14,168.49690435742923,169.96580164362084,167.5341771453294,169.0626220703125,25127100
2024-05-15,169.35043246910703,171.35527337198997,169.23132206360498,171.21632385253906,26948400
2024-05-16,171.990499747309,173.80677848039133,171.3950082058099,172.8738250732422,27867900
2024-05-17,172.87380893604973,174.94814744007684,172.387493160876,174.73971557617188,24479300
2024-05-20,174.86874028439564,177.42939448654315,174.7595645769426,175.59326171875,22554400
2024-05-21,175.57339321082898,176.81401926558146,174.49157092573145,176.5162811279297,16989400
2024-05-22,175.31537207270605,175.82154211929756,173.89610294407106,175.0573272705078,17880000
2024-05-23,175.74214258358214,176.91328638262783,171.6530285552818,172.24853515625,21024900
2024-05-24,173.6678149317287,174.45189917635065,172.34778682854989,173.67774963378906,16579400
2024-05-28,173.1417747585167,175.94063449763217,173.06237287112745,175.0771484375,20572200
2024-05-29,174.11444068348618,175.51387070822295,173.40977346435537,174.58091735839844,23388700
2024-05-30,173.88616018139018,173.90601444044296,170.50172837010513,170.8193359375,22931500
2024-05-31,170.57120566797727,171.76220372181547,168.16935530183432,171.20640563964844,37638900
2024-06-03,171.24611844022382,173.22120091176382,169.8764773378859,171.87139892578125,27459100
2024-06-04,171.9805700601862,172.54630289287442,170.60099429207042,172.4867401123047,26879600
2024-06-05,173.88615737761106,175.32528067630372,172.62567697442577,174.09458923339844,22068500
2024-06-06,174.58088560018854,175.82151160685376,174.43201653713288,175.4046630859375,23251000
2024-06-07,175.72229190224542,176.53613478615,172.9929143569092,173.15171813964844,19661400
2024-06-10,173.85721846258227,175.9339227397018,171.66126705733578,173.89695739746094,23726700
2024-06-11,175.09925413873597,175.71530612964037,172.66483900249895,175.4967041015625,21540600
2024-06-12,177.1163217725909,179.26258771171092,174.98993287783568,176.65924072265625,27864700
2024-06-13,174.9899603208632,175.6159584417151,173.76778723125477,174.04600524902344,20913300
2024-06-14,173.1119718356913,175.93390595699566,173.04240975410747,175.66561889648438,18063600
2024-06-17,174.34408443003642,177.22563442085436,173.69820932054725,176.11276245117188,19618500
2024-06-18,176.01339021741077,176.26180021913805,172.9927312675741,173.97642517089844,21869900
2024-06-20,174.25464833709086,176.1624353876285,173.8770754332329,175.17874145507812,20160100
2024-06-21,175.87428594679412,179.69980614084275,175.48676694016078,178.48756408691406,57759000
2024-06-24,179.01419374381484,179.73954672974688,177.53366462186347,178.08016967773438,18298000
2024-06-25,178.47761719658297,183.1179143136271,178.27889222308787,182.8595733642578,23130200
2024-06-26,181.4684906850168,183.33652370507795,181.31943557759413,182.71054077148438,19839000
2024-06-27,183.0086314287107,184.86674877735993,182.84966053121667,184.23081970214844,18848900
2024-06-28,183.14774365065432,183.95258967563325,180.80275249600572,180.9915313720703,29156600
2024-07-01,181.86592606220148,182.71052611795955,180.1469331256833,181.82618713378906,16006100
2024-07-02,180.8921754401855,184.38979268671295,180.40528635394423,184.0618896484375,17372500
2024-07-03,183.67436680423387,184.90647074592763,182.8297667085458,184.63819885253906,10242100
2024-07-05,184.67794276589416,189.64614308224583,184.618326787977,189.38780212402344,20967500
2024-07-08,188.69223602398804,188.96052307793317,186.58572400777334,187.82777404785156,21035900
2024-07-09,189.09963450972523,190.14295958916762,187.5197504772306,187.77809143066406,15121400
2024-07-10,187.94700799576873,190.53047817126304,187.82777604241306,189.96409606933594,15952500
2024-07-11,188.64259506018217,189.64616618812923,183.90292713562832,184.3898162841797,25625800
2024-07-12,183.90290579597803,185.91999392317484,183.31666179406736,183.89297485351562,22898400
2024-07-15,183.74392777730802,187.0428202283238,183.74392777730802,185.34368896484375,16474000
2024-07-16,186.16841437186892,187.4800114523768,182.20378481605346,182.7502899169922,18290700
2024-07-17,181.80632373022326,182.3826367867754,178.7558414559852,179.8687286376953,20734100
2024-07-18,180.77293018820677,181.33931230427376,175.3476639106666,176.55990600585938,25315700
2024-07-19,177.74233237445245,179.14335328560048,176.0034623321631,176.53009033203125,18881900
2024-07-22,179.44146948905654,181.53805079379214,179.0837584316978,180.5146026611328,24100300
2024-07-23,180.89217569882794,182.44225176435077,180.3854095654304,180.63381958007812,36352700
2024-07-24,172.4959059646395,175.069429864651,170.72722801961868,171.53207397460938,49585200
2024-07-25,171.42280540797788,172.3170754912417,166.126701512304,166.21612548828125,44852000
2024-07-26,166.08693667884336,167.020960798883,163.01659240813447,165.93789672851562,41336900
2024-07-29,167.75625247848131,169.3460674710784,166.92159847023703,168.45179748535156,20293800
2024-07-30,169.15728508367997,170.14097901520392,167.36872998762226,169.2069549560547,18959700
2024-07-31,172.13818990776468,173.14176079618966,168.9287219619174,170.44898986816406,25729100
2024-08-01,169.1672144988525,172.94304963161613,167.80593251440823,169.67396545410156,24531400
2024-08-02,165.38144985923282,167.438276847675,163.62270275190997,165.6000518798828,29130100
2024-08-05,154.51101742060257,163.38421519483722,153.944635352421,158.23716735839844,53630700
2024-08-06,158.31665821940092,159.5487772402718,155.41523132677855,157.28326416015625,49004600
2024-08-07,160.22444407280443,161.94343696392548,157.46212618793052,157.92913818359375,25138600
2024-08-08,159.48912910389598,162.6489117553526,159.19104927410476,160.9994659423828,25578800
2024-08-09,158.99231783996856,162.7482755175184,158.04836295010404,162.62904357910156,28602300
2024-08-12,163.30475433227653,163.85124425062764,160.81070801086153,161.25784301757812,15895300
2024-08-13,162.3707367020374,163.68233378484413,161.9335326205201,163.115966796875,18551700
2024-08-14,161.36713999266024,162.18193212107965,156.70698083807574,159.3500518798828,40591100
2024-08-15,159.4792395333743,160.61198866564624,158.5949004315282,160.27415466308594,31524300
2024-08-16,160.44307001878303,164.01023438029236,160.1052360196877,161.92359924316406,24208600
2024-08-19,164.22882628821975,165.6298623978553,163.21530919170212,165.6099853515625,22416200
2024-08-20,165.8385269794626,167.56746621538298,165.7590491136282,166.1167449951172,18341500
2024-08-21,164.0996212243287,165.78882116111723,163.6226783239988,164.79518127441406,22902000
2024-08-22,166.19622575508728,166.52412878399306,162.2713506737651,162.75823974609375,22493300
2024-08-23,163.6723804637865,165.12308635947946,162.78804147862647,164.566650390625,13955700
2024-08-26,165.32181244151707,166.48436931233536,163.41402564106588,165.10321044921875,14190400
2024-08-27,164.78525544371954,165.3814455137806,163.4140425413684,163.63262939453125,11821900
2024-08-28,163.99032874858082,164.5467798499015,160.50265802331725,161.81427001953125,16407400
2024-08-29,163.2649914453281,164.91443753942139,159.2308153360169,160.75108337402344,19699800
2024-08-30,161.58573574397926,162.6191298588304,160.66165779990888,162.34091186523438,22123800
2024-09-03,160.69149428874056,160.8206723664445,155.4848141847217,156.35922241210938,38945300
2024-09-04,155.66365765900977,157.9887717937597,154.9681126394364,155.45498657226562,19353800
2024-09-05,155.30595085455087,158.43591110872654,154.9879787445199,156.23997497558594,18688700
2024-09-06,156.29958787438167,156.82621590471155,149.59251732330907,149.9601593017578,37912100
2024-09-09,151.74112707707891,152.62663960312594,146.47780288600765,147.96029663085938,39260500
2024-09-10,149.6915067964419,150.50738007285446,147.59214370497173,147.91053771972656,31118800
2024-09-11,149.16419505975477,150.73623150719806,146.77630043535657,150.39794921875,29607700
2024-09-12,153.02462848632382,154.03949046129577,151.88041704126704,153.91014099121094,29621500
2024-09-13,154.6463885405626,157.58152818841413,154.42751164329223,156.66616821289062,29591200
2024-09-16,156.51691894363321,157.45218236116395,155.8105069116596,157.2631378173828,18379800
2024-09-17,158.2183245621199,159.74061004154726,157.5815516503455,158.51681518554688,20715600
2024-09-18,159.05406919954734,159.6908420434117,157.80042693308812,159.0043182373047,23677300
2024-09-19,162.88466293518638,162.96424625525552,160.52660096333298,161.32257080078125,26587700
2024-09-20,162.67573141732413,162.90456764484875,161.2429886014312,162.76527404785156,40896400
2024-09-23,163.52143865567453,164.65569075995793,160.85494193042624,161.03404235839844,24150900
2024-09-24,162.20809181188605,162.39713636620655,159.87989243963506,161.47181701660156,23332100
2024-09-25,160.6559541225392,161.9891949013652,160.48681299524299,160.6758575439453,18869200
2024-09-26,162.81502289321162,163.25280710146038,161.46187860492594,161.90960693359375,20319300
2024-09-27,161.98919151686223,164.86462098454524,161.81010627353578,163.12344360351562,21101300
2024-09-30,162.4966264954632,165.31234563823617,162.43691623380593,165.0138702392578,20413900
2024-10-01,166.84461558970514,168.30720599470146,163.7502936339334,166.1481475830078,28338100
2024-10-02,165.58100861617797,166.67546915041717,163.89952615078477,165.02383422851562,17760200
2024-10-03,163.58114729291918,165.79990072302581,163.09361211278292,165.02383422851562,15073100
2024-10-04,167.21271664038824,167.38185775705003,164.64572198743747,166.21775817871094,19047400
2024-10-07,166.87444945314562,167.63061248672904,161.92950423820415,162.15834045410156,22463100
2024-10-08,163.11350061638578,163.89951115954543,162.0488877230142,163.55128479003906,23072700
2024-10-09,162.6259561269001,164.00894776946933,158.93466876764882,161.04397583007812,31181800
2024-10-10,160.0589870760538,162.24790816824293,159.591355313801,161.2628936767578,14144100
2024-10-11,161.31263337427697,163.07369906378534,160.4271208786136,162.4170379638672,15344300
2024-10-14,162.8150044575592,165.39194326757854,162.5762089577725,164.12835693359375,19016100
2024-10-15,164.95417746587214,166.83464858810927,163.80003704311807,164.6258544921875,20247200
2024-10-16,163.7005180988684,164.96411962401345,162.9145075768113,164.3273468017578,16406000
2024-10-17,164.89448390766555,165.53125680199904,161.9394556622168,162.1085968017578,21453400
2024-10-18,162.36727890982462,163.87962007018098,162.25783286831472,162.5961151123047,19757700
2024-10-21,162.12849497134508,163.67068378195492,161.8001568233936,163.24285888671875,20946500
2024-10-22,162.15833529455813,164.93427806644567,162.15833529455813,164.3074493408203,16568100
2024-10-23,163.9293642522353,164.98403306169303,161.11362975074982,161.9593505859375,18280500
2024-10-24,162.00910425207076,162.50658353239453,160.198272384398,161.899658203125,22412500
2024-10-25,162.84485839827352,164.75517692607178,162.59611876941653,164.43679809570312,19828900
2024-10-28,167.89925067008892,167.89925067008892,163.12344672576728,165.87948608398438,32138600
2024-10-29,166.88441853194004,169.52106819656242,166.24764557109307,168.8245849609375,42169000
2024-10-30,179.76907144520447,181.1023272024879,173.18245187784547,173.5804443359375,68890800
2024-10-31,172.2571653376557,175.92856453316725,170.13789893136754,170.24734497070312,44769000
2024-11-01,169.212586806664,171.45124326529034,168.02858385055944,170.42642211914062,31796500
2024-11-04,169.0732883883401,169.86925821421698,167.1629699153526,168.38677978515625,21492700
2024-11-05,168.57581219568198,169.67027262380228,167.98879032144563,168.88426208496094,18242100
2024-11-06,172.92380321236175,176.04797252771442,172.62531260376363,175.62013244628906,33695500
2024-11-07,176.51558744027324,180.16708323715014,176.29669536029814,179.8387451171875,25352900
2024-11-08,179.7392438048685,179.98798342551285,177.18220839921253,177.4508514404297,22006200
2024-11-11,177.67968464546155,179.6397540376483,177.57023860694844,179.44076538085938,17450400
2024-11-12,178.91346288473798,181.57000052707394,178.4856227918212,180.70437622070312,25134900
2024-11-13,179.5502161710403,180.04769541710874,177.63988250609916,177.97817993164062,23184000
2024-11-14,177.38122476369978,177.9185109300503,173.44119705916114,174.69483947753906,31007500
2024-11-15,172.8541459998015,173.2620826521563,170.35680548513443,171.6204071044922,32504600
2024-11-18,172.54571749253887,174.55553810267529,172.0283347729084,174.41624450683594,20135300
2024-11-19,172.84418886990383,177.9682189842711,172.68499186898757,177.2220001220703,23434900
2024-11-20,176.44594821026809,176.78423047859985,172.90389814923452,175.09280395507812,18997100
2024-11-21,173.02327566367867,173.25212704774955,162.87470208296352,166.78489685058594,59734400
2024-11-22,165.0138834352713,165.62080876483188,163.07370209558795,163.9293670654297,38604600
2024-11-25,165.25264629068545,167.77984927042047,164.77507048279222,166.80477905273438,33135300
2024-11-26,166.78490128483136,168.96386286905866,166.73515032254275,168.2673797607422,20486700
2024-11-27,168.14799483925975,168.6255706920237,167.17293971182346,168.3768310546875,19266500
2024-11-29,167.6505077939042,168.57581191461244,166.31726704322566,168.09823608398438,14257200
2024-12-02,167.9191390921123,171.21244907827995,167.72015044176146,170.62542724609375,23789100
2024-12-03,170.62546445455806,171.80945249599012,169.98869152545723,170.47621154785156,22248700
2024-12-04,170.2871382330325,174.02819184419297,170.19759561324068,173.49090576171875,31615100
2024-12-05,174.4759264469432,175.17239437366248,171.46120334982362,171.76963806152344,21356200
2024-12-06,171.16274171578277,174.19736874760716,170.99360056081088,173.82923889160156,21462400
2024-12-09,173.28136421093646,175.5723794273802,172.97256079724536,174.68585205078125,25389600
2024-12-10,182.13669028720858,185.63299196104862,180.34370922398435,184.4476318359375,54813000
2024-12-11,184.58707675233347,194.84689801892716,184.1288797897164,194.63771057128906,67894100
2024-12-12,194.2392695844635,194.4185600761266,190.96211115966233,191.2111358642578,34817500
2024-12-13,190.26484320082633,191.97813450480885,188.90019258748762,189.07949829101562,25143500
2024-12-16,192.11756882122688,198.22365926952406,191.8685441236521,195.89279174804688,44934900
2024-12-17,196.48048589662955,200.6342160179093,194.21933739249496,194.65762329101562,43504000
2024-12-18,194.4584096820746,196.23146433679096,187.0075948858922,187.66500854492188,34166100
2024-12-19,190.88242054359256,192.27695280314458,187.64509939888953,187.7745819091797,32265200
2024-12-20,185.0552429190991,192.13750634222802,184.49742999563804,190.6632843017578,63462900
2024-12-23,191.86855908689105,194.33889522295496,189.40819366703502,193.8707275390625,25675000
2024-12-24,194.0798904284353,195.34494018554688,193.02402811118543,195.34494018554688,10403300
2024-12-26,194.38868793025316,195.98245219810025,193.62170274567876,194.83694458007812,12046600
2024-12-27,194.18946980047588,194.55803671433245,189.9062416607854,192.0080108642578,18891400
2024-12-30,189.0595575397149,191.7988292724579,188.3822024440024,190.4939422607422,14264700
2024-12-31,190.33457825065463,191.2111501400391,187.77459680063998,188.5615234375,17466900
2025-01-02,189.90623605246924,191.25097555403835,186.76853081449056,188.6909942626953,20370800
2025-01-03,190.62343412562188,192.45626758091493,189.23885731709424,191.0417938232422,18596200
2025-01-06,193.2232644718959,197.44672936937255,193.09378194764346,196.10198974609375,29563600
2025-01-07,196.34104650196386,200.21587045148732,193.84084384019965,194.7273712158203,26487200
2025-01-08,191.818768515616,195.52424236393108,191.62950729663424,193.19337463378906,24864800
2025-01-10,193.54201039861906,195.75335107074358,189.5675704988791,191.2908172607422,26665200
2025-01-13,189.32851141262705,190.43416651970912,186.62907690279673,190.26483154296875,21823700
2025-01-14,190.49392754683893,191.23103088318788,187.57535034976993,188.9200897216797,17174900
2025-01-15,192.33671488233958,195.59396223510123,191.1115176062456,194.78712463378906,21776000
2025-01-16,193.38262220625612,194.71739096273467,192.05780896613516,192.1574249267578,17815400
2025-01-17,195.76329797481387,196.46056410218043,192.9941444980855,195.23536682128906,27735100
2025-01-21,198.29339931939404,201.50082353528188,197.0980685764286,197.27737426757812,29971300
2025-01-22,198.28342571973468,199.6978841991253,196.75939576380796,197.5961151123047,26200600
2025-01-23,197.3670210617764,199.5185981768782,194.43848807720923,197.2076416015625,26951400
2025-01-24,197.32718592161126,200.11625050908367,197.22756995808922,199.428955078125,23877500
2025-01-27,191.65938720339696,196.11195036774717,189.98593319836488,191.0617218017578,41728900
2025-01-28,191.99806124313736,194.71740695981467,189.9361292430902,194.53811645507812,24157900
2025-01-29,194.7970833042233,196.0222806001553,192.6753879484473,194.64767456054688,18218300
2025-01-30,197.22756600165175,200.6142959037936,196.89885156773758,200.08636474609375,24354700
2025-01-31,201.21196665384008,204.6783863780237,201.0127499247283,203.22409057617188,32001100
2025-02-03,199.90705965419968,202.95511938336384,199.31936504221272,200.4449462890625,27838300
2025-02-04,202.59653399897414,206.2422592489475,202.0187948719897,205.5748748779297,43856400
2025-02-05,190.32462266498615,191.99806150855852,187.29647352052726,190.58360290527344,70373900
2025-02-06,188.76074056252688,191.35060376868358,187.98378464053243,190.85255432128906,29297400
2025-02-07,190.3046897826863,190.43417229867478,182.52516013677956,184.61695861816406,49315000
2025-02-10,186.61914089319663,187.46581586539978,185.1349480135509,185.74256896972656,23105600
2025-02-11,184.30818395569807,186.21073656140828,183.56110975757488,184.59706115722656,21239500
2025-02-12,182.50524456499636,184.38787090784842,181.12066768003388,182.8937225341797,22072600
2025-02-13,183.6009567802338,185.5533021151623,182.4255521731024,185.41384887695312,21402500
2025-02-14,184.3380502737544,185.67281908148942,183.60094685418304,184.50738525390625,20448400
2025-02-18,184.87593259008312,185.2345287451642,181.03099083809295,183.05307006835938,29916700
2025-02-19,183.35192561125757,184.73650242741212,182.8737872119756,184.5472412109375,19549400
2025-02-20,184.07906552714084,184.587070455128,182.00717815142445,183.83999633789062,20441500
2025-02-21,184.42767889722575,184.61694009305896,178.38136734197036,178.9591064453125,35199200
2025-02-24,181.28002106421596,182.40560234155157,178.19210879001352,178.5507049560547,29854200
2025-02-25,177.34541534936753,178.0426966360842,174.0084936453782,174.7356414794922,41913400
2025-02-26,174.38701976901885,175.39307405965482,170.9106295738481,172.05613708496094,35431300
2025-02-27,173.31123936714644,173.87900779159736,167.28483845921406,167.8426513671875,39991000
2025-02-28,168.02192807583762,169.94440654660372,166.11939103491417,169.61569213867188,48130600
2025-03-03,171.25927958138345,172.69366445439235,165.28268607668863,166.3584747314453,40770500
2025-03-04,165.5914841182232,172.6139690982364,165.15319817693035,170.2532196044922,45388000
2025-03-05,169.8547695105912,173.10204608630403,168.40045859307807,172.3450164794922,30954900
2025-03-06,169.8647356201999,174.12803748089462,169.83485387065045,171.67764282226562,28302000
2025-03-07,170.5918843353401,174.28741777289434,169.60575619699736,173.18174743652344,27385800
2025-03-10,167.7966101322015,167.99607150995365,163.23920372577845,165.41319274902344,43604000
2025-03-11,164.45584068137828,166.29076966008637,160.92558133782,163.58822631835938,39587400
2025-03-12,166.12124110886077,167.17831943801426,163.07963775446962,166.6497802734375,28372400
2025-03-13,165.58273352485466,165.67249723739275,161.6635637085375,162.311767578125,31756200
2025-03-14,162.82035345635094,166.03148669065808,162.00260445854184,165.03424072265625,31995900
2025-03-17,164.57550719551887,165.8420138841619,163.21925201833648,163.83753967285156,31184300
2025-03-18,163.2292134435371,163.79765095180105,156.28838999765335,160.22750854492188,42074800
2025-03-19,161.3145206452732,165.41320264839743,160.55661910146412,163.43865966796875,34275600
2025-03-20,161.1250457167365,164.43589456907407,160.51672503978745,162.35165405273438,28138500
2025-03-21,160.76603321155818,163.7876873527184,160.44690718978086,163.5383758544922,36625800
2025-03-24,166.60991043967152,167.85646804378672,164.68521758619846,167.2182159423828,30879100
2025-03-25,168.51463564762358,170.16010078341677,167.85646481007365,170.0902862548828,24174400
2025-03-26,168.5345746637908,169.14289533485737,164.38602763542738,164.6054229736328,28901600
2025-03-27,164.17661497957295,164.96443262961915,161.55385311215238,161.79319763183594,24508300
2025-03-28,160.04802279255455,161.37436185470784,153.20691433431318,153.9049835205078,48669300
2025-03-31,152.68834136730996,155.11164193370462,150.24509161947617,154.21412658691406,54603500
2025-04-01,153.1969250530925,157.6645980717382,153.1969250530925,156.63743591308594,30672900
2025-04-02,154.72271899671657,157.973750867397,154.27396131633463,156.60751342773438,25041700
2025-04-03,150.6938570063776,152.35925614776784,149.97583860548548,150.304931640625,46883400
2025-04-04,147.60238713771614,150.65397293111235,144.9796402891217,145.19903564453125,62259500
2025-04-07,141.16016465342514,152.4290467232269,140.14296954255582,146.34584045410156,76794100
2025-04-08,150.80354683062922,151.82074204837693,142.63609935843277,144.30149841308594,52200200
2025-04-09,144.02226489868636,159.11060168568548,143.51367491882445,158.27291870117188,70406200
2025-04-10,156.10888048544342,157.28563866565491,149.51708388683267,152.39913940429688,48022000
2025-04-11,152.47891611104427,157.2357840662013,152.39914981719627,156.70724487304688,33636200
2025-04-14,159.559374308141,161.27463879929493,157.126091415259,158.63194274902344,30333000
2025-04-15,158.6917731015249,159.2103301054895,154.78257030571797,155.87953186035156,27551500
2025-04-16,152.67836778458886,155.46067741277207,151.09273508921532,152.90773010253906,28187400
2025-04-17,153.86508310192784,154.25400844452392,148.09103529003713,150.74371337890625,33046600
2025-04-21,148.46999532680982,148.53979463690146,145.6976525525358,147.26332092285156,26049100
2025-04-22,148.47995987784566,151.77087479980403,148.13091768280205,151.0528564453125,26971800
2025-04-23,155.1814586711159,157.09616926384234,153.38641273519517,154.92218017578125,31128800
2025-04-24,155.719954312099,159.15048293168,155.36094514919478,158.84133911132812,45894000
2025-04-25,164.61541287682232,165.6425750916004,160.59649729347288,161.51397705078125,56034000
2025-04-28,161.98267405118585,162.70069244870191,158.16323494184564,160.16769409179688,29745800
2025-04-29,159.87849612757626,160.29733764803302,157.086204107764,159.71893310546875,26809000
2025-04-30,157.5449218586139,158.83137774482094,154.9720253029664,158.3626708984375,34981100
2025-05-01,160.00810878606782,161.50397770313938,158.47235672658454,160.85577392578125,30203200
2025-05-02,162.95998987139254,164.51569136243157,161.42422234640523,163.57827758789062,25715000
2025-05-05,162.55110755610633,164.93452502755278,162.2718798770323,163.75778198242188,21341800
2025-05-06,161.72337824217448,164.3461400306944,160.74608144554134,162.78045654296875,21277200
2025-05-07,163.62814193511582,164.545606521222,147.43285979099062,150.96311950683594,127490100
2025-05-08,154.57315149382438,155.50058309873845,152.47892851591033,153.85513305664062,57498700
2025-05-09,153.7454179749914,154.62299934708025,151.78084208678038,152.32933044433594,32435300
2025-05-12,157.0562755246952,158.66184216787673,155.81968502629073,158.0236053466797,44138800
2025-05-13,158.3526849510168,160.12779682266662,155.7299383299059,159.0906524658203,42382100
2025-05-14,159.51947674839957,166.5400818883142,159.17043456192712,164.91456604003906,48755900
2025-05-15,165.3832808496498,165.75227223459135,161.92283584781248,163.5084686279297,33146700
2025-05-16,167.26806720706887,168.88361607338598,165.16387753981013,165.73231506347656,42846900
2025-05-19,164.0569364118495,166.18107529267584,163.7677417629434,166.0813446044922,30426100
2025-05-20,165.9716617765614,168.03596851578914,162.45138424695486,163.52841186523438,46607700
2025-05-21,163.2392111991083,172.66318349220677,163.1095643409873,168.09579467773438,73416000
2025-05-22,171.3767414156938,176.28319020253375,170.23988151650855,170.39942932128906,74864400
2025-05-23,168.5944139952117,169.49194456610303,167.42763794814334,168.00604248046875,35211400
2025-05-27,169.69139882784629,172.69310408957966,169.53183580095055,172.42384338378906,37995700
2025-05-28,172.6831300854681,174.7873198647011,171.4365725199691,171.8853302001953,34784000
2025-05-29,173.5208093888165,173.93965089581198,170.1600951338123,171.38670349121094,29317300
2025-05-30,170.87811871209726,171.73575093359455,166.97888295989642,171.2670440673828,52639900
2025-06-02,167.37777366516244,169.40218193277036,166.92901598525125,168.5644989013672,38612300
2025-06-03,167.02875625897286,168.01602016805987,164.82483566290912,165.72235107421875,45084900
2025-06-04,166.28079893142063,167.75671871001492,165.9018405925084,167.58718872070312,26900800
2025-06-05,169.87088888051295,170.45926039928958,167.1284622369502,167.74676513671875,36379100
2025-06-06,170.35953348712204,174.0194244269959,170.35953348712204,173.20167541503906,35731800
2025-06-09,174.27003651227847,176.19705935039198,174.1003012753775,175.81764221191406,28935900
2025-06-10,175.92747903926403,180.8298886948226,174.63948090794972,178.3237762451172,61766100
2025-06-11,179.49195401036374,180.09101684926247,176.47662077845203,177.07569885253906,31646800
2025-06-12,175.9075065231488,176.4466798719252,174.47972552416806,175.42825317382812,20941900
2025-06-13,172.17329464872896,176.85604320367563,172.1233689351953,174.39984130859375,27663100
2025-06-16,174.45974398959817,176.66633252587772,174.37986589593493,176.49659729003906,27389200
2025-06-17,175.4282431183839,177.08567926563504,174.30998028900405,175.6778564453125,24973000
2025-06-18,175.73776761612697,176.28692000243774,172.93211615674434,173.05194091796875,28707500
2025-06-20,173.68095462694552,174.07035081830173,165.20409556084024,166.38226318359375,75659900
2025-06-23,166.0128407101847,167.08117785912864,161.74944069273923,164.93450927734375,57671000
2025-06-24,166.66183161080377,167.95982401484335,165.87306016657053,166.51206970214844,40524300
2025-06-25,167.37074500344593,172.09342522608725,167.29086690480466,170.416015625,35479000
2025-06-26,172.16329217484034,173.42135306121023,169.67715325213413,173.27157592773438,31796700
2025-06-27,173.27158802075178,178.40363764116194,171.46438989107267,178.25387573242188,108140200
2025-06-30,180.50039372606906,180.949694682379,174.30998606031628,175.95742797851562,63378900
2025-07-01,175.46818749328466,175.81763700531283,173.26159900853952,175.56802368164062,35904500
2025-07-02,175.26848197683447,178.58335417760583,174.79922295185074,178.3636932373047,29128900
2025-07-03,178.22391365801445,179.39210218822254,176.7761594232363,179.2523193359375,21689700
2025-07-07,178.78304908898676,179.0226833705182,175.40827199123135,176.5165557861328,34175600
2025-07-08,177.5749242496101,177.67476043779465,172.54271112131266,174.09031677246094,40442500
2025-07-09,174.97894087050608,179.1624626362242,172.50278095171484,176.34681701660156,43025600
2025-07-10,175.35836349959487,178.15402063985096,174.11029683512743,177.34527587890625,29252400
2025-07-11,176.51656530489134,181.14938835134018,176.20704719654847,179.91131591796875,34282900
2025-07-14,180.7300224544814,183.3859118317051,179.40207776586954,181.2791748046875,32536600
2025-07-15,182.5272506181519,183.93507346834292,181.31913062189142,181.718505859375,33448300
2025-07-16,182.95659839065306,184.04490889196538,181.74846312672318,182.68701171875,33104200
2025-07-17,181.85827589550698,183.77530432362263,180.20083982993623,183.29605102539062,31992600
2025-07-18,185.113228386666,186.13165497814074,183.42585517412414,184.7737579345703,34014500
2025-07-21,185.9619181252415,189.99566255854273,185.86206670599856,189.80596923828125,45803100
2025-07-22,191.20380830960463,191.35357021159422,187.17006365240448,191.04405212402344,44660200
2025-07-23,191.20381577219638,192.23222149983224,188.88739669642578,189.93577575683594,58681900
2025-07-24,196.72525594978663,197.64383117376477,190.70458366341637,191.87277221679688,74881700
2025-07-25,191.68306935737266,194.02944081770818,190.96418172846938,192.88121032714844,39785900
2025-07-28,193.35047209995227,193.7498625541434,190.54482081320737,192.28213500976562,38139500
2025-07-29,192.13236281084488,195.61697034161693,191.78291329403916,195.44723510742188,41389200
2025-07-30,195.2974741739121,197.2943808004953,194.3888780023715,196.2260284423828,32445400
2025-07-31,195.40729975764043,195.68686545955075,190.79443520574372,191.60317993164062,51329200
2025-08-01,188.73762721302066,190.53484621084553,187.52950724447476,188.8374786376953,34832200
2025-08-04,189.9956738002762,194.96798225717674,189.82593856567027,194.7383270263672,31547400
2025-08-05,194.4088584088549,197.55398036609623,193.59011934927213,194.36891174316406,31602300
2025-08-06,194.19916035027438,196.32587068335496,193.37044231078846,195.7866973876953,21562900
2025-08-07,196.75520727948205,197.23446060352177,194.0294340028213,196.21604919433594,26321800
2025-08-08,196.9149587094283,202.29662132319493,196.86503299798275,201.10845947265625,39161800
2025-08-11,200.62921267003748,201.16837075965444,198.76210983585918,200.68911743164062,25832400
2025-08-12,201.0585431482033,204.18370696130674,200.27975076589462,203.02549743652344,30397900
2025-08-13,203.81428597106753,204.21366121456273,197.2045144743427,201.64764404296875,28342900
2025-08-14,201.18833871082708,204.12379383237695,200.91875205563483,202.62611389160156,25230400
2025-08-15,203.534714766441,206.12070520105007,200.96868242883633,203.58462524414062,34931400
2025-08-18,203.8841712567715,204.9525236553874,202.17682455801943,203.1852569580078,18526600
2025-08-19,202.7159730378366,203.1253425488118,199.65072931767816,201.25823974609375,24240200
2025-08-20,200.41952632200108,200.9686786831588,196.29592455953664,199.01171875,28955500
2025-08-21,199.4410400390625,202.166813191516,199.12152768080315,199.4410400390625,19774600
2025-08-22,202.41643648326647,208.21744781149425,200.98865555430208,205.771240234375,42827000
2025-08-25,206.11069972619865,210.19438514977915,204.9624845680577,208.1675262451172,29928900
2025-08-26,207.18903343187435,207.52851912382437,205.3818354433132,206.81961059570312,28464100
2025-08-27,205.38184246485358,208.58688428789492,205.3319167524022,207.15908813476562,23022900
2025-08-28,206.92944327697995,211.8917573213033,206.57997853322107,211.31265258789062,32339300
2025-08-29,210.1843914975452,214.3179874085232,209.87487342277922,212.5806884765625,39728400
2025-09-02,208.11761422314743,211.3525932568575,205.88107328271496,211.0231170654297,47523000
2025-09-03,225.86012385269166,230.95222645491896,224.44230678385503,230.30323791503906,103336100
2025-09-04,229.2947939629136,232.01058815431742,225.76027598883607,231.94070434570312,51684200
2025-09-05,231.84086323662245,235.39535470067108,231.5413241866342,234.63653564453125,46588900
2025-09-08,235.31608185012894,237.97434675109136,233.5172554040335,233.8870086669922,32474700
2025-09-09,234.0169206603603,240.3128053844981,233.07753270088136,239.47335815429688,38061000
2025-09-10,238.74382884116824,241.50203443312756,237.6945274082077,239.01365661621094,35141100
2025-09-11,239.7232054178332,242.09165136894262,236.09557331646107,240.21287536621094,30599300
2025-09-12,240.21286654309478,241.92175543476245,237.84442067897936,240.64259338378906,26771600
2025-09-15,244.5000723057695,252.24500622225327,244.5000723057695,251.44552612304688,58383800
2025-09-16,251.91521585326547,252.87457975705254,249.30692141357196,250.99581909179688,34109700
2025-09-17,251.0557800198683,251.43553649547647,246.11900683222018,249.36688232421875,34108000
2025-09-18,251.51547232528497,253.82397511354577,249.6367116291099,251.86524963378906,31239500
2025-09-19,253.08445699569828,255.83265939150547,251.64539584681071,254.55349731445312,55571400
2025-09-22,254.2636811395151,255.6128047936517,250.13639113793755,252.36492919921875,32290500
2025-09-23,252.8745862102155,254.1937306726042,250.31626206974443,251.49549865722656,26628000
2025-09-24,251.49550432970327,252.18505574615793,246.2789151995329,246.97845458984375,28201000
2025-09-25,244.24022750230412,246.32887284028934,240.58263166512353,245.6293182373047,31020400
2025-09-26,246.90849752367055,249.25695217808112,245.80921049475367,246.3788299560547,18503200
2025-09-29,247.6879914773483,250.98582213384148,242.61131034259105,243.89047241210938,32505800
2025-09-30,242.65128209661555,243.13096406959585,239.09361157011617,242.94110107421875,34724300
2025-10-01,240.59263270567308,246.13900797357311,238.45403213601972,244.7399139404297,31658200
2025-10-02,244.98974812584623,246.64866670301694,242.14162021805868,245.52940368652344,25483300
2025-10-03,244.33018254314118,246.138996907564,241.5020306823554,245.1896209716797,30249600
2025-10-06,244.61999567020933,251.1557292673991,244.42012945214807,250.26629638671875,28894700
2025-10-07,248.10771903747053,250.27629875611288,245.35951661425605,245.59934997558594,23181300
2025-10-08,244.79988761332393,245.84918907751907,243.66063338889384,244.46009826660156,21307100
2025-10-09,244.3101967172578,244.60000044134677,238.99366696134817,241.3721160888672,27892100
2025-10-10,241.27216783484693,243.93043262992407,235.6858257251368,236.4153594970703,33180300
2025-10-13,240.05299046060216,244.34017953936018,239.55331729181,243.9904022216797,24995000
2025-10-14,241.07230809804528,246.95845730298234,240.35277752895155,245.28955078125,22111600
2025-10-15,247.0883778879278,251.94520161834686,245.82920701293574,250.86590576171875,27007700
2025-10-16,251.60541868813706,256.79201310331337,249.93651222042618,251.29562377929688,27997200
2025-10-17,250.59608169913423,254.05382673080507,247.64801305801078,253.13442993164062,29671600
2025-10-20,254.52352413042843,257.1617826336821,254.06381810029453,256.3822937011719,22350200
2025-10-21,254.5734808325197,254.71338870395212,243.99039197294186,250.29627990722656,47312100
2025-10-22,254.20372304336274,256.19241249616164,249.12704181794433,251.52548217773438,35029400
2025-10-23,252.81462530948346,254.8732762688867,251.68537434804077,252.91456604003906,19901400
2025-10-24,256.412278354529,261.5089509442133,255.1531226659378,259.7501220703125,28655100
2025-10-27,264.6468909460984,269.9634205104271,264.10723541197956,269.0939636230469,35235200
2025-10-28,269.5137161039883,270.5530448339537,266.3257988486908,267.295166015625,29738600
2025-10-29,267.57498405043395,275.1600191542769,267.49504976173847,274.3905334472656,43580300
2025-10-30,291.3993974290424,291.3993974290424,279.87693527724974,281.2960205078125,74876000
2025-10-31,283.02486366213384,285.81304844327684,276.8489107040144,281.0061950683594,39267900
2025-11-03,281.9955439895644,285.3433603410046,279.61709481156873,283.5345458984375,29786000
2025-11-04,276.56908942406625,281.0861237356038,276.07941949471564,277.35858154296875,30078400
2025-11-05,278.6876991693174,286.23278206992967,277.15870054271744,284.1241455078125,31010300
2025-11-06,285.14348075532007,288.1615262521665,280.9562476047489,284.5638732910156,37173600
2025-11-07,283.0248465894465,283.59448127875606,275.0101005397699,278.647705078125,34479600
2025-11-10,284.23409016650885,290.6098939896417,282.6750818691635,289.9103698730469,29557300
2025-11-11,287.56189748708465,291.72918497214437,287.1321858980205,291.11956787109375,19842100
2025-11-12,291.4893355792204,291.8191369528623,283.504568014819,286.5225830078125,24829900
2025-11-13,282.15543354563385,282.65510670070455,277.0587612643864,278.3879089355469,29494000
2025-11-14,271.23257767900105,278.3778974858086,270.52305035910666,276.22930908203125,31647200
2025-11-17,285.59319216713175,293.7578650793077,283.38464532335746,284.83367919921875,52670200
2025-11-18,287.7318125744744,288.61121173854644,278.0181648979437,284.09417724609375,49158700
2025-11-19,286.9722907427786,303.6114007455407,286.44263841708545,292.61859130859375,68198900
2025-11-20,304.3409354639468,306.2197114167213,288.48131431646567,289.26080322265625,62025200
2025-11-21,296.2262391249899,303.7213362601199,293.6579118539212,299.464111328125,74137700
2025-11-24,310.9266228942269,319.27117069793417,309.39762425695875,318.3717346191406,85165100
2025-11-25,325.9967549915166,328.6150374741804,317.4423529194355,323.22857666015625,88632100
2025-11-26,320.4703785574214,324.287888914303,316.58293713459693,319.7408752441406,51373400
2025-11-28,323.15862038246837,326.6363566172421,316.5829348985448,319.970703125,26018600
2025-12-01,317.49233426982363,319.6409227326276,313.684827275924,314.6841735839844,41183000
2025-12-02,316.5329308632399,318.17187340075924,313.7047943107319,315.6035461425781,35854700
2025-12-03,315.68353592029735,321.369788644051,313.89469739870816,319.42108154296875,41838300
2025-12-04,322.0193865832628,322.14927599125497,314.4943097586067,317.4123840332031,31240900
2025-12-05,319.28113189003057,322.9487461411032,318.961364259978,321.0599670410156,28851700
2025-12-08,320.04998779296875,320.44000244140625,311.2200012207031,313.7200012207031,33909400
2025-12-09,312.3699951171875,317.989990234375,311.8999938964844,317.0799865722656,30194000
2025-12-10,315.8299865722656,321.30999755859375,314.67999267578125,320.2099914550781,33428900
2025-12-11,320.0799865722656,321.1199951171875,308.6000061035156,312.42999267578125,42353700
2025-12-12,313.70001220703125,314.8699951171875,305.55999755859375,309.2900085449219,35940200
2025-12-15,311.32000732421875,311.4200134277344,304.8800048828125,308.2200012207031,29087900
2025-12-16,304.7820129394531,310.7699890136719,302.5899963378906,304.5799865722656,16848988
