Date,Open,High,Low,Close,Volume
2015-12-16,74.25929915175242,76.2083034121793,73.94541166883701,75.97471618652344,8192241
2015-12-17,76.06230273509652,76.30319108360482,74.646171043929,74.68267059326172,4170128
2015-12-18,74.52205420524889,75.1790273047397,74.05487994561229,74.33226776123047,6108680
2015-12-21,74.98193569136045,75.73379893571926,74.40526279944906,74.89434051513672,3408352
2015-12-22,75.13522588478305,76.25937323292627,74.82863968093328,76.0330810546875,2840330
2015-12-23,76.41994878643982,76.87982801700588,76.08416424656221,76.6170425415039,4062400
2015-12-24,76.5513412861883,76.63893644087058,76.26665238503347,76.3907470703125,883527
2015-12-28,76.08417408292514,76.36886303329524,75.79219018350784,76.15717315673828,1597115
2015-12-29,76.79225747275478,77.17183661459093,76.09148978221538,76.89445495605469,2241036
2015-12-30,76.9382405093903,76.967438901523,76.05498139997812,76.2520751953125,2476302
2015-12-31,75.96739239305197,76.3396765714166,75.53671762359798,75.60240936279297,2314153
2016-01-04,74.17896256698819,74.9235245208829,73.71908333167812,74.87242889404297,3718182
2016-01-05,74.92353278155865,75.61699918507139,74.65344612747127,75.48560333251953,2841999
2016-01-06,74.55856219399622,74.8213477448251,74.07678558518397,74.63156127929688,2583697
2016-01-07,73.3906086077305,73.80668721355212,72.05477142259171,72.43435668945312,3806657
2016-01-08,72.93803541898585,73.24462163291491,71.66789607437575,71.85038757324219,4481850
2016-01-11,72.1350763588687,72.57305223628103,71.12772254394328,71.84308624267578,3484029
2016-01-12,72.44166580125835,72.69715019165814,71.41241469606075,72.39056396484375,3501946
2016-01-13,72.81394706762406,72.92344569526458,70.60215784139473,70.8795394897461,3320099
2016-01-14,71.05474060458462,72.61686410477344,70.45616418307323,72.07669067382812,6069728
2016-01-15,70.30285627759177,71.23721087912163,70.00357125508029,70.99632263183594,5358032
2016-01-19,71.84307428131902,71.9379705884383,70.22985565404204,71.04741668701172,4157664
2016-01-20,69.70430167994265,70.72625167078853,68.40496384634294,70.25177001953125,5526079
2016-01-21,70.67514457510205,71.27371470824762,69.99628041367926,70.49995422363281,3385649
2016-01-22,71.63870801852667,71.92339702908383,70.63865520420083,71.40512084960938,3550468
2016-01-25,71.22990583020643,71.33209708229417,70.3466469059117,70.42694091796875,2706338
2016-01-26,70.62405503544674,72.00368691976297,70.3612694855576,71.9087905883789,3625589
2016-01-27,71.36861274992535,72.10587991084194,70.3101632702481,70.77734375,5631470
2016-01-28,71.47812457085287,71.93799778998023,70.87954811483435,71.51461791992188,5007359
2016-01-29,73.71907975727049,75.50019364129706,72.90881992363032,75.3322982788086,7389510
2016-02-01,74.60234415334955,75.33230383348233,73.49279924163066,75.09871673583984,6003288
2016-02-02,74.31036002062174,74.31036002062174,73.06212421942546,73.47820281982422,4247140
2016-02-03,74.05488215596812,74.66075344045652,72.573052910598,74.57315826416016,4183038
2016-02-04,74.23008052422182,75.71190992960581,74.17898488201094,74.85784912109375,5608879
2016-02-05,74.93814071231746,75.01113359306768,73.88698620866833,74.55125427246094,4083990
2016-02-08,73.72640099315393,74.19357528129461,72.90883979098946,74.11328125,3839376
2016-02-09,73.1716283851292,75.58781255182858,73.1716283851292,74.98194122314453,4126058
2016-02-10,75.2885219071025,76.33236907220706,74.79944419141484,74.89434051513672,4496985
2016-02-11,73.2957277731251,74.6826608841014,72.94534702008984,74.12059020996094,5621566
2016-02-12,74.95273102655261,75.75568984036344,74.38335932978964,75.53670501708984,4945482
2016-02-16,76.2593757667807,77.37621580690015,76.03308358102296,76.60975646972656,5878088
2016-02-17,76.9309493183751,77.81420854209975,76.84335413064028,77.47112274169922,6719993
2016-02-18,77.32511034731458,78.14997256144176,77.1791184063003,77.71929168701172,4557749
2016-02-19,77.47840618916668,78.48575991485178,76.93823288925245,78.30326843261719,4924560
2016-02-22,78.83612108108225,81.65378044050628,76.39073954289516,76.77032470703125,16824855
2016-02-23,76.57577735125311,77.66961320072758,75.73888565337498,76.08392333984375,8722202
2016-02-24,75.12227446666128,76.1500392026049,74.32942595991992,75.83436584472656,7525395
2016-02-25,76.06927064610504,76.53910926710984,75.64348192804997,76.48771667480469,5387190
2016-02-26,76.4143018574889,76.73731159611921,75.40121650928403,75.63613891601562,8801217
2016-02-29,75.3131231810091,75.97382803778515,74.35143041763102,74.40281677246094,6200605
2016-03-01,76.06192015665214,77.72103118896484,75.83434667543406,77.72103118896484,9150666
2016-03-02,77.66963223737083,79.03509171233455,77.36130790633784,78.17617797851562,4677386
2016-03-03,78.25692530242094,79.43885492292186,77.96328012750809,79.27000427246094,5906912
2016-03-04,79.17457514117342,79.97475980995634,79.03508900666107,79.39480590820312,3283262
2016-03-07,79.1525679230733,79.46089855793275,78.26428946691051,78.8956298828125,4321259
2016-03-08,78.1835158797174,79.11584404442839,77.88252799793526,78.97636413574219,3460769
2016-03-09,79.12318786663388,79.98210786183522,79.1085087233321,79.96742248535156,3964465
2016-03-10,80.05552026418297,80.2610781466972,78.7487959482668,79.54898071289062,3493377
2016-03-11,80.466621149701,80.67217277694603,79.75452379241096,80.04083251953125,3114102
2016-03-14,79.80591835870061,80.3785295939992,79.65175307613771,79.65909576416016,3099078
2016-03-15,79.1232001152536,79.85731945671628,78.97637749359764,79.78390502929688,2249383
2016-03-16,79.71781272713206,80.50331816382935,79.35808963351806,80.1876449584961,2952510
2016-03-17,80.51067596803505,81.74399836878956,79.7104911784985,81.50173950195312,4686845
2016-03-18,81.92019765513506,82.32395833763876,81.47238706613429,82.29459381103516,6013193
2016-03-21,82.0302753688503,82.79375894281497,81.89813194327819,82.72034454345703,3219605
2016-03-22,82.20649345520648,83.30032977250839,82.09637804781526,82.94061279296875,3471342
2016-03-23,82.5661943173058,82.75706680382837,82.16977643480756,82.37532806396484,2449927
2016-03-24,81.78802606615457,82.20647198477214,81.48703821359237,81.72195434570312,2634778
2016-03-28,81.86878547960926,82.12572970082954,81.54577576421805,81.92752075195312,2374361
2016-03-29,81.63386864947303,82.36064517799363,81.03189288643757,82.14775085449219,2748405
2016-03-30,82.96997546647285,82.96997546647285,82.16244795285627,82.34597778320312,2470626
2016-03-31,82.30190193118099,82.60288976073788,81.58981090185202,82.25785827636719,2781013
2016-04-01,81.8541144885751,83.28564586878969,81.3622540617204,83.12413787841797,2629993
2016-04-04,83.26362972507785,83.26362972507785,82.3753512337912,82.62494659423828,2587480
2016-04-05,82.1918053262069,82.56620141032553,81.72930944598518,82.05966186523438,3696703
2016-04-06,82.08167958732913,83.10210754813335,81.6852616906269,82.99932861328125,2793366
2016-04-07,82.63960182122985,82.66896633722598,81.75866010816512,81.97889709472656,3061685
2016-04-08,82.27990061512911,82.9479481561802,81.99359185474337,82.30926513671875,2306252
2016-04-11,82.52216949829956,82.8598646541824,82.14776712767626,82.17713165283203,2397843
2016-04-12,82.2872332615374,83.21221869531766,82.22116153772849,82.97730255126953,2381929
2016-04-13,83.63800248452925,84.38680076695536,83.27828560146983,84.23263549804688,3848168
2016-04-14,84.41618331541589,84.41618331541589,83.82889286381916,84.07115173339844,1965929
2016-04-15,83.99772833036434,84.35010879683269,83.72610496724383,84.15189361572266,2329734
2016-04-18,84.12987490200298,84.80525887416297,83.77749442247661,84.76121520996094,2878169
2016-04-19,85.07687634376947,85.5687367033809,84.66577308489465,85.01081085205078,2455825
2016-04-20,85.11359763555534,85.1503048480392,84.35012002844056,84.55567169189453,2852238
2016-04-21,84.65110970027622,85.29713550808992,84.21064180848272,84.36480712890625,3189111
2016-04-22,83.68939296681542,84.8566434557977,82.47076236323194,83.81419372558594,5453518
2016-04-25,83.68941538948468,84.4235347633282,82.66899344907938,83.13883209228516,4075866
2016-04-26,83.41043880243714,84.38681064220796,83.41043880243714,84.27669525146484,3300178
2016-04-27,84.32073996729858,85.12093093178053,83.99773024608574,84.74652862548828,3633935
2016-04-28,84.51160609911098,85.53937045873977,83.85090132980412,84.14454650878906,3326220
2016-04-29,83.99037644996879,84.43085042655157,83.46181515788679,83.88760375976562,3026072
2016-05-02,84.02709386804695,84.32808175425538,83.56459800636745,84.18125915527344,3398892
2016-05-03,83.54258728526862,84.3794855605388,83.45449371416376,84.06381225585938,2925578
2016-05-04,83.43246010228864,83.67471894692521,82.69834088019435,82.90389251708984,3604332
2016-05-05,83.16081418428661,83.72608259073982,82.99196356774388,83.41041564941406,3338017
2016-05-06,83.38107809037788,83.6894024451749,82.88921768732453,83.52790069580078,3730423
2016-05-09,83.44714235686502,83.68940121053438,82.94060281733324,83.07274627685547,2974545
2016-05-10,83.64534406465556,84.79056641866072,83.13880460676502,84.37946319580078,3194676
2016-05-11,84.42351899177748,84.65109246457237,83.66003523493751,83.77015686035156,1912621
2016-05-12,84.0858488969743,84.26937876072277,83.32970760362205,83.82891082763672,2632219
2016-05-13,83.77749579966867,84.05646186586813,82.85251027121821,83.10211181640625,2796705
2016-05-16,83.41043226306637,84.51894747136691,82.9479364384776,84.3060531616211,2668277
2016-05-17,84.19907636430447,84.48687002787808,83.41686055511138,83.85224151611328,2778008
2016-05-18,83.50539648642189,83.97767574517275,82.7305554954775,83.15856170654297,2747070
2016-05-19,82.65675463478809,83.06261800549919,81.70480904111902,82.88551330566406,3367731
2016-05-20,83.18071125568851,84.19169203431824,83.18071125568851,83.5496826171875,4435554
2016-05-23,83.4537262855643,83.67511029451073,83.0847612915126,83.2397232055664,1891699
2016-05-24,83.46110878240533,84.64919400531366,83.39469295190929,84.3982925415039,2323279
2016-05-25,84.56066002071567,85.04770119595153,84.44259019225191,84.6565933227539,1769837
2016-05-26,84.65658788960071,85.06983226270235,83.97768015385984,84.2654800415039,2251052
2016-05-27,84.47210390099575,84.56803719877703,84.05147858934706,84.36878967285156,1961588
2016-05-31,84.33188843912684,84.56064713049251,83.66773635679138,83.99980926513672,3316983
2016-06-01,84.04409526722479,84.22858092717429,82.98884155295242,84.08099365234375,2480197
2016-06-02,84.16214803405202,84.516357421875,83.78579586025711,84.516357421875,2383153
2016-06-03,84.67871924091784,84.84844303166064,83.92602104593401,84.70823669433594,2392056
2016-06-06,84.84843764515834,85.43141201238994,84.68609479448746,85.26168823242188,2083228
2016-06-07,85.26170309702886,85.51260461171935,85.1067348829933,85.12149047851562,2228572
2016-06-08,85.23957235077562,85.8889564419954,85.0846041262321,85.65281677246094,2725813
2016-06-09,85.2838272577878,86.56046490660057,85.1878939710423,86.49404907226562,2957629
2016-06-10,86.71544295618698,86.71544295618698,85.76349717567092,86.10295104980469,3611678
2016-06-13,86.05128898934343,86.07342551267833,84.90748298656092,84.95913696289062,2670502
2016-06-14,84.90749764773317,85.2986055338591,84.53852628876447,85.23957061767578,2285775
2016-06-15,85.57899824631478,85.98486789942564,85.18789045162173,85.2469253540039,3210590
2016-06-16,84.84108645288238,85.60854040534883,84.12528022285098,85.44619750976562,2386603
2016-06-17,85.54212951660156,85.71923427216403,84.98867245623418,85.54212951660156,3626924
2016-06-20,86.56047417923618,87.46814063732668,86.06605209916162,86.38336944580078,3224390
2016-06-21,86.69330225843235,86.79661021581927,86.30956908629473,86.56047058105469,2581248
2016-06-22,86.67114917034583,86.93680620868622,85.92582575850254,86.02175903320312,2443361
2016-06-23,86.71543980285215,86.85565241187687,86.07343046404982,86.57523345947266,2234136
2016-06-24,83.75629312737414,85.1141085505537,83.12166472986416,83.37256622314453,4076979
2016-06-27,82.70101234602227,82.70101234602227,81.32106085074143,82.25086975097656,4332277
2016-06-28,83.62346439198717,84.19905785827149,82.92980111371065,84.16954040527344,4055389
2016-06-29,84.39093117412271,84.83369300444754,83.5201568426825,84.4647216796875,4470165
2016-06-30,84.86322075113449,85.85205875826531,84.57542709293406,85.8373031616211,3758914
2016-07-01,86.08081218071375,86.79661202996621,85.7930122955952,85.97012329101562,2485094
2016-07-05,85.50523070079787,85.94061792195791,84.61970066174406,85.03295135498047,2689533
2016-07-06,85.21741656724396,86.2357781353446,84.42781996836717,86.20626068115234,3447971
2016-07-07,86.17677238292218,86.45719142544465,85.26910566018783,85.6823501586914,2382151
2016-07-08,86.3907592968348,87.8076035762671,86.28744505883985,87.69691467285156,2809948
2016-07-11,87.78544235692402,87.84447725756011,87.16556963460074,87.49764251708984,3302404
2016-07-12,87.82232335713799,88.33888176830459,87.65259335216373,87.82970428466797,2557766
2016-07-13,88.26511202487008,88.40531836261397,87.63786457144901,87.85186767578125,2115947
2016-07-14,88.30941501482465,88.56769123584104,87.7411960504246,87.88140869140625,2688754
2016-07-15,88.30939369746058,88.35366674608052,87.7706923245202,87.98469543457031,2508465
2016-07-18,87.98471333392565,87.99947519689884,87.57884982121284,87.73381805419922,1388893
2016-07-19,87.51242710830668,88.13229999165527,87.3279414294837,88.0732650756836,2429338
2016-07-20,88.13964962806921,88.55290018816694,87.95516400163426,88.46434783935547,2419878
2016-07-21,88.41268777346066,88.55290035858178,87.29839934953868,87.56405639648438,4571215
2016-07-22,83.86699289258605,85.60115438542306,83.16594861822023,85.3133544921875,10202352
2016-07-25,84.91485609687179,85.93321760502685,84.91485609687179,85.22479248046875,6010745
2016-07-26,85.07721361435145,85.57163569099548,84.56803594284622,85.56425476074219,3394107
2016-07-27,85.66019719147836,85.90371779064156,84.56804496076413,84.83370208740234,3835592
2016-07-28,84.86322661209421,85.54213448012304,84.30239485360451,85.42406463623047,3313644
2016-07-29,85.30600209382285,85.97015446981568,84.90013850730493,85.8447036743164,3271799
2016-08-01,85.56424247404148,85.85203605613974,85.09195699033035,85.51258850097656,2526828
2016-08-02,85.23218036741345,85.40928509659867,84.89272650365247,85.19528198242188,2328955
2016-08-03,85.2026495043167,85.68969056575365,84.95912897359821,85.60851287841797,2214216
2016-08-04,85.630670601731,86.03653404662636,85.52735637512114,85.56425476074219,1435968
2016-08-05,85.82252341318151,86.2652914705694,85.52734888535282,85.87418365478516,3269351
2016-08-08,86.04390533960576,86.16935607727909,85.38714046482212,85.63066101074219,2236251
2016-08-09,85.77087800098103,86.02916043785287,85.54211928548467,85.79301452636719,1851523
2016-08-10,85.83730943373833,85.97014114147291,85.28385233903973,85.62330627441406,1967709
2016-08-11,85.9332185603509,86.06604396505139,85.66018055569815,85.87418365478516,1743127
2016-08-12,85.71183276883794,85.83728350699622,85.47569315143161,85.67493438720703,1518211
2016-08-15,85.97015113214356,86.35387817092497,85.62331622477872,86.2210464477539,2056741
2016-08-16,85.91844601019832,86.67115036096881,85.719204795117,85.77085876464844,2156568
2016-08-17,85.74489520155302,85.94516790825669,85.35919390040043,85.87841033935547,1883129
2016-08-18,85.75233209757589,86.02677504005408,85.62623584050682,85.9377670288086,1977280
2016-08-19,85.64849008334564,86.22704528860858,85.64849008334564,86.12319946289062,1773398
2016-08-22,85.97485092222558,86.73884103682012,85.84875467154004,86.47181701660156,2469736
2016-08-23,86.72401389663065,87.04296401679336,86.67209412744533,86.790771484375,2016009
2016-08-24,86.63499312636904,86.84268476830962,86.44214559868807,86.6053237915039,1923861
2016-08-25,86.51631265369757,86.95394005052293,86.31604622508185,86.61273956298828,2029475
2016-08-26,86.87977119623336,87.3396490593136,86.31605380470971,86.59791564941406,1896150
2016-08-29,86.59790660683376,87.0651970318046,86.41988430916197,86.90943145751953,2674398
2016-08-30,86.93169478539117,87.08746037151026,86.67208337589773,86.79817962646484,2166695
2016-08-31,86.75368120592611,86.87977746918479,86.34572937549741,86.56825256347656,2284439
2016-09-01,86.33828978916428,86.62015158671649,85.40370270009366,86.13802337646484,3191894
2016-09-02,86.2344827839866,86.73886794318886,85.9007010807032,86.3309097290039,2753636
2016-09-06,86.37538576860027,86.47922528897833,85.30728344342094,85.82649993896484,2441914
2016-09-07,85.68557911592185,85.84134471843723,84.35787148679931,84.73616027832031,3801871
2016-09-08,84.55811516236028,84.95123536834124,84.20950210134122,84.42460632324219,3009379
2016-09-09,83.71253662302075,84.0759875006401,82.89662687517432,83.08206176757812,5050094
2016-09-12,82.53317516503662,84.5655337559058,82.33290246027643,84.1798324584961,4239016
2016-09-13,83.69029079935129,83.79413031415926,82.54801205127418,82.7779541015625,4314471
2016-09-14,82.89664501363158,84.76582586315426,82.89664501363158,84.58039093017578,4872810
2016-09-15,84.39497247159711,85.66334161479323,84.30596444213879,85.50757598876953,3635160
2016-09-16,85.12926528601366,85.19601656261808,84.17984032121069,84.7509765625,4359320
2016-09-19,85.20344517223174,85.8042508152738,84.89933289638512,84.95867156982422,3289494
2016-09-20,85.55950046012548,85.88586955060289,85.09962876496394,85.2034683227539,3181989
2016-09-21,85.27020207441038,86.00452287577777,84.92158264732166,85.98968505859375,2713905
2016-09-22,86.33830698025693,86.98361979082044,86.18996029355588,86.65725708007812,3223277
2016-09-23,85.5298054460638,86.33830272105666,85.50013611018723,86.02677154541016,2613411
2016-09-26,85.84874653684115,86.6720752445799,85.58914144958794,85.9970932006836,2900760
2016-09-27,85.79684085886977,86.37539609174266,85.46305923597716,86.19738006591797,4105692
2016-09-28,86.39023458629588,86.97620877535782,85.9377755763244,86.90203857421875,3707275
2016-09-29,87.31740864256531,87.31740864256531,86.14546027373075,86.18254852294922,2088904
2016-09-30,86.51633629872069,86.7833603758145,86.07871508017739,86.479248046875,4270956
2016-10-03,86.35837126678365,86.71630524688823,86.07501053963361,86.53733825683594,2746790
2016-10-04,86.47767613720627,86.48513283197553,85.44116407485835,85.66487121582031,2792067
2016-10-05,85.82894400539685,86.36583874469802,85.82894400539685,85.94825744628906,2350043
2016-10-06,85.99300090098495,86.41804520991023,85.75438030799533,86.2092514038086,3621318
2016-10-07,79.80375603944009,80.20643017474492,78.48388320587668,79.74410247802734,22633982
2016-10-10,79.99017144670069,80.50469595645865,79.19973664816581,79.63969421386719,9324342
2016-10-11,79.36381777344091,79.36381777344091,78.49135903357725,78.87911987304688,9240321
2016-10-12,78.91640923179878,80.34813294856212,78.84184225630686,80.10951232910156,8020300
2016-10-13,79.66208500563751,81.04161161660168,79.45329121011831,80.72842407226562,5666051
2016-10-14,82.0184811469136,82.07813472553556,80.94468524228712,81.28024291992188,5874941
2016-10-17,81.1758218114181,81.5784959272389,80.50470038434479,80.5643539428711,4009098
2016-10-18,81.39953811314288,81.40699480879772,80.31828575376659,80.4375991821289,3607480
2016-10-19,80.54199759456246,81.02669543602035,80.09458323354205,80.73587799072266,3460692
2016-10-20,80.59419109975842,80.96703848432537,80.32574375393959,80.63893127441406,4517321
2016-10-21,80.50471583952277,81.7276455135089,80.16915191262298,81.25040435791016,3734342
2016-10-24,81.60088360143435,82.11540825040204,81.13855582742865,81.47411346435547,3825448
2016-10-25,81.65307851277053,81.66053520901434,80.98941365341462,81.33242797851562,3911019
2016-10-26,81.17583160295462,81.83949641526426,80.93721104218254,81.60087585449219,2361998
2016-10-27,81.84695689825635,81.9438939470398,80.84772813675484,81.1534652709961,3223684
2016-10-28,81.57851803064007,82.682134353934,81.22804068356922,81.89916229248047,3186711
2016-10-31,81.99609390529363,82.15269082633775,81.67544966474993,81.78730010986328,2814428
2016-11-01,81.92899994169342,82.16762056997165,81.15348447426082,81.39210510253906,3245160
2016-11-02,81.57102439792945,81.57102439792945,80.54197542950672,80.87753295898438,5135910
2016-11-03,81.0937987128505,81.1460018788498,80.54199065415513,80.79552459716797,4142159
2016-11-04,80.8924588844154,81.42935983182973,80.5419879125481,80.72095489501953,3476301
2016-11-07,81.89915597163805,83.02514859642403,81.61579521584774,82.95803833007812,5172441
2016-11-08,82.77162678864,83.15192465170215,82.40623602240439,82.48826599121094,3633052
2016-11-09,82.8089064718051,84.36740023290895,81.82459727442834,83.78575897216797,5056206
2016-11-10,84.34502477241307,85.38153078290243,84.12877427489106,84.40467834472656,7254812
2016-11-11,84.34500812452521,84.6432822251054,84.06909781126285,84.44940185546875,3648328
2016-11-14,84.72531712925834,85.27713153122451,84.14368224094434,84.29281616210938,2963540
2016-11-15,84.30770867600661,84.59107565181668,83.5843904438254,84.35245513916016,3092948
2016-11-16,84.36375969981808,84.63379461335933,83.91369939887268,84.21373748779297,2737049
2016-11-17,84.45374304379861,85.05382537073297,84.34122483587994,84.83629608154297,2429857
2016-11-18,84.74627132612599,84.7612729075854,83.92866613120678,84.07868194580078,3187154
2016-11-21,84.19119591353943,84.37122121713813,83.84614688704802,84.16869354248047,2793284
2016-11-22,84.40872301916586,84.58124752801768,84.08617637194808,84.4012222290039,2382921
2016-11-23,84.5887561258327,85.48137564485394,84.5887561258327,85.38386535644531,2907858
2016-11-25,85.45136701889514,85.78141449036717,85.1513290462976,85.6388931274414,920246
2016-11-28,85.6314032593158,85.65390563499636,85.016319318662,85.39887237548828,2897453
2016-11-29,85.10631983776142,85.87892026911463,84.9788000633962,85.01630401611328,3691390
2016-11-30,85.30885301733959,86.06645191644763,84.97130475087019,85.46636962890625,6527737
2016-12-01,84.94129178023478,85.5488747886573,84.6187514681844,85.26383209228516,4214668
2016-12-02,85.4813613913124,85.51137088710057,84.1386882760837,84.34871673583984,3914893
2016-12-05,84.6862585993685,85.36134871939745,84.54373725114921,84.67125701904297,3350103
2016-12-06,85.0162877855007,85.25631937219227,84.50622145567183,84.81376647949219,2817970
2016-12-07,85.03881524045664,87.6191569501815,84.61875828733525,87.39412689208984,8254651
2016-12-08,87.26661359720758,87.8666959084094,86.13396243183631,86.7490463256836,5769666
2016-12-09,86.38147222966698,87.33410415349361,86.28396196804063,87.18408203125,3227227
2016-12-12,87.31160112312196,88.06920623779297,86.77153158415732,88.06920623779297,6310101
2016-12-13,88.23424321766146,88.81182316929174,87.98671076271361,88.57929229736328,4710491
2016-12-14,88.39175740440766,88.9768380894969,87.22160236935653,87.39412689208984,4599349
2016-12-15,87.24409156420782,88.12921008135419,87.12407893008702,87.26659393310547,4410717
2016-12-16,85.24134923913458,88.19674359590586,85.21134607162084,87.29662322998047,8451143
2016-12-19,87.76167300063877,88.55678217158334,87.61165718357557,87.97920227050781,3980759
2016-12-20,88.09920836073638,88.57927157530767,87.98669017928529,88.29423522949219,3011030
2016-12-21,88.19671082009488,88.43674240613215,87.70914685892934,87.91167449951172,3045237
2016-12-22,88.0166996837979,88.13671866365664,87.46912932195521,87.70166015625,3588108
2016-12-23,87.9942125744242,88.09922999190543,87.55165319996534,87.75418090820312,1578688
2016-12-27,87.76916284887494,88.17421817470012,87.61164626059696,87.78416442871094,1269614
2016-12-28,87.89668024960133,88.0392015893384,86.7865316959495,86.82403564453125,2877527
2016-12-29,87.10158328058485,87.44663232564979,86.86155164124168,87.0115737915039,1845363
2016-12-30,87.16159712553052,87.16159712553052,86.57651643317627,86.89906311035156,2529930
2017-01-03,87.48414841130202,87.68667612494701,86.68154468364716,87.1466064453125,3348443
2017-01-04,87.49163826929927,87.73917070279174,87.03407735661209,87.38662719726562,3256341
2017-01-05,87.40911003514417,88.10670243456224,87.17657923533815,87.58163452148438,2934758
2017-01-06,87.71665971148286,89.04433757393419,87.3941194010866,88.90931701660156,4000353
2017-01-09,88.71428676264794,88.80430257582012,88.1742172241211,88.1742172241211,4276438
2017-01-10,88.00920007434915,88.84181314885518,87.67165817138515,88.39925384521484,4153340
2017-01-11,88.16672963459827,88.60178818054214,87.8591908701045,88.51927947998047,3196010
2017-01-12,88.51926509252084,88.51926509252084,87.50662680185164,88.23422241210938,3499769
2017-01-13,88.26423969767309,88.74430295372821,88.21922862012721,88.56427764892578,3308038
2017-01-17,88.07671783179839,88.57178269243217,87.7691727402476,87.93419647216797,3720504
2017-01-18,88.1517301915647,88.73681090603534,87.9191993310304,88.5567855834961,2552291
2017-01-19,88.7593131707891,89.07435273350133,87.99420713471595,88.44426727294922,2671404
2017-01-20,88.8418164528672,88.8418164528672,87.85168674321451,88.37675476074219,3258001
2017-01-23,88.42925048539388,88.6992852548762,87.74665960428159,88.06920623779297,2516314
2017-01-24,88.24174932795329,88.57179684452937,87.96421369023817,88.48178100585938,2827269
2017-01-25,88.71429007939938,89.00683356423805,88.30174028780644,88.4217529296875,4753664
2017-01-26,88.4967814920154,88.59429177932891,87.97170709340534,88.4892807006836,6840353
2017-01-27,88.99937548173247,89.34441832784101,87.85172236739324,88.82685089111328,4288283
2017-01-30,88.5792911397667,89.35189166055228,88.33175868805372,89.34439086914062,3498109
2017-01-31,89.24685768412982,89.43438375643883,88.0391989010416,88.75179290771484,4697872
2017-02-01,89.04433326957741,89.20935697942305,88.09170762955638,88.51176452636719,2656349
2017-02-02,88.1967349830928,88.60929116637531,87.85919304639741,88.50428009033203,2450669
2017-02-03,88.90182406920218,89.53190950046114,88.4442631611083,89.4043960571289,3166453
2017-02-06,89.2843911110615,89.7044481312958,89.1568713125471,89.51692199707031,3327631
2017-02-07,89.77194538280851,90.13199602772114,89.5769184780748,89.80194854736328,2821623
2017-02-08,89.72693191828371,90.01196828898819,89.49440108044877,89.80944061279297,2019272
2017-02-09,89.80944177919301,90.73956514261276,89.74193466462687,90.50703430175781,2418566
2017-02-10,90.6045478018761,91.51216876260365,90.56704385062733,91.39965057373047,3974449
2017-02-13,91.68468395305203,92.86984678468474,91.58717368298024,92.72732543945312,4898459
2017-02-14,92.63731595938685,92.98235863476758,92.36727484893466,92.72732543945312,3444198
2017-02-15,92.5322975429197,93.36491056485005,92.38978253438768,93.2223892211914,3565082
2017-02-16,93.23740395703639,93.34242136589953,92.48730585354231,93.13239288330078,4769826
2017-02-17,92.95234800183555,93.43241119384766,92.50228796743342,93.43241119384766,3009149
2017-02-21,93.61245187891461,93.76247402677743,93.1623917704534,93.5449447631836,2622696
2017-02-22,93.51853945201269,94.31791109052686,93.1490240079639,94.2952880859375,3543496
2017-02-23,94.26513130889087,94.58185976652064,93.548710632263,94.12938690185547,3312355
2017-02-24,93.69199199605508,94.28775024414062,93.22443714736139,94.28775024414062,2794170
2017-02-27,93.96349447397144,94.34055738171166,93.69201198279839,94.18218994140625,4523520
2017-02-28,94.26512433914252,94.80808918895929,93.69953011558498,93.8880615234375,3213500
2017-03-01,94.53660371273388,96.08254719523059,94.53660371273388,95.9618911743164,4394665
2017-03-02,95.59235868347137,96.03729044902049,94.88348553259603,95.2680892944336,3337816
2017-03-03,95.23791615411983,95.49431651437949,94.80052543100405,95.17758178710938,2162407
2017-03-06,94.3480783044335,95.44155540887624,94.28020928835788,95.07957458496094,3346450
2017-03-07,94.99663658039891,95.32844707354009,94.70252473226421,95.21533203125,2272442
2017-03-08,95.32844320773674,95.93174251608934,95.03433774061897,95.46418762207031,3453608
2017-03-09,95.42647808325454,95.94682637400705,94.82318513234132,95.16253662109375,2744576
2017-03-10,95.86386347924014,96.04485390177291,95.38876760077267,95.80353546142578,2973171
2017-03-13,95.8638610025355,96.0373104183603,95.38876513634244,95.56975555419922,3451726
2017-03-14,94.29528491508569,95.46417195834269,93.6014936904077,94.80054473876953,2189639
2017-03-15,95.26811839476485,96.16552320044576,95.01925893435059,95.7507553100586,3986626
2017-03-16,96.13535105222074,96.13535105222074,95.18515930759486,95.29073333740234,3036159
2017-03-17,95.66024391773757,96.01468373785501,95.24548245276242,95.89402770996094,4250645
2017-03-20,95.77337940916503,95.90158282676111,95.2530374741079,95.39631652832031,2248088
2017-03-21,95.81862136081104,95.9996117907009,94.57432409736197,94.76285552978516,2617161
2017-03-22,94.92120482474384,94.9739982050274,93.91068513409473,94.64218139648438,2326464
2017-03-23,94.72511845507496,95.0041482113049,94.36314406256606,94.6572494506836,1959716
2017-03-24,94.71005734869247,95.04187418154216,93.72216059047436,94.09168243408203,2460078
2017-03-27,93.33754930298103,94.13692094369428,92.79458445316425,93.8880615234375,3684416
2017-03-28,93.66939656505369,94.86844804689404,93.16413655870933,94.47630310058594,2184990
2017-03-29,94.23493264401354,94.62707737410028,94.09165364696902,94.4913330078125,1706214
2017-03-30,94.3631482811497,94.80808006800514,94.25756790051038,94.57430267333984,1971671
2017-03-31,94.34806650015302,94.67987690632009,94.03887909651405,94.16707611083984,2953245
2017-04-03,94.06151762881733,94.43857410229344,92.97558148273616,93.7598648071289,3216157
2017-04-04,93.86544683724428,94.06906026624229,93.39789196149762,93.6467514038086,1958387
2017-04-05,93.91069237717404,94.35562424402141,93.13395004528118,93.18673706054688,2862250
2017-04-06,93.31492186139431,93.75985366989855,93.01327544462646,93.38279724121094,2298900
2017-04-07,93.48837844592136,93.86544127268897,93.20181400950443,93.71461486816406,2063109
2017-04-10,93.70706850157099,94.39331873078235,93.68444549755084,93.85789489746094,2510779
2017-04-11,93.83528475270037,94.10676720723528,93.216903450806,93.9182357788086,2111264
2017-04-12,94.00870275883142,94.08411913156144,92.73424185184307,92.86997985839844,3011584
2017-04-13,92.70409760026449,93.11886544683409,92.37228077537301,92.37982177734375,1857208
2017-04-17,92.75689201930415,93.08116149902344,92.3044191267577,93.08116149902344,2055914
2017-04-18,92.90769808716966,93.27721350137828,92.5230943020308,92.81719970703125,1844367
2017-04-19,93.36019329911673,93.36019329911673,92.4854115058868,92.56082153320312,2036652
2017-04-20,93.09623649838183,93.96347720534825,92.77950804507013,93.33755493164062,4403521
2017-04-21,95.83368682861328,96.75371445527733,95.094649600607,95.83368682861328,6954041
2017-04-24,96.79143652737291,98.59378709232512,96.79143652737291,97.87737274169922,6244567
2017-04-25,98.00556952053134,99.04625327995595,97.04783678367,97.50785064697266,7159832
2017-04-26,97.54555711903588,98.6616509156982,97.38718970449771,98.11114501953125,5192810
2017-04-27,98.29215161998218,98.42035504696645,97.60590120280918,97.94525909423828,3802865
2017-04-28,101.61781895049657,101.80635039667551,98.74462034658251,98.89544677734375,6619285
2017-05-01,98.81248005232192,99.46102536359363,98.41280055750978,98.71444702148438,3502205
2017-05-02,98.58626757229942,99.21973103278273,98.57118556388967,98.93316650390625,4371308
2017-05-03,98.42034123724883,99.18954258395293,98.13377040986806,98.84264373779297,4978052
2017-05-04,99.00853520823786,99.10656822197076,98.52589840245228,98.94066619873047,3129811
2017-05-05,99.00101939052921,99.3554592685169,98.60133349469382,99.09905242919922,4907980
2017-05-08,99.14427882096908,99.14427882096908,98.65410101796063,98.88787841796875,2590593
2017-05-09,98.94822184606726,99.62693114886967,98.78231342918052,99.47610473632812,3229109
2017-05-10,99.33280439006434,99.58921116355798,98.9482069680013,99.34789276123047,2685906
2017-05-11,99.45347726146915,99.92103211334253,98.62394158339536,99.46855926513672,2301667
2017-05-12,99.32525717604841,99.37805054910578,98.9934467820117,99.15935516357422,2399304
2017-05-15,99.22723845250445,99.59676027165742,99.06133004705931,99.52888488769531,2557715
2017-05-16,99.52887541028254,99.73248880460176,99.09148461790625,99.55149841308594,2082703
2017-05-17,99.5552929562226,99.5552929562226,98.42596293121919,98.48660278320312,3472427
2017-05-18,98.38050359975671,99.42646279763842,97.77415619349006,98.85042572021484,2676053
2017-05-19,99.5704631369019,100.05554360233405,99.0626451247779,99.59320068359375,2765609
2017-05-22,100.27534555875168,100.33598541749173,99.64626063551505,99.92669677734375,2420005
2017-05-23,99.84331618157786,100.33598221124915,99.55530086677724,99.93427276611328,2536129
2017-05-24,100.24503344224331,100.55579272840798,99.85090954964924,100.15408325195312,2398972
2017-05-25,100.72254541947196,101.51080609088064,100.16925223389019,101.37437438964844,2770037
2017-05-26,101.33646786240205,101.65479993016264,100.68463896047642,100.99539184570312,2980367
2017-05-30,100.57853219217738,100.9726560922802,100.5254715121606,100.75285339355469,2987341
2017-05-31,101.16211640333067,101.169695584077,100.77557178393289,100.79830932617188,2410485
2017-06-01,101.23034365650562,101.45773191442025,100.66947139756853,101.14697265625,2542660
2017-06-02,101.28340469306325,102.01860453831911,101.1014979268824,101.58657836914062,2914168
2017-06-05,101.5107886820076,101.67753068661663,101.16213350606182,101.17729187011719,2750443
2017-06-06,101.13938882014443,101.31371639581084,100.57093740552509,100.60883331298828,2191521
2017-06-07,100.69977460819729,101.0635880904235,100.45723442049155,100.59366607666016,2297571
2017-06-08,100.59367939522235,101.25308741822822,100.16165322837934,101.22277069091797,2853948
2017-06-09,101.2455155149056,101.6244810348634,100.76800782143336,101.40467834472656,2570557
2017-06-12,101.05603614527132,101.74576099015631,100.50273659198785,101.00297546386719,2469488
2017-06-13,101.38192717777433,101.8821659498244,101.07875352226972,101.85942840576172,2983023
2017-06-14,101.91250007490167,102.20810100085602,101.43499876538984,101.74575805664062,2313069
2017-06-15,101.071194408063,102.02619705364847,101.071194408063,101.92008209228516,3119627
2017-06-16,102.06407360383352,102.57189156171661,101.74574158281288,102.04133605957031,3852458
2017-06-19,102.51126577742224,103.00392540931043,102.32935900837562,102.95845031738281,3127929
2017-06-20,102.50366702764771,102.6552570398043,102.1246951979237,102.25354766845703,2136614
2017-06-21,102.35210225849926,102.45821721358038,101.49563544212242,101.75333404541016,2803579
2017-06-22,102.0261862165953,102.0261862165953,101.33646144567423,101.61689758300781,2080489
2017-06-23,101.59414743144686,101.76089581728121,101.2985529666815,101.5562515258789,6992343
2017-06-26,101.86700330989447,102.32934615576042,101.60930475333554,101.76089477539062,1389834
2017-06-27,101.85186688718223,101.94282348054188,100.69979911487464,100.75285339355469,2152333
2017-06-28,101.72302923702613,101.85187535310165,101.18488801881662,101.54112243652344,2667861
2017-06-29,101.54110020464488,101.67752547414938,99.60835127464183,100.29049682617188,2030010
2017-06-30,101.12424042869027,101.4653100308265,100.57094732249779,101.02571105957031,1957170
2017-07-03,101.5107806803989,101.89732533467746,101.20760062051744,101.34403228759766,1000725
2017-07-05,101.26064783684912,101.57140063553386,100.99536371936858,101.4122314453125,2071412
2017-07-06,101.04843832117284,101.64720645986027,100.95748174221444,101.08633422851562,1583669
2017-07-07,101.33643031824468,102.0488924164813,101.19241950211848,101.6547622680664,1915657
2017-07-10,101.62448718379451,102.72350070097599,101.42742202885127,102.08683013916016,2270893
2017-07-11,102.24598799812223,102.24598799812223,101.17729133123005,101.7305908203125,2150009
2017-07-12,102.2611550783366,102.50369532393978,101.94282300640015,102.1474609375,1873481
2017-07-13,102.20052829820398,102.73108391989315,102.05651741741995,102.57191467285156,2707160
2017-07-14,102.70832648471973,103.02665851583224,102.42031118025264,102.95086669921875,1986616
2017-07-17,103.01907575001448,103.01907575001448,102.32177185742287,102.51883697509766,1581234
2017-07-18,102.39756190899219,102.57946224803385,102.13985695934625,102.46577453613281,1882780
2017-07-19,102.70073795615077,103.20855588391578,102.54914793538433,103.19339752197266,2440374
2017-07-20,103.21615481372537,103.39048241076144,102.21567712871233,102.28388977050781,3258776
2017-07-21,101.33645290427225,104.15598520673689,101.33645290427225,103.3449935913086,3927734
2017-07-24,103.68607628629871,104.54254950001048,103.6406011920492,104.37580108642578,4295036
2017-07-25,104.59560449985916,104.59560449985916,103.47385349393242,104.02715301513672,3402796
2017-07-26,104.08017504707266,105.11854832326412,103.73151996075941,104.96696472167969,2966972
2017-07-27,104.8608910799892,105.12616888852881,103.34501605938081,103.82251739501953,4063120
2017-07-28,103.82250818120549,104.04989005425126,103.22373356836158,103.67849731445312,2044401
2017-07-31,104.1560195878007,104.67141689683089,103.09490183273462,103.17070007324219,4271789
2017-08-01,103.34499133737778,103.88312600878832,102.94328192846457,103.84523010253906,3177080
2017-08-02,104.11051729663151,105.27016413978541,103.73154539707258,105.14131164550781,5343804
2017-08-03,105.03521314359197,105.77799224853516,104.60318692915138,105.77799224853516,2828708
2017-08-04,105.7779711699891,106.16452221142555,105.44448079795393,106.14178466796875,3868621
2017-08-07,106.27061956077553,106.27061956077553,104.55010081097673,105.32319641113281,3921092
2017-08-08,105.23229185425907,105.83863934807225,104.97459320918784,105.10343933105469,2289047
2017-08-09,105.27014463912889,105.58847662288078,104.74716837963119,105.353515625,2167056
2017-08-10,104.84571176034179,104.96698506644913,103.86797173527789,104.01956176757812,3391948
2017-08-11,103.70882329884327,104.26970204978765,103.51175813777293,103.52691650390625,2598010
2017-08-14,103.95134560081917,105.11099241637635,103.83765787445863,104.80023956298828,2569450
2017-08-15,104.91393567027212,105.08068408359068,104.04231049453813,104.15599822998047,1916764
2017-08-16,104.57867536644038,105.52308953206756,104.47966046893664,105.16512298583984,2215986
2017-08-17,104.83004528400755,105.0128366348243,103.46673583984375,103.46673583984375,3401136
2017-08-18,103.37534316900548,103.50481581923971,102.6974964674438,102.7812728881836,3296193
2017-08-21,102.77362535873127,103.40577563709925,102.4385133459901,103.25344848632812,1674443
2017-08-22,103.58857832110493,104.46444184506758,103.49717944760783,104.26641845703125,1855215
2017-08-23,103.92369840229527,104.35782539568285,103.70282688693078,103.89323425292969,1382860
2017-08-24,104.06076876981895,104.38064869458049,103.72565034153311,103.99221801757812,2125876
2017-08-25,104.58632012923812,104.85288788695341,104.19027329536513,104.20550537109375,2210118
2017-08-28,104.44923077473389,104.70056647057966,104.02271976588507,104.24359130859375,1678207
2017-08-29,103.75614080574223,104.89096255005815,103.59619758655397,104.82241821289062,1881230
2017-08-30,104.82241012790122,105.20321840414628,104.40351523481444,105.13467407226562,1974992
2017-08-31,105.4164847567634,105.5307317541611,104.79195680353206,105.30986022949219,3304717
2017-09-01,105.32508955038055,105.507880881958,104.82241821289062,104.82241821289062,1947539
2017-09-05,104.6396291069318,104.80718836714702,103.7104467868194,103.96939849853516,3150180
2017-09-06,104.51776609443883,104.51776609443883,103.71044680862165,103.99986267089844,2700739
2017-09-07,103.90082458348327,104.66244742657676,103.82466422891262,104.40349578857422,2723765
2017-09-08,104.21311967904646,105.17276616387738,104.09126307524026,104.77672576904297,3243389
2017-09-11,105.42410167354105,106.46753100428876,105.42410167354105,105.8658447265625,2582955
2017-09-12,105.82014712902932,105.91915561818101,105.37078804410476,105.62212371826172,1773740
2017-09-13,105.53070926843242,105.6982684937634,104.92140708788703,105.02803802490234,2262258
2017-09-14,104.92142788912858,104.92142788912858,104.23596521229192,104.50253295898438,3788695
2017-09-15,105.00521503206787,106.23904532788382,104.81480765307663,105.82776641845703,5085652
2017-09-18,106.09433637404484,106.12480052612028,104.56347413746734,104.85289001464844,3187264
2017-09-19,105.01281037633811,105.1651311035436,104.4796685337295,104.9137954711914,3787588
2017-09-20,105.14989184299645,105.72872986419857,104.96710055038196,105.62971496582031,4034338
2017-09-21,105.77444153298515,107.6480380829769,105.72112927431857,107.28245544433594,4333448
2017-09-22,107.09208062377414,108.19643198090316,107.01591380322148,107.96033477783203,3229330
2017-09-25,107.9603180324619,108.08217463450106,106.99304909145502,107.244384765625,3258555
2017-09-26,107.43479901019022,107.70136677666449,106.7417202443713,106.81026458740234,2614504
2017-09-27,107.04635585129358,107.06920396300124,106.23142056966218,106.29996490478516,3365491
2017-09-28,106.26188697624515,107.06920623779297,106.08671168363414,107.06920623779297,2305431
2017-09-29,106.45228584963738,107.97553823488171,106.01815888768043,107.95269012451172,4066662
2017-10-02,108.00599016998797,108.66098212479606,107.95267791848589,108.65336608886719,2791956
2017-10-03,108.68386648699024,109.02660108304308,108.32589981399859,108.66101837158203,2480668
2017-10-04,108.81332379234705,108.95804136778241,108.21926001059946,108.56961059570312,1978645
2017-10-05,108.87427526721271,109.48357118145302,108.4706123821149,108.96566772460938,2485761
2017-10-06,108.76760448582937,109.41499325688507,108.64574791336723,109.38452911376953,2397312
2017-10-09,110.5650519437743,110.6640604192465,109.19412676553299,109.36930847167969,2682585
2017-10-10,109.68158062578831,109.82629820497158,106.77979311352775,109.14844512939453,4535143
2017-10-11,108.9961197392887,109.47594295211738,108.43252011650907,108.69908142089844,3587997
2017-10-12,108.67624547074213,109.23222911847203,108.67624547074213,109.05706024169922,3325417
2017-10-13,109.93291124295884,110.09284801568462,109.117969575883,109.19412994384766,2388456
2017-10-16,109.19413637454768,109.58256713897005,108.91995903372798,109.48355865478516,2216096
2017-10-17,109.29314227654523,109.59018058700978,108.53914174217746,109.23983001708984,2696201
2017-10-18,109.20934871469917,109.45307472742493,108.98848367450515,109.24742889404297,1919643
2017-10-19,109.22457949748768,109.54446586512609,108.62289980603059,109.38452911376953,2903762
2017-10-20,110.54223451322527,111.16676255061178,109.20177310926013,110.7021713256836,3730025
2017-10-23,111.21244184712636,111.57039556956798,110.69452562522963,111.13626861572266,3201655
2017-10-24,111.64656367787607,111.95882116610305,111.10579937085016,111.2885971069336,3674343
2017-10-25,111.54755947388576,111.57802362375767,110.7021535850835,111.18960571289062,3077893
2017-10-26,111.57803454620144,111.57803454620144,110.58030781037145,111.07536315917969,2376389
2017-10-27,111.09058257577088,111.50186145736122,110.83925334336608,111.34954071044922,2069530
2017-10-30,110.95351650463896,111.0068287769178,110.07764630162544,110.16142272949219,1998793
2017-10-31,109.94054976046043,110.48891738686348,109.74251989833205,109.79584503173828,2704614
2017-11-01,110.12332030722429,110.5802954137356,109.84914296227429,110.38227844238281,2392994
2017-11-02,110.2223390423802,110.74787139892577,109.56734690360898,110.74787139892578,2152223
2017-11-03,110.74022978216097,110.79354203632245,110.26802266609013,110.41272735595703,1576031
2017-11-06,110.80879408110899,111.24292109388293,110.54983593500953,110.89257049560547,2257055
2017-11-07,111.05251087978318,111.98930927477264,110.97635050050418,111.93599700927734,2893578
2017-11-08,111.81413843895888,112.34727394947882,111.60849255358784,111.85221862792969,2783764
2017-11-09,111.40285012521753,111.53993879393532,110.14616540052147,110.77070617675781,2605980
2017-11-10,110.31373316119605,111.6770424316921,109.97861465531093,111.00680541992188,3219367
2017-11-13,110.94588053954732,111.95122322324706,110.62599409839622,111.74559020996094,2229602
2017-11-14,111.27337815698962,112.41580946630364,111.00680399018825,112.20256042480469,2558712
2017-11-15,111.71513684556004,112.28635258032088,111.3571701822029,111.4790267944336,2791292
2017-11-16,112.01105771283781,112.67706861752275,111.77375269744586,112.43975067138672,2445245
2017-11-17,112.05697694843025,112.53159986435244,111.91918695273303,112.14118194580078,1812596
2017-11-20,112.08759148634567,113.52677016351453,112.08759148634567,113.25119018554688,3934598
2017-11-21,113.48851336523755,114.58321724549012,113.48851336523755,114.3305892944336,3352207
2017-11-22,114.43775562499958,114.68272856756711,113.89423766802197,114.05499267578125,2009641
2017-11-24,114.34587082981787,115.15732655454389,114.28463084013909,114.56787872314453,1324300
2017-11-27,114.75924528075402,115.67021592194752,114.60614531777699,115.15731811523438,2529044
2017-11-28,115.647275764262,117.22424451382027,115.6090007652977,116.94100952148438,4047843
2017-11-29,117.16301141626748,117.5534293594416,116.65776846943737,117.30845642089844,3704232
2017-11-30,117.83665953947497,119.9571460103753,117.45389665423262,119.39066314697266,6288958
2017-12-01,119.19163275687376,119.63563568146344,117.03287106381966,118.19645690917969,3335934
2017-12-04,119.2834912451172,119.56672620690152,117.71416473388672,117.71416473388672,3598181
2017-12-05,117.76011752096733,118.51798842688868,117.14004955386878,117.17066955566406,2858818
2017-12-06,117.34670504016708,117.69119290443084,116.97926511107588,117.12471008300781,3206305
2017-12-07,117.12471794933126,117.72947580398466,116.99458296570467,117.33905792236328,2263586
2017-12-08,117.82139286117292,117.9744928992641,117.17834683969707,117.6300048828125,1641012
2017-12-11,117.10941931902654,117.82900222908246,117.07879931990685,117.28548431396484,4011423
2017-12-12,117.43860051535441,118.36488137604269,117.12473258488163,117.69121551513672,3275935
2017-12-13,117.46921188727367,119.82701636577856,117.21658397530352,119.2681884765625,5606052
2017-12-14,119.34476942900278,119.75049743484205,117.2548893884715,117.30081939697266,3477851
2017-12-15,118.02037164466591,118.38016950863663,117.56871379774292,118.08161163330078,4753332
2017-12-18,118.65580455036987,118.89312254725954,117.89029140625902,118.34194946289062,3957291
2017-12-19,118.77062564561858,118.97731067387397,117.90558466587451,117.97447967529297,4706174
2017-12-20,118.60983641403506,118.80122433660706,117.96680351074588,118.44908142089844,3966036
2017-12-21,118.76291606097327,118.86244397041602,117.50747046817119,117.6758804321289,5378232
2017-12-22,118.05100504436388,118.11224503995291,117.22423924242736,117.49983215332031,2382256
2017-12-26,117.46921509172736,118.21941798718697,117.46921509172736,117.7065200805664,1557987
2017-12-27,117.91322211595582,117.96680711530536,117.36970419181031,117.85198211669922,1952852
2017-12-28,117.8979013620332,118.18879133196845,117.60699846135604,117.98976135253906,1831083
2017-12-29,118.17348986711431,118.44142778951337,117.40032196044922,117.40032196044922,1847909
2018-01-02,117.75246367275318,117.8902666129244,116.9027456838753,117.66825866699219,3169995
2018-01-03,117.04818021579258,117.58404313522774,116.20610437207607,116.69603729248047,7015701
2018-01-04,116.97931955751592,118.27304077148438,116.90276953665942,118.27304077148438,4977610
2018-01-05,118.64046428008841,119.61267516453654,118.28066634084746,119.09977722167969,2744244
2018-01-08,119.42134334242304,119.52851338370655,118.06636902823685,118.456787109375,3033060
2018-01-09,118.66339887712046,120.01071735596602,118.51029891273127,119.42892456054688,3754711
2018-01-10,119.55144374660658,120.2786946774842,118.67109280112084,120.25572967529297,2836236
2018-01-11,120.27870026363045,120.95235328993745,120.19449525168521,120.89111328125,2578638
2018-01-12,121.3963078760703,122.09293855859399,120.79920509872137,121.77141571044922,2594357
2018-01-16,121.82502673571747,122.36854464300445,120.40115800493673,120.86812591552734,3788585
2018-01-17,120.71502430501683,121.67958011195525,120.53129138466414,121.26619720458984,3501541
2018-01-18,121.64132915874666,122.2154671705098,120.7762881751893,120.78394317626953,2939961
2018-01-19,121.2662126581469,121.48820767388246,120.64614468345172,121.48055267333984,4168395
2018-01-22,121.4881873856888,121.69488529656532,120.95997950571414,121.36570739746094,3619104
2018-01-23,121.71021219610645,122.74366310177085,121.53413425783623,122.16952514648438,4319943
2018-01-24,122.65946928797634,122.95801432797377,121.8173933136731,122.4604263305664,2938854
2018-01-25,122.94271408006948,123.93024808295354,122.23078599746238,123.89196014404297,4519977
2018-01-26,124.55790774337036,126.38750392529417,123.24886433825166,126.30329895019531,5556901
2018-01-29,126.19614279131031,126.41049570408502,123.55510335898404,123.60868835449219,4062456
2018-01-30,122.75130870910945,123.2488966230479,120.95998704663391,121.69489288330078,4304224
2018-01-31,122.47573395384194,122.88911693193909,121.94752596259136,122.23077392578125,3641908
2018-02-01,121.71783576048182,123.10342925408692,121.27383292543055,122.21542358398438,3048115
2018-02-02,121.48052759914441,122.10826337555852,119.71983904552775,119.91886901855469,4659016
2018-02-05,119.0002697150319,120.58489364450105,112.52395812373302,114.95831298828125,6389805
2018-02-06,113.05213478392336,116.69601753607172,112.67703985534168,115.89987182617188,5888336
2018-02-07,115.8922128195587,118.29595986321085,115.6013228850046,115.7391128540039,3511282
2018-02-08,115.96878821436226,115.96878821436226,111.55172442531129,111.78138732910156,3722386
2018-02-09,112.54693793440097,114.29998503986205,110.12023775121585,113.2206039428711,5984312
2018-02-12,114.09327457670892,115.31044543259841,112.59284286063549,114.42243957519531,3825337
2018-02-13,113.95545820108059,114.40711607645618,113.37366534165795,113.67987823486328,3116527
2018-02-14,113.15165522439482,115.41758636631523,112.56984951210072,115.1190414428711,3277042
2018-02-15,116.03768464178454,117.78306325077082,115.4329138437916,117.44624328613281,4024264
2018-02-16,117.19363498966229,118.67874387444836,116.96398497534982,117.9132308959961,3100808
2018-02-20,117.05582198069816,118.90072845614424,116.78788408590354,118.1505126953125,4111163
2018-02-21,118.640448052819,120.07962668219287,117.91321020436918,117.92852020263672,4488760
2018-02-22,118.47089366019298,119.07859069525966,117.53241890010132,117.93242645263672,2462403
2018-02-23,118.34007401478613,119.44009766827492,118.1708456035949,119.32471466064453,3504197
2018-02-26,119.67852981831832,120.55546647247819,119.31698347957186,120.38623809814453,3213500
2018-02-27,120.48623157388218,120.72468972760439,118.34004322248954,118.40158081054688,3429696
2018-02-28,118.77081902209052,119.2169795279189,116.14002217162125,116.24002075195312,3906591
2018-03-01,116.40927763712128,116.50158404157969,112.79385250742786,113.2400131225586,5121298
2018-03-02,112.55540174511196,114.45542755629859,112.4092499115081,113.9554214477539,3768105
2018-03-05,113.51694311996117,114.60156946254975,112.70923601705499,114.24003601074219,3763788
2018-03-06,114.8938804351773,115.32465666925647,114.0938655728042,114.87080383300781,3080660
2018-03-07,113.51691150165533,116.41694847095722,113.26306893598357,115.7015609741211,4411270
2018-03-08,116.43234265005316,116.85542662196093,115.51694490978403,116.33234405517578,2420226
2018-03-09,116.93236630993107,118.82469967362769,116.61698607836989,118.62470245361328,3193242
2018-03-12,118.78620053793736,118.81696933113933,116.87079118680151,117.10157012939453,2673618
2018-03-13,117.41696275565997,118.17082425649352,116.2169537059171,116.5400390625,2087685
2018-03-14,117.38620521206063,117.4169740114867,115.4554110737518,115.70926666259766,2245432
2018-03-15,115.9092654997601,116.64774268360169,115.478489308116,116.20927429199219,2045508
2018-03-16,116.37850134139195,117.26313031431583,116.37850134139195,116.75543212890625,4792409
2018-03-19,116.20927116988366,116.50157476071621,114.83232843232514,115.54002380371094,2405946
2018-03-20,116.03232841014879,116.84772750728509,115.50924587431976,115.75540924072266,3012248
2018-03-21,115.97849735909118,117.51698935381948,115.43233815826675,116.4323501586914,2866789
2018-03-22,115.07849857552458,115.60159423605991,112.61692926234169,112.98616790771484,2855387
2018-03-23,113.07078058006468,113.94771747829239,110.07843643959276,110.2168960571289,4001239
2018-03-26,111.8938388460371,113.32462709293704,111.02459421868286,113.03231048583984,2485761
2018-03-27,113.52461770660732,113.96308609498804,110.43996758170563,111.03227996826172,3410324
2018-03-28,110.69381374255732,111.57844274770878,109.60918753333885,110.20149993896484,5559558
2018-03-29,110.77841719704469,112.20151306866468,110.45534482181793,111.16304016113281,2848523
2018-04-02,110.64766796903764,111.26305701644198,107.82455236063538,109.56304168701172,4529940
2018-04-03,110.001513231403,111.03229413788512,108.94764922545829,110.97075653076172,3548699
2018-04-04,109.09378387252171,111.59381358746998,108.88608799674618,111.4168930053711,3065273
2018-04-05,112.17073705235077,113.03228931800432,111.75534531735427,112.61689758300781,2479229
2018-04-06,111.67075512545237,112.24768316163882,108.83225515434646,109.80149841308594,3174755
2018-04-09,110.24765070258101,111.77843748061125,109.72456810992699,109.87071990966797,2161300
2018-04-10,111.55536758817902,113.13230762135902,111.23228218385464,112.02460479736328,3188593
2018-04-11,111.1476506821833,112.09381715354763,110.73225893944048,110.98611450195312,2162075
2018-04-12,111.61691881632817,113.20155124321458,111.61691881632817,112.6707763671875,2576645
2018-04-13,113.23230327318942,113.36307065912341,111.83228404303948,112.40151977539062,1758464
2018-04-16,113.3784679715055,113.94770376869376,112.64768297971244,112.88615417480469,2840332
2018-04-17,113.76308825094301,114.64771722258665,113.60923126006095,114.38616943359375,2331667
2018-04-18,114.89388860927644,115.57082830823973,114.28619171533018,114.90158081054688,3045790
2018-04-19,114.45540634611255,115.34772757308158,113.47847091536883,113.94770812988281,3522795
2018-04-20,115.9784670697721,116.59386890437555,113.8015230351143,115.82462310791016,5834093
2018-04-23,115.93233173772879,116.6400400584544,113.50922399729407,114.32462310791016,4939197
2018-04-24,114.52463478111886,115.44772479843351,111.42460011837059,113.2477035522461,4640197
2018-04-25,113.43228894195677,114.00152461654885,111.5784171551527,113.12458801269531,3184940
2018-04-26,113.32459071874345,113.85536536650184,112.36303999575348,112.9245834350586,2661884
2018-04-27,112.72459602571283,113.22461497632362,112.20920566980678,113.02460479736328,2360227
2018-04-30,113.10155008607909,113.62463274915669,111.23229326340616,111.29383087158203,3581798
2018-05-01,111.05534936939056,111.32457634874618,109.37070572424501,111.16304016113281,2691662
2018-05-02,111.1784237597116,111.82459449267427,109.77071229704438,109.9861068725586,2598010
2018-05-03,109.41683682989644,110.824548018485,107.31681484058802,110.27838897705078,4822298
2018-05-04,109.28610723442135,111.2399781396808,108.88610631082548,110.68612670898438,2922471
2018-05-07,110.9322827163194,111.49382631005835,110.51689092262156,110.8938217163086,2021597
2018-05-08,110.42456459539383,111.03226127948088,109.84762371218416,110.94764709472656,3130697
2018-05-09,111.3092163678436,112.10153906806227,110.90922191076841,112.07077026367188,2737381
2018-05-10,112.30922265698908,113.38615661721678,112.07844366917986,113.30923461914062,2184879
2018-05-11,113.0630834675442,114.0630955379183,112.95539265858315,113.35540008544922,1708538
2018-05-14,113.73231860214024,114.18617138437033,112.90922723556386,113.30923461914062,2012630
2018-05-15,113.13999962623821,113.60154463436966,112.97846342114572,113.34770202636719,2963651
2018-05-16,113.18616316415785,113.77079642314106,112.86309072446903,113.50155639648438,2157204
2018-05-17,113.67551316553948,114.12393797606842,113.1884321695789,113.7450942993164,2180008
2018-05-18,113.92288060032759,115.00527948189587,113.46672473374258,114.68828582763672,3261765
2018-05-21,115.52330997188953,116.84539045079619,115.21406054490765,116.35057830810547,2709263
2018-05-22,116.83765955453453,117.87367125697284,116.3583098818004,116.64437866210938,3706335
2018-05-23,115.97174499287142,117.06187543876959,115.82485150201843,116.99229431152344,3132136
2018-05-24,117.07733306855968,117.76543919523863,115.81711547485567,116.8067398071289,2921585
2018-05-25,116.59798606037441,117.15466118718157,115.81711814273773,116.48201751708984,2141374
2018-05-29,115.65473064802256,116.11088657159648,114.02340088784517,114.58006286621094,2600335
2018-05-30,115.02080237511669,116.56708916961648,115.02080237511669,116.31195831298828,2426315
2018-05-31,116.56705886186873,116.56705886186873,114.23989150734727,114.35587310791016,5576827
2018-06-01,115.08259115151067,116.21912172410023,115.0284725136993,116.04129028320312,1918978
2018-06-04,115.97175688151482,116.36606303585218,115.3609760868868,116.07999420166016,2320707
2018-06-05,116.3351412686877,116.4743035412517,115.64703502418726,115.87125396728516,1868942
2018-06-06,116.04903578471732,116.744873046875,114.98209924622859,116.744873046875,2882730
2018-06-07,116.77578518234294,117.83499036976845,116.74486024603955,117.58757781982422,2196281
2018-06-08,117.34794777570993,117.81956626742783,117.27063540977605,117.40979766845703,2149344
2018-06-11,117.45617479530215,117.85821212244892,117.13919412275035,117.41751861572266,1909237
2018-06-12,117.47164255581367,117.89687360985243,117.17785557778303,117.71905517578125,2487864
2018-06-13,117.47162500709766,117.90458723272152,117.03866278147379,117.38658142089844,2142260
2018-06-14,117.78861612291577,117.89685341206834,116.20367378176913,116.89949798583984,2803026
2018-06-15,116.32739051006354,116.32739051006354,115.02850367220209,116.1495590209961,4345183
2018-06-18,115.22951188384489,116.05676708061937,114.85066831287276,115.93306732177734,1751601
2018-06-19,114.7733780821415,115.15220866660151,113.59045973169329,113.8687973022461,2868781
2018-06-20,113.7991948809163,114.26308203868994,113.0337764997583,113.29663848876953,2142260
2018-06-21,112.85598434533976,113.01834031749249,111.00816651942004,111.30968475341797,3543053
2018-06-22,112.41526732492115,112.41526732492115,111.24008040274464,111.33285522460938,3197006
2018-06-25,110.88441993786917,111.76580678045936,109.74790235951306,111.36376953125,3957402
2018-06-26,111.71944268506509,112.21425485052653,111.2632866997553,111.3405990600586,3521799
2018-06-27,112.26838927039906,112.73227655689035,110.65252153455675,110.66798400878906,3444087
2018-06-28,111.2168639029846,111.37148857440161,110.04169028118298,110.66020202636719,3163575
2018-06-29,110.8225977850369,112.61629685658345,110.7066292397699,111.37152862548828,3131250
2018-07-02,110.83805332474809,112.07509024211467,110.56746006938418,111.95912170410156,2494617
2018-07-03,112.17560752666147,113.35852591125457,111.8663450015116,112.05963897705078,1380535
2018-07-05,112.80957198399837,112.95647852666198,111.54162316835162,112.0441665649414,2191853
2018-07-06,111.7426232225919,113.14974719282202,111.65757963628195,112.66266632080078,2092666
2018-07-09,112.84820560257974,114.44089212895531,112.68584967998551,113.97700500488281,2210672
2018-07-10,114.25533469987514,114.60325332381474,113.95381654404325,114.45635986328125,1909901
2018-07-11,113.61361292826591,113.61361292826591,111.64209610671584,111.73487091064453,2576313
2018-07-12,112.83277261282412,114.44092202816863,112.39982337279244,114.34041595458984,3447962
2018-07-13,114.30173918650961,114.84293869859926,113.7064079696442,114.03886413574219,2842213
2018-07-16,114.02341512894,114.13938366818387,112.89462856125927,113.18841552734375,1968572
2018-07-17,113.18066401605633,114.93570650029365,112.73223935179124,114.80427551269531,2763949
2018-07-18,114.92798511564378,115.59288440470314,114.72695994021724,115.31455993652344,3369476
2018-07-19,114.35586246864895,115.18311771064097,113.88424405276675,114.06979370117188,3349218
2018-07-20,115.34550748163869,119.05660559411531,115.29138882444258,118.39169311523438,7139242
2018-07-23,118.38393462661683,118.90194042862804,116.84537969050834,118.83235931396484,4837132
2018-07-24,119.07977942133765,120.52555962930748,118.43806075983275,119.96116638183594,4225848
2018-07-25,118.68549917618245,122.32701634223092,118.68549917618245,122.17237854003906,4361898
2018-07-26,122.32696489258659,123.47894486000745,122.23417702648835,123.02278900146484,5301849
2018-07-27,123.1233052418386,123.48668632390326,122.4352123098384,123.19288635253906,3142099
2018-07-30,123.08468895320506,123.47126386410106,121.10544003608211,121.32191467285156,3453275
2018-07-31,121.80122111101828,123.58718846729758,121.80122111101828,123.43256378173828,3015237
2018-08-01,123.6413125535042,123.69543119583383,120.96624007790767,121.2986831665039,3735781
2018-08-02,120.36320967015865,120.79617198346322,119.70604149328778,120.53330993652344,2368972
2018-08-03,120.40959028252027,120.74203340468026,119.24213455870299,119.86837768554688,3282687
2018-08-06,119.66736129340353,119.99208622809199,118.90967413230337,119.81425476074219,3401357
2018-08-07,120.11581199327091,120.98173663355355,119.77562451469096,120.88896179199219,1803187
2018-08-08,120.85800741070771,120.96625777071783,119.89930805875412,119.99209594726562,1878905
2018-08-09,119.72148688525861,120.15444913678988,118.7395938486215,119.03339385986328,2772141
2018-08-10,118.61587682850318,118.77823275189523,117.92777084366341,118.36073303222656,1707431
2018-08-13,118.45354997113336,118.6777689093598,117.36341940735481,117.78865051269531,2253291
2018-08-14,118.05922506972605,119.7446735031237,117.84273742701664,119.1648178100586,2861586
2018-08-15,118.25252519137157,118.67775625135754,116.90725088406488,118.43034362792969,2512328
2018-08-16,119.03243843137786,120.03466827638205,118.91590312924826,119.72390747070312,2325357
2018-08-17,119.677280867662,120.78050785944667,119.25774070040814,120.55520629882812,2249417
2018-08-20,120.7028555798441,121.060243704703,120.28331528080933,120.78831481933594,2369747
2018-08-21,121.1690051221438,122.24115633012752,121.16123610068517,121.96147155761719,2730185
2018-08-22,121.80608597698954,121.80608597698954,120.34547047713424,121.30108642578125,2256391
2018-08-23,122.64517588331682,123.40656634044232,121.98479584276025,122.68402099609375,3866849
2018-08-24,122.59076041924983,123.11129791663295,122.0624539013587,122.37321472167969,2745573
2018-08-27,122.70731421856733,123.97370412225364,122.70731421856733,123.80277252197266,2054143
2018-08-28,124.31551796505244,124.54860169543201,123.67067616224512,124.38545227050781,3327521
2018-08-29,124.43205861365291,125.08466939589995,124.18343685834574,124.54082489013672,2394212
2018-08-30,124.23006093380853,124.57967997387244,123.53860499739747,123.88045501708984,1684738
2018-08-31,123.46871019302566,123.9348646382559,123.11909107826595,123.57747650146484,2667640
2018-09-04,123.58521364816977,124.05913699319622,122.91705167910943,124.02806091308594,2585944
2018-09-05,124.11355121674573,125.94709289582839,124.07470610687939,125.69847106933594,3546927
2018-09-06,126.21894248200631,127.9747930206763,126.21894248200631,127.42317962646484,4525291
2018-09-07,126.92598400620548,127.48536657101855,126.04805849721161,126.49090576171875,3063059
2018-09-10,127.09690568846057,127.60967414623022,126.73176173818845,126.92598724365234,2574984
2018-09-11,126.60745993469958,127.0969213922904,125.93154196882524,126.68515014648438,2819188
2018-09-12,126.37440114859608,127.88939979049032,126.32778701715452,127.33001708984375,2489746
2018-09-13,127.90490762265972,128.8605233381872,127.90490762265972,128.74398803710938,2316833
2018-09-14,128.61966890993946,128.9770569519139,128.01367222891815,128.27783203125,2173255
2018-09-17,128.1923957239614,129.3266990890409,127.76508642588018,128.77508544921875,3125162
2018-09-18,128.90713027400002,129.18682810434257,127.88936245462284,129.0780487060547,2883394
2018-09-19,129.17132244248398,129.50539037069024,128.72847508872377,128.81393432617188,1632488
2018-09-20,129.43546910996199,129.66078385919315,128.13800313569223,129.38885498046875,2262369
2018-09-21,129.66077004261714,130.23569070178425,129.2023846947652,130.0103759765625,3476744
2018-09-24,129.45102228428354,129.6841060823414,128.3866399564146,128.54978942871094,2155433
2018-09-25,128.8295123240822,129.10921031127694,128.16136313710496,128.6275177001953,2544542
2018-09-26,128.90714123885743,129.5519830470762,127.96706353590561,128.7828369140625,3075125
2018-09-27,129.0702735053241,129.1945909369362,128.25451335896722,128.4720458984375,1931930
2018-09-28,128.48759354330477,129.51313040988245,128.32444412650426,129.28005981445312,2429304
2018-10-01,130.67856421726015,131.73894347352544,130.0030663712218,130.73355102539062,2399697
2018-10-02,130.31729291937717,130.89067821033225,130.0659414482231,130.4115447998047,2950348
2018-10-03,130.9299633241153,130.9849501522843,129.50825854061657,129.9010009765625,2515105
2018-10-04,129.6024898397562,130.28584863967933,127.9137253634674,129.37469482421875,3262519
2018-10-05,129.59466168896014,130.14449059646958,128.4714343410896,128.8720245361328,2669712
2018-10-08,128.83274906580613,129.60251209877006,128.18080744088147,129.49253845214844,2044823
2018-10-09,129.00553483800007,129.00553483800007,126.30352978009296,126.41349029541016,4018364
2018-10-10,126.25636537003518,126.25636537003518,122.9338366916187,123.0202407836914,4972615
2018-10-11,122.97315332621098,124.23775844908072,120.50677766769168,120.66386413574219,5321138
2018-10-12,121.8499156818484,123.53081948739631,121.18226544093612,122.69036102294922,4864981
2018-10-15,122.32117587480955,123.90781435448356,122.07767223557818,122.69819641113281,3636993
2018-10-16,123.36582647070244,125.44731965010173,123.1694619133394,125.32949829101562,3107255
2018-10-17,125.28242190328695,126.06789356662195,123.42086206642443,124.14348602294922,3796746
2018-10-18,123.46010826537146,123.61720782338585,120.98588537089312,121.89702606201172,3979056
2018-10-19,122.61182112735938,123.89999570777285,119.70559040266306,120.54603576660156,7436476
2018-10-22,120.7816391922644,121.14295105345585,118.68443722359439,119.87049865722656,4930240
2018-10-23,117.33347570999135,119.63490405808625,115.34623342717447,118.29175567626953,5880549
2018-10-24,118.3467214624386,118.47240375415065,113.90096465796769,114.16016387939453,5063496
2018-10-25,115.60546735573709,116.65013851425797,114.85141278439079,115.84111022949219,3069588
2018-10-26,114.47437151180542,116.31236197513876,113.71245619053728,114.71001434326172,3810871
2018-10-29,117.63497802099738,118.34020051429819,112.91725240152509,114.34391784667969,5030519
2018-10-30,114.66815935789238,115.98944419854894,114.02777938560817,115.88406372070312,4461081
2018-10-31,117.45661948874563,118.82653927998068,116.80003226612355,117.39177703857422,5022668
2018-11-01,117.89434835049839,117.9754112554964,116.32177786224977,117.09184265136719,4023312
2018-11-02,118.0321611806516,118.78603187451992,116.48390801935815,117.9267807006836,5156991
2018-11-05,118.0159525091847,120.09920515208286,117.93488959294736,119.3048095703125,4436678
2018-11-06,119.71824228596832,121.12870053088078,119.64528958554433,120.33430480957031,3372282
2018-11-07,121.6312274573958,122.88766960790635,120.5774359966439,121.75281524658203,2318285
2018-11-08,121.62313313915071,122.79851254283341,121.51775266695684,122.03654479980469,2971861
2018-11-09,121.6636597842583,122.1662314138867,120.64229607027464,121.85009002685547,2523482
2018-11-12,121.72848512199906,122.10135867812454,119.89651887623505,120.0748519897461,2399133
2018-11-13,119.92896942944465,122.23107988975738,119.28858951978799,119.71009826660156,2623747
2018-11-14,120.49640247153236,120.73146785454894,119.32912016787134,119.58851623535156,2999765
2018-11-15,118.72445883474411,121.00684036183598,118.36579906901103,120.45255279541016,3213769
2018-11-16,120.21618280449121,121.44703873881068,119.67003749687021,121.08837890625,3349789
2018-11-19,120.99053223126468,122.09097822738507,119.7922855290805,120.2080078125,2394571
2018-11-20,118.76520982819838,119.78413981123155,116.80889223776714,117.42024230957031,3796789
2018-11-21,118.15388764090658,118.78970453446247,117.40397209932901,117.46102142333984,3041463
2018-11-23,116.27091784210616,117.4773202261836,115.75738160296038,116.77629852294922,1605611
2018-11-26,117.27352252299,117.86041912511087,115.76552302619528,116.7436752319336,4274875
2018-11-27,116.05896339817377,117.11864477144162,115.86333559860812,116.47468566894531,3882305
2018-11-28,117.11865042913995,117.7218449714025,115.83073216193135,117.62403106689453,4557313
2018-11-29,117.62402782974019,119.70262603010953,117.22461666509322,118.79782104492188,2808361
2018-11-30,118.92826570362038,119.90643129384678,118.46363638842799,119.62113189697266,5723034
2018-12-03,122.27033545438316,123.50119159778549,121.30032526927921,121.43890380859375,4582777
2018-12-04,120.88459735698726,121.6589663553068,116.16495694353432,116.30353546142578,4364530
2018-12-06,114.32275522700574,115.52100218767781,111.78768278239572,115.39057922363281,6308812
2018-12-07,114.79550721072677,116.71107332612708,112.5783306542981,113.06741333007812,3866815
2018-12-10,113.05924886211237,113.4994245552901,110.5730908864869,112.4478988647461,3312230
2018-12-11,113.94777933306057,114.2738300929748,110.95623358836477,111.5186767578125,4376413
2018-12-12,113.11633804217394,114.80366760008691,112.67616224517576,112.72508239746094,4457367
2018-12-13,113.39349900651032,114.28200629305432,112.40719099069204,113.15711975097656,2505552
2018-12-14,112.02405502348459,112.79843710885666,110.90732426635516,111.2170639038086,2756266
2018-12-17,110.71985179634636,111.82028476369199,108.88579465132081,109.53790283203125,3324325
2018-12-18,110.81765709387224,111.4779141835809,109.53789431142127,110.19000244140625,2798706
2018-12-19,110.49160602878506,112.29304739232722,107.72014153509448,108.62494659423828,4104691
2018-12-20,108.19289118409425,108.918366151386,105.4540364493706,106.51371765136719,4794553
2018-12-21,105.97574524861528,107.9646718670295,105.42145108689213,105.51111602783203,7324826
2018-12-24,104.82641219078236,105.144320602057,101.59032494883299,101.75335693359375,3011967
2018-12-26,101.90821584455091,105.6415341623181,100.65290672839963,105.61708068847656,3650052
2018-12-27,104.02758507634296,107.29627481586795,103.3917814388906,107.24736785888672,3447826
2018-12-28,107.69570203853424,108.47008425289383,106.17139768879115,106.58712005615234,2927511
2018-12-31,107.23922023441915,107.72830300701898,106.3507196442512,107.69569396972656,2334094
2019-01-02,106.12247195121675,107.67122950756442,105.56002879960535,107.45929718017578,2924116
2019-01-03,107.67938637491122,108.39670599467246,105.20952570202387,106.02466583251953,3378224
2019-01-04,108.10326955397079,110.07589872536629,107.63864682066439,109.7335433959961,3802200
2019-01-07,109.50529215780283,110.85840877796745,108.53528221921063,110.34487915039062,3124221
2019-01-08,110.90730942149594,111.57570875674165,109.48896838111598,110.11662292480469,2796902
2019-01-09,111.02145026143268,111.46162609228301,110.10034719917242,110.63018798828125,2114467
2019-01-10,110.22258816977849,112.43975798223293,109.77426351281797,112.28488159179688,2280832
2019-01-11,111.46978532934511,112.28491894101163,111.1926282882847,111.96701049804688,2005714
2019-01-14,111.13559182893384,112.52132440784483,110.84213683248369,112.17080688476562,3289737
2019-01-15,112.02404945124532,112.61094605604596,111.29857435506763,112.30119323730469,1954256
2019-01-16,112.09740005147245,113.05925425937306,111.87731879272374,112.50496673583984,2384385
2019-01-17,111.92625974961396,114.63250652335435,111.8284458271145,114.02115631103516,2734621
2019-01-18,115.56988298737252,116.16493515174155,114.41240088813304,115.62694549560547,5752318
2019-01-22,114.9014819900624,115.05635841563868,113.059275999542,113.97223663330078,3391487
2019-01-23,114.78739368369853,115.17050704705704,113.49133269617472,114.72217559814453,3147244
2019-01-24,114.84444655632107,115.7492385445666,114.49392906850291,115.08082580566406,2872339
2019-01-25,116.15678622629449,116.31981820292692,115.27644786388771,115.5128402709961,3401884
2019-01-28,114.38793313859988,114.76289078062202,113.19782895837112,114.51020050048828,3690476
2019-01-29,114.81180218513954,115.92039043494044,114.52650286518899,115.53727722167969,2572395
2019-01-30,116.1241823272484,117.17570815113336,114.8851710629205,116.79259490966797,3302681
2019-01-31,116.40131074688667,117.42838296007851,115.95297949979351,117.07786560058594,3685490
2019-02-01,121.21064386022893,121.45517865172691,117.65665464471189,117.958251953125,5874227
2019-02-04,117.77074642925245,120.64818010055892,117.73815059373395,120.58296203613281,4979061
2019-02-05,120.96609170941474,121.20248413085938,120.15911372854389,121.20248413085938,3143425
2019-02-06,121.44702528676001,121.85459203346247,120.87642656269831,121.37366485595703,3339179
2019-02-07,120.37104296260976,121.37366188577273,120.02868109721172,120.76229858398438,3142364
2019-02-08,120.62373187266384,121.16172154245612,119.9797727410904,121.13726806640625,4193178
2019-02-11,121.44706398979689,121.71605232179628,120.68083720607765,121.03134155273438,3159340
2019-02-12,121.61818725155871,122.68601096354043,121.42255945598778,122.5637435913086,2816849
2019-02-13,123.07730386145971,124.45488065075034,122.8246135104487,123.47671508789062,2928042
2019-02-14,123.02837437699397,123.60711541076081,122.23769443085007,122.69416809082031,2239453
2019-02-15,123.90061336086899,124.97659301757812,123.56640695855636,124.97659301757812,3224803
2019-02-19,124.39780161236479,125.32706009333641,124.21847172288052,124.9439468383789,2630856
2019-02-20,124.98470910846686,126.21556496597185,124.72387640745275,126.0036392211914,2782366
2019-02-21,125.82330691343137,125.99539406994188,124.62685606550666,125.0611801147461,2871384
2019-02-22,125.58569223339333,125.87251309317162,124.87274624316412,125.54472351074219,3043479
2019-02-25,126.36419195269937,126.75753410697254,125.97903558192547,126.24945831298828,2453563
2019-02-26,126.11015885123949,126.86407352031324,125.88889061397464,126.1347427368164,2107464
2019-02-27,126.08558232238431,126.80671409707388,125.47095861295476,126.6919937133789,1858235
2019-02-28,126.27407526804926,126.66743079241199,125.71683155884209,126.2576904296875,3017378
2019-03-01,127.0116127230001,127.71635974644316,126.72479182880177,127.60982513427734,3591909
2019-03-04,128.48667618729834,128.6423785836564,126.18393645220301,126.61006164550781,4316572
2019-03-05,126.61825449831365,127.17549817006,125.88071128133056,126.32323455810547,3588196
2019-03-06,126.28223299826918,127.0361608564927,125.97902735180112,125.98721313476562,4169093
2019-03-07,125.84794994960089,126.06920496911856,124.26634206798184,124.95470428466797,3797956
2019-03-08,123.96311246075062,124.40563568167966,123.23376838797734,124.22534942626953,3098863
2019-03-11,123.74186591575643,125.56931248070761,123.37309432867481,125.53652954101562,2963161
2019-03-12,125.84790941888953,126.50348848067061,125.21690097317713,125.79054260253906,1933142
2019-03-13,126.44617032188232,127.38037140974359,126.07739870449694,127.05258178710938,2688468
2019-03-14,127.30661349917185,127.53606755047558,126.50351768607163,127.22466278076172,2819714
2019-03-15,127.14274677282853,127.84750722306877,127.04441119072013,127.30664825439453,5609825
2019-03-18,127.47050928379876,128.7325131435477,126.93783627128948,128.6013946533203,2542050
2019-03-19,129.1668430019826,129.60936626752022,128.38013202612146,128.85543823242188,2858971
2019-03-20,128.8144801412709,129.21603475566937,127.55247599201843,128.0769500732422,2518496
2019-03-21,128.14250134552546,130.22398605887938,127.92123306341038,129.84701538085938,2070966
2019-03-22,129.15047324010484,129.33895860701108,127.52789642177581,127.69999694824219,2579185
2019-03-25,127.78191375732422,128.84723324584098,127.51967677744898,127.78191375732422,2173459
2019-03-26,128.55218633980377,129.37166669500192,128.3145333220168,129.05206298828125,2349478
2019-03-27,128.92917235745358,129.7158699592067,128.00315722671908,128.74888610839844,2933347
2019-03-28,129.16684632100217,130.02729571830926,128.66695621305328,129.92076110839844,2312131
2019-03-29,130.4534307417832,130.69926962969754,129.46184960402184,130.23216247558594,2869687
2019-04-01,131.1172013641883,132.5676905195657,130.9205302653196,132.32183837890625,2539610
2019-04-02,132.19890591939838,132.38739121529588,131.00245480694485,131.96945190429688,3535995
2019-04-03,132.45296084522374,132.71519782964032,131.24832379432613,131.3548583984375,4047927
2019-04-04,131.3302556630447,132.22348782514348,130.9450992934175,131.99403381347656,2087305
2019-04-05,132.4447643193038,132.9036724172475,132.08419177562314,132.5103302001953,1851445
2019-04-08,132.10053589716333,132.83806551982263,131.56786308412217,132.80528259277344,1967094
2019-04-09,132.08418924854175,132.37101012103756,131.56791433146407,131.8137664794922,2050383
2019-04-10,131.77275325282935,131.77275325282935,130.46978095847814,131.09259033203125,2526241
2019-04-11,131.26464897969592,131.97759467759477,130.85490885289724,131.85467529296875,1863328
2019-04-12,132.68238838918435,133.27241485273876,132.26444910793748,133.14129638671875,2248153
2019-04-15,133.3707136932781,133.46904919897176,132.5840163806611,132.756103515625,2538761
2019-04-16,133.2314682044378,133.5100900157285,132.86269662848252,133.46092224121094,3190533
2019-04-17,133.8296632687816,134.92777880340458,133.2970036022408,133.48548889160156,3624800
2019-04-18,137.27972871971997,139.1973253475963,135.94397297598584,138.54173278808594,6765891
2019-04-22,137.87791950986218,138.83671758087868,137.26330910376953,137.86972045898438,3463847
2019-04-23,137.8779100931046,140.95097518075693,137.6812390220504,140.79527282714844,4423733
2019-04-24,140.76252665448698,141.04114850026923,140.1725000201613,140.36917114257812,4058537
2019-04-25,139.8856124030048,140.09048248016728,138.18108593145462,139.65615844726562,3544058
2019-04-26,139.4431272850942,141.18862294046238,139.31200880796482,141.15585327148438,2868201
2019-04-29,140.869088752041,141.86885593117543,140.76255411758834,141.40174865722656,3122629
2019-04-30,141.7786540734793,142.598147899007,141.34432990818115,142.2867431640625,3874454
2019-05-01,142.39328822158893,142.8685811429023,139.99219992592353,140.08233642578125,3991694
2019-05-02,139.64798974970375,140.57400482246848,138.9514286825476,140.44288635253906,4691318
2019-05-03,140.60683609558137,142.29496541728875,140.45933274135288,142.21302795410156,4380445
2019-05-06,139.71357001105858,142.18021077575995,139.52508470354192,141.45086669921875,3184804
2019-05-07,139.87746429073573,140.76251077592514,138.3942054533174,139.18910217285156,4969618
2019-05-08,139.10715034010647,140.49207361627222,138.90228018998815,139.60704040527344,3076476
2019-05-09,138.6728393419829,139.721774079672,137.82057572164962,139.6316375732422,3140136
2019-05-10,139.1153396207585,141.03292249913505,137.6894344544739,140.64776611328125,2485180
2019-05-13,138.06640928120467,138.41058369020044,135.46865004315765,136.70606994628906,3930793
2019-05-14,136.79623314718907,138.72201551135396,136.68969852981974,137.80419921875,2780563
2019-05-15,136.85358897960765,139.31203096589178,136.46843253774014,138.803955078125,1983433
2019-05-16,139.19729785904818,140.99196140649315,139.13173198250703,139.95941162109375,3217801
2019-05-17,138.71379828549198,140.30359159880177,138.3696106202396,139.2710418701172,2222795
2019-05-20,138.81213031867068,139.279237400036,137.6812450762377,138.18112182617188,2187464
2019-05-21,139.18910783099236,139.77913442274576,138.54171441031482,138.98423767089844,2691120
2019-05-22,138.87770052335947,139.7135792521729,138.49254409874857,138.74658203125,2388842
2019-05-23,137.48665536102627,137.75016855416948,136.14439919832037,137.05845642089844,2881994
2019-05-24,138.1372183772584,138.2278068824451,137.14082481005482,137.256103515625,2159666
2019-05-28,137.4042987823974,138.03013925114033,135.82324636781624,136.0867462158203,4113921
2019-05-29,134.81858606419553,135.97967838750537,133.96218832080885,135.35385131835938,2682102
2019-05-30,135.5926810119504,136.48203478282642,135.53504832792254,136.24322509765625,2070648
2019-05-31,134.83509347365333,136.05383206512283,134.76098288339134,135.30447387695312,2011126
2019-06-03,135.44443348071567,137.49487946204673,135.31267689837662,137.08314514160156,2530273
2019-06-04,138.38424896292855,139.0018639057102,137.47020497762853,138.4665985107422,2864912
2019-06-05,139.30656788541805,139.72654131540648,138.5242670514481,139.5041961669922,2872551
2019-06-06,139.55358794897398,140.5499948665862,139.10068540943527,140.20413208007812,2365181
2019-06-07,140.86288925170066,142.65804783346692,140.7558361867224,141.85104370117188,2151496
2019-06-10,142.86394513505664,143.25921499717688,140.97819766542705,141.04408264160156,3199764
2019-06-11,142.04049776512295,142.7980951160075,140.31121018746998,141.34878540039062,1832029
2019-06-12,141.52168618081188,142.60042932857428,141.1758233912227,142.3780975341797,1666619
2019-06-13,142.92978727937998,142.9462518526685,141.90867710780986,142.6168670654297,1486143
2019-06-14,142.411008139785,142.88038848784547,140.89581403394362,142.303955078125,1726884
2019-06-17,142.7733727100649,142.87218684458955,141.65344807828632,141.9334259033203,1746830
2019-06-18,142.9215929073984,145.28495982250166,142.57573010735035,144.72499084472656,3059606
2019-06-19,144.63439468222043,145.05435469007045,143.48976669091897,144.4449920654297,2320407
2019-06-20,145.27673083058025,146.05079270752526,144.21445215576958,145.169677734375,4492592
2019-06-21,145.65548718792118,145.66372614150438,142.92156775214482,143.53916931152344,4046442
2019-06-24,143.52270923156993,144.5273416662263,143.4568242641207,143.7862091064453,1905132
2019-06-25,144.1237914455681,144.44495057331088,142.97917711470004,143.2344512939453,1956166
2019-06-26,143.73676939445866,143.93441092026825,142.90507518955945,142.9462432861328,1926564
2019-06-27,143.34975834831465,143.79443517801738,142.63334271423983,143.15213012695312,1922108
2019-06-28,143.4403295822767,144.42025828137855,143.28386948197385,143.76971435546875,3767929
2019-07-01,145.44961818266495,145.74607385991249,144.6508529759246,145.59783935546875,1712030
2019-07-02,145.74608564657967,146.14958109350115,145.0543601209414,145.44139099121094,1492827
2019-07-03,145.56492448248414,146.96482680286843,145.10378301188157,146.9071807861328,1315640
2019-07-05,145.9272488660461,146.1248771118238,143.83563438221518,145.41668701171875,1282537
2019-07-08,145.17784493058764,145.1860705504768,143.9426287886217,144.6590576171875,1669908
2019-07-09,144.10737119407457,144.7332117390929,143.76974739119052,144.53558349609375,1693250
2019-07-10,145.0296797562545,145.70492748145955,143.58860912232925,143.6627197265625,1979402
2019-07-11,143.96738828968049,144.1320873944182,142.65807440143402,143.7285919189453,2574410
2019-07-12,143.90150161865148,145.910766494736,143.90150161865148,145.86959838867188,2331229
2019-07-15,146.05077023938912,146.05077023938912,143.72034601146316,144.11561584472656,1769748
2019-07-16,144.10735688594679,144.84025043370238,143.53092345891116,143.9261932373047,2110329
2019-07-17,143.7532645067259,143.8191361354561,138.77125764309233,138.85360717773438,5809506
2019-07-18,140.48409867265983,143.18508911132812,139.74297942549293,143.18508911132812,4379808
2019-07-19,143.31687514035,144.10740161084388,142.39457870452296,142.4522247314453,3223212
2019-07-22,142.47689262089793,143.68739222519605,141.99104765477014,142.9380340576172,1871816
2019-07-23,144.28031465399636,144.59323496716533,142.84748304279373,143.9921112060547,2208259
2019-07-24,143.48975570317282,144.36263146738435,143.11918945180548,143.25094604492188,1858129
2019-07-25,143.73678746532363,143.82737595346646,142.4686419527982,143.094482421875,1866511
2019-07-26,142.88865795040857,143.0615960253692,142.18048106620344,142.9627685546875,1866193
2019-07-29,143.16862217349595,143.99210436100827,142.7733656549289,143.72035217285156,1612508
2019-07-30,143.46503677887245,144.06617367077104,142.7403822603202,143.2097625732422,1520944
2019-07-31,142.8556496794413,143.2673972885765,140.1299698289344,142.01571655273438,3073611
2019-08-01,141.54639189439425,143.1274580071533,139.37242765580584,139.61947631835938,2919448
2019-08-02,139.07597304191557,139.2077296507085,137.22315489626823,138.351318359375,2286137
2019-08-05,136.02089392018127,136.6879025854572,132.48820901515765,133.41049194335938,3496419
2019-08-06,134.53041528254076,136.30910948505198,134.40688429759507,135.47740173339844,3824693
2019-08-07,134.1927866294338,134.91744127817236,132.6364242590785,134.546875,3267031
2019-08-08,135.5350469458453,137.8819356712952,135.2138877175147,137.52784729003906,2576957
2019-08-09,137.42901216828787,138.07133058910998,136.0785303561074,137.2478485107422,1912028
2019-08-12,136.21850950355494,137.41254449202262,135.3950407754089,135.6173858642578,1581102
2019-08-13,135.79856195337624,140.0147200945134,135.4609381441219,138.3266143798828,3418330
2019-08-14,136.72083466488388,137.3466751749494,135.03271574474394,135.08212280273438,2607195
2019-08-15,135.16489445134624,135.63663298631684,133.32760898759244,134.29591369628906,2355844
2019-08-16,135.57045930458693,137.0187698040483,135.08215997398236,136.58013916015625,1854840
2019-08-19,138.3842686800118,138.48357922150194,136.96906666654516,137.26699829101562,1747679
2019-08-20,137.06011486702502,137.2587493747131,135.22282941227098,135.28903198242188,1831498
2019-08-21,136.5552915443535,136.5552915443535,134.71799255918364,135.5538787841797,1837864
2019-08-22,136.2904597628512,136.47253359920018,133.7248787592499,134.81732177734375,2058340
2019-08-23,133.6421224405659,134.30420184430253,128.68475366515992,129.51235961914062,4607817
2019-08-26,130.6544355427967,130.78685408052846,128.20471269268583,129.85992431640625,3282734
2019-08-27,130.85305885309128,130.92754176957857,129.3054381026362,130.3316650390625,2684542
2019-08-28,130.07511101329715,132.41724305228524,129.48751461636218,132.04481506347656,2507567
2019-08-29,133.64208446521255,135.72764605311355,133.1951736254423,135.3966064453125,4158377
2019-08-30,136.55530662137394,137.08496747490886,135.81045052945333,136.24081420898438,3349153
2019-09-03,135.32213678953647,136.1083676588427,134.61040223300023,135.33868408203125,2970270
2019-09-04,136.70423620250475,138.8146389051994,136.70423620250475,138.3263397216797,4217157
2019-09-05,139.5429214427035,141.4877974593303,139.46015819545258,140.99951171875,4786808
2019-09-06,141.47957258053725,142.1747600124777,141.1237052163214,141.6533660888672,3530796
2019-09-09,142.2574920673444,142.9526793466946,139.91536009896177,140.41192626953125,5296300
2019-09-10,139.55950111889436,140.39538733245806,138.12773814490654,140.3705596923828,4479118
2019-09-11,140.51949815735784,141.81884233160494,140.03121239859192,141.7526397705078,4294398
2019-09-12,141.9595771518072,142.34855246813711,139.3691550932268,139.55950927734375,2946928
2019-09-13,139.8077292724108,140.01463066784282,138.6077092180732,138.7980499267578,2906716
2019-09-16,138.24362209636726,138.54983415162914,137.18427362619897,137.55670166015625,2575790
2019-09-17,137.7883774374302,138.03666716347186,136.77041769775002,137.7635498046875,2426719
2019-09-18,137.2918173551603,139.0297919185829,136.97732506099817,139.01324462890625,1943434
2019-09-19,139.10430219156882,139.6670708804859,137.82150525224188,138.02012634277344,2069162
2019-09-20,138.70712684561934,139.62576331932024,137.95400357689533,139.2947235107422,5358474
2019-09-23,137.99530010124226,138.88084146984022,137.55666958947398,138.3263397216797,2467356
2019-09-24,138.86433340609332,139.41055496349455,136.49737332402134,137.1842803955078,2799130
2019-09-25,137.32499705824918,138.44226796104618,136.77049508177498,138.15260314941406,1745345
2019-09-26,138.10288726181173,139.0380838782807,137.77184765031714,138.2353057861328,2103963
2019-09-27,138.92224693077733,139.4353604155337,137.63944982026825,139.0712127685547,2668203
2019-09-30,139.72499227403034,140.3125885394463,139.0877273424213,140.0312042236328,2206350
2019-10-01,140.32089032351467,140.82572342056355,135.74421747400672,135.88490295410156,2963585
2019-10-02,134.1883114416613,134.7593604833365,131.95377054827003,133.31105041503906,4795826
2019-10-03,132.92208032772768,133.68348362243228,131.45722276342272,133.6752166748047,3276580
2019-10-04,134.07243304547436,135.53730372572952,133.93174757814901,135.4214324951172,2908838
2019-10-07,135.13182215091618,136.19943769655856,134.51939796748198,135.049072265625,2349478
2019-10-08,133.50968764789383,133.5510625811145,131.25031884471895,131.275146484375,3626604
2019-10-09,132.9386329047066,132.97174088905138,131.38273182253323,132.28482055664062,1782904
2019-10-10,132.30138221295837,134.27936676476205,132.29311526493794,133.22003173828125,1711499
2019-10-11,134.90833388961053,136.84492985342982,134.6848851471528,135.33868408203125,2381839
2019-10-14,135.41320389826222,135.90975674546533,134.494554333697,134.88352966308594,1120310
2019-10-15,135.3304227200653,136.4063049448265,134.99938306618628,135.4297332763672,2986185
2019-10-16,135.40488520443654,136.00904219559527,134.63521511062353,135.4214324951172,3660238
2019-10-17,137.63117417141078,139.85744846106022,137.04357774771165,138.64085388183594,3504165
2019-10-18,138.3346173611367,138.5994544117535,134.42830436108005,137.02699279785156,4691636
2019-10-21,138.1856561523499,140.0643298067759,137.85461652734884,139.8160400390625,2688998
2019-10-22,139.6174189437852,140.7843446757729,138.94705934860752,139.8160400390625,3490796
2019-10-23,140.64365100430496,140.69330627996138,139.86570048753111,140.5691680908203,2524225
2019-10-24,140.6602178440025,142.1168083899098,139.8325986167769,141.90162658691406,2314041
2019-10-25,141.7195380908336,142.43127259838556,141.23125231036076,142.04229736328125,2069162
2019-10-28,142.32370429540174,143.77201443897061,142.32370429540174,142.9113006591797,2511599
2019-10-29,142.43127355355603,143.43268615617595,142.0505786608849,143.3085479736328,2879554
2019-10-30,143.37475436061004,144.8313448042609,143.21750819232423,144.50030517578125,2075740
2019-10-31,144.14448014189915,144.50034751181218,142.0423437186915,142.9527130126953,2273935
2019-11-01,144.24377260430356,145.89898442239078,143.9458275097659,145.75828552246094,3008147
2019-11-04,146.15552045848398,148.96939086914062,146.15552045848398,148.96939086914062,4650681
2019-11-05,148.7790578011106,150.48392490175632,148.33214685863848,149.5321807861328,5470728
2019-11-06,149.53216434890155,149.78045413347925,148.7376665152118,149.63975524902344,2909686
2019-11-07,150.45910381271793,150.61635001416488,148.4563049289511,148.6880340576172,2704277
2019-11-08,148.6880261493883,149.98737062966006,148.59698253299405,149.97080993652344,1736645
2019-11-11,149.54043793436267,150.1611422698202,148.79558201291997,149.6562957763672,1691871
2019-11-12,149.93771669745178,151.55154017980163,149.8797810681901,150.63290405273438,1927731
2019-11-13,149.6232577941869,151.27846998156892,149.39152862389832,150.58328247070312,1968367
2019-11-14,150.26718801430945,150.84939737350646,148.96970595145956,149.41883850097656,2343006
2019-11-15,150.4667927191725,151.33178515035937,150.2588627526041,151.16543579101562,3440505
2019-11-18,150.9075907698077,150.9075907698077,149.19424906941586,149.54356384277344,2552554
2019-11-19,150.12577858849502,150.29211447445078,148.8865068922319,149.80972290039062,2836265
2019-11-20,150.4834416507536,151.12387464801222,146.83218450423658,147.3977508544922,4446333
2019-11-21,147.15652069017602,147.78861853720497,145.88397655939357,146.82382202148438,3326341
2019-11-22,147.11496853866126,147.6472757880517,146.10026962658208,147.0401153564453,1965184
2019-11-25,147.9300296413109,148.00488280868905,146.35807273070475,146.8072052001953,2819608
2019-11-26,147.63067120738805,149.45215297644233,147.2647132444586,148.47903442382812,4858213
2019-11-27,148.53718703805404,149.4188089457269,148.15458623644398,149.22750854492188,1108533
2019-11-29,148.69523719709892,149.01960096472945,147.78034258994813,148.50393676757812,1732719
2019-12-02,148.50391257629454,148.67026191966855,144.9690900187564,144.98573303222656,3239764
2019-12-03,143.53853137723738,144.14569166851194,142.44065802803732,143.51358032226562,4005806
2019-12-04,144.69464192315004,146.37472466633383,144.01262840295112,144.06253051757812,3112337
2019-12-05,144.4451086882596,144.96909432370444,143.58012977964822,144.7279052734375,2484968
2019-12-06,145.47644317969804,146.57431650746918,145.33504489413713,145.9338836669922,2247198
2019-12-09,145.70099339472725,146.1833983710172,144.9274972897197,145.12710571289062,1651447
2019-12-10,145.1271192218382,145.38495128084065,144.43679771730103,144.7528533935547,2151496
2019-12-11,145.21030926432056,146.5410637690343,144.87762400444782,146.391357421875,2306720
2019-12-12,146.6658096357211,148.1795429558978,145.71765603273724,147.53912353515625,2416534
2019-12-13,147.53911157641707,148.7035165493948,147.07334958722598,147.19810485839844,2175262
2019-12-16,147.43935173960693,148.04649873047475,146.49950597184042,146.7157440185547,3403264
2019-12-17,146.59093071760597,147.4143423598914,146.22497297997234,146.9652099609375,3225228
2019-12-18,146.84880202620857,147.23971092029007,145.06060692294247,145.2519073486328,3835197
2019-12-19,145.55964603090666,146.89870865620702,145.1271430491412,146.7989044189453,2844117
2019-12-20,147.33949603234402,147.78861498689164,146.50776284581607,146.72401428222656,4617366
2019-12-23,147.53081798240126,147.53081798240126,146.225014478226,146.74069213867188,2734940
2019-12-24,146.7490101506396,147.09001695634157,146.15849273843588,146.64088439941406,663656
2019-12-26,146.84877564569464,147.13157221207697,146.15013266660944,147.11492919921875,1347152
2019-12-27,147.28133760313395,147.414414433266,146.62427496224015,146.7823028564453,1383438
2019-12-30,146.84880988968808,147.21476774481704,146.18343931593935,146.7323760986328,1771976
2019-12-31,146.765648379006,147.28131259243335,145.93391496561568,147.2147674560547,1834363
2020-01-02,147.63059854734973,150.37528191845715,147.33118588789506,150.36697387695312,3031701
2020-01-03,148.32929024149666,149.56854870723862,147.5557804237712,148.76177978515625,2976317
2020-01-06,147.91340636499513,148.3625253883095,147.1565396868912,147.63893127441406,3477852
2020-01-07,147.52251371563216,148.10470959456282,146.04203929565227,147.7221221923828,3185971
2020-01-08,147.7720401237558,148.9613965337005,146.99022221919313,147.84689331054688,2700776
2020-01-09,148.62866720198895,149.23582749090852,148.0963735429155,148.9364013671875,1898660
2020-01-10,149.62677473977675,149.62677473977675,148.16294323739132,148.61207580566406,1773674
2020-01-13,149.08619591299382,150.82448951478247,148.62043367831492,150.76626586914062,2399876
2020-01-14,150.11745530214338,150.7246156150015,149.30236503538856,150.0841827392578,2324863
2020-01-15,150.78285496360755,151.73933015826867,149.58517722700162,150.3170928955078,2759449
2020-01-16,150.95753386110383,151.78093237276954,150.36701641663774,151.5896453857422,2350539
2020-01-17,152.08867384046272,153.0867297452023,151.81419870437156,152.3964080810547,2767088
2020-01-21,152.23836495280392,152.45461643651444,150.10084156985602,150.48342895507812,2322105
2020-01-22,151.00741196050598,151.27356555645457,149.55190215576718,149.7515106201172,1996484
2020-01-23,149.5518961172181,150.15905645873082,148.90315516905233,149.360595703125,2582474
2020-01-24,149.64337813086178,149.92616126434427,146.79058227389612,147.3228759765625,2903957
2020-01-27,144.9441678212531,145.83411140156585,144.27879724572844,144.33702087402344,2643482
2020-01-28,144.81938079130487,147.00680594027858,144.08746523945746,145.9338836669922,2311282
2020-01-29,147.21471699378756,147.83019870080813,146.0752632098174,146.10853576660156,2333139
2020-01-30,144.55324398137307,148.68690571997084,144.55324398137307,148.3292694091797,3263742
2020-01-31,147.97162932126193,147.97162932126193,142.50722621123296,144.07086181640625,5835500
2020-02-03,145.1021768417764,146.06697347662475,141.94995486281408,142.49057006835938,3758805
2020-02-04,144.7861673058243,146.4329779694118,144.7196356217924,145.72601318359375,3175043
2020-02-05,147.13991509883994,147.73875400347532,145.88401366121835,147.13160705566406,2990004
2020-02-06,148.04643754243295,148.04643754243295,146.5160749690571,146.67410278320312,2575578
2020-02-07,146.25830912079485,146.9819034049342,145.3018337628494,145.7842254638672,3453025
2020-02-10,145.48479629497402,147.31458557214117,144.8110907470713,147.17318725585938,2546082
2020-02-11,148.2544150247087,149.66002266422598,147.381101093259,149.00296020507812,3128359
2020-02-12,149.27738589073158,151.07391543540305,148.91974966897718,150.69131469726562,3130799
2020-02-13,149.98438029347184,150.50005789603378,148.6203667816583,149.80972290039062,2106828
2020-02-14,150.1341106367572,151.2569351729868,149.6932861717077,150.3836212158203,2640829
2020-02-18,149.79308824049545,150.11745195943627,148.8365997016917,149.22750854492188,1929535
2020-02-19,149.56850013281098,151.1071842946272,149.29403855226735,150.4251708984375,2614835
2020-02-20,150.48341466486886,151.54801550129432,148.8865066776197,150.2921142578125,2479345
2020-02-21,149.3855496976991,150.53332527438292,148.67027707177883,149.61012268066406,2058764
2020-02-24,145.08555731276357,147.52250685751494,144.27046696188455,145.77587890625,3399762
2020-02-25,146.0836370554692,146.8405038358658,138.75615834525115,139.56292724609375,4341824
2020-02-26,140.21998317537145,143.1226948590036,138.70624968593847,139.04725646972656,3619814
2020-02-27,136.31284740439386,139.50721830630707,133.39442377226075,133.4195098876953,4192329
2020-02-28,128.56939077087569,135.6103973388672,125.95201455028213,135.6103973388672,10141144
2020-03-02,136.37968871221096,138.37826480836299,131.78046997236063,137.3413543701172,7156339
2020-03-03,137.37475019615363,140.63601033678677,134.2639930920444,135.3761749267578,6481119
2020-03-04,137.89323945523589,143.7718892514276,137.35805122839054,143.153076171875,4808983
2020-03-05,139.231226158627,140.41030028022183,136.48840621861908,137.9099884033203,5723777
2020-03-06,132.80065053150386,138.07722080346522,131.7720931831759,137.16574096679688,5327918
2020-03-09,127.52409336663126,131.50451256252887,125.21611739077747,127.82512664794922,6205789
2020-03-10,130.32542355882063,135.41802449480085,128.2348697729216,135.20896911621094,5811734
2020-03-11,131.1449740176426,131.68851549537249,126.73807634278941,128.2683563232422,5121341
2020-03-12,119.9060896119312,121.65379108949129,112.42188751787519,112.76473999023438,7607901
2020-03-13,118.86918188846309,125.16594352540965,115.41557098044919,124.94015502929688,6710613
2020-03-16,107.03661202514076,119.77229178972064,103.70007873590849,113.11595153808594,6250351
2020-03-17,113.91873695793133,118.71865841296305,108.86794765523267,110.21427154541016,9044813
2020-03-18,101.95237617866924,103.80042894022009,84.5422049279036,100.02069854736328,8099568
2020-03-19,98.46531134499735,102.37047168979802,93.67375052804432,99.47714233398438,7229760
2020-03-20,101.09105261802009,101.31682754670584,92.63683277236667,94.07513427734375,7216073
2020-03-23,89.88565246159371,92.88769949059471,84.52546437711506,86.85016632080078,8700624
2020-03-24,91.9846019213597,99.95380757267046,91.35742888881838,99.93708801269531,6152845
2020-03-25,100.58933358766068,113.17449752121895,100.17958255301224,108.4163818359375,7595805
2020-03-26,110.23935321481116,116.56119429146813,109.67907877765678,114.8971176147461,5935658
2020-03-27,109.89649442501995,113.06577794533864,107.15368146576388,109.77105712890625,4164319
2020-03-30,109.33622645119414,111.85326460979145,108.81777121677311,110.17245483398438,5342878
2020-03-31,110.24771928095052,113.81839443441633,108.70906628169203,111.87835693359375,5619056
2020-04-01,107.27075992064482,109.77943156358002,104.94605757665188,108.46656036376953,4505112
2020-04-02,107.53835026587694,111.34317365405406,106.31747045115227,111.05885314941406,3717956
2020-04-03,110.79962575500338,111.08393949118964,105.80736842910918,106.57669830322266,4277422
2020-04-06,111.6525781951521,113.1995910157919,110.80798996341846,112.05396270751953,5171632
2020-04-07,117.60649608641752,118.9277204037205,112.89019247366221,113.09088134765625,4298854
2020-04-08,114.28668558498478,117.38907791176983,113.06579889612998,116.44414520263672,4127927
2020-04-09,117.07129431180707,122.33949849440724,116.82043324801346,119.93954467773438,4631265
2020-04-13,119.37927781943263,119.75558297708355,114.1528789700912,115.34868621826172,3200294
2020-04-14,117.66501881230334,120.19041693415225,115.85877837047339,117.5646743774414,3699283
2020-04-15,115.0392767182755,115.37377621996738,110.80798934149304,112.75639343261719,3451221
2020-04-16,112.53896944490995,113.14105635285777,108.35785436077983,110.657470703125,4261719
2020-04-17,113.61768709211223,117.23853387333456,113.4504373720266,115.66643524169922,5040493
2020-04-20,113.55079085035173,115.55773349912552,112.79819412611343,113.47553253173828,2683269
2020-04-21,111.2762528477403,112.07066190015183,109.31112289252044,110.3814926147461,2565604
2020-04-22,112.23791787038407,112.64766888011856,110.17245003293468,111.24281311035156,2790112
2020-04-23,112.68112787417763,115.89222405616074,112.1877519713316,112.62258911132812,2956370
2020-04-24,113.47554411841607,113.92710761430847,110.68255857496449,113.32502746582031,3011012
2020-04-27,114.16963205825162,117.97444935390747,113.54245894203466,116.97097778320312,3329100
2020-04-28,119.84754782143447,122.5820009831652,118.8440900737112,119.37926483154297,3583952
2020-04-29,121.6705499017399,123.65239329904884,120.4245702783276,122.22245788574219,2812923
2020-04-30,119.98972415664548,120.40783498035668,117.5395844407383,118.6601333618164,4766649
2020-05-01,116.51101767074397,116.65318129626088,112.19611268877786,114.77168273925781,3905647
2020-05-04,111.97033698523578,114.0274451631823,111.0588502685918,113.05742645263672,4374503
2020-05-05,114.63789055178184,114.63789055178184,112.49715752738335,112.7814712524414,3312760
2020-05-06,113.81838611447073,113.81838611447073,111.20100357420397,111.25118255615234,2492820
2020-05-07,112.5724158877294,113.43372361156416,110.38987042792806,111.04212951660156,3285387
2020-05-08,112.61424274331003,114.83022760412065,112.38846098251234,114.48738861083984,2907564
2020-05-11,113.52569185628043,113.65948892021645,112.1793749769206,112.2880859375,2500140
2020-05-12,113.15778458499108,113.75151175867181,106.61851389177951,106.69377899169922,5167494
2020-05-13,106.30910427799724,106.31747082669557,101.9189338439045,102.83041381835938,6139158
2020-05-14,101.31411587637682,107.20241696152077,98.65217138203218,107.0255126953125,5544998
2020-05-15,105.61030552187356,106.6969886119722,104.22879106189629,105.64400482177734,4944578
2020-05-18,109.93173791892018,115.90427959769595,109.24098423714405,114.59857177734375,6793371
2020-05-19,113.93309074079939,114.07629569122113,111.14478445766026,111.15320587158203,4697896
2020-05-20,113.34343491535772,115.13772828307538,113.09914567798162,114.59017944335938,3129632
2020-05-21,115.85375709196897,116.91516908314938,114.80918793124944,115.98854064941406,2519132
2020-05-22,115.80320502400997,117.3784664072056,114.94396162378092,117.24368286132812,3138438
2020-05-26,121.11023424747634,123.20778669698873,120.80696790143753,122.09583282470703,4636782
2020-05-27,124.97684532498782,127.15021170945516,123.7216792553197,125.17058563232422,4553494
2020-05-28,126.35833520269168,127.37763328236503,121.87683313192449,124.30290985107422,3694190
2020-05-29,122.75289902618694,126.27408643267862,121.58197475560213,122.86241149902344,4387235
2020-06-01,122.55914808523336,124.49664607430813,122.07056969997427,123.14039611816406,2197437
2020-06-02,124.49667102524045,125.28851593494706,123.36787402666123,124.9684066772461,3846974
2020-06-03,126.56052802878955,130.04801701618487,126.40047339576878,129.18035888671875,3175255
2020-06-04,128.0515180853294,131.56429095032954,127.31021546219993,131.3368377685547,3998060
2020-06-05,137.23355888188297,139.60067850899998,135.23710420268532,135.936279296875,4800919
2020-06-08,136.10479439336677,138.40451597958744,135.68360086285958,137.2420196533203,3791377
2020-06-09,135.085469893433,135.6246040535722,132.70993557141514,133.18167114257812,3903525
2020-06-10,132.8616358379218,132.97113472831623,129.24777695511457,129.8290252685547,3511698
2020-06-11,125.22952636636208,125.36430990882751,120.53742799358604,120.8322525024414,4440179
2020-06-12,124.8504862607446,125.51596223953652,118.90320724739318,121.73363494873047,3832756
2020-06-15,118.03552120670308,124.75778711389657,117.681726351325,123.51947784423828,3516154
2020-06-16,128.13575735397671,128.38848159194873,123.13196473163306,125.60859680175781,4036575
2020-06-17,126.09718601131519,126.41729522417319,124.51349641375545,124.9599609375,3721564
2020-06-18,123.70482094941235,125.51595028464679,123.25835638176926,124.86731719970703,2739078
2020-06-19,126.74581441129135,127.06592357803416,121.91891948952853,122.45805358886719,5587120
2020-06-22,121.81783753767841,123.40995516907037,120.74801118902462,122.09583282470703,2684224
2020-06-23,123.738508565254,124.03333307916874,121.91052293422476,122.02845001220703,2450698
2020-06-24,120.30996434369766,120.7395859956006,116.3170414541733,116.54449462890625,3576843
2020-06-25,116.27492234486667,120.29311611355848,116.07274023886106,120.00670623779297,4264159
2020-06-26,119.88035623431627,119.88035623431627,115.85374723566753,116.42656707763672,10880873
2020-06-29,118.02709960071573,120.71431470220244,117.32791088866223,120.66377258300781,3152443
2020-06-30,119.83824096118313,122.58442669825465,119.63607246350556,121.80101013183594,3912968
2020-07-01,122.33173180770414,123.39314383284247,120.43634734656293,121.39667510986328,2768680
2020-07-02,122.63496647348596,123.95751719226763,121.76730850368304,122.1632308959961,2926769
2020-07-06,124.04175055227137,124.92626493104066,123.09827945858434,124.0164794921875,2479239
2020-07-07,122.98880533977731,123.07304677896664,121.52304248406232,122.12114715576172,2781942
2020-07-08,121.66625429660627,122.92983497070476,121.22820426798258,122.64342498779297,3806656
2020-07-09,121.9273561506626,122.58441735595744,119.05481532146219,119.0885009765625,3360399
2020-07-10,119.30753049087349,120.56269623412139,118.69258314987506,119.998291015625,2466825
2020-07-13,120.95021810835641,122.88771658738426,119.82983564762243,120.87440490722656,2743428
2020-07-14,120.87440846012524,124.93471760389714,119.86353847283958,124.75782012939453,2811438
2020-07-15,127.36918354933157,128.62434922939735,127.09120188956321,127.984130859375,3166661
2020-07-16,127.20913670092364,129.31511759168086,126.56893192984447,128.952880859375,3923154
2020-07-17,129.3066864008317,130.89037592080922,128.4306002250727,130.5702667236328,5184577
2020-07-20,129.82899778600782,130.46921634654595,128.48117569757426,129.21405029296875,5173648
2020-07-21,129.62678518996552,132.2718863328481,129.62678518996552,130.3680877685547,2540034
2020-07-22,129.82053633806652,131.08411653285137,129.65205352359544,130.24172973632812,1908315
2020-07-23,130.03114843158932,130.98304780642255,128.77598268238768,129.5004425048828,2785762
2020-07-24,129.72789317646476,129.9384899185788,125.54964399362059,125.87818145751953,4634766
2020-07-27,125.34747577170997,127.16703326428276,124.60617305570786,126.99855041503906,3584376
2020-07-28,126.77954903801802,128.1105145551138,125.8697634012873,128.05154418945312,4142356
2020-07-29,127.6808588733041,130.93249270003585,127.34390687579938,130.21646118164062,3513502
2020-07-30,128.8265338689416,128.94447458891548,125.54121383207467,125.65072631835938,2916795
2020-07-31,125.44853431641683,125.92026983211815,123.83114566407225,125.8276138305664,4308933
2020-08-03,126.46780899016457,126.56890685412233,124.09227512650006,125.11998748779297,2233829
2020-08-04,124.05016814099473,124.80831351637617,123.1656538381199,124.10913848876953,3266076
2020-08-05,125.3390275341861,127.20071226091062,125.13685905769414,127.049072265625,4347129
2020-08-06,127.13331346422369,128.8012443062434,126.64473510087953,128.53167724609375,2655365
2020-08-07,128.41375442637204,130.78928865138292,127.92516240895824,130.66293334960938,2673932
2020-08-10,130.70507680280699,134.68115787605512,130.70507680280699,134.3020782470703,3033187
2020-08-11,135.38874828233588,137.51998677479608,134.8664705420528,135.01809692382812,4003896
2020-08-12,136.90505535291,137.15776599351983,133.93141620019307,134.84120178222656,2832233
2020-08-13,133.57894711313295,135.247833448576,133.48575346529935,134.68023681640625,2731969
2020-08-14,133.8500230964021,136.28134154096838,133.81613325425647,135.78152465820312,3018227
2020-08-17,135.5697708320355,136.28985129512373,133.892408381963,134.49388122558594,2989049
2020-08-18,134.68868666897777,135.34100093261074,133.18922242350888,133.32476806640625,1983327
2020-08-19,133.4857420583453,133.9601587171732,132.29125880931232,132.87579345703125,2226084
2020-08-20,131.73211664361452,133.0197933226334,131.4864530372475,132.29971313476562,1697918
2020-08-21,132.1218376773091,133.646702330622,132.1218376773091,133.42645263671875,2660776
2020-08-24,133.93476102337996,135.07841662117482,132.58779375132278,135.01065063476562,2214307
2020-08-25,139.22099836453813,141.4744196553448,138.52633187409452,139.3819580078125,7851931
2020-08-26,139.6106279927289,140.99148453202682,138.3737929718669,140.0426788330078,3678063
2020-08-27,140.78819464837463,142.90606973698448,139.8563268663801,140.61875915527344,4542247
2020-08-28,140.8983049069311,142.91452387888512,140.16974885549735,142.6434326171875,13805520
2020-08-31,142.81289532896258,142.82135750342258,139.5174749806656,140.2460174560547,4840176
2020-09-01,138.75501471548256,142.45707165418753,138.5093373807105,142.29611206054688,4217051
2020-09-02,142.93997142225183,146.49800735193855,142.25378093388872,146.1083221435547,4362726
2020-09-03,146.87076199180117,147.25198504480787,139.83093163682324,140.8813934326172,3742890
2020-09-04,142.93145995358663,143.7277819518655,139.4242528060569,141.2117462158203,3529417
2020-09-08,139.9410509727595,140.99998856518943,138.3399307497903,139.1616668701172,2967405
2020-09-09,139.9918912342414,141.9403310902491,139.6614960930308,140.41546630859375,2978758
2020-09-10,141.72853104556603,141.72853104556603,138.78044385082978,139.1616668701172,2986609
2020-09-11,139.36498109784046,141.85561717391354,139.16166946511282,141.00845336914062,2245819
2020-09-14,142.33002608632287,143.6261652292947,141.78784342297212,142.71971130371094,2264174
2020-09-15,143.3974196492905,144.00736820304252,142.38083415469362,142.57568359375,1964123
2020-09-16,143.4143811187984,145.16798521142138,142.72819059821248,144.01585388183594,3344272
2020-09-17,142.3554104139052,145.24419338545428,141.22869330145295,144.30386352539062,2823745
2020-09-18,143.57532728413005,144.4140014606616,142.06740071524834,142.91455078125,5207388
2020-09-21,139.62761446700597,139.93259567031154,134.349863792453,136.70494079589844,4731636
2020-09-22,136.2643898923644,138.08575957188185,135.64596548125965,137.81468200683594,2653561
2020-09-23,137.5096937162657,138.8481982699373,133.7059812502254,134.5192413330078,2660564
2020-09-24,134.1211340144587,136.3237411456902,132.87582258524608,134.49388122558594,2374836
2020-09-25,133.55350998222838,137.28944312186488,133.1468730454887,136.8065643310547,2752128
2020-09-28,139.3056774109431,140.75431394037744,138.28062964174867,139.47511291503906,2665869
2020-09-29,139.40732544380342,140.8220581962081,138.4839199184243,139.36495971679688,2301627
2020-09-30,140.43240283880758,142.25378661063579,138.10273995533984,139.44970703125,3059287
2020-10-01,140.79669421198528,141.59301655397363,137.34031346909228,138.66188049316406,2556267
2020-10-02,136.916721296681,141.4744050398271,136.6879956922525,140.29685974121094,2482634
2020-10-05,141.46591349380063,143.38047702095068,141.25412597849754,142.93148803710938,1856750
2020-10-06,143.26186699712184,145.2187823207556,141.152454256234,141.3811798095703,2488894
2020-10-07,143.16021557561373,145.87956320859666,142.76204081590745,145.32891845703125,2154042
2020-10-08,146.0320712814772,147.29432047228673,145.26962526135978,147.21807861328125,2098552
2020-10-09,147.74333271964528,149.14960367562196,146.7860508140983,147.7263946533203,2797751
2020-10-12,148.30242635127524,149.92896044700842,147.50610422414965,148.55657958984375,3603474
2020-10-13,147.3451376315593,148.20076351193393,144.4563545142346,145.32891845703125,2456533
2020-10-14,146.63357083862687,148.21773953432518,146.38789343792,146.9554901123047,2530061
2020-10-15,144.913806054003,147.01474277793974,144.29538167942954,146.2268829345703,2585233
2020-10-16,146.81147438596653,149.43764288020236,146.38789926480058,148.13304138183594,3850157
2020-10-19,147.90430477796963,148.38718371665,144.90538902436515,145.36285400390625,2231814
2020-10-20,146.10832021699864,148.86155802401402,146.10832021699864,146.77757263183594,1676698
2020-10-21,146.20995736591306,148.43796402429365,146.1760675262525,146.44715881347656,1938447
2020-10-22,147.07404192201028,150.15767438214013,146.59116314967733,149.81881713867188,1996908
2020-10-23,150.79304587011933,151.33522846410028,147.11641644291467,148.7090606689453,2109162
2020-10-26,146.72673056284583,146.72673056284583,141.9826873052322,144.1598663330078,2465446
2020-10-27,143.2025967344717,143.88878727016134,141.18637714959286,141.2626190185547,2131867
2020-10-28,137.67915455040142,140.21212888838113,136.36606370381577,136.5270233154297,3430744
2020-10-29,135.8916631666193,140.4069808313286,135.0529752504448,139.44122314453125,3303530
2020-10-30,136.8489185186112,140.42389175980938,136.43380572808502,139.73770141601562,4657260
2020-11-02,143.33814742087694,147.82805167650764,142.41475535554787,147.07408142089844,4454396
2020-11-03,148.7005776399481,152.81773365583027,147.61622621908322,151.81809997558594,3946708
2020-11-04,149.47149007863896,154.54592790844728,146.7944944309427,151.56396484375,4582035
2020-11-05,152.8177514294919,156.1978895536636,152.67374359721498,155.26602172851562,4864791
2020-11-06,155.47783583942228,157.57031114538822,154.9271909397105,156.104736328125,3268198
2020-11-09,173.58145000937046,177.90191790922088,163.85613528884411,166.88047790527344,8207047
2020-11-10,168.9305952177744,171.988814357411,167.8462435863178,171.1077880859375,6241014
2020-11-11,171.3788599422676,171.92951848720503,168.0241493382765,168.8289337158203,3436049
2020-11-12,168.13953334457455,169.63751236843828,166.54792374205203,167.8756866455078,2822048
2020-11-13,169.23747261377113,171.84190446495413,169.23747261377113,171.53550720214844,2498867
2020-11-16,175.3229996139703,178.40407229899887,173.11858188707788,177.53591918945312,5197627
2020-11-17,176.10604125814075,176.10604125814075,173.08455035027492,174.76126098632812,3658116
2020-11-18,174.05483511704617,174.45486297723022,171.0418596122415,171.16952514648438,4692060
2020-11-19,171.31420884571855,172.85473832629697,170.13114283370155,172.53982543945312,3462043
2020-11-20,171.73122373857103,173.05898629608146,170.6503041169072,171.92698669433594,2502899
2020-11-23,173.33135577967263,174.73571780850372,173.1356065795159,174.12290954589844,2977590
2020-11-24,177.2891014065083,177.70616051161502,175.9613523316125,176.9401397705078,4300870
2020-11-25,177.03374533592026,177.57845611514742,175.7996132312252,176.76138305664062,2582792
2020-11-27,176.75287955924958,178.242356570236,176.6933115022766,178.2338409423828,1521686
2020-11-30,176.32733398659724,177.2465533774408,173.56118774414062,173.56118774414062,6860108
2020-12-01,176.25924460103187,178.59131417916848,175.271941551334,175.50173950195312,4027026
2020-12-02,175.32300828031057,177.9189383300097,175.3059770236215,177.0337677001953,2609954
2020-12-03,175.85066465405762,178.2593468287552,175.68043479898444,177.22097778320312,2948943
2020-12-04,178.21681888801396,181.19574527479858,178.21681888801396,181.0170135498047,3393927
2020-12-07,180.02120282789085,180.25951639808662,178.18277795238055,179.6722412109375,2753401
2020-12-08,179.00836996629943,181.3404532806412,178.65089271483575,180.49783325195312,2442740
2020-12-09,181.15320823755275,181.98729886943264,179.34881825945786,180.6425323486328,3126130
2020-12-10,178.94878953455293,181.11915860688126,178.92325642920008,180.4127197265625,3169419
2020-12-11,178.35300643984993,183.21293630992355,178.35300643984993,182.67672729492188,3311063
2020-12-14,183.84277515672127,184.43856605548376,180.18294236880294,180.31060791015625,3549363
2020-12-15,182.1405190156189,182.90652599185776,180.33612896090673,182.2852020263672,2655153
2020-12-16,181.62132589210955,182.42138159656568,178.08065706329685,178.99986267089844,3108836
2020-12-17,179.54458549242068,180.38719177246094,178.7360141676004,180.38719177246094,2279346
2020-12-18,180.68507420529306,180.8723215628763,177.56145096273033,178.77005004882812,7094058
2020-12-21,175.01660349274886,179.72332097287256,174.35272894147542,179.29776000976562,2618018
2020-12-22,179.22118016465447,179.7659048707033,176.9061277226186,176.98272705078125,2142796
2020-12-23,178.40410900739963,180.5574471891541,178.089182282092,178.72752380371094,2171549
2020-12-24,179.18710517035623,179.33180195524127,177.5444432219975,178.3359832763672,800949
2020-12-28,179.58712458639312,179.78288757338657,178.20830938751126,178.6849365234375,1820358
2020-12-29,179.9276016745098,179.9276016745098,176.93165719090274,177.9955596923828,1620784
2020-12-30,178.73604523385998,180.08932765008953,178.3615504266766,179.54461669921875,1699828
2020-12-31,179.5871750644367,181.28943303035507,178.45518874326848,181.03408813476562,1492190
2021-01-04,181.15318634473016,181.29786933184965,175.6378984343986,176.99118041992188,2470963
2021-01-05,176.1656426602219,178.89775430275424,176.1656426602219,177.42530822753906,2304598
2021-01-06,178.26793971667055,182.12352221317656,178.0806923066694,180.6595916748047,2915522
2021-01-07,181.1957568122485,182.14901111202383,179.41691373867965,180.9574432373047,2182795
2021-01-08,181.1191829165743,181.63836072154413,176.7529110805268,178.76156616210938,3478913
2021-01-11,177.1273989520494,178.41259752894888,176.88908535295562,177.34017944335938,3118173
2021-01-12,176.91462263510275,178.2934518259668,174.70170271739732,177.78277587890625,2651227
2021-01-13,177.27210994392317,177.56148978175634,175.6719983164513,176.19969177246094,2275951
2021-01-14,177.06778854857447,178.54873600459936,176.33581666823378,177.55291748046875,3884852
2021-01-15,176.63374738806255,176.91461156273323,174.65062556994903,175.3059844970703,4124638
2021-01-19,177.23799763773278,177.6805897551358,175.71448588615536,175.97833251953125,2818334
2021-01-20,176.9656712593584,177.60401268489142,175.90176888347006,177.1018524169922,2601996
2021-01-21,176.06344756584207,176.8720187198446,174.5654689139347,174.67611694335938,2870111
2021-01-22,173.85054501501676,174.0207748888422,171.40781384435127,172.13978576660156,3716365
2021-01-25,171.36526645686058,172.40363563613496,170.30986602228697,171.8163604736328,5026700
2021-01-26,173.49307125413213,174.2846250259517,171.0588556623778,171.126953125,2336216
2021-01-27,168.61614744134397,170.87161765153195,167.2713671640242,169.6970672607422,4359225
2021-01-28,170.7524765645324,174.7782881967464,169.9098564958669,172.6419677734375,3959334
2021-01-29,167.2543584773919,171.0248390495925,165.5861495955902,166.28407287597656,4917841
2021-02-01,168.13951208009988,168.3267594344018,166.2074567017724,166.44577026367188,3065229
2021-02-02,168.3778313760839,170.96524569291574,168.10546907339983,170.326904296875,2936636
2021-02-03,169.90987374185372,170.13968550178595,168.02038234116372,169.49282836914062,2026616
2021-02-04,170.08008690079953,171.46741783582235,169.2289649803521,170.72694396972656,2411971
2021-02-05,172.1227773079035,173.51860998493157,171.3142060338731,172.71005249023438,1982054
2021-02-08,173.47609835466628,174.39531788093967,172.40368016712605,173.51014709472656,2202318
2021-02-09,173.2888263791536,173.4590562759783,171.14399030823358,171.9440460205078,1903434
2021-02-10,172.77814263574953,173.07603805202157,171.2290974946019,172.06320190429688,2010171
2021-02-11,172.0802001953125,172.86323830683665,170.9737473774765,172.0802001953125,1813249
2021-02-12,172.24193859989606,173.45053777694815,171.6291302725365,173.26329040527344,2111708
2021-02-16,174.36124814871738,174.9655408705181,171.8248997959836,173.15264892578125,2422687
2021-02-17,171.38230923304104,172.08874816959428,170.10562630510293,171.8419189453125,3087722
2021-02-18,171.50148883884538,174.3272172886676,170.7780323566636,173.22076416015625,1872559
2021-02-19,173.7314031723647,176.03795348959525,173.05051115019143,173.25477600097656,2582898
2021-02-22,172.81221772000734,173.88463587037654,172.28452427437674,173.3058624267578,2339823
2021-02-23,174.4889017090684,175.1953405902686,172.75260920490615,174.51443481445312,2609317
2021-02-24,174.38677571615708,180.5574233911672,173.20370963794016,179.6126708984375,3545332
2021-02-25,179.48442534476936,179.9204094667859,174.62009038689325,175.07318115234375,2901835
2021-02-26,175.79132635350035,175.93666365401623,172.74792092928973,172.98728942871094,3889308
2021-03-01,174.67996765393104,177.9456486225495,174.13283177129534,176.29571533203125,2690696
2021-03-02,176.76588467683206,177.80885025839123,175.40661224387281,176.60345458984375,2652712
2021-03-03,176.21024012207528,179.05702996237324,176.21024012207528,176.97108459472656,2871490
2021-03-04,177.2617311134452,177.85160589351213,171.4142617280771,173.4916534423828,2969527
2021-03-05,174.8509230829508,177.35575944740484,172.49997732323627,176.60345458984375,3032126
2021-03-08,177.42411389116518,181.62163546081766,177.13345321732277,177.56089782714844,3412070
2021-03-09,178.66375845453925,179.47590897507158,176.5265348113797,177.4840087890625,2804541
2021-03-10,177.54384645118316,182.3226904835575,177.51820032222267,182.01492309570312,4596783
2021-03-11,181.05741543534583,183.59643709080652,180.55303243285496,181.6643829345703,3140242
2021-03-12,182.33973453058402,184.13500459873643,182.2627961642764,183.27157592773438,1951391
2021-03-15,182.6988307256606,185.5114206018981,181.83538804114625,184.8275146484375,2717221
2021-03-16,184.96427869943378,185.05832372313807,180.73257096026813,181.07452392578125,2734940
2021-03-17,182.51930648534753,183.31435026444046,181.1856663574035,182.1175079345703,2896742
2021-03-18,182.5192988025365,187.221190060795,182.24573089855934,183.8187255859375,4555828
2021-03-19,184.11796103177684,184.30603725759656,181.38230935445893,182.01492309570312,10727559
2021-03-22,180.4761165834989,181.81829621069323,179.12538363373397,181.3480987548828,3508197
2021-03-23,179.88623255463537,181.53616562551608,177.70625647788685,178.32177734375,2030542
2021-03-24,179.49296411368212,183.84436271746935,179.43313238288002,181.42501831054688,2718388
2021-03-25,181.41650444230123,182.98949927480353,178.03113245898595,182.8441619873047,2352768
2021-03-26,183.90422264672034,186.95618092863205,183.0664261064914,186.81939697265625,2694940
2021-03-29,186.0670725429342,187.79395769500888,185.6310884345164,187.11859130859375,3250798
2021-03-30,187.22117291641032,187.48618747401787,185.5541333595526,186.44322204589844,2597434
2021-03-31,186.52874771402773,187.3665443057191,185.2977058749552,185.57127380371094,2599450
2021-04-01,186.33214135310683,186.34068083608292,184.22055004241602,185.3404541015625,2238286
2021-04-05,186.97328943666497,188.1701317629713,186.682614877115,187.4520263671875,2396481
2021-04-06,187.70848137361958,188.97372255654113,186.80229979677273,187.3836212158203,1905556
2021-04-07,186.55437849036113,187.97349643362992,185.7507814159761,186.7937469482422,1821949
2021-04-08,186.52016589448317,188.0418820755751,185.20364638910038,187.95639038085938,2198074
2021-04-09,194.48777945917405,194.59890344628684,190.90577821609585,194.04322814941406,4097476
2021-04-12,192.89767922262942,195.96673027665804,192.82928032519672,195.42816162109375,2822366
2021-04-13,195.94961869317842,196.58224615232882,194.57323979777203,195.7700958251953,2917644
2021-04-14,194.9152212298625,197.47133586171324,194.9152212298625,196.094970703125,2319877
2021-04-15,196.8216642688723,197.23200235640581,195.40254608871686,196.48825073242188,2131973
2021-04-16,198.06125052590357,198.63403257416124,196.6677784422337,198.42886352539062,4348084
2021-04-19,198.08685254465283,198.42881933689029,197.05244036701654,197.45423889160156,3081568
2021-04-20,196.62501373265172,196.78744382174904,193.0173661624162,194.3424530029297,2175687
2021-04-21,194.17142576012418,197.19775119167218,194.00045622726077,197.0524139404297,1827466
2021-04-22,196.96695248811656,198.3604242884907,195.59912681362482,195.9923858642578,2669688
2021-04-23,192.5214931519958,194.01754922779318,189.97391839469242,191.92306518554688,5634334
2021-04-26,192.85492162947148,192.9831660988693,189.1532431482206,189.37551879882812,3831695
2021-04-27,189.80296640949322,191.28192992866386,189.025015460588,190.58091735839844,2956477
2021-04-28,190.41847948708482,191.61533556893465,190.21331048577417,190.5296173095703,2300142
2021-04-29,191.24772617419748,191.6324318990617,189.5123014319685,191.41015625,1898872
2021-04-30,190.65786588890853,191.13660283059866,188.965179947722,190.6749725341797,2352131
2021-05-03,191.70081195294605,192.1624560426745,190.00814002448593,190.81173706054688,2354041
2021-05-04,189.90556633439456,192.86349361291514,188.71727726958983,192.71817016601562,2999447
2021-05-05,193.45335058660652,194.2911471009835,193.00025980156101,193.36785888671875,2879448
2021-05-06,194.2740356683932,195.6162150909827,192.7352267389491,195.47943115234375,2178127
2021-05-07,195.02633096518514,196.3685103227699,193.52172155335379,195.59054565429688,2076483
2021-05-10,195.77011768143933,198.89047487802364,195.77011768143933,197.42860412597656,2537488
2021-05-11,194.96649468318083,195.99236730197177,191.7093539626336,195.90687561035156,3586392
2021-05-12,193.7525612800766,194.2825904337971,187.98204464109435,188.1102752685547,4453123
2021-05-13,187.86990740236,193.05535931875758,187.79264246060973,192.03372192382812,3081887
2021-05-14,193.80227277138454,195.93997776015206,193.0467748430777,195.1930694580078,2208259
2021-05-17,195.62233209581996,195.62233209581996,192.9437585893731,194.42898559570312,2183644
2021-05-18,193.48460850070984,194.01690123770223,190.78885580663072,190.8661346435547,2546824
2021-05-19,189.4495498575963,190.1363724005851,186.10990912129648,190.00758361816406,3236262
2021-05-20,189.2950422342557,191.35548230712405,189.2778768808158,190.70301818847656,2342476
2021-05-21,191.44990343882475,193.70780735011263,191.15800907107493,191.62161254882812,2413351
2021-05-24,192.7377331932397,193.61343043693793,191.59591038409974,193.1669921875,1924124
2021-05-25,193.16699259283575,193.7765503732976,191.78478529997258,192.3428192138672,1914681
2021-05-26,193.1326005477276,193.15836942421922,191.71604899141877,192.54022216796875,1854416
2021-05-27,194.61784773903622,198.95338490708798,194.53200707750995,198.5498809814453,7052361
2021-05-28,199.17661231485698,199.38266606310083,197.7257159457724,198.24082946777344,2683587
2021-06-01,199.9406927983311,200.62750153715191,198.75593590965408,199.99220275878906,2370274
2021-06-02,200.9108157963702,200.9108157963702,197.88882405430496,198.09486389160156,2361149
2021-06-03,198.0691480356271,198.86758036100528,196.14607211014496,196.7727813720703,2462899
2021-06-04,197.25352701006994,198.1034552454018,196.76416849315152,197.5024871826172,1379300
2021-06-07,197.0389018451171,197.76863092418998,195.33903143828132,195.90565490722656,2156376
2021-06-08,196.00868611794388,198.16357056953123,195.26177774283968,197.2964630126953,1825557
2021-06-09,197.30501665140966,197.8029508442987,195.3990927397809,195.5793914794922,2093777
2021-06-10,196.70407025979156,197.51107816721932,194.15427163718942,194.2401123046875,2359240
2021-06-11,195.52791230466948,196.0258465759424,192.2741116410677,193.32151794433594,2120515
2021-06-14,193.0982771425368,193.12403212093153,191.21812202250993,191.5958709716797,2743852
2021-06-15,191.46706937026494,192.18823651520808,190.3080676219056,191.02064514160156,2188843
2021-06-16,191.02066526699755,191.36406962515488,187.67243455251713,188.00726318359375,3238490
2021-06-17,188.18757422254893,189.04609218692687,184.34998446674322,185.6892852783203,2573349
2021-06-18,183.37984305013867,184.83075331101452,181.97188092274536,182.4354705810547,5757304
2021-06-21,184.3585705551329,186.66798494690377,184.0151661557884,185.4403076171875,3047616
2021-06-22,185.1655609127496,186.12709869901764,184.4787521794358,185.00244140625,2239665
2021-06-23,185.15698010939883,185.7579482039893,184.20403190408612,184.28988647460938,2370486
2021-06-24,185.25999325482562,187.19165833016157,184.2812762784347,186.89117431640625,3569522
2021-06-25,187.04572605707926,189.02032559330192,186.5821363921242,187.7926483154297,5537465
2021-06-28,188.118915609163,188.96884402168183,185.69787749973668,186.11856079101562,2504278
2021-06-29,186.32456256340987,187.46639910738418,184.94234157318914,185.39736938476562,3185016
2021-06-30,185.03680332345382,188.75419381525978,185.03680332345382,188.31634521484375,3041144
2021-07-01,189.37230212348004,189.95609091372876,188.58245960208902,189.40664672851562,1729642
2021-07-02,189.72427887479182,190.6343065825657,188.62537670507976,190.00758361816406,1636805
2021-07-06,188.9516377015248,189.68995638484907,185.38018785980267,187.63809204101562,2053672
2021-07-07,187.18306557650726,190.23940172066807,187.1659002242344,189.50965881347656,1658555
2021-07-08,187.63809509237606,189.48391962884668,186.41041787623942,188.2905731201172,2551387
2021-07-09,189.75863372930107,192.8235456140015,189.50965967532377,192.60032653808594,2293670
2021-07-12,191.34690816928293,193.76793187707148,190.7030197724714,193.18414306640625,2192344
2021-07-13,193.8967232310206,193.8967232310206,192.05948817798642,192.3771514892578,1503755
2021-07-14,192.45440726339922,196.39500273059866,192.45440726339922,195.54507446289062,2792340
2021-07-15,197.45956002264236,200.40428674959645,196.6353867956903,199.8719940185547,5885155
2021-07-16,199.33973999803672,200.77347107147324,197.13334555946872,197.74288940429688,3811961
2021-07-19,193.74217311718166,194.54918100403282,188.88294654375565,189.4409942626953,6479633
2021-07-20,190.28232783904454,198.5498844968134,190.16214257133737,197.16766357421875,29959563
2021-07-21,196.77275275243045,199.23671079742667,196.3692487839956,199.04783630371094,4832537
2021-07-22,199.78613467184968,201.1082559011881,197.5711510890166,199.8118896484375,3904692
2021-07-23,196.60104914651436,198.4211047908356,194.1800254389225,196.8757781982422,4146812
2021-07-26,196.15460619478145,197.2535223749815,193.35583358386123,196.815673828125,2946079
2021-07-27,196.32632427775184,199.40841570042335,195.81980039606444,197.7686309814453,2299293
2021-07-28,197.51967928157333,199.41699998748084,196.91871117970288,197.8802490234375,1818448
2021-07-29,199.94068801490002,200.24974777025378,198.60997700404707,199.93209838867188,1593516
2021-07-30,199.85483054861209,200.84212328486657,199.2452867739096,200.71334838867188,2373775
2021-08-02,201.87233936514085,203.34899052636743,199.3654612917764,199.53717041015625,2148843
2021-08-03,200.1810586482637,200.76484741192954,197.95748533243923,199.73463439941406,1891763
2021-08-04,199.00489355425174,200.01794122504793,196.5237704343957,197.10755920410156,2465764
2021-08-05,197.05606808472243,198.79028310630832,196.55811992837857,197.35655212402344,1556699
2021-08-06,197.45957403220265,198.22366162842215,196.60963186688053,197.18484497070312,1408371
2021-08-09,196.40356014369192,196.87575324758257,195.35616792840656,195.93995666503906,1453358
2021-08-10,196.09453544682583,199.2367126538807,195.8455613620915,199.07359313964844,2534517
2021-08-11,199.69172121600943,201.4774461977485,199.06499815718536,201.04818725585938,2226509
2021-08-12,201.2808959588019,201.47913342267853,198.8502194219289,199.9190216064453,2034149
2021-08-13,199.84145850355694,200.53962950763668,199.23809429915974,199.76388549804688,1490387
2021-08-16,199.85006902296934,201.5222353530821,198.3933879008145,201.47052001953125,1903965
2021-08-17,200.99646155429647,201.43605588194544,196.81604536785008,199.49668884277344,2842525
2021-08-18,198.2123720481731,199.53114097446777,196.7298332460095,196.88497924804688,2711173
2021-08-19,196.1609185952541,197.59174182983165,194.83352601181699,196.2902069091797,2063751
2021-08-20,196.63503421913407,197.1521875796869,195.2386782821746,196.26438903808594,2207941
2021-08-23,195.8765329285003,199.63460256457657,195.8765329285003,197.479736328125,2274041
2021-08-24,197.25562959529918,199.03985052905634,196.79017762247366,198.62611389160156,1342589
2021-08-25,198.98812861180738,200.26379211474276,197.2125176563509,198.81573486328125,1914256
2021-08-26,198.3157948181097,199.26393249472522,197.7555360856285,199.00535583496094,1382589
2021-08-27,199.60873202223655,201.31537994310182,198.81574029364063,199.22947692871094,1765080
2021-08-30,199.29841436229955,200.6430409042633,198.72953175539368,199.85867309570312,1398716
2021-08-31,199.47943656851962,200.53101896301757,198.7381741040735,199.89317321777344,2075634
2021-09-01,200.7896186764484,200.99648004755633,197.64352291540112,198.07449340820312,2635842
2021-09-02,199.03982480402232,199.4880289708033,198.04858177705637,199.08291625976562,1691765
2021-09-03,199.1088131997333,199.1088131997333,196.32473900197814,196.83328247070312,1721366
2021-09-07,196.26439051269298,196.26439051269298,192.01501136863777,192.15292358398438,3418966
2021-09-08,191.99776806065722,193.85093807003616,191.19616643101014,193.4199676513672,2576745
2021-09-09,192.99763067004884,193.91991076077906,191.63575626505693,192.15292358398438,2056112
2021-09-10,192.18737904072418,194.10088809289155,191.53229959536452,191.6702117919922,2501732
2021-09-13,193.3510362503799,194.5491408222738,191.53233366052794,192.73043823242188,2940455
2021-09-14,193.11831178468347,193.17863704171657,189.37747603314816,189.79119873046875,2864382
2021-09-15,190.1704667172942,192.13570548060594,189.7481201170159,191.08413696289062,2145024
2021-09-16,190.7221018941694,190.84278031669888,188.35176445109596,189.3257598876953,2539504
2021-09-17,189.50673858672695,189.50673858672695,187.47255110193254,188.3258819580078,4659488
2021-09-20,186.25722192738525,187.7656183560603,184.61953716714993,185.94692993164062,4253019
2021-09-21,186.8605811457565,186.9898694739023,184.75743053847137,185.23150634765625,2725391
2021-09-22,186.55893353674657,188.27420552193774,186.45550285512505,187.05885314941406,2420247
2021-09-23,187.30021046588826,190.80831350148807,187.30021046588826,189.36886596679688,2312980
2021-09-24,189.403320826222,190.3256008671186,188.30864703683488,188.9292449951172,2067995
2021-09-27,188.71375940840747,189.4808934468176,187.6708149092491,187.8173370361328,2333457
2021-09-28,186.7140544484064,188.2052171198808,184.8608844399422,185.29185485839844,2816000
2021-09-29,186.03313193600883,186.5330654753172,184.9298481360217,185.24876403808594,2237649
2021-09-30,186.32619136804237,186.39514049573228,182.8180748220266,182.9732208251953,3113398
2021-10-01,183.57658723751518,186.54167885410706,182.42158816458374,185.8779754638672,2415367
2021-10-04,185.53317151855862,186.71402806555457,183.7575608072849,184.63674926757812,2792764
2021-10-05,184.11963652999546,187.0847145837545,184.11963652999546,185.93833923339844,1655266
2021-10-06,184.25754958296656,187.03300007750744,183.69729074074826,186.92095947265625,1841790
2021-10-07,187.90352676405317,189.50674390646648,187.653560025096,188.22244262695312,1965609
2021-10-08,188.4896808679443,189.23956722483555,186.81750043635705,187.6449737548828,1426833
2021-10-11,187.36915815439218,188.0931868763907,185.54184557680216,185.5677032470703,1437867
2021-10-12,185.92108986823354,186.38652790591786,184.3954455479113,184.74021911621094,1468106
2021-10-13,185.5676894027997,186.7657799751609,183.54211158012166,185.81764221191406,1697812
2021-10-14,187.17952196605125,188.57586400519602,186.63649696094174,188.41209411621094,1512456
2021-10-15,189.88597985953461,190.8772088876679,188.98955761158996,190.2480010986328,2313617
2021-10-18,188.40346754920753,190.89448325299216,187.76562184418097,190.17044067382812,1998181
2021-10-19,190.79964561258683,191.21338219912337,189.1619609669212,191.1616668701172,1697176
2021-10-20,191.54957075368054,192.80801456046726,190.34285624089662,192.76492309570312,1757971
2021-10-21,192.74763388881462,193.81644990266966,190.69621268106977,193.5233917236328,2810801
2021-10-22,192.18741121415925,192.9890129089193,187.24847083692555,187.38638305664062,3712015
2021-10-25,186.87784292215287,188.76549465921232,185.8779897772888,187.50706481933594,2875734
2021-10-26,188.07593639353422,190.03255110334968,186.84335034147603,188.1793670654297,2592978
2021-10-27,187.9897609751319,188.0414763169831,185.50736874831125,185.93833923339844,1747573
2021-10-28,184.78330072485838,188.57583739647282,184.78330072485838,188.3172607421875,2066722
2021-10-29,187.9035414006143,189.88601376535513,187.09331587011405,188.4379425048828,2774833
2021-11-01,188.50692172301478,189.67054478275247,187.9638966981712,189.4205780029297,1801366
2021-11-02,190.09287972564877,191.32546579953697,188.98097207410186,190.6531524658203,2437541
2021-11-03,190.41180208104555,192.25634825038952,189.2654129318815,192.04086303710938,2182795
2021-11-04,191.92879711833618,193.7992147987278,191.42025371967378,191.77365112304688,2461520
2021-11-05,193.282063819527,196.1868162890155,192.92005646666945,194.85079956054688,2471281
2021-11-08,196.3592206632409,196.72985191032254,193.40275269776842,194.56637573242188,1820039
2021-11-09,194.54050794770353,196.74707547514143,194.23882585003662,196.3074951171875,2513509
2021-11-10,196.74033374529495,197.29436661237767,194.93109381369416,195.13018798828125,1405613
2021-11-11,195.20810794653096,195.20810794653096,190.96633384592263,191.32125854492188,1693144
2021-11-12,192.12632791786515,192.64573022967312,190.01408811256744,192.515869140625,2317861
2021-11-15,192.72363700058906,193.9442275188265,191.86661828748078,192.5851287841797,1281582
2021-11-16,192.71497106888597,193.28631219182998,191.36453351094357,191.6328887939453,1749059
2021-11-17,191.3039572311566,191.56365140338522,190.10067486530627,190.87112426757812,2012293
2021-11-18,190.0140823706656,191.26930341837132,189.5985717456111,191.05288696289062,1791286
2021-11-19,191.32122791149283,191.485705526518,187.99707308615183,189.13975524902344,2223962
2021-11-22,189.0012390827044,191.3558504032938,188.74153095765251,188.83676147460938,2601148
2021-11-23,188.1615810959506,189.11381638549673,186.24844937315476,186.98426818847656,4266705
2021-11-24,186.2397820293328,186.90635371722203,183.38307625579714,183.70338439941406,3465226
2021-11-26,177.41863217519486,180.92458735922628,175.35834516125547,180.24070739746094,4093126
2021-11-29,181.97201420471745,181.97201420471745,179.19323106559406,179.7645721435547,2756584
2021-11-30,178.52669416330713,178.73446351417692,174.09447288029736,175.0726776123047,6026798
2021-12-01,178.0245866366395,178.22368079806873,172.42371442253415,172.6314697265625,3313609
2021-12-02,173.96457905110492,177.8514275177319,172.7007110715965,176.59620666503906,6371199
2021-12-03,176.60493103303156,177.01179461237749,173.99927189627584,176.16343688964844,3762200
2021-12-06,177.66100300639079,180.13681447369498,177.3493560317538,178.5439910888672,4643360
2021-12-07,179.4788755372571,181.4439455546196,178.1197770877175,179.32305908203125,5078689
2021-12-08,177.3234144392995,177.74760027647417,175.31506611145724,177.15895080566406,5302241
2021-12-09,177.0983240780529,179.33174969584542,175.6872865782061,178.32757568359375,5296512
2021-12-10,179.05478005124183,181.82491694765153,178.1717917329274,181.6258087158203,3618222
2021-12-13,181.61710661775138,182.4394947650936,180.57831602693415,181.12368774414062,3068730
2021-12-14,180.77736171063043,183.12332557968597,178.24961198952988,178.9161834716797,4021827
2021-12-15,179.66935744309956,182.1365078559104,177.66967050156103,181.58248901367188,3132072
2021-12-16,182.8723213481367,182.89829076163787,181.18426742617925,181.45263671875,3175785
2021-12-17,181.32278013580085,181.88547413361212,177.21086746905533,177.60906982421875,5919425
2021-12-20,174.96879368215133,175.42759604275773,171.48880783868802,173.00372314453125,3594031
2021-12-21,174.1290520150843,175.54008929038264,173.40189453878415,174.57919311523438,2788520
2021-12-22,174.18966887292012,174.8648875960427,173.20280319269847,174.72637939453125,3300877
2021-12-23,175.90373408387592,178.5959624915108,175.7305952869643,177.65237426757812,2521042
2021-12-27,178.05921160039307,178.8815997423975,177.38399281556633,178.69981384277344,2638070
2021-12-28,178.734446470026,180.15413115580867,178.51803001065466,179.2365264892578,2091443
2021-12-29,179.98097852509883,180.09351730891115,178.7257576492124,179.6520233154297,1819085
2021-12-30,180.1454861263826,180.83801319852165,179.1153426465892,179.28846740722656,1350759
2021-12-31,179.0720672556667,181.0890767125071,178.65654256565932,180.50042724609375,1630227
2022-01-03,179.93771575593826,181.2275673914466,177.9466899239164,179.02011108398438,2735895
2022-01-04,178.94219716487763,181.40068639806697,178.02459252202507,180.92457580566406,3455040
2022-01-05,181.39203301750615,186.62065828479663,181.0284472211753,182.7078399658203,4337899
2022-01-06,183.3484337699552,185.55587581530833,182.3269375389088,182.5000762939453,3469894
2022-01-07,183.65140772103257,188.11824436155203,183.14931377273498,186.76780700683594,3243159
2022-01-10,186.6985944318956,187.3824744286447,183.4004084181048,184.7854766845703,3664376
2022-01-11,185.61649410513456,187.8412586544963,183.10606599803432,187.2526092529297,3744800
2022-01-12,188.27409630306227,189.745733858769,188.15291037136126,188.9320068359375,3294193
2022-01-13,189.0618419845796,192.08302515039017,188.77617843767987,189.9534912109375,3270533
2022-01-14,188.37795060207975,188.68958352016173,186.43018880489882,188.41256713867188,3547029
2022-01-18,186.0147078253955,186.93231247204454,183.5735128382883,184.8979949951172,3241355
2022-01-19,185.60784098242175,185.9194739444355,182.30964137901157,182.42218017578125,2774303
2022-01-20,183.24455813087047,185.64244722712291,180.6908385474603,180.85531616210938,2725391
2022-01-21,181.14964727985375,181.44397196527453,177.4272759917334,177.5484619140625,4711689
2022-01-24,176.7693776061057,177.27145762975886,172.25058731925319,176.9857940673828,5769824
2022-01-25,173.74818110509113,176.41443955418606,171.32430851365996,175.1245880126953,5557306
2022-01-26,175.86039229847904,178.23232586970227,172.02548255878497,173.69622802734375,3594244
2022-01-27,175.79114520831143,177.31472133992432,172.4929459654921,173.69622802734375,2917750
2022-01-28,173.46254679431004,174.90820104136893,169.7141914744362,174.85626220703125,3599230
2022-01-31,173.61833326074475,177.44458215537458,172.53625104125362,177.01174926757812,3498966
2022-02-01,176.53559086204365,178.17170559157395,174.44068793472758,177.75619506835938,3239551
2022-02-02,177.82548684522934,179.9204043138722,177.15026806050543,179.6693572998047,3008890
2022-02-03,173.27209670104585,173.99925438385748,165.84466132825293,165.98316955566406,9209374
2022-02-04,166.09565290088105,166.89205742405142,162.77148458266797,165.7753448486328,5814174
2022-02-07,166.33806997834608,168.4502956121274,165.17806549496643,166.6237335205078,3668726
2022-02-08,166.62373892790907,168.85716457101148,165.3858401803786,168.42433166503906,2902684
2022-02-09,169.77477815520783,170.5538886388416,168.5368793424577,170.20761108398438,3406341
2022-02-10,168.03475384178182,170.5105650186214,165.35984852444295,165.9917755126953,3882836
2022-02-11,166.04374219905807,166.97865506168452,161.490321761333,161.8712158203125,5648234
2022-02-14,162.20882169269785,163.10911795696663,159.75031873856474,161.61151123046875,3349365
2022-02-15,162.90138605976358,164.4163014030078,161.47304011052108,164.07003784179688,3001039
2022-02-16,164.0786868831267,164.3037644879701,161.70675293345508,163.6631622314453,3273822
2022-02-17,162.295391723089,162.64166925088983,159.54257787471226,159.7936248779297,3263530
2022-02-18,159.22228459756278,160.2004891875876,157.0234755408825,157.66407775878906,5345742
2022-02-22,158.5210723520936,160.3909260458946,156.63392440362205,158.0363006591797,4252488
2022-02-23,158.91066440619247,159.1790197264968,154.78142890156806,154.91993713378906,3800926
2022-02-24,152.28249463131087,159.01965047290736,151.82116605838692,158.71499633789062,6259582
2022-02-25,158.5060719689899,164.9646991503553,158.47995956681,164.1290740966797,5306061
2022-02-28,161.9443116975156,165.33030026413869,161.9443116975156,165.1649169921875,4361877
2022-03-01,162.46656399037536,165.25195294482714,159.2285412279472,159.81173706054688,5796243
2022-03-02,161.32631975966746,163.85927973394456,160.2991988180828,162.28379821777344,5666483
2022-03-03,164.92121053853728,166.9928419387129,162.8756915471049,163.22386169433594,5329297
2022-03-04,161.59616906508577,163.35443761777353,160.61257809891177,163.14553833007812,5370782
2022-03-07,162.80604514931815,163.0323479694109,158.43645180316358,158.55831909179688,3749362
2022-03-08,158.58442024435178,162.78861593247223,158.52348660435902,159.49838256835938,4854075
2022-03-09,162.2141511735689,162.97142508533688,160.93461501824828,161.3785400390625,3076263
2022-03-10,158.88909160033774,161.12610612324008,158.6105498661009,160.47328186035156,2605179
2022-03-11,162.23155554058349,162.71028767094967,158.44515810821713,158.62794494628906,2891756
2022-03-14,159.6986042112957,161.21316621562443,159.04577989155726,159.46359252929688,3185228
2022-03-15,161.1435116993323,163.78964411549717,160.8475663875146,163.45887756347656,4162091
2022-03-16,165.03435314278138,166.47056366952773,162.35341367369,166.27906799316406,4384795
2022-03-17,165.07787022757012,167.65436008897638,164.6861841314513,167.06246948242188,3345864
2022-03-18,166.92320099054476,169.66506007020405,165.20844870014812,169.49098205566406,9282265
2022-03-21,168.48997789473336,169.22115348719316,166.70559717123132,168.01124572753906,3714137
2022-03-22,168.11569454431122,170.53551005191704,168.11569454431122,169.7608184814453,2514040
2022-03-23,169.24726812107414,169.699887886775,167.13210672213893,167.4193572998047,1926882
2022-03-24,168.15051687596014,169.49098667506894,167.16692604053446,169.46487426757812,2331866
2022-03-25,170.03933693782403,172.65934251215566,170.01322453407818,172.16319274902344,2698229
2022-03-28,171.55388665726943,171.77149472182546,169.08186073494826,171.57130432128906,3470001
2022-03-29,173.28610291756488,173.55593586263998,169.58675073580213,171.9456329345703,3554668
2022-03-30,171.5800093344558,172.50268054802135,170.3352945127404,171.07516479492188,2575578
2022-03-31,171.1883414895802,172.5288113360763,169.34301295779701,169.36912536621094,3475836
2022-04-01,170.5180671403106,170.7008680564591,168.4290325879977,170.6312255859375,2426083
2022-04-04,170.021947109037,171.15351767118722,168.3768372197983,170.66607666015625,2176323
2022-04-05,169.42134820364248,171.01424737417184,168.07218363141345,168.54222106933594,2433722
2022-04-06,167.05378275541148,169.79565625088017,166.36613717305866,168.5335235595703,3121993
2022-04-07,167.55860327898907,168.51608157569032,164.02463536717158,167.73268127441406,2335792
2022-04-08,167.99382970176055,168.33329097341942,165.21713542516406,165.52178955078125,3053346
2022-04-11,165.61754724316995,166.4705618990212,164.27707752288092,164.74710083007812,2865443
2022-04-12,166.16592547574177,167.89808132305123,165.38252509610962,166.2442626953125,3287827
2022-04-13,166.97541149031474,169.74339683143324,166.53148652116187,169.6041259765625,2537169
2022-04-14,169.88271238984393,171.21447355578547,169.65639542962998,169.90011596679688,4536624
2022-04-18,169.11671608940736,170.50070196816,166.3748426492743,167.18434143066406,2077438
2022-04-19,168.05475628086816,171.7889290690014,167.6195401094904,171.649658203125,3544483
2022-04-20,172.50270056711724,173.65167473217653,170.61385603401388,170.90109252929688,2782897
2022-04-21,172.31119991971843,174.60043935048904,170.135104861922,170.55291748046875,2565710
2022-04-22,169.38655500196626,169.40395857815076,165.68720293550837,165.93092346191406,3226289
2022-04-25,165.66976572278253,167.0363477967929,163.05845476724204,166.96670532226562,2543748
2022-04-26,164.9559930426531,166.13107934406926,163.26735342858012,163.35438537597656,3022789
2022-04-27,162.28378038544332,164.3205902859857,161.69187570876895,162.20542907714844,3239764
2022-04-28,163.45017984326435,165.96573630268938,161.24798638304517,165.3129119873047,3633395
2022-04-29,174.25224108579366,175.81901349149302,167.88065957232809,168.43772888183594,7690659
2022-05-02,169.29079529620373,174.88768659447115,167.0624893774894,171.3624267578125,7532676
2022-05-03,170.88366416761284,172.65064114268515,169.95229824048621,171.5103759765625,5686748
2022-05-04,171.90207294695674,179.65764024605295,171.78020566516614,179.17889404296875,5818206
2022-05-05,177.30750884168964,178.15182890316788,171.0142629043584,172.23287963867188,6110299
2022-05-06,171.7192808703375,171.84114815840607,168.1331019923497,170.10897827148438,3845913
2022-05-09,169.83046226745864,170.43106178226418,167.43677304212085,168.8294677734375,4012065
2022-05-10,170.8488421169499,171.6844672528783,167.31488818363246,169.53448486328125,5058318
2022-05-11,169.5867063813324,171.35369740565775,166.61853066985122,167.1407928466797,3484218
2022-05-12,167.0883419447799,170.38671517436305,165.0848223457345,168.78564453125,4233708
2022-05-13,169.21435048720647,170.56169681589918,167.04459924554263,169.3193359375,3434881
2022-05-16,169.38058502564837,170.85916319212197,168.2694559413936,169.69554138183594,2784276
2022-05-17,171.4540855988966,175.02367585882453,171.3053467696272,174.15753173828125,2890058
2022-05-18,173.0201647737331,173.8338162094005,169.07437173982848,169.61680603027344,3380240
2022-05-19,168.00698895013275,170.78916003114688,164.58612333192275,168.54942321777344,3316898
2022-05-20,169.31931809370744,169.91424502551,162.53884794860255,166.01219177246094,4121030
2022-05-23,167.90196937118606,168.13820076976535,164.91856708965602,165.86346435546875,3953286
2022-05-24,165.6272281413338,166.89583519057226,161.76017493303763,166.1959228515625,3015786
2022-05-25,165.46103736914654,167.25458619797203,163.34377864943085,166.61590576171875,2665232
2022-05-26,167.35076794090077,169.88798190514777,167.27202886924672,168.94308471679688,2375155
2022-05-27,170.59664638105605,171.82151414632742,169.76550229948018,171.78651428222656,2383430
2022-05-31,169.3455633110128,170.94663374121953,167.60450757469357,169.39805603027344,3717107
2022-06-01,170.1679437905287,170.36042178836934,166.57210805001753,167.90194702148438,2505339
2022-06-02,169.54676681710194,172.53018304857287,168.03320326175597,172.39019775390625,2663747
2022-06-03,170.91163213664345,171.6290515115842,169.38930080079922,170.44793701171875,2392449
2022-06-06,171.9965213392902,172.32898470759616,170.15923346893106,170.77166748046875,1682958
2022-06-07,169.4068223849409,173.22138331408405,168.11196882839627,172.8976593017578,2260036
2022-06-08,172.04028079354688,172.25025170125673,169.39808077167743,170.18548583984375,1791817
2022-06-09,169.06558520239,171.11284365553638,167.84947087685228,167.9894561767578,1776963
2022-06-10,164.76108270421255,165.0847925122839,162.91504161749913,162.97628784179688,3054301
2022-06-13,159.54671099861042,162.836330693287,159.52046463569562,161.3489990234375,5054922
2022-06-14,161.9788636089086,163.62367282373788,159.61663519795187,160.35154724121094,3663103
2022-06-15,161.34898168791113,163.85119606204879,159.91414289805198,161.83016967773438,3160931
2022-06-16,159.10048656286145,159.58167453753836,156.64201147818295,157.37693786621094,4698320
2022-06-17,156.95695783436403,159.55540365967562,155.89832178995005,157.21942138671875,5977250
2022-06-21,159.0129841799941,159.15296947555302,156.96572579041603,157.92811584472656,3114566
2022-06-22,156.13457567427045,157.280690291967,154.13105638811498,155.4958953857422,3084009
2022-06-23,155.05843002488785,156.26579073912202,151.287609087486,152.731201171875,3536737
2022-06-24,154.41100246106865,157.60437506784385,153.71982956431054,157.4993896484375,4408773
2022-06-27,158.34805336796617,158.47928515274404,155.20717321911167,155.98582458496094,2759343
2022-06-28,157.01821624468167,158.7592576604196,153.76358295724265,153.93856811523438,3375147
2022-06-29,154.02605213839306,154.40225462650176,149.9665071796432,151.53257751464844,2576426
2022-06-30,149.83528710408882,152.59997900862732,148.8904040566686,152.0662841796875,3047404
2022-07-01,151.92631367126384,153.43113805196703,150.1065188012609,153.20367431640625,2093459
2022-07-05,151.9963319021667,151.9963319021667,147.8230467735023,150.56149291992188,3549682
2022-07-06,151.15639527200204,152.45124871559048,149.67781731309609,151.54135131835938,2336216
2022-07-07,152.41624663271537,152.41624663271537,149.83529329091908,152.04879760742188,2924859
2022-07-08,152.13627830806908,152.52123435460024,150.06277342722078,151.65509033203125,1713303
2022-07-11,153.11620081390657,153.15118652266003,150.56149336941274,151.21766662597656,3420876
2022-07-12,150.2377777266646,154.6997585328097,150.2377777266646,151.89132690429688,2925814
2022-07-13,149.41535685605774,150.77145668318968,148.61921247608018,149.49411010742188,2118923
2022-07-14,147.61307188623675,148.54046226127696,146.41446437307653,148.3042449951172,1935476
2022-07-15,149.63408411382665,151.31387950700574,148.84666497375537,151.18264770507812,2321999
2022-07-18,151.48009829320503,152.4337490226883,149.19660847687837,149.56407165527344,1758077
2022-07-19,151.28761995386463,155.4608900410102,151.17388101402818,155.05844116210938,2605179
2022-07-20,154.69092708423784,156.2919968940709,154.13973958131982,155.95953369140625,1749377
2022-07-21,155.95958582359756,157.6831344522901,154.95345653896524,157.50816345214844,1966776
2022-07-22,157.91935429789459,160.0103659532747,157.65687657048989,158.76800537109375,2469053
2022-07-25,159.03046233082716,159.61664981653192,157.7968553067246,158.5842742919922,2059613
2022-07-26,158.92550631297004,160.5703159827488,157.840637877266,158.7242889404297,2465870
2022-07-27,157.78814180118067,161.87391952864763,157.08821527347368,160.68405151367188,3719972
2022-07-28,165.45229802361933,167.52580335867765,163.50127100423998,166.61590576171875,3876788
2022-07-29,166.6508462221027,168.96932152618973,165.23351468391556,168.38314819335938,3084751
2022-08-01,167.46453631552703,168.99562130323127,167.01834816438523,167.97198486328125,2475631
2022-08-02,167.2195470763724,167.41202509662617,165.05854964344456,165.46099853515625,3538966
2022-08-03,165.671015503276,167.90199893528543,164.30616208297357,167.5432891845703,2689741
2022-08-04,167.2195621626874,168.69814023252025,166.61588168853066,168.3656768798828,1804973
2022-08-05,167.60448508378457,168.72435321815672,166.47586344262618,168.2169189453125,1961471
2022-08-08,169.89676270657327,171.0078775596405,168.93437251355073,169.70428466796875,2204440
2022-08-09,170.2292057750907,170.52666922398538,169.20556947262082,169.8092498779297,2420778
2022-08-10,172.30273324634473,173.51009421583166,171.80403820864296,172.55645751953125,2800616
2022-08-11,173.215882260287,175.51957222398528,173.215882260287,174.5435791015625,2538655
2022-08-12,175.264578101657,176.71536481497967,174.30617943364408,176.61865234375,2395526
2022-08-15,176.40762204742123,178.22770679959706,175.3612939571355,177.83203125,2448682
2022-08-16,176.22298206119865,179.5993776661106,175.90645298041605,179.0806121826172,1762533
2022-08-17,177.4451609632801,179.34437806447735,176.9527729261159,178.2980499267578,1762533
2022-08-18,178.06067951419493,179.37078206776113,177.9463725895243,179.1245880126953,1601261
2022-08-19,178.15736301334763,178.33322198191993,176.609849641854,177.225341796875,2165183
2022-08-22,175.48441643785446,175.56354871547558,173.50606679237353,173.95448303222656,2745868
2022-08-23,174.411698090174,174.82495388890874,173.3389924573934,173.69949340820312,1705664
2022-08-24,172.98729833597986,174.56117511147968,172.6180001450064,173.9105224609375,1434260
2022-08-25,175.1678583700759,176.29333307271952,174.02481769830516,176.23178100585938,1731022
2022-08-26,175.18546467010526,176.24059015777945,169.64607721229189,169.7515869140625,3010057
2022-08-29,169.50538610110223,170.49016225831076,168.11613712326746,169.1888427734375,2223538
2022-08-30,168.7843786712272,169.73398015321754,166.43673103730478,167.67649841308594,2359664
2022-08-31,169.32072518503975,169.39985745600868,166.1905378145701,166.48948669433594,2789687
2022-09-01,166.3136167529527,168.06336652345325,165.77727109562616,167.70286560058594,2379399
2022-09-02,169.77793298142976,170.07688182622516,163.74614430445473,164.3264617919922,2916052
2022-09-06,164.51992715305164,165.68056231294887,162.101944354091,163.19223022460938,2704383
2022-09-07,163.45600333598708,166.84997900227933,163.39445127231488,166.2608642578125,2487302
2022-09-08,165.60142424044884,165.60142424044884,162.172273730364,165.1442108154297,3720397
2022-09-09,166.2784654388039,168.82833522523237,166.01467697021843,168.54696655273438,3087404
2022-09-12,169.8746504153854,170.28790617307212,168.27438222732346,168.84591674804688,2935469
2022-09-13,165.7509191814657,167.09619637627506,162.33056561483528,162.6470947265625,5154869
2022-09-14,162.88448357800965,162.88448357800965,156.67683551492223,158.241943359375,5251844
2022-09-15,157.512142555291,158.25952182782476,154.92709825051637,155.50741577148438,3662678
2022-09-16,152.6058540556017,156.1932694783611,151.691412876371,155.9382781982422,6809392
2022-09-19,154.75126274640283,157.45061436789229,154.5226488969654,157.06373596191406,2563588
2022-09-20,155.6656901679023,156.11412060683415,153.9335347142631,155.63931274414062,2630007
2022-09-21,156.43064411815212,157.9429971432123,153.24770200106605,153.25648498535156,2658229
2022-09-22,152.58825846632598,153.65216687717236,151.2517643618083,152.33326721191406,2365924
2022-09-23,151.92002566203874,153.25650565691632,149.4053159955771,150.6890411376953,3397640
2022-09-26,150.82089411660712,151.5243014177134,148.47324698207547,149.5371551513672,3471168
2022-09-27,150.23177946982113,151.63860830701364,148.0511940604237,149.5371551513672,2856636
2022-09-28,151.11110595834913,153.66099047014688,149.85375814472943,152.84326171875,3265546
2022-09-29,152.4299450795032,152.4299450795032,147.81379729917086,149.5371551513672,3307137
2022-09-30,149.56358423270572,150.53078028205826,146.51252874314838,146.8114776611328,4042728
2022-10-03,149.537183537265,153.32683486390908,148.66671434578765,152.1486053466797,3585119
2022-10-04,153.78405869198417,156.87028855811093,153.72250662266353,156.67684936523438,3916469
2022-10-05,155.29641558397526,158.06611667448226,153.88080323548087,156.34275817871094,3119552
2022-10-06,155.00621789902982,156.23718788800952,152.8695899437146,153.90713500976562,2757751
2022-10-07,152.6322045873241,153.13338983873308,149.80096628328852,150.71539306640625,3142258
2022-10-10,151.9463825297088,152.81685171744593,149.58115475607596,151.137451171875,2049958
2022-10-11,150.7065975711656,154.54020605976328,150.161440505164,152.6585693359375,3085706
2022-10-12,153.04544930146588,153.87196077515918,151.41000655576042,151.92877197265625,2894408
2022-10-13,148.9480733906861,156.85270258312488,148.7898088482411,156.11412048339844,3419603
2022-10-14,156.64165930766364,156.96698556252082,152.84321122330903,153.1333770751953,3151488
2022-10-17,156.2108534346411,157.38908314279365,154.86557617755577,155.66571044921875,3647612
2022-10-18,158.4265855034029,159.2882716937866,156.193244877703,158.16281127929688,2099295
2022-10-19,157.82870836628507,158.9981265590558,156.45703951700517,157.63526916503906,1790968
2022-10-20,157.70562221745826,158.98936171538418,155.72727234783076,156.1932830810547,2851438
2022-10-21,155.62172558723708,161.1786926479509,155.2084698101116,160.7390594482422,3140348
2022-10-24,162.23382771905307,165.37281236900725,161.64471293283574,164.3352813720703,3470531
2022-10-25,164.12424820646365,166.93790631067827,163.7197754233071,166.7532501220703,3084433
2022-10-26,168.49421164288935,169.6548467402715,166.8499857057561,167.2984161376953,4459277
2022-10-27,170.01534983208023,175.4844018690384,169.52296176665982,172.7674560546875,5043994
2022-10-28,174.9744311107584,180.39071398832783,172.94331257605984,180.18849182128906,5191155
2022-10-31,177.972725145385,180.24124041111358,177.86721545581295,179.3883514404297,4703837
2022-11-01,179.76641912714712,180.32035919094994,177.19015796954062,178.57940673828125,4643573
2022-11-02,178.79044486121063,181.91184919166585,175.89765435503753,176.26695251464844,4978955
2022-11-03,176.17900898783094,181.1732526716236,175.1238836744284,179.7136688232422,4937576
2022-11-04,181.3930794683015,182.9142154631578,179.55541440259833,182.75595092773438,4376625
2022-11-07,182.6240375718123,184.8573780642076,182.1316495595493,184.44412231445312,2834674
2022-11-08,184.05726902253502,186.73904026892373,183.66160765617124,185.84219360351562,2791809
2022-11-09,185.55061015751366,186.91131549028367,184.17223852862207,184.34011840820312,3225864
2022-11-10,189.8359657647838,190.03035225403383,186.56672804216444,189.79177856445312,4620231
2022-11-11,189.60622046138076,189.93313992169087,186.831796589583,187.9627685546875,4484635
2022-11-14,188.00695324723486,190.92273605921415,187.16755385652016,188.2013397216797,3261514
2022-11-15,190.28655044195477,191.0199233973543,188.28084664630381,190.34840393066406,2511811
2022-11-16,190.63999159836916,191.05527111698086,188.4752339217289,189.08489990234375,2596161
2022-11-17,187.53864454159444,190.304242356261,187.3354320733132,189.5355224609375,2853347
2022-11-18,191.19665930527603,192.0448847035101,188.3427013368717,189.55320739746094,3156157
2022-11-21,189.96850627513723,191.9300375425888,188.95238658833938,191.3468780517578,2489637
2022-11-22,191.85048541520013,193.51160350830892,191.73561873572245,193.29071044921875,2669900
2022-11-23,193.31723715915993,194.98719572589633,192.8842912957959,193.4232635498047,2850589
2022-11-25,192.3894608701954,195.23456388008935,192.3894608701954,194.43051147460938,1188214
2022-11-28,194.12125317953544,194.57187955970497,190.3837377841855,190.6488037109375,2803799
2022-11-29,190.78136904121925,192.10674181390797,190.12753010784354,191.4882354736328,2229904
2022-11-30,191.13478046956635,194.96065601185526,188.8109833521159,193.9887237548828,4960175
2022-12-01,194.63376150093976,194.93417436341144,191.16131152464632,192.08023071289062,4233814
2022-12-02,189.81828944991463,194.26267220472366,189.7211033554417,193.573486328125,2328152
2022-12-05,192.39828880752785,193.14048773438233,190.14517112862413,190.4986114501953,3265546
2022-12-06,191.09062772910463,191.5059072999221,186.75228583536742,188.3692169189453,2672022
2022-12-07,189.05838943282373,189.16441580907195,187.3265776051296,188.5989227294922,3165494
2022-12-08,188.95236047238603,189.60621367429442,187.50330939929069,188.5105743408203,2301840
2022-12-09,188.510589715283,189.51786904365665,186.7876179397782,186.9908447265625,2397860
2022-12-12,187.45913109888883,189.60622267175157,186.48719870238418,189.52670288085938,3551167
2022-12-13,193.98871415415877,194.35098044586002,188.3250007508636,189.93310546875,3660238
2022-12-14,191.04644301902601,192.50433442481682,188.24551258827486,189.72108459472656,2701200
2022-12-15,188.10412761612037,188.83750057594972,183.80995914982455,184.64051818847656,3417905
2022-12-16,183.20913165097934,185.80683511977662,182.21951874954397,185.32086181640625,7563339
2022-12-19,184.89676389761826,187.60933415503277,184.11037772399882,185.029296875,3278278
2022-12-20,185.1706615193724,187.9892580272831,184.86140838343798,186.86712646484375,1990330
2022-12-21,188.1659874910142,190.23354485803014,187.98042701746812,190.0568389892578,2785337
2022-12-22,189.38534138219134,189.62390076971502,184.65821209028783,187.59169006347656,2355420
2022-12-23,187.3177547972714,189.7122460048064,186.840636059601,188.9700469970703,1380043
2022-12-27,188.99656009375096,190.65767834639755,188.82868020834346,189.8712921142578,1550121
2022-12-28,190.79019616656112,191.30267608275764,187.32658664865286,187.48562622070312,1705345
2022-12-29,188.28087256212277,190.189390542235,187.9981259788408,189.7476043701172,1994574
2022-12-30,189.0672290258119,189.52669576218923,187.2559115903499,189.3499755859375,1697600
2023-01-03,190.10101487796794,190.10101487796794,187.51213724981412,189.3499755859375,2354677
2023-01-04,184.22524745751457,186.64624520479128,183.18262130722502,185.58595275878906,4095778
2023-01-05,184.20760334042316,184.49917593059808,180.30219283759283,180.66445922851562,4305008
2023-01-06,182.43158535013637,186.4871801094521,181.90143915901774,185.78915405273438,4303734
2023-01-09,185.78916828496267,188.75797859983513,185.14416967217002,186.14260864257812,2787671
2023-01-10,185.10880225726757,186.8317737432359,185.10880225726757,186.7345733642578,1884018
2023-01-11,187.30010862803326,188.12182751368127,185.55947045586018,187.58285522460938,3097590
2023-01-12,188.06876835957584,191.92999075787037,187.65348886754694,190.83436584472656,3145016
2023-01-13,189.51788201016936,191.58545400411273,188.11300361765547,191.3910675048828,2118923
2023-01-17,191.75330611461726,191.75330611461726,187.25592465360396,187.5298309326172,3481459
2023-01-18,186.33697877972008,186.33697877972008,180.2314788068343,180.46121215820312,5412585
2023-01-19,180.5142447134286,180.5849242035219,176.9092617107221,177.29803466796875,4826595
2023-01-20,176.33488624253016,179.0651365930429,175.6633811802653,178.50848388671875,4220128
2023-01-23,178.96797009565853,181.88376713188703,177.93419856371278,180.65560913085938,2970482
2023-01-24,180.2138178488738,183.50070712911167,178.68523273549457,182.83802795410156,3413449
2023-01-25,180.726295612334,183.03242673500296,180.03710979613163,182.60830688476562,2286137
2023-01-26,183.60677252385065,185.03817186197898,181.91914748298353,184.976318359375,2044865
2023-01-27,183.68624837217442,185.40037960332413,183.46535531975502,183.8983154296875,2251866
2023-01-30,182.48460913283745,185.01163325850828,181.67171635197116,181.82192993164062,2700988
2023-01-31,182.51995663369985,184.2871156192715,181.58337109721023,184.2075958251953,2439027
2023-02-01,183.262147062112,184.18105188183574,180.0812698688201,182.65248107910156,5721124
2023-02-02,175.7871170025041,183.9778557607446,174.67381131646232,183.23565673828125,7621694
2023-02-03,183.0765902179347,183.0765902179347,178.14624906685003,179.0916748046875,4729620
2023-02-06,178.7029169195288,180.36403517325786,177.38638443285978,180.28451538085938,3028306
2023-02-07,179.36559521367872,182.03399276641784,178.28763641459133,181.5480194091797,3127616
2023-02-08,180.16078951352955,180.96484195868476,177.78397907254663,178.6763916015625,3779494
2023-02-09,179.68369115614198,180.18731651226202,175.51321488507736,176.0256805419922,3197111
2023-02-10,175.66342571062424,177.4482366379837,175.27465274748556,177.13015747070312,3067033
2023-02-13,176.88273348049626,180.01940904702172,176.49396057079784,179.69248962402344,3154565
2023-02-14,179.44509870675088,179.4539390066212,175.53970312569237,177.5984344482422,3182363
2023-02-15,176.5381594463838,178.2522908992896,175.7076003174627,178.2257843017578,2686664
2023-02-16,175.62807759901878,178.07558205068656,174.93005146938526,176.14938354492188,2922949
2023-02-17,176.0610104347859,178.4643418151612,175.5308642274882,177.9695281982422,3024274
2023-02-21,178.10209262029468,178.1727721125472,173.5781902800111,173.8520965576172,3003585
2023-02-22,174.1348117717491,174.49707807794167,171.9612139345937,172.72991943359375,3144061
2023-02-23,174.1333824800353,174.1333824800353,171.06001925796403,173.22735595703125,2595843
2023-02-24,172.2236069005432,172.2236069005432,169.5322034243489,170.58033752441406,3507136
2023-02-27,172.69442258585352,173.20961702010695,170.31390965509254,170.94456481933594,3568249
2023-02-28,170.10960903276307,170.8646264445704,168.4396922293668,170.0829620361328,3299816
2023-03-01,169.32792465659134,172.63223813186227,169.2746306696154,171.3264923095703,3428834
2023-03-02,170.18067443146106,173.31620475801068,170.10071906244505,172.7210693359375,4513812
2023-03-03,173.60044237133823,175.46577517473688,172.5167739335894,174.82623291015625,3306607
2023-03-06,175.15490247039395,177.03800972303438,174.67524212620023,175.02166748046875,2887830
2023-03-07,175.35917770658526,176.05201392402464,172.98753774277705,173.76031494140625,2950641
2023-03-08,174.34655167004598,174.6752026978314,172.43681223095737,173.7158966064453,2190859
2023-03-09,174.87951585088243,174.94169696250788,170.8557191709759,171.3264923095703,3383105
2023-03-10,171.32647704190322,174.70184407219452,170.447111954704,171.7261962890625,3890793
2023-03-13,171.4330826438791,173.41389028913446,170.69582524163758,171.5218963623047,3420240
2023-03-14,174.1511617295945,174.24887696845164,168.91934835070222,171.40646362304688,5149245
2023-03-15,168.8304862019966,169.66544441461878,164.1138538228201,167.098388671875,4165804
2023-03-16,166.43220936930223,168.56402626489938,165.48177601440216,168.00442504882812,4087184
2023-03-17,166.8230599609502,167.00071618205436,163.64310851423136,164.00729370117188,7834106
2023-03-20,165.17980264332041,168.98153676874463,164.7800833060697,168.66175842285156,3014089
2023-03-21,169.71876507033505,170.6691985184052,168.01331426276556,169.7987060546875,3325068
2023-03-22,170.29612651876377,170.54483659735246,166.174628781624,166.24569702148438,2491759
2023-03-23,165.97919197890042,168.25313090280807,164.8155827156695,166.03248596191406,2504066
2023-03-24,165.5617258863911,167.187235637598,163.971750253476,167.13394165039062,2474570
2023-03-27,167.55142907271002,168.40414729057144,166.48552051503717,166.98294067382812,2263219
2023-03-28,166.76976626261094,168.42192310429473,166.45887506536522,166.92076110839844,2195952
2023-03-29,168.4663278943069,168.5107347588829,166.78752407813587,167.9422607421875,2847936
2023-03-30,168.42191723151092,169.15916032570723,166.97406365689423,167.98666381835938,2121363
2023-03-31,168.87493207305792,169.99413469756954,168.173223031766,169.76319885253906,2867459
2023-04-03,169.27463435880887,172.23252260274032,168.73280735259146,171.6818084716797,3048890
2023-04-04,171.53968772237315,171.63738857457133,168.48408422257526,169.60328674316406,2651545
2023-04-05,169.02589775235072,169.6654398900604,168.12875845877582,168.26199340820312,3214618
2023-04-06,168.4219235456681,170.64255441686907,167.88896926048756,169.17694091796875,2952020
2023-04-10,169.42564652245764,171.077788944344,169.052574218553,170.26060485839844,2695152
2023-04-11,171.3265030572178,171.57522751932254,170.38495672096394,170.71360778808594,2584172
2023-04-12,171.84169334834854,173.09413085172523,170.83796592064843,171.63739013671875,3879865
2023-04-13,171.65513727318387,174.4709030248883,171.0777618490071,174.00900268554688,3565597
2023-04-14,173.76921203376577,175.6345448432422,173.43167384018432,174.58641052246094,2083698
2023-04-17,175.1459775419355,175.93652894563613,174.7551597826607,175.75,1785345
2023-04-18,176.51394146860605,177.18014522950642,174.29331020048517,174.92396545410156,2546400
2023-04-19,176.09642910396724,176.46061428911784,175.18152976874646,175.70559692382812,1977810
2023-04-20,175.43021197647863,175.66116214999337,174.09783367781822,174.76402282714844,2065873
2023-04-21,175.0660704784638,175.29702070953505,173.56492273742623,174.1689453125,2090913
2023-04-24,175.17265462063963,175.94543184516516,174.33768190137906,174.7906951904297,1703542
2023-04-25,176.3362405225523,176.6826514064897,173.97348791914135,174.0623016357422,2381202
2023-04-26,172.2147613199894,172.73882845267983,168.92820766890512,169.56776428222656,3797743
2023-04-27,174.04454371786193,176.62935940264418,171.93937387774974,176.4161834716797,4098006
2023-04-28,176.7626283234232,178.37036386863957,176.30961503947503,177.50875854492188,3037749
2023-05-01,177.65087284100161,179.5694994893795,177.61533872331117,178.0772247314453,2360619
2023-05-02,177.3488665618691,177.3488665618691,174.42651233708767,176.10531616210938,2745974
2023-05-03,177.51765683231693,178.19273329291164,175.6168040760373,175.8388671875,2944593
2023-05-04,176.06974774191167,176.76259823729825,173.1473940864327,174.29324340820312,2445393
2023-05-05,175.28813112849213,176.39846101899565,174.79071093043072,176.24745178222656,2215474
2023-05-08,177.42879572083436,177.63308452534105,174.07118856671332,174.94168090820312,1585665
2023-05-09,174.06233142697494,176.13196748281644,173.17407906526554,175.10159301757812,2374200
2023-05-10,175.42136580949872,176.53168122659497,172.6055995843397,175.28811645507812,2289956
2023-05-11,174.94879673211855,175.27025283979623,172.51113971591303,173.20761108398438,3045919
2023-05-12,174.0648330980507,174.43092909326177,172.06469852772892,172.8861846923828,2230222
2023-05-15,172.77903061082887,174.5470031491881,172.02005184384024,173.50228881835938,1661314
2023-05-16,173.18973243517647,173.18973243517647,170.8145831320605,171.0913848876953,2175793
2023-05-17,172.35937003369514,175.39527080452172,171.92183291120818,175.0291748046875,2568681
2023-05-18,174.52022038172842,177.14538521643829,174.0201759054817,177.02037048339844,2586718
2023-05-19,178.13655605914278,178.81516008373993,175.95783280823937,176.21678161621094,2832340
2023-05-22,175.9488975290727,177.16325211452897,174.31485885327587,175.84173583984375,1871286
2023-05-23,176.08281451548368,176.41318993817663,174.02017265029835,174.09161376953125,2290487
2023-05-24,174.0558818134058,174.29697750514026,170.44851029388937,171.31463623046875,1850915
2023-05-25,171.3235781344119,171.93075535745993,169.6448997893514,171.6807403564453,2569318
2023-05-26,172.13611713148123,173.51120675821133,171.57357980891388,173.0022430419922,2092292
2023-05-30,172.8683247702431,173.92195839893338,170.02885109562484,173.71658325195312,2394253
2023-05-31,173.09154187074574,173.26119644739234,169.97526658595675,171.0824737548828,3878804
2023-06-01,171.30570461042092,173.49334663439922,170.07348270015797,173.1004638671875,2025237
2023-06-02,175.41313395041132,178.19010033631642,174.91310392793096,177.55612182617188,2907883
2023-06-05,177.4400464986167,177.7972232025478,175.05596283385154,176.06495666503906,1764125
2023-06-06,176.4042344297986,176.8864113294642,174.43982073183554,175.31488037109375,2434465
2023-06-07,175.86847912780956,177.4221569941474,173.4308223494575,177.14535522460938,2711279
2023-06-08,176.6810762976608,177.46682743494094,175.9578036152666,176.93109130859375,1725823
2023-06-09,176.4667516362539,177.47574534397936,175.0916619709344,176.69891357421875,1867466
2023-06-12,176.9846570110697,177.6454078413081,175.5738467256429,177.24359130859375,1783223
2023-06-13,177.24360192972193,179.72591348052867,176.58285105988875,179.57411193847656,2109162
2023-06-14,180.36880312298888,181.0920613277052,177.38646167786965,179.0472869873047,2818865
2023-06-15,179.69914496569874,182.2439496872961,178.96695289945825,181.91357421875,2618230
2023-06-16,183.0475212457683,183.95830144420893,180.77951895839686,181.2349090576172,5311154
2023-06-20,180.94919355164816,181.23492911438484,177.7168515589372,178.9401397705078,2212397
2023-06-21,177.94900031571848,181.06527581056795,176.89536668356203,180.19021606445312,2709051
2023-06-22,180.33307514811497,180.61881069909344,178.25258033394826,179.16336059570312,1715531
2023-06-23,177.80612342773887,179.17229381630835,177.37753455845746,178.663330078125,3525597
2023-06-26,178.85083253569195,181.31527628642976,178.09185382707517,180.8866729736328,2261628
2023-06-27,180.86883620613642,182.21713917026466,180.77062273622874,181.5653076171875,2502687
2023-06-28,181.63671732400906,182.08317365018647,180.36877499706478,180.8152313232422,2092292
2023-06-29,180.74383246772885,184.50299126459805,180.13664078425765,184.36013793945312,2699290
2023-06-30,185.43163327743179,186.16382526859303,184.66373518127213,185.27984619140625,3193504
2023-07-03,184.64583784153604,186.29772920391633,183.08324063905124,185.994140625,1289221
2023-07-05,185.19054309722773,186.02988227478258,183.8958137717046,184.3244171142578,2478390
2023-07-06,183.02075117576382,183.0921922930294,180.44022631880696,182.16355895996094,2230540
2023-07-07,181.15458727581702,183.69045812936392,180.51168942168442,181.493896484375,2391176
2023-07-10,182.34214390925405,185.708419802202,181.81531266092307,185.49412536621094,3291434
2023-07-11,186.11914881633228,187.09242187648482,185.2262361604958,186.3780975341797,2972392
2023-07-12,187.8603411458163,188.2889299845047,186.03879521365872,186.19058227539062,3147987
2023-07-13,185.43162665064807,186.806716409507,185.0030377586803,186.36026000976562,2466082
2023-07-14,185.64592502229914,185.64592502229914,183.49398910698628,184.06546020507812,2293033
2023-07-17,183.55649104702235,186.46739114813477,183.27968925953255,185.87806701660156,2281893
2023-07-18,184.5654965245404,184.97624681136284,182.10998638094102,183.27076721191406,3892597
2023-07-19,182.02069248022778,183.99404013406894,182.00283942874,183.1993408203125,2658866
2023-07-20,184.07439607906463,186.8334947700406,183.56543233694654,185.69056701660156,2687195
2023-07-21,186.00307519771587,187.8603416904522,185.52983204968498,186.26202392578125,7988906
2023-07-24,186.3245328802123,187.6549827345496,185.9137970545885,186.90493774414062,1959349
2023-07-25,185.86023858523205,187.63714496831594,185.07447297243903,187.2263946533203,2088472
2023-07-26,186.42275974999396,186.97636335008352,185.00303019159634,185.9584503173828,3493979
2023-07-27,181.89566722612443,182.26176317977968,174.69877732984762,175.3773956298828,6997826
2023-07-28,176.4935506149923,176.98466132872545,174.1273345852801,174.28805541992188,4174505
2023-07-31,174.22553169782748,174.5737745961034,172.7075742973975,173.341552734375,3656630
2023-08-01,172.64508766041084,173.93980247279802,172.2968447494944,172.7611541748047,4215459
2023-08-02,173.13621429734127,174.386289474194,171.7968449387317,172.24330139160156,3180454
2023-08-03,172.13612839783096,172.2432756175402,170.06456729707878,170.1092071533203,2661943
2023-08-04,170.77890529474183,171.2789353303693,168.59126304693672,168.94842529296875,2555206
2023-08-07,169.75205153433157,170.2520815496868,168.403748570117,169.29666137695312,3016105
2023-08-08,168.4037539329037,168.4037539329037,166.5911269996275,167.55548095703125,3460664
2023-08-09,167.01972427337495,169.8949185322363,166.97508441560464,168.97520446777344,3421407
2023-08-10,168.98416890683083,171.13888421314903,168.84051928173997,169.45101928710938,2983214
2023-08-11,168.9662121911196,171.8750770252375,168.9662121911196,171.18377685546875,2864700
2023-08-14,171.4351660749278,172.20728099276846,169.82810133798662,170.142333984375,2593296
2023-08-15,168.768716367056,169.1637492365452,167.49383491824574,168.6071014404297,2389372
2023-08-16,168.47244881560326,169.2355812210649,167.35918219847434,167.43099975585938,2378019
2023-08-17,168.30186234601308,168.98419453492133,166.97311401367188,166.97311401367188,2632235
2023-08-18,166.26384692391764,168.39164367249055,166.15611332348848,167.5117950439453,2178976
2023-08-21,167.00001593233972,168.15818099912465,166.47031613528844,167.8439483642578,2048579
2023-08-22,168.20309437157098,168.33776135969762,166.58704690898205,167.00003051757812,1817493
2023-08-23,167.4399609050765,168.400609638799,167.12572824493085,167.96067810058594,2015157
2023-08-24,167.8349739509795,169.4959053571483,166.19199329597785,166.23687744140625,2537275
2023-08-25,166.6498912179569,168.04147427746273,165.7161759039858,167.26039123535156,2062478
2023-08-28,169.18172160625244,170.2590867579686,167.99662284636975,168.678955078125,2059507
2023-08-29,168.67893874085283,170.42067066425207,168.20310566085348,170.15133666992188,2313511
2023-08-30,170.15132651138424,171.2107262058657,168.5262963925312,169.2894287109375,2341415
2023-08-31,169.19068566415544,170.04358632512194,168.71483805532228,168.73280334472656,2757009
2023-09-01,169.7024269646493,170.12439325699754,168.3736931772735,169.13682556152344,1693144
2023-09-05,169.30737445994282,169.5048908831623,166.64989265800864,166.72171020507812,2365075
2023-09-06,166.12915332823684,166.8384187975502,164.86325465579986,165.6533203125,2364757
2023-09-07,165.86882409280855,166.8384556255308,164.50417417956177,165.30322265625,2213458
2023-09-08,165.01589168647763,166.08427397558685,164.6747256398683,165.6623077392578,1877652
2023-09-11,166.92821272478915,167.56564615767178,165.86879850468847,167.17959594726562,2244439
2023-09-12,167.16163731556037,170.52838453024341,166.96412089756473,169.87298583984375,3891218
2023-09-13,170.4206667486803,173.86822900703984,170.3937333498661,172.00978088378906,5365795
2023-09-14,172.73697825895283,175.34957579774664,172.32398014235827,173.77842712402344,3906814
2023-09-15,174.64030200270213,174.999418775432,172.7279873825144,173.31155395507812,6380854
2023-09-18,173.0512386769667,175.38551998817567,172.77290749501225,174.5864715576172,2436905
2023-09-19,173.40135118630724,175.62789861822384,173.40135118630724,175.385498046875,3047298
2023-09-20,176.09474587181458,176.94764637543074,174.52358276510884,174.5684814453125,2518920
2023-09-21,174.77496887900867,174.77496887900867,171.83917073141225,171.86610412597656,3095468
2023-09-22,171.41724658500877,172.2342458006116,170.21418257256508,170.384765625,2996582
2023-09-25,169.72039940487406,172.40482956291495,169.28945044931274,172.252197265625,2889209
2023-09-26,171.48905828875542,171.7853402265646,168.57121027622395,168.6879119873047,3606870
2023-09-27,169.6306213302966,169.6306213302966,167.3053079689255,168.678955078125,2372078
2023-09-28,168.54427293934157,169.66652214871863,167.6015748824504,167.9876251220703,3089950
2023-09-29,168.98419514958888,168.99317779474652,165.50073117147514,165.85984802246094,3534085
2023-10-02,165.19545856462048,165.93165752115817,162.5649099534815,163.94752502441406,2865549
2023-10-03,163.27417723828904,164.04627771183348,161.81973006424494,162.62774658203125,2642208
2023-10-04,162.888121285047,164.2617538001576,161.98133923025952,163.84877014160156,2438921
2023-10-05,163.53452253510036,163.77693765598093,160.82315926318157,161.62220764160156,2427780
2023-10-06,162.0262291584698,166.3626082113593,161.33491434814087,165.7880096435547,4000819
2023-10-09,166.33566711056753,167.870899876864,165.87778480648723,167.45791625976562,2417913
2023-10-10,168.7866743853493,168.86747458462818,165.53662844921783,167.29632568359375,3461725
2023-10-11,167.49383613851288,169.04703422918487,166.82048663357207,168.24798583984375,2345022
2023-10-12,168.21208192177176,168.23901532250989,164.13606855490974,165.1416015625,2561148
2023-10-13,165.9585955633411,165.9585955633411,163.72307976706816,164.80043029785156,2382582
2023-10-16,166.64090706444324,168.33775465229746,166.20995818458604,167.19754028320312,2581413
2023-10-17,166.3985016196839,168.14921594934324,166.06630369191123,167.27833557128906,1961683
2023-10-18,166.658868026598,167.02696749204227,164.33356953173865,164.71961975097656,2399982
2023-10-19,164.45030405517835,166.8653856576,163.27418797786817,163.64227294921875,2722208
2023-10-20,163.98341910482665,164.99793465153294,162.5559199450001,162.7893524169922,3229047
2023-10-23,163.03173936879736,164.3694701137369,161.95437447200365,162.0710906982422,2199984
2023-10-24,163.0138198143242,164.31563476917316,161.8376892183089,162.91505432128906,2707990
2023-10-25,162.90604766806328,163.20231500702346,159.79066934478553,159.88943481445312,4400391
2023-10-26,160.32937336880684,164.28868463165048,157.00751008554923,158.06690979003906,5111474
2023-10-27,157.69882604982743,160.81420510343966,157.42949204217854,158.91085815429688,3607718
2023-10-30,159.39564447465148,161.87357502763194,158.55171202646312,161.37979125976562,2794462
2023-10-31,161.1553670824283,165.12364674881027,160.86806779159923,164.53109741210938,4000288
2023-11-01,165.36599824573875,165.43783031462837,162.87909992708043,165.1864471435547,3563581
2023-11-02,166.631939375155,168.01455443730327,165.33013904493853,167.3771209716797,3246236
2023-11-03,168.9123741489554,170.77083704201206,168.7687390271498,169.67550659179688,3140560
2023-11-06,169.38818482301411,169.5946693499095,167.90680441951366,168.33775329589844,2482634
2023-11-07,167.68237645081697,168.11332538334608,166.59604327707444,167.53872680664062,2633508
2023-11-08,167.7811523357283,167.7811523357283,164.99795665927084,165.7521209716797,3388304
2023-11-09,166.0500962882122,167.4498676793607,165.44502485492742,165.87850952148438,2884116
2023-11-10,166.71837753344892,168.80449605629096,165.86044367316768,168.61485290527344,2311495
2023-11-13,168.69616309832992,169.33736206022456,167.71180514257745,168.43426513671875,1778130
2023-11-14,170.4752188341365,172.1910867352236,170.36685130786813,171.80276489257812,3131648
2023-11-15,172.01952002961312,173.17546481235945,170.48427424009003,171.17965698242188,4325485
2023-11-16,172.68779592622533,173.71731678505185,171.9563004193972,172.22723388671875,2263644
2023-11-17,173.20252266379427,173.39216581964234,171.52278227891807,172.67874145507812,2342370
2023-11-20,172.1910930915241,173.73535963895657,171.6492408196288,173.21157836914062,2122212
2023-11-21,172.5703816613559,173.03997913227656,171.64922847919314,172.70584106445312,1991921
2023-11-22,172.5794248097226,174.17788983417785,171.70343439592733,173.6721649169922,1996378
2023-11-24,174.4036446660306,174.9364614192365,173.76244576559438,174.66554260253906,1140045
2023-11-27,173.943071269969,174.9093727682906,173.70826521079323,174.2681884765625,2631811
2023-11-28,174.28625496647345,176.16467430772516,173.76245905340133,175.44219970703125,3532175
2023-11-29,176.58005966151882,177.29349864602128,175.13512531310818,175.43313598632812,2379823
2023-11-30,175.44218415875855,177.1128891628937,175.2254491080344,176.93228149414062,3303954
2023-12-01,177.45608524458996,178.89198437883545,176.3904516159881,178.61203002929688,3301938
2023-12-04,177.474133719359,179.2261143672971,177.41993533613353,179.13580322265625,2883268
2023-12-05,178.37720234336552,178.66617751544257,176.39943667413297,177.86244201660156,2741836
2023-12-06,178.94616517954324,179.83117640894335,178.16047135715618,178.6210479736328,2366985
2023-12-07,179.70475249926545,179.75893626349193,178.3230372703872,178.6210479736328,2585551
2023-12-08,177.04064040428216,178.11530934607876,174.30428741929134,175.7492218017578,4822563
2023-12-11,177.41091020253907,181.07742269853165,177.04966563263667,180.96905517578125,3932278
2023-12-12,182.42302010568096,182.69393890514849,181.39349942660348,181.9805145263672,3282628
2023-12-13,182.96487649647347,183.47060134737617,180.8426304504259,183.3983612060547,3250267
2023-12-14,184.22921267505035,184.80719236328122,182.8384618432285,183.69639587402344,4016628
2023-12-15,184.0937402655075,185.17744479420145,182.8203925614852,183.68734741210938,7982221
2023-12-18,184.23822214538563,185.53866163961186,183.75958918018782,185.2225799560547,3151913
2023-12-19,184.70782260826954,185.19549108165728,183.76861304262852,184.7710418701172,2755311
2023-12-20,183.96728945824333,185.46642224120768,183.18161030661912,183.2357940673828,3553926
2023-12-21,184.0395561670002,185.32193936960812,183.7144389607616,185.1774444580078,2290275
2023-12-22,185.17743412176713,187.08294512779815,185.09615847988206,185.7102508544922,2004972
2023-12-26,186.16180235054782,188.33823228451053,185.8457206451828,187.87767028808594,1973672
2023-12-27,187.08295413279922,189.34065969567075,187.08295413279922,188.76268005371094,2482846
2023-12-28,189.033606988008,189.62060749004272,188.59108677093946,188.8981475830078,1748210
2023-12-29,188.94329762197583,189.8012315626329,188.6633433088248,189.38580322265625,2394040
2024-01-02,188.61820562192582,190.19861430807595,188.13055169419695,188.74464416503906,3323795
2024-01-03,188.22080591354361,188.22080591354361,184.46398253919588,184.7078094482422,4046654
2024-01-04,184.33754358215663,186.23403357460955,184.25626794600288,185.04196166992188,2697062
2024-01-05,184.5814068507926,184.74395814224502,182.6578393736176,183.80474853515625,2846239
2024-01-08,183.43448722519227,183.8228237020856,181.74572576666128,183.01907348632812,4265220
2024-01-09,181.05032626476367,182.1791935864935,179.62346288351515,182.08888244628906,3270108
2024-01-10,181.51995899519625,182.84749050762431,180.99616309475408,182.78427124023438,2516904
2024-01-11,182.68490793008567,182.95582671458183,180.2104530093059,182.12498474121094,2059083
2024-01-12,183.678306939374,184.22015914592336,180.7613463721776,181.61024475097656,2577381
2024-01-16,181.23095246706453,181.63734529650375,178.3681755218801,178.6029815673828,3713924
2024-01-17,177.68181381255863,178.8919420806889,177.00450223274729,178.76551818847656,2663428
2024-01-18,178.55782369740356,181.10451902678273,178.14240997647505,180.73426818847656,2763481
2024-01-19,180.86973268808055,181.73668753633643,179.38867081094813,181.32127380371094,3278066
2024-01-22,181.82699486527306,184.15695516050644,181.00518829761722,181.5560760498047,3808141
2024-01-23,181.7276306604804,183.47059027342442,181.18579308189666,183.27191162109375,2157862
2024-01-24,183.27190089535293,184.03048808152477,180.32784866144507,180.4994354248047,3696418
2024-01-25,182.18822578694628,183.47964446896006,181.22192430576055,182.9287567138672,2815045
2024-01-26,183.35321281385643,184.1298711523278,181.87215090449575,182.24241638183594,2042107
2024-01-29,181.90827075011595,183.380297097391,181.35739761775238,183.3712615966797,2330805
2024-01-30,181.66446351995808,186.36953288936343,181.66446351995808,185.94508361816406,5990406
2024-01-31,187.11907984344188,187.57965648871556,182.2063110290311,182.65785217285156,5967595
2024-02-01,176.88710632127555,178.42235181203796,171.2789556884865,178.1875457763672,8296065
2024-02-02,177.94369884886834,180.66198047117643,176.58907578720758,177.1038360595703,4581080
2024-02-05,175.1622246896033,175.96597484663587,174.1327039878606,174.30429077148438,4914764
2024-02-06,173.87985185959516,175.26158171077475,173.42831074343505,174.8732452392578,3969732
2024-02-07,176.52590140175818,176.8419831205917,174.82810439367168,175.28868103027344,3214618
2024-02-08,174.8281116575132,175.2164335410889,173.61798311904647,174.71070861816406,2669688
2024-02-09,174.2952551246593,176.30913347624818,174.14172473422175,175.95692443847656,3911164
2024-02-12,175.1802643957988,178.47652573126356,174.99062125004704,178.22366333007812,3000402
2024-02-13,177.6728165645197,177.8714806186264,174.04241665672453,175.20738220214844,4702458
2024-02-14,175.595732685962,176.6342744052477,175.09000776838715,175.9840545654297,2244227
2024-02-15,177.00450223274729,178.99128871508034,176.66132869302163,178.76551818847656,2118074
2024-02-16,178.37722367747872,179.6234795142555,177.41092216687042,178.06114196777344,2473191
2024-02-20,178.76551456855552,180.30075996659298,177.82630510314848,179.65956115722656,2929527
2024-02-21,180.255633236093,180.96005144181552,179.00035648456287,180.1924285888672,2089640
2024-02-22,180.10208723369854,182.02565448383461,179.36155638819594,181.3483428955078,3856735
2024-02-23,181.34835755982488,182.99197065600353,181.0954951312244,181.18580627441406,2599662
2024-02-26,180.6439626603439,180.79747845259982,179.00034948569396,179.88536071777344,2152345
2024-02-27,180.2466143698617,180.34594640272113,177.86247013460724,178.9732666015625,2601360
2024-02-28,178.91003176339484,179.65056267692015,178.13337346808632,178.42236328125,2826610
2024-02-29,180.0568642077631,181.80031906516393,178.54950602399825,180.45640563964844,3646975
2024-03-01,179.4212034177846,180.64706835149443,178.04097890999307,180.4019012451172,2955309
2024-03-04,180.1839785938998,181.41891401532374,179.9387967816229,180.91949462890625,2279983
2024-03-05,180.81958334744414,181.18281344668475,178.5494687317433,179.20326232910156,2686664
2024-03-06,181.15559843370482,183.79801398644622,180.40191204154956,182.0636444091797,2878917
2024-03-07,183.61638357934387,184.56984059452813,183.18053095609298,183.97959899902344,2596798
2024-03-08,184.45180111090838,185.16916152225326,182.01822681056981,182.2906494140625,2269903
2024-03-11,183.04433881871392,183.94331438618056,180.8105496983236,181.87295532226562,2592235
2024-03-12,181.3644411257556,181.83663444556043,179.49386757660855,180.81961059570312,3118067
2024-03-13,181.5641963464656,182.63570168785998,180.55627244759913,181.3644256591797,2692394
2024-03-14,180.92858740596188,181.36444006672858,177.03305134397039,178.2952423095703,4072118
2024-03-15,178.33157002334812,180.29295111887635,177.88661749321108,179.51202392578125,6695016
2024-03-18,180.7106449377426,180.7106449377426,178.32248168293455,178.66754150390625,2633084
2024-03-19,178.66754031039673,180.919499594755,178.08638383666073,180.73788452148438,4800813
2024-03-20,180.32925426446212,183.1623550326684,180.0931576334746,182.68109130859375,2879978
2024-03-21,183.42570279498798,184.41547108707022,182.78099430583407,182.8627166748047,2983320
2024-03-22,182.98983659625864,183.3984631445619,181.69133444636188,182.27247619628906,2187039
2024-03-25,181.95468452118075,182.25433323008238,180.18398895675034,180.22938537597656,2080939
2024-03-26,179.83894317108545,182.9444671740461,179.56652053171607,182.51768493652344,2861623
2024-03-27,184.2792465168434,186.3859163509323,183.61636777482371,186.2678680419922,2928466
2024-03-28,186.51306495848365,187.80248189713822,186.31329427350616,186.37684631347656,3813340
2024-04-01,186.50398144049848,186.95800439209697,183.32580607839756,183.43478393554688,2357436
2024-04-02,183.49833881481914,183.6981095046494,181.62776540136832,181.81845092773438,2774621
2024-04-03,181.0829383545495,182.46317758359316,179.72086945277977,179.76626586914062,2648256
2024-04-04,182.2270660164887,182.2270660164887,177.54153291300736,178.02279663085938,3622997
2024-04-05,177.88659488249408,180.1567242617763,177.2055604789827,179.0216522216797,2347781
2024-04-08,179.42121775368744,180.87409428376617,179.18513579195016,179.57559204101562,2530167
2024-04-09,180.1113204235442,181.17374060434094,177.99556522532282,180.16580200195312,2166562
2024-04-10,177.58696972267086,178.3860525473875,176.52454944414697,177.65960693359375,3084645
2024-04-11,177.98649784034927,179.0670736656622,176.40648793643717,178.7674102783203,3210904
2024-04-12,177.8956996887369,178.3860486296645,176.71523110508997,178.12271118164062,3712970
2024-04-15,179.89341311792106,180.23847295157842,175.41673514562058,176.19766235351562,3373874
2024-04-16,175.38038459435015,175.87981864704614,173.0103772118586,173.1829071044922,2972816
2024-04-17,174.71752166078946,174.81741436075438,172.30211764572815,172.8560333251953,2572182
2024-04-18,173.4371747510688,174.61764331598465,172.5200583309107,173.50982666015625,2273829
2024-04-19,174.89912709275168,176.64258170634483,174.00923680964843,176.39739990234375,3787770
2024-04-22,176.41558491879016,178.24984721619546,176.2884514245129,177.59603881835938,2511281
2024-04-23,178.00466285318467,179.43938372084727,177.68684382293694,178.12271118164062,2713295
2024-04-24,175.7617756140029,177.72315653059954,175.4893530222772,176.87867736816406,3796576
2024-04-25,181.1192862614817,181.73675404357445,172.97409795267976,175.27145385742188,4131852
2024-04-26,172.80153887548738,175.84349555180535,172.62900898005157,175.66188049316406,3226819
2024-04-29,175.48936073641744,176.3974066802625,174.54500353947535,175.9524688720703,2751810
2024-04-30,176.15224504611186,177.8321330346524,174.63580180432766,175.0081024169922,3318702
2024-05-01,174.31799533751047,179.04892577770426,174.25444328757774,177.341796875,5394761
2024-05-02,178.32248285224563,178.413290390083,174.9717920227096,175.8344268798828,3627241
2024-05-03,176.86051397091555,178.19534209002677,175.74361217299403,177.8048858642578,2388735
2024-05-06,178.31337165035868,179.06705793334942,176.11589423959228,177.06935119628906,2395314
2024-05-07,177.09662034920723,179.0580014504097,177.09662034920723,178.749267578125,2177384
2024-05-08,178.6039628815027,180.12040601996046,177.90477282296646,179.8389129638672,1897386
2024-05-09,180.56535050836627,182.32696081558697,179.67547489193728,182.1816864013672,2856212
2024-05-10,182.5176537871283,184.5426014537716,182.26340152099064,184.2611083984375,2459822
2024-05-13,185.64135298104284,187.71171198773163,185.005714896437,185.06021118164062,3719123
2024-05-14,186.1498509897349,186.49491081198843,184.25203666825306,184.52444458007812,2523482
2024-05-15,185.57776234593996,186.46765260966416,184.12488598307016,186.20431518554688,2839024
2024-05-16,187.1080526386634,189.20762502236235,186.75204737951861,188.61427307128906,2723375
2024-05-17,188.86072111525732,188.96114269840342,187.29974556313937,188.02088928222656,2405499
2024-05-20,187.82008605331237,188.22174288220583,185.53795169766713,186.78855895996094,2130806
2024-05-21,187.3362748391273,187.35454137243767,185.4375455510074,185.77529907226562,1849111
2024-05-22,185.41929878345525,186.1678424815109,184.2873647474932,185.12718200683594,2136111
2024-05-23,183.96782667654304,183.986078429452,181.85912111879898,182.01431274414062,2776000
2024-05-24,182.8906632109429,183.3105865712181,181.83175110117028,182.28819274902344,2504597
2024-05-28,180.8914963878978,183.33795542237755,180.83672635073566,181.82261657714844,2564755
2024-05-29,180.59025787132555,181.11970648043132,179.7321742665272,179.896484375,3019818
2024-05-30,180.562887981359,183.7396242383913,180.19773467138543,183.40187072753906,2453881
2024-05-31,182.87241211465997,184.65248282207375,181.7769817133671,184.57032775878906,3356474
2024-06-03,186.05827645798365,186.05827645798365,183.47489216654512,184.81678771972656,2592554
2024-06-04,183.53878324859,190.01092866688265,183.53878324859,189.1710968017578,3565809
2024-06-05,189.81008789223222,191.19763481552977,187.9296106681543,191.03330993652344,2888891
2024-06-06,190.94204476760976,191.89140190765812,189.52711276559586,190.28477478027344,3470319
2024-06-07,190.34868237299796,192.5851797414831,189.5636353227116,190.58602905273438,2719555
2024-06-10,191.48974548401006,192.66733081384123,190.90552684125262,192.37522888183594,2809740
2024-06-11,191.498886812237,191.5719233823735,189.09807928114046,191.22503662109375,2445287
2024-06-12,192.38438063320402,193.18769433729733,189.6366859814188,190.33045959472656,2621943
2024-06-13,189.04331311142934,190.75948042103934,188.27651778178932,190.44911193847656,2079242
2024-06-14,189.14371494614397,190.49474369828567,188.05741789638927,190.35781860351562,2375791
2024-06-17,189.8740042435676,193.68061050042022,189.45408092015168,193.4797821044922,3289737
2024-06-18,192.6490952819562,194.6482460976971,192.09224683152814,194.3196258544922,2592447
2024-06-20,194.80343585850272,196.4374481287208,194.3196239859379,195.47894287109375,4288562
2024-06-21,196.98514908884323,197.2498660035224,194.912961869391,196.3461456298828,8412669
2024-06-24,196.45570953013606,199.331210665481,196.18185931665022,197.07644653320312,3112125
2024-06-25,197.9345259734359,197.9345259734359,195.09554339931287,195.7619171142578,3146608
2024-06-26,194.94036588844924,195.41504450676783,193.16029520694494,194.83082580566406,2306508
2024-06-27,195.62499199539496,196.58349720773907,194.44740663337097,195.69802856445312,2029905
2024-06-28,195.47892851751163,197.31376905927823,192.74036760323165,194.93121337890625,5097893
2024-07-01,194.5660911242557,196.7478185952555,192.49390373437345,192.5669403076172,2279559
2024-07-02,193.315492053478,194.693905949421,192.5760669172529,194.64825439453125,2024706
2024-07-03,194.43828813307164,194.68475330144474,193.58932299562522,193.94534301757812,1152989
2024-07-05,194.04575731213643,194.35612579571708,192.3752415490042,193.74452209472656,1437973
2024-07-08,193.42501453000216,194.6482366739571,192.63083420195844,193.1876678466797,1950224
2024-07-09,193.24246062585058,193.6167324479246,192.21093349309152,192.24745178222656,1459299
2024-07-10,192.79513877147033,196.20922144753763,192.40261525168424,195.79843139648438,1901100
2024-07-11,196.2639850227846,197.78845705981604,195.03162968894125,196.12705993652344,2864806
2024-07-12,196.7478154569343,197.95278588750244,193.82667770623837,196.36441040039062,2216641
2024-07-15,195.71629418234062,197.47809832790372,194.81255894339378,196.9212646484375,1837864
2024-07-16,197.03992065981643,199.92453995570662,196.85734401904924,199.4315948486328,3160189
2024-07-17,199.9154101828131,201.47640058602812,198.86563142692836,201.0199737548828,2852074
2024-07-18,200.81003069461372,201.549441047266,198.56441461540123,198.7013397216797,2297489
2024-07-19,198.75610554584037,199.1303773475571,195.57023598738513,195.90798950195312,2822897
2024-07-22,196.51047490377584,198.19013876907619,195.01338769562722,198.0623321533203,2954461
2024-07-23,198.07146120366258,199.78762854086432,197.36855438946404,198.4365997314453,1900463
2024-07-24,198.43659632434202,198.79261635847234,194.55695334967518,195.03164672851562,3739601
2024-07-25,185.11803144321743,187.34539561619937,181.65831184013317,184.8076629638672,7091406
2024-07-26,185.33710413247334,189.69142549151474,180.96453102082225,185.07237243652344,7906996
2024-07-29,185.7935476798302,186.00350935810263,181.77697944439097,183.8491668701172,3049208
2024-07-30,184.3512393832495,186.1769467849634,183.91306428648892,184.98110961914062,2767619
2024-07-31,186.00350611465902,188.7420672572056,184.52467068353545,186.9072265625,3526658
2024-08-01,186.52383125533487,188.74206217415846,183.94044703767392,186.75204467773438,3971323
2024-08-02,190.10221671065938,190.7503386666186,183.7578631283591,185.93959045410156,3583740
2024-08-05,184.88069331772417,184.88069331772417,179.74130969148112,182.3064422607422,4154133
2024-08-06,182.2973192288361,184.56120191919408,181.1927702952286,181.4757537841797,3850475
2024-08-07,183.07323190808344,186.1769463060109,180.47159591158444,180.67242431640625,3493024
2024-08-08,180.6724108914446,183.06408503922276,180.6724108914446,182.40682983398438,2611227
2024-08-09,181.6857056687817,181.80436423939872,180.3072918088426,180.95541381835938,2003274
2024-08-12,181.16537185760717,181.20187536533385,179.4035529642395,179.64089965820312,3261408
2024-08-13,180.0699477565707,180.2068728621784,178.56374203738898,179.5861358642578,3967291
2024-08-14,178.91971089473702,180.55372289906563,178.52718741230618,180.38027954101562,3682943
2024-08-15,181.61265305556256,182.7811051343001,180.836724498716,181.1653594970703,3077112
2024-08-16,181.3581001944034,183.21216368266633,180.66054543588766,182.19334411621094,2982577
2024-08-19,182.1566497413168,183.0469634279317,181.58757115905374,182.68899536132812,2168896
2024-08-20,182.65229747268992,184.0382387173054,181.67019593049343,183.63438415527344,3247084
2024-08-21,184.34112851019222,185.20390731996653,183.4691664600121,184.87347412109375,1893673
2024-08-22,184.25853427959728,184.8275980244876,182.94599951036767,183.69863891601562,2066404
2024-08-23,185.12131573541586,186.12176892347287,184.3411414556684,185.84642028808594,3128252
2024-08-26,186.8652059524001,187.99416496103996,186.24107253639625,187.10385131835938,1946723
2024-08-27,187.2140043252649,189.3525998145106,187.02126028627794,189.17820739746094,2506188
2024-08-28,189.6371526573171,190.08689375123487,187.0488158376133,188.15940856933594,2481467
2024-08-29,189.37093962318025,191.28925609105883,187.64538204187693,190.4631805419922,2513721
2024-08-30,190.8945756289091,191.60132851486657,188.43474510799692,190.83033752441406,2040727
2024-09-03,190.59170075073735,190.83034613698572,187.3425126117779,188.03089904785156,2182371
2024-09-04,188.40721553357898,190.1144215929012,188.32461094581362,188.655029296875,1845610
2024-09-05,188.33376943221984,188.55406318096644,185.12129962081843,186.30532836914062,1604444
2024-09-06,186.3236792516314,186.4154670749444,181.59674751732678,181.85374450683594,2695683
2024-09-09,183.55178453590148,185.13049958266717,182.7899767357609,184.63485717773438,2440724
2024-09-10,183.84549429453355,184.65320341691663,182.25761091259355,184.4420928955078,1480519
2024-09-11,184.3411378786799,187.57197438913275,181.14701947210392,187.27825927734375,2904700
2024-09-12,187.1864563303876,188.15020617693594,185.28650635768355,187.8564910888672,2063327
2024-09-13,187.672926531202,188.72846426258198,186.83768255869393,187.37921142578125,2093671
2024-09-16,189.0772251327139,189.94917223819579,186.993699656001,187.86566162109375,1657494
2024-09-17,188.15937727950538,188.8385952879419,186.82850584303557,187.46182250976562,1529538
2024-09-18,187.46181759455968,187.90237536187303,184.11165870114817,185.0753936767578,2537275
2024-09-19,187.3884079890281,188.65504146904652,185.57106236209552,186.96620178222656,2859607
2024-09-20,187.04878251075277,187.04878251075277,185.36911141994565,186.64492797851562,4063418
2024-09-23,187.2507201832375,187.2874382862847,185.96572031309964,187.0304412841797,2401892
2024-09-24,187.03043848597238,189.07724609113754,186.0391537358176,188.40721130371094,2739184
2024-09-25,189.2608218533663,190.69266450829232,188.39804296390915,189.79318237304688,3032444
2024-09-26,190.6559454667285,191.37186673487767,189.59123937519155,190.0226287841797,1695478
2024-09-27,190.45401105674517,193.5288065281813,190.1144094865756,190.57333374023438,2604012
2024-09-30,191.00472895015602,191.64721400907823,187.45264263658348,189.72891235351562,2784488
2024-10-01,189.47191268722563,190.91293843359512,188.00335207957067,189.1414794921875,2440618
2024-10-02,188.68254326698286,189.12311587922704,186.9294509173343,187.13137817382812,1954150
2024-10-03,185.8647466968897,186.84684812923066,185.03868604317572,186.21353149414062,2172504
2024-10-04,187.76471634696142,188.23282387245578,185.07540874517437,187.03961181640625,1743754
2024-10-07,185.598584045013,187.5444354738614,185.14884300578765,186.6265869140625,1911285
2024-10-08,191.54625183497026,192.45491710150196,187.04878226457706,189.99508666992188,4384476
2024-10-09,190.01342954345998,196.44756689374302,189.90329010526716,196.14466857910156,5392639
2024-10-10,194.12541726347956,196.11715518752933,193.77663243128177,196.0529022216797,5260014
2024-10-11,197.5031106261106,198.77892725973203,196.1722242675457,198.24656677246094,4041880
2024-10-14,198.47600730517837,199.83442837832604,197.5765253226174,199.7242889404297,1962850
2024-10-15,200.09143674236134,201.21121252406303,198.69631235024607,199.42140197753906,4189252
2024-10-16,199.23785427646422,201.5691938163325,198.76974674840378,200.97259521484375,2754780
2024-10-17,201.0093039930419,202.0005888021543,200.41270537512776,201.51412963867188,3326235
2024-10-18,199.83446152560217,203.82712082889995,199.83446152560217,203.78121948242188,4279756
2024-10-21,203.7353292544722,204.66236109286595,202.0097715139272,203.30393981933594,3915196
2024-10-22,202.43197011628462,204.53384748606834,201.7068655908844,204.0841064453125,4256202
2024-10-23,203.3406366612843,204.33192143658462,201.1653379316153,202.23922729492188,6561012
2024-10-24,196.75966382403982,198.43933509342455,191.73901649814752,191.92259216308594,9230912
2024-10-25,191.92256966921144,193.07906353162943,189.66465166547997,190.91293334960938,6459262
2024-10-28,190.96801547811404,191.5646140685823,188.07678063422242,189.1690216064453,6466158
2024-10-29,188.18690639812144,190.54579544533374,186.35120941656976,189.05886840820312,6441119
2024-10-30,187.65458727712593,189.6554937029036,186.40630542662424,187.4251251220703,5680806
2024-10-31,187.83817055440602,189.21494354051327,186.68167649099934,188.78355407714844,4938531
2024-11-01,189.34340021901076,192.3172394331489,188.87530759333148,192.0051727294922,4757842
2024-11-04,191.67473608969962,191.67473608969962,189.46271948404276,190.49070739746094,4275724
2024-11-05,191.09648479071168,194.437460292307,189.6462907731736,191.62884521484375,7827634
2024-11-06,194.63941829525305,199.0726502046751,191.91340736475613,198.62289428710938,6527484
2024-11-07,199.1277118185115,200.412696831458,197.72338925553353,199.6325225830078,5700965
2024-11-08,199.58664535772533,201.6609879560339,198.72386648194816,201.4590606689453,6042183
2024-11-11,201.19285518857686,206.81010041796927,201.19285518857686,206.73667907714844,7743602
2024-11-12,219.6967536773433,222.8266191840393,210.7201652515497,214.6944580078125,11765111
2024-11-13,215.69492096213054,217.0992286914694,213.10656954738695,213.9234619140625,5868497
2024-11-14,213.8500236703585,215.30021777015597,211.37182676279727,211.72061157226562,4071057
2024-11-15,211.2225310605831,213.2517443883377,210.65987943812033,211.2133026123047,3934082
2024-11-18,211.66527633580637,212.20947107135189,210.5492015193897,211.0841827392578,3656312
2024-11-19,209.68219269478203,211.1395410309337,208.70448479305452,210.48464965820312,3921987
2024-11-20,209.59917809948305,211.12108075744487,207.91123802230877,209.07342529296875,4915189
2024-11-21,210.30017463336958,211.10263155645768,207.36703614284647,208.53843688964844,5974279
2024-11-22,210.06957791063974,212.25558532054865,209.4884843089648,211.32398986816406,4068192
2024-11-25,213.17795922196566,213.98043108481193,211.86820639645265,212.69833374023438,4071800
2024-11-26,213.80519612914412,214.45084414132106,212.0065743059212,212.5138702392578,4459489
2024-11-27,214.15565197486444,214.8751125458527,211.6560416710394,211.81283569335938,3045070
2024-11-29,211.60071636114412,215.16106088613813,211.60071636114412,214.8474578857422,2034468
2024-12-02,215.08726510518542,215.56690552534502,211.96966210520893,212.0988006591797,3422149
2024-12-03,210.42930138787798,211.4070092550345,205.83590815580615,209.34091186523438,4268721
2024-12-04,209.7467532729407,212.27404909973808,209.184101617306,211.9512176513672,2816743
2024-12-05,212.09879567804964,212.2740466070283,208.00346996883604,208.72291564941406,5499906
2024-12-06,209.64529455106373,210.26328706186223,208.18796114267036,208.80593872070312,3373874
2024-12-09,209.04575148362625,210.06035821671193,207.47772153860612,207.61607360839844,2697911
2024-12-10,207.68064035146404,211.72062526946723,207.14567404387208,211.29632568359375,3764322
2024-12-11,213.88818479480364,215.83438694090435,210.17103142821952,211.2778778076172,4649833
2024-12-12,210.06957727563852,212.08956220260987,209.6914050132668,210.0142364501953,2881252
2024-12-13,208.4000733878831,211.30554130552997,208.33551904852973,209.9496612548828,2580564
2024-12-16,214.4139395154685,219.46851612581975,212.28325797589716,217.6791229248047,8697335
2024-12-17,219.6714418941272,219.80979396240383,213.65759928722915,215.03192138671875,5710726
2024-12-18,215.5576761851345,216.4800432259166,208.83360134389355,209.24867248535156,6821063
2024-12-19,210.8720338360891,215.37318718328441,208.73213881319876,209.26710510253906,5167601
2024-12-20,207.68062500186002,211.9143025022997,207.1825426607323,210.59530639648438,7250025
2024-12-23,210.08800579417357,210.53074730214834,208.40929437579496,209.5069122314453,3679336
2024-12-24,209.05496906253276,211.48079664689737,208.13260206818967,211.1302947998047,1987890
2024-12-26,211.01962060390142,213.9988714766655,210.68756070917053,213.8605194091797,3258862
2024-12-27,213.06726943699024,213.58379376153457,211.0380560671629,211.6929473876953,3239976
2024-12-30,209.51616092445755,209.77442309587394,207.9020036871489,209.00885009765625,2516268
2024-12-31,209.51616062476572,209.88510445015208,208.08648276884162,208.35397338867188,2054945
2025-01-02,209.44237356726316,210.29095784836008,207.21023867092714,208.01271057128906,2216960
2025-01-03,208.4369762365134,209.76518590063472,208.3262945866307,208.93505859375,2797963
2025-01-06,207.23788310742975,209.30399525480152,204.17562121237603,204.526123046875,4062887
2025-01-07,204.30477594049074,205.7621092842293,202.83819921515953,203.50230407714844,3199976
2025-01-08,203.00423539659954,204.19409304475843,202.18332157335573,203.07801818847656,3310851
2025-01-10,202.89355232504224,202.92123767320095,199.49001656790685,201.25173950195312,3803791
2025-01-13,200.77209845895516,211.1948696633326,200.5415067042659,202.09107971191406,5721230
2025-01-14,203.23482716508738,203.39162119762165,197.94043026594463,201.53765869140625,4267024
2025-01-15,202.7182959582855,203.41007120639884,199.40698529648358,202.49691772460938,4931316
2025-01-16,202.9212361369176,207.09955842618194,202.8474384079184,205.40240478515625,4893014
2025-01-17,209.23022171879217,209.257892131541,205.0334429001174,205.30091857910156,3553395
2025-01-21,206.02961097558435,210.05113922614507,205.8635884843578,207.59764099121094,4940653
2025-01-22,206.61068755597788,207.1087699212683,205.35626066057324,205.77133178710938,3153823
2025-01-23,206.10340342247636,208.5200027309483,205.4577405072327,208.14183044433594,3221833
2025-01-24,207.53305105906333,209.51615203817616,204.10184525133747,204.31398010253906,6719207
2025-01-27,203.15180797357343,208.33552301563415,203.0134409784685,208.1879425048828,3300347
2025-01-28,207.27480441503198,207.27480441503198,203.07802532739132,203.56687927246094,3818751
2025-01-29,203.79745452867667,205.503836440026,203.52075040586948,203.8896942138672,2033194
2025-01-30,204.8120683975378,207.25635294354134,204.3785553013962,206.66603088378906,1924017
2025-01-31,205.5499753169108,208.4093161221482,205.27325624576613,206.35243225097656,2632978
2025-02-03,205.22713049880196,205.96501810825933,202.60759513987065,205.1441192626953,3417057
2025-02-04,207.13645691462412,208.17873410591034,205.78979022410903,206.1956329345703,3652917
2025-02-05,206.19562237495802,206.80438640947415,202.22943516815874,205.0887908935547,4877311
2025-02-06,198.30936651579816,198.53072981575087,190.1740711165987,193.531494140625,12928603
2025-02-07,195.5422511268145,196.83357686737247,189.4361690700259,189.5653076171875,7105093
2025-02-10,190.51533398686678,192.92271947187547,189.15945398405498,192.3323974609375,7032520
2025-02-11,190.53378796017924,193.08875410897417,189.80512878124907,190.8750762939453,3264909
2025-02-12,189.62989092757508,190.2755389128818,188.39390592066343,189.09490966796875,3621193
2025-02-13,190.47844709899283,191.20712121055072,188.7259527846226,189.334716796875,3588408
2025-02-14,188.91963335052273,189.21479435528866,185.8942703835809,187.0103302001953,5677835
2025-02-18,188.55071293250523,192.21251073678292,187.03802379514912,191.8896942138672,5196672
2025-02-19,191.78822166765698,195.26555494079315,191.7789932188375,194.44464111328125,5373541
2025-02-20,193.31933265827797,195.08105530116885,192.65522786584143,194.9427032470703,3857796
2025-02-21,194.76746230806657,196.0034322759118,193.14409163614366,195.48690795898438,6601648
2025-02-24,195.32089924071616,198.48462957065246,193.4392662778186,193.61451721191406,7153474
2025-02-25,194.75825184955883,197.22097849716204,194.63835667396808,195.54226684570312,4030102
2025-02-26,194.4631023616209,196.197154812575,193.4669375808422,194.92428588867188,3317429
2025-02-27,195.34856399508928,198.20790475337841,195.19175503073882,195.7913055419922,2923479
2025-02-28,197.50682636697528,198.23012247197852,195.28128603217996,197.41409301757812,4219173
2025-03-03,198.1837521351269,200.35364032785424,195.68928973145862,196.60733032226562,5658844
2025-03-04,196.31059104834193,197.08024628390484,192.72191419042807,192.8795623779297,7386470
2025-03-05,192.87957616917444,195.13292004529558,191.75752813790584,194.38180541992188,5618844
2025-03-06,193.75122512801713,196.3476836710449,192.78682538273918,195.90257263183594,5349986
2025-03-07,195.89332124967743,199.7045465676209,195.4667658290882,198.9256134033203,6029345
2025-03-10,198.71230721297795,202.58844697199856,198.05392597919425,198.27647399902344,4431903
2025-03-11,197.97046496455658,198.21156865445343,191.87806296437765,193.42666625976562,5563354
2025-03-12,192.0357173153672,192.6848207135491,189.84727339781583,191.34950256347656,4045063
2025-03-13,190.70965798978727,192.78682785336574,190.19964711529602,191.664794921875,3746391
2025-03-14,193.31540284096874,195.80057250498777,192.77755842830734,194.24270629882812,4121348
2025-03-17,193.28757579776808,195.76348252644124,192.62917956264528,195.12364196777344,4684421
2025-03-18,195.11435712356348,196.13439384805105,193.64920937038605,194.49305725097656,4043471
2025-03-19,195.00308457118672,196.70005818289457,193.1670184534412,193.4822998046875,6799206
2025-03-20,192.4993684203168,196.2827748376929,192.23044622093718,195.55947875976562,3801457
2025-03-21,193.92743332538527,196.078781043857,193.6028740985382,194.845458984375,6944351
2025-03-24,196.25496224902741,197.21936205288566,195.19782909644906,196.44969177246094,4507340
2025-03-25,195.7449362646774,197.52536551631692,194.9845438232124,196.7000732421875,4042728
2025-03-26,197.2657095774478,201.3736750805401,197.1544355706251,197.6273651123047,5570993
2025-03-27,197.60881018995636,199.56542819299744,196.83915496470752,198.6010284423828,3802942
2025-03-28,198.69378320035526,199.2779868140494,194.70636909725607,195.04946899414062,3451857
2025-03-31,195.50383811633927,196.9967894110305,194.51161985749798,196.35694885253906,4210366
2025-04-01,195.76349182983483,198.10029114688132,194.43743647102593,197.93338012695312,2720192
2025-04-02,197.04316482802446,200.67820084965524,196.89479447890858,200.28872680664062,3632758
2025-04-03,198.06320102302814,200.5669262615145,191.33095837866443,191.655517578125,6907853
2025-04-04,188.47487025621035,189.75455147814608,176.84646524169602,177.10610961914062,8960463
2025-04-07,176.93917213886968,181.9651783624799,170.0585740625016,173.83270263671875,9922684
2025-04-08,174.556003151188,177.27301368776915,167.68466772584355,169.56710815429688,7376072
2025-04-09,167.37866385711277,185.25711889635767,166.32153071295718,184.6265411376953,9698919
2025-04-10,182.66992955864822,185.0438250905994,175.07528339359936,179.3316192626953,6176399
2025-04-11,178.765980798988,184.91400514169598,177.67175130639185,184.1165313720703,5414177
2025-04-14,184.5523587632319,186.7222469898073,183.79196634692298,185.6929473876953,4766118
2025-04-15,186.2307830872389,187.6495567839841,183.9681614383182,184.35763549804688,3203690
2025-04-16,183.14285065309554,184.15362461881296,178.51559625618313,179.22962951660156,4380763
2025-04-17,181.056425866482,183.91252900841167,180.80605933000834,182.30828857421875,3411752
2025-04-21,180.80604248865978,181.5664198661669,178.15394696104272,180.1105499267578,5250359
2025-04-22,181.62207905119263,185.1365632755295,181.20478650011566,183.94961547851562,4611849
2025-04-23,185.1180071138146,186.6480697886334,182.51228566772124,182.96665954589844,4411320
2025-04-24,182.98520206841306,186.94479705137138,181.97442818779652,186.14730834960938,3437322
2025-04-25,184.7192710236512,185.9989521688309,183.4117713758669,184.6821746826172,3860979
2025-04-28,185.062376645784,187.0560911075939,183.59724377525941,186.07315063476562,6037727
2025-04-29,192.36953496950116,196.98752639716795,191.8224277557327,196.11585998535156,9278021
2025-04-30,195.77275594775352,196.27350402352653,190.83022006113092,195.1978302001953,5338952
2025-05-01,195.10508327065003,196.15293851754026,194.5208797250257,195.42037963867188,3810688
2025-05-02,196.75571702648466,199.31507947241482,196.60734666601348,198.56396484375,4645589
2025-05-05,197.5809872651082,199.87144225130015,197.02460222864406,198.6752166748047,6668491
2025-05-06,197.26572449085407,197.78501323707397,194.26125101608548,194.6692657470703,5442081
2025-05-07,198.35066722631947,201.0120256839365,197.63663397293104,199.00904846191406,4598374
2025-05-08,200.01981105262195,200.9100180964895,198.2393819522042,198.94412231445312,4139598
2025-05-09,198.9441174008444,199.25941375434525,197.21006252000106,197.5438995361328,2540034
2025-05-12,202.15261805787512,203.50649190778924,200.78948138206007,203.3952178955078,4278483
2025-05-13,203.78467995968063,204.35034288074243,202.2082580618326,202.35662841796875,4093550
2025-05-14,200.64111257149045,202.338086309887,200.13110167371622,201.39222717285156,3432335
2025-05-15,201.87443178980334,206.77060840164577,201.87443178980334,206.13076782226562,4385007
2025-05-16,207.19327900062703,207.83638877053744,205.62745307797087,207.73387145996094,3072656
2025-05-19,206.55016341980533,209.80299805868603,205.62744729301855,209.65386962890625,3623527
2025-05-20,208.08804808916105,209.95213086619324,208.08804808916105,209.76571655273438,3536950
2025-05-21,209.17852038742905,209.67250170163933,206.45695299350436,206.79249572753906,3831695
2025-05-22,206.34512407217133,209.73776206882422,206.15872484263224,208.4329071044922,3093346
2025-05-23,205.81386934456864,207.8457312225017,205.81386934456864,206.941650390625,2691969
2025-05-27,209.16921849528617,211.35019353978393,207.22123870917963,211.07058715820312,3279339
2025-05-28,211.07059311669136,212.40340872216694,208.94552419913023,209.3463134765625,2740245
2025-05-29,210.21311938653898,210.55797231475393,208.06941496049922,209.88690185546875,7151246
2025-05-30,211.2476762498637,211.5925291503094,208.56337953948554,211.2663116455078,8805876
2025-06-02,209.70980207165965,210.58592221240426,207.87367987321275,210.19447326660156,2685815
2025-06-03,209.70978945997643,211.77893697805612,209.70047930713412,211.35951232910156,2980455
2025-06-04,212.02126202950706,213.22359963822058,210.8189244207935,211.99330139160156,1944495
2025-06-05,212.01195381210988,212.43136338452115,210.75369491609763,211.2663116455078,3447826
2025-06-06,213.20496477706354,214.8080765629028,212.64573692816347,213.23292541503906,2350858
2025-06-09,213.14905159871958,213.1583617521391,211.13582523044062,211.69505310058594,2717327
2025-06-10,211.68573396628565,212.14242941432377,210.3901892039234,210.88417053222656,2827671
2025-06-11,210.56728247521085,211.38748132107463,206.58745604212947,210.4740753173828,2645816
2025-06-12,209.7377541792924,211.30359516697948,208.56337721087434,210.68844604492188,1696327
2025-06-13,209.6166032306195,210.7630196533169,208.32107345367274,209.04806518554688,2649317
2025-06-16,210.2410599714439,211.0146627647048,208.33969133661464,208.86163330078125,2587779
2025-06-17,208.40495032981192,208.89893168580375,206.4290098164548,206.71795654296875,3294829
2025-06-18,207.06279194531862,208.39560746053283,205.8790897681325,206.79249572753906,3817796
2025-06-20,208.20922354523003,208.21853369867316,205.2359951099206,206.72726440429688,6233481
2025-06-23,208.14397805423437,209.70980403085298,206.67134414884632,209.4674835205078,2737062
2025-06-24,210.25970654045554,210.74437773964453,208.45154496514982,209.3369903564453,3802412
2025-06-25,209.41154843827812,209.41154843827812,206.12144278284813,206.71795654296875,3187032
2025-06-26,207.67795127843064,211.09854985656108,207.03484150512926,210.9960174560547,2790324
2025-06-27,210.80030469658738,213.4007045726711,210.4461265305284,213.29818725585938,5299165
2025-06-30,213.29816472038087,217.68809035981218,212.80416831720308,217.05429077148438,4308721
2025-07-01,217.70674086693873,222.64656943712023,217.34323747092725,222.54405212402344,4160605
2025-07-02,221.9754991023327,224.17512469669725,220.81977257188075,223.00074768066406,4353601
2025-07-03,223.58793225451853,224.90211244233913,223.12191155342143,224.0632781982422,2019295
2025-07-07,223.56929642956058,224.52929846840254,221.77044505884234,223.08462524414062,2875947
2025-07-08,223.0193876331106,225.22833851539434,222.78637727370173,223.50405883789062,2936636
2025-07-09,224.34288392656117,225.29357581122608,220.63335372450464,222.4974365234375,2309797
2025-07-10,221.6586147362646,223.11259819397696,220.43764164151116,220.67996215820312,2402210
2025-07-11,218.44306549380005,220.00889151001184,218.09821257123568,219.8970489501953,2564649
2025-07-14,220.42829512499347,222.5533488265155,218.68536510318222,221.8822784423828,3088783
2025-07-15,221.07142581322864,221.46288986163347,219.2073429128803,219.3098602294922,2498973
2025-07-16,219.45898051254431,220.89432851747412,217.1754730087646,220.78248596191406,2997007
2025-07-17,220.53082118146565,222.46947574116012,220.12072175881448,222.1712188720703,2659503
2025-07-18,223.4294794801717,223.4294794801717,219.253928549279,220.46559143066406,3834242
2025-07-21,220.46558878993136,222.15258250736574,219.19800464652283,219.23529052734375,3070534
2025-07-22,219.16072778147,220.9595792153678,218.40577542777726,220.50286865234375,3617055
2025-07-23,221.45357015950228,224.1658126580988,221.1087172286117,223.0100860595703,4062675
2025-07-24,210.75369858370996,214.9199242784994,208.59134380762853,209.2251434326172,11877152
2025-07-25,210.94010422138402,211.20107521981905,207.18397783887798,209.00144958496094,6333215
2025-07-28,209.83097408787432,212.27293532908058,209.4488352877931,209.7843780517578,5117309
2025-07-29,210.352915053024,210.64184669006383,206.2053246409775,206.6527099609375,3994135
2025-07-30,207.27716504376124,209.14126296088386,206.18668503959555,207.06280517578125,5035612
2025-07-31,206.50358172391708,208.5261182745737,206.2612461225268,207.23989868164062,3241143
2025-08-01,206.32647998894254,206.57812572845043,202.40257492900415,202.91519165039062,4208987
2025-08-04,203.48376094347367,205.80455441689088,202.99910482120887,205.78590393066406,3662890
2025-08-05,205.06822460665134,206.3264835044074,204.59287866787056,206.0375518798828,2631068
2025-08-06,206.58745600541198,206.820466355246,204.11753422566005,204.3319091796875,2963267
2025-08-07,205.31055850185516,205.52491836315144,200.95790350609266,201.8619842529297,3079553
2025-08-08,202.0390711109982,202.90588105731211,201.32140468473594,201.61033630371094,3246130
2025-08-11,201.61035168125858,201.87132268247635,199.64373638436874,201.7408447265625,2558389
2025-08-12,201.917933944399,202.51443262355988,200.90199548924878,202.26278686523438,4615244
2025-08-13,202.59831532397448,204.9936654716997,202.44918688126188,204.80726623535156,3849414
2025-08-14,204.201426535063,204.201426535063,202.514417758816,203.3719024658203,3153716
2025-08-15,204.2619674229588,204.2619674229588,202.16331601151646,203.09083557128906,2908201
2025-08-18,203.0533696983043,203.69045353062148,202.2944721367043,202.7441864013672,4364105
2025-08-19,202.6130297838637,204.40249789238604,201.8728797945305,203.06272888183594,2521679
2025-08-20,203.36253257606847,205.66730105901917,202.57554400918534,203.3063201904297,4309252
2025-08-21,202.82850675815175,204.02774480775446,201.4325405199506,203.6998291015625,2851331
2025-08-22,205.70478166007055,209.00264068858087,204.88031311095796,208.76841735839844,3483051
2025-08-25,207.7472142630283,208.38429810781776,206.58547134983098,206.6885223388672,2394783
2025-08-26,206.32314374831023,208.74969575441193,205.9671218411398,208.51547241210938,4304477
2025-08-27,207.63479509851544,208.66538085643538,206.76348789006812,207.28814697265625,2240514
2025-08-28,207.7097364827743,207.8971212240232,205.9109097057246,207.3818359375,2758918
2025-08-29,207.11948576324568,207.61605379764848,205.348765227348,205.6485595703125,2112557
2025-09-02,203.33443638051608,204.35564832708377,201.8072977703845,203.86846923828125,3450372
2025-09-03,203.47496851931544,203.52182228854699,199.14652357983104,200.4956512451172,3736418
2025-09-04,200.24267423229628,202.02278371420806,198.71553565988793,201.5824432373047,4939486
2025-09-05,201.41379610619384,202.6411403688482,199.9054050691568,200.72987365722656,4355299
2025-09-08,201.26390465669527,201.6199113910366,199.12777324300356,201.1983184814453,4842192
2025-09-09,201.39505770596605,201.72297340754534,198.56563012038853,200.68301391601562,3124751
2025-09-10,200.467547476543,200.81419560052325,198.0409802727991,198.34078979492188,4546597
2025-09-11,198.54690093953377,202.51933906764555,198.12529286380553,201.7229766845703,5920911
2025-09-12,200.54248826662158,201.03904114174298,197.62874202359538,198.11593627929688,3362309
2025-09-15,198.39699778759902,199.49316969259368,197.394518252184,198.37826538085938,4022994
2025-09-16,198.32204488504118,199.85854204515894,197.31019160365187,197.6381072998047,3543528
2025-09-17,198.3126782146598,200.1677325184833,196.98228297633253,198.32205200195312,5742450
2025-09-18,197.76926724404822,199.9335048017559,196.79490909685666,196.93544006347656,4725270
2025-09-19,197.77863729539297,197.77863729539297,194.3308583611131,196.15780639648438,11677472
2025-09-22,195.57694913912295,197.25399254514332,194.24655385865037,195.81117248535156,5098529
2025-09-23,196.22340684331087,197.70370688593883,195.63316158377827,196.1016082763672,6615653
2025-09-24,196.0922328894877,197.0103938599324,195.08039471564206,195.43641662597656,6534487
2025-09-25,195.71747880515315,196.16719308736512,194.21844636572092,194.59320068359375,4322514
2025-09-26,195.2677523675226,195.8579975862015,194.26528804240297,195.05227661132812,3768248
2025-09-29,196.64501443776018,196.8979701906613,191.47333808920132,196.07350158691406,5981918
2025-09-30,195.76432831983647,197.7880197938931,195.2958664727514,197.2165069580078,4437420
2025-10-01,197.21651179281588,199.36200188291775,196.7386913146337,196.9167022705078,4124319
2025-10-02,197.21650022854692,199.57748111835483,196.83237214460294,197.69432067871094,4570364
2025-10-03,197.66621738292014,198.649949322799,195.26775647788094,195.85800170898438,4590417
2025-10-06,196.748065870266,197.21651256272324,194.6868943562778,195.81117248535156,5471895
2025-10-07,195.46451898309462,196.4482509430185,194.69626278829162,195.7924346923828,4109677
2025-10-08,195.66126154390534,196.63563488046555,194.78058057646564,196.60752868652344,2985760
2025-10-09,196.73868901132835,196.7480627987723,190.63950831701032,191.34217834472656,3983949
2025-10-10,192.03547533797504,192.5132958124367,188.05367849863697,188.231689453125,5870195
2025-10-13,189.63702208137948,190.4146368773958,187.95060497358142,190.10546875,3950634
2025-10-14,188.7094906695133,195.55821020718062,188.64391966239225,195.44577026367188,4297262
2025-10-15,195.60504881658758,196.19529405628788,189.3465896862495,189.72134399414062,4700548
2025-10-16,190.8456282040441,191.94178496896564,189.47775294287516,190.3490753173828,3294299
2025-10-17,190.31159177857418,192.06357994654567,189.2716322547345,190.15231323242188,4109677
2025-10-20,191.44522879797995,193.178484561741,191.42649639108544,193.02859497070312,4147661
2025-10-21,193.13164075827416,197.31956977356978,192.88804363550287,195.8861083984375,4031800
2025-10-22,196.56066659842787,196.92606227215003,193.00047806606077,193.5719757080078,4532910
2025-10-23,201.43254366476205,208.44052666279086,200.72987364106928,206.74473571777344,10045972
2025-10-24,206.98833374520953,206.98833374520953,201.19832119720374,202.50059509277344,8531289
2025-10-27,205.14264551843883,205.37686885191457,201.15145989433145,201.4981231689453,5723140
2025-10-28,201.2545303088831,201.88224036183988,199.71801792814358,200.87977600097656,4500232
2025-10-29,199.9147613663383,200.9266146828302,197.21650607961402,199.4556884765625,4441983
2025-10-30,200.59851955080217,203.99815562207084,198.6104272166375,198.9185791015625,6511200
2025-10-31,197.6163815431077,200.668095396343,197.46726551690847,200.13131713867188,4067800
2025-11-03,200.13131595391746,200.25059663981807,195.926504928573,196.59251403808594,4963400
2025-11-04,196.48316606966705,196.83107312214705,193.5208976154123,195.29031372070312,5727000
2025-11-05,194.95232971307234,198.5408369880859,194.14715474345542,195.87680053710938,4206400
2025-11-06,194.82311682336902,196.07560955321213,194.05769701560547,194.74359130859375,3031300
2025-11-07,194.88275798437985,195.2704353905712,192.54674337787998,192.91455078125,3706900
2025-11-10,193.8290620172005,195.31018105616488,192.4672084931814,194.9026336669922,3820700
2025-11-11,195.31018753358987,200.31023856290952,194.61435824711276,199.216796875,4196500
2025-11-12,199.7833865043898,201.07564950402838,198.39172799274223,200.38975524902344,4606900
2025-11-13,200.07166634121896,201.83111704849674,198.34202063609467,198.67999267578125,4162200
2025-11-14,198.4600067138672,199.55999755859375,195.6699981689453,199.0399932861328,3725400
2025-11-17,197.88999938964844,199.35000610351562,194.97000122070312,196.0800018310547,2837500
2025-11-18,191.8300018310547,193.83999633789062,190.57000732421875,191.4499969482422,6072500
2025-11-19,190.67999267578125,191.35000610351562,189.00999450683594,190.57000732421875,3394100
2025-11-20,192.42999267578125,193.25,186.75999450683594,188.13999938964844,3673200
2025-11-21,188.27000427246094,191.0800018310547,187.83999633789062,190.02000427246094,4711500
2025-11-24,190.0500030517578,190.19000244140625,187.0399932861328,188.66000366210938,5304200
2025-11-25,189.82000732421875,191.6300048828125,189.22999572753906,191.02000427246094,3663400
2025-11-26,192.2899932861328,192.2899932861328,189.9499969482422,189.99000549316406,3120900
2025-11-28,190.0,192.39999389648438,189.60000610351562,192.19000244140625,1644100
2025-12-01,190.27999877929688,192.16000366210938,189.97999572753906,190.22000122070312,3220200
2025-12-02,190.8000030517578,193.72999572753906,189.52999877929688,193.14999389648438,4477200
2025-12-03,193.3300018310547,195.1999969482422,192.77000427246094,193.47000122070312,4181000
2025-12-04,193.4600067138672,193.9199981689453,191.4600067138672,192.22999572753906,4006200
2025-12-05,192.77000427246094,193.36000061035156,190.64999389648438,191.3300018310547,4294300
2025-12-08,192.13999938964844,192.36000061035156,190.52999877929688,191.99000549316406,3239800
2025-12-09,191.1699981689453,192.69000244140625,189.86000061035156,190.1699981689453,2772000
2025-12-10,190.16000366210938,192.6999969482422,190.1199951171875,192.05999755859375,5567800
2025-12-11,192.67999267578125,194.42999267578125,192.63999938964844,193.85000610351562,3733700
2025-12-12,194.1199951171875,194.72000122070312,192.50999450683594,193.66000366210938,3324500
2025-12-15,195.66000366210938,197.5399932861328,193.3699951171875,197.4499969482422,3462600
2025-12-16,197.32000732421875,198.44000244140625,196.6875,197.0800018310547,1585230
