Date,Open,High,Low,Close,Volume
2015-12-16,27.94551029937966,28.032445342831487,27.47922480570934,27.898090362548828,23257900
2015-12-17,27.913903035531984,27.953418150685376,27.47132590730792,27.589874267578125,24963600
2015-12-18,27.447617067999765,27.46342371680822,26.760044426286903,26.767946243286133,41336600
2015-12-21,26.95761446287773,27.10777305671084,26.72842265007268,27.06035614013672,18006800
2015-12-22,27.155197342389247,27.487127870868807,27.084068941313692,27.447612762451172,18422000
2015-12-23,27.621489901646314,27.700520138636886,27.487134880989988,27.6610050201416,12526500
2015-12-24,27.71631959337646,27.866478210598977,27.62938454637045,27.645191192626953,5893800
2015-12-28,27.621487114463424,27.661002228971384,27.32116681754494,27.605680465698242,9449400
2015-12-29,27.668900291425693,28.12728399898577,27.668900291425693,28.00873565673828,14188600
2015-12-30,27.961313444454028,28.01663518975946,27.62147814340124,27.653091430664062,11566800
2015-12-31,27.518745267133845,27.629388793126243,27.218424971718786,27.226329803466797,14736700
2016-01-04,26.775844577364705,26.878583247472942,26.443911062557877,26.86277961730957,27882200
2016-01-05,26.83906678993087,26.87068007828304,26.499231477167857,26.736328125,16709500
2016-01-06,26.277944789294494,26.49132996590195,25.92230282828206,26.143592834472656,25491300
2016-01-07,25.511339972030395,26.08826894370563,25.163602828979492,25.163602828979492,37680500
2016-01-08,25.361187590686036,25.463929300246114,24.839580240718703,24.90280532836914,29953800
2016-01-11,25.139892869330893,25.46392305996194,25.037152692353704,25.337472915649414,27732400
2016-01-12,25.89068861774135,25.993430295000014,25.50343639661176,25.827465057373047,28587700
2016-01-13,25.890693284312334,26.02504827337598,25.15570230425426,25.21892738342285,34445700
2016-01-14,25.266345543803464,25.977628053640068,25.131992063591735,25.874889373779297,48728200
2016-01-15,23.49604443745803,24.10458682733515,23.274757391979033,23.51975440979004,76373900
2016-01-19,23.693617872271474,23.756842944020782,23.29846079698714,23.551361083984375,28878100
2016-01-20,23.195721733053404,23.60668547283454,23.08507672163252,23.38539695739746,39598200
2016-01-21,23.432816281417143,23.733136528649844,23.10878757236405,23.440719604492188,30157400
2016-01-22,23.8042681916836,23.899105066773583,23.322175969860513,23.65410804748535,25326500
2016-01-25,23.70152693584146,23.883298872725415,23.36959485190316,23.3933048248291,26441000
2016-01-26,23.401210310910212,23.748947568184327,23.401210310910212,23.66201400756836,24754900
2016-01-27,23.614590711443718,23.883297695068194,23.424915459603778,23.559268951416016,26384100
2016-01-28,23.725235154999126,23.851685319780337,23.511849936654006,23.685718536376953,22028100
2016-01-29,23.875391212603795,24.523450121579444,23.788457675805915,24.515546798706055,38311400
2016-02-01,24.278449289113883,24.594576143888826,24.215224219639804,24.357481002807617,19015100
2016-02-02,24.0650664877777,24.096678269950047,23.417007618091517,23.551361083984375,24994300
2016-02-03,23.69487066362034,23.69487066362034,22.73814730101446,23.391908645629883,44660100
2016-02-04,23.232456251425322,23.822436095923013,23.208539115453853,23.734737396240234,29257800
2016-02-05,23.583258068852306,23.726766982320243,23.049086846873102,23.152732849121094,27957500
2016-02-08,22.913547692499957,23.10489237745126,22.56274834308638,22.97732925415039,28725900
2016-02-09,22.714228402234177,23.240426626172244,22.65044684541357,22.9693546295166,22902600
2016-02-10,23.02516819848758,23.120841314401734,22.475052724167114,22.506942749023438,27267800
2016-02-11,22.188029420889972,22.650446072222472,22.06843919601768,22.498964309692383,28450200
2016-02-12,22.778009764012822,22.881655743378982,22.435183328785495,22.833818435668945,19699000
2016-02-16,22.921521635383744,23.08097630720322,22.610586698075462,22.9454402923584,30705200
2016-02-17,23.00922201458205,23.615147642705672,22.905576020987606,23.495555877685547,27691700
2016-02-18,23.543392510891515,23.72676431496479,23.42380074933098,23.455692291259766,20623300
2016-02-19,23.28029702527036,23.383941511455564,22.889633178710938,22.889633178710938,42056700
2016-02-22,23.208540475267295,23.5513669705543,23.120840249773636,23.399885177612305,23893100
2016-02-23,23.360020906359228,23.399885336705797,22.801932567560023,22.96138572692871,26638200
2016-02-24,22.7381523748292,23.360022319119647,22.62653348378088,23.272323608398438,21593600
2016-02-25,23.375960861720845,23.615142822265625,23.080971753922743,23.615142822265625,17571400
2016-02-26,23.82243328959616,23.981887940426585,23.678925928655474,23.758651733398438,19902200
2016-02-29,23.694871040102434,24.02972460250297,23.583253692859692,23.59122657775879,22903100
2016-03-01,23.862301064648197,24.340663563664222,23.71879216287614,24.21310043334961,25502600
2016-03-02,24.157286624936507,24.611731919559507,24.01377926527224,24.3486328125,23779800
2016-03-03,24.819029468447024,24.994429947949982,24.348641282462744,24.380531311035156,25625200
2016-03-04,24.316740904646203,24.603758660955496,23.957968709259585,24.420385360717773,20356800
2016-03-07,24.388494731667873,24.81104847111075,24.316740294391305,24.667539596557617,18858200
2016-03-08,24.579843502255198,24.61970640933342,24.221071255861446,24.364580154418945,19104900
2016-03-09,24.57984284890596,24.747270399663517,24.452279724839443,24.61173439025879,14707800
2016-03-10,24.826989822222853,25.034280225650758,24.22106437851174,24.914690017700195,29584800
2016-03-11,25.249549874304893,25.34522297717458,25.13793252151725,25.321304321289062,22811200
2016-03-14,25.24157836801739,25.26549702520964,24.954560564400257,25.05820655822754,17438600
2016-03-15,24.98644540048373,25.233598709106445,24.763209221960988,25.233598709106445,16927700
2016-03-16,25.106040637909132,25.353193995998954,24.85091439463288,25.26549530029297,26298400
2016-03-17,25.321303286902353,25.648182446616953,25.273467497757814,25.496702194213867,22865300
2016-03-18,25.64020587199666,26.06275804480621,25.560480079847544,26.054786682128906,49934200
2016-03-21,25.696021703191946,25.84750196707134,25.47278698982339,25.783721923828125,21760900
2016-03-22,25.640207666041327,25.879388100568146,25.47278166600698,25.767770767211914,22200400
2016-03-23,25.88736561406222,25.88736561406222,25.496701859054838,25.51264762878418,18765300
2016-03-24,25.409001750265727,25.472783304954795,25.273465756467424,25.416973114013672,14211900
2016-03-28,25.409005227419986,25.512649697721113,25.20968765165654,25.43292236328125,11433000
2016-03-29,25.456836793195553,25.86344324205205,25.29738215079021,25.815608978271484,15313200
2016-03-30,25.8714216180267,26.11060209767538,25.743858492791087,26.078710556030273,16598000
2016-03-31,25.93520354761647,26.038849544834335,25.767777503811093,25.79169464111328,17880000
2016-04-01,25.727911020051245,25.88736567638394,25.592373497697842,25.87141990661621,18049700
2016-04-04,25.672102284733,25.81561117095248,25.305357184319632,25.51264762878418,21581600
2016-04-05,25.42494947777002,25.60832128251101,25.28941346542398,25.43292236328125,20080000
2016-04-06,25.488725737342772,25.696016155483232,25.32927262231542,25.576427459716797,15740600
2016-04-07,25.424943497184024,25.43291638081983,24.99441842555496,25.153871536254883,23738200
2016-04-08,25.32129924190991,25.52858965598538,25.098063060442765,25.217653274536133,17031900
2016-04-11,25.43292166543214,25.783721014938568,25.241576980430192,25.249549865722656,19707700
2016-04-12,25.416973835412637,25.464811143291346,25.01833872712361,25.401029586791992,16774200
2016-04-13,25.48873021745518,25.656157766435296,25.47278596762043,25.616294860839844,19968100
2016-04-14,25.337249033828904,25.42494772706885,25.15387572104214,25.353193283081055,21620900
2016-04-15,25.345227315186687,25.424953140439275,25.018345044825985,25.08212661743164,28782800
2016-04-18,25.058199832127755,25.28940737356912,25.018335414174377,25.233598709106445,21566600
2016-04-19,25.273470089272795,25.361168791584923,25.03428807768,25.193742752075195,33619300
2016-04-20,24.970503623364948,25.719936552576428,24.91469494998455,25.51264762878418,57629800
2016-04-21,25.464812342535257,25.560485442126062,25.361166357922528,25.48872947692871,28431400
2016-04-22,25.305357134335484,25.40103023185026,24.890776246225286,25.225629806518555,29625600
2016-04-25,25.00239664639739,25.114013999781253,24.874833522338008,25.02631378173828,19315700
2016-04-26,25.026311706998015,25.27346656996169,24.850912806125443,25.034284591674805,20976400
2016-04-27,24.914690828698827,25.35318877901511,24.8668550480959,25.313325881958008,20006200
2016-04-28,25.074147773302656,25.281436681944477,24.739294236821898,24.803075790405273,25146400
2016-04-29,24.60376076136909,24.611733646466348,23.997835180028623,24.14134407043457,36443700
2016-05-02,24.276876823027457,24.46822147770746,24.20512238743844,24.40443992614746,21086600
2016-05-03,24.244981071863975,24.36457127016392,23.989854909978263,24.20511817932129,27111100
2016-05-04,24.261415522326516,24.29358100311706,23.883462303643523,24.004085540771484,23278800
2016-05-05,24.020170628571503,24.140793873636344,23.923671112234967,24.044294357299805,23393300
2016-05-06,23.8110916351591,24.213170175252664,23.73871737523763,24.156879425048828,19632200
2016-05-09,24.189039299283937,24.26141354241598,23.931709338728933,23.96387481689453,16888300
2016-05-10,24.12471364456741,24.269462171844093,23.979965117290728,24.237295150756836,17013800
2016-05-11,24.253376292427845,24.325750548997256,24.10058602480266,24.17296028137207,15754200
2016-05-12,24.213166438287793,24.317706167702386,23.778920945778694,23.931711196899414,20826700
2016-05-13,24.012120886031678,24.285534301916854,23.99603738302496,24.05232810974121,19999600
2016-05-16,24.04429109092652,24.575034524157505,24.028207584754053,24.43832778930664,21826100
2016-05-17,24.58307230878517,24.58307230878517,24.012121736099438,24.108619689941406,25709900
2016-05-18,24.148833808114116,24.325747785290925,23.94779457021915,24.116666793823242,22469900
2016-05-19,23.93975243273993,24.068417420224776,23.722629691181385,23.82716941833496,21740900
2016-05-20,23.907588604640008,24.430290377672925,23.883464874901897,24.24533462524414,22777300
2016-05-23,24.309661865234375,24.510701083174734,24.22924587129673,24.309661865234375,20881900
2016-05-24,24.52678627409018,25.025364243717526,24.486579041262257,24.977113723754883,23699200
2016-05-25,25.08969633702736,25.387233536354614,25.04948757103206,25.24248504638672,18359600
2016-05-26,25.322900772094727,25.435482248055003,25.25052652788953,25.322900772094727,12692300
2016-05-27,25.41136472139949,25.451571962962763,25.290741462901725,25.387239456176758,13341300
2016-05-31,25.338985909916282,25.451567393125764,25.17815390492473,25.403318405151367,23040200
2016-06-01,25.427440693700575,25.507855152988625,25.306815937153512,25.459606170654297,17753500
2016-06-02,25.379193702530173,25.54002571105957,25.290737478265942,25.54002571105957,14140100
2016-06-03,25.523944351549222,25.523944351549222,25.250530834323296,25.427446365356445,15777500
2016-06-06,25.443529544262717,25.58827806420784,25.395280548883644,25.475696563720703,15139600
2016-06-07,25.531982566904833,25.74910530645376,25.491775333865828,25.63652229309082,19339100
2016-06-08,25.572193233390397,25.733025254755752,25.564153012749177,25.644567489624023,12732100
2016-06-09,25.475691507895437,25.73302147725881,25.475691507895437,25.684772491455078,11276800
2016-06-10,25.49177474416141,25.926020213213807,25.451565978244936,25.765188217163086,35749100
2016-06-13,25.773230111523205,26.135101359251298,25.76518989162497,25.869728088378906,23004800
2016-06-14,25.741060780559607,25.92601956534585,25.564148350178357,25.84560203552246,18754300
2016-06-15,25.934059169682463,25.942099388666634,25.403315755891235,25.41939926147461,23783300
2016-06-16,25.282696786009033,25.54806853755937,25.105781262436967,25.483736038208008,18547900
2016-06-17,25.51590044963785,25.580232946288067,25.306819452072716,25.54002571105957,27047900
2016-06-20,25.78931361893505,26.08685083701576,25.741063096699513,25.869728088378906,21961600
2016-06-21,25.94209830119048,26.03859933064546,25.805393110884935,25.99034881591797,15476500
2016-06-22,25.974272520683545,26.239645823922018,25.934065281057766,25.966232299804688,18304800
2016-06-23,26.19943246164814,26.53717687671475,26.135098439188766,26.529136657714844,22048800
2016-06-24,25.57218636154052,25.990348277674205,25.25052393905592,25.37114715576172,38094300
2016-06-27,25.258567795578916,25.258567795578916,24.47853616434514,24.703699111938477,34965100
2016-06-28,24.904741886971546,25.08969916377306,24.776076888905656,25.08165740966797,23693900
2016-06-29,25.210318277246998,25.71693643240059,25.178151266096922,25.676729202270508,22771100
2016-06-30,25.733027242637895,26.440686350742887,25.70890197742706,26.376352310180664,34528900
2016-07-01,26.24768002415058,26.448719243781163,26.110974827257007,26.336137771606445,17084600
2016-07-05,26.13509771251237,26.320053420517894,26.102930702177076,26.27984619140625,20107200
2016-07-06,26.376345626298665,26.537177619332798,26.038601201780597,26.51305389404297,21070200
2016-07-07,26.50501238024089,26.97946510424151,26.50501238024089,26.69801139831543,26119400
2016-07-08,27.059887264648484,27.341341018676758,26.939262474284455,27.341341018676758,23341900
2016-07-11,27.373505740548957,27.74341723410934,27.373505740548957,27.64691925048828,23820700
2016-07-12,27.751454626031734,28.121369149504538,27.727330899489157,28.09724235534668,28064100
2016-07-13,28.177658821441288,28.346531036066814,28.04899383873396,28.153532028198242,29120900
2016-07-14,28.250038977185653,28.38674420783576,28.11333067891974,28.30632972717285,25296400
2016-07-15,28.35456901547924,28.378695806816342,28.06507512796826,28.201780319213867,23661900
2016-07-18,28.290238807112665,28.30632231255546,28.10528309594301,28.185697555541992,19347200
2016-07-19,28.057034577914482,28.274157315433808,28.024867564737868,28.266117095947266,20395400
2016-07-20,28.386740523290953,28.89336027503326,28.19374456770415,28.700361251831055,42994200
2016-07-21,27.606710759022437,27.735375753878284,27.22875599455163,27.558460235595703,63708600
2016-07-22,27.646916884193818,27.904246863568876,27.550415841216676,27.872079849243164,33033700
2016-07-25,27.83991896314361,27.952500470450143,27.799711720193564,27.896209716796875,20277700
2016-07-26,27.94445719543328,28.330452207285095,27.904249956876654,28.217870712280273,29644400
2016-07-27,28.14549044321457,28.370653385123482,27.847953260318505,28.008785247802734,23601800
2016-07-28,28.00878938779745,28.00878938779745,27.759499616968487,27.960538864135742,21667400
2016-07-29,27.960537053660662,28.08115875358135,27.823828779278895,28.03291130065918,18171200
2016-08-01,28.000744285015205,28.073118532008678,27.791664831264765,28.02486801147461,18824400
2016-08-02,27.992705273697318,28.04095272869871,27.60671029560919,27.79166603088379,20057300
2016-08-03,27.629611011091907,27.775456718905033,27.54048582597786,27.751150131225586,18388800
2016-08-04,27.783563516079422,28.050945277609063,27.72684607906197,28.018537521362305,16362600
2016-08-05,28.196790390394987,28.464175237024126,28.115766365223486,28.342636108398438,20046200
2016-08-08,28.277811946370704,28.496577389493158,28.245401106327442,28.391246795654297,19497300
2016-08-09,28.39125032396135,28.488479765306447,28.229199194474052,28.294017791748047,12578900
2016-08-10,28.358843270621904,28.358843270621904,27.95371693818445,27.978023529052734,19579000
2016-08-11,28.08336198638999,28.14818369415034,27.94562049370296,28.099567413330078,16364100
2016-08-12,27.969924992838745,28.16438391981033,27.905103289935607,28.01043701171875,15708300
2016-08-15,28.115763087212663,28.488478504936253,28.059045658031597,28.28591537475586,18931100
2016-08-16,28.172483571501388,28.528993606567383,28.172483571501388,28.528993606567383,16320900
2016-08-17,28.49657606252234,28.52898690105636,28.172476949785185,28.37504005432129,18221600
2016-08-18,28.326435155135076,28.431768877174562,28.156282820903623,28.33453941345215,16085200
2016-08-19,28.229200491032064,28.57760935362819,28.14817646800111,28.553302764892578,16417600
2016-08-22,28.520889580709756,28.72345271254595,28.456067894905487,28.650529861450195,14941400
2016-08-23,28.76395971701413,28.917906557716815,28.601908621561666,28.68293571472168,18316000
2016-08-24,28.618118641482702,28.691041491617643,28.375043504655586,28.480377197265625,16343500
2016-08-25,28.39935756635212,28.53710213769436,28.277821511381894,28.4317684173584,12428000
2016-08-26,28.447962057513184,28.828781671899787,28.39934580114439,28.56949806213379,14469900
2016-08-29,28.747760260110066,28.901707132738345,28.480378524401143,28.80447769165039,15264300
2016-08-30,28.836893285720592,28.958432425251917,28.78017584483763,28.926021575927734,15183200
2016-08-31,28.86119890948008,29.08807175627294,28.828791152111336,29.079967498779297,20562700
2016-09-01,29.160990425081465,29.201502434116914,28.828787005601693,29.1852970123291,18925800
2016-09-02,29.33924594168888,29.43647847923838,29.128581625401726,29.233915328979492,16726700
2016-09-06,29.47698879631248,29.65524225650097,29.30683341081827,29.630935668945312,22337800
2016-09-07,29.695755219755455,29.695755219755455,29.476986674894402,29.541805267333984,18495600
2016-09-08,29.452685194164516,29.64714720733313,29.26632743909855,29.52560806274414,20356500
2016-09-09,29.250109926992526,29.485083860971613,28.715343475341797,28.715343475341797,29457900
2016-09-12,28.512787917728414,29.266323083960945,28.407457305019026,29.233915328979492,22796600
2016-09-13,28.966527049748965,29.07186074082746,28.61811822537765,28.853092193603516,23591300
2016-09-14,28.772070139569806,29.023249572892485,28.6829449447152,28.86119842529297,14074500
2016-09-15,28.958430161780125,29.695759926495587,28.7963790186943,29.62283706665039,23736000
2016-09-16,30.562731903337507,30.830113678951808,30.18191215684432,30.522216796875,74577900
2016-09-19,30.538412977707644,30.805797763256724,30.052262755995514,30.108980178833008,30531700
2016-09-20,30.319654649253604,30.327758907166533,29.930733722889606,30.092784881591797,24796900
2016-09-21,30.149499723849452,30.352062882043878,29.86591253872466,30.343961715698242,21233700
2016-09-22,30.46549216961068,30.651852960940698,30.33585189577324,30.42498016357422,17013400
2016-09-23,30.343962479918375,30.506013628728912,30.0765776207507,30.1332950592041,18062500
2016-09-26,29.91452237869281,29.930727800443307,29.655241812421114,29.695756912231445,25518800
2016-09-27,29.89831721886151,30.157597760600336,29.67954868223165,30.125186920166016,22391600
2016-09-28,30.230528675480752,30.38447557233452,30.100888370006874,30.335859298706055,19020800
2016-09-29,30.37637102796644,30.40877878257999,29.979345897984036,30.23862648010254,17675000
2016-09-30,30.360164497107796,30.724775677431985,30.33585481844948,30.587034225463867,24279300
2016-10-03,30.5384266966734,30.749094154024434,30.408786373253196,30.51412010192871,14113600
2016-10-04,30.603239277441666,30.740980727743686,30.24672926707038,30.416881561279297,14393100
2016-10-05,30.587039759908045,31.040782389588983,30.49791146739315,30.78150177001953,22420800
2016-10-06,30.659961453606364,30.91924206324995,30.449297117346703,30.8463191986084,15171400
2016-10-07,30.854412677560667,30.967847518293706,30.611334486426905,30.870615005493164,16942500
2016-10-10,30.992162939343604,31.08129122272773,30.70857575663818,30.805805206298828,14954300
2016-10-11,30.71668137842044,30.78960424896063,29.83350576448655,30.1981201171875,27650500
2016-10-12,30.141399904158586,30.181911919433762,29.825401857796113,30.08468246459961,14053900
2016-10-13,29.857801735938583,30.08467452517077,29.54180377296885,29.955034255981445,16936000
2016-10-14,30.13329430028968,30.546524873892665,30.10898771038427,30.343961715698242,19123900
2016-10-17,30.424981617756554,30.562726153905643,30.173805313804582,30.214317321777344,15788100
2016-10-18,30.76529077823977,30.830109375969403,30.408777672687965,30.587034225463867,42907800
2016-10-19,29.225810585418504,29.24201600807357,28.545198288247374,28.77206802368164,75229000
2016-10-20,28.69104898432042,28.90171333368769,28.439869525844678,28.70725440979004,25669500
2016-10-21,28.52899037011021,28.6829403264329,28.204891217963414,28.480377197265625,20813200
2016-10-24,28.707242576411588,28.755858832780387,28.447962057513184,28.56949806213379,21524700
2016-10-25,28.472272139169533,28.561400408031343,28.366938449526668,28.439861297607422,17860300
2016-10-26,28.39125032396135,28.52899177496122,28.148175175164507,28.294017791748047,19977600
2016-10-27,28.439862085498913,28.54519577805992,28.15627494114397,28.204891204833984,14634700
2016-10-28,28.253499146031942,28.496574237736347,28.12385889106509,28.148168563842773,22296400
2016-10-31,28.29402153650097,28.42366492994386,28.229202930648142,28.253509521484375,19188600
2016-11-01,28.277808334667476,28.488472586306532,27.76734848722053,27.969911575317383,25368200
2016-11-02,28.034740447998047,28.277818715643875,27.92940982894466,28.034740447998047,21416400
2016-11-03,28.124545456283517,28.181692322913708,27.651039287895454,27.700023651123047,19400000
2016-11-04,27.37345973566031,27.70001583650961,27.283656652213267,27.438772201538086,21914700
2016-11-07,27.95310659225795,28.369462805600534,27.879631599989157,28.320478439331055,19296600
2016-11-08,28.246993165003218,28.53273052615895,28.15719319760313,28.361289978027344,14833100
2016-11-09,27.863301763021248,28.451098550724122,27.48776120661001,28.369461059570312,25999400
2016-11-10,28.532734374233954,28.532734374233954,27.781656501558274,28.165359497070312,28249900
2016-11-11,28.22250505021238,28.467420585582452,28.034736369286325,28.25516128540039,22665000
2016-11-14,28.21433742188738,28.353121724813736,27.92043758713812,28.149024963378906,22558900
2016-11-15,28.27965895229318,28.810312006398565,28.25516832693381,28.500083923339844,20676100
2016-11-16,28.491912664145723,28.508237666521488,28.198012793064915,28.442928314208984,18565500
2016-11-17,28.418439425816914,28.58987998962402,28.271489481333678,28.589879989624023,15748500
2016-11-18,28.491913274534184,28.573550745241207,28.279650867864117,28.532732009887695,16806900
2016-11-21,28.6551936948123,28.736834295398864,28.442934361828197,28.557228088378906,14259500
2016-11-22,28.720509886466957,28.981753613560194,28.66336301580724,28.965425491333008,22327400
2016-11-23,28.965419097217254,28.998075334462765,28.655191071925284,28.736831665039062,15843100
2016-11-25,28.663354091455822,28.940925854354123,28.663354091455822,28.93276023864746,6372800
2016-11-28,28.924600764593077,29.11236945999027,28.744994571486966,28.989910125732422,13549000
2016-11-29,29.096043463103047,29.096043463103047,28.793981027980006,28.826637268066406,19581000
2016-11-30,28.736827830373592,28.818465298323407,28.32863426208496,28.32863426208496,27016100
2016-12-01,28.459261407430976,28.516408268548677,27.397958554040294,27.561233520507812,29618700
2016-12-02,27.528579498089513,27.96942625315463,27.43061078427926,27.887788772583008,21492500
2016-12-05,28.010246443668276,28.10004642125409,27.732674666236484,28.0755558013916,14462000
2016-12-06,28.075551927982893,28.369451782865507,28.00207696426224,28.344961166381836,15297700
2016-12-07,28.30414564038781,29.038895441668885,28.124542555618255,28.981748580932617,21710300
2016-12-08,28.965426645306792,29.414439124494887,28.753167276438766,29.14503288269043,19966500
2016-12-09,29.18584537098306,29.308304709156857,29.055223530257166,29.194007873535156,16326900
2016-12-12,29.210343823632346,29.46342507037818,29.120540700133144,29.365459442138672,21985800
2016-12-13,29.398100345619802,30.116521920475428,29.33279099205286,30.043046951293945,35773600
2016-12-14,29.96142001068033,30.1165325049021,29.765485652578807,29.838960647583008,30819400
2016-12-15,29.99406666993108,30.33694779418476,29.822622993534267,30.03488540649414,23721500
2016-12-16,29.977746975979912,30.100203220078406,29.463422030807866,29.643028259277344,38212800
2016-12-19,29.66752267254462,30.165519559222737,29.610375795149224,30.116535186767578,18744300
2016-12-20,30.165504468921824,30.402257479279154,30.116520120971096,30.377763748168945,18551800
2016-12-21,30.410431232034792,30.492068727888967,30.132859386151427,30.190006256103516,14323600
2016-12-22,30.394102686432873,30.402268304467,30.051221471498785,30.149187088012695,10793900
2016-12-23,30.14918275036126,30.190001491846775,30.01856090904539,30.181838989257812,6287300
2016-12-27,30.132849783092333,30.475734007801695,30.132849783092333,30.263471603393555,9033700
2016-12-28,30.287972049328747,30.369612659926403,29.863453331304374,29.904272079467773,12868600
2016-12-29,29.806297379622112,29.977741070419267,29.74098801848958,29.928756713867188,8447300
2016-12-30,30.03489051245661,30.043053015448866,29.553221864880392,29.610368728637695,17468000
2017-01-03,29.8879397106629,30.149183398914367,29.610367902611912,29.87977409362793,20196500
2017-01-04,29.969580281784747,30.018564646227922,29.667517820062017,29.72466468811035,15915700
2017-01-05,29.757326505266715,29.97775151514529,29.643032747760337,29.67568588256836,13986000
2017-01-06,29.871611956009296,29.945086938870073,29.54505578456798,29.781808853149414,15114000
2017-01-09,29.781802530750767,30.116521133998777,29.781802530750767,29.8879337310791,19461400
2017-01-10,29.83895206790642,30.149180081420205,29.82262394990358,29.83078956604004,15918800
2017-01-11,29.806294017261962,30.20632509830201,29.806294017261962,30.16550636291504,22398400
2017-01-12,30.06754459646159,30.06754459646159,29.65118534549706,29.969575881958008,20391900
2017-01-13,29.969572936577265,30.09203226053642,29.896097965055766,30.03488540649414,15072200
2017-01-17,29.936915748194053,30.06754068386769,29.87160639462711,30.043046951293945,20195200
2017-01-18,30.116524354377205,30.21448994977976,29.887936927014533,30.010393142700195,15382500
2017-01-19,29.806303185785826,30.132859397871208,29.806303185785826,29.855287551879883,13654500
2017-01-20,30.010404349742704,30.230829357416248,29.863457458898296,30.1573543548584,23950900
2017-01-23,30.263483660295307,30.37777740930951,29.838961796620346,30.01856803894043,27752600
2017-01-24,30.07570523365928,30.81045497551769,30.051214613687364,30.712486267089844,35140900
2017-01-25,30.916592445340605,31.022723687847552,30.630858078134633,30.859445571899414,32276400
2017-01-26,30.87577638754465,30.957413895502672,30.54922012716996,30.663516998291016,34144800
2017-01-27,31.022721554516274,31.390096511568654,30.867609067881187,31.006393432617188,44368600
2017-01-30,30.81046407615771,30.892101576357835,30.475745342503586,30.549217224121094,23954700
2017-01-31,30.38593380920016,30.50839002558958,29.91242771920467,30.059377670288086,27059100
2017-02-01,30.05938205924946,30.1655132870326,29.406272800335174,29.81446647644043,28380600
2017-02-02,29.602206906781802,29.961419369907098,29.553225654007193,29.945091247558594,31916900
2017-02-03,30.167082626234073,30.27397150903921,29.96975268190465,30.027307510375977,21038100
2017-02-06,30.019084405190476,30.019084405190476,29.72308948075437,29.821754455566406,21427000
2017-02-07,29.96976236035508,30.027317207413198,29.79709781918073,29.88753890991211,18581900
2017-02-08,29.879311554798214,30.134199490298617,29.714867826620637,29.912200927734375,20807400
2017-02-09,30.010868579480288,30.010868579480288,29.106432698809684,29.155763626098633,47802700
2017-02-10,28.991312025382964,29.13109026665719,28.645983081945463,29.057090759277344,44106500
2017-02-13,29.246201200263105,29.47642050600957,29.05709203675668,29.43531036376953,28180600
2017-02-14,29.46820247832036,29.56686745619166,29.213314554274483,29.54220199584961,25734800
2017-02-15,29.583308593682077,29.649087328708802,29.328420700207598,29.6408634185791,18452200
2017-02-16,29.747759463581843,30.06020225724813,29.681980712703268,29.93686866760254,21317500
2017-02-17,29.862864751982087,29.99441909790039,29.68197635015579,29.99441909790039,18909900
2017-02-21,30.035528284513486,30.134196393181114,29.87108770973994,30.027307510375977,20556000
2017-02-22,29.87930134313854,29.9286353856822,29.427083597579227,29.657302856445312,29904400
2017-02-23,29.797089106499666,29.84642002583714,29.51753572974294,29.74775505065918,22775000
2017-02-24,29.71486844612587,30.035531997680664,29.558648626177032,30.035531997680664,18617600
2017-02-27,29.945081608596688,30.158859356517326,29.821751187721848,30.019081115722656,14065200
2017-02-28,29.94508739747163,29.97797677066404,29.59975838846115,29.764202117919922,24977000
2017-03-01,29.476423252933344,29.681977119792023,29.139315036745234,29.54220199584961,34085900
2017-03-02,29.542201521402465,29.61620103774328,29.311982197899052,29.5257568359375,23602100
2017-03-03,29.550418578923146,29.67375213614551,29.328420057824484,29.517532348632812,17538100
2017-03-06,29.427088947232356,29.435309720899703,29.12286700099413,29.246200561523438,24416700
2017-03-07,29.221535742219643,29.43531036376953,29.09820217899672,29.43531036376953,23434900
2017-03-08,29.32842360651788,29.517535920208502,29.213313945316997,29.28731346130371,20920100
2017-03-09,29.270867131100328,29.55042049395197,29.188646845292194,29.45175552368164,23616800
2017-03-10,29.698421328565058,29.846420361246693,29.41886794866675,29.5257568359375,25402300
2017-03-13,29.47642136384134,29.632644300003864,28.728205461887715,28.909093856811523,53582900
2017-03-14,28.826879746082575,28.9666548910138,28.497992255121293,28.92554473876953,28586900
2017-03-15,28.72819834671329,28.917307468886168,28.514423771888072,28.859752655029297,27996100
2017-03-16,28.917312246278073,29.073535169557925,28.835091966185352,28.89264678955078,19616100
2017-03-17,29.032429700909624,29.04887438687469,28.859762066528003,28.999540328979492,30778900
2017-03-20,29.081765634529834,29.295543452417053,28.991321414385524,29.131099700927734,17322300
2017-03-21,29.26264259144408,29.27086336436586,28.77753543999549,28.8104248046875,22814500
2017-03-22,28.958428068166143,29.155758012334292,28.777539672259582,29.081758499145508,19144500
2017-03-23,29.180428738092075,29.180428738092075,28.79398645917088,28.999540328979492,20640400
2017-03-24,29.311980790095582,29.377756392293307,28.876204487461212,28.909093856811523,22188000
2017-03-27,28.835094971535145,29.18864785848777,28.728206087071968,29.098203659057617,16992200
2017-03-28,29.057099348097672,29.361318241024822,28.950210442175962,29.2708740234375,18398100
2017-03-29,29.205090420181246,29.35308943821532,29.13931168483155,29.246200561523438,17202600
2017-03-30,29.25442616274284,29.509310935699652,29.205092108378818,29.394201278686523,16433000
2017-03-31,29.394194235883454,29.805301847574132,29.38597346371059,29.657302856445312,21438400
2017-04-03,29.755975350022045,30.208196346749688,29.698420520711792,29.73130989074707,32013600
2017-04-04,29.698418884435224,29.91219664138317,29.591533142464037,29.829973220825195,18918000
2017-04-05,29.95331754030311,30.224647084327835,29.739539706582864,29.78065299987793,22455500
2017-04-06,29.706643588771346,29.829974018150626,29.624420166015625,29.624420166015625,20198200
2017-04-07,29.657309535117914,29.862863387252915,29.591533933416205,29.624420166015625,15689500
2017-04-10,29.616198753429074,29.67375357986569,29.279090568656258,29.43531036376953,19973700
2017-04-11,29.410649882994054,29.427094569973622,28.950208057076125,29.385984420776367,22711800
2017-04-12,29.492871744512325,29.60798142296679,29.188652860525014,29.295541763305664,19289800
2017-04-13,29.22974956359678,29.402414001837368,28.98308563232422,28.98308563232422,15764000
2017-04-17,29.139319409616974,29.262653002841816,29.04887832928947,29.172208786010742,12560700
2017-04-18,29.131091176473262,29.44353389922438,29.024202298807896,29.41064453125,12321100
2017-04-19,29.57509089233239,29.78064475588988,29.509312150472535,29.5257568359375,16594600
2017-04-20,29.74775505065918,29.8217545661684,29.484646359182612,29.74775505065918,22968300
2017-04-21,29.764194767244852,29.94508000212448,29.476417527636716,29.86285972595215,20390500
2017-04-24,30.150642378527362,30.29864142680593,29.97797786770349,30.216421127319336,26305800
2017-04-25,30.232852749350666,30.421961865648782,30.142408577098955,30.315073013305664,22066800
2017-04-26,30.24108445276771,30.611082047316895,30.24108445276771,30.364418029785156,27241000
2017-04-27,30.31508987957166,30.833086612889254,30.241090346240576,30.775531768798828,39890000
2017-04-28,29.681977841913838,30.002644516677357,29.501092567499615,29.72309112548828,56769300
2017-05-01,29.690202951315225,29.928646205054907,29.550424681828645,29.854646682739258,24825600
2017-05-02,29.90397340987437,30.44663545186388,29.887528725389494,30.39730453491211,35813000
2017-05-03,30.41635653516045,30.78910346224256,30.333521427047316,30.63172149658203,22040300
2017-05-04,30.63999981113609,30.73939875905304,30.350081736611248,30.524030685424805,16437100
2017-05-05,30.532321511626122,30.590304505459514,30.23412145200516,30.499187469482422,18119200
2017-05-08,30.424637745011744,30.52403671255554,30.217554719391053,30.267255783081055,17660200
2017-05-09,30.217560918454392,30.441211011186386,30.051893832004374,30.12644386291504,17819100
2017-05-10,30.04360757021874,30.134724612627807,29.76197451178908,29.82823944091797,25133800
2017-05-11,29.74540162088548,29.819951626344775,29.364369664020554,29.563167572021484,21508900
2017-05-12,29.58802439235452,29.60459141396556,29.32295836625043,29.430639266967773,19730800
2017-05-15,29.43064030710805,29.588025438057116,29.3395232649452,29.51347541809082,22120100
2017-05-16,29.612879190709094,29.728845205042862,29.339528019919296,29.670862197875977,22291800
2017-05-17,29.546598505422466,29.811667630780285,29.00818464538342,29.024751663208008,26670200
2017-05-18,29.14900462425467,29.380939754281748,29.057890750134003,29.173856735229492,17171900
2017-05-19,29.115869283173254,29.447200167007175,29.099302265006216,29.322952270507812,18340100
2017-05-22,29.389221342603577,29.91107142929465,29.30638939988134,29.629438400268555,14638100
2017-05-23,29.712267143679423,29.811669256046123,29.45548625298811,29.7039852142334,16903700
2017-05-24,29.803395100698893,29.969062188919075,29.728845068991657,29.919361114501953,20640600
2017-05-25,29.919358094581696,30.143008167129214,29.869660185017736,30.035324096679688,13148500
2017-05-26,30.035324096679688,30.093310257565253,29.927643186066735,30.035324096679688,11145500
2017-05-30,30.043605190042843,30.184420128183543,29.89450516151966,29.96905517578125,13026900
2017-05-31,30.076736906639237,30.134719895489294,29.712268794054992,29.911069869995117,17741900
2017-06-01,29.919361114501953,29.92764620682325,29.65429503728442,29.919361114501953,17510900
2017-06-02,30.043607903859847,30.09330897113575,29.819957840872927,30.085023880004883,19127400
2017-06-05,30.0684646861467,30.234131793696047,29.985632712290656,30.101598739624023,11685700
2017-06-06,29.952486049948618,30.19270309678101,29.803386031903404,29.927637100219727,18420900
2017-06-07,29.927643186066735,30.292108215494224,29.902791071448185,30.035324096679688,17192000
2017-06-08,30.1015919060972,30.258973884630446,29.95249185913453,30.217557907104492,17154200
2017-06-09,30.234123685713378,30.283824752600864,29.248409557884653,29.579740524291992,33322100
2017-06-12,29.4803379577172,29.82823590402361,29.331237935061303,29.596303939819336,28488300
2017-06-13,29.554887312553763,29.778537341569756,29.430636243155114,29.72055435180664,20588200
2017-06-14,29.811674444349148,29.861372349345988,29.173858331587347,29.430639266967773,19149000
2017-06-15,29.165576062519687,29.38922613615159,29.107593061189558,29.248411178588867,20410000
2017-06-16,29.22355038217595,29.264969507824123,28.999900374985547,29.16556739807129,30762800
2017-06-19,29.496910969650987,29.496910969650987,29.25669386659537,29.41407585144043,21583800
2017-06-20,29.364376049165603,29.364376049165603,28.859092920051825,28.875659942626953,21536500
2017-06-21,28.436645211550164,28.660292119143502,28.237844098333703,28.643728256225586,27138500
2017-06-22,28.62715959668762,28.68514259309459,28.403509542045178,28.46149253845215,24602900
2017-06-23,28.337236192925214,28.618869191678687,28.246119169823245,28.320669174194336,29260900
2017-06-26,28.37866305022125,28.58574612407231,28.188147001458706,28.221281051635742,18854800
2017-06-27,28.16328989453298,28.287540966825624,27.873374938964844,27.873374938964844,27078900
2017-06-28,27.97276980471699,28.362086825044184,27.947920857831615,28.32895278930664,25940100
2017-06-29,28.097020976798657,28.246120995176145,27.616590041899148,27.782257080078125,25215700
2017-06-30,28.05560837686452,28.105309442238397,27.773975326085168,27.947927474975586,24432000
2017-07-03,27.75740794790527,28.188141029439585,27.691143021427216,27.715991973876953,12676900
2017-07-05,27.76568949468487,28.51947150120042,27.74084054540678,28.444921493530273,30010800
2017-07-06,28.262688643476892,28.40350673500308,27.79882471806357,27.856807708740234,20733200
2017-07-07,27.91479043686255,28.262688377650363,27.91479043686255,28.06389045715332,18304500
2017-07-10,27.54204085274181,27.947924950373228,27.525473832447055,27.873374938964844,29918400
2017-07-11,27.865096710731603,28.105313824405414,27.69114769455545,28.097028732299805,25737500
2017-07-12,28.39522935869852,28.486346414467373,28.11359625897518,28.370380401611328,23768300
2017-07-13,28.436644900812368,28.494627899900962,28.262692743710115,28.36209487915039,15046200
2017-07-14,28.560884040993464,28.751400002202995,28.386935097258956,28.726551055908203,16316400
2017-07-17,28.776256613817957,28.776256613817957,28.46148955218057,28.5526065826416,21044400
2017-07-18,28.51948012548012,28.643731229115804,28.37038006505202,28.602312088012695,14362800
2017-07-19,28.726561915941897,28.726561915941897,28.544327814658804,28.62716293334961,17036200
2017-07-20,28.6105968830236,28.859095927877288,28.560895810118147,28.7845458984375,17506200
2017-07-21,28.610585296743153,28.842517223370752,28.494619333429355,28.767967224121094,22245000
2017-07-24,28.7679715115871,28.825954501885555,28.47805656009481,28.577455520629883,16146300
2017-07-25,28.61887609366892,28.776261229650842,28.49462816297616,28.71827507019043,18096700
2017-07-26,28.743129917601355,28.966780005920707,28.65201286385975,28.7845458984375,15499300
2017-07-27,28.80939076555656,29.198707881794785,28.718273724748776,28.96677589416504,43062800
2017-07-28,29.099311129500933,29.703993257541295,28.991627058529293,29.248411178588867,36291500
2017-07-31,29.38093566894531,29.604585677604177,29.256684610856276,29.380935668945312,27057000
2017-08-01,29.538319150453276,30.176135173020338,29.463769143663985,30.109867095947266,38710200
2017-08-02,30.093303404309243,30.37493325393261,29.869653382694345,30.35008430480957,35004300
2017-08-03,30.502816424048266,30.536199204037143,30.16899817483086,30.45274543762207,26611300
2017-08-04,30.419359923613072,30.511160968553064,30.127265400298846,30.29417610168457,20520300
2017-08-07,30.369279507104473,30.502807404017123,30.22740750944061,30.40266227722168,18169300
2017-08-08,30.352594014783605,30.627997146383834,30.294175747515094,30.385976791381836,22819900
2017-08-09,30.277484014647992,30.59461402160857,30.060502336342395,30.536195755004883,22796800
2017-08-10,30.377625529746435,30.51115342111331,30.13560523178271,30.160640716552734,22693300
2017-08-11,30.260790168615674,30.37762987588955,29.86855372235829,29.93531608581543,19275100
2017-08-14,30.143964012969285,30.43605860628568,30.110584411537992,30.327566146850586,18469400
2017-08-15,30.294180106188122,30.31087149688877,29.89359628004442,30.04381561279297,21706600
2017-08-16,30.027112545258504,30.102222182424413,29.676603027521598,29.88524055480957,22014000
2017-08-17,29.709986378975515,29.776751924278997,29.35112953186035,29.35112953186035,19525000
2017-08-18,29.451281847545395,29.467973236136963,29.2009173857856,29.217605590820312,16231400
2017-08-21,29.2843655712083,29.442928957311995,28.958891514515525,29.14249038696289,26493300
2017-08-22,29.225948439393644,29.367820445545647,28.892127085361533,28.917165756225586,26097800
2017-08-23,28.825361470316142,29.050690381314805,28.69183358048982,28.925506591796875,19648100
2017-08-24,28.958893371070097,29.117456767339288,28.833709564213688,28.96723747253418,14301900
2017-08-25,29.05903886516454,29.150839900185023,28.85874859198938,28.933855056762695,14726800
2017-08-28,29.025654990263103,29.042346376320346,28.867091598053857,28.917165756225586,20712900
2017-08-29,28.80032471851062,29.000618158354644,28.75859784708035,28.98392677307129,15843700
2017-08-30,29.00062371504069,29.175878518761397,28.900478567708404,29.117460250854492,18565000
2017-08-31,29.159181081585526,29.35947451825865,29.100762825796735,29.26767349243164,16366800
2017-09-01,29.409540833417,29.53472141235582,29.267665690353276,29.28435707092285,12822000
2017-09-05,29.225948333740234,29.484660041357678,29.150838688532353,29.225948333740234,18772000
2017-09-06,29.392860682782295,29.9937346950823,29.301059646353487,29.843515396118164,28076400
2017-09-07,29.943663129478857,30.002081390866408,29.484661139909615,29.659915924072266,16297100
2017-09-08,29.55977074562258,29.65991907597794,29.2760266936195,29.36782455444336,14125000
2017-09-11,29.61818512445304,30.04380428438381,29.326090672665675,29.851858139038086,20037600
2017-09-12,29.943662683656626,30.327555019503862,29.82682616262107,30.11891746520996,19489900
2017-09-13,30.043812630647864,30.377634044411174,30.018777138860546,30.319215774536133,15509800
2017-09-14,30.202374710252695,30.627997153081253,30.177339219576947,30.444395065307617,18093900
2017-09-15,30.502808712554994,30.945122476692337,30.227408806164117,30.87835693359375,33596100
2017-09-18,30.87835693359375,31.153760023540944,30.7114462594036,30.87835693359375,19393800
2017-09-19,31.045277005537663,31.128730776116974,30.895057671649084,31.0703125,23850500
2017-09-20,31.070306941389344,31.120381104912816,30.59461353036485,30.936779022216797,23957500
2017-09-21,30.870016125803712,31.10368918446517,30.753176412916325,31.045270919799805,22954200
2017-09-22,30.836635424800736,31.06196439661874,30.836635424800736,31.028581619262695,21631800
2017-09-25,30.920077954675953,31.0702972146627,30.753167312073383,31.011878967285156,23180800
2017-09-26,31.05361830234628,31.412475213804612,30.878363489836026,31.27060317993164,29790400
2017-09-27,31.3957895618212,31.454207843333435,30.96182291090346,31.32902717590332,25981400
2017-09-28,31.145414884792416,31.612764168013904,31.12037939618366,31.57103729248047,21171400
2017-09-29,31.579386758511962,31.838098524456747,31.462550213748862,31.779680252075195,23217300
2017-10-02,31.813064387804744,32.62257939712093,31.779684787078455,32.58085250854492,37394500
2017-10-03,32.50572905642789,33.13164167041474,32.50572905642789,32.864585876464844,34002200
2017-10-04,32.87293033203162,32.881277616433,32.43061976544485,32.83120346069336,28368800
2017-10-05,32.964729682417996,33.089913473621756,32.7227093839873,32.98976516723633,17710300
2017-10-06,33.04818825667274,33.2902085905174,32.8979689586696,33.07322692871094,18887500
2017-10-09,33.11494416734262,33.281854803613506,32.98141629503703,33.26516342163086,18494100
2017-10-10,33.32358157989002,33.34027296182914,32.86457971900877,33.089908599853516,29890000
2017-10-11,32.948044162378466,33.1066075670437,32.59753457831112,32.79782485961914,30754700
2017-10-12,32.8395482564664,32.87293102766592,32.53076558176156,32.70602035522461,18286900
2017-10-13,32.91466694735537,33.2234528904945,32.781139009409884,33.10661315917969,16829400
2017-10-16,33.13999004267913,33.2067555915503,32.91466109057382,33.18171691894531,12489100
2017-10-17,33.01481420099243,33.27352278148919,32.856247591209716,33.20676040649414,15532800
2017-10-18,33.21510416178918,33.624035244746864,33.04819345071345,33.59065246582031,21424600
2017-10-19,33.281864203057346,33.65741244484005,33.24013732809404,33.45711898803711,19222700
2017-10-20,33.65742908235573,33.75757426848265,33.46547963223855,33.740882873535156,18335700
2017-10-23,33.84101551338757,34.24994657909831,33.715834873028115,34.07469177246094,28647000
2017-10-24,34.216550625037435,34.25827748908855,33.9828776395067,34.17482376098633,19652400
2017-10-25,34.12476002342387,34.2666352247421,33.790941825631286,34.032958984375,24031700
2017-10-26,34.14145076767708,34.70060109337003,33.9745400801468,34.50865173339844,38247400
2017-10-27,36.136024211744704,37.554760235115936,35.96911352954401,37.05403137207031,90028300
2017-10-30,37.12079655527933,37.71332649773397,36.62006765418799,37.028995513916016,48161500
2017-10-31,37.72166000731879,38.222388725541805,37.262658151688434,37.963680267333984,47000900
2017-11-01,38.36428038312846,38.98184585571289,38.04715036059334,38.98184585571289,47813700
2017-11-02,38.89839553335153,39.41581590166092,38.56457409237677,39.30732345581055,44602300
2017-11-03,39.39077514455655,39.4742289018708,38.055492742631124,38.67306137084961,39298100
2017-11-06,39.12050101744746,39.23803311352883,38.69235959020008,39.20445251464844,34035000
2017-11-07,39.20447130596759,39.53187429592537,38.94422634353831,39.271629333496094,24461400
2017-11-08,39.137291316887655,39.20445251464844,38.85186263124867,39.20445251464844,21565800
2017-11-09,38.658789789848676,38.944218555216246,38.32299331451352,38.8686637878418,25570400
2017-11-10,38.65038850182776,38.692362652539245,38.096321386137895,38.26422119140625,24095400
2017-11-13,37.99557470610999,38.566432049319204,37.987181158013684,38.40692901611328,18999000
2017-11-14,38.36496361978803,38.54965054182211,38.045954278205166,38.49928283691406,22201200
2017-11-15,38.10472201830905,38.45731199515511,37.92003187794097,38.16348648071289,17157200
2017-11-16,38.30620011461952,38.67557717029199,38.16348414151284,38.32299041748047,26439400
2017-11-17,38.197065905539276,38.29780452333701,37.45830856936911,37.466705322265625,63798000
2017-11-20,37.550658066499224,37.87806101478237,37.35757435859951,37.45831298828125,22420000
2017-11-21,37.54226464447169,37.962012672419995,37.53386789055567,37.726951599121094,21871000
2017-11-22,37.7269413464423,37.73533809807642,37.39114493679372,37.483489990234375,19538300
2017-11-24,37.39954781443936,37.59263151869251,37.29880918666015,37.567447662353516,6465800
2017-11-27,37.290403030802,37.44990928719416,37.16448057843297,37.34917068481445,18202100
2017-11-28,37.483493542966904,37.6429966124862,37.20645835638721,37.55065155029297,20194100
2017-11-29,37.65138785468656,37.85286826916067,36.74473399560943,36.895843505859375,27036900
2017-11-30,37.24004007838672,37.9452167897893,37.21485622518683,37.64299774169922,34145300
2017-12-01,37.550648773359605,37.64299382872377,36.543253118585355,37.50867462158203,26656300
2017-12-04,37.794102447545384,38.02916025390551,37.214851480834035,37.34917068481445,28000800
2017-12-05,37.44151607989961,37.69336741332346,36.29140758679344,36.46770095825195,30626900
2017-12-06,36.215859802794924,36.70276905861381,35.821295626695026,36.476104736328125,27710800
2017-12-07,36.4844915225072,36.60202043765643,35.91363404684858,36.16548538208008,32708400
2017-12-08,36.392154693603516,36.58524161494614,36.19067742274158,36.392154693603516,23154700
2017-12-11,36.33338776233867,36.75313578437095,36.308203905792176,36.65239715576172,20425900
2017-12-12,36.49289132120013,36.61881379690445,36.16548840097669,36.375362396240234,16557400
2017-12-13,36.643999628520476,36.65239317898419,36.29980641589584,36.38375473022461,21399500
2017-12-14,36.459305316381986,36.57683422394433,36.11511214319689,36.31658935546875,19644900
2017-12-15,36.43411732635042,37.64299006991505,36.15708218792104,37.40793228149414,47477000
2017-12-18,37.90324142771537,38.910633952733896,37.810896365690034,38.835079193115234,50369300
2017-12-19,38.868662627663156,39.674577987319694,38.52446940932507,39.489891052246094,41421100
2017-12-20,39.850874982641564,39.993587761316675,39.170882089599246,39.926429748535156,40935000
2017-12-21,39.909638428618706,39.95161258584135,39.086932777847686,39.25482940673828,42963500
2017-12-22,38.893839981060246,39.47309090084722,38.63359514337048,39.20445251464844,33913500
2017-12-26,38.85187568037265,39.01138197741657,38.5748436526185,38.68397903442383,15533300
2017-12-27,38.70915603637695,38.91903000907262,38.61681097600323,38.70915603637695,13359700
2017-12-28,38.91903114353102,38.91903114353102,38.57483794637408,38.8015022277832,9504400
2017-12-29,38.7931147598064,39.02817584998305,38.69237612254414,38.75114059448242,17394500
2018-01-02,38.935818612279554,39.37235684072965,38.793102651813875,39.330379486083984,23370800
2018-01-03,38.171882983743004,38.793108211490946,36.64400056640878,37.99558639526367,116479000
2018-01-04,36.53486031544242,37.48349153661985,35.83807721249705,37.29880142211914,89209100
2018-01-05,37.29880281901546,37.903240887347586,36.85387102006136,37.55904769897461,41824000
2018-01-08,37.16448360409973,37.64299600738843,36.904238724140576,37.55904769897461,33733800
2018-01-09,37.52546972713742,37.64299864813077,36.50968039292586,36.618812561035156,44282300
2018-01-10,36.375372257521924,36.60203341572162,35.628217941796514,35.6785888671875,45735000
2018-01-11,35.930423323442014,36.58523229295538,35.636601043958414,36.4425163269043,35371500
2018-01-12,36.476105727097455,36.60202821906093,36.10672539818835,36.29981231689453,29973600
2018-01-16,36.560051705934434,36.76153216352283,36.00598445059539,36.215858459472656,38367200
2018-01-17,36.56003650791293,37.31558390675902,36.526455911870464,37.26521301269531,32368600
2018-01-18,37.273612726432965,37.55904141064377,37.08052588504794,37.34077072143555,26826500
2018-01-19,37.45830942392465,37.68497372095774,37.14769681054879,37.6262092590332,25780200
2018-01-22,37.60940744523964,38.440509613342535,37.60101389714333,38.40692901611328,27706800
2018-01-23,38.45730135603813,38.69235914062534,38.30619186525432,38.66717529296875,22135100
2018-01-24,38.53286570799802,38.72594939382092,37.743737458852415,38.20545959472656,32464200
2018-01-25,38.51607637985449,38.927427615851485,37.920031801439,38.02916717529297,36758700
2018-01-26,40.61480307324927,42.10071085424373,40.39653239676133,42.04194641113281,86916100
2018-01-29,41.638998450139695,42.68836840304062,41.445914763096674,41.9580078125,46304000
2018-01-30,41.538269908936535,42.02517922237462,40.91704453946059,40.95901870727539,32814600
2018-01-31,41.32838459220457,41.3451748952345,39.926427914645885,40.413333892822266,41619900
2018-02-01,40.04396543735469,40.69037783199331,39.83409140802099,40.001991271972656,28840400
2018-02-02,39.724945475916414,40.11950957115008,38.70075945973848,38.74273681640625,28663000
2018-02-05,38.91063104365453,39.67457213271853,37.35756501501073,37.37435531616211,47869000
2018-02-06,37.20532639232038,37.974450449291126,36.36858547470856,37.95754623413086,58145400
2018-02-07,37.67863044920601,39.13235732162939,37.475783114555604,38.2026481628418,37508400
2018-02-08,38.270252331987855,38.38857857122397,36.123469368386495,36.131919860839844,43151300
2018-02-09,36.76581960136371,37.425067748695035,35.531841142561916,37.146156311035156,49301100
2018-02-12,37.315204091483785,38.168846043862345,37.26449144340356,37.88993453979492,28379500
2018-02-13,37.68708525917963,37.84767046706044,37.40817054511629,37.57720947265625,19517600
2018-02-14,37.24758034057541,38.464654652127095,37.22222563329796,38.35478210449219,19922000
2018-02-15,38.77738253831666,38.870354108668586,37.9913542742586,38.811187744140625,23536800
2018-02-16,38.72667203421289,39.37746983850392,38.4646615236595,38.50692367553711,21475200
2018-02-20,38.4224039151852,39.47889326541015,38.36324076950457,39.149269104003906,25512000
2018-02-21,39.44507611023083,39.77470342289884,38.81118264026368,38.828086853027344,27527500
2018-02-22,38.997127756665456,39.35210979461141,38.557627874715216,38.70976257324219,16946400
2018-02-23,39.166165133765695,40.39169316868957,39.14081042638797,40.340980529785156,26040900
2018-02-26,40.738219374643556,41.524247504333275,40.65369831415882,41.50734329223633,26992300
2018-02-27,41.72709052546607,43.020235312280306,41.67638111463131,42.183494567871094,43624100
2018-02-28,42.41169692596532,42.54692739618003,41.65102351591464,41.65947723388672,35541200
2018-03-01,41.83696977482362,42.0229128944394,40.121232450129234,40.43395233154297,36326600
2018-03-02,39.89302911806377,41.456631698647506,39.690181791947246,41.39746856689453,33310600
2018-03-05,41.05094509229331,42.09053010339369,40.60299469236327,42.04827117919922,30826500
2018-03-06,42.394795092273704,43.38367058080981,42.386344597976326,42.859649658203125,39132300
2018-03-07,42.411699867616726,43.51890163589678,42.34408301574514,43.37521743774414,31801900
2018-03-08,43.77246391637102,44.01757019917143,42.65681151262698,42.885013580322266,29481200
2018-03-09,43.33296018639056,44.20350623079855,43.104758138758065,44.11053466796875,32727900
2018-03-12,43.831623301542066,43.90769065092282,42.68216256607693,43.54425811767578,32044400
2018-03-13,44.38944672387488,45.45438632551957,43.434379668013726,43.76400375366211,45573900
2018-03-14,44.00065815953754,44.10208020798335,43.3667647144908,43.83161926269531,24993500
2018-03-15,44.144352753145874,44.2035159016815,43.00334548950195,43.00334548950195,25631200
2018-03-16,43.248435974121094,43.696389542084766,43.09630451090852,43.248435974121094,42559800
2018-03-19,42.88501129195939,43.29915325541364,42.20040512540442,42.96107864379883,31115200
2018-03-20,43.00333774097931,43.78936597177961,42.97797980749758,43.56961441040039,22215000
2018-03-21,43.569606432484115,44.09362408234975,43.24843286843483,43.578060150146484,23239500
2018-03-22,42.88501129195939,43.916142565156136,42.766681792537554,42.96107864379883,30916000
2018-03-23,42.75822810318553,43.096305913692866,41.71864318847656,41.71864318847656,37683900
2018-03-26,42.88501299755494,44.36409794558659,42.530030933469696,44.35564422607422,39306200
2018-03-27,44.80359066406282,45.00643800043684,42.91881439854804,43.265342712402344,38777000
2018-03-28,42.682167104972315,42.85120603536645,41.42283045889293,41.92149353027344,37970900
2018-03-29,42.24265926564828,44.01756286621094,42.149687710133,44.01756286621094,45265800
2018-04-02,43.68794831234447,43.983767277508804,39.969107575498114,41.34676742553711,67187800
2018-04-03,41.414377643834406,42.22576059530555,40.915714600381456,42.04827117919922,39432400
2018-04-04,40.65369964953124,42.394794862922,40.57763230467075,42.25111389160156,30370000
2018-04-05,42.26801875580703,42.86810707546349,42.23421355155178,42.58074188232422,25115400
2018-04-06,42.08208417234943,42.59765148622738,40.99178639947471,41.23689270019531,28215200
2018-04-09,41.549606390586575,43.197730158140715,41.549606390586575,41.87923049926758,31437000
2018-04-10,43.20617063004363,43.51889367653096,42.54692256561328,43.332950592041016,25906400
2018-04-11,43.096297887200905,43.72173752876051,42.952613716043686,43.189266204833984,17568400
2018-04-12,43.51890201305841,45.02334151460109,43.48509358682961,44.55848693847656,29781400
2018-04-13,44.845849419599844,44.972626174119924,43.61186772955579,43.83161926269531,20884900
2018-04-16,44.19504953785563,44.39789362453692,43.772453929096216,44.288021087646484,18855500
2018-04-17,44.71907727718243,45.38677926343069,44.702173062121155,45.251548767089844,21228700
2018-04-18,45.234635936375064,45.944596712978544,45.0825012539494,45.31070327758789,22164700
2018-04-19,44.75288022619198,44.76133072061296,43.62032374899136,44.13589096069336,25422400
2018-04-20,44.09362573878408,44.18659729167109,43.00333148222846,43.552703857421875,26910100
2018-04-23,43.68792910917665,43.85696798294759,42.977968418657404,43.189266204833984,21706700
2018-04-24,43.8400671085815,45.33605593542684,43.22307791290211,43.48508834838867,42494700
2018-04-25,43.83162916214609,44.03447330485043,42.76668612842499,43.42593765258789,25752800
2018-04-26,44.16969285981036,45.02333781920315,44.00910768462746,44.83739471435547,39575000
2018-04-27,46.85740011240112,47.15321897411944,44.14433706789532,44.566932678222656,69888100
2018-04-30,44.423258482130265,45.10786141164217,43.28224822602855,43.62877655029297,36417400
2018-05-01,43.645675627579685,45.15011502062609,43.476636732775326,45.07405090332031,27600800
2018-05-02,44.87120804760929,44.96417961020606,44.07672935440345,44.21195983886719,25778300
2018-05-03,43.856975643299236,44.42325548571983,43.28224530658084,44.18659973144531,28561000
2018-05-04,43.88057698470767,44.91766258320104,43.3535349191527,44.86665725708008,25642500
2018-05-07,44.934649259125386,45.546699995880424,44.90914822601259,45.33418273925781,20285700
2018-05-08,45.30020202469973,45.58922576904297,44.88366656503303,45.58922576904297,21026800
2018-05-09,45.69972254888213,46.21826532265579,45.215183324185375,46.19276428222656,19827500
2018-05-10,46.371282510711744,46.75381436772641,45.98875065369708,46.736812591552734,18715900
2018-05-11,46.430775237463145,46.91531438490638,46.2692632692342,46.4732780456543,15405000
2018-05-14,46.55827903309411,46.957812496605136,46.53277800104221,46.66878890991211,21878200
2018-05-15,46.3967764520222,46.541286653143544,45.52970551702464,45.83572769165039,21712600
2018-05-16,46.04826217464122,46.49880120411222,45.869748362104765,46.44779586791992,16260500
2018-05-17,46.37128057675632,47.127841749767136,46.26077065761495,46.59230041503906,16872600
2018-05-18,46.35427279012913,46.362775298137386,45.4532015066546,45.478702545166016,23679900
2018-05-21,46.209765725346706,46.940825811472486,45.784731093204456,46.17576217651367,25367400
2018-05-22,46.524284653592076,46.796306524879974,45.946237366416184,46.2862663269043,19009600
2018-05-23,45.90374415202961,46.94932904636165,45.767733187956104,46.93232727050781,20555400
2018-05-24,46.906831845030354,47.00883926961121,46.01425958374333,46.54130172729492,19667100
2018-05-25,46.583801873979084,47.17885109489865,46.36278525962703,47.127845764160156,18550000
2018-05-29,46.85581862236791,47.44236851115647,46.59229921633898,47.02583312988281,24253500
2018-05-30,47.51036570785199,47.77388831969371,47.280846641297565,47.331851959228516,24711500
2018-05-31,47.3233662033002,47.48488147921061,46.80482654651805,46.92383575439453,30962100
2018-06-01,47.46786630254252,48.53895211387008,47.433862754816104,48.52195358276367,31183200
2018-06-04,48.46245010579163,48.96399113015613,48.266934552938636,48.30944061279297,22538100
2018-06-05,48.368948473025725,48.55596152943939,47.790901041731196,48.054420471191406,21687000
2018-06-06,48.05441180260383,48.50495069271911,47.67188324913313,48.47944641113281,22955400
2018-06-07,48.38593873117784,48.453945825702064,47.28084938721317,47.501869201660156,27596100
2018-06-08,47.229851397733036,47.348860580696225,46.46478773188821,46.79631423950195,30822900
2018-06-11,46.58379778933986,46.83031866882398,46.12475958121573,46.34577941894531,25752400
2018-06-12,46.6432947413666,46.77930567970617,46.0907517230681,46.600791931152344,23294900
2018-06-13,46.736809317710744,47.34886024606097,46.677304726649695,46.77931213378906,22631400
2018-06-14,47.136338489784386,47.48486673725907,46.9068194132391,47.21284484863281,23419800
2018-06-15,46.898318821421775,47.07683582786674,46.39678107851424,46.84731674194336,39194700
2018-06-18,46.15875757218559,46.15875757218559,44.492622694597394,45.240684509277344,40764400
2018-06-19,44.32261557501553,45.011172918779906,44.10159896990692,44.994171142578125,31780900
2018-06-20,45.21517926222559,45.69121917826596,44.79014466521847,45.444698333740234,21403000
2018-06-21,46.22676600879021,46.35427444866616,44.15259499547079,44.3651123046875,44435600
2018-06-22,44.730635161189795,45.13016867611441,44.458613308445116,44.62862777709961,34682100
2018-06-25,43.498048653950576,43.991090451280726,42.42696266108045,43.107017517089844,45356500
2018-06-26,42.46096013519003,42.85199121606459,41.95941914267461,42.222938537597656,37543000
2018-06-27,41.9424168735093,42.55446777044433,41.44087588691128,41.44937515258789,33338800
2018-06-28,41.29637227445808,42.06993528499728,41.22836516714338,41.86591720581055,29055700
2018-06-29,42.10393002058435,42.59697175505629,42.07842898009681,42.25694274902344,28906500
2018-07-02,41.68739696853418,42.73298176117406,41.50888320356668,42.67347717285156,23755500
2018-07-03,42.996506357782806,43.234524721926434,42.01892537460945,42.05292892456055,16327900
2018-07-05,42.4864603926243,43.31952786195927,42.29094485578866,43.141014099121094,26163500
2018-07-06,43.15801246472343,43.778562574217474,42.843487777501856,43.668052673339844,19968000
2018-07-09,43.89757084453734,44.110088134251605,43.353527101709865,44.08458709716797,21361600
2018-07-10,44.28860573210598,44.42461667964472,44.067589158389325,44.3396110534668,17362900
2018-07-11,43.94008411195163,44.093096856384435,43.51504943136211,43.52355194091797,18665600
2018-07-12,44.24610520124878,44.61163524963022,43.97408329214031,44.50112533569336,20292700
2018-07-13,44.543630095363554,44.56062862677503,43.999583050247665,44.39061737060547,13749300
2018-07-16,44.33111722847763,44.475627459266434,44.093095609006106,44.21210479736328,15951500
2018-07-17,43.39603967357265,44.1015987906713,43.36203612130729,43.9910888671875,15754500
2018-07-18,44.09309607222165,44.178104952482094,43.7530702794515,43.9655876159668,14649000
2018-07-19,43.86358007839702,44.21210840535252,43.396042553372446,44.186607360839844,15954600
2018-07-20,44.05909422441951,44.26310904440637,43.63405956623028,44.127098083496094,17380500
2018-07-23,44.00808297692335,44.62863310525611,43.6340536954336,44.46712112426758,15945500
2018-07-24,44.84965548876218,45.308693695651826,44.27161133975238,44.35661697387695,17788700
2018-07-25,44.38211747444254,44.586135533713964,43.430040764275674,44.56913375854492,19854800
2018-07-26,44.586131909242255,45.20668206006005,44.093090197691346,44.3396110534668,28282500
2018-07-27,41.44937653911805,41.82340909653766,40.36128890173071,40.53130340576172,67816700
2018-07-30,40.48879666024354,40.79482208924244,39.46871297783275,40.539798736572266,35696600
2018-07-31,41.007344793831564,41.381374121494744,40.53980408080626,40.88833236694336,36581200
2018-08-01,40.85433037036463,41.57688795429653,40.80332504666381,41.49188232421875,28060700
2018-08-02,41.22836055519728,42.09543161992195,40.97334041680931,42.06142807006836,26452500
2018-08-03,42.07843583887635,42.31645423624216,41.79791137676027,42.18894577026367,22008200
2018-08-06,41.71000110414156,42.17183088826037,41.32514295070923,42.16327667236328,26669000
2018-08-07,42.27445621494611,42.616553056687565,42.25735104661131,42.50537109375,28322700
2018-08-08,42.419850880832016,42.87312974565731,42.28301277847363,42.72773742675781,21990600
2018-08-09,42.642217471303745,43.27509251039088,42.52248453215093,42.881683349609375,23795600
2018-08-10,41.487641922555454,42.052099524818864,41.30804251785297,41.77842330932617,28712400
2018-08-13,41.83828513500004,42.11196458260189,41.37645861165107,41.43632507324219,17070600
2018-08-14,41.62447929389356,41.70145093204398,40.75213841149244,41.15409851074219,23061600
2018-08-15,40.86332162651376,41.05147526547351,40.110713595631005,40.58964538574219,26739900
2018-08-16,40.837669299942775,41.00871778196702,40.23900124409714,40.34162902832031,24358000
2018-08-17,40.19623094939314,40.52977362038103,39.623222414614496,40.28175354003906,26382000
2018-08-20,40.23898496699829,40.29885142211839,39.503479075548924,39.76860427856445,24334000
2018-08-21,39.90544621592685,40.92317931387919,39.888341046741424,40.72647476196289,19254300
2018-08-22,40.410043052163246,40.49556564781159,40.12781261406351,40.23899459838867,23182500
2018-08-23,40.07649517082379,40.34161714048089,39.948208031489564,40.17912292480469,31343200
2018-08-24,40.444255064504176,40.95739718452683,40.26465564874405,40.76069259643555,18214700
2018-08-27,41.05147861142175,41.38502135314301,40.73504104395266,41.35081100463867,17170300
2018-08-28,41.521858144171155,41.72711696609209,41.31660258472852,41.538963317871094,13472400
2018-08-29,41.65012888109867,41.78696695422539,41.39355790179569,41.69289016723633,13479100
2018-08-30,41.49619882913217,41.76132410740965,41.12844577901227,41.25673294067383,16418800
2018-08-31,41.01726042349569,41.530405765550626,40.983050081529804,41.41922378540039,16484000
2018-09-04,41.3764635802854,41.419224877631486,40.67516786388038,41.01726150512695,15682900
2018-09-05,40.83766403117883,41.1541015614868,40.59819814472719,40.812007904052734,20857200
2018-09-06,40.84620615717843,41.01725458016246,40.375825440830354,40.41858673095703,19318100
2018-09-07,40.11925827840342,40.60674420996702,39.648877517023514,39.72584915161133,25958300
2018-09-10,39.81993249840551,39.99097770338824,39.5377020377233,39.59756851196289,21522400
2018-09-11,39.34099351934475,39.36664964503837,38.39167771894672,38.42588806152344,32455300
2018-09-12,38.10945054888337,38.46864935850542,37.68183105410789,38.42588806152344,29778700
2018-09-13,39.06732053199997,39.212709606248445,38.57983452867092,38.973243713378906,18657100
2018-09-14,39.152845433795,39.31534295277237,38.78509235529021,38.94758987426758,22998700
2018-09-17,38.73377671865383,39.255473052545916,38.64825085757758,38.84495544433594,17603200
2018-09-18,38.981796067496184,39.7942705258866,38.836403737719884,39.426517486572266,20528100
2018-09-19,39.41796091987607,39.71729322903743,39.24691248786495,39.469276428222656,15918900
2018-09-20,40.00808455910532,40.50412480935734,39.785723825788466,40.367286682128906,21999300
2018-09-21,40.29886574861081,40.55543682783483,39.6574364193116,39.90545654296875,52650600
2018-09-24,39.606113051406666,40.1962266943424,39.46927496337183,40.11925506591797,17847000
2018-09-25,39.52914041388716,39.67452945137886,39.16993840291703,39.264015197753906,23389900
2018-09-26,39.37519677036714,39.59755743211253,38.98178768902216,39.084415435791016,23957700
2018-09-27,39.26402129865374,39.48638199715566,39.11007802181479,39.238365173339844,15415500
2018-09-28,39.01600122576969,40.83766116067143,38.87916311991891,40.444252014160156,46223500
2018-10-01,40.01663051977888,40.38438352253424,39.512039418031584,39.72584915161133,23796200
2018-10-02,40.63240228226151,41.80408202744252,40.469908051441514,41.136993408203125,42121100
2018-10-03,41.58172121897206,42.522486120632315,41.53040896454854,41.701454162597656,39211900
2018-10-04,41.76986992592022,41.78697509620354,40.72647737598115,41.16265106201172,30108300
2018-10-05,41.2481691337185,41.34224592873526,39.90544440706193,40.22188186645508,28901400
2018-10-08,40.16201540825846,40.49555803606169,39.785711490668696,40.22188186645508,19376800
2018-10-09,40.350176145997764,40.72648013024672,39.80282370982551,39.81137466430664,23285700
2018-10-10,39.392311737516735,39.443623992426595,38.3147087097168,38.3147087097168,43109500
2018-10-11,38.614038606227666,39.00744772707731,37.39959764135049,37.82721710205078,43648800
2018-10-12,38.716664128576255,38.776530588620595,37.827214918664026,38.383121490478516,32087400
2018-10-15,38.16932332541067,38.60549384667747,38.006825802554154,38.083797454833984,21633000
2018-10-16,38.40023062692738,39.34954313248951,38.34036416069764,39.289676666259766,21472000
2018-10-17,39.340986890209535,39.62321727519361,38.947577804301986,39.246910095214844,23124400
2018-10-18,39.04166491079537,39.12718751293621,38.34036913331039,38.46010208129883,26638800
2018-10-19,38.50287193434137,38.63971008564708,37.51079452175525,37.63052749633789,28368500
2018-10-22,38.058130445700904,38.776531240793005,37.716033586141826,38.494300842285156,34508800
2018-10-23,37.78445976382917,38.56272713327519,37.55354483938106,38.058135986328125,38590300
2018-10-24,37.76735309537522,37.93840154327781,36.22792358920742,36.27923583984375,33631800
2018-10-25,37.23710315591531,38.434435679873175,37.01473921094535,37.89563751220703,48255300
2018-10-26,38.990344108666584,39.71729591579312,38.2291819603281,39.07586669921875,67280400
2018-10-29,39.76861189893103,39.98242164032313,38.00681845536812,38.827850341796875,35732200
2018-10-30,38.9390280284582,40.94884150187407,38.87916156345001,40.84621047973633,43975200
2018-10-31,41.29948010693703,41.530394961417585,40.05083231231799,40.09359359741211,33369100
2018-11-01,40.153462715640615,41.453426096189645,40.07649109236873,41.23961639404297,28335300
2018-11-02,41.16265407953865,41.2652818462843,39.98242334329101,40.29030990600586,30759800
2018-11-05,40.48701636137156,41.26528375875782,40.12781426739742,41.02581787109375,23751200
2018-11-06,41.137697287837334,41.24097092410367,40.475018496026415,40.66435623168945,23839600
2018-11-07,40.99139273014021,41.95528765024677,40.95696709081256,41.92947006225586,29913200
2018-11-08,41.731512782521555,42.42000891021349,41.70569192066476,42.16182327270508,26581700
2018-11-09,41.98971804202549,42.19626533534935,41.197944662923916,41.40449523925781,21761400
2018-11-12,41.06023219317248,41.13768822405894,40.10494223990918,40.14797592163086,24412800
2018-11-13,40.44058932487889,41.52497053047717,40.44058932487889,40.78483581542969,29315900
2018-11-14,41.18071621846945,41.28399310896098,40.35452079258997,40.52664566040039,25632700
2018-11-15,40.45780974865832,41.516376938230756,40.20823204280949,41.40449523925781,29581000
2018-11-16,41.11187964985226,42.21347385672145,41.04302837041809,42.024139404296875,31670600
2018-11-19,41.83480159676644,42.29953788311711,41.12048434741155,41.30982208251953,26859000
2018-11-20,40.79344386542372,41.41308886161882,40.5266501267643,40.78483581542969,29200800
2018-11-21,41.180711206239195,41.20653206722373,40.46639752382911,40.47500228881836,19011400
2018-11-23,40.18240925510829,40.50944628414023,40.036105202889445,40.05331802368164,8906900
2018-11-26,40.68156329831801,40.84508013953237,40.191009491665675,40.83647537231445,20723000
2018-11-27,40.39755338685759,41.499150630977915,40.096337314056505,41.37005615234375,27621000
2018-11-28,41.25817274301397,42.06715864658859,41.008595128834514,42.04994583129883,28003200
2018-11-29,41.731527341799804,41.79177056880245,40.991392515184856,41.0516357421875,23592500
2018-11-30,41.26679131188583,42.44584155422267,40.93114953569583,42.43723678588867,43313700
2018-12-03,43.03105884899027,43.46136943748017,42.626565845246795,43.142940521240234,30870400
2018-12-04,42.617965564936284,42.68681355917836,41.034422301253336,41.09466552734375,35397700
2018-12-06,40.27707129306968,41.64545912524428,40.03609840889104,41.62824630737305,31661700
2018-12-07,41.258181360778856,41.361458274089294,39.78651981770505,39.795127868652344,34016400
2018-12-10,39.829543081388664,40.84507623244128,39.59717499262148,40.629920959472656,23289000
2018-12-11,41.223764807453726,41.817592369015486,40.56108596066221,40.776241302490234,23851000
2018-12-12,41.80897520299201,41.86061036859389,40.80204679463831,41.163509368896484,31305000
2018-12-13,41.53357397027793,41.808975750131054,41.18932749072735,41.55939483642578,19526000
2018-12-14,41.21514864006021,41.963888162952635,41.180723004223715,41.1893310546875,26372100
2018-12-17,41.18933081258296,41.662671812019866,40.15658472462376,40.51804733276367,26598700
2018-12-18,40.853691440826374,41.69709986469667,40.75902257884949,41.0860595703125,29014300
2018-12-19,40.870904163297524,41.07745142256975,39.054992820230964,39.218509674072266,39717600
2018-12-20,39.080817730877726,39.8553783058298,38.73656785689678,39.19269943237305,37750900
2018-12-21,39.37341702612361,40.14797736279198,38.55582628919792,38.59025192260742,52768300
2018-12-24,38.409523577135296,38.87425651192197,37.47144637440325,37.51447677612305,19241600
2018-12-26,37.8673276496352,39.760694688718736,37.44562187446762,39.7520866394043,28677600
2018-12-27,39.26154572818473,39.915619803672605,38.44395477532986,39.898406982421875,29970700
2018-12-28,40.02749637355044,41.086063492146096,39.84676668325745,40.234046936035156,24758700
2018-12-31,40.52665342663192,40.862295177527336,40.061917179387756,40.388954162597656,20490400
2019-01-02,39.55414923306346,40.85368907267331,39.39063238831523,40.51804733276367,18774600
2019-01-03,39.71767070903514,39.82954910412985,38.2029755198096,38.289039611816406,32267300
2019-01-04,39.45088006126309,40.939754498863905,39.19269433088897,40.6385383605957,35447300
2019-01-07,40.53525806973356,41.30981847942657,40.234041956524834,40.8278694152832,22736800
2019-01-08,41.13769474374753,41.33563723560397,40.25986068224755,41.0860595703125,22749200
2019-01-09,41.275390008796535,41.800369441208915,41.12047793749422,41.31842041015625,22554500
2019-01-10,41.09466275869691,41.86922316054626,40.80205141611042,41.79176712036133,27202600
2019-01-11,41.395870495193776,42.420011628585314,41.35284010001964,42.11018753051758,21751300
2019-01-14,41.70571472228206,42.02414702287935,41.568015421459826,41.611045837402344,19193900
2019-01-15,41.92084834016841,42.282310869213354,41.688480274998504,41.82617950439453,22480800
2019-01-16,41.82619310985628,42.07577407026188,41.37867293100372,41.42170333862305,19057700
2019-01-17,41.30980913134773,42.03273092246666,41.23235310790611,41.71430206298828,17448700
2019-01-18,42.265109679989095,42.4974778090708,41.903647051525496,42.33395767211914,29874600
2019-01-22,42.13601032851807,42.153223145320844,41.19793315232597,41.54218292236328,25940700
2019-01-23,41.6626640170413,41.99830569415324,40.89671182404048,41.25817108154297,18960700
2019-01-24,41.91225978004185,43.065492503259776,41.82619567651224,42.82451629638672,50578300
2019-01-25,40.320099570291234,40.819261413209844,39.37341761835414,40.483619689941406,86455700
2019-01-28,39.70046442416155,40.21683592914424,39.631613139225216,40.199623107910156,35928700
2019-01-29,40.259865307168226,40.423385463189135,39.87258832987841,40.05331802368164,20988300
2019-01-30,40.17380553141646,41.034426895357676,39.97586301167118,40.9139404296875,26931700
2019-01-31,40.19100804191095,40.60410579666395,39.674633386212854,40.552467346191406,43051300
2019-02-01,40.50083264028991,42.21346689619978,40.45779895623446,41.93806838989258,37442900
2019-02-04,41.84340840163884,42.37699599327402,41.51637465800291,42.35978317260742,20905000
2019-02-05,42.325351325786464,43.65070877571043,42.325351325786464,43.03966522216797,31641600
2019-02-06,43.260519653751125,43.85811121923419,43.14792878936058,43.21721649169922,21647800
2019-02-07,42.87078102265968,43.173906435635644,42.16059865184236,42.636940002441406,27825900
2019-02-08,42.238550173375884,42.45506929259322,41.580330200816235,42.29917526245117,18851200
2019-02-11,42.455067388314184,42.714889658957006,42.07399494495934,42.238548278808594,18004100
2019-02-12,42.74952569756641,43.42506413855722,42.67157870023525,43.31247329711914,18050100
2019-02-13,43.41641414906074,44.00534641002128,43.30382328345429,43.710880279541016,17712800
2019-02-14,43.65890492963731,44.204533908444475,43.60693916371607,44.00533676147461,17545400
2019-02-15,44.38642484666076,44.7501754254242,44.24785272563374,44.74151611328125,22520400
2019-02-19,44.473016631595016,44.78480462784234,44.46435732228543,44.51632308959961,15611800
2019-02-20,44.71553117244956,44.80213750199156,44.2218678256568,44.50767135620117,21607700
2019-02-21,44.447050685313606,44.89741091212669,44.35178173105045,44.52499771118164,16162100
2019-02-22,45.64222911104989,45.8847294573586,45.08794071730458,45.46035385131836,31934100
2019-02-25,45.95401835738105,46.43035975169448,45.78080240386175,45.9886589050293,20711800
2019-02-26,45.910696620159335,46.22248457202217,45.82409032411674,46.101234436035156,16082200
2019-02-27,45.694193257948285,46.23116304991311,45.477674139716534,46.10991287231445,17590300
2019-02-28,45.8327572773237,46.057938970705344,45.737491657313434,45.867401123046875,18388800
2019-03-01,46.28311921013057,46.49097898895846,45.80677787576475,46.161869049072266,18359300
2019-03-04,46.551598891432256,46.8547242603606,46.083916918955325,46.71615219116211,21706100
2019-03-05,46.63821728663354,46.75947076945839,45.997322539371595,46.49098587036133,21057700
2019-03-06,46.44767778527461,46.46499970955697,45.85008296090037,45.85874557495117,14740500
2019-03-07,45.702852995246296,45.89339086451573,45.347761795856464,45.55561828613281,17803000
2019-03-08,45.00999314797653,45.52097837409785,44.77615211529531,45.451690673828125,16793900
2019-03-11,45.79812740313069,46.46500672145191,45.52964249196665,46.20518112182617,18963000
2019-03-12,46.19650902829458,46.73347539823108,46.057936955284546,46.39570617675781,20782100
2019-03-13,46.76812232065222,47.26178556973136,46.46499692343487,47.08856964111328,25522300
2019-03-14,47.027945395246704,47.15785816996774,46.187853577859705,46.283119201660156,26647100
2019-03-15,46.490984979959315,47.36572075732958,46.490984979959315,47.05393600463867,46512500
2019-03-18,47.13188437516348,47.20983139699819,46.65554293231576,46.854740142822266,16274000
2019-03-19,47.175181238119215,47.33107525003924,46.76812428434812,46.91535568237305,18274800
2019-03-20,46.82008816900925,47.11455425700877,46.430353154918855,46.61222839355469,24325300
2019-03-21,46.69884585615501,47.62555080150991,46.629561450340155,47.32242202758789,19127200
2019-03-22,47.11455376176288,47.305088308122784,46.08392081268856,46.12722396850586,21438400
2019-03-25,45.87607398602522,46.37839664596432,45.36508871081044,45.711517333984375,16971400
2019-03-26,46.179190964174786,46.5689259845188,45.936690642102555,46.283119201660156,17724300
2019-03-27,46.41302814786076,46.64686914077808,45.85007724226511,46.04061508178711,19656000
2019-03-28,46.11857226032051,46.28312560107619,45.702855949080195,45.99732208251953,13607900
2019-03-29,46.594910916756916,46.8027707120472,46.317766725582786,46.508304595947266,18736100
2019-04-01,47.06259600747887,47.261793201217884,46.8547361988097,47.2098274230957,17830400
2019-04-02,47.22715697650465,47.46099806009136,46.96733465157056,47.079925537109375,13704500
2019-04-03,47.66018786449248,48.49162380016089,47.53893768532531,48.049922943115234,24552800
2019-04-04,47.86804066184444,48.6215261675854,47.86804066184444,48.43098831176758,16520500
2019-04-05,48.28375569786115,48.45697162570249,47.52160759765069,48.15384292602539,19268400
2019-04-08,47.876701213742216,48.27509885931636,47.807416821350536,48.2231330871582,11758800
2019-04-09,47.93733148722717,48.00661919094132,47.547599717203504,47.91135025024414,13339700
2019-04-10,47.91133937800111,48.37902136048461,47.91133937800111,48.28375244140625,13084000
2019-04-11,48.29241303984513,48.56089788225065,48.17982549958185,48.327056884765625,10845800
2019-04-12,48.68214607847722,48.9246496793524,48.36169878539284,48.86402130126953,12910200
2019-04-15,48.898668967622385,48.98527858321266,48.43098695489195,48.742774963378906,11676900
2019-04-16,49.07188544226424,49.77340846918371,48.56090026794935,49.11518859863281,30301900
2019-04-17,50.613506192122664,51.609495424135076,50.33636199438032,50.717437744140625,38788400
2019-04-18,50.847345324424076,50.994580032359835,50.33636010950463,50.65681076049805,20464200
2019-04-22,50.36234588493559,50.9512781234994,50.12850485163943,50.9426155090332,12327500
2019-04-23,51.0032317187039,51.08117871623717,50.6654624973327,50.907962799072266,17739900
2019-04-24,50.68279068374034,51.34966989976815,50.35368073083147,50.85600662231445,17723700
2019-04-25,50.49225632494592,50.56154402671163,49.56555478865612,49.8946647644043,27949900
2019-04-26,45.67687110570123,45.97999652627073,44.62025683316876,45.40838623046875,72364500
2019-04-29,45.18320225155368,45.40838395597111,44.169894493132645,44.26516342163086,42142300
2019-04-30,44.16988878035072,44.542301832412114,44.05729794270412,44.204532623291016,27130900
2019-05-01,44.25650223776684,44.689540433063264,43.94471751236157,43.9620361328125,20467600
2019-05-02,43.996685752023744,44.45570854584115,43.407753464869835,43.78016662597656,22655400
2019-05-03,44.23918081925516,44.88007545761948,43.93605211942855,44.81945037841797,25656600
2019-05-06,43.78686669845332,44.68438747952083,43.73458267588581,44.63210678100586,26245200
2019-05-07,44.09184651564561,44.33583528581694,43.508023248417466,43.987281799316406,29713400
2019-05-08,43.74330089379309,44.25741551151815,42.758640017664895,42.906776428222656,36812400
2019-05-09,41.73912958535943,42.07896746728418,40.12707357687511,40.62376022338867,59642200
2019-05-10,40.46689994893116,40.780597388884836,39.29925021357695,40.25777053833008,42522800
2019-05-13,39.49967295203392,39.769798733762734,38.95070239953472,39.00298309326172,39091900
2019-05-14,39.368975677214,39.63910485920958,39.09884649521843,39.360260009765625,24706500
2019-05-15,39.14240579958265,39.8656531239336,39.002985069160495,39.75237274169922,23407900
2019-05-16,39.621669496535695,40.03993170701298,39.57809781548493,39.6739501953125,19954700
2019-05-17,39.36896928810061,39.848227874334725,39.00298776788642,39.116268157958984,22500400
2019-05-20,38.340738802449565,38.793857023546636,37.861480232229454,37.957332611083984,28675000
2019-05-21,38.637012416699406,39.020418649107675,38.49759166636432,38.7415771484375,25543400
2019-05-22,38.47144860235527,38.74157441730693,38.21003180535957,38.34074020385742,16932500
2019-05-23,37.79176915480769,38.98556276364767,37.34736658825488,38.80257034301758,35783900
2019-05-24,38.85485705570906,39.255691292349105,38.767720334370914,38.83742904663086,27168100
2019-05-28,38.915858009328446,38.94199836399837,37.730779844844115,37.9660530090332,34779900
2019-05-29,37.77434104476627,38.80257023806711,37.756916360993976,38.54115676879883,28450300
2019-05-30,38.602150950687815,39.23825824207949,38.54115458877713,38.976844787597656,21618900
2019-05-31,38.4975839948028,39.18597526667706,38.27973890806175,38.37559127807617,25532500
2019-06-03,38.558580949264524,38.85485040477464,37.64363223561786,37.87018966674805,31155700
2019-06-04,38.480154682933424,39.09012156991611,38.140316891000076,39.02912521362305,28094900
2019-06-05,39.30797009732824,39.36896645897185,38.506298406501294,38.81999588012695,20802000
2019-06-06,38.99427734068056,39.36025555481311,38.78514455828138,39.299259185791016,19076200
2019-06-07,39.429966324915746,40.188066404184895,39.29925792460434,40.109642028808594,24370300
2019-06-10,40.283914946133116,41.120439321002095,40.25777459818483,40.780601501464844,20806100
2019-06-11,41.18143497902165,41.23371899807779,40.53661536425762,40.82416915893555,18415500
2019-06-12,40.6673285108329,40.6673285108329,40.301350276837326,40.36234664916992,15900600
2019-06-13,40.60631853723243,40.920015960756,40.54532218533084,40.693458557128906,12267600
2019-06-14,39.93537877116821,40.44949018914548,39.691389916677515,40.24907302856445,15381100
2019-06-17,40.20548968485504,40.54532749684097,39.909220226498945,40.19677734375,12643300
2019-06-18,40.73702787483186,41.8262532190787,40.60631950390146,41.27728271484375,25732300
2019-06-19,41.373146462988224,41.46028650894032,40.954884214576765,41.0158805847168,17436400
2019-06-20,41.712976527467596,41.869825256781716,40.84159617530126,41.12043762207031,20126800
2019-06-21,40.9113103502354,41.590985996967405,40.780601960916584,41.355712890625,31096300
2019-06-24,41.303439530685935,41.69555812018781,41.10301907838332,41.50385665893555,14479900
2019-06-25,41.44285175025001,41.54741646430995,40.7806008050816,40.82416915893555,16665600
2019-06-26,41.521278388027824,42.24452240891145,41.44285401717996,41.9918212890625,21886300
2019-06-27,41.95696749262863,42.19223727491862,41.16401146342381,41.355712890625,23062900
2019-06-28,41.625837846878426,42.00053164645628,41.547413485942315,41.712974548339844,26646200
2019-07-01,42.95034433488545,43.08976507767781,41.60841760797598,41.86983108520508,27423300
2019-07-02,41.74783899002533,42.01796813759491,41.556134219230614,41.93082809448242,15381600
2019-07-03,41.983107517646324,42.31423299706623,41.82625878129229,42.27937698364258,10739100
2019-07-05,41.85240152426733,41.98310992005939,41.338286931032506,41.895973205566406,14339200
2019-07-08,41.495137758480354,41.782694914030735,41.0158791566158,41.66941452026367,16564300
2019-07-09,41.26858344251602,41.65198968843915,41.06816631459804,41.608421325683594,17853200
2019-07-10,41.75655709643343,42.357811842722846,41.73913240945837,42.00925827026367,16032300
2019-07-11,42.314241694334264,42.50594315946187,42.09639655173915,42.34909439086914,16615100
2019-07-12,42.69764488284936,43.50802902103991,42.532083783023864,43.49931335449219,20148700
2019-07-15,43.56902307442838,43.78686818980052,43.36860596717233,43.673587799072266,14345100
2019-07-16,43.49059473484627,43.56901910219231,42.66278270709414,42.84577178955078,17131400
2019-07-17,43.13332413449855,43.307600856418034,42.90676672283961,43.037471771240234,11928600
2019-07-18,42.94162039351009,43.56030293672588,42.60178260619628,43.51673126220703,15671600
2019-07-19,43.534157874054216,44.144124733225674,43.49058952498167,43.80428695678711,29141100
2019-07-22,43.57773429500091,44.893520619456794,43.47316957304797,44.745384216308594,21688000
2019-07-23,45.31177819293479,45.31177819293479,44.70181128321945,45.09393310546875,18413500
2019-07-24,45.29434897174634,46.157016957548336,45.137500247055065,46.11344528198242,20896400
2019-07-25,45.75618036844393,45.83460473231046,45.2072131454304,45.45119857788086,27765400
2019-07-26,45.91303452595852,46.61885388422915,44.90223334105696,44.95451736450195,36401500
2019-07-29,44.902231225875,45.799755303778866,44.24869592183504,45.75618362426758,21897500
2019-07-30,45.05907397361315,45.581904141759914,44.92836892461547,45.05036163330078,16487700
2019-07-31,44.88481097391856,45.06780341694639,43.612596160017965,44.04828643798828,24169800
2019-08-01,44.02213194999301,45.215921997584196,43.107183324845714,43.133323669433594,34020800
2019-08-02,42.77605466322849,43.011327718932215,42.26194020610963,42.41878890991211,27881600
2019-08-05,41.6171294953127,41.79140625291175,40.58018793988004,40.928741455078125,38936600
2019-08-06,41.36297891295412,41.72265684495829,41.02961781732991,41.19629669189453,26119600
2019-08-07,40.61730608909886,41.126120609452656,40.327810826462745,40.994529724121094,29440400
2019-08-08,40.49448889077778,41.5559770763497,40.275172984015235,41.380523681640625,30643700
2019-08-09,41.17876227249663,41.231399306136595,40.16113638092841,40.33658981323242,24975500
2019-08-12,40.143589305544374,40.41554228347299,39.862865162229056,40.00322723388672,18494300
2019-08-13,39.90672551404986,41.275254686974854,39.79268030080768,41.09103012084961,28959500
2019-08-14,40.40676784913116,40.906807898113726,40.04708986045079,40.24008560180664,25650200
2019-08-15,40.44184962093191,40.51203231351332,39.862855793115145,40.090946197509766,21896000
2019-08-16,40.65240829891991,40.95067815172927,40.40677548360495,40.79277038574219,22701800
2019-08-19,41.63493676479262,41.757753154332526,41.266487596172894,41.43316650390625,21403600
2019-08-20,41.25771302901244,41.33666690025245,40.757672959990906,40.880489349365234,23113300
2019-08-21,41.327899976301026,41.48580773498558,41.134900860909696,41.36299133300781,15915000
2019-08-22,41.47702677918477,41.60861767314483,40.959441060901575,41.038394927978516,19783000
2019-08-23,40.66117625066566,40.90681239305726,39.30141801460649,39.44178009033203,32814000
2019-08-26,40.196230598823604,40.196230598823604,39.696190456374595,39.968143463134766,22080500
2019-08-27,40.240082152401214,40.45939806197948,39.915495543244035,40.16990280151367,16925500
2019-08-28,40.09094894020569,40.27517350109258,39.80145033324468,40.16990280151367,14888800
2019-08-29,40.75767730523941,41.42439969934567,40.70504361646512,41.11735534667969,17803800
2019-08-30,41.44194646116022,41.92444091768205,41.371763745631775,41.59107971191406,16922600
2019-09-03,41.33666832231037,41.424396708092644,40.79276571644327,41.21385192871094,15003800
2019-09-04,41.72266507999064,42.94206115486675,41.7051194034426,42.915740966796875,23450700
2019-09-05,43.80178304636352,44.889588315236246,43.74914601212932,43.9509162902832,30014200
2019-09-06,44.08250766460509,44.73168437431321,43.924599906743545,44.67027282714844,17067900
2019-09-09,44.793092620161296,45.64403626450018,44.75800126360201,45.25804138183594,20749700
2019-09-10,45.02995097581812,45.47735402661045,44.59131909027847,45.459808349609375,18532000
2019-09-11,45.266795707515655,46.31074142456055,45.07380001123002,46.31074142456055,18968900
2019-09-12,46.49497868238294,46.784477325779825,45.67912312834978,46.50374984741211,23308700
2019-09-13,46.28443404311343,46.49497881586978,45.81948532583333,46.09143829345703,18010800
2019-09-16,45.52997728773583,45.872109519544544,45.35452391728415,45.793155670166016,13354600
2019-09-17,45.661577575574476,45.740531447033504,45.047492280503754,45.5738525390625,19641100
2019-09-18,45.73175401522636,45.73175401522636,44.88080722238624,45.38962173461914,14906800
2019-09-19,45.354531356493425,45.608938618052406,45.17907795726326,45.24048614501953,11428400
2019-09-20,45.2667938284095,45.51242987624987,44.35444236062739,44.49480438232422,37067900
2019-09-23,44.591320835764165,44.94222435003425,44.205322619622486,44.65272903442383,18916600
2019-09-24,44.82818075982816,44.89836347314962,43.547376360175,43.705284118652344,28197400
2019-09-25,43.64387027427463,44.9246745083105,43.35437163900179,44.75799560546875,19486700
2019-09-26,44.72290986193427,44.872046453912816,44.161461543535864,44.67027282714844,11351800
2019-09-27,44.41586727146578,44.933453048962264,44.16145996550232,44.547454833984375,14845700
2019-09-30,44.90713254952186,45.26681057231854,44.687816600341066,45.20540237426758,13652100
2019-10-01,45.591402830885094,45.82826446923971,44.24041571426811,44.529911041259766,18413100
2019-10-02,44.13513295893053,44.18776663321924,42.96837076360325,43.32804870605469,20078700
2019-10-03,43.424554771520754,43.924594831473165,42.57360787986691,43.889503479003906,16320100
2019-10-04,44.17023270941886,44.71413869605127,43.88950855021966,44.67027282714844,12644900
2019-10-07,44.47727193836572,44.942220646039516,44.354455551168535,44.40708923339844,12081400
2019-10-08,44.003547361269405,44.28427147948361,43.52105299224471,43.62632369995117,17409100
2019-10-09,44.27550388962104,44.5562280305005,43.99477974874158,44.28427505493164,11834900
2019-10-10,44.22287065829253,45.424721198862386,44.21409949222823,44.83695602416992,13907900
2019-10-11,45.61771284989082,46.31075198288461,45.459805114613864,45.6966667175293,24072500
2019-10-14,45.52999323642947,45.573855757783306,45.12644933908486,45.301902770996094,15016800
2019-10-15,45.556315231867345,46.55639555641501,45.46859017923891,46.18794631958008,18878100
2019-10-16,45.92475331164137,46.108981231798346,45.72298306241748,46.012481689453125,14769300
2019-10-17,46.179160548941006,46.35461395792239,45.07380976140053,45.494895935058594,16533900
2019-10-18,45.39839911210248,45.459807306949926,44.766768140533756,45.05626678466797,16974100
2019-10-21,45.196622949330276,45.7668423050985,45.03871522705719,45.731754302978516,12189000
2019-10-22,45.52999533380557,45.89844454594581,45.52122082123308,45.62649154663086,13114300
2019-10-23,45.06502986157187,45.58261551560236,44.91589665699285,45.372074127197266,15887500
2019-10-24,45.696664518135314,45.994934298580915,45.11767063215213,45.819480895996094,23413000
2019-10-25,47.538926088995176,49.66190631322614,47.30206445159156,49.53031539916992,59767700
2019-10-28,49.46012595371134,49.83734959420815,49.17940185099212,49.79348373413086,32307500
2019-10-29,49.45136185782036,50.21458381016619,49.337319967788346,49.425045013427734,18155800
2019-10-30,49.40748539784736,49.67943831700897,48.79340021210842,49.65311813354492,15248000
2019-10-31,49.41626670045375,49.65312495872281,48.79340691911191,49.59171676635742,19249700
2019-11-01,49.07412912830277,49.696988885376456,48.793405018,49.57416915893555,17953500
2019-11-04,49.942622105613076,50.70584057837774,49.87243940414279,50.539161682128906,19068000
2019-11-05,50.41634332234002,51.188332929242165,50.18825289800895,50.48652267456055,20865400
2019-11-06,50.711459665849354,50.905517576017,50.26159095814612,50.80848693847656,17721000
2019-11-07,51.161332782299596,51.64648267880417,51.037840448452656,51.20543670654297,16962800
2019-11-08,51.02901004516451,51.42595203406779,50.55268302339381,51.39949035644531,11888900
2019-11-11,51.134865958687946,51.60237356550054,51.07311979797358,51.47005844116211,11228900
2019-11-12,51.5141647071619,51.866999423564565,51.187788304224945,51.337745666503906,11952500
2019-11-13,51.04664685484165,51.134858045721316,50.587958757005985,51.06428909301758,15332700
2019-11-14,50.81730580159259,51.19660551989479,50.78202132432891,50.99372482299805,12119000
2019-11-15,51.31127988817988,51.7787908439635,50.82613005700514,51.126041412353516,16112100
2019-11-18,50.89668622823999,51.58471660264827,50.78201337753447,51.3818359375,16097500
2019-11-19,51.58473132459452,51.734688689838976,50.94080467363515,51.47005844116211,17061900
2019-11-20,51.39066652232499,51.478877720817835,50.60560536276106,51.073116302490234,18542300
2019-11-21,50.71146576079114,51.4259580596205,50.64089679231171,51.35539245605469,16139000
2019-11-22,51.46123695862834,51.734686634437466,50.71146025693463,50.81731033325195,15690200
2019-11-25,51.161324587918976,51.90228183723709,51.161324587918976,51.87582015991211,15011700
2019-11-26,51.99930792332943,52.15808470321054,51.55826206030698,51.955204010009766,22338700
2019-11-27,51.62883303604983,51.681759756504015,51.08193705100959,51.61119079589844,18184200
2019-11-29,51.293647919943446,51.42595969267357,50.976094281529186,51.20543670654297,9481100
2019-12-02,51.64646932286201,51.76996162477345,50.693812018893176,50.86140823364258,19154500
2019-12-03,50.1557384975972,50.1557384975972,49.17661609613119,49.458885192871094,25737400
2019-12-04,49.979321696400945,49.979321696400945,49.27364892312877,49.4147834777832,18881400
2019-12-05,49.7588009621425,49.7588009621425,49.18543991554109,49.46771240234375,17673700
2019-12-06,49.97932580216812,50.27041773781957,49.76762227033856,50.11164093017578,16476800
2019-12-09,49.873469713713156,50.24394664366588,49.83818523517106,49.864646911621094,14298600
2019-12-10,50.023429734360555,50.12928318275569,49.78526452284172,49.917579650878906,16157900
2019-12-11,50.199845971411015,50.42918836692651,49.90875741691391,50.340980529785156,20051100
2019-12-12,50.058712417360105,51.2054311477707,49.935220096919274,50.76438522338867,27883300
2019-12-13,50.76438215138776,51.46123547732057,50.614428161330736,50.9760856628418,22795200
2019-12-16,51.346574884839434,51.6641285455289,50.852605514801574,50.89670944213867,19131200
2019-12-17,51.1613340682229,51.249541918926724,50.39391499937542,50.54386901855469,21653100
2019-12-18,50.62325288136294,50.68499904429013,50.22631085903563,50.42919158935547,28261000
2019-12-19,50.42918806243915,51.15250645526677,50.252772389221626,51.126041412353516,18865100
2019-12-20,51.443602114724115,52.08752883268103,51.06430230806386,51.99932098388672,49953000
2019-12-23,52.0963457446783,52.731449586980546,52.07870350393194,52.246299743652344,23593000
2019-12-24,52.263944320573266,52.46682505085507,52.18455591612269,52.40507888793945,6313200
2019-12-26,52.40507754697559,52.793196756072874,52.35215082372502,52.7667350769043,11480300
2019-12-27,52.84612493502422,53.34891704255763,52.83730549669623,52.9960823059082,14085800
2019-12-30,52.9166893513663,52.96961270661077,52.37861280695933,52.59031295776367,12750500
2019-12-31,52.59030930330476,52.86375895774789,52.36096692838468,52.793190002441406,14432900
2020-01-02,53.13721579726368,53.78114245939691,53.11957355605152,53.66646957397461,18056000
2020-01-03,52.75792117051298,53.54298247402007,52.75792117051298,53.01372528076172,15293900
2020-01-06,52.563854347981525,53.10193092379282,52.334511943739265,52.863765716552734,17755200
2020-01-07,52.7314509382462,52.74909317944465,51.946389711939034,51.98167419433594,21876100
2020-01-08,51.946387367736484,52.3256871241028,51.620014332577085,52.0169563293457,23133500
2020-01-09,52.087529075062605,52.493290565266555,51.89347113382936,52.30805206298828,18813300
2020-01-10,52.54620874101336,52.99607744751022,51.92874380234087,51.9904899597168,15200600
2020-01-13,52.19338146116965,52.73145811374483,52.11399641234436,52.56386184692383,16453300
2020-01-14,52.475644769589586,52.69616772844413,52.211014527033484,52.4227180480957,17051200
2020-01-15,52.308043549029115,52.61677770082197,51.822893727541164,51.9904899597168,18498800
2020-01-16,52.27276840463446,52.7843833598777,52.10517214252744,52.625606536865234,21365500
2020-01-17,52.90786580939747,52.92550804920345,52.25511976114201,52.572669982910156,21803400
2020-01-21,52.757913718277614,54.02812474583122,52.740271477836316,53.41065979003906,28358500
2020-01-22,53.842891658526774,55.439475881787665,53.78114549325777,55.33362579345703,29475100
2020-01-23,55.44829585668264,56.19807260522174,55.404191935870955,55.85405731201172,42778700
2020-01-24,58.72085561080024,61.120146577817124,58.62382496655861,60.39683151245117,84711000
2020-01-27,58.85317566667358,59.47063733644719,57.86523026520833,57.94462203979492,30764000
2020-01-28,58.65911907069868,59.611780063246194,58.165149695227235,59.37361145019531,30915400
2020-01-29,59.65587455445772,60.035174351969516,58.368021149606044,58.509159088134766,18055800
2020-01-30,57.9005030567379,58.6591025148651,57.27421870964704,58.63264083862305,18522400
2020-01-31,58.04164597495472,58.200422775925055,56.16278604183462,56.39213180541992,25268400
2020-02-03,56.85964056112615,57.37125545574237,56.71850936285463,56.82435607910156,16646600
2020-02-04,58.0151837125403,58.27099118174895,57.26540691235078,57.741737365722656,20970800
2020-02-05,58.82670445860966,59.629404499325005,58.33272847295846,59.40005874633789,23401400
2020-02-06,59.65713526265532,59.74577749484234,59.187318582423366,59.470977783203125,17408000
2020-02-07,59.26710494414139,59.65713890514116,58.51363578009392,58.52249526977539,18134600
2020-02-10,58.11472063451322,58.859330117560106,58.008352681911866,58.8504638671875,22299300
2020-02-11,59.24051186445088,60.0205730091981,59.01003664053751,59.75464630126953,17975600
2020-02-12,59.923065940001344,60.357417640650596,59.66599871550343,59.79896545410156,15586600
2020-02-13,59.382357294041185,59.96740841403758,59.16074825094642,59.78125762939453,11602700
2020-02-14,59.85215939804991,60.153551173193165,59.231656865358474,59.630550384521484,13405500
2020-02-18,59.08983007834747,59.11642207765481,58.39840428150498,58.62887954711914,12758400
2020-02-19,58.85047739658629,59.568488293582085,58.66432667377143,59.488712310791016,13551200
2020-02-20,59.42665986864464,59.648268829925556,57.228295997031765,58.0172233581543,26452600
2020-02-21,57.77788518618273,57.83993542109659,56.76734892446081,57.03327560424805,20775900
2020-02-24,54.61331350625872,55.64157896164464,54.35624629704113,54.74627685546875,26903100
2020-02-25,54.95015854378814,55.20722236434595,52.7074735963466,52.94681167602539,34495700
2020-02-26,53.28366379568729,53.91303248855288,52.53905748618226,52.87590408325195,26190100
2020-02-27,51.35122952541268,51.86536056469032,49.46312020102196,49.489715576171875,42226900
2020-02-28,48.133467197486915,49.977255435285855,47.512961410478255,49.21492004394531,60721700
2020-03-02,49.454253039102035,51.60829225769276,48.32847919132747,51.57283401489258,43140300
2020-03-03,51.439874938562575,52.317447980102386,49.10855092252884,49.61381912231445,49740300
2020-03-04,50.535710135856895,52.042651870920835,49.78224095906726,52.01605987548828,29223100
2020-03-05,50.58002820819311,51.99832414240934,50.18113141998098,50.49138259887695,29099200
2020-03-06,48.913533745153906,49.64927379149279,48.346215304245696,49.43653106689453,36259200
2020-03-09,46.023746220664535,46.72403133107639,44.32179106681144,45.075260162353516,56197000
2020-03-10,46.76835489843984,47.86753686239239,44.70296108478632,47.84980773925781,36569000
2020-03-11,46.44037166294854,47.45977419963433,45.21708929522246,45.79327392578125,38563500
2020-03-12,42.540062504579836,44.4015766371938,40.217597893127646,40.36829376220703,50661700
2020-03-13,42.77939211615481,48.75397116080473,42.318448455431636,48.24870300292969,48805100
2020-03-16,42.11456525711987,46.3162726252334,38.67519663368516,39.54390335083008,53878900
2020-03-17,40.563298456724226,45.76667874704545,40.06689660057324,44.392704010009766,52085200
2020-03-18,41.40541535179904,44.36611105515104,40.06689878341861,42.203208923339844,49309900
2020-03-19,42.40709570488779,43.639241126262085,40.0314471039634,40.72286605834961,44538000
2020-03-20,41.22813187755365,43.80766018979661,40.30624111916494,40.62535858154297,52344000
2020-03-23,40.7937768559093,44.756146054718,40.69626837463899,43.94948959350586,46698500
2020-03-24,47.10520229820371,48.434856123172885,45.51848125551754,46.449241638183594,50019800
2020-03-25,46.520150577652515,47.681382697965006,44.24201083240493,45.438697814941406,41106100
2020-03-26,45.86419145537804,49.59608549815655,45.793274965674875,49.23264694213867,41459800
2020-03-27,47.353398664945665,48.43485141964193,46.156711691278055,46.42264175415039,31633500
2020-03-30,46.97223811993137,49.72905082818724,46.83040851635073,49.18832778930664,31628600
2020-03-31,48.80715545664227,49.463116042798426,47.17611347974965,47.97390365600586,48074700
2020-04-01,46.53788197247491,48.479175260278055,45.589395886602276,45.9882926940918,29586600
2020-04-02,45.46529620529691,48.36394188183995,45.40324596543232,48.17778778076172,27810000
2020-04-03,47.73457228822207,48.86921254975315,46.74176501818143,47.9827766418457,23906100
2020-04-06,50.198857546972974,52.095829513870136,49.746773420142546,51.79444122314453,32323400
2020-04-07,53.13296136401376,54.50693957806153,51.59942781474128,51.767852783203125,41410000
2020-04-08,52.29085630408322,52.75180000585492,51.33350388928506,52.28199005126953,26719500
2020-04-09,52.61883638140721,52.93795385139579,49.69359854231971,50.65094757080078,40499700
2020-04-13,50.145677404592895,52.095837014692975,50.145677404592895,52.03378677368164,23251900
2020-04-14,53.22160899510696,53.98394436355708,52.7517956974084,53.77119827270508,25674000
2020-04-15,52.95568040192088,53.03545976554092,51.75898994762022,52.184478759765625,22841600
2020-04-16,52.84044188249062,54.037128934710836,52.1312938744533,53.886436462402344,24433500
2020-04-17,54.976755382643496,55.074263873494886,53.03546196277488,53.505271911621094,27385600
2020-04-20,52.547924167391706,53.22161741037541,52.20221467389333,52.45928192138672,26420300
2020-04-21,51.51079669731727,51.945148445340756,49.578365939435024,49.95953369140625,25248000
2020-04-22,51.652619615070726,53.629371240127014,51.2448599180244,53.27479553222656,23350400
2020-04-23,52.89362672380934,53.27479441831296,52.1312947162866,52.335174560546875,35092000
2020-04-24,49.81769422889827,52.654289555877064,49.72904861717386,52.53018569946289,50187000
2020-04-27,52.937940404078624,53.03544887085984,51.75897931515486,52.716331481933594,25902200
2020-04-28,53.17728786285833,53.38116770155847,51.64375087433727,52.07810592651367,28784700
2020-04-29,52.68975267234502,54.98562196262242,52.58338130309817,54.781742095947266,30451500
2020-04-30,54.40056800848072,54.55126386368171,52.964542856101644,53.16842269897461,26279900
2020-05-01,52.149023312921834,52.583374991073754,50.801640398754955,50.9434700012207,21194800
2020-05-04,50.633217283397705,51.47533205841141,49.91520637390511,51.4044189453125,18957200
2020-05-05,52.113564171892236,52.56564496527351,51.72353023569684,52.07810592651367,17252100
2020-05-06,52.63080610401489,53.442019260877046,52.54165974576385,52.75560760498047,17848700
2020-05-07,53.42418366828152,53.57572735849942,52.52382425969542,52.74668502807617,14733500
2020-05-08,53.19240188598633,53.290461159542154,52.63970818118142,53.19240188598633,20384500
2020-05-11,53.254815739917106,54.2354018532018,53.22807013278644,53.60247802734375,18684400
2020-05-12,53.68270355852235,54.057108021185535,51.93547253100437,52.051361083984375,16754900
2020-05-13,52.10484372356355,52.80016817128542,50.723107761809885,51.471920013427734,21065000
2020-05-14,51.09752752784913,52.728870330294654,50.00996565955211,52.66646957397461,21569400
2020-05-15,51.16882927418371,52.03352666695185,50.77659218000193,51.95329666137695,21373300
2020-05-18,53.25481892428088,53.736195673801596,52.91606955191847,53.41527557373047,20428700
2020-05-19,53.60247498229507,55.064441133851055,53.35286859990791,53.7451057434082,21865000
2020-05-20,54.520655164900596,56.59771904131417,54.39585368574163,56.25005340576172,30584000
2020-05-21,56.250055592494796,56.874066413133434,55.10900956658556,55.25164031982422,20987700
2020-05-22,55.251633026839315,55.55472376253792,54.75242375610486,55.50123596191406,14103000
2020-05-26,56.76710096200285,57.17716400134875,55.3764484017943,55.572566986083984,20933600
2020-05-27,55.554731030970544,56.68686412124284,54.44042720990553,56.66012191772461,19886300
2020-05-28,56.16091623215493,56.5620663139303,54.81483862507048,55.00204086303711,17253500
2020-05-29,55.18032549978137,56.749263752887366,54.93071913634824,56.0985107421875,33393900
2020-06-01,55.70628251611015,55.85782621545609,54.966383088238096,55.14467239379883,14317700
2020-06-02,55.00203750250859,55.42101342846585,54.22648299218497,55.376441955566406,20702400
2020-06-03,55.670627893217514,55.75085791633749,54.850498390148196,55.20707702636719,16737300
2020-06-04,55.037695977359405,56.57989206187591,54.68111739340576,56.13417053222656,22010100
2020-06-05,56.48183167477615,58.041856997987864,56.30354238629203,57.35544204711914,26813100
2020-06-08,57.025610520093934,57.18607053417207,56.107421906072354,56.758174896240234,21546200
2020-06-09,56.1520075005331,56.793844278832886,56.07177747817239,56.19657897949219,23594100
2020-06-10,55.97371699907572,57.310881743054104,55.93805845642904,56.93647384643555,21367800
2020-06-11,56.223312657022745,56.42834414959759,53.05869052283512,53.21915054321289,26998200
2020-06-12,53.584637168632504,54.342362328625704,51.810664172078425,52.889312744140625,30419800
2020-06-15,52.889321170246966,53.807506482263605,52.22073884000132,53.57572937011719,29651700
2020-06-16,54.81483561440381,54.95746636891387,53.03194948273537,53.843162536621094,23226600
2020-06-17,54.146261679793376,54.62763842526424,53.540080029333524,53.92340087890625,20454800
2020-06-18,53.79859759890184,53.94122837975432,52.88041215970064,53.55791091918945,24899700
2020-06-19,54.06601956994325,54.279963986643246,52.684280192837846,53.147830963134766,60336100
2020-06-22,53.24589816389726,53.97688126417609,52.44360138096439,53.56681823730469,22846000
2020-06-23,53.65596564878381,53.905572060275794,53.361791157442596,53.41527557373047,22809600
2020-06-24,53.165669953990566,53.31721706073708,52.300968993517024,52.675376892089844,27764500
2020-06-25,52.57731600350629,52.67537529302682,51.240151293140656,52.1583366394043,21906900
2020-06-26,52.14051442841326,52.35445889275871,50.87466331212326,51.25798416137695,38477500
2020-06-29,51.231235550268245,52.015703022268305,50.598308370937616,51.94438934326172,22150300
2020-06-30,52.33662234929174,53.4687554676345,52.18507865815046,53.33504104614258,31542100
2020-07-01,53.40635585325547,53.513328072827676,52.3811949305497,52.4257698059082,14748100
2020-07-02,52.7645210970578,53.317218322286315,52.568405908008685,52.711036682128906,15578600
2020-07-06,52.345539759440044,53.14783650662495,52.238564139346956,53.07652282714844,20536700
2020-07-07,52.65753667395936,53.103258164953154,51.82849442866411,51.98004150390625,15996500
2020-07-08,52.104847731000106,52.32770849682937,51.64129693000498,52.24747848510742,13277900
2020-07-09,51.88198315000887,52.37227611866229,51.436261651126635,52.07809829711914,20683700
2020-07-10,51.6591295174348,53.210238642907235,51.55215729512978,53.06760787963867,17742300
2020-07-13,53.34395034934169,54.03927481540555,52.051357292732135,52.220733642578125,19082900
2020-07-14,51.58781384913315,52.81800634140066,51.12426300566154,52.57731628417969,24190900
2020-07-15,52.621883392333984,52.89823196855155,52.07810257493661,52.621883392333984,19986300
2020-07-16,52.18508328042731,52.91606639786994,52.06028178241307,52.719947814941406,12425900
2020-07-17,52.96955265721869,53.8966543899039,52.84475115485451,53.48659133911133,16322800
2020-07-20,53.55789788574299,54.71677312322749,52.89822855946615,54.511741638183594,16868700
2020-07-21,54.84157875758338,55.207070284812566,53.87881859771011,54.110595703125,19803700
2020-07-22,54.654376899476254,55.06443990344048,54.0392789929444,54.42259979248047,18959900
2020-07-23,54.60980071674677,55.03769638086237,53.4687546806663,53.843162536621094,43518600
2020-07-24,46.48875883891463,46.51550104362008,44.12643327314824,45.098106384277344,182269900
2020-07-27,45.490341281856246,45.588400569056056,44.099692192362575,44.18883514404297,107526500
2020-07-28,44.10860922856429,44.777191630089675,43.80551840384935,43.8946647644043,62362600
2020-07-29,44.117520274932346,44.12643320962615,42.70012561763002,42.85166931152344,60500800
2020-07-30,42.637726595876956,43.23499186147602,42.42377874813979,42.780357360839844,39735200
2020-07-31,42.90516262843462,43.07453561404065,41.87108864136489,42.548583984375,46536000
2020-08-03,43.0299594549646,43.35087951960691,42.55749569345541,43.05670166015625,31767100
2020-08-04,43.324133187621676,43.80551327651616,43.23499023808664,43.796600341796875,29045800
2020-08-05,44.32254738467129,44.32254738467129,43.377616573286986,43.60939025878906,29438600
2020-08-06,43.78889643500925,43.81582025987414,43.1696210736713,43.59144592285156,23795500
2020-08-07,43.55554493589793,43.66324708204788,42.81062392193771,43.10679626464844,36765200
2020-08-10,43.25937225329124,44.32739284994838,43.133723174117534,44.17481994628906,37442600
2020-08-11,44.54279512352891,44.632543490435616,43.13372453627305,43.250396728515625,35348100
2020-08-12,43.681196754785994,44.21072035700774,43.295276023101145,44.14789581298828,30659800
2020-08-13,44.21071917832802,44.27354714435332,43.42989742084556,43.58247375488281,24774500
2020-08-14,43.7350436029159,44.16584190183421,43.66324559826979,43.87864303588867,22321200
2020-08-17,44.07610442590083,44.25560461736939,43.73505440447871,43.914554595947266,20018300
2020-08-18,44.210712783663574,44.48893816214718,43.636315094634455,43.66324234008789,19251400
2020-08-19,43.78889700556551,43.95942027139949,43.30424760959855,43.37604904174805,27775000
2020-08-20,44.704352766550336,45.054376252053224,43.977378541803404,44.12995147705078,55081300
2020-08-21,43.9953242034064,44.25559927845262,43.663251114643174,44.22867202758789,34621500
2020-08-24,44.21072226291739,44.33637478005401,43.815824622959646,44.103023529052734,36295300
2020-08-25,44.29149126529895,44.76716717185014,44.16584218859204,44.3632926940918,38384300
2020-08-26,44.327393602828884,44.57869176544449,44.18379416366559,44.47099304199219,28616600
2020-08-27,44.68639965413904,44.81204875159094,44.129948760164694,44.33637619018555,24420600
2020-08-28,44.48894725696085,45.59286868317687,44.39022199203664,45.26079559326172,35384700
2020-08-31,45.77237128990748,46.22112002804383,45.16207273214756,45.72749710083008,46114100
2020-09-01,45.691587725691235,45.77236262020352,45.07231581688406,45.58388900756836,30472800
2020-09-02,45.96083569433652,47.28015781468578,45.85313697747549,46.89423370361328,53000700
2020-09-03,47.11860767560401,47.22630639166058,45.00051352563561,45.22488784790039,47394300
2020-09-04,45.350541615166634,45.97879046727903,44.41714693991936,44.94667053222656,43318400
2020-09-08,44.21071386046194,44.785114987161485,43.84274011798525,43.89659118652344,39752700
2020-09-09,44.453042393278885,44.84794341615462,44.013270611579024,44.533817291259766,33437300
2020-09-10,44.87487309664445,44.955648005165656,43.71710054906756,43.94147491455078,32649100
2020-09-11,44.21072166823839,44.91974545597907,43.93249965752366,44.22867202758789,29333600
2020-09-14,43.842744787940134,44.623569958352576,43.842744787940134,44.34534454345703,27212500
2020-09-15,44.68638527068833,45.413355793003575,44.63253420753608,44.87485885620117,27598300
2020-09-16,45.33258112547657,45.79928007063982,45.02743194685753,45.206932067871094,26531400
2020-09-17,44.30944422654974,45.31464374664146,44.246619684504104,45.16206741333008,26959900
2020-09-18,45.17103929608828,45.32361218880282,44.01326699473062,44.77613830566406,50123500
2020-09-21,44.32738613990011,44.650485679540886,43.824789899285676,44.62356185913086,27377100
2020-09-22,44.77613550684283,45.063334341737395,44.39918831992377,44.829986572265625,22290900
2020-09-23,44.72229688859122,45.00949578143308,43.672223154897424,43.81582260131836,30078800
2020-09-24,43.55555112957546,44.551773869202904,43.456825860072755,44.120975494384766,29343400
2020-09-25,43.94146745182085,45.12616362647677,43.75299383850753,44.821014404296875,26633400
2020-09-28,45.332587740658866,46.185210872132735,45.01846505080664,46.158287048339844,29652200
2020-09-29,46.05058849545989,46.436512615058135,45.72748891405852,45.94288635253906,19558200
2020-09-30,45.9877585881419,47.01090486067243,45.906983702222114,46.47240447998047,27711300
2020-10-01,47.028864796377476,47.31606368844884,46.660891001930985,46.8852653503418,22127600
2020-10-02,46.22110908905311,46.651907364866716,45.76338699090126,45.781333923339844,25811800
2020-10-05,46.041620054642,46.499345686856344,46.01469622581099,46.39164352416992,20883200
2020-10-06,46.40959186339491,47.298115836614556,45.97879350245481,46.10444259643555,25642800
2020-10-07,46.53523547275499,47.47761041390468,46.48138782378459,47.271183013916016,21978700
2020-10-08,47.48658139032551,48.08790635384238,47.27118053469905,47.89942932128906,22369500
2020-10-09,48.060976251150606,48.330224736923725,47.27117772569324,47.40580368041992,24343900
2020-10-12,48.06097530638962,48.644349867163875,47.75582611553051,48.35715103149414,27303500
2020-10-13,48.70718015202903,48.725130509338804,48.123805522343574,48.31228256225586,20005800
2020-10-14,48.47382970415886,48.82385654176372,48.02508103529589,48.06098175048828,21874200
2020-10-15,47.3429812649834,48.44690250259539,47.22630566058137,48.33022689819336,18272900
2020-10-16,48.37510785664812,49.09310504185152,48.37510785664812,48.608455657958984,23414400
2020-10-19,48.88668352308953,50.4662774099584,48.32125921345225,48.985408782958984,43537200
2020-10-20,49.00334771052402,49.093099488321904,47.809678167094255,47.953277587890625,27224900
2020-10-21,47.693006075381206,48.52767884004622,47.40580721266642,48.01610565185547,21866000
2020-10-22,47.67506409434121,48.66231335408958,47.63018990609835,48.37511444091797,41522700
2020-10-23,43.393995258715286,43.681194135203874,42.774723323226894,43.25937271118164,97322500
2020-10-26,42.945253374240615,42.95423026637016,41.50925876482196,41.93108367919922,54161300
2020-10-27,41.26692211302363,41.65284619477499,40.710474790558045,40.96177291870117,50130500
2020-10-28,40.288661761588216,40.64766212691169,39.669389726270495,39.714263916015625,45066000
2020-10-29,39.70529105153766,39.91171506645036,39.41808870070121,39.58861541748047,36796800
2020-10-30,39.57963442686208,40.207883298841665,39.139862613053005,39.74118423461914,46781300
2020-11-02,40.351477683277935,40.441229467257045,39.70528195703075,39.90272903442383,33856700
2020-11-03,40.14505929406316,40.800232001588995,40.118135466968425,40.25275802612305,34349500
2020-11-04,40.486097720230056,41.419495594880196,40.18992201197992,41.015621185302734,34748200
2020-11-05,41.72077239337944,41.928697815588635,41.16027417846792,41.29587936401367,31103200
2020-11-06,41.169308008367345,41.404353040551555,40.59073243814552,41.0337028503418,36233700
2020-11-09,42.16373595101595,42.80559303323994,41.16930958274168,41.223548889160156,48481700
2020-11-10,41.042752434414474,42.019098023075955,40.907147251936166,41.07891082763672,39224500
2020-11-11,41.49476453651791,42.001016520448054,41.45860269521348,41.901573181152344,31496900
2020-11-12,41.702682920931146,41.756922225161176,40.27432146744514,40.63593292236328,42881300
2020-11-13,40.672099138552646,41.205474195288886,40.65401821900092,41.096988677978516,30884700
2020-11-16,41.62132196166966,42.2631790402902,41.39531565664137,41.75692367553711,36306300
2020-11-17,41.35915735991104,41.69364575437707,41.05178862082303,41.16027069091797,31118000
2020-11-18,41.17835641097468,41.304919415603045,40.717304972888016,40.73538589477539,32817900
2020-11-19,40.608819707721075,41.28683876431682,40.409936462822934,41.24163818359375,29469100
2020-11-20,41.277790065638335,41.4766767111205,40.97946354599752,41.0337028503418,24199300
2020-11-23,41.11507552936961,41.77501366959713,41.08795587042075,41.63941192626953,35489600
2020-11-24,41.847330320382994,42.76039432013018,41.594200901292695,42.498226165771484,33901200
2020-11-25,42.516300949944586,42.65190609948216,42.10045021594993,42.53438186645508,28126900
2020-11-27,42.814641303367516,43.48361813390467,42.814641303367516,42.89600372314453,15921400
2020-11-30,42.86887763313781,43.84522660249244,42.73327590867154,43.70962142944336,46332700
2020-12-01,44.07123554392571,45.409192639942106,44.03507370248615,44.803497314453125,57768000
2020-12-02,44.496121504562026,45.25550281147837,44.4599596688559,45.11085891723633,33753500
2020-12-03,45.12893471001101,46.20472686651763,45.002371738323724,46.09624481201172,50261200
2020-12-04,46.1595233998612,47.59692346400524,46.10528065172255,47.000267028808594,39767700
2020-12-07,46.10529202608979,46.36746020056473,44.80349678684301,45.38207244873047,51040300
2020-12-08,45.047576337860185,45.85215819562867,45.029495420445095,45.825035095214844,28956500
2020-12-09,45.454389921591506,45.96064531928809,44.95717670789068,45.26454544067383,34068400
2020-12-10,44.8938922476672,45.852160221511866,44.83061075820961,45.43630599975586,33706000
2020-12-11,45.3278302769488,45.3278302769488,44.40572401059997,44.95718002319336,29398800
2020-12-14,45.038541821983664,46.41266074221191,44.966221588594266,45.62615966796875,33436400
2020-12-15,46.087213986769406,46.114333644933616,45.39111402236152,45.80696487426758,25465600
2020-12-16,45.84312158942549,46.521140556351426,45.81600193429495,46.21377182006836,28351000
2020-12-17,46.2408920106724,46.394574644840745,45.40014826876325,45.78887939453125,26399000
2020-12-18,45.716560030170086,45.81600336686853,42.588633259274395,42.9050407409668,119298400
2020-12-21,41.874452173534074,41.99197642969049,40.89810662989358,41.910614013671875,53775700
2020-12-22,41.81116950343992,41.892531917173706,41.37723777972064,41.73884582519531,32171200
2020-12-23,41.73885231688817,42.5163147360234,41.648451153604995,42.1004638671875,22564200
2020-12-24,42.127578160692806,42.57055208095902,41.89253309694411,42.55247116088867,11865600
2020-12-28,42.66095323272785,43.06776531285337,42.362626673024394,42.55247116088867,21269200
2020-12-29,42.68807746731436,45.806962117490734,42.02813938589759,44.649810791015625,84531400
2020-12-30,44.39668533336132,44.469005567842544,43.89947208233524,44.07123565673828,37385400
2020-12-31,44.07123309745304,45.37302827976491,44.044113442170335,45.03853988647461,28576800
2021-01-04,45.101817866172624,46.45785570194971,44.65884743769167,44.902931213378906,46102500
2021-01-05,44.70404696717199,45.95160271261105,44.59556490844152,45.752716064453125,24866600
2021-01-06,45.59903737713279,47.14492334535654,45.382073224507614,46.19569396972656,36809600
2021-01-07,46.548264903993015,47.633092521198556,46.37649788735526,47.18107986450195,32092300
2021-01-08,47.41612880829613,47.48844904076202,46.34937865290666,46.692909240722656,34625400
2021-01-11,46.36746137322528,47.22628615181472,46.33129953129702,46.593467712402344,32925000
2021-01-12,46.91891226046976,48.681758754359336,46.611543534866485,48.130306243896484,39883900
2021-01-13,53.78949733811835,54.467516212128245,51.43903328765031,51.48423385620117,124070700
2021-01-14,52.84027236827083,54.36807367830824,52.28881645766244,53.56349182128906,74680900
2021-01-15,53.20189262299892,53.92511569115935,51.981459730498734,52.05378341674805,50265400
2021-01-19,52.37921919860361,52.740830660467346,51.61983788755575,52.42442321777344,35647100
2021-01-20,52.65043776999259,53.53638219695184,52.514832588397766,53.03916549682617,28701300
2021-01-21,53.37365487895273,57.81241899222635,52.63235440412696,56.46541976928711,86519500
2021-01-22,53.2018867375021,53.89798662202091,51.2130338658287,51.22207260131836,85729300
2021-01-25,50.9689495382672,51.0774316132585,48.87161102932623,50.119163513183594,61968500
2021-01-26,49.97451348468253,50.806218487445655,49.58578236087736,49.911231994628906,31485900
2021-01-27,49.36883030957246,49.58579448607261,48.18455573018247,48.44672393798828,49722900
2021-01-28,49.53154654544956,51.8910531078713,49.45018413127699,50.688697814941406,49202600
2021-01-29,50.60733084903422,51.67408087286972,50.04683618435908,50.182437896728516,37256200
2021-02-01,50.580214515985844,51.88200966251801,50.36324693393912,51.24919128417969,26926600
2021-02-02,51.701206124006575,52.6865938476885,51.420960485614316,52.433467864990234,23580900
2021-02-03,52.33402478580562,52.731798130375516,51.872973393833924,52.14418029785156,21893200
2021-02-04,52.39702771662312,53.55210927330705,52.015030574724065,53.470252990722656,29853800
2021-02-05,53.66124734436619,53.73401002308191,52.860875226070625,52.91544723510742,23432600
2021-02-08,53.09734777600084,53.86133851628557,52.706257071479165,53.806766510009766,34358300
2021-02-09,53.452053709312125,53.94319132569838,52.69715661714268,53.46114730834961,28754100
2021-02-10,53.93410464358802,54.04324520063118,52.860879335702315,53.53392028808594,16325100
2021-02-11,53.752194820701725,55.47117659861541,53.53391373334195,55.17103576660156,27539100
2021-02-12,55.11646326119576,56.853632222738476,54.96184778150815,56.216976165771484,26214200
2021-02-16,56.389792439437485,57.181067587687714,56.1169392989563,56.817264556884766,26326300
2021-02-17,55.92592770365049,56.562583707091086,55.67126183275924,56.25334930419922,21055400
2021-02-18,55.16194481103537,56.37159485771822,55.15284774140871,56.03507614135742,17846100
2021-02-19,56.30792527792256,57.53576590776384,56.253353272557185,57.308387756347656,28290100
2021-02-22,56.280646239046746,57.026446367423084,55.17103964679707,55.216514587402344,32288200
2021-02-23,55.00732514317257,55.9350284707364,53.815862312087425,55.589412689208984,27374600
2021-02-24,55.05279960807,57.55395939619764,54.91637479224502,57.472103118896484,24669900
2021-02-25,56.76268937430107,57.790439731277125,54.68900145891197,54.9345703125,36394000
2021-02-26,55.38022501725787,56.10783444747868,54.279715537204176,55.28017807006836,38216800
2021-03-01,56.13512426375227,57.372062075659755,56.07145865309664,57.19015884399414,28495400
2021-03-02,57.11739638698148,57.42663084116816,55.58032118590048,55.69855880737305,23320000
2021-03-03,55.15285008337119,55.9532222382438,54.2979093864835,54.47981262207031,28740400
2021-03-04,54.41613725682511,54.789037261659715,52.66987136550365,53.0518684387207,40210400
2021-03-05,53.89771559006746,55.64398160049242,53.215581134490506,55.243797302246094,39511700
2021-03-08,54.99823032008055,56.1169304482748,54.31609584170488,54.434329986572266,33112400
2021-03-09,55.64398130231786,57.45390943848815,55.334746878666095,56.99915313720703,36387500
2021-03-10,57.49938915191353,58.317951900641866,56.5080202537938,56.61716079711914,27160300
2021-03-11,57.24472704613977,58.29066455037643,56.74449576415567,57.58124923706055,30701800
2021-03-12,56.98096915707195,57.572150300422905,56.608069107737656,57.20834732055664,20173000
2021-03-15,57.85409827248753,58.09966709605604,56.82634804114866,58.0178108215332,21247400
2021-03-16,58.345249012777515,59.782280939212335,58.28158339269659,58.91823959350586,30186600
2021-03-17,58.40889850845656,60.29158925572092,57.945045153614544,59.827735900878906,32394700
2021-03-18,59.69131355455781,59.75497916338515,57.89048236828096,57.96324157714844,30094200
2021-03-19,57.46301254591755,59.10922830905727,57.226537301472945,57.99052810668945,54951700
2021-03-22,58.95461541448693,60.373453065635154,58.718140159618386,59.69131851196289,34380100
2021-03-23,60.02783503128827,60.07331343950007,57.45391256079138,57.735862731933594,35160000
2021-03-24,60.555350769805045,61.33753216346483,56.380687783482095,56.42616271972656,74584700
2021-03-25,56.080549138256764,56.789967885879,55.462080266657495,56.40797424316406,35401400
2021-03-26,56.20788799621088,59.0910452558229,56.18060372359667,59.00009536743164,34705800
2021-03-29,58.21791111445461,59.23656091925033,57.85410463887126,58.663570404052734,26161600
2021-03-30,57.9996223449707,58.20880983898771,57.43572547111983,57.9996223449707,20709500
2021-03-31,58.21790215295141,58.654464305226156,57.82681146623054,58.208805084228516,33013200
2021-04-01,58.86366089812534,59.018276386094435,57.82681701322644,58.70904541015625,31416300
2021-04-05,59.07284926435609,60.700877889981264,58.84547108098438,60.518978118896484,27947500
2021-04-06,60.0823998832961,60.5553503191678,59.38207823740932,59.62764358520508,28771400
2021-04-07,59.72770323713732,60.54626613571352,59.44575649280681,60.25522232055664,17793300
2021-04-08,60.910067365360575,61.201111155316674,60.35526405653312,60.98283004760742,22224200
2021-04-09,60.75545569685144,62.21067473829632,60.60083325257937,62.083343505859375,27177100
2021-04-12,62.0287564243337,62.292515910506864,58.85455939940576,59.4912223815918,51266900
2021-04-13,59.673114464016024,59.69130166047232,58.39979560215965,59.31840515136719,26822000
2021-04-14,59.4002682141396,59.463933821288585,58.06328699449556,58.38161849975586,25768400
2021-04-15,58.181536090058685,59.31842711280008,57.91777654009883,59.13652038574219,24927700
2021-04-16,59.41846829787181,59.59127099797693,58.72723668035701,58.89094924926758,24625500
2021-04-19,58.845462485853446,58.881843822562736,57.362959444859754,57.87228775024414,23997700
2021-04-20,57.881384117910834,57.99052466374325,56.76268398196118,57.02644348144531,19872100
2021-04-21,57.10829869562083,58.00871425363679,56.662635981697896,57.93595504760742,24364200
2021-04-22,57.617625705262796,58.12695404461384,56.644447435237865,56.908206939697266,38257600
2021-04-23,53.8067653721586,54.570756096287234,52.66078102072327,53.8795280456543,77479500
2021-04-26,53.75219709123579,54.134194214524236,53.170109541001466,53.442962646484375,39645900
2021-04-27,53.26106175721665,53.324727364825726,52.54254593475373,52.724449157714844,38167700
2021-04-28,52.315170418970844,52.897257986269814,51.9786516946603,52.40612030029297,30387400
2021-04-29,52.642590472851644,53.02458410103275,52.2696904441207,53.00639343261719,23290600
2021-04-30,52.39703102774451,53.14283121863576,51.90589330120172,52.32426834106445,30731800
2021-05-03,52.624403067652985,52.64259373719654,51.69669973802421,52.07869338989258,22281700
2021-05-04,51.73308343851283,51.824033320866654,50.75990512536132,51.75127410888672,35323600
2021-05-05,51.80583841751256,52.115072849570325,51.351082103869686,51.70579147338867,21001900
2021-05-06,51.81377328571852,52.39029630106427,51.475181955194145,52.33538818359375,25529300
2021-05-07,52.80210638202974,53.08578963767279,52.38115455754446,52.77465057373047,19959000
2021-05-10,52.29878741003945,52.37199474405514,51.136591746384774,51.21895217895508,35046500
2021-05-11,50.377050457023444,50.90781852084092,49.69071461022235,50.36790084838867,35968100
2021-05-12,49.773074212016375,50.011005923123264,48.88541208137491,49.06843566894531,30232300
2021-05-13,49.45278692369479,49.773075592663986,48.92201885410619,49.425331115722656,29192500
2021-05-14,49.96524877129295,51.1091418612116,49.65410971119969,50.65158462524414,28158300
2021-05-17,50.596680105688314,51.14574739373896,50.11166706066274,50.63328552246094,20010200
2021-05-18,51.20065695618293,51.3745274544067,50.14827388517832,50.184879302978516,18703400
2021-05-19,49.48023761561172,50.724793815674246,49.26976171279006,50.660736083984375,23769700
2021-05-20,50.85290103761457,51.466029429845875,50.66072787368936,51.200645446777344,23145200
2021-05-21,51.630757613720654,51.896141652417604,51.228108496683184,51.31962203979492,17723100
2021-05-24,51.84123284306836,52.5184155531434,51.61245424003785,52.124916076660156,19164400
2021-05-25,52.67399181582893,52.67399181582893,51.63075835469166,52.04256057739258,22309900
2021-05-26,52.20727609176197,52.37199696388441,51.786324303397684,52.08831024169922,15173600
2021-05-27,52.26218554354143,52.96682407203346,52.161522397916215,52.82955551147461,32387600
2021-05-28,52.6648312451049,52.756344776548204,52.1066109213957,52.271331787109375,20303900
2021-06-01,52.71973932788218,52.91191250745516,51.786322253105084,52.060855865478516,20326400
2021-06-02,52.079161729956525,52.79294986359009,51.94189317000338,52.60077667236328,18483600
2021-06-03,52.14322048237846,52.25303323796262,51.32876918760052,51.46603775024414,21831300
2021-06-04,51.74972463962523,52.847862745500905,51.74057503055038,52.500118255615234,21493800
2021-06-07,52.536725226417516,52.564177545338204,51.960202092888686,52.24388885498047,17364400
2021-06-08,52.57332409857395,52.74719458156094,51.79547474746646,52.161521911621094,33254500
2021-06-09,52.49096366118337,52.60077641407598,52.13406959611906,52.161521911621094,13904800
2021-06-10,52.29878620455146,53.104084314583154,52.09745993160144,52.50926208496094,26738100
2021-06-11,52.59162822629419,53.021729641275165,52.115768296394656,52.939369201660156,18119700
2021-06-14,53.09494338101899,53.25966426927254,52.37200209267116,53.250511169433594,21784500
2021-06-15,53.26881626268756,53.46098947729065,52.893619442845115,53.0674934387207,20806500
2021-06-16,53.21390691093129,53.415229717064534,51.951047986620026,52.362850189208984,21879700
2021-06-17,52.207274692676165,52.98512401038336,51.88698605595717,52.32624053955078,21498800
2021-06-18,51.86869129604559,51.93274903320342,50.42280867817484,50.94442367553711,55118300
2021-06-21,51.01763246036371,51.28301649841829,50.66988797915028,51.127445220947266,19254600
2021-06-22,51.191502955528065,51.5026420195854,50.78885383946522,51.127445220947266,18682800
2021-06-23,51.12744185334773,51.21895539021026,50.54176918096552,50.56922149658203,20287900
2021-06-24,50.77969465185849,51.337911449209166,50.64242610885898,51.31045913696289,21209700
2021-06-25,51.26470656406206,51.62160060381782,51.01762526941172,51.16404342651367,21101200
2021-06-28,51.575849494935824,52.82955527836219,51.55754678754977,52.60077667236328,22480900
2021-06-29,52.66483777510525,52.921072204033166,51.136598264798,51.93274688720703,26360000
2021-06-30,51.55755057395641,51.594155991416834,50.688191109137556,51.37452697753906,29891600
2021-07-01,51.36537043678014,51.83207722832107,51.12743874628141,51.25555419921875,24871600
2021-07-02,51.74972133498689,52.1523739262634,51.53924543085807,51.94189453125,17219400
2021-07-06,52.08830899157893,52.1706694256635,50.97187181840226,51.328765869140625,26186600
2021-07-07,51.584997482630776,51.65820830987504,50.98102212140307,51.209800720214844,14857400
2021-07-08,50.61497549873058,50.990172239211375,50.13911562211617,50.68818283081055,19162000
2021-07-09,50.798004690980875,51.34707548909998,50.61498458249264,51.23726272583008,18708000
2021-07-12,51.484339047555196,51.9418962870108,51.34707397024933,51.91444396972656,15392800
2021-07-13,51.813781952657045,52.43606009120849,51.55755101003637,52.04256057739258,15716000
2021-07-14,52.31709714318918,52.5824812004778,51.548404272507604,51.72227478027344,16263600
2021-07-15,51.61245025490756,51.61245025490756,50.85290367586826,51.072532653808594,18917000
2021-07-16,51.29215850300878,52.09746010663019,50.23977909742577,50.303836822509766,25263800
2021-07-19,49.79138183290381,50.157429044163415,49.38873269322618,50.00185775756836,27007700
2021-07-20,50.258074980866844,50.84375105705779,49.66325278867619,50.5509147644043,19867000
2021-07-21,50.49601305155299,51.50263749879311,50.34044178773768,51.45688247680664,18497200
2021-07-22,51.30131425427018,51.74056874508266,50.953569806628664,51.209800720214844,36691000
2021-07-23,49.94695461780724,50.06591699778306,47.87879374665417,48.50107192993164,67742300
2021-07-26,48.32719556767113,49.910343154028155,48.28143705226798,49.699867248535156,32881200
2021-07-27,48.61087861943106,48.68408945107506,47.86963814890082,48.66578674316406,39878000
2021-07-28,48.528522907027835,49.3429742885477,48.4461624588469,48.565128326416016,28478800
2021-07-29,48.94032104001591,49.507691029369475,48.79390286563807,49.14164733886719,16886600
2021-07-30,49.09589252296488,49.324671139584694,48.72984534001933,49.159950256347656,16465700
2021-08-02,49.407034997024084,49.84628955239641,48.995232760461,49.123348236083984,18098100
2021-08-03,49.31550953230634,49.56259081453641,48.73898654043621,49.4710807800293,16375900
2021-08-04,49.644949857610584,49.818820314679385,49.1416377000881,49.32466125488281,17612700
2021-08-05,49.72809073230525,49.75572144118386,49.35045581883066,49.635982513427734,15310000
2021-08-06,49.60835475937116,49.85704169479906,49.48861582448303,49.66361618041992,19256000
2021-08-09,49.810993754130976,50.11494213754646,49.58072844316751,49.78335952758789,14670100
2021-08-10,49.95835851041347,50.096515575292926,49.28598077643614,49.682037353515625,16215700
2021-08-11,49.97677543642494,50.06888365769298,49.589931447807274,49.866249084472656,18590800
2021-08-12,49.893879875474816,49.90309245440134,49.05571438519962,49.31361389160156,15070100
2021-08-13,49.276771931816405,49.33203686615766,48.871506287355636,49.26756286621094,15281100
2021-08-16,49.02808546720252,49.26756333807209,48.81624182055299,49.249141693115234,17690300
2021-08-17,48.97282107080258,48.982033650167054,48.09781576393299,48.53071212768555,22014900
2021-08-18,48.447813907377075,48.843870473339166,47.996495922442186,48.0701789855957,15061700
2021-08-19,47.94123984210683,48.5122968628757,47.50834342141963,48.300453186035156,22999400
2021-08-20,48.042552830098714,48.24518742172516,47.36096598508137,47.90439224243164,25728300
2021-08-23,48.43860900579038,49.313617854957734,48.337291710871995,49.0280876159668,23976300
2021-08-24,49.33203634875623,49.70967127887042,49.10177106177027,49.56230163574219,20348800
2021-08-25,49.81098856731535,49.94914563136526,49.488615057393346,49.56230163574219,15048400
2021-08-26,49.50703870147794,49.50703870147794,48.788612101408056,48.93598175048828,19570000
2021-08-27,49.14782125086942,49.68203486608185,48.74255211494693,49.635982513427734,16525000
2021-08-30,49.976776641541825,50.53862450733223,49.516246064804704,49.682037353515625,14581300
2021-08-31,50.14257276377308,50.19783770319384,49.424146119152276,49.792572021484375,22350100
2021-09-01,49.83861875893869,49.884671113142915,49.304401612175425,49.433349609375,18615000
2021-09-02,49.55308712541986,49.63598276604687,49.1386089222848,49.48861312866211,15869500
2021-09-03,49.221510035380646,49.81099216402788,49.11098367344603,49.28598403930664,13456200
2021-09-07,49.341249481251324,49.69125373011876,49.22151053834962,49.41493606567383,13915000
2021-09-08,49.48861338203576,49.66361372933573,48.80703012323012,49.341243743896484,18235100
2021-09-09,49.424140027432486,49.63598366541345,49.12940074732251,49.18466567993164,13495800
2021-09-10,49.59913673798103,50.63993672088997,49.562296965847196,49.589927673339844,20324700
2021-09-13,50.299146650642776,51.10968139305514,50.11493373006234,50.64915084838867,22639200
2021-09-14,50.99915964776935,51.0636336531965,49.985993693711514,50.21625900268555,22072700
2021-09-15,50.354408370750825,50.79652078823569,50.12414309703003,50.76888656616211,18796200
2021-09-16,50.52941980566586,50.61231545718048,49.9583628249928,50.50178909301758,19863100
2021-09-17,50.28073182495103,50.28073182495103,49.43335368081006,49.97677993774414,35359200
2021-09-20,49.00965703282971,49.27676557734666,48.18991327044303,48.797813415527344,35051900
2021-09-21,49.00045455573499,49.23071984639768,48.65966290935366,48.696502685546875,17968900
2021-09-22,49.184663028232684,49.617559346172655,48.816237191173514,49.27676773071289,18594100
2021-09-23,49.50703853317368,50.013621480566655,49.36887795044397,49.76493453979492,16474300
2021-09-24,49.53466842944935,50.12414701406935,49.4886160738202,49.939937591552734,12976200
2021-09-27,49.68203823307401,50.538625402055416,49.57151187649982,50.3452033996582,13899900
2021-09-28,49.903092156797626,50.280727078437245,49.70045758445512,49.737300872802734,24691300
2021-09-29,49.73730251061843,49.78335486578473,48.98203264246867,49.26756286621094,20514300
2021-09-30,49.51624373792375,49.71887830650805,49.05571318282801,49.074134826660156,20534100
2021-10-01,49.41493066850416,49.83861794194864,48.86229188640457,49.60835266113281,19895100
2021-10-04,49.672828986414295,50.04125485841231,48.8899284003804,49.249141693115234,27353300
2021-10-05,49.3228239812266,50.05046313447978,49.25834998167956,49.69124984741211,18129400
2021-10-06,49.25834535234361,49.801771521432435,48.880710456100125,49.718875885009766,20059600
2021-10-07,50.032039424435034,50.649152197785234,49.847826498946795,49.90309143066406,20704400
2021-10-08,50.24388491762173,50.271519141287264,49.460984347297256,49.56230163574219,16068000
2021-10-11,49.56229550911042,50.114930724135064,49.20307875441849,49.221500396728516,14398800
2021-10-12,49.341244809237295,49.47940538516251,47.90438817117882,48.0517578125,32784300
2021-10-13,48.245184868491364,48.42939780444197,47.77544170613886,48.1346549987793,18534000
2021-10-14,48.724137645461305,49.73730353424968,48.56755541838991,49.645198822021484,26586700
2021-10-15,49.921509711801704,50.18861826008846,49.562296463759765,50.16098403930664,25231100
2021-10-18,49.91230843516073,50.253103631272005,49.47941203200918,50.17020797729492,22407600
2021-10-19,50.31757012821138,50.860996331269305,50.07809226865671,50.851783752441406,18392900
2021-10-20,50.88863059323883,51.10968682413936,50.732051877926885,50.9991569519043,16850300
2021-10-21,50.593890635378294,51.64389981294672,50.5017859232851,51.57942581176758,38390900
2021-10-22,46.41227416360024,46.55964381778107,45.26094764232192,45.555686950683594,109971900
2021-10-25,45.89647962770403,46.11753234013492,45.41752739934442,45.5096321105957,43178800
2021-10-26,45.500417197958654,45.53725696958344,44.146456332421806,44.46882629394531,68405400
2021-10-27,44.68988866509604,44.966206315082886,44.09119749548327,44.109619140625,41081500
2021-10-28,44.33987979375731,44.54251435553826,44.10040545911825,44.28461837768555,31317200
2021-10-29,44.303047207205516,45.389899824318306,44.13725589181068,45.13200378417969,42301000
2021-11-01,45.5004232547515,45.68463267810367,45.13199738090812,45.638580322265625,28013700
2021-11-02,45.6938413249575,45.96094988482787,45.34383712628493,45.92410659790039,27193300
2021-11-03,45.98858231744198,46.46753452474836,45.78594774531292,46.412269592285156,23962100
2021-11-04,46.595909092587036,46.69792741503029,46.12289929197221,46.660831451416016,24806000
2021-11-05,46.88342003838998,47.838712718581654,46.87414693225358,47.22658157348633,36816200
2021-11-08,47.72742189178836,48.218981508137695,47.35643744062313,47.81089401245117,31647800
2021-11-09,47.80162491920469,48.01494179258987,47.08747527978266,47.48628616333008,22508400
2021-11-10,47.28224123922476,47.66250235863344,47.0318248623453,47.07819747924805,25040700
2021-11-11,47.310063089300385,47.36571235119507,46.75358462236873,46.8648796081543,25420000
2021-11-12,46.929793993134716,47.208036717262594,46.54025984016082,46.660831451416016,23884800
2021-11-15,46.753584733902535,46.957628489999344,46.48461860777562,46.67011260986328,24695800
2021-11-16,46.716489568567376,47.439915890157316,46.6886667039692,46.939083099365234,30927800
2021-11-17,46.929804843286625,47.24514360393497,46.354776587282245,46.58664321899414,23546900
2021-11-18,46.5959167654005,46.5959167654005,45.4180339301111,46.076534271240234,30658200
2021-11-19,46.002334208670604,46.122905837035496,45.66844926074303,45.928138732910156,27607600
2021-11-22,45.95596326092748,47.161668974297186,45.82611852013436,46.21565628051758,33389600
2021-11-23,46.52171272752853,46.7906788225031,45.111963428148464,45.538597106933594,44713300
2021-11-24,45.31600493887673,46.16927225461333,45.10268810994258,46.15072250366211,26035800
2021-11-26,45.35310836029668,45.6127978200502,44.62968216269201,45.2418098449707,25269000
2021-11-29,45.72409432413755,46.49389315983048,45.186165634114296,46.373321533203125,31478900
2021-11-30,45.90959070702544,46.744311953263804,45.149068477343306,45.631351470947266,49460800
2021-12-01,46.22492718268544,46.660837538549416,45.00067177362425,45.074867248535156,35093500
2021-12-02,45.08413956501766,46.17855013439296,44.82445012076024,45.909584045410156,37240800
2021-12-03,46.07652609378542,46.42896427863087,45.22325525752849,45.67771530151367,32224900
2021-12-06,45.89103164066608,47.49554789906532,45.61279246104828,47.291507720947266,40336000
2021-12-07,50.69531333632711,51.0106520541822,48.423019946312834,48.75690841674805,91731500
2021-12-08,48.75690579181537,49.044421634323,47.653222107743524,47.99638366699219,37143400
2021-12-09,47.57901488285875,47.84798092732508,46.772120287462485,46.8184928894043,31694200
2021-12-10,47.15239119360821,47.36570803777282,46.41969189973621,46.92052459716797,23783600
2021-12-13,47.16166658406612,47.31933771704091,46.326948919270656,46.373321533203125,35726900
2021-12-14,46.206376308012736,46.62373690051859,45.74264310256259,46.0950813293457,34120400
2021-12-15,46.25274805180748,47.096742328346856,45.75191888821527,46.994720458984375,32590300
2021-12-16,47.05964769271783,47.67177538820513,46.911253207084656,47.14311981201172,33132300
2021-12-17,46.92051851382448,47.31932929103533,46.38258638158547,46.948341369628906,50102300
2021-12-20,46.28984279139149,46.49388650911132,45.40874910069598,46.00232696533203,30140300
2021-12-21,46.317664669593135,47.152385735353974,46.317664669593135,47.08746337890625,31956300
2021-12-22,46.96689128122984,47.319329453979265,46.56808050264569,47.27295684814453,23307900
2021-12-23,47.3749819656778,47.97783295904328,47.34715556985861,47.58829879760742,25198200
2021-12-27,47.625394517555726,48.28389829917935,47.57902190876616,48.17259979248047,20985400
2021-12-28,48.16333214409893,48.33954949267067,47.88509292182642,48.00566101074219,19290400
2021-12-29,48.05203740489101,48.3580994895317,47.91291602405199,48.070587158203125,14174800
2021-12-30,48.15405465266499,48.358098396482525,47.90364183362078,47.98711395263672,18359400
2021-12-31,48.12622621759786,48.376642545638546,47.72741542160748,47.7645149230957,16319000
2022-01-03,47.90364512505169,49.36904032423573,47.85726897063133,49.35049057006836,33857600
2022-01-04,49.684371416069276,50.02753297029807,48.83110408382401,49.285560607910156,45681400
2022-01-05,50.25939726885947,52.09578010900163,49.92551237447256,49.962608337402344,59109300
2022-01-06,50.64893490236165,50.70458061570265,49.545247747723316,50.09245300292969,35757900
2022-01-07,50.25940057905962,50.44489455793817,49.29483825729722,49.56380081176758,30717200
2022-01-10,50.055361311170664,51.298166393210956,49.44323364616595,51.20541763305664,49260800
2022-01-11,51.47437991723928,52.01231207227358,50.76023043797126,51.85464096069336,39795200
2022-01-12,52.067956281714935,52.19780099455663,50.8344279717158,51.69697189331055,29136800
2022-01-13,51.938117471154214,52.13288456255021,50.797334244116065,50.95500183105469,29605400
2022-01-14,50.871529235822244,51.72480014028671,50.57474027896593,51.65987777709961,30151500
2022-01-18,51.29816473931565,51.613503437666665,50.713859952193985,50.788055419921875,35313800
2022-01-19,50.667490265272946,50.87153046679681,49.67510150339549,49.73074722290039,30595100
2022-01-20,49.95334278620211,50.16665964182413,48.172605390134336,48.26535415649414,28582600
2022-01-21,48.30245366303806,49.27629271279209,48.181882035772155,48.26535415649414,46372400
2022-01-24,47.74596613081122,48.3488206590854,46.262021421525446,48.17259979248047,64198400
2022-01-25,47.310058171713926,47.87581322582321,46.60518528433407,47.300785064697266,44095400
2022-01-26,47.42135596612733,48.896027619695644,47.06891775877047,47.94073486328125,54895400
2022-01-27,46.354772643025434,46.42897165710169,44.31434574997673,44.564762115478516,89642800
2022-01-28,44.24942128617774,44.70388138086401,42.94169379804433,44.26797103881836,61945400
2022-01-31,44.2216004086862,45.32528420525484,43.87843881445961,45.27891159057617,51828400
2022-02-01,45.24181159324788,45.47367820213169,44.85227738856484,45.39948272705078,35386100
2022-02-02,44.750251526553136,45.98378347412771,44.60185705161216,45.91885757446289,37962700
2022-02-03,45.67771581089341,46.08579971399993,44.75024950001232,44.778072357177734,42145800
2022-02-04,44.726674232922534,45.08179716992636,44.04446672562207,44.866851806640625,32431500
2022-02-07,44.97900045804897,45.474300994257604,44.82012825504803,45.025726318359375,27558500
2022-02-08,44.83882378891271,45.735973230281395,44.76406311794282,45.61448669433594,28051200
2022-02-09,46.100441077019845,46.69854067273571,45.63317532224748,46.6424674987793,35217300
2022-02-10,45.96025889762095,46.66115751411787,45.56775381860623,45.66120910644531,32762700
2022-02-11,45.74531915931439,45.89484406168886,44.39024772625868,44.51173782348633,37208200
2022-02-14,44.78274505033799,45.02572522196282,44.02577686285989,44.46500778198242,28456900
2022-02-15,44.57715216411552,45.28739451802717,44.100539114489884,45.26870346069336,35837900
2022-02-16,44.913583905827906,45.31543272468327,44.483696718594615,45.072452545166016,26022900
2022-02-17,44.726676755759605,45.1004872050473,44.278102077641584,44.45566177368164,32030600
2022-02-18,43.16601008482041,43.18470114321391,41.59599682931479,42.09130096435547,76520100
2022-02-22,41.764217376708984,42.43708129295376,40.979210662741835,41.764217376708984,57093300
2022-02-23,42.21278659149934,42.7174344624404,41.63337805354189,41.72683334350586,38176700
2022-02-24,41.025937186220446,43.72673284241282,40.77361323552689,43.66131591796875,72740100
2022-02-25,43.85755730616638,44.66125485158642,43.222075691878636,44.586490631103516,39266300
2022-02-28,43.92297950403978,44.68929503146708,43.782798356236505,44.577152252197266,41946100
2022-03-01,44.427628377856074,44.764060288341724,43.19404708271185,43.754764556884766,53853000
2022-03-02,44.40893154990956,45.78269381757854,44.37154943916723,45.67054748535156,46936500
2022-03-03,45.0257318944638,45.37150758152813,44.50239292529356,44.79209899902344,36389900
2022-03-04,44.268758868086316,45.10983869558079,44.268758868086316,44.92293167114258,38310700
2022-03-07,44.86685760428659,45.3621617439656,44.48369981601881,44.55846405029297,43813700
2022-03-08,44.56780705096684,45.53037694387971,43.8201825455162,44.3902473449707,44813900
2022-03-09,45.240671276942486,45.28739714050547,43.82018292190762,44.51173782348633,36076500
2022-03-10,44.19399571433212,44.21268677222132,43.137974115798414,43.60523986816406,36456000
2022-03-11,44.06316748724697,44.184654031570716,42.773512848242,42.829586029052734,27082100
2022-03-14,42.894999533239236,42.96976020339688,41.399746915581915,41.493202209472656,35993900
2022-03-15,41.58665198222509,41.960466010294425,41.18480314978474,41.87635803222656,34448900
2022-03-16,42.334277028541415,43.577205657958984,42.30624222380277,43.577205657958984,38885500
2022-03-17,43.28749839657241,44.193995084018454,42.736124674046685,44.05381393432617,28555000
2022-03-18,43.75476526528211,44.48369870649941,43.315534312264084,44.34352111816406,46237100
2022-03-21,44.352865805324726,44.754714650660034,43.988399076986866,44.28744888305664,32910900
2022-03-22,44.390244796513215,45.29674146261697,44.296793075555044,45.22197723388672,27923300
2022-03-23,45.287396282526515,46.334074144273124,44.913585816149705,45.10983657836914,37126400
2022-03-24,45.47430418467416,48.26855503271474,45.40888726265911,48.240516662597656,51677900
2022-03-25,47.37140244346419,48.576948984743524,47.14711687040822,48.436771392822266,33239800
2022-03-28,47.99753680464878,48.19378755749413,47.2499123426513,48.13771438598633,22932400
2022-03-29,48.59564033763831,48.86665534126432,47.922776484485425,48.82927322387695,27303700
2022-03-30,48.829269471756035,49.07224608619334,47.866703195203556,48.06295394897461,24623300
2022-03-31,47.84801504997144,47.90408466020147,46.268654482667955,46.31538391113281,43698300
2022-04-01,46.56770724097482,46.633124162021375,44.23137844658407,44.96031188964844,46598600
2022-04-04,45.01638436641732,46.00698912171834,44.782751472097225,45.97895431518555,23784900
2022-04-05,45.63317282543199,45.773350405221024,44.87620106073469,44.979000091552734,25779200
2022-04-06,44.334176082863884,45.016383696328994,44.147272622153984,44.42763137817383,31518700
2022-04-07,44.324825682192355,44.77340033747937,43.7080350855534,44.44631576538086,24117000
2022-04-08,44.18464990974489,44.46501222268933,43.78280106380975,43.941673278808594,22167300
2022-04-11,43.8295305414522,44.20334101753657,43.483751305756655,43.52113342285156,30352500
2022-04-12,44.2220384957543,44.77341232560444,43.37161481564193,43.45572280883789,29861400
2022-04-13,43.689350632362576,44.17530747360805,43.50244360650585,43.93232727050781,22171300
2022-04-14,43.68934167527277,43.68934167527277,42.633320225897165,42.68004608154297,36181800
2022-04-18,42.54921733373471,43.82018072260643,42.53987358747302,43.5865478515625,25593100
2022-04-19,43.54917028410226,44.857515924550334,43.30619364142451,44.79209899902344,31483100
2022-04-20,45.193944769087516,45.5584114906197,44.838821794152764,44.96031188964844,22787100
2022-04-21,45.436921652601605,45.69859290322546,44.296795618647444,44.3902473449707,27316900
2022-04-22,44.34351500236786,44.53042199265852,43.455709472202955,43.49309158325195,28219900
2022-04-25,43.184695840725944,44.05381034205675,43.15666103905541,43.97904968261719,35999300
2022-04-26,43.63327128016918,43.77345242096214,42.53052390512505,42.53987121582031,35356600
2022-04-27,42.502482793274396,43.04451265458906,42.06325194461968,42.25950622558594,28320900
2022-04-28,42.79219918971315,44.17530541259565,42.55856630953121,43.77345657348633,41097000
2022-04-29,42.04457449182577,42.39035015470979,40.65212096379609,40.736228942871094,70765900
2022-05-02,40.85771219341273,42.04456744821631,40.66145789847909,42.01652908325195,45446500
2022-05-03,41.85766903433543,42.51184183317421,41.33433008227342,42.10999298095703,40158400
2022-05-04,42.10998555902797,43.58654329592012,41.50253873182189,43.49309158325195,44625600
2022-05-05,42.951489741643336,43.24348582169498,41.56687174565513,42.00957107543945,52996700
2022-05-06,41.905964226739655,42.52763042030808,41.29371563912066,41.72699737548828,40916600
2022-05-09,41.265460926024474,41.632808656456696,40.38005501869059,40.56843948364258,44925800
2022-05-10,41.77409083421778,42.14144212721681,40.97346141621227,41.45383834838867,42770000
2022-05-11,41.463262507547064,41.717580993258,40.29528171314887,40.34238052368164,40351700
2022-05-12,40.248187374811025,40.41773303565469,39.570004731436356,40.35179901123047,42329600
2022-05-13,40.898104204542676,41.29371188804125,40.474243705762234,41.067649841308594,32034100
2022-05-16,40.89811455873877,41.077081439042104,40.304708272959445,40.57786560058594,25071900
2022-05-17,41.27487533366183,41.84002509158528,41.11475088639952,41.821189880371094,28596600
2022-05-18,41.425587402434175,41.425587402434175,39.76781193504717,39.8902587890625,35218400
2022-05-19,39.86199960376542,40.219929720397545,39.29684981382816,39.570003509521484,29181000
2022-05-20,39.79606484911842,39.83374245925689,37.968743875018745,39.23091506958008,44802300
2022-05-23,39.26859272077542,39.79606853212629,38.92950497755165,39.56058883666992,27199500
2022-05-24,39.278012050118406,39.456975316613445,38.712858652057776,39.249752044677734,29837500
2022-05-25,39.033109804465205,40.0503837296002,38.986014587887034,39.74897003173828,26283100
2022-05-26,39.72070939962125,41.143008632495935,39.63594016700088,40.95462417602539,28826700
2022-05-27,41.058230055661944,41.96247100830078,41.02055245101845,41.96247100830078,30553300
2022-05-31,41.67990240145594,42.150861750624934,41.11475261970702,41.84002685546875,41111500
2022-06-01,42.16970086977554,42.32040771890644,41.001720094160056,41.54803466796875,29885500
2022-06-02,41.623389028863535,42.27331527783515,41.38790933706453,42.23563766479492,28727600
2022-06-03,41.54803662295604,41.679904673008615,40.822758754532025,40.86985397338867,33174700
2022-06-06,41.26546067188778,41.482101547651176,40.57786043321227,40.822757720947266,25437100
2022-06-07,40.559013529654266,41.05822920486638,40.18224467729496,41.001712799072266,25168700
2022-06-08,39.79606559262382,39.80548319876705,38.64692361387394,38.83530807495117,59649900
2022-06-09,38.628083537210124,38.94833603256156,37.68616485595703,37.68616485595703,39047200
2022-06-10,37.53546082265525,37.75210529753188,36.90437698364258,36.90437698364258,43066200
2022-06-13,36.310966520729075,36.55586740401901,35.48207702773477,35.576271057128906,50335900
2022-06-14,35.802322287721395,35.981289110743504,35.35962301523334,35.72697067260742,31351700
2022-06-15,36.32039378194105,36.89496128803125,35.71756267261332,36.40516662597656,37652300
2022-06-16,35.51033689316397,35.59510972271717,34.78505903879433,35.17124557495117,45576500
2022-06-17,35.303111779734394,35.90593916147594,34.474222333272465,34.82273483276367,71393200
2022-06-21,35.19008436781679,35.82116819293149,35.16182795568771,35.53859329223633,34004900
2022-06-22,35.161824312099924,35.57626721729786,35.05821268751683,35.208919525146484,32571000
2022-06-23,35.425570933327215,35.43498854148836,34.766226974846404,35.237186431884766,30163000
2022-06-24,35.651617274819145,36.395733824953076,35.548009247917776,36.36747741699219,38159900
2022-06-27,36.612376669086125,36.79134351096852,36.235611367542944,36.38631820678711,29585300
2022-06-28,36.33921963500145,36.75366250633917,35.5480079038046,35.5856819152832,37824200
2022-06-29,35.359628998429294,35.41614182104377,34.8698308413405,35.124149322509766,25437200
2022-06-30,35.04880193044232,35.79291873491545,34.59668128286175,35.237186431884766,35141000
2022-07-01,34.93575944430682,35.0393710605419,33.796038851989195,34.22932052612305,40596300
2022-07-05,33.843137693600006,34.606093100654206,33.475789991618754,34.55899429321289,33215000
2022-07-06,34.68144377185722,35.246593514277116,34.3423524891515,34.84157180786133,26258300
2022-07-07,35.68929831393534,36.10374483394499,35.53859146842309,35.92477798461914,33165400
2022-07-08,35.47265814587047,35.92477869130094,35.21833966535307,35.78349304199219,22566300
2022-07-11,35.472657031796935,35.48207463753453,34.87924726255996,35.03937530517578,25904300
2022-07-12,35.46324417810332,35.51033939937119,34.84157791521622,35.048797607421875,30546300
2022-07-13,34.5495817943393,35.25602089276259,34.49306537293682,35.048797607421875,27059200
2022-07-14,34.84158098100688,35.943624346813706,34.18223704583428,35.51976013183594,36690700
2022-07-15,36.04723338680315,36.42399875593516,35.538596365683055,36.37690353393555,32892300
2022-07-18,36.8290253251489,37.055087428455174,36.29213187207364,36.46167755126953,30814400
2022-07-19,37.03624388048239,38.3643491354545,36.96089225111403,37.88397216796875,53095300
2022-07-20,37.87454615129763,38.3078278461769,37.26230121543804,38.204219818115234,36387900
2022-07-21,38.157118246541465,38.288989859586536,37.50719575135116,38.251312255859375,29661200
2022-07-22,38.025261047562466,38.15712910499946,36.67831687265301,36.9232177734375,41350000
2022-07-25,36.9985654319096,37.121015869138596,36.31096521123621,36.885536193847656,32263400
2022-07-26,36.82902305376882,37.27172603249225,36.621803364414575,36.6971549987793,35925500
2022-07-27,36.98914851282399,38.07235288339831,36.95147090172537,37.84629440307617,42571600
2022-07-28,37.76152127230711,37.78977768383743,36.77250734426379,37.40359115600586,56662300
2022-07-29,33.53230387845462,34.49306137204714,33.19321616877606,34.20106887817383,125292400
2022-08-01,33.956166700554874,35.50091271559671,33.956166700554874,34.81331253051758,52513400
2022-08-02,34.4648059432096,34.53073996584255,33.90907375734986,33.91849136352539,53929400
2022-08-03,33.99384703502396,34.46480639899319,33.21205276613035,34.39887237548828,59513900
2022-08-04,34.2609119289219,34.346540572218984,33.64248606458415,33.927913665771484,54046300
2022-08-05,33.63296634503385,33.95645189476213,33.47122538487396,33.671024322509766,40205100
2022-08-08,33.64248147945575,34.21333660402867,33.490253204275746,33.6615104675293,41534600
2022-08-09,33.50928861420651,33.58540095167881,32.72911810071788,32.84328842163086,48202300
2022-08-10,33.2904567010146,33.680541911444735,32.90988417061068,33.65199661254883,42243300
2022-08-11,33.90887970650632,34.527309109635745,33.76616774152837,33.86130905151367,35569700
2022-08-12,34.061112307895904,34.3845978841193,33.93742568567286,34.356056213378906,37675200
2022-08-15,34.34653447457044,34.66050732072212,33.97547829596079,34.57487869262695,25400600
2022-08-16,34.40362157218379,34.803223048007354,33.965965751040834,34.43216323852539,25000200
2022-08-17,34.070625222841954,34.327511122134965,33.556853424255934,34.04207992553711,29176100
2022-08-18,33.94694186531471,34.565371344649,33.84228423378964,34.44168472290039,24598200
2022-08-19,34.06110832884866,34.279936247581894,33.48073689553479,33.6615104675293,31425500
2022-08-22,33.29997182940773,33.3570588019882,32.09165813035444,32.19631576538086,51006100
2022-08-23,32.329517473266264,32.71960274135082,32.26291781501347,32.30097579956055,30687100
2022-08-24,32.32000110620697,32.33903009631053,31.967970233404333,32.2153434753418,25105700
2022-08-25,32.22485579212015,33.23337047977773,32.17728513210235,33.1953125,29799100
2022-08-26,33.252405980512926,33.32851832556253,31.730119156017206,31.739635467529297,44851500
2022-08-29,31.61593983295667,31.78719709737878,31.216341968910676,31.340024948120117,32976800
2022-08-30,31.435170229553858,31.463711897463828,30.588400207079385,30.69305419921875,40182500
2022-08-31,30.816745913958847,30.816745913958847,30.226861693185292,30.36957550048828,44074500
2022-09-01,30.036576302936464,30.28394775650257,29.617947549616545,30.217348098754883,36440700
2022-09-02,30.645486466608773,30.807231068816066,29.551344934538257,29.70357322692871,34893300
2022-09-06,29.865314825394012,29.865314825394012,28.85680197478343,28.885345458984375,46989600
2022-09-07,28.942432654658464,29.2944617258229,28.59040358349403,29.1612606048584,37329500
2022-09-08,28.894861227070713,29.35154610618533,28.45720352355757,29.25640296936035,37359500
2022-09-09,29.675031177265584,29.96997326316683,29.570373547069764,29.931915283203125,34069500
2022-09-12,30.198314923737364,30.31248704599366,29.589401777581966,30.027057647705078,38305500
2022-09-13,29.33251887651941,29.427662019055212,27.829263031508173,27.867321014404297,71417900
2022-09-14,28.114688218111237,28.32400347656698,27.600918196283516,27.76266098022461,40767200
2022-09-15,27.73412058280243,27.98149203370225,27.315491833994688,27.439178466796875,39919100
2022-09-16,27.305975997797965,27.895860161653708,27.039575585753997,27.819746017456055,72748000
2022-09-19,27.610434817975406,28.067119720267634,27.496262685050105,28.010034561157227,33151900
2022-09-20,27.65800426660365,27.753147404078266,27.3154896975768,27.553346633911133,31129000
2022-09-21,27.734119857239627,28.15274859509546,27.07763417066869,27.087148666381836,39977300
2022-09-22,27.020548393565633,27.11569153381817,26.678035629242753,26.70657730102539,36092700
2022-09-23,26.54483607290654,26.54483607290654,25.869323185203022,26.18329429626465,43491100
2022-09-26,26.22135003194812,26.354551159837232,25.555351651320706,25.66000747680664,44786400
2022-09-27,26.069119271869596,26.25940554253098,25.3270068086398,25.583890914916992,44121400
2022-09-28,25.555352645426254,25.954952415228984,25.307981186528885,25.812236785888672,40433400
2022-09-29,25.479235883108505,25.479235883108505,24.917893363563564,25.098663330078125,41831300
2022-09-30,25.022548923283036,25.27943484950694,24.48974989514429,24.518293380737305,43821000
2022-10-03,25.051094256871966,25.92640791788033,24.80372280759737,25.66000747680664,44096200
2022-10-04,26.097665368618056,26.44969264545526,25.774179764943327,26.354551315307617,42427500
2022-10-05,26.040580238438206,26.48775066065736,25.583893505547557,26.29746437072754,30120000
2022-10-06,26.107179414610027,26.411636021126025,25.688550673298273,25.85980796813965,33985100
2022-10-07,24.898865431494915,25.003523069498016,24.404122543285993,24.470722198486328,57215500
2022-10-10,24.68003709742075,24.727607760492898,23.871323122262893,23.975980758666992,43409300
2022-10-11,23.795209869192025,24.242380288916017,23.49075325876679,23.823753356933594,48134900
2022-10-12,23.83326426643952,24.28043646762643,23.4622080269052,24.09966468811035,39634100
2022-10-13,23.528805502865932,25.536318438201832,23.395606211700066,25.13671875,62447000
2022-10-14,25.174777613695817,25.33652040519587,24.50877927170488,24.651493072509766,48185400
2022-10-17,25.03206112711011,25.45068980396542,24.898861835944246,25.13671875,39416500
2022-10-18,25.441178811192287,25.650492271076327,24.299466555409587,24.61343765258789,51126900
2022-10-19,24.489750148446408,24.974978520320015,24.442179486670426,24.73712158203125,33882300
2022-10-20,24.87983397783286,25.640977226220233,24.689549526764257,24.813234329223633,33247700
2022-10-21,24.59440934192096,25.736121629298474,24.53732418122822,25.66000747680664,53058700
2022-10-24,25.450693722619583,26.145235583072267,25.231865763524276,25.85980796813965,43831600
2022-10-25,25.859806316962064,26.221348060438835,25.688549033055654,26.07863426208496,32205300
2022-10-26,25.869320450334584,26.449690130817128,25.679034178721185,25.888347625732422,37111100
2022-10-27,26.116690138666645,26.249889431104812,24.860804096104644,24.99400520324707,56305100
2022-10-28,26.81123648192271,27.800720479342083,26.50677986733213,27.65800666809082,91695700
2022-10-31,27.667519016328484,27.7626621546783,26.68754777632292,27.049091339111328,59507700
2022-11-01,27.40111939327695,27.4486918711954,26.535320256910445,26.925405502319336,44418700
2022-11-02,26.896862040830722,27.44869004504039,26.078633622114737,26.08814811706543,51956100
2022-11-03,26.116691614507065,26.525804009357916,25.850291199872327,26.05960464477539,39678200
2022-11-04,26.585136676350324,27.23120282791374,26.43085238695134,27.1926326751709,43051900
2022-11-07,27.346918910656342,27.452988217657715,26.893707168982882,27.395132064819336,34389800
2022-11-08,27.732629670945908,27.9158429674121,26.932279172758577,27.462631225585938,36258000
2022-11-09,27.211917689778566,27.289059836909928,26.536924362182617,26.536924362182617,30544800
2022-11-10,27.848341564437387,28.764406193994382,27.62655811575354,28.69690704345703,62943900
2022-11-11,27.89655701103716,29.535828165320652,27.838700858094295,29.342973709106445,49826500
2022-11-14,29.256186088425583,29.882966236793685,29.101901800803088,29.26582908630371,39395300
2022-11-15,29.989036081658206,30.22046250311705,29.092257548996603,29.612966537475586,40933200
2022-11-16,29.03440541472817,29.15011772183715,28.388339209192143,28.47512435913086,35582800
2022-11-17,28.03155433719462,28.88011980044275,27.96405518791181,28.822261810302734,31983300
2022-11-18,29.1790462667312,29.1790462667312,28.55226606848289,28.802978515625,27122200
2022-11-21,28.600479771823636,28.65833592559415,27.877271412443307,27.906200408935547,36086800
2022-11-22,28.099053475255506,28.793334642947404,28.021911327646837,28.754762649536133,25584100
2022-11-23,28.667976923046872,29.005474501705663,28.436550484907258,28.61012077331543,23143900
2022-11-25,28.61976476337277,28.61976476337277,28.29191017150879,28.29191017150879,11314900
2022-11-28,28.060484617975934,28.147269767948515,27.520489559757404,27.70370101928711,28267900
2022-11-29,27.81941113504371,28.137622692434476,27.71334000284222,27.867624282836914,24361500
2022-11-30,27.74227024466325,29.00547353372441,27.21191639898036,28.995830535888672,72072500
2022-12-01,29.159759948266366,29.39118639556841,28.46548060636023,28.764406204223633,38896300
2022-12-02,28.127982886029038,28.378695329266066,27.684414151313096,28.35940933227539,31546000
2022-12-05,28.36905253977949,28.687264135614384,27.85798465104481,28.12798309326172,34040400
2022-12-06,28.147270318176886,28.262982627592987,27.327633796421193,27.578346252441406,27701200
2022-12-07,27.26977429221749,27.530127876031965,27.14441715999777,27.3179874420166,28239900
2022-12-08,27.308348576952962,27.5783470386443,27.067279113047356,27.424062728881836,28486100
2022-12-09,27.375844371968313,27.751913940161064,27.182989928046684,27.231203079223633,25641300
2022-12-12,27.125131852525012,27.68441286476634,26.864778262105673,27.665128707885742,35117900
2022-12-13,28.725836821361064,29.015119428460356,27.356562258610747,27.70370101928711,58546800
2022-12-14,27.491559632759046,28.079769665058897,27.00942074443822,27.250490188598633,37141100
2022-12-15,26.94192178061076,26.999777932629357,26.151214292572266,26.18014144897461,45682700
2022-12-16,26.035499002999398,26.17049729817023,25.505146981216424,25.958356857299805,81104200
2022-12-19,25.939073308639554,26.00657246259408,25.55336254374656,25.833003997802734,37662500
2022-12-20,25.59193252269879,25.910144108555976,25.476218382744424,25.49550437927246,31863300
2022-12-21,25.64014605042167,26.00657079375305,25.630503052016383,25.871572494506836,28100900
2022-12-22,25.50514828566791,25.50514828566791,24.444442348638713,25.042293548583984,47478300
2022-12-23,24.994081271789966,25.254436725682798,24.762654814734336,25.158008575439453,23600900
2022-12-27,24.926581549900387,25.167651000403847,24.733725253812043,25.01336669921875,29548100
2022-12-28,24.91693955319744,25.186938010736196,24.589084940191103,24.627656936645508,26176900
2022-12-29,24.849440763010303,25.35086568898634,24.83015476450029,25.27372169494629,30944800
2022-12-30,24.974794832133654,25.51478988904513,24.878366683595974,25.485862731933594,31030100
2023-01-03,26.083711241679193,26.102997237232728,25.428003945782972,25.775142669677734,31308000
2023-01-04,26.430854345730037,26.922636244340204,26.18978489577685,26.69120979309082,37665200
2023-01-05,26.459782464056307,26.7876370522534,26.401924473752903,26.57549476623535,33552600
2023-01-06,26.93227950754635,27.800129168058195,26.401925608912368,27.70370101928711,31788600
2023-01-09,27.80977151713731,28.80297829961147,27.80977151713731,28.262981414794922,37493200
2023-01-10,28.195483693523496,28.455839150558727,27.886915080391674,28.38833999633789,23008100
2023-01-11,28.61976411403725,28.812618561855047,27.964054945186252,28.78369140625,30375400
2023-01-12,28.909049833753098,29.2947606103421,28.417267903896846,29.207977294921875,28963900
2023-01-13,28.89940271531533,29.09225899572846,28.74511842667035,29.03440284729004,31361900
2023-01-17,29.101902630937353,29.179044776949084,28.465479466537094,28.542621612548828,34759100
2023-01-18,28.73547856461602,28.754764562604766,27.607273431270517,27.78084373474121,44199600
2023-01-19,27.58798699952837,27.732628294098987,27.231203422987925,27.404773712158203,36886600
2023-01-20,27.404771826530993,28.185836234841073,27.24084454683987,28.176193237304688,35158500
2023-01-23,28.28226851564501,29.400830644794553,28.13762720983005,29.188690185546875,38795800
2023-01-24,28.870478472194236,29.111547927414794,28.66797917341769,28.851192474365234,24855100
2023-01-25,28.46547924306209,28.822260975860168,28.127981667205173,28.639049530029297,28268000
2023-01-26,28.986190556093007,29.034405550291837,28.28226819371583,29.015119552612305,56088100
2023-01-27,26.102999338615348,27.231204420328744,25.82335973743222,27.154062271118164,148548200
2023-01-30,26.729781392428336,27.49156177824858,26.681568235519176,26.951566696166992,55145800
2023-01-31,26.787637297221977,27.279419184014884,26.546567853061564,27.250490188598633,52621600
2023-02-01,26.89370891457504,28.37869770111992,26.691211446890225,28.031557083129883,63330600
2023-02-02,28.205123969761672,29.217614863759888,27.77119824992596,29.11154556274414,62230700
2023-02-03,28.5619088888887,30.056538724554706,28.4751237408344,29.236902236938477,57603100
2023-02-06,28.841610115948637,28.939213232302656,27.92414566244483,28.002227783203125,48726400
2023-02-07,27.96318325788295,28.56832103513832,27.748457910663006,28.353593826293945,50780800
2023-02-08,28.255993486863996,28.421918216464604,27.53373158510289,27.563013076782227,36479100
2023-02-09,27.99246768618719,28.129110934064443,26.909076616232884,27.06524085998535,43906400
2023-02-10,26.967637348743658,27.319007822872113,26.68459035918154,27.133562088012695,31232500
2023-02-13,27.201882582603233,27.86557960510254,27.05547699339258,27.86557960510254,32347500
2023-02-14,27.699655213461494,28.031504659469526,27.319005144885864,27.95342254638672,27928900
2023-02-15,27.680138731393377,28.187671584208548,27.4849324991859,28.15839195251465,23359400
2023-02-16,27.816780940744902,28.138869908751705,27.455649983101143,27.52397346496582,28972500
2023-02-17,27.32876638136803,27.397087999461537,26.723628592380113,26.948116302490234,32086200
2023-02-21,26.460104035351655,26.616268274114095,25.415754990518632,25.435274124145508,63668400
2023-02-22,25.28886953467257,26.255136427710145,24.693492230847845,24.859416961669922,89195300
2023-02-23,25.161986051002106,25.454793514818004,24.71301249664335,24.996061325073242,56473200
2023-02-24,24.61541083915464,24.742295446145526,24.32260335807878,24.537328720092773,44089900
2023-02-27,24.9375008974701,24.966782391500903,24.283562423779266,24.303083419799805,37657000
2023-02-28,24.342121717842556,24.51780693211728,24.13715501398059,24.332361221313477,50255300
2023-03-01,24.42996702389222,25.298630833078455,24.371404038247963,24.722774505615234,47823400
2023-03-02,24.605649728499785,25.669519737725928,24.5178089756653,25.571918487548828,48309300
2023-03-03,25.5719179110984,25.845204384032996,25.386472189018157,25.767122268676758,36744900
2023-03-06,25.8354456196771,25.903769104117636,25.30839177107945,25.366952896118164,37879800
2023-03-07,25.220548166860084,25.366951904546383,24.888698701904726,24.917980194091797,43164600
2023-03-08,24.947259508513874,25.386472577631434,24.839897761770864,25.35719108581543,36071900
2023-03-09,25.357190236490354,26.33321759150499,25.347429739545277,25.806163787841797,54886100
2023-03-10,25.913528264532957,26.860276090206522,25.689042395989084,26.567466735839844,65187000
2023-03-13,26.098971199781527,26.655306493215953,25.972088462987042,26.303937911987305,50977000
2023-03-14,26.694351607202076,27.42637220779286,26.59674848813171,27.338529586791992,47689800
2023-03-15,27.065240108074672,27.816781673769935,26.99691848603412,27.728939056396484,49322800
2023-03-16,27.709416819245153,29.544349342562693,27.709416819245153,29.456506729125977,75779500
2023-03-17,29.202742495057443,30.256852106897263,28.734249747934122,29.095378875732422,80628500
2023-03-20,29.085617362551254,29.18322048020236,27.943665167769986,28.460960388183594,38780100
2023-03-21,28.304794254309765,28.470718984748284,27.309245871678645,27.777738571166992,55650800
2023-03-22,27.797260296726222,28.421919107429034,27.426370698617145,27.455650329589844,37415500
2023-03-23,27.69965849675871,28.460960585773083,27.543494252082628,28.334077835083008,43785500
2023-03-24,28.343835708876163,29.095375368689577,28.23647210249233,28.656164169311523,55912100
2023-03-27,28.665925923718298,29.01729452630721,28.382877080518664,28.480480194091797,34758200
2023-03-28,28.38287811648555,28.62688497851229,27.943665020187566,28.587844848632812,37407900
2023-03-29,29.05633360782441,31.125510472650785,29.046573111281674,30.764381408691406,85556200
2023-03-30,31.086474310596248,31.798975756041244,31.047432319448752,31.320720672607422,70077600
2023-03-31,31.037669445503603,32.11130178037021,30.9693478278506,31.886812210083008,59765000
2023-04-03,32.15034405617549,32.755483778380075,31.759935295631553,32.10154342651367,57038300
2023-04-04,32.062500248058726,33.02876906193482,32.052741611786914,32.3065071105957,55714100
2023-04-05,32.01370446374195,32.19915209020703,31.56473266232617,32.04298782348633,39615700
2023-04-06,31.818491804169874,32.208904254125564,31.6818485636601,32.023460388183594,28551900
2023-04-10,31.81849010294123,31.974654329924114,31.428081397108453,31.74040985107422,30534400
2023-04-11,31.87705177034044,32.316264804141184,31.54520233627418,31.574481964111328,27059100
2023-04-12,31.98441808119869,32.101540325723725,31.19383455334442,31.252397537231445,37070800
2023-04-13,31.057194238752892,31.65257159963099,30.891269492030702,31.359764099121094,29722300
2023-04-14,31.232878600038376,31.467126827768343,30.9303106098554,31.12551498413086,24623600
2023-04-17,31.184074424804844,31.857531952645182,31.008389204803215,31.369518280029297,29601100
2023-04-18,31.65256855808052,31.681848188343167,31.018151126854903,31.066951751708984,26041400
2023-04-19,30.35445292927733,30.76438451737318,30.334931934219302,30.40325355529785,25746600
2023-04-20,30.022601817211516,30.50085500022003,29.973799332236496,30.12020492553711,30255100
2023-04-21,30.100685067139953,30.100685067139953,29.505307759354345,29.57362937927246,28655800
2023-04-24,29.407706850060094,29.64195508107446,28.90017398052806,28.948974609375,38732500
2023-04-25,28.734250312737725,28.861133069468387,28.177914931890307,28.187673568725586,38289900
2023-04-26,28.499999418369452,29.095374837087064,28.148628975987336,28.353593826293945,41218800
2023-04-27,28.06078923095398,29.23202291741756,27.826542865986188,29.144180297851562,60186200
2023-04-28,31.21335393533756,31.789210215770176,30.071401871282557,30.31540870666504,80252400
2023-05-01,30.3642129110737,30.491095653546697,29.554110246170513,29.57362937927246,36918500
2023-05-02,29.573630708701103,29.846919062283263,29.036816360963385,29.056337356567383,33463400
2023-05-03,29.905478836745296,30.364212904596823,29.52482874778298,29.915239334106445,45554500
2023-05-04,29.83194046852692,31.0863703868526,29.773137664169386,30.61595916748047,46104000
2023-05-05,30.753161482191516,30.78256288390154,30.11614606579161,30.370952606201172,35024600
2023-05-08,30.08674451993011,30.223947313565983,29.78293566366801,30.155345916748047,30882800
2023-05-09,29.773135293975265,29.969140887733957,29.312524578664576,29.498729705810547,30706500
2023-05-10,29.68493770812026,29.792739112805663,28.900917126396287,29.371328353881836,40526500
2023-05-11,29.008718397672542,29.087120263507554,28.24429880384525,28.28350067138672,47144400
2023-05-12,28.45010405781083,28.51870545480219,28.146295200780703,28.371702194213867,24153800
2023-05-15,28.32270186303517,29.234124760049205,28.303100928438564,29.204723358154297,28717500
2023-05-16,29.028319875818404,29.30272547676297,28.626508202974787,28.636308670043945,22812000
2023-05-17,28.930316010753835,28.96951600834132,28.107095499689855,28.29330062866211,41667300
2023-05-18,28.420703266681524,29.165521921428446,28.29330093657583,29.087120056152344,36529200
2023-05-19,29.00872057033265,29.635935543989117,28.91071776338681,29.332128524780273,40683000
2023-05-22,29.253727697078002,29.84174269049001,29.224326293170556,29.675138473510742,28693400
2023-05-23,29.44972911136836,29.59673424999005,28.900916033390814,28.920516967773438,29400900
2023-05-24,28.72451088886938,28.900915556908675,28.244299219900157,28.420703887939453,28045800
2023-05-25,27.724885860098915,27.724885860098915,26.323450937587317,26.852663040161133,78009400
2023-05-26,26.89186654701214,28.5089062219591,26.55865814499301,28.420703887939453,71910600
2023-05-30,29.106722195996916,29.439930604540834,28.420704444465784,29.390928268432617,54874800
2023-05-31,29.106722003928486,31.644985050897073,29.07732060245757,30.81196403503418,136243800
2023-06-01,31.16477023413201,31.301974899480218,30.400352519575563,30.508153915405273,52667400
2023-06-02,30.772763113636607,30.958968256854796,30.21414955323008,30.684560775756836,36521000
2023-06-05,30.684561064934964,30.772763403645975,29.234125513850884,29.263526916503906,48244100
2023-06-06,29.17532511312701,30.821766306945452,29.106723708259256,30.341552734375,42295300
2023-06-07,30.41015482791563,30.74336324083592,30.312152023660012,30.655160903930664,39098000
2023-06-08,30.802163081396642,31.213773349248747,30.439553279307525,31.184371948242188,35199000
2023-06-09,31.292175114093027,31.35097604666667,30.067144781529084,30.713960647583008,40218000
2023-06-12,30.772764025508007,32.63480990512271,30.73356402375987,32.40940475463867,59881600
2023-06-13,33.095417450379905,33.27182210422168,32.40939976749475,33.23262023925781,51990000
2023-06-14,33.193422109911886,34.88886370620157,33.12482070775246,34.869266510009766,74404300
2023-06-15,34.575259049742996,35.692486248650205,34.516459979377146,35.10447311401367,67676300
2023-06-16,35.63367979668896,36.0648890901967,34.88885932604447,35.64347839355469,110240300
2023-06-20,36.03549334456329,36.36870175041591,34.02644431155308,34.30084991455078,65970200
2023-06-21,34.22244345650248,34.349847649977356,32.17419645626733,32.2427978515625,70973500
2023-06-22,32.03699391346735,32.57601028427737,31.488182682818767,32.05659484863281,45740300
2023-06-23,31.56657743722264,32.78180904598346,31.39017278855582,32.340797424316406,46327100
2023-06-26,32.527006085935945,33.31102853878273,32.43880374691549,32.67401123046875,38952400
2023-06-27,32.556408366607485,33.546231262367364,32.35060042282913,33.418827056884766,33038900
2023-06-28,32.93861974932619,33.13462537147452,32.370203818945654,32.899417877197266,33906900
2023-06-29,32.67400853399177,32.67400853399177,31.840989419708507,32.25259780883789,38313000
2023-06-30,32.693606998728754,32.88961258096364,32.49760141649386,32.77200698852539,33811300
2023-07-03,32.87001385382122,33.21302084186965,32.4780026630552,32.94841384887695,15753000
2023-07-05,32.64460854349207,32.6642094767694,31.850787568991052,31.860586166381836,37664700
2023-07-06,31.262773722505944,31.399978390882627,30.753160655387852,31.331375122070312,41693600
2023-07-07,31.36077891206632,31.76258874233732,31.184374231606252,31.213775634765625,28356300
2023-07-10,31.233372823594593,32.174197050108674,31.13537002740073,32.085994720458984,36305700
2023-07-11,32.16439638362285,32.69361038898678,31.850788914924802,32.63480758666992,28148800
2023-07-12,33.01701582353505,33.399228423535064,32.399603234257164,33.30122375488281,37762200
2023-07-13,33.46782974323811,33.61483113812526,32.948414346848494,33.19342041015625,32745800
2023-07-14,33.10521698018942,33.19341930959561,32.34079928433291,32.4878044128418,30438700
2023-07-17,32.49760872888251,33.908842509227924,32.409406383954895,33.68343734741211,34111200
2023-07-18,33.59523025960864,34.00684239065943,33.154222335727155,33.81083679199219,29662200
2023-07-19,33.712837896688654,34.144047248986105,33.644236493788966,33.771636962890625,26486700
2023-07-20,33.02681707579284,33.52662778478136,32.56620449448299,32.703407287597656,37878000
2023-07-21,33.05621945219162,33.56583254084737,32.752410570926834,33.34042739868164,79737000
2023-07-24,33.16402566116356,33.77163973900653,32.88962002700798,32.958221435546875,25225800
2023-07-25,33.026819580894006,33.654034533276025,32.732813039276934,33.418827056884766,31771100
2023-07-26,33.04641865830602,33.840235902211106,33.02681772483363,33.67363357543945,32643200
2023-07-27,34.12444357049192,34.330247762644376,33.42862726074078,33.85983657836914,58890800
2023-07-28,36.0158917659717,36.251099234687665,34.80066003151501,36.094295501708984,90863000
2023-07-31,36.13349081102357,36.44709825250526,34.957461036219414,35.05546569824219,55630700
2023-08-01,35.10447031949267,35.300475928267105,34.57525629735052,35.084869384765625,24702200
2023-08-02,34.44785397276639,34.47725350402442,33.59523018132506,33.703033447265625,39052000
2023-08-03,33.60503449928593,34.33025039539027,33.44823075916909,34.17344665527344,24817900
2023-08-04,33.91280775321122,34.975043685807705,33.91280775321122,34.56195068359375,26674900
2023-08-07,34.82750622354184,34.965202626684565,34.17836335733644,34.65046691894531,22486900
2023-08-08,34.09967917404251,34.52260600489445,33.30300601746458,34.44392395019531,34753600
2023-08-09,34.4242522169312,34.52260572248699,33.66691821792523,33.716094970703125,28720200
2023-08-10,34.129187595095544,34.512771515517244,33.91280538277738,34.10951614379883,30957300
2023-08-11,33.893132309769804,34.375073463615266,33.794778809937924,34.31605911254883,28783700
2023-08-14,34.09967948688556,35.1225724709791,33.902972472360176,35.09306716918945,36896100
2023-08-15,34.82750763483381,35.04388984965245,34.17836474232362,34.198036193847656,27420300
2023-08-16,33.952147893919765,34.06033899883146,32.90958349888829,32.978431701660156,35757300
2023-08-17,33.007942201118006,33.037447503043396,31.817843746867872,32.044063568115234,39906700
2023-08-18,31.699819065082128,32.36863342885599,31.65064231079349,32.211265563964844,23701100
2023-08-21,32.063730695957865,32.6243539342114,31.49327360788662,32.5948486328125,43718200
2023-08-22,32.6735380502047,33.24399520132266,32.28995408184249,32.34896469116211,23425300
2023-08-23,32.3391283425487,33.58823741993685,32.26044253360494,33.4210319519043,32324300
2023-08-24,33.165306572463045,33.52921901502571,31.955540545609786,32.05389404296875,37931000
2023-08-25,31.994883798587985,32.85057509357383,31.81784447906994,32.703041076660156,27324800
2023-08-28,32.94892679582099,33.22431961020821,32.66369637980811,33.066951751708984,22341800
2023-08-29,32.93909468243524,33.912807185742764,32.9194232300927,33.74560546875,29943600
2023-08-30,33.499716745329984,34.089845286735404,33.22432017432113,33.96198272705078,26279200
2023-08-31,33.75543988378352,34.975043685807705,33.73576843111181,34.56195068359375,48157600
2023-09-01,35.20125973908189,36.14546695499011,35.14224538110789,36.00777053833008,43808500
2023-09-05,35.978262259449934,36.794606841531916,35.860233553264436,36.10612106323242,43379400
2023-09-06,35.95858821268886,36.43069174751434,35.43730417786343,36.37167739868164,39643400
2023-09-07,36.22414986154304,37.70930877467065,36.145464057219264,37.55194091796875,67659700
2023-09-08,37.492926211374595,38.19124958635702,37.08967084787984,37.384735107421875,44255200
2023-09-11,37.61095536569803,38.10273038812013,37.217533846982086,37.955196380615234,36349300
2023-09-12,38.014208121309835,39.410847288064396,38.014208121309835,38.22075271606445,55326600
2023-09-13,38.161742772262606,38.50598755520661,37.62079097271727,38.07322311401367,35407800
2023-09-14,38.17157848394199,38.26009813780729,37.66996586139009,38.033878326416016,30616500
2023-09-15,37.78798821922227,37.88634546783916,37.00114899001414,37.256874084472656,68881200
2023-09-18,37.00115032324325,37.758484281127345,36.892959221839014,37.36506652832031,29322200
2023-09-19,37.41424629005267,37.473256894153685,35.42747465982539,35.742210388183594,53288100
2023-09-20,35.62418458541059,35.653689886763196,34.06033983064438,34.11935043334961,57660800
2023-09-21,34.00132746434375,34.67014184838313,33.893136350462974,34.080013275146484,45240600
2023-09-22,34.237378206180104,34.316060258283514,33.578397729078986,33.617740631103516,29232700
2023-09-25,33.44070265186533,33.804615130179045,33.21448658415974,33.72593307495117,21729400
2023-09-26,33.578396636057406,34.20786804017717,33.08662163259565,33.27349853515625,34198300
2023-09-27,33.362016538710535,34.25705070334605,33.322677387430296,34.04066848754883,44369100
2023-09-28,34.08000756439011,35.073391371665416,33.8144486253493,34.601287841796875,32265300
2023-09-29,35.06356340977526,35.319284791074416,34.58162219831852,34.965206146240234,28763700
2023-10-02,35.02422011387612,35.38813260503356,34.404582492324636,34.876686096191406,26086200
2023-10-03,34.68980845092264,35.93891738317694,34.68980845092264,35.10289764404297,45292600
2023-10-04,35.91924574959853,35.91924574959853,34.748822623128994,35.338951110839844,39842200
2023-10-05,35.37829594163346,35.50615474471777,35.01437972746714,35.29961013793945,25771200
2023-10-06,35.279937456828144,35.86023210702724,34.6012893073867,35.59467315673828,33262200
2023-10-09,35.11273733222375,35.57500330172597,34.9160265729728,35.46681594848633,19376100
2023-10-10,35.5455000088046,36.135632319891045,35.22093042686105,35.83073043823242,24044100
2023-10-11,36.017601759836104,36.42085713002743,35.781551849060826,36.2733268737793,19262600
2023-10-12,36.1946391857841,36.60773213606729,35.79138383657303,36.23398208618164,23639200
2023-10-13,36.13563377066977,36.184810527248196,35.27010859749462,35.378299713134766,28390100
2023-10-16,35.54549848592473,36.3323377817168,35.4864878837064,35.95859146118164,29555800
2023-10-17,35.3291157906487,35.75204260985726,34.493099753764234,35.46681594848633,24993600
2023-10-18,34.935697428830494,35.42747244260579,34.8668492270576,35.0537223815918,22086000
2023-10-19,35.36845948464315,35.76188101195215,34.93569880615984,35.083229064941406,29201800
2023-10-20,35.063560630992285,35.68319445840024,34.29638904400115,34.34556579589844,32303300
2023-10-23,34.03083353818108,34.61112827418337,32.840738762430185,33.29317092895508,53924700
2023-10-24,33.08662280371101,34.13902104821362,33.08662280371101,34.02099609375,52673900
2023-10-25,33.61774244801486,33.88330142311442,32.01455474735268,32.28995132446289,44658500
2023-10-26,32.348960764501015,32.673534084145444,31.62113582363375,31.985048294067383,59142500
2023-10-27,34.08984298794316,35.781550195415,34.03082863700385,34.95536804199219,84128200
2023-10-30,34.886519198480364,35.36845659045408,34.34556370471026,35.10289764404297,36656300
2023-10-31,35.07339587318911,35.96842630026138,35.034052969330894,35.89957809448242,41185200
2023-11-01,35.899576894944936,36.706087637360646,35.68319468290073,36.67658233642578,41710700
2023-11-02,36.961812843096055,37.197862755048476,36.302832355675335,37.079837799072266,35440000
2023-11-03,37.37490353236572,37.68963926195629,37.0503302007559,37.51259994506836,30502700
2023-11-06,37.51753421530223,37.695155665246695,37.34977895067342,37.44845962524414,23877200
2023-11-07,37.73462737269627,38.385904758025376,37.47806138691897,38.25762176513672,32052000
2023-11-08,38.336563335089636,38.37603560514898,37.251102258437705,37.418853759765625,33483400
2023-11-09,37.54713779018939,38.010927565462474,37.270839420724386,37.30044174194336,48955800
2023-11-10,37.73462662816008,38.47471472253525,37.73462662816008,38.346431732177734,38862500
2023-11-13,37.84316736723504,38.06026106599183,37.635943617121264,37.724754333496094,24558300
2023-11-14,38.28722502524342,38.96810851136614,37.56687303319415,38.889163970947266,45457400
2023-11-15,39.066786699804304,40.300266952053384,39.05692051407083,40.073307037353516,47392100
2023-11-16,40.45815070157873,42.82643419957941,40.280529251014535,42.77709197998047,86405700
2023-11-17,42.34290702568293,43.231014251708984,41.99753408460766,43.231014251708984,49735000
2023-11-20,43.20141171013172,44.33621506262218,43.20141171013172,44.14872741699219,44564900
2023-11-21,43.911897974504114,44.06978329979618,42.72775615267211,43.063262939453125,37252100
2023-11-22,43.44810406483085,44.04017680174799,42.96458194884538,43.09286117553711,31481200
2023-11-24,43.10272997568714,43.41850058791116,43.0336553895308,43.3790283203125,13037100
2023-11-27,43.07313425128787,43.96123782252361,43.07313425128787,43.49745178222656,33339900
2023-11-28,43.11259769740228,43.79348116276332,43.082995377789274,43.64546203613281,24548900
2023-11-29,44.010574000041906,44.74079596740847,44.010574000041906,44.3460807800293,38982000
2023-11-30,44.05991447429258,44.49409815176386,43.82308461840098,44.1092529296875,46263000
2023-12-01,43.77374279486742,43.77374279486742,42.29356666121382,43.16193771362305,43928400
2023-12-04,42.72775176074531,42.73762170997078,41.13902872088735,41.790306091308594,50417600
2023-12-05,41.35612349986118,41.731102530170645,41.06008900826224,41.365989685058594,31859300
2023-12-06,41.91859060045017,42.027137460168056,40.6259019977016,40.72458267211914,31992300
2023-12-07,41.19824134769675,41.87912110704372,40.63577464121815,41.59295654296875,29118700
2023-12-08,41.28704997543026,42.39224719590146,41.257447654791754,42.135684967041016,42815000
2023-12-11,42.58960325966863,44.138854055701096,42.51066248602941,43.95136642456055,48288200
2023-12-12,43.773744096987876,43.852684869037354,43.05339214222901,43.45797348022461,31452200
2023-12-13,43.497446358514516,44.128987600899464,42.75735825929165,43.9809684753418,35216100
2023-12-14,44.41515336581766,46.44793008966711,44.05991423037119,44.582908630371094,70620800
2023-12-15,45.33286355275876,46.64528830971267,45.06643137433316,45.549957275390625,84583400
2023-12-18,45.54009380402375,45.61903458514181,44.800005630161714,45.0861701965332,27895700
2023-12-19,44.99735762171038,46.06308635526833,44.908546893913886,46.04335021972656,35358800
2023-12-20,46.02361017386815,46.32951460235054,45.09603446791247,45.15523910522461,38159100
2023-12-21,45.865729041858266,46.497270325887236,45.411809214497815,46.457801818847656,28320500
2023-12-22,46.625550627708435,47.52352404478188,46.57621217355154,47.365638732910156,30095700
2023-12-26,48.27348256935273,49.85233959084029,48.066258785147724,49.832603454589844,60287400
2023-12-27,49.96088549715075,50.60229297367966,49.526698036558166,50.08916473388672,52148000
2023-12-28,50.13850372723399,50.19770836675126,49.497092527723204,49.72405242919922,27705200
2023-12-29,49.63524162200012,49.9016737922272,49.11224723097072,49.58590316772461,29288700
2024-01-02,48.54977694264902,48.7273983761933,46.822904822077135,47.168277740478516,45905700
2024-01-03,46.4775344106148,47.178154054921954,46.181499902857844,46.42819595336914,35858400
2024-01-04,45.11577268702602,46.536740512433994,44.64211674522337,46.250572204589844,47797800
2024-01-05,46.408458630710044,47.19788898358277,46.02361340404019,46.27030944824219,34344000
2024-01-08,46.44792921427588,48.115593057371974,46.34925230589207,47.8096923828125,42135100
2024-01-09,47.37550575760561,47.91824005579795,47.16828198790462,47.41497802734375,30097000
2024-01-10,47.60246796769483,47.6616726062049,46.31964559049682,46.84264373779297,31480200
2024-01-11,46.81304127113789,47.2077564583543,46.11242538989763,47.010398864746094,31707900
2024-01-12,46.97092076942365,47.039995353979776,45.994006636825546,46.49726486206055,27587900
2024-01-16,46.35911622622149,46.59594606476858,45.767047276277616,46.43806076049805,43720700
2024-01-17,45.80651781369869,45.80651781369869,45.04669734109243,45.45127868652344,33488000
2024-01-18,46.408459938119755,46.941324312035725,45.559824919872035,46.12229537963867,46681300
2024-01-19,46.37885337888682,48.115591764024586,45.82625291965619,47.51365661621094,55979800
2024-01-22,48.2044044616061,48.520175090034456,47.01039653759373,47.582733154296875,45639500
2024-01-23,47.48405314919019,48.29321586647265,46.6946265669979,48.24387741088867,37224100
2024-01-24,48.520171543120746,49.11224425135441,47.63206812719406,48.44123077392578,49375800
2024-01-25,49.33921050777817,49.63524501796823,48.32282397588851,48.89515686035156,84845100
2024-01-26,43.59612597937656,44.80987008592942,42.777093291739064,43.0731315612793,127665300
2024-01-29,43.1323333119092,43.40863542733626,42.24422985568122,43.260616302490234,51790900
2024-01-30,43.09285983392641,43.2408789546181,42.323169440607906,42.3527717590332,47958800
2024-01-31,42.00740383466907,43.21128178449899,41.80018005243761,42.51066589355469,51584200
2024-02-01,42.579736837340135,42.994184366273146,41.92845946024345,42.78696060180664,38819900
2024-02-02,42.43171772242148,42.56986689876739,41.05021843039699,42.03700256347656,53683500
2024-02-05,42.05673856522146,42.57973671381655,41.869250935669385,42.20475769042969,28890300
2024-02-06,42.259190564805955,42.3383627277486,41.70497032294128,42.29877853393555,34068200
2024-02-07,42.44722867727391,42.65505985674417,42.11073848299591,42.33836364746094,34269200
2024-02-08,42.278986473496566,42.52640562884181,41.89301319520865,42.061256408691406,33206500
2024-02-09,42.11073961678992,43.07072715064209,41.96229038830714,42.86289596557617,51193000
2024-02-12,42.94206612066388,44.57503398469183,42.87278906222066,43.57545852661133,51107300
2024-02-13,42.55609509697383,43.17959243106469,42.318571044595544,42.71444320678711,36622200
2024-02-14,43.36762733344154,43.83277653306883,42.94206610299881,43.73380661010742,36186200
2024-02-15,44.29792246284209,44.802659637413264,43.56556390115373,43.595252990722656,44024500
2024-02-16,43.57546147103312,43.76350244978494,42.67485587510025,43.060829162597656,29975300
2024-02-20,43.80308389081493,44.703689430093235,42.97175541030291,44.060401916503906,61514100
2024-02-21,44.02081187474342,44.22864304125819,42.63526698932861,43.021240234375,57485200
2024-02-22,44.218751667634606,44.218751667634606,42.090945425277404,42.53630065917969,62809300
2024-02-23,42.68475009500671,43.060824460813436,42.21960091454698,42.54619598388672,33810700
2024-02-26,43.05092935658332,43.22907143525656,42.3779490094436,42.54619598388672,27035400
2024-02-27,42.803511664108804,42.82330564855216,42.07114934097092,42.28887939453125,25126400
2024-02-28,42.00187382207049,42.01177270231313,41.477346428710284,41.556522369384766,26928500
2024-02-29,41.93259519224425,42.704545483662436,41.922700087688604,42.60557556152344,48875100
2024-03-01,42.96185895503192,43.81298139348012,42.68475072867816,43.36762619018555,41426100
2024-03-04,43.81298196467845,46.12882527668589,43.397315844412255,45.1391487121582,59990800
2024-03-05,44.09999199914086,44.40678933828843,42.24929398250953,42.71444320678711,56655100
2024-03-06,43.476492325656736,45.04017935400904,43.11031304928887,44.05050277709961,52652000
2024-03-07,45.07976813297767,45.94078571326764,44.71358885003174,45.67357635498047,50378200
2024-03-08,45.960578190502105,46.14861915352694,43.54576873779297,43.54576873779297,54916600
2024-03-11,43.4171110598047,44.46616960706335,43.20927988143693,44.39689254760742,35051000
2024-03-12,44.59482621316421,44.802657380309554,44.00101802448503,44.77296829223633,31795800
2024-03-13,44.0505029236892,44.51565212448583,42.75402901982607,42.78371810913086,53195900
2024-03-14,42.783718164719176,42.90247829740919,42.07114981794601,42.30867385864258,38100000
2024-03-15,42.011769033672145,42.70454335281141,41.912799116471504,42.199806213378906,66952900
2024-03-18,42.64516307994282,42.93217018813967,42.16021990487515,42.26908493041992,27668300
2024-03-19,41.81383419719672,41.853422165234505,41.01219483335548,41.61589813232422,34673000
2024-03-20,42.54620015267069,42.565990363070036,40.982509258950394,41.76435470581055,74865000
2024-03-21,42.54620153995399,43.149901135053874,41.88311621045273,41.98208236694336,50807600
2024-03-22,41.81383889647089,42.35816030455685,41.65549078184012,42.13053512573242,28503100
2024-03-25,40.46787585904025,41.78414755859529,40.15117964680319,41.39817428588867,47276500
2024-03-26,41.51693439904752,41.83363061111218,41.22992727707748,41.556522369384766,39109700
2024-03-27,42.100843972465064,43.37752770777571,42.061256001916675,43.318145751953125,51017800
2024-03-28,43.30824490459669,44.139573371770645,43.25876183131705,43.714012145996094,54204200
2024-04-01,43.832776755512306,44.94121347108948,43.72391172736055,44.060401916503906,31712600
2024-04-02,43.476494055132804,43.62494705770123,43.05093280810779,43.48638916015625,32748400
2024-04-03,40.97261177691137,41.22003092103447,39.804793114625035,39.913658142089844,83718000
2024-04-04,40.170973402908174,40.3590105980652,39.29016183168939,39.31985092163086,57307200
2024-04-05,38.943771427576664,39.052636454070694,38.11244295972358,38.31037902832031,67263000
2024-04-08,38.24110374178147,38.4588338048539,37.518640266960844,37.58791732788086,56967800
2024-04-09,37.657195074347136,38.18172625626916,36.94463046686671,37.93430709838867,78671700
2024-04-10,37.62750200993688,37.82543807040204,36.63782548292745,36.81596755981445,51108400
2024-04-11,37.04359529776712,37.28111556667766,36.697209999223986,37.24153137207031,41909100
2024-04-12,36.311232680000735,36.32113156006494,35.23248504731364,35.321556091308594,80254800
2024-04-15,35.66794464775069,36.32113103584749,35.519491651462836,35.935157775878906,50751600
2024-04-16,35.895568587837126,36.13308884345184,35.390831437852185,35.88566970825195,30607500
2024-04-17,35.727323119111105,35.757015983802184,35.00485966690412,35.31166076660156,41173300
2024-04-18,35.054342816560656,35.29186685801872,34.41105530172058,34.67826843261719,42334400
2024-04-19,34.767342507621755,34.767342507621755,33.82714891515427,33.84694290161133,59070300
2024-04-22,34.06466652813322,34.213119527250065,33.72818011072603,34.054771423339844,39909900
2024-04-23,33.98549508463159,34.242809343199326,33.82714697736298,33.92611312866211,46834000
2024-04-24,34.50012494991297,34.816821142169815,33.9854926936665,34.14384078979492,53261100
2024-04-25,34.203222002242924,34.93558051526241,34.14384005173473,34.74754333496094,66549400
2024-04-26,31.45192381651619,31.907176045518334,30.323691180607266,31.55088996887207,119742500
2024-04-29,31.53109505843458,31.58057813019865,30.749249688486604,31.036256790161133,58533300
2024-04-30,30.719562342327688,30.858116461249818,30.105962024307132,30.155445098876953,72346400
2024-05-01,29.858542429729663,30.719561883042896,29.710091320581384,30.05647850036621,60654800
2024-05-02,30.274206169169542,30.353380218588107,29.87833592207671,30.195032119750977,50899400
2024-05-03,30.66018105742041,30.739355111056643,30.383072813522766,30.58100700378418,36794800
2024-05-06,30.923832433223346,31.003328068462462,30.536289553022886,30.774776458740234,36185600
2024-05-07,30.894020047360957,31.251751344198457,30.417046248461222,30.486604690551758,44683400
2024-05-08,29.81089210510254,29.959946186562956,29.5425936212785,29.81089210510254,63734600
2024-05-09,29.741332600527656,30.198432020098114,29.622088202412307,29.90032386779785,45003400
2024-05-10,30.138812358464122,30.267992059188092,29.65190133984991,29.66183853149414,42931300
2024-05-13,29.84070274039695,30.933767233590086,29.810891166912885,30.317676544189453,51459100
2024-05-14,30.42698497721072,30.913895991776922,30.417047785649103,30.854272842407227,47759900
2024-05-15,31.182192737724716,31.202067120946793,30.615786083174033,31.072887420654297,36992900
2024-05-16,31.430616301444132,32.056644199568396,31.32131098625367,31.828094482421875,47752800
2024-05-17,31.8579079970722,31.907592059017553,31.390869475353796,31.629356384277344,41449800
2024-05-20,31.649231369928607,32.21563613099912,31.55979854046339,31.897653579711914,31989000
2024-05-21,31.77840961678809,32.036772797045785,31.420680210618762,31.5399227142334,42975400
2024-05-22,31.708852003298507,31.867843275827525,30.90395844920465,31.221940994262695,36706400
2024-05-23,31.25175143532453,31.37099393773446,29.68171125454082,29.8903865814209,62014500
2024-05-24,30.099064079939822,30.82446197812326,29.94007091639133,30.526351928710938,42434500
2024-05-28,30.744967620329465,31.172257382164105,30.466731941725964,30.86421012878418,36799100
2024-05-29,30.277928026901556,30.476668061101428,29.920198618797393,29.94007110595703,35848600
2024-05-30,30.019567311756507,30.307740177296864,29.870513230933255,29.99969482421875,33351000
2024-05-31,30.029504942197292,30.76484006095746,29.75127115934644,30.655534744262695,95797500
2024-06-03,30.83439895760554,30.874145826725712,29.86057507726836,30.099063873291016,35544900
2024-06-04,30.556164699264862,30.556164699264862,29.75127113543878,29.8407039642334,51027200
2024-06-05,30.079190259300518,30.645596899838363,29.820828969781854,30.585975646972656,44161700
2024-06-06,30.35742448048119,30.397173246523653,29.96988348819456,30.22824478149414,34248100
2024-06-07,30.059315502581093,30.585975266431074,30.019566737614863,30.546226501464844,34085500
2024-06-10,30.35742334809095,30.75490341238691,30.099063959754154,30.71515464782715,37396500
2024-06-11,30.57603785729381,30.834399141756844,30.337550955172254,30.7250919342041,25326900
2024-06-12,31.26168740752887,31.281561790135704,30.198432577294135,30.56610107421875,51323900
2024-06-13,30.18849638192882,30.387236423902817,29.950009468755333,30.26799201965332,33787200
2024-06-14,30.099065365610674,30.36736195761891,30.01956783277801,30.258056640625,28125900
2024-06-17,30.14874866124054,30.804588127819695,29.989757390271375,30.784713745117188,36235300
2024-06-18,30.79465147966915,31.27162530099019,30.307740466821567,30.436920166015625,33294700
2024-06-20,30.367361637990363,30.913895798509436,30.258056322146935,30.426984786987305,43826300
2024-06-21,30.65553318086021,31.162318553482905,30.476667532249213,30.894020080566406,90795200
2024-06-24,30.943704994449813,31.221940666114026,30.337551485050767,30.37729835510254,40611800
2024-06-25,30.506479631824043,30.635659327313434,30.099064267547327,30.546226501464844,29323600
2024-06-26,30.446856525218326,30.48660529023788,30.079189925414628,30.347488403320312,30743000
2024-06-27,30.228244464597882,30.466731372376067,30.099064766965085,30.397172927856445,30184300
2024-06-28,30.556163935664028,31.11263338233784,30.526352361702315,30.774776458740234,41467700
2024-07-01,30.71515590338328,30.824463115065406,30.417047738300834,30.645597457885742,32401800
2024-07-02,30.66547207706199,31.112634328128223,30.39717358922695,30.874147415161133,35999300
2024-07-03,30.923832959411207,31.14244548620724,30.71515572877935,31.033138275146484,24065700
2024-07-05,31.2020665029894,32.13614164734713,31.112633675586775,31.818159103393555,45309400
2024-07-08,32.82179017277948,33.87510969875,32.613114843025684,33.77574157714844,82315900
2024-07-09,34.79924945469186,34.99798949894323,33.507444853034585,34.3719596862793,97546900
2024-07-10,34.22290250728898,34.7495641747144,33.91485905060243,34.65019226074219,52256200
2024-07-11,34.809184100885474,34.928430399599435,33.10002884981283,33.2888298034668,55213700
2024-07-12,33.55712801341558,35.25634795426933,33.55712801341558,34.27259063720703,62792600
2024-07-15,34.48126375284248,35.00792159998404,34.093722786783545,34.242774963378906,39847900
2024-07-16,34.143409539494236,34.232842368767805,33.626686947097056,34.12353515625,28409900
2024-07-17,35.85256576329393,36.925755839253235,34.18315560900105,34.242774963378906,112304200
2024-07-18,34.73962508799172,36.07117841001198,34.31233533453851,34.65019226074219,84188600
2024-07-19,34.35208356711346,34.362022653681926,32.64292457982029,32.7721061706543,69628700
2024-07-22,33.07021606470152,33.19939766232487,32.55349346485917,33.15964889526367,48503700
2024-07-23,32.75223342263411,33.020531913608885,32.623055616004486,32.7422981262207,29466400
2024-07-24,32.32494148650973,32.59323995949019,31.460426711784343,31.50017547607422,62216700
2024-07-25,31.17225584068728,31.78834652633028,30.754903291082982,30.90395736694336,49774000
2024-07-26,31.23187753157216,31.361057227049322,30.824462167334016,31.152381896972656,38352500
2024-07-29,31.221941203638227,31.27162526588968,30.595913300772725,30.63566017150879,32342200
2024-07-30,30.655533712816226,30.715154964946016,29.820828601697457,29.94007110595703,48256600
2024-07-31,30.34748836260998,30.675408092279664,30.08912707630577,30.546226501464844,56110600
2024-08-01,30.238180548162198,30.516414316046976,28.70788724349436,28.866878509521484,107672500
2024-08-02,21.801700111553938,21.8414469830145,20.291281089542203,21.3445987701416,300895900
2024-08-05,20.072667229540986,20.26146817330116,19.168403693593557,19.983234405517578,147385700
2024-08-06,20.191910941842604,20.4999563012095,19.62550428595571,19.704999923706055,106670400
2024-08-07,19.920000076293945,20.25,18.950000762939453,18.989999771118164,97972300
2024-08-08,19.100000381469727,20.549999237060547,18.84000015258789,20.489999771118164,96836800
2024-08-09,20.079999923706055,20.149999618530273,19.5,19.709999084472656,76394500
2024-08-12,19.8700008392334,19.969999313354492,19.0,19.360000610351562,54677600
2024-08-13,19.479999542236328,20.479999542236328,19.469999313354492,20.469999313354492,77511300
2024-08-14,20.489999771118164,20.5,19.790000915527344,19.920000076293945,56758200
2024-08-15,20.31999969482422,21.059999465942383,20.229999542236328,20.690000534057617,84814900
2024-08-16,20.530000686645508,20.899999618530273,20.40999984741211,20.8700008392334,48582700
2024-08-19,20.889999389648438,21.860000610351562,20.84000015258789,21.520000457763672,65956300
2024-08-20,21.209999084472656,21.229999542236328,20.81999969482422,20.989999771118164,84161300
2024-08-21,21.06999969482422,21.440000534057617,21.06999969482422,21.40999984741211,57028900
2024-08-22,21.389999389648438,21.399999618530273,20.040000915527344,20.100000381469727,81444700
2024-08-23,20.31999969482422,20.93000030517578,20.260000228881836,20.540000915527344,73398400
2024-08-26,20.530000686645508,20.559999465942383,19.950000762939453,20.1299991607666,58534800
2024-08-27,20.1299991607666,20.260000228881836,19.84000015258789,20.06999969482422,43862000
2024-08-28,19.979999542236328,20.110000610351562,19.510000228881836,19.610000610351562,50144900
2024-08-29,19.760000228881836,20.600000381469727,19.75,20.1299991607666,64529700
2024-08-30,21.25,22.1200008392334,21.0,22.040000915527344,177785400
2024-09-03,21.540000915527344,21.690000534057617,19.989999771118164,20.100000381469727,115305500
2024-09-04,19.760000228881836,20.049999237060547,19.280000686645508,19.43000030517578,85871900
2024-09-05,19.280000686645508,19.899999618530273,19.239999771118164,19.399999618530273,65388800
2024-09-06,19.440000534057617,19.489999771118164,18.639999389648438,18.889999389648438,92686500
2024-09-09,19.0,19.540000915527344,18.950000762939453,19.06999969482422,64244100
2024-09-10,19.030000686645508,19.110000610351562,18.510000228881836,18.979999542236328,55621300
2024-09-11,19.010000228881836,19.690000534057617,18.520000457763672,19.639999389648438,71403100
2024-09-12,19.43000030517578,19.540000915527344,19.040000915527344,19.360000610351562,51520600
2024-09-13,19.489999771118164,19.799999237060547,19.489999771118164,19.65999984741211,44236300
2024-09-16,20.030000686645508,21.06999969482422,19.760000228881836,20.90999984741211,149337000
2024-09-17,21.709999084472656,22.579999923706055,21.239999771118164,21.469999313354492,196249800
2024-09-18,21.360000610351562,21.739999771118164,20.719999313354492,20.770000457763672,118727900
2024-09-19,21.280000686645508,21.690000534057617,21.030000686645508,21.139999389648438,99829200
2024-09-20,20.889999389648438,23.139999389648438,20.350000381469727,21.84000015258789,260377900
2024-09-23,22.43000030517578,22.81999969482422,22.030000686645508,22.559999465942383,184439100
2024-09-24,22.530000686645508,23.110000610351562,22.290000915527344,22.809999465942383,113082500
2024-09-25,22.799999237060547,24.059999465942383,22.729999542236328,23.540000915527344,117013400
2024-09-26,24.280000686645508,24.420000076293945,23.25,23.920000076293945,95416900
2024-09-27,24.15999984741211,24.65999984741211,23.700000762939453,23.90999984741211,85883300
2024-09-30,23.739999771118164,23.950000762939453,23.09000015258789,23.459999084472656,66308200
2024-10-01,23.459999084472656,23.719999313354492,22.260000228881836,22.690000534057617,86344400
2024-10-02,22.670000076293945,23.06999969482422,22.350000381469727,22.389999389648438,59033900
2024-10-03,22.139999389648438,22.729999542236328,21.649999618530273,22.260000228881836,49565900
2024-10-04,22.700000762939453,22.90999984741211,22.299999237060547,22.59000015258789,49845500
2024-10-07,22.399999618530273,22.649999618530273,22.020000457763672,22.3799991607666,54928700
2024-10-08,22.25,23.420000076293945,22.049999237060547,23.31999969482422,58650500
2024-10-09,23.25,23.479999542236328,23.059999465942383,23.459999084472656,44759000
2024-10-10,23.190000534057617,23.530000686645508,22.959999084472656,23.219999313354492,44874600
2024-10-11,23.049999237060547,23.81999969482422,22.979999542236328,23.559999465942383,43585300
2024-10-14,23.579999923706055,23.770000457763672,23.270000457763672,23.440000534057617,35403600
2024-10-15,23.40999984741211,23.719999313354492,22.469999313354492,22.65999984741211,68900600
2024-10-16,22.3799991607666,22.540000915527344,21.739999771118164,22.309999465942383,62151800
2024-10-17,22.719999313354492,22.81999969482422,22.399999618530273,22.440000534057617,43807600
2024-10-18,22.610000610351562,22.81999969482422,22.5,22.770000457763672,39971700
2024-10-21,22.610000610351562,22.8799991607666,22.25,22.84000015258789,39727000
2024-10-22,22.729999542236328,22.81999969482422,22.170000076293945,22.399999618530273,50160400
2024-10-23,22.299999237060547,22.43000030517578,21.579999923706055,21.979999542236328,45799100
2024-10-24,22.09000015258789,22.3700008392334,21.969999313354492,22.34000015258789,40554400
2024-10-25,22.420000076293945,23.34000015258789,22.40999984741211,22.68000030517578,67503000
2024-10-28,22.670000076293945,23.270000457763672,22.559999465942383,22.920000076293945,41915000
2024-10-29,22.8700008392334,23.139999389648438,22.40999984741211,22.899999618530273,83422200
2024-10-30,22.420000076293945,22.93000030517578,22.260000228881836,22.299999237060547,50941200
2024-10-31,22.149999618530273,22.25,21.469999313354492,21.520000457763672,112485500
2024-11-01,23.0,23.579999923706055,21.90999984741211,23.200000762939453,173471100
2024-11-04,22.959999084472656,23.0,22.0,22.520000457763672,84616300
2024-11-05,22.579999923706055,23.579999923706055,22.399999618530273,23.31999969482422,59153300
2024-11-06,24.299999237060547,25.1200008392334,24.049999237060547,25.049999237060547,116760500
2024-11-07,25.43000030517578,26.3799991607666,25.190000534057617,26.229999542236328,101489300
2024-11-08,26.0,26.43000030517578,25.829999923706055,26.200000762939453,76428000
2024-11-11,25.959999084472656,26.290000915527344,24.829999923706055,25.049999237060547,80185300
2024-11-12,24.65999984741211,24.959999084472656,23.889999389648438,24.15999984741211,62539700
2024-11-13,24.059999465942383,25.139999389648438,24.020000457763672,24.920000076293945,58202000
2024-11-14,25.1200008392334,25.610000610351562,24.93000030517578,25.030000686645508,49252100
2024-11-15,24.809999465942383,24.81999969482422,24.229999542236328,24.350000381469727,55104900
2024-11-18,24.329999923706055,25.020000457763672,24.15999984741211,24.84000015258789,59589500
2024-11-19,24.5,24.540000915527344,24.100000381469727,24.200000762939453,61190900
2024-11-20,24.06999969482422,24.209999084472656,23.549999237060547,24.010000228881836,50191500
2024-11-21,24.079999923706055,24.770000457763672,23.829999923706055,24.440000534057617,58928400
2024-11-22,24.350000381469727,24.68000030517578,24.139999389648438,24.5,36784700
2024-11-25,25.040000915527344,25.56999969482422,24.760000228881836,24.8700008392334,91128400
2024-11-26,24.950000762939453,24.989999771118164,23.809999465942383,24.049999237060547,69613600
2024-11-27,23.829999923706055,23.93000030517578,23.059999465942383,23.649999618530273,53992300
2024-11-29,23.719999313354492,24.280000686645508,23.600000381469727,24.049999237060547,36616800
2024-12-02,24.84000015258789,25.479999542236328,23.440000534057617,23.93000030517578,150497900
2024-12-03,23.68000030517578,23.75,22.440000534057617,22.469999313354492,138160500
2024-12-04,22.530000686645508,22.540000915527344,21.809999465942383,21.959999084472656,104649000
2024-12-05,22.040000915527344,22.190000534057617,20.65999984741211,20.799999237060547,167993500
2024-12-06,20.950000762939453,21.049999237060547,20.65999984741211,20.920000076293945,78539100
2024-12-09,20.920000076293945,21.059999465942383,20.729999542236328,20.809999465942383,68818200
2024-12-10,20.829999923706055,20.860000610351562,19.959999084472656,20.15999984741211,90004800
2024-12-11,20.139999389648438,20.25,19.8700008392334,20.1200008392334,75209300
2024-12-12,20.020000457763672,20.899999618530273,19.920000076293945,20.780000686645508,77695000
2024-12-13,20.600000381469727,20.799999237060547,20.25,20.34000015258789,55104100
2024-12-16,20.170000076293945,21.100000381469727,20.0,20.829999923706055,73832900
2024-12-17,20.639999389648438,20.770000457763672,20.290000915527344,20.440000534057617,51767200
2024-12-18,20.479999542236328,20.579999923706055,19.209999084472656,19.299999237060547,86041200
2024-12-19,19.530000686645508,19.690000534057617,19.030000686645508,19.059999465942383,69117800
2024-12-20,18.969999313354492,19.760000228881836,18.899999618530273,19.520000457763672,108453700
2024-12-23,19.579999923706055,20.229999542236328,19.520000457763672,20.200000762939453,57988400
2024-12-24,20.219999313354492,20.399999618530273,19.959999084472656,20.399999618530273,29884000
2024-12-26,20.229999542236328,20.670000076293945,20.079999923706055,20.440000534057617,39846200
2024-12-27,20.209999084472656,20.610000610351562,20.09000015258789,20.299999237060547,48260800
2024-12-30,20.010000228881836,20.110000610351562,19.729999542236328,19.81999969482422,59608100
2024-12-31,19.989999771118164,20.399999618530273,19.8799991607666,20.049999237060547,49846700
2025-01-02,20.229999542236328,20.43000030517578,20.0,20.219999313354492,46438500
2025-01-03,20.389999389648438,20.670000076293945,20.059999465942383,20.559999465942383,48983900
2025-01-06,20.829999923706055,20.979999542236328,19.780000686645508,19.8700008392334,83271000
2025-01-07,20.020000457763672,20.34000015258789,19.899999618530273,20.010000228881836,61726100
2025-01-08,19.829999923706055,20.1200008392334,19.709999084472656,19.8799991607666,47897100
2025-01-10,19.65999984741211,19.65999984741211,18.90999984741211,19.149999618530273,71244600
2025-01-13,18.920000076293945,19.25,18.729999542236328,19.200000762939453,50669000
2025-01-14,19.360000610351562,19.520000457763672,18.81999969482422,19.200000762939453,47147500
2025-01-15,19.399999618530273,19.770000457763672,19.170000076293945,19.719999313354492,56306000
2025-01-16,19.75,19.950000762939453,19.399999618530273,19.670000076293945,44898100
2025-01-17,21.260000228881836,21.6200008392334,20.790000915527344,21.489999771118164,166483900
2025-01-21,22.030000686645508,22.40999984741211,21.75,21.770000457763672,96262200
2025-01-22,21.729999542236328,22.290000915527344,21.56999969482422,21.860000610351562,60972600
2025-01-23,21.690000534057617,21.75,21.350000381469727,21.56999969482422,55778200
2025-01-24,21.360000610351562,21.40999984741211,20.75,20.829999923706055,66300600
2025-01-27,20.809999465942383,21.059999465942383,20.139999389648438,20.290000915527344,83582100
2025-01-28,20.34000015258789,20.34000015258789,19.739999771118164,19.799999237060547,73411400
2025-01-29,19.8700008392334,20.079999923706055,19.65999984741211,19.75,86506800
2025-01-30,19.719999313354492,20.100000381469727,19.43000030517578,20.010000228881836,108167000
2025-01-31,20.100000381469727,20.329999923706055,19.3799991607666,19.43000030517578,117081700
2025-02-03,18.969999313354492,19.75,18.780000686645508,19.3799991607666,77523100
2025-02-04,19.100000381469727,19.530000686645508,19.020000457763672,19.290000915527344,54098200
2025-02-05,19.190000534057617,19.770000457763672,18.90999984741211,19.649999618530273,66059200
2025-02-06,19.510000228881836,19.700000762939453,19.219999313354492,19.3799991607666,45553800
2025-02-07,19.350000381469727,19.360000610351562,19.030000686645508,19.100000381469727,58277900
2025-02-10,19.25,20.079999923706055,19.239999771118164,19.770000457763672,73007300
2025-02-11,19.8700008392334,21.8799991607666,19.860000610351562,20.969999313354492,150960700
2025-02-12,21.979999542236328,22.559999465942383,20.93000030517578,22.479999542236328,162631200
2025-02-13,22.84000015258789,24.829999923706055,22.790000915527344,24.1299991607666,248661300
2025-02-14,24.360000610351562,25.190000534057617,22.860000610351562,23.600000381469727,230254100
2025-02-18,24.600000381469727,27.549999237060547,24.489999771118164,27.389999389648438,284292200
2025-02-19,25.979999542236328,26.329999923706055,25.459999084472656,25.719999313354492,151881700
2025-02-20,25.559999465942383,26.1200008392334,24.479999542236328,26.09000015258789,144939600
2025-02-21,25.959999084472656,26.290000915527344,24.84000015258789,24.8700008392334,111630900
2025-02-24,24.549999237060547,24.799999237060547,23.6200008392334,24.270000457763672,91358100
2025-02-25,24.209999084472656,24.280000686645508,22.770000457763672,22.989999771118164,88886500
2025-02-26,23.25,23.81999969482422,23.209999084472656,23.520000457763672,67449300
2025-02-27,23.700000762939453,24.399999618530273,23.06999969482422,23.09000015258789,97871900
2025-02-28,23.020000457763672,24.440000534057617,22.639999389648438,23.729999542236328,104133800
2025-03-03,25.0,25.040000915527344,22.520000457763672,22.739999771118164,141348700
2025-03-04,22.540000915527344,22.6299991607666,20.760000228881836,21.329999923706055,152182200
2025-03-05,21.329999923706055,21.360000610351562,20.18000030517578,20.809999465942383,127219300
2025-03-06,20.260000228881836,21.1299991607666,20.0,20.75,96466400
2025-03-07,20.270000457763672,21.200000762939453,20.110000610351562,20.639999389648438,81099600
2025-03-10,20.239999771118164,20.510000228881836,19.649999618530273,19.93000030517578,82760600
2025-03-11,19.969999313354492,20.059999465942383,19.290000915527344,19.780000686645508,80789000
2025-03-12,20.790000915527344,21.170000076293945,20.209999084472656,20.68000030517578,128671100
2025-03-13,23.5,24.530000686645508,23.1299991607666,23.700000762939453,243261000
2025-03-14,23.68000030517578,24.3700008392334,23.520000457763672,24.049999237060547,116901600
2025-03-17,24.420000076293945,26.149999618530273,24.3700008392334,25.690000534057617,160723600
2025-03-18,25.549999237060547,26.40999984741211,25.389999389648438,25.920000076293945,132488800
2025-03-19,24.899999618530273,25.229999542236328,24.030000686645508,24.1200008392334,135491400
2025-03-20,23.770000457763672,24.309999465942383,23.729999542236328,23.959999084472656,68937600
2025-03-21,23.600000381469727,24.700000762939453,23.489999771118164,24.260000228881836,94110700
2025-03-24,24.719999313354492,24.989999771118164,24.1299991607666,24.219999313354492,69169000
2025-03-25,24.18000030517578,24.75,24.110000610351562,24.200000762939453,51743300
2025-03-26,24.25,24.420000076293945,23.25,23.420000076293945,59496700
2025-03-27,23.290000915527344,23.760000228881836,22.860000610351562,23.6200008392334,57720600
2025-03-28,23.350000381469727,23.579999923706055,22.559999465942383,22.709999084472656,58365300
2025-03-31,22.3799991607666,22.75,21.75,22.709999084472656,65832000
2025-04-01,22.559999465942383,22.6200008392334,21.65999984741211,22.049999237060547,64060400
2025-04-02,21.889999389648438,22.3799991607666,21.700000762939453,21.979999542236328,58878800
2025-04-03,21.399999618530273,23.899999618530273,20.860000610351562,22.43000030517578,242972100
2025-04-04,21.700000762939453,22.200000762939453,19.700000762939453,19.850000381469727,175014700
2025-04-07,19.139999389648438,20.670000076293945,18.559999465942383,19.56999969482422,142491200
2025-04-08,20.059999465942383,20.389999389648438,17.670000076293945,18.1299991607666,163982700
2025-04-09,18.06999969482422,21.729999542236328,17.979999542236328,21.530000686645508,224183500
2025-04-10,20.68000030517578,20.81999969482422,19.15999984741211,19.8799991607666,129064900
2025-04-11,19.25,19.799999237060547,18.18000030517578,19.739999771118164,128425800
2025-04-14,20.59000015258789,21.049999237060547,19.979999542236328,20.309999465942383,101964400
2025-04-15,20.200000762939453,20.469999313354492,19.809999465942383,19.850000381469727,64056900
2025-04-16,19.34000015258789,19.43000030517578,18.719999313354492,19.229999542236328,89469700
2025-04-17,18.90999984741211,19.100000381469727,18.559999465942383,18.93000030517578,85646700
2025-04-21,18.93000030517578,18.989999771118164,18.25,18.84000015258789,72409900
2025-04-22,19.059999465942383,19.739999771118164,19.040000915527344,19.510000228881836,83365600
2025-04-23,20.719999313354492,21.030000686645508,20.309999465942383,20.59000015258789,97188100
2025-04-24,21.040000915527344,21.549999237060547,20.8799991607666,21.489999771118164,117086200
2025-04-25,19.729999542236328,20.18000030517578,19.34000015258789,20.049999237060547,147711200
2025-04-28,20.1200008392334,21.079999923706055,20.049999237060547,20.510000228881836,96624400
2025-04-29,20.309999465942383,20.850000381469727,20.219999313354492,20.34000015258789,70031900
2025-04-30,19.709999084472656,20.18000030517578,19.549999237060547,20.100000381469727,68297300
2025-05-01,20.219999313354492,20.649999618530273,19.940000534057617,19.979999542236328,72607500
2025-05-02,20.260000228881836,20.780000686645508,20.209999084472656,20.6200008392334,63298500
2025-05-05,20.389999389648438,20.579999923706055,20.239999771118164,20.270000457763672,44237000
2025-05-06,19.920000076293945,20.1200008392334,19.770000457763672,19.940000534057617,51330800
2025-05-07,19.969999313354492,20.3700008392334,19.81999969482422,20.309999465942383,61002600
2025-05-08,21.010000228881836,21.239999771118164,20.639999389648438,21.0,71651700
2025-05-09,21.200000762939453,21.450000762939453,20.829999923706055,21.420000076293945,51768600
2025-05-12,22.18000030517578,22.670000076293945,21.8799991607666,22.18000030517578,94578700
2025-05-13,22.360000610351562,22.8799991607666,22.299999237060547,22.559999465942383,76850400
2025-05-14,22.350000381469727,22.459999084472656,21.459999084472656,21.520000457763672,91584800
2025-05-15,21.229999542236328,21.6299991607666,21.190000534057617,21.549999237060547,66705500
2025-05-16,21.530000686645508,21.760000228881836,21.350000381469727,21.65999984741211,55795100
2025-05-19,21.18000030517578,21.559999465942383,21.049999237060547,21.3799991607666,64279100
2025-05-20,21.329999923706055,21.40999984741211,21.1200008392334,21.270000457763672,48497400
2025-05-21,21.190000534057617,21.6299991607666,20.59000015258789,20.690000534057617,62904700
2025-05-22,20.729999542236328,20.899999618530273,20.510000228881836,20.549999237060547,56077500
2025-05-23,20.15999984741211,20.270000457763672,19.940000534057617,20.049999237060547,68206100
2025-05-27,20.440000534057617,20.670000076293945,20.18000030517578,20.549999237060547,69504600
2025-05-28,20.56999969482422,20.639999389648438,20.329999923706055,20.3700008392334,46096500
2025-05-29,20.540000915527344,20.600000381469727,20.100000381469727,20.25,66372200
2025-05-30,20.260000228881836,20.260000228881836,19.309999465942383,19.549999237060547,114281900
2025-06-02,19.479999542236328,19.81999969482422,19.3700008392334,19.739999771118164,67885500
2025-06-03,19.75,20.40999984741211,19.399999618530273,20.290000915527344,80401900
2025-06-04,20.34000015258789,20.5,20.010000228881836,20.25,71166500
2025-06-05,20.270000457763672,20.549999237060547,19.850000381469727,19.989999771118164,72458400
2025-06-06,20.170000076293945,20.440000534057617,20.030000686645508,20.059999465942383,70072800
2025-06-09,20.219999313354492,20.959999084472656,20.219999313354492,20.479999542236328,92893900
2025-06-10,20.5,22.440000534057617,20.280000686645508,22.079999923706055,171457000
2025-06-11,21.780000686645508,21.829999923706055,20.3799991607666,20.68000030517578,146784500
2025-06-12,20.5,20.979999542236328,20.40999984741211,20.770000457763672,78175900
2025-06-13,20.329999923706055,20.600000381469727,20.100000381469727,20.139999389648438,87655900
2025-06-16,20.40999984741211,20.93000030517578,20.299999237060547,20.739999771118164,86745100
2025-06-17,20.6299991607666,21.479999542236328,20.6200008392334,20.799999237060547,87512200
2025-06-18,20.809999465942383,21.600000381469727,20.65999984741211,21.489999771118164,94200600
2025-06-20,21.700000762939453,21.889999389648438,20.8799991607666,21.079999923706055,133472800
2025-06-23,21.06999969482422,21.579999923706055,20.729999542236328,21.190000534057617,81461000
2025-06-24,21.34000015258789,22.690000534057617,21.329999923706055,22.549999237060547,130368700
2025-06-25,22.579999923706055,22.770000457763672,22.1299991607666,22.200000762939453,64975100
2025-06-26,22.399999618530273,22.6200008392334,22.209999084472656,22.5,63229300
2025-06-27,22.709999084472656,23.3799991607666,22.420000076293945,22.690000534057617,95542400
2025-06-30,22.969999313354492,22.969999313354492,22.270000457763672,22.399999618530273,77102400
2025-07-01,22.329999923706055,23.15999984741211,22.280000686645508,22.850000381469727,79094900
2025-07-02,22.530000686645508,22.770000457763672,21.520000457763672,21.8799991607666,138245300
2025-07-03,22.149999618530273,22.6299991607666,21.989999771118164,22.489999771118164,61176000
2025-07-07,22.209999084472656,22.389999389648438,21.860000610351562,22.0,80725200
2025-07-08,22.18000030517578,23.790000915527344,22.1299991607666,23.59000015258789,119545500
2025-07-09,23.290000915527344,23.530000686645508,23.1299991607666,23.440000534057617,70247700
2025-07-10,23.6299991607666,24.040000915527344,23.479999542236328,23.81999969482422,54599800
2025-07-11,23.559999465942383,23.65999984741211,23.15999984741211,23.43000030517578,49367900
2025-07-14,23.239999771118164,23.399999618530273,22.8799991607666,23.299999237060547,48420500
2025-07-15,23.56999969482422,23.780000686645508,22.899999618530273,22.920000076293945,66099400
2025-07-16,22.989999771118164,23.1299991607666,22.25,22.690000534057617,58865900
2025-07-17,22.65999984741211,23.049999237060547,22.59000015258789,22.799999237060547,49384000
2025-07-18,23.219999313354492,23.59000015258789,22.899999618530273,23.100000381469727,60195600
2025-07-21,23.399999618530273,23.829999923706055,23.15999984741211,23.260000228881836,61658000
2025-07-22,23.34000015258789,23.540000915527344,23.079999923706055,23.239999771118164,53969800
2025-07-23,23.260000228881836,23.6200008392334,22.920000076293945,23.489999771118164,68711700
2025-07-24,23.489999771118164,23.579999923706055,22.600000381469727,22.6299991607666,131963300
2025-07-25,20.68000030517578,21.049999237060547,20.360000610351562,20.700000762939453,245077700
2025-07-28,20.81999969482422,21.290000915527344,20.649999618530273,20.68000030517578,86105600
2025-07-29,20.690000534057617,20.850000381469727,20.34000015258789,20.40999984741211,100831500
2025-07-30,20.43000030517578,20.6200008392334,20.079999923706055,20.34000015258789,67420300
2025-07-31,20.170000076293945,20.229999542236328,19.65999984741211,19.799999237060547,90665200
2025-08-01,19.5,19.549999237060547,18.969999313354492,19.309999465942383,86496100
2025-08-04,19.520000457763672,19.59000015258789,19.350000381469727,19.5,69249400
2025-08-05,19.700000762939453,20.540000915527344,19.68000030517578,20.190000534057617,97338200
2025-08-06,20.1200008392334,20.479999542236328,19.8700008392334,20.40999984741211,67074200
2025-08-07,20.0,20.440000534057617,19.600000381469727,19.770000457763672,131382800
2025-08-08,20.0,20.020000457763672,19.610000610351562,19.950000762939453,75415000
2025-08-11,20.450000762939453,21.600000381469727,20.440000534057617,20.649999618530273,175545600
2025-08-12,21.200000762939453,21.860000610351562,20.760000228881836,21.809999465942383,134153600
2025-08-13,21.6200008392334,22.299999237060547,21.360000610351562,22.219999313354492,86024400
2025-08-14,21.989999771118164,24.200000762939453,21.899999618530273,23.860000610351562,188052500
2025-08-15,25.010000228881836,25.649999618530273,24.110000610351562,24.559999465942383,310161100
2025-08-18,24.0,24.899999618530273,23.209999084472656,23.65999984741211,212515600
2025-08-19,24.940000534057617,26.530000686645508,24.940000534057617,25.309999465942383,297659200
2025-08-20,24.899999618530273,24.93000030517578,23.329999923706055,23.540000915527344,161149400
2025-08-21,23.530000686645508,23.56999969482422,22.780000686645508,23.5,97718300
2025-08-22,23.649999618530273,25.229999542236328,23.649999618530273,24.799999237060547,200266800
2025-08-25,25.5,25.8799991607666,24.440000534057617,24.549999237060547,156825600
2025-08-26,24.579999923706055,24.739999771118164,24.100000381469727,24.350000381469727,78558200
2025-08-27,24.190000534057617,24.989999771118164,24.049999237060547,24.850000381469727,90934400
2025-08-28,24.959999084472656,25.139999389648438,24.610000610351562,24.93000030517578,60035100
2025-08-29,24.760000228881836,24.969999313354492,24.280000686645508,24.350000381469727,63734400
2025-09-02,23.8799991607666,24.239999771118164,23.68000030517578,24.209999084472656,57661800
2025-09-03,24.09000015258789,24.09000015258789,23.719999313354492,24.0,47822900
2025-09-04,23.850000381469727,24.639999389648438,23.75,24.610000610351562,59056500
2025-09-05,24.600000381469727,24.709999084472656,24.170000076293945,24.489999771118164,55975300
2025-09-08,24.479999542236328,24.739999771118164,24.1200008392334,24.479999542236328,51122100
2025-09-09,24.530000686645508,24.809999465942383,24.270000457763672,24.440000534057617,42146200
2025-09-10,24.420000076293945,24.8700008392334,24.280000686645508,24.770000457763672,61600700
2025-09-11,24.760000228881836,24.93000030517578,24.56999969482422,24.610000610351562,55536900
2025-09-12,24.610000610351562,24.6299991607666,24.049999237060547,24.079999923706055,52672800
2025-09-15,24.329999923706055,25.459999084472656,24.219999313354492,24.770000457763672,83951600
2025-09-16,24.81999969482422,25.34000015258789,24.690000534057617,25.270000457763672,60336600
2025-09-17,25.079999923706055,25.260000228881836,24.450000762939453,24.899999618530273,63093700
2025-09-18,31.780000686645508,32.380001068115234,30.15999984741211,30.56999969482422,523908000
2025-09-19,30.3799991607666,30.6299991607666,29.329999923706055,29.579999923706055,225702900
2025-09-22,29.670000076293945,30.100000381469727,28.729999542236328,28.760000228881836,130314500
2025-09-23,28.989999771118164,30.200000762939453,28.81999969482422,29.34000015258789,126317900
2025-09-24,29.3799991607666,31.700000762939453,29.229999542236328,31.219999313354492,164458500
2025-09-25,31.610000610351562,34.25,31.209999084472656,33.9900016784668,295709300
2025-09-26,35.02000045776367,36.29999923706055,34.4900016784668,35.5,268583300
2025-09-29,34.52000045776367,35.04999923706055,33.72999954223633,34.47999954223633,152605900
2025-09-30,33.93000030517578,34.2400016784668,33.02000045776367,33.54999923706055,124818400
2025-10-01,33.529998779296875,36.060001373291016,33.5,35.939998626708984,162649700
2025-10-02,35.7599983215332,37.56999969482422,35.439998626708984,37.29999923706055,149361700
2025-10-03,37.95000076293945,38.08000183105469,36.45000076293945,36.83000183105469,125359300
2025-10-06,37.189998626708984,38.68000030517578,36.43000030517578,36.59000015258789,112086100
2025-10-07,36.63999938964844,38.04999923706055,36.349998474121094,37.16999816894531,111140200
2025-10-08,36.54999923706055,37.790000915527344,35.90999984741211,37.43000030517578,103202100
2025-10-09,37.529998779296875,38.099998474121094,36.86000061035156,37.79999923706055,89884700
2025-10-10,38.459999084472656,39.650001525878906,36.29999923706055,36.369998931884766,183063300
2025-10-13,36.439998626708984,37.5099983215332,36.279998779296875,37.220001220703125,104020700
2025-10-14,36.0,36.54999923706055,34.689998626708984,35.630001068115234,117908300
2025-10-15,36.400001525878906,37.4900016784668,35.63999938964844,37.150001525878906,99242700
2025-10-16,37.150001525878906,38.02000045776367,36.40999984741211,36.84000015258789,83357800
2025-10-17,36.36000061035156,38.380001068115234,36.08000183105469,37.0099983215332,119394700
2025-10-20,37.56999969482422,38.52000045776367,37.560001373291016,38.099998474121094,80230200
2025-10-21,38.13999938964844,38.349998474121094,37.66999816894531,38.119998931884766,73134900
2025-10-22,37.84000015258789,37.93000030517578,36.040000915527344,36.91999816894531,87099900
2025-10-23,36.599998474121094,38.400001525878906,36.43000030517578,38.15999984741211,121974200
2025-10-24,40.02000045776367,41.119998931884766,37.83000183105469,38.279998779296875,246380000
2025-10-27,38.38999938964844,40.66999816894531,38.22999954223633,39.540000915527344,160007600
2025-10-28,39.59000015258789,42.47999954223633,39.540000915527344,41.529998779296875,181256400
2025-10-29,41.599998474121094,42.040000915527344,40.91999816894531,41.34000015258789,106962900
2025-10-30,40.970001220703125,41.43000030517578,40.11000061035156,40.15999984741211,84855500
2025-10-31,40.68000030517578,40.83000183105469,39.790000915527344,39.9900016784668,80471400
2025-11-03,40.25,40.45000076293945,39.04999923706055,39.5,61267500
2025-11-04,38.13999938964844,38.25,36.630001068115234,37.029998779296875,102250300
2025-11-05,37.41999816894531,38.689998626708984,37.11000061035156,38.380001068115234,74631600
2025-11-06,38.34000015258789,39.84000015258789,36.79999923706055,37.2400016784668,77629900
2025-11-07,37.2599983215332,38.27000045776367,36.970001220703125,38.130001068115234,95521400
2025-11-10,38.93000030517578,39.529998779296875,37.970001220703125,38.45000076293945,77820300
2025-11-11,38.150001525878906,38.220001220703125,37.4900016784668,37.880001068115234,53741900
2025-11-12,38.060001373291016,38.20000076293945,37.349998474121094,37.88999938964844,53876000
2025-11-13,37.27000045776367,37.310001373291016,35.45000076293945,35.90999984741211,95593200
2025-11-14,35.029998779296875,36.099998474121094,34.619998931884766,35.52000045776367,71716200
2025-11-17,35.45000076293945,35.72999954223633,34.22999954223633,34.709999084472656,72580100
2025-11-18,34.25,34.7599983215332,33.56999969482422,34.33000183105469,61504800
2025-11-19,34.33000183105469,35.75,34.25,35.11000061035156,67115500
2025-11-20,36.0,36.68000030517578,33.47999954223633,33.619998931884766,96389100
2025-11-21,33.5099983215332,34.97999954223633,32.88999938964844,34.5,105641700
2025-11-24,34.970001220703125,36.15999984741211,34.689998626708984,35.790000915527344,103804200
2025-11-25,35.54999923706055,36.130001068115234,34.68000030517578,35.83000183105469,62203300
2025-11-26,36.20000076293945,37.2400016784668,36.130001068115234,36.810001373291016,54563400
2025-11-28,37.400001525878906,40.59000015258789,37.34000015258789,40.560001373291016,95799500
2025-12-01,39.86000061035156,40.380001068115234,39.599998474121094,40.0099983215332,74534900
2025-12-02,40.470001220703125,43.68000030517578,40.04999923706055,43.470001220703125,167205800
2025-12-03,43.38999938964844,44.02000045776367,42.5099983215332,43.7599983215332,91957200
2025-12-04,43.2599983215332,43.279998779296875,40.13999938964844,40.5,107850200
2025-12-05,41.15999984741211,42.83000183105469,41.150001525878906,41.40999984741211,103042000
2025-12-08,41.939998626708984,42.119998931884766,39.70000076293945,40.29999923706055,93953600
2025-12-09,40.72999954223633,41.2599983215332,40.029998779296875,40.5,61877200
2025-12-10,40.11000061035156,40.9900016784668,38.88999938964844,40.779998779296875,75974900
2025-12-11,40.06999969482422,40.189998626708984,39.08000183105469,39.5099983215332,59096800
2025-12-12,39.25,40.029998779296875,37.619998931884766,37.810001373291016,87784500
2025-12-15,38.33000183105469,38.47999954223633,37.31999969482422,37.5099983215332,60706400
2025-12-16,37.560001373291016,37.959999084472656,36.91999816894531,37.31999969482422,26988713
