Date,Open,High,Low,Close,Volume
2015-12-16,79.32729411122529,79.97167560342709,78.47822312688159,79.78973388671875,8178800
2015-12-17,79.72154063368365,79.7973492314426,78.56164653105309,78.56922912597656,8740800
2015-12-18,78.14467863590806,78.14467863590806,77.28802490234375,77.28802490234375,14966000
2015-12-21,77.58367234765802,78.02337015527782,76.4541090273728,77.00752258300781,8321900
2015-12-22,77.2576995124425,77.99304904353251,76.68154393831078,77.86417388916016,5581600
2015-12-23,78.16740761118842,78.59194021874107,77.88690954758513,78.45548248291016,5531700
2015-12-24,78.17500266033936,78.77390027504164,78.09161148716412,78.6298599243164,2546300
2015-12-28,78.22049175446156,78.44034069955461,78.0309674001218,78.25081634521484,4063000
2015-12-29,78.34176397242408,78.9861512367608,78.34176397242408,78.86485290527344,4230000
2015-12-30,78.92552755551111,79.09988673354505,78.48582963762826,78.67535400390625,3847800
2015-12-31,78.36453727662096,78.55406164344511,77.84903076750633,77.87177276611328,4592600
2016-01-04,77.10607860669138,77.18188718279535,75.39277702438825,76.17362213134766,12722800
2016-01-05,76.24943635093298,76.90140056456374,76.24185375761428,76.49202728271484,6467200
2016-01-06,75.6732771981787,76.54509030689658,75.50649485587151,76.10539245605469,7733800
2016-01-07,75.28663265043332,75.87794755334691,74.96065061628572,75.2184066772461,9433100
2016-01-08,75.71876331768105,75.76425309293194,74.17982658028039,74.41484069824219,9766700
2016-01-11,74.47547598008126,74.77113345980032,72.83798884500823,73.9675521850586,8151400
2016-01-12,74.285962405883,74.77114427786658,73.71738935741871,74.4754867553711,6745000
2016-01-13,74.66500985568321,75.03648173881838,73.41414801322438,73.55060577392578,8290700
2016-01-14,73.61125900103838,75.40795198511003,73.53545041510726,74.96825408935547,10164300
2016-01-15,73.05784689777498,74.29354355015705,72.96687312961855,73.53544616699219,12662200
2016-01-19,74.24047182966024,74.60436109329262,73.45963250442097,73.91448974609375,12457800
2016-01-20,72.86073747177926,73.74770999169002,71.66294225914447,72.58782196044922,12685200
2016-01-21,72.60297636223598,73.26252309982844,71.47341299714346,72.73185729980469,11266400
2016-01-22,73.55060813314695,73.60367472046501,72.73944413624295,73.3459243774414,8380000
2016-01-25,73.3231649175825,74.05852015515715,72.80765857048645,73.08057403564453,9350200
2016-01-26,73.73256665613819,76.82560015216053,73.64159287126323,76.70430755615234,17266600
2016-01-27,76.18121552656204,78.37211682076753,76.18121552656204,77.4472427368164,19330500
2016-01-28,77.70498170310441,78.11435498369673,77.21221724773456,77.5306167602539,12789500
2016-01-29,78.0006364821468,79.41069802675986,77.80352955015148,79.17568969726562,15614600
2016-02-01,78.54648676587082,79.4410420965167,78.25082918728513,79.12264251708984,9803700
2016-02-02,78.31145289001672,79.03922559918568,78.08402138797871,78.39484405517578,10616300
2016-02-03,78.57678377132754,79.13019154356485,77.33350470207118,78.94824981689453,10168600
2016-02-04,78.54648555590468,78.91036913140846,77.87936181159766,78.7663345336914,10389000
2016-02-05,77.82627705243515,77.90966244016569,75.64295297366483,76.21910858154297,15522200
2016-02-08,76.04474889760489,78.4706640655863,75.97652290734307,77.32593536376953,14323800
2016-02-09,76.80286024276495,77.5078911892205,76.54510985433994,77.30320739746094,10044500
2016-02-10,77.36383725972516,78.01580144662242,76.84833082784881,77.12124633789062,9833100
2016-02-11,76.15845642176588,77.34108639555598,75.79457294544135,77.09849548339844,12465800
2016-02-12,77.18946838378906,77.31076673042723,76.35556249403386,77.18946838378906,9035000
2016-02-16,77.60643440593508,78.1219408791573,77.06060334207339,77.56852722167969,10452800
2016-02-17,77.89451092975895,78.26597705097505,77.50030281105556,77.70498657226562,8904000
2016-02-18,77.95514136928556,79.35762012076916,77.70496788942647,79.02405548095703,10744600
2016-02-19,79.09279068303896,79.93273997370635,78.94006892290159,79.53567504882812,9343300
2016-02-22,79.5356747133075,79.98619079589844,79.45167920202114,79.98619079589844,6947000
2016-02-23,79.90983330894174,80.01673562835923,79.38295343057021,79.4745864868164,6629200
2016-02-24,78.90953286819331,80.2381861052684,78.6270077772758,80.14655303955078,9076100
2016-02-25,80.13890676881529,81.23848013474529,80.00146009807403,81.23084259033203,8092500
2016-02-26,81.5668255002881,81.64318346801169,80.49779647493945,80.77268981933594,9049400
2016-02-29,80.39090691797819,81.09340965374889,80.20764660119896,80.33745574951172,10111100
2016-03-01,80.86431321748476,81.88752267939388,80.51306194731869,81.87225341796875,8298500
2016-03-02,81.63555272822573,82.01734839716161,81.26902632272187,81.73481750488281,9767000
2016-03-03,81.56683612214721,81.70428281224414,80.65816045840967,81.43702697753906,6927200
2016-03-04,81.33010916268735,81.68899799772362,80.99412713401695,81.32247161865234,6715700
2016-03-07,80.94065104310923,81.64315340870263,80.55121797763874,81.50570678710938,6973500
2016-03-08,81.33774700234066,81.52864483740841,80.91777526063538,81.10867309570312,7632900
2016-03-09,81.58208465576172,81.71953131093073,81.0093912301806,81.58208465576172,7564200
2016-03-10,81.69664024241946,82.0708042137358,80.99413756990131,81.8111801147461,10474700
2016-03-11,82.08606071853441,82.46021880595151,81.86461855332132,82.24641418457031,7763800
2016-03-14,82.40675857679872,82.69692695307049,81.94096749190408,82.2082290649414,7242800
2016-03-15,82.17768936983461,82.73510769921592,81.52100045316774,82.28459167480469,8476600
2016-03-16,82.2616829365253,82.29985900126651,81.61262575280051,82.017333984375,7065100
2016-03-17,82.06313081516466,82.16239555408416,81.2842646842237,81.50570678710938,8571100
2016-03-18,81.69664918027634,82.3457007601489,81.21558865476291,82.0860824584961,14758300
2016-03-21,82.0173461612138,82.2769644126575,81.36065716248748,81.91807556152344,7674700
2016-03-22,81.9180954450842,82.18535130577516,81.74247266194764,81.99445343017578,7821700
2016-03-23,81.92572547609956,83.10165698100997,81.85699921780295,82.84967041015625,8191300
2016-03-24,82.63584653897878,82.93364666233637,82.27695771705068,82.7045669555664,6284500
2016-03-28,82.7809556113398,83.15511380744854,82.51369393123572,82.64350891113281,4738100
2016-03-29,82.6969421070119,83.42235152914347,82.26932700723614,83.3383560180664,6612800
2016-03-30,83.57506955843851,83.65906507162202,83.17800462626697,83.2161865234375,5248200
2016-03-31,83.12454032118521,83.21617336446081,82.49839575648186,82.62056732177734,8167700
2016-04-01,82.46786556949841,83.45289910733395,82.23115411589673,83.37654113769531,9043200
2016-04-04,83.09400930866714,83.30781395155041,82.66640002290059,82.91838073730469,10668900
2016-04-05,82.64349457196337,83.87287128873031,82.47550354244227,83.19327545166016,7939000
2016-04-06,83.01765056817068,83.6132508751631,82.37623081974377,83.55216217041016,6828700
2016-04-07,83.23144736398372,83.70487604258618,82.94891650043627,83.43761444091797,7822900
2016-04-08,83.51400377629294,83.72017091629824,83.04821249900385,83.30783081054688,6301600
2016-04-11,83.34600381614732,83.70489271204008,82.96420811000439,83.20855712890625,6823900
2016-04-12,83.23145968348733,84.17831135510148,83.04056184017658,83.68961334228516,8412300
2016-04-13,83.9950472474566,84.26230305082332,83.4681673595768,83.89578247070312,5758300
2016-04-14,83.99503353071776,84.21647568184193,83.57505603276871,83.87285614013672,4457100
2016-04-15,84.04849655397605,84.30048308833696,83.61324973359785,84.13249206542969,10057900
2016-04-18,83.99505991031387,84.83500934426891,83.74307333240522,84.7052001953125,7772500
2016-04-19,85.25494499315491,87.01120097648008,85.12513590811866,86.04144287109375,10526400
2016-04-20,86.43092901097666,87.19452055746257,86.32402666052792,86.72872924804688,8213400
2016-04-21,86.52253395384608,86.84324674822135,86.11019392599759,86.7210693359375,7884500
2016-04-22,86.6141544989565,86.85850346248074,86.1560009205659,86.53015899658203,7508700
2016-04-25,86.52254067395533,86.70580680661519,85.88876423216207,86.67526245117188,6139900
2016-04-26,86.62945925042266,86.71345478720808,86.01858950422282,86.21712493896484,5853600
2016-04-27,86.25528320376776,86.43854350719836,85.87348750660568,86.11019897460938,5759300
2016-04-28,85.59857975937226,86.06437089772359,85.24732847607665,85.88874816894531,6640000
2016-04-29,85.56804552813458,85.69022294150534,85.14807377758694,85.58332061767578,7774500
2016-05-02,85.69023762943178,86.12548454412509,85.46879539904525,86.09494018554688,5178800
2016-05-03,85.94983980941238,86.36217983422759,85.61386357958266,86.04911041259766,7554500
2016-05-04,85.55276939831164,85.93456504584476,85.2931453286047,85.69021606445312,5214600
2016-05-05,85.58332895922415,86.36218965528697,85.5527846029044,86.19419860839844,5404300
2016-05-06,85.9650858409047,86.32397458336277,85.73600618486067,86.0872573852539,6099900
2016-05-09,86.27054588730991,87.0417688901332,86.0796480661823,86.83560180664062,6512700
2016-05-10,87.04938474490996,87.81297583916354,86.9882960591926,87.56098937988281,8356400
2016-05-11,87.48464798531641,87.62973218490664,87.28611263204644,87.3319320678711,6680700
2016-05-12,87.43121900328973,87.62975440690623,86.69817192732916,87.22505187988281,7156300
2016-05-13,86.9730640540416,87.11814246258996,86.56072398743738,86.71343994140625,6779900
2016-05-16,86.58361803088883,87.5304696225076,86.52252932801295,87.38539123535156,6222900
2016-05-17,87.46175825606326,87.47702752049341,86.46908712164587,86.91960906982422,9233900
2016-05-18,86.75162610477506,87.07233311930979,86.19420177649667,86.7363510131836,8267900
2016-05-19,86.27818986558404,86.31637176553079,85.6749519660132,86.1712875366211,8232200
2016-05-20,86.2866496127383,86.84036168708188,85.94827457523282,86.62503051757812,7435200
2016-05-23,86.72497017267503,86.76342466678985,86.16357210952364,86.255859375,6462300
2016-05-24,86.53272562317943,87.28639043054997,86.53272562317943,86.66346740722656,6125300
2016-05-25,87.04029222747705,87.46326824993616,86.7865066140016,87.17102813720703,5453800
2016-05-26,86.98649535056322,87.14799375288426,86.78654243311732,86.82499694824219,3973600
2016-05-27,86.93267316511007,87.16338268202546,86.66350912837414,86.94805145263672,4647000
2016-05-31,87.10182173240473,87.38636391968424,86.37891935261392,86.66346740722656,10104700
2016-06-01,86.66347021062067,86.94801240710457,86.18666136871073,86.73268127441406,4748900
2016-06-02,86.8018836146593,88.17077918580291,86.79419154197527,88.0477294921875,7310800
2016-06-03,88.03237076322883,88.73988905663684,87.76320683283814,88.2553939819336,6881700
2016-06-06,88.41693423313752,89.2090481181716,88.38617178832675,89.03216552734375,6349400
2016-06-07,89.21668915537471,89.38587957137199,88.78602104174536,89.00135803222656,6417400
2016-06-08,88.83986165995543,89.17055044748707,88.7552723118274,89.0551986694336,5863800
2016-06-09,89.03978643326177,90.1241397435745,88.90905054781932,89.97801971435547,7375500
2016-06-10,89.77808050174936,90.15491580598604,89.48584626642229,89.98572540283203,6067400
2016-06-13,90.07805367255366,90.4702674596085,89.81658172607422,89.81658172607422,7940900
2016-06-14,89.55508719259457,90.116491366011,89.43973539499868,90.07035064697266,6378400
2016-06-15,90.47023465830817,90.54713779895886,89.47047622784872,89.5243148803711,6371400
2016-06-16,88.9706136668192,89.89346320118145,88.6091624078715,89.70120239257812,6664300
2016-06-17,89.68581363488498,89.72426227171458,88.44765370270068,88.8091049194336,10702200
2016-06-20,89.67040064501889,90.08568451360968,89.53966476064724,89.62425994873047,5588200
2016-06-21,89.97037344781019,90.09342319134264,89.34745025634766,89.34745025634766,5493500
2016-06-22,89.62428425603943,90.1395417287771,89.4474017600748,89.56275939941406,5833800
2016-06-23,90.13184331726261,90.27027130126953,89.73194351198306,90.27027130126953,6775900
2016-06-24,88.49381424360558,90.07035539023114,88.43998144611439,88.92447662353516,13939500
2016-06-27,88.43996167432181,89.70119196272545,88.43996167432181,89.6319808959961,10877400
2016-06-28,90.10878336477433,91.03163865378008,89.63198037275488,90.9239730834961,10089600
2016-06-29,91.39309257981675,91.83145284369104,90.82400224527933,91.76992797851562,8341500
2016-06-30,91.65456143256235,93.36953021213546,91.63918315142725,93.2849349975586,11559900
2016-07-01,93.28492901221733,93.46949771066387,92.89271539410194,93.27723693847656,7051400
2016-07-05,93.33106529191164,94.76917791188154,93.31568114516,94.03089141845703,9334100
2016-07-06,93.76943263672712,94.33083672457458,93.46950627402332,94.3154525756836,9332400
2016-07-07,94.27700361632219,94.44619406007305,93.83096301691923,94.21548461914062,6058700
2016-07-08,94.59230160856951,94.66920474535374,93.79249607788049,94.47694396972656,6129900
2016-07-11,94.36926175695936,94.93835190956857,94.13855238730643,94.5384521484375,6711600
2016-07-12,94.32315314626616,94.74612340152842,94.29239071304696,94.53079223632812,6415900
2016-07-13,94.34619164094329,94.89990351721644,94.05395742505789,94.59228515625,5230800
2016-07-14,94.57693711221825,95.16140573082804,94.52310432189014,94.73074340820312,5322700
2016-07-15,95.18444566056132,95.59204336255789,94.36926199123263,94.59228515625,7192800
2016-07-18,94.59230848726466,94.76149892089332,94.16164619608894,94.6999740600586,6599200
2016-07-19,95.9612187056778,96.70719161956848,94.85379451455478,96.32266998291016,11325700
2016-07-20,96.7763878594062,96.95327036677534,96.16115685548517,96.2380599975586,7334600
2016-07-21,96.29188350518282,96.69947539949722,96.04578995386095,96.24574279785156,5492600
2016-07-22,96.2226822063484,96.39955884728512,95.86123098269465,96.1534652709961,5839200
2016-07-25,96.18422725810396,96.2303679699037,95.46901688853973,96.0457992553711,4880600
2016-07-26,96.15345551585595,96.55336120383718,95.93812439186594,96.24574279785156,5589900
2016-07-27,96.20729975433295,96.3072791219015,95.62282530008758,95.9535140991211,4812600
2016-07-28,96.11501650683509,96.13039478837442,95.67666214129345,95.7151107788086,4320400
2016-07-29,95.62283523063984,96.37650019996217,95.62283523063984,96.30728912353516,7020900
2016-08-01,96.36879423564793,96.67641266588008,96.2072958799261,96.4380111694336,4615100
2016-08-02,96.63027441273415,96.82253520310277,95.7304953219691,96.0150375366211,7158700
2016-08-03,96.13040069838208,96.13040069838208,95.12295597660993,95.28445434570312,5310600
2016-08-04,95.54590397662153,95.66126160407165,95.08447933415371,95.25366973876953,4728200
2016-08-05,95.65360981353979,95.65360981353979,95.17680669137117,95.54594421386719,5146900
2016-08-08,95.36134225019194,95.47669988605797,94.76918165816811,95.09217834472656,5232500
2016-08-09,95.2921321566545,95.36134321847705,94.84608575602103,94.92298889160156,3941500
2016-08-10,95.04604015208825,95.19216022822711,94.77687622288532,94.8691635131836,4333500
2016-08-11,95.24601889547182,95.46904217379502,94.95378453111825,95.18449401855469,4052000
2016-08-12,94.95375828427906,95.18446770794347,94.55385256219368,94.7614974975586,4234800
2016-08-15,94.68461271432331,94.79996451485378,94.03861329467905,94.06168365478516,6469500
2016-08-16,93.90785918121927,94.06935753806368,92.33131838240428,92.5389633178711,11289100
2016-08-17,92.66968717783715,93.30799431510579,92.16980802374326,93.29261016845703,10442800
2016-08-18,93.18496480434095,93.35415525014378,92.20828250448015,92.83889770507812,8728000
2016-08-19,92.83116785041517,92.89309725525698,92.37440231253898,92.83890533447266,7798300
2016-08-22,92.82340419745803,92.82340419745803,92.08793582567176,92.22728729248047,6544900
2016-08-23,92.64536468670208,92.86987576708648,92.14215060352855,92.4673080444336,5603200
2016-08-24,92.49825467376357,92.59889510492947,91.83246497472709,91.90213775634766,6303900
2016-08-25,92.01826560855281,92.28922516087388,91.60795458554159,91.79375457763672,5566000
2016-08-26,92.00278503177029,92.69954243218517,91.78601737530248,92.15762329101562,6482700
2016-08-29,92.35892143794761,93.00148109682563,92.17311550399305,92.83890533447266,5074900
2016-08-30,93.41952257707342,93.41952257707342,92.32794092288817,92.49051666259766,3820500
2016-08-31,92.54469266125503,92.60662795329611,92.13438168781335,92.38985443115234,5693100
2016-09-01,92.27375820588215,92.42859057156723,91.8169926861017,92.1885986328125,4551800
2016-09-02,92.4053725637555,92.75374836337214,92.04925337338751,92.37440490722656,5806400
2016-09-06,92.7304843876682,92.87757921657119,92.40533299306855,92.70726013183594,5280700
2016-09-07,92.77696409627264,92.8621236672758,92.46729937241679,92.59890747070312,4753800
2016-09-08,92.4131004874706,92.76147622878013,92.23503796885038,92.49051666259766,4833000
2016-09-09,92.14988343702002,92.25052978600998,91.49183705278762,91.53054809570312,7957300
2016-09-12,91.166689777031,92.47503921619987,90.872500012793,92.25053405761719,7239800
2016-09-13,91.67763105827619,91.99504505125549,90.95764941513892,91.05055236816406,7957900
2016-09-14,91.23634383059186,91.60794970144514,90.93441664460637,91.24408721923828,6124900
2016-09-15,91.20538028292077,92.08020013857193,90.8260369128414,91.84020233154297,5812100
2016-09-16,91.74732257305186,92.23504985503293,91.44539531661458,91.54603576660156,12408800
2016-09-19,91.63118304549268,91.86343747611173,91.0737771371874,91.08926391601562,5457600
2016-09-20,91.4840626720787,91.538254569917,91.11246277446566,91.3137435913086,5187700
2016-09-21,91.31375697188516,92.12664146504902,91.07376509007334,92.05696868896484,6337300
2016-09-22,92.32018947224017,92.77694900013945,92.23502991509369,92.4827651977539,5340500
2016-09-23,92.44406205580404,92.59115100692402,91.90213705262335,91.97955322265625,4773000
2016-09-26,91.84020575750615,91.84794914678955,91.01184029844607,91.18215942382812,5998900
2016-09-27,91.65440112365216,92.29696655273438,91.13570629093645,92.29696655273438,5349500
2016-09-28,92.16538027674902,92.52923695008114,91.9795743382447,92.42859649658203,5076100
2016-09-29,92.03371959287853,92.33564670675442,90.60924355884598,90.78730010986328,6190200
2016-09-30,91.18217302880116,91.83248197670156,90.88024577292907,91.45313262939453,7941100
2016-10-03,91.35247456697198,92.13439146919724,90.91119590066171,91.97955322265625,6098600
2016-10-04,92.00276266824011,92.49823907091182,91.56922746068585,91.9872817993164,5733900
2016-10-05,92.29697412135764,92.46729325209068,91.81698438078953,92.26600646972656,5778700
2016-10-06,91.73958492881373,92.0105445468862,91.29056275802125,91.9331283569336,4448500
2016-10-07,92.25824706051814,92.56791761658212,91.88664711842104,92.31243896484375,4799300
2016-10-10,92.52147591645243,93.05565161087881,92.3976053223115,92.74598693847656,3657000
2016-10-11,92.44404350813373,92.61435668544499,90.62473139176778,91.0737533569336,6394200
2016-10-12,91.32152601861422,91.68538859099763,90.96540683679628,91.32926940917969,4685200
2016-10-13,90.99635845034469,92.28148345325862,90.79507167646346,91.55376434326172,7387400
2016-10-14,91.73955815836432,91.97181256692485,91.01183319091797,91.01183319091797,5640500
2016-10-17,90.96538901832052,91.7782735806488,90.96538901832052,91.73181915283203,6956400
2016-10-18,90.87247540460388,91.72407090575922,89.15381534543698,89.34735870361328,12598300
2016-10-19,89.47124770076167,89.71898303030557,88.6119144843646,88.71255493164062,7400900
2016-10-20,88.89834601033786,89.57187318722346,88.7125401143572,88.92931365966797,6973000
2016-10-21,88.34092220948567,88.44156261953053,87.47384592361246,87.82222747802734,8422000
2016-10-24,88.2015850705458,88.40287182974731,87.82224171804964,87.95384979248047,6141900
2016-10-25,87.97705724971684,88.37963069123482,87.55125955320239,88.22479248046875,5595000
2016-10-26,87.97707758119783,89.20027314979791,87.946109931888,88.68931579589844,6429200
2016-10-27,89.01448411850349,90.22993644778505,88.86738924279254,89.57188415527344,7548700
2016-10-28,89.66479725369466,89.73447595771741,88.69708013348708,89.28545379638672,8813300
2016-10-31,89.24673180007716,89.98220026509259,88.64287733618556,89.79639434814453,8552500
2016-11-01,88.84416616298535,89.75769126958966,88.74351981237896,89.29318237304688,7591900
2016-11-02,89.4325135961783,89.618319475284,88.89833793655467,88.92156219482422,6591300
2016-11-03,88.9370649123227,89.37060616359453,88.836424466274,89.05319213867188,6227100
2016-11-04,89.06091277104119,89.75767004461738,89.06091277104119,89.11510467529297,7160600
2016-11-07,89.71897702122656,90.36154251954534,89.68026597907213,90.31509399414062,6398200
2016-11-08,90.17575613467152,91.01960264154457,90.16801274377565,90.61703491210938,6675300
2016-11-09,92.90083904951351,94.83627319637837,91.42990791660095,93.14083099365234,16220000
2016-11-10,93.49693842498691,93.75241711784008,92.14213469234043,92.54470825195312,11904500
2016-11-11,92.50598581857582,92.50598581857582,91.45310943206965,91.7163314819336,8134800
2016-11-14,91.80148162742105,92.11888964465327,90.19119956526846,90.26861572265625,10054900
2016-11-15,90.11380755851664,90.33831860964249,89.66478545626495,90.05187225341797,7446700
2016-11-16,90.30734336868626,90.40798380115807,89.86606469327091,90.08283233642578,6594800
2016-11-17,90.33057430091208,90.33057430091208,89.89703898258351,90.24541473388672,5730300
2016-11-18,90.26099937932446,90.36233526253801,89.49706396441371,89.9258041381836,7717800
2016-11-21,89.98817190461914,90.1752558318964,89.48927746701925,89.64517974853516,5843300
2016-11-22,89.3255702550205,89.64517765614629,87.51707647410987,87.88345336914062,11649700
2016-11-23,87.50147726319643,88.42131485672788,86.96360436396918,88.14068603515625,7892600
2016-11-25,88.55384882719036,89.04495232985175,88.3823527435493,88.96699523925781,3433300
2016-11-28,88.7019423713636,88.959186445229,88.12509688987227,88.18745422363281,9065700
2016-11-29,88.04716476077748,88.40575075476815,87.43913746649231,87.68079376220703,7799600
2016-11-30,87.45473115286015,87.71196935198813,86.76095581054688,86.76095581054688,11178500
2016-12-01,86.80770774540177,86.94802216530246,86.52707890560039,86.82329559326172,8143300
2016-12-02,87.0883296173811,87.71974148277064,86.87006408106322,87.2754135131836,6167700
2016-12-05,87.61843725221654,87.63402510445837,87.09615796638113,87.25985717773438,5451600
2016-12-06,87.4936927265067,88.24203437398717,87.18967911807059,87.35337829589844,6530400
2016-12-07,87.22085796982957,87.22085796982957,85.21748340921172,86.60503387451172,11761100
2016-12-08,86.16850401258554,86.68298628436278,85.69299433640121,86.519287109375,7774900
2016-12-09,86.8466913753969,87.64180250323592,86.68298625317738,87.50928497314453,7672100
2016-12-12,87.84447845233456,89.95698578239328,87.75873041758058,89.9258041381836,9544600
2016-12-13,90.0583222583961,90.40131439966969,89.65297277558324,90.33895111083984,7051600
2016-12-14,90.51823993729386,91.43807758992537,89.31777344506017,89.63737487792969,9378700
2016-12-15,89.90241998361206,90.36233585732839,89.55942784233848,90.33895111083984,6738100
2016-12-16,90.74432918895708,90.78330179373461,90.0037783306794,90.3311767578125,11291100
2016-12-19,90.47927090305141,90.93919275133456,90.37793501316098,90.44029235839844,6310800
2016-12-20,90.40913048851742,90.6195991988806,89.57504065206241,90.15968322753906,5715200
2016-12-21,90.58060078987292,90.58060078987292,89.44249753946488,89.88682556152344,5907600
2016-12-22,89.64518987304962,90.05833631828921,88.7721215350002,89.9881820678711,4602300
2016-12-23,89.95697782539106,90.6741377369068,89.87902669540719,90.39350891113281,2992500
2016-12-27,90.33895179729049,90.42469983326045,89.94139326209255,90.35454559326172,3232600
2016-12-28,90.33114880452663,90.54942030236255,89.68414905034908,89.7231216430664,3278300
2016-12-29,89.82448121945771,90.32337570423759,89.6529851251975,90.02715301513672,2993600
2016-12-30,90.26879019519471,90.41689556109868,89.62958140019039,89.80886840820312,5506700
2017-01-03,90.25319541577736,90.42469147185936,89.8244612228624,90.29996490478516,5953000
2017-01-04,90.03492580422161,90.60398033303849,89.88681449933303,90.15185546875,5828900
2017-01-05,90.42470226363076,91.18084081171213,89.98817112135318,91.0950927734375,6217200
2017-01-06,90.94698917347245,91.2042333101587,90.2376260069849,90.6585693359375,5221400
2017-01-09,90.69751834856345,90.90019603511858,90.33893840914419,90.64295196533203,5457500
2017-01-10,90.44806614769543,91.2042045213619,90.32334554179516,90.54940795898438,5312800
2017-01-11,90.48706286967565,90.61958039860775,88.88124088469111,89.43470764160156,8887200
2017-01-12,89.07613057556358,89.43471655013099,88.37456431849205,89.34896850585938,6627300
2017-01-13,89.5984227049907,89.66078005788833,89.20866099974509,89.33338165283203,4935200
2017-01-17,88.81886650021234,89.68413764215977,88.6083919266092,89.5438232421875,6255400
2017-01-18,89.54382411125987,89.72311110073208,89.18524418502595,89.41130065917969,5014600
2017-01-19,89.39573447894925,89.5672305607306,88.80329509114758,89.02156066894531,5540800
2017-01-20,89.24763245252801,89.66857580244718,88.92803095093423,88.98259735107422,7502400
2017-01-23,89.26322216779703,89.46589396059372,88.70976129246827,88.7955093383789,7989800
2017-01-24,88.01595191866092,88.31996543751906,86.64398966221839,87.11949920654297,12450300
2017-01-25,87.25204178603101,87.93022918701172,86.34000096723298,87.93022918701172,9385500
2017-01-26,87.30659607020681,87.96139268603422,86.99478560906952,87.18186950683594,10164300
2017-01-27,87.30659958792656,88.50706604593536,87.22864845632392,88.38233947753906,8886100
2017-01-30,88.39792881035534,88.55383106569144,87.96918868724634,88.18745422363281,6969400
2017-01-31,87.92241069018763,88.39792025441542,87.64178189991256,88.28099060058594,8713400
2017-02-01,87.6807765768488,88.33557324318815,87.6729796792142,88.26541900634766,7082300
2017-02-02,87.94581409702664,88.56943508494776,87.90683555504762,88.53045654296875,7826300
2017-02-03,88.47588157305172,88.60060813745739,87.82108495179173,88.58501434326172,7267600
2017-02-06,88.44471108325943,88.54604696914825,87.7899143794412,88.39794158935547,6178400
2017-02-07,88.55384324740712,88.56943704345974,88.12510901261005,88.4603042602539,5507900
2017-02-08,88.31999045041863,88.62400405537576,88.20306076836805,88.39794158935547,5272000
2017-02-09,88.39797093323848,89.37237536163113,88.39797093323848,88.92804718017578,5854600
2017-02-10,89.11510771797677,90.41691026443989,89.04495347229137,89.83226776123047,6438500
2017-02-13,89.86346386943778,90.51826667099603,89.81669436478792,90.3311767578125,5710800
2017-02-14,89.98816233128115,90.7365039080691,89.89461740394884,90.705322265625,5539100
2017-02-15,90.3467384774998,91.56279274493946,90.10508224560068,91.36011505126953,5979700
2017-02-16,91.20422547496663,92.20201434056213,91.20422547496663,92.04611206054688,7119300
2017-02-17,92.13184231964138,92.68530303836972,92.0227095552324,92.65412139892578,8691400
2017-02-21,92.29554721971186,93.45703511177707,92.23318393693643,93.27774810791016,8595100
2017-02-22,92.98153333171757,93.36349806317986,92.95814858552669,93.16861724853516,5103900
2017-02-23,93.16861247314458,95.02388153973565,93.13743677801497,94.86797332763672,9980900
2017-02-24,95.3388093855537,96.31181284211681,94.86800164764544,96.30397033691406,10835000
2017-02-27,95.83313085251693,96.42164186337241,95.80959136994568,96.04499816894531,5946200
2017-02-28,95.73899352053077,96.24118921224365,95.68406605383232,95.89592742919922,8885500
2017-03-01,96.11562758616947,97.65360248500102,96.06070012501992,97.19064331054688,9393900
2017-03-02,97.1043110060452,97.58296707862262,96.53149102214914,97.01014709472656,6950200
2017-03-03,97.01017501082335,97.2455818635401,96.69630718939429,97.13572692871094,5585200
2017-03-06,96.52364724410356,97.63789324008978,96.20192504133173,97.07292175292969,6670700
2017-03-07,96.18626235579949,97.6614614612349,96.03717095096714,97.1671142578125,6644000
2017-03-08,97.10430714983707,97.83406097030762,96.90813683236264,97.37894439697266,7909900
2017-03-09,97.755602580398,99.03463100687333,97.43388035804625,98.83061218261719,8571100
2017-03-10,98.9012506708685,99.25435492869101,98.50890994589044,99.0346450805664,7395400
2017-03-13,98.73644921769029,99.61528844047534,98.70506124735608,99.40342712402344,7162500
2017-03-14,99.54468760290389,100.24305360308583,99.47406316050032,99.69377899169922,7679700
2017-03-15,99.69378328775838,101.22390976158972,99.34067303381264,101.1925277709961,8360600
2017-03-16,100.784489175422,100.98850204572562,100.25874804456942,100.80018615722656,7610700
2017-03-17,100.79231522015289,101.1768133851976,100.39997455213106,100.48628997802734,13300800
2017-03-20,100.47059679799861,100.76877954842257,100.41567532850797,100.49414825439453,5827500
2017-03-21,100.737401820002,100.79232329181406,99.7643925750039,99.8507080078125,7578600
2017-03-22,99.69378980707567,100.16459752314654,99.03465421526053,99.07389068603516,10272700
2017-03-23,98.94833099220128,99.65454550412633,98.60307522042804,98.79139709472656,8508100
2017-03-24,98.75999927992245,99.15233997117063,98.18717923657682,98.46182250976562,6490300
2017-03-27,98.21071794190952,98.97970229126643,98.20286945236491,98.7129135131836,5004300
2017-03-28,98.57167751699605,98.69722342525863,97.91254204202502,98.60306549072266,5287600
2017-03-29,98.12443522868513,98.344145116032,97.58300301583361,98.02242279052734,3971800
2017-03-30,97.88115222280948,98.42258428275832,97.52019951172483,97.8183822631836,4711700
2017-03-31,97.38680158812475,97.95177311079811,97.32402564412915,97.73206329345703,5657600
2017-04-03,97.87332218123284,98.32843288302514,97.5202119284893,97.84193420410156,4956400
2017-04-04,97.700681528252,97.90469437923308,97.47312320679411,97.83407592773438,5358500
2017-04-05,97.86546196829559,98.55597942254242,97.62221265796937,97.92823791503906,5646300
2017-04-06,97.96748028011231,98.44613645548952,97.69284296308714,98.12442016601562,4324200
2017-04-07,98.17936270052185,98.45400005970544,97.9518043210139,98.02242279052734,3615100
2017-04-10,97.98317746830156,98.04594743615051,97.48098180564274,97.56729125976562,4594200
2017-04-11,97.50452488025735,97.92040511745388,97.261269544304,97.47313690185547,4161500
2017-04-12,97.72422137484277,98.44612681940306,97.58297848467716,98.3990478515625,5556600
2017-04-13,98.18718646567487,98.59522416713558,98.05379205762377,98.07733154296875,5396500
2017-04-17,98.10085073901368,98.72074966701553,98.03023229758408,98.65013122558594,5367500
2017-04-18,96.65705672736021,96.80614811160962,94.90721454162126,95.58988952636719,13485700
2017-04-19,95.80959997147654,95.95084286622802,95.0327670436655,95.23678588867188,6993100
2017-04-20,95.62128664069263,95.84884499069109,95.2210974054095,95.62913513183594,6330100
2017-04-21,95.55849189587705,95.76251071897556,95.37017005197876,95.54280090332031,6021700
2017-04-24,96.1391472791035,96.68057927514371,95.84881903850236,96.42948150634766,5679000
2017-04-25,96.7825860210961,97.1043082188847,96.52364574902778,96.85321044921875,5090000
2017-04-26,97.13571784471684,97.50451908571566,96.89246850986417,96.91600799560547,5021800
2017-04-27,96.970920164751,97.54373418293314,96.82967728593398,97.09646606445312,4225200
2017-04-28,97.18278215987675,97.22201862129118,96.6178106407123,96.88460540771484,4381800
2017-05-01,96.8296929905645,97.12786978903077,96.51581921043744,96.78260803222656,4556400
2017-05-02,96.92384347389236,97.09647433900736,96.42949634922627,97.0650863647461,4881600
2017-05-03,96.97877023652276,97.0650856684611,96.54719906347503,96.7747573852539,3736500
2017-05-04,97.05725573802535,97.26126861572266,96.69630296981703,97.26126861572266,3753700
2017-05-05,97.14356633551208,97.14356633551208,96.40596385351444,96.91600799560547,4139800
2017-05-08,96.93170020831693,97.14356755593916,96.53151098575394,96.71199035644531,3608600
2017-05-09,96.69628474797013,96.88460659445052,96.4216414879919,96.68058776855469,3762500
2017-05-10,96.44520267290542,96.5629001044823,96.02931646363717,96.36672973632812,4237400
2017-05-11,96.12345500112397,96.68057798110067,95.9979031250849,96.6727294921875,4095900
2017-05-12,96.60212519744178,97.3789580875963,96.52365825674885,97.01800537109375,4097100
2017-05-15,97.622231833772,99.9370399481771,97.55945587469753,99.6467056274414,9854600
2017-05-16,99.92132242936403,100.72954327974699,99.70161260440287,100.25873565673828,7233800
2017-05-17,100.25875547184454,100.3529194097143,99.2229761018568,99.3956069946289,6480800
2017-05-18,99.23081511906467,100.33721883347968,98.83847439536761,99.6310043334961,6571300
2017-05-19,99.67808050052153,99.96056629256823,99.21512133317201,99.654541015625,6957200
2017-05-22,99.36420553136003,100.16458392802733,99.36420553136003,99.85855865478516,4858200
2017-05-23,99.89780152397478,100.55693112143504,99.89780152397478,100.06258392333984,3972500
2017-05-24,100.2744431243078,100.43922551026324,99.88210239965832,100.05473327636719,3965200
2017-05-25,100.11002939494342,100.80513209473001,99.78617965864304,100.73403930664062,5294300
2017-05-26,100.49707334816394,100.84461865767322,100.18111813614642,100.25220489501953,4005200
2017-05-30,100.07840415822083,100.62342661176851,99.67556723949187,100.40225982666016,3665400
2017-05-31,100.59186709157171,101.73720411162236,100.59186709157171,101.30276489257812,8813500
2017-06-01,101.35804941846064,101.72138977050781,101.20006277563458,101.72138977050781,5790900
2017-06-02,101.93467976774126,102.79565167803504,101.76090407265745,102.74826049804688,6562600
2017-06-05,102.66136668201446,103.09580589446666,102.52708766229105,102.96942138671875,4634700
2017-06-06,102.82722000174792,103.7355949523276,102.708742076871,103.34065246582031,5619100
2017-06-07,103.47493707427104,103.85407850711854,103.14318681394336,103.2774658203125,5765200
2017-06-08,103.2774738113953,103.7908942903378,102.6534699037872,103.11949920654297,8101700
2017-06-09,102.97730048133198,104.02784894590873,102.92990931119424,103.89356994628906,5992500
2017-06-12,103.8935843515336,104.13055228776706,103.80669651000434,104.1226577758789,8020700
2017-06-13,104.06732921674288,104.8414129966959,103.79086469755936,104.28060150146484,5733800
2017-06-14,104.6676614232272,105.49704311872695,104.6676614232272,104.87303924560547,7329400
2017-06-15,104.26482097702821,105.33117055809602,104.11474089719168,105.08629608154297,5265000
2017-06-16,105.6234393785642,106.3185421421304,105.0863112287111,106.1210708618164,12639600
2017-06-19,105.96306727820698,106.38170536142104,105.4417523414517,105.89988708496094,7488700
2017-06-20,105.76560258263146,106.44490420265679,105.76560258263146,106.01837158203125,5201200
2017-06-21,106.07367091179043,106.72138251654944,105.86041060039099,106.56340789794922,5841100
2017-06-22,106.98992372425121,108.2142479178006,106.8477502057083,107.46385955810547,7311000
2017-06-23,106.98992362297318,107.82719981632606,106.88724676613012,107.76400756835938,9007100
2017-06-26,107.80350792407059,108.13525819774718,107.58234107495286,107.69292449951172,5561800
2017-06-27,107.81930514923404,108.00097532894506,106.6265831088955,106.64237213134766,6120500
2017-06-28,107.38485455343113,107.58232578727439,105.50493660307079,105.70240783691406,6557900
2017-06-29,105.37068655829393,105.63135013471589,104.509714536371,104.77037811279297,5750000
2017-06-30,104.81772931481531,105.21267178552124,104.48597908574486,104.4938735961914,5264400
2017-07-03,104.88882780182324,105.30747795608264,104.77824437976105,104.97571563720703,2931000
2017-07-05,105.03889187818164,105.8919690266636,104.59655825734372,105.56021881103516,4302700
2017-07-06,105.53652403334297,105.82088308500697,104.58866454535875,104.67555236816406,4282200
2017-07-07,104.98362614145067,105.05471290415386,104.01996540473124,104.69136047363281,4994100
2017-07-10,104.8493508637981,104.9520277293538,103.65661666783687,103.90938568115234,4019600
2017-07-11,103.81456789415276,104.0989269437456,103.06417964049277,103.6565933227539,3733100
2017-07-12,104.29640735227696,104.96781440568445,104.08314708582466,104.44648742675781,5053200
2017-07-13,104.34381257746061,104.4385949199248,103.46703975160146,104.15423583984375,4424400
2017-07-14,104.26481845839288,105.05470344671403,104.0594527003972,104.73875427246094,4383100
2017-07-17,104.82564651759574,104.9994101338704,104.06735159369197,104.38330078125,4939400
2017-07-18,103.9646491884122,106.59496741516894,103.538116635308,106.20793151855469,10256000
2017-07-19,106.5080579298947,106.95829802747097,106.25530107460314,106.80032348632812,5503300
2017-07-20,107.21109827523391,108.2774479517396,107.12421043453575,107.8746109008789,6088600
2017-07-21,106.89514220078868,107.63763605495008,106.71347201924569,106.87934112548828,6773500
2017-07-24,106.6265724122015,106.76085140570748,104.9362191223502,105.06259155273438,8306700
2017-07-25,105.63921514211572,105.72610296674114,103.83037189837404,104.17002868652344,6262900
2017-07-26,103.99625605524623,104.45439077541285,103.27745785363891,103.43543243408203,5382200
2017-07-27,103.35645354003329,103.59340938978711,102.34540173878968,103.34065246582031,5838100
2017-07-28,103.58551577761567,104.25692283157771,103.09579094695856,104.1463394165039,4970900
2017-07-31,104.37540710759933,105.51284347623829,104.3438170096656,104.83354187011719,5440800
2017-08-01,105.18899059955382,105.33117617586764,104.48599338757992,104.66766357421875,3837600
2017-08-02,104.3280125874551,104.65976284221723,103.86987783963447,104.39120483398438,4032100
2017-08-03,104.19372525776068,105.37064610384667,103.87776405036121,105.33116149902344,4327300
2017-08-04,105.63922224177443,105.85248250980679,104.89672842738169,105.1968765258789,3192800
2017-08-07,105.12578484836621,105.43383949601295,104.66765013215272,104.9441146850586,3010800
2017-08-08,104.65976618995306,104.89673410884546,103.79088783824388,104.47809600830078,5535800
2017-08-09,104.90462365170563,105.37855946704411,104.55707232748254,105.23637390136719,6332300
2017-08-10,105.08628154279874,105.72609843453364,104.5570601073803,105.12577819824219,5607900
2017-08-11,105.56021478259639,106.23162175104463,104.85721772215982,105.13368225097656,4270600
2017-08-14,106.00256367935175,106.13684268187623,104.95201519204886,105.43384552001953,3041100
2017-08-15,105.72613591395265,105.79722268733855,105.2127033165525,105.35488891601562,3931800
2017-08-16,105.90776457286731,106.61076162344649,105.73398893765119,105.97885131835938,4469900
2017-08-17,105.98676450787339,106.42911023627688,105.0784015704369,105.08629608154297,5741400
2017-08-18,104.79404890031626,105.67082179430872,104.56498753733149,104.76245880126953,4792800
2017-08-21,104.48598463638152,105.56812320674243,104.41489788052314,105.41014862060547,4660000
2017-08-22,105.26797695314508,106.46859347097097,104.97571130834856,106.39750671386719,4150300
2017-08-23,106.18421740046284,106.23162061696944,104.77822329459937,104.89671325683594,5129900
2017-08-24,104.91251827943528,105.11788401461699,104.47807917358254,104.96780395507812,5398400
2017-08-25,104.85650580972867,105.37319208742437,104.62597528261743,104.67366790771484,4133300
2017-08-28,104.67367738234252,105.02343950385631,104.52265476564922,104.72138214111328,5349200
2017-08-29,104.58624438824253,105.28575647119345,104.37161543594732,105.09498596191406,3277900
2017-08-30,104.92807239839233,104.92807239839233,104.05366694332899,104.18881225585938,5430800
2017-08-31,104.44319033672761,105.32554063400576,104.33190345821326,105.22219848632812,7407100
2017-09-01,105.405011500024,105.44474727415826,104.08545873199375,104.15699768066406,3820800
2017-09-05,103.91059027914078,104.27624192521006,103.11568063020572,103.25875854492188,5146600
2017-09-06,103.76749984461298,104.13316361866502,103.50519033528704,103.87084197998047,5601900
2017-09-07,104.02184013249173,105.34139259125607,103.53694493399902,105.07907104492188,3800200
2017-09-08,104.928075042769,105.19834141592395,104.02982324623532,104.11726379394531,4854400
2017-09-11,104.42728007605278,105.99325310544216,104.14906896754424,105.88992309570312,5724200
2017-09-12,106.38275261405418,106.42250051969805,104.87241710509218,105.42886352539062,5465200
2017-09-13,105.46066295559999,106.319166842449,104.80884334278576,105.28578186035156,4679500
2017-09-14,105.0393622221066,106.89150318957128,104.92013062458352,106.66097259521484,6274500
2017-09-15,107.14586909896364,107.67051239229099,106.66097371501424,106.87560272216797,15522000
2017-09-18,106.8676511810716,107.92488243047808,106.60532955112639,107.6148681640625,5260800
2017-09-19,107.32870664967596,107.94077836021373,106.79611862823403,107.48768615722656,4903800
2017-09-20,105.92171924584335,106.74842001035609,105.19834849604493,105.89787292480469,8705500
2017-09-21,105.96941207200146,106.37482378908223,104.43524214550428,104.72935485839844,6051800
2017-09-22,104.92014222988627,105.23810127802345,104.3478062397512,104.44319152832031,4334900
2017-09-25,104.5067629574322,104.73728139762186,103.9980213138187,104.2682876586914,6017400
2017-09-26,104.53061957278189,104.88038176147946,103.99008682978288,104.0854721069336,4516200
2017-09-27,104.13315571985262,104.20469467151507,102.885141848294,103.13951873779297,5796100
2017-09-28,103.2667162295516,103.55288419062975,102.7738639953089,102.91695404052734,3992700
2017-09-29,103.00438610471805,103.71185515448573,102.58308499246077,103.34619140625,5736900
2017-10-02,103.46544971959649,104.39549261537948,103.35416284649493,104.30805206298828,4492900
2017-10-03,104.64983411086298,105.24601625459222,104.41931568553798,105.00755310058594,3900800
2017-10-04,105.24601852225575,105.86604699474495,105.00755536311146,105.63552856445312,3589000
2017-10-05,105.63551004383687,105.96937053746159,105.21420903073748,105.87398529052734,3741100
2017-10-06,105.72299181761475,105.92171924584335,105.30963537067856,105.89787292480469,2469500
2017-10-09,106.24763247840667,106.37482094033409,105.85812236226371,106.08069610595703,3750500
2017-10-10,106.16811867097633,106.6212229413207,105.65937703881406,106.43838500976562,4184600
2017-10-11,107.21738582816285,108.96618411613296,106.8119742635306,108.6243667602539,8269400
2017-10-12,108.37797648540716,109.31597615990115,108.12361171003553,108.76748657226562,5172800
2017-10-13,108.58463869223317,109.23645815179971,108.37795446679142,108.44949340820312,4106600
2017-10-16,108.4654084668103,109.10928327820598,107.74203784662313,108.20308685302734,5120100
2017-10-17,109.43517734727745,112.1776123941286,108.95028212054947,111.91529083251953,11717300
2017-10-18,111.91529849771666,112.54328376894962,111.34297484060832,111.8278579711914,6827700
2017-10-19,111.85174685963655,113.65618310735623,111.71660153965689,112.90896606445312,9181300
2017-10-20,113.17922467801023,114.1649047491015,112.74202200324052,113.19511413574219,5634500
2017-10-23,112.98048675748768,114.74518674975221,112.94073885814993,114.1648941040039,6686000
2017-10-24,113.97416603500903,113.97416603500903,112.02662740645196,112.59101867675781,6585800
2017-10-25,112.2094258627894,113.85488219019486,112.05044639159101,113.16331481933594,6563600
2017-10-26,113.28254658052904,114.26823871058333,112.38430710854021,112.72611236572266,5841100
2017-10-27,112.08224205403235,113.4335858089543,111.44631201367005,112.7022705078125,5140100
2017-10-30,112.14584972430436,112.24919185545046,110.74681317116067,111.28734588623047,6034300
2017-10-31,111.30323176778164,111.49400228530475,110.4765190939935,110.8183364868164,4832100
2017-11-01,111.15221463568126,111.75634158583199,110.76270455175349,111.27144622802734,5006800
2017-11-02,111.37479476030933,111.51787267934557,110.57988508737282,111.23170471191406,3494100
2017-11-03,111.0726984605749,111.60528635768978,110.7308932055999,111.35092163085938,2737000
2017-11-06,111.29530793967264,111.67687334667083,111.06478945280125,111.0965805053711,4220700
2017-11-07,111.35093510408299,111.40657246725823,110.42089235366062,111.1045150756836,4201900
2017-11-08,111.04890012799885,112.7738529927468,110.85812953278776,112.33666229248047,4440700
2017-11-09,111.97097420244134,112.40817693744624,111.12837191099119,111.5655746459961,3517100
2017-11-10,111.39071886818144,111.39071886818144,110.18245252484031,110.93761444091797,4240800
2017-11-13,110.50039820246643,111.3032647998351,110.03140436856117,111.0965805053711,4322300
2017-11-14,110.94553697155902,111.50991598635609,110.4288384619665,110.88194274902344,4078200
2017-11-15,110.67521411227007,111.15216452534924,110.29366105941845,110.57188415527344,4811500
2017-11-16,110.8263018540971,111.03297399635385,110.20627329796822,110.38909912109375,4193800
2017-11-17,109.93601562273419,110.38116312086704,109.61009972968706,109.69754028320312,4247400
2017-11-20,109.81677258763803,110.14268848276069,109.49086882187505,109.64189147949219,4266300
2017-11-21,110.055244506432,110.69911941669274,109.8485723529407,109.96780395507812,5660600
2017-11-22,109.9359993881176,109.99959361122535,108.58465550281188,109.13313293457031,3917000
2017-11-24,109.30007530441014,109.99959966775309,109.14904053238305,109.70547485351562,2606800
2017-11-27,109.97738658259323,110.61721094740366,109.95339423673087,110.44926452636719,3933100
2017-11-28,110.60923729344825,112.3927378078946,110.56924597533376,111.98485565185547,5052800
2017-11-29,112.14479094392877,112.47270261539659,111.1290702022861,111.81687927246094,5851400
2017-11-30,112.01682513597947,112.1927771472516,110.7531753294047,111.43299102783203,8941900
2017-12-01,111.62495845063353,112.39273806417994,110.84917325126382,111.9528579711914,5990500
2017-12-04,112.46471293567296,113.16852107081776,111.11308695051383,111.17707061767578,5916700
2017-12-05,111.80087966312014,112.61665604482333,111.32901391634115,111.70491027832031,6745300
2017-12-06,112.64061451231629,113.53637324769358,112.12076422949178,112.81656646728516,5591700
2017-12-07,111.97683715820312,113.16850996028094,111.37700406654086,111.97683715820312,4713100
2017-12-08,111.96881580549673,112.57664212656175,111.80886279507251,112.44068145751953,5101300
2017-12-11,112.68865659170253,112.90459995618554,111.83290092356788,112.88060760498047,4358600
2017-12-12,114.04825592041016,114.82404093251986,113.60037034970954,114.04825592041016,8016700
2017-12-13,113.96826160648813,114.7120486139657,113.73633156650139,114.2801742553711,6118400
2017-12-14,114.78405176082757,114.86402217578738,113.25647405257494,113.28845977783203,5337900
2017-12-15,113.95229657808693,114.48015266527499,113.3924547599949,113.93630981445312,12517000
2017-12-18,114.0162890878296,115.00801767369032,113.08854417237643,113.40846252441406,5833200
2017-12-19,113.48040916428185,113.87230446413524,113.0565281396156,113.3924331665039,6580100
2017-12-20,113.77633908595868,114.0322737354469,112.83260752415138,112.89659118652344,6289800
2017-12-21,113.24044739417437,113.70431962058035,112.78458074985046,112.81656646728516,6284700
2017-12-22,112.76862744073118,113.04855444703851,112.0008356715348,112.0648193359375,4665600
2017-12-26,112.33678910564255,112.40076058699233,111.7129512279013,112.04086303710938,3271100
2017-12-27,112.30470871953813,112.88854263647883,112.1287567658906,112.4246826171875,3753600
2017-12-28,112.52870115924391,112.76863686990731,112.23278736482011,112.41673278808594,2485000
2017-12-29,112.7526110353664,112.93656861843682,111.63292759057995,111.7448959350586,4452900
2018-01-02,111.69693039082522,111.92886049998768,110.94513757604781,111.35301971435547,6842100
2018-01-03,111.45700214906948,112.51270219089643,111.08909909890063,112.41673278808594,5350500
2018-01-04,112.3287392981669,112.88058768577764,112.1447939035084,112.40872192382812,4837600
2018-01-05,112.52067996565917,113.42443229753884,112.19276831558886,113.33645629882812,6158800
2018-01-08,113.32847854245951,113.56841425273497,112.7046530179256,113.48043823242188,5129800
2018-01-09,113.8643280369103,116.51158982478115,113.77635201660475,115.27993774414062,8897000
2018-01-10,114.80803116353933,115.29589579324448,114.62408580587002,115.14393615722656,6558600
2018-01-11,115.2719075321893,115.88772727393533,114.92000356340114,115.79975128173828,4962200
2018-01-12,115.95974923726517,117.10342525500653,115.88775998432376,116.57556915283203,5450600
2018-01-16,117.10339539904435,118.4150297343938,116.79148272794397,117.4552993774414,8804000
2018-01-17,118.23907852895793,118.62298043719052,116.35160352619896,117.55126953125,10619700
2018-01-18,117.51129690916194,117.91919122606414,116.74351737787951,117.50330352783203,5554800
2018-01-19,117.93522251792857,118.08717002665877,117.10344689347801,117.85523986816406,8738800
2018-01-22,117.57527440250576,118.4790267944336,117.34334431974962,118.4790267944336,7010400
2018-01-23,117.53530409834246,117.91919387259956,113.26448307064311,113.43244171142578,17473600
2018-01-24,114.76805785279304,114.81604254460984,113.40843870223253,113.62438201904297,13034400
2018-01-25,113.81629957621428,115.69578101302297,113.73632917263394,115.48783111572266,7938800
2018-01-26,115.56784218382634,116.44760226529583,115.27192843080275,116.23165893554688,8065600
2018-01-29,115.84774510066234,115.919722127743,114.79203322228093,114.91199493408203,8013400
2018-01-30,114.68810828234972,115.02402562914412,113.91232299804686,113.91232299804688,8376100
2018-01-31,114.02430061660236,114.02430061660236,110.44929369535735,110.52127075195312,13137400
2018-02-01,109.99340516466856,112.50470617643302,109.56952404065625,111.98485565185547,9393600
2018-02-02,111.1850763451233,112.25677531327007,109.87344167572243,110.11336517333984,9262500
2018-02-05,109.23363024649872,109.5695353868979,97.69283879342642,104.28300476074219,19954100
2018-02-06,103.97909115624658,106.36243741488931,102.37154242245397,105.4346923828125,19193500
2018-02-07,105.48264686418993,106.71429876142332,105.05077241295196,105.10675048828125,10550400
2018-02-08,104.69888890987879,104.97081036595372,100.8599539757678,101.05989837646484,11680200
2018-02-09,101.98762975378601,104.7068746244884,100.3240970991961,103.59518432617188,15030900
2018-02-12,103.97108361762253,105.02679586287039,102.11559990790384,104.18702697753906,9963900
2018-02-13,103.33928414411731,104.45097468218161,102.9313896982722,103.93911743164062,6339000
2018-02-14,103.5231926693258,103.97905945931737,102.68342392565856,103.70713806152344,6259700
2018-02-15,104.0510555787042,104.9947871523406,103.49120157684023,104.95479583740234,5606400
2018-02-16,104.7388691896859,107.5300849188523,104.64288758899556,106.49037170410156,7970100
2018-02-20,106.2664250040577,106.73029738568628,104.49892368810191,104.6668701171875,6563500
2018-02-21,104.610887403485,105.91451628000796,103.8590946874096,103.89908599853516,6578000
2018-02-22,104.05104565863144,104.78683940952965,103.55517536721706,103.89908599853516,5732200
2018-02-23,104.04304729510294,105.63460884073486,103.98706921854993,105.58662414550781,5126800
2018-02-26,106.01320688018116,107.38153213250006,105.4417234331638,106.30297088623047,6684400
2018-02-27,106.41567793451263,107.12398054142845,105.92468916517147,105.98102569580078,7158600
2018-02-28,106.2063866972629,106.51225214981508,104.53219583777647,104.54025268554688,7985900
2018-03-01,103.92048366008827,104.73342701961302,101.83579259286321,102.44751739501953,9424000
2018-03-02,102.14969801468665,103.92047271653364,102.14969801468665,103.68705749511719,6910400
2018-03-05,103.53412317269199,104.87830252088743,103.17190893415228,104.4677963256836,5799800
2018-03-06,104.63684332286965,104.79782062547173,102.96265235589003,103.2041244506836,5546500
2018-03-07,102.60849418307215,104.09755562543069,102.43946004351449,103.86412811279297,6391700
2018-03-08,104.09757424654596,106.4881249169801,104.09757424654596,106.2949447631836,6423400
2018-03-09,106.65714628315976,107.71157413380166,105.89249480268599,107.69547271728516,7557800
2018-03-12,107.69546088728839,108.04156147279068,106.50421411334862,106.75373077392578,4942000
2018-03-13,107.69547909729249,108.97526544607031,107.41375955958432,108.13817596435547,9152300
2018-03-14,108.85451436663762,109.22476092402823,106.16614313351249,106.50421142578125,6770600
2018-03-15,106.68935186783925,108.04963297668459,106.62495848189468,107.09984588623047,6147200
2018-03-16,107.18032317675573,108.17838979136451,106.32713244551383,107.59886169433594,14233500
2018-03-19,107.33326049249777,107.42984441886756,104.12170984111025,104.83002471923828,6017000
2018-03-20,105.26465832759196,106.06955708359543,104.13780498189922,105.61077117919922,6214300
2018-03-21,105.76370266473742,106.87446699412277,105.16808538346949,105.59468078613281,5158700
2018-03-22,105.01514800651255,105.18416987766152,102.30263682460487,102.52800750732422,7560100
2018-03-23,102.72923359654708,102.86607106223897,100.53186326945162,100.69284057617188,8452500
2018-03-26,101.7472515713836,102.6567849270333,100.78136940928843,102.53604888916016,8358200
2018-03-27,102.31070091239637,103.91245416428451,101.73117271481789,102.39118957519531,7789900
2018-03-28,102.72924789729981,103.84806305604909,102.39119182159274,102.58436584472656,6868500
2018-03-29,103.00288262017541,103.63874715831766,102.07724793194221,103.14775848388672,6119400
2018-04-02,102.88215798492303,102.9304499448408,99.43719231727933,100.25818634033203,8916900
2018-04-03,100.7572278397069,103.42144693272249,100.35477845644252,103.30876159667969,8035000
2018-04-04,102.14166133664295,105.53832919372209,101.73116121959454,104.96685791015625,7717100
2018-04-05,104.96683331346767,105.602697827352,104.23437261234868,105.20830535888672,5621700
2018-04-06,104.81391000538194,105.1519659865645,101.74724791443059,103.10752868652344,6399300
2018-04-09,103.5502247645963,105.55442717979177,102.769478094052,104.21829223632812,6395800
2018-04-10,104.83808135986328,105.36931757964086,104.06537301457021,104.83808135986328,6019300
2018-04-11,103.94463780257888,104.91857082260408,103.85609843712204,104.33904266357422,4575400
2018-04-12,104.70927803966072,105.6912555215843,104.52415476146282,104.98294067382812,4559800
2018-04-13,105.51417528618008,105.77979335025351,104.33902997676708,105.13587188720703,4742300
2018-04-16,105.77173674439854,106.9549387670539,105.66709598755261,106.0534439086914,6379600
2018-04-17,106.33516131639132,106.4075992473827,103.67899331069867,105.07146453857422,11008700
2018-04-18,104.38734872070508,104.55637062553166,102.17387656727803,102.80169677734375,9383600
2018-04-19,102.72925083538424,103.24439181329342,102.1336273314999,102.66486358642578,5959500
2018-04-20,103.02704778701786,103.26851988662492,101.5540814893741,101.948486328125,7743900
2018-04-23,102.1255760405903,102.46363826493109,101.24018842831747,102.08533477783203,7501900
2018-04-24,102.17385690780075,102.59240158701428,100.86186791731389,101.57018280029297,6577500
2018-04-25,101.34479093490583,102.10139148237998,100.83770086041147,102.0289535522461,5859600
2018-04-26,101.9162849223246,104.00902050547313,101.9162849223246,103.03508758544922,8211100
2018-04-27,102.80973862514409,103.66292334840544,102.62460917718526,103.244384765625,4266800
2018-04-30,103.71928115437787,103.81586510003805,101.8116683959961,101.8116683959961,8219400
2018-05-01,101.67480961557916,101.93237696933866,100.58819753380912,101.42529296875,5122600
2018-05-02,101.03088384971488,101.56211994842651,99.1635190794171,99.40499114990234,7390800
2018-05-03,99.24402900563254,99.5579390606242,97.6181299168591,99.02670288085938,7282900
2018-05-04,98.68059584396266,100.2179555649001,98.03668046114221,99.96038818359375,6127600
2018-05-07,99.92013667733251,100.80552413036486,99.26011990606581,99.4774398803711,6707900
2018-05-08,98.88986146840867,99.39694547301946,97.94813139946429,98.68863677978516,5951800
2018-05-09,98.99449699548795,99.84769385881124,98.62424430196245,99.41304779052734,6808600
2018-05-10,99.98451727983617,101.4574833714572,99.80743858367761,100.89405059814453,4948000
2018-05-11,101.23210405185166,102.70507010672212,101.22405948651043,102.4153060913086,5716700
2018-05-14,102.50386589325838,102.71314131079632,101.09529292535485,101.46554565429688,6101600
2018-05-15,101.04698376645752,101.28040512689918,100.12939973762604,100.71697235107422,5875700
2018-05-16,100.96649467425019,101.33674733854093,100.61233728193307,100.89405059814453,3818100
2018-05-17,101.00673223927903,101.0872208779899,99.4452329974416,99.68669891357422,6473400
2018-05-18,99.63036529656485,100.16160141388193,99.22791592558768,100.00061798095703,5433900
2018-05-21,100.30650251893061,100.60431117994975,99.26013149893528,99.58209228515625,5558700
2018-05-22,99.64646650428631,100.00061777420878,98.80937107747768,98.93010711669922,7172700
2018-05-23,98.89792468296847,99.78331219670834,98.79328390148068,99.36476135253906,4940800
2018-05-24,99.1796482168138,99.3164795625894,97.83546846289501,98.39889526367188,6923600
2018-05-25,98.56916048907142,99.57464175690465,98.22048683044626,98.49618530273438,4594800
2018-05-29,97.7096111903408,97.95287410771152,96.18518130925882,96.81765747070312,9821900
2018-05-30,97.40150716727072,98.58537420056147,96.93120204561927,98.09074401855469,6423700
2018-05-31,98.05019596808914,98.31778399897492,96.93119991134088,96.9960708618164,10337500
2018-06-01,97.61232911409725,98.37454733782293,97.279876309695,98.32589721679688,5741000
2018-06-04,98.8042827695126,99.22593767161337,98.13126072075025,98.88536834716797,4853000
2018-06-05,98.96646709124751,99.38000542238619,98.03396741636003,98.5042724609375,5125400
2018-06-06,98.90162407997236,99.56653594970703,98.48807944561447,99.56653594970703,6799300
2018-06-07,99.73680649250144,100.13413024957885,99.14486987827898,100.00439453125,7414100
2018-06-08,100.02871576044424,101.23690781671249,100.00439070084145,100.59632110595703,6208100
2018-06-11,100.76661303390566,100.82337357427247,99.37192458683019,99.46112060546875,5571400
2018-06-12,99.86654061093705,99.882755254551,98.88538454535714,99.36380004882812,5227300
2018-06-13,99.858453163857,100.62066531770596,99.29895194076012,99.43679809570312,5836900
2018-06-14,99.50166441017453,99.85844849941834,98.998923755916,99.25840759277344,5239200
2018-06-15,99.00701817899635,99.51786916724345,98.30967094617823,99.42056274414062,13173500
2018-06-18,98.60971008174712,98.77188129286804,97.50692852410646,98.37455749511719,6787400
2018-06-19,97.8393824171808,99.8746576116607,97.76640104549996,99.38813781738281,8572400
2018-06-20,99.26650176884486,99.46111462677699,98.65024627803014,98.9583740234375,6277200
2018-06-21,98.78810681612408,99.12055967063678,98.2042805300735,98.47997283935547,4417200
2018-06-22,98.66647435658086,100.04494826255824,98.64214929263609,99.6070785522461,9501400
2018-06-25,99.59082979633872,100.08545988192849,98.52859445831805,99.40432739257812,8170500
2018-06-26,99.32326075719843,99.64760932892698,98.60158843298046,99.2097396850586,5496400
2018-06-27,99.03135189473272,99.71248454312358,98.47996115515336,98.60970306396484,5666000
2018-06-28,98.74754943546542,99.25840046957371,98.1718336332329,98.92594146728516,5296800
2018-06-29,99.12055276521764,99.88277105073068,98.2691446460717,98.3907699584961,7308700
2018-07-02,98.39076007161145,98.70700441144186,97.39339549134228,98.58537292480469,5481400
2018-07-03,98.64215222481528,100.10982219984086,98.3259140112621,99.50167083740234,4248100
2018-07-05,100.22333401661925,101.4558574614916,99.92331666490249,101.35855102539062,7319100
2018-07-06,101.48828072968507,102.10453619154181,101.0423006842572,101.96669006347656,7297900
2018-07-09,102.34780707622808,102.7775663242831,101.84506645762396,102.2099609375,6706100
2018-07-10,102.46944137616534,103.40193508193082,102.25861386111359,103.28841400146484,5075600
2018-07-11,103.31273429579862,103.33705935525718,102.21805712868938,102.364013671875,4827400
2018-07-12,103.55601171905155,103.96145214110454,103.1181420022124,103.5965576171875,6199000
2018-07-13,101.61803302392433,103.38572647702817,101.61803302392433,102.11266326904297,8250200
2018-07-16,102.1694055962027,102.25049118875411,100.67741089666717,101.10717010498047,7314400
2018-07-17,104.22090278170681,105.85074362881072,103.43435953202835,104.69120788574219,12858700
2018-07-18,104.44794747255884,104.64256032573991,103.11812390799345,103.62897491455078,7152000
2018-07-19,103.41004343985232,103.54788957961236,102.06400514693192,102.12076568603516,5984600
2018-07-20,101.60181660336418,102.28294311406832,101.45586003872256,102.04779052734375,5835500
2018-07-23,101.96671291719845,102.72082086257232,101.72344989490921,102.6802749633789,4631100
2018-07-24,103.17487792259314,105.10474219640751,103.10190274708829,104.8939208984375,7158800
2018-07-25,104.71554694827105,104.78852213636226,103.50735473831439,104.29389190673828,6523000
2018-07-26,105.33176635524119,106.4021182381875,105.29123284656532,105.63990020751953,7640600
2018-07-27,105.39668453982182,107.25358034022298,105.3642552437701,106.66975402832031,6620400
2018-07-30,106.85622431911858,107.43194626014042,106.4264651069922,107.1724624633789,11013100
2018-07-31,107.26164785284817,107.55356090887084,106.84810951217739,107.45626068115234,7598900
2018-08-01,107.35087175816665,107.81307270571199,107.09950452264006,107.5535888671875,5770400
2018-08-02,107.75628373185705,107.84547973632813,106.29671837363392,106.42646026611328,6563300
2018-08-03,106.36971506166114,107.60223854375788,106.1426728903368,106.99408721923828,6498700
2018-08-06,106.74273117728863,107.46440366314147,106.23188005180829,107.05086517333984,5840000
2018-08-07,106.93732684867304,107.17247323686632,106.4670216994168,106.59676361083984,4664600
2018-08-08,106.62108660100749,106.87245381646208,106.13456062905901,106.36160278320312,3721500
2018-08-09,106.66161756312165,106.80758030035322,105.9561660562983,106.38592529296875,4057800
2018-08-10,106.37781828589539,106.7346023310681,105.62370430444052,106.02103424072266,4324000
2018-08-13,105.99670459459237,106.14265494882902,105.29125313671206,105.59127044677734,3778000
2018-08-14,105.14529241720739,105.79398954067106,104.88582099154304,105.0074462890625,4542800
2018-08-15,105.21016637497573,106.01293048016208,104.54524840187551,105.76155090332031,5377300
2018-08-16,106.23998243519318,107.74819817118316,105.8750941256361,107.42384338378906,7861500
2018-08-17,107.39950291122169,109.46721953252072,107.18868160931754,109.03746032714844,6700900
2018-08-20,109.41044288711818,111.18624626697812,108.65634138217335,110.99164581298828,7935000
2018-08-21,111.088965444002,111.43763290021394,109.71049170503714,109.75103759765625,5832100
2018-08-22,109.9213388848646,110.01863915174603,108.99694923087452,109.15101623535156,4688400
2018-08-23,109.15099281311795,109.86456094478609,108.73745439473912,109.55642700195312,5057600
2018-08-24,109.55642238904963,110.3997200222569,109.32938024269117,110.237548828125,4809400
2018-08-27,110.60486323580653,111.05381535624159,109.55187776726167,110.13142395019531,4325900
2018-08-28,110.01716371464988,110.11511239080467,109.29068197074345,109.64168548583984,6037500
2018-08-29,109.64166943321241,110.14775412634972,109.33148206370338,110.08245086669922,4648700
2018-08-30,109.95185390263926,110.68650629605904,109.8702341624755,110.15592193603516,4821900
2018-08-31,109.87024881460702,110.1967527294528,109.35599331616527,109.94371032714844,6139500
2018-09-04,109.94369382727734,109.99266816162175,108.92335367735507,109.15190887451172,4406800
2018-09-05,108.95599584357555,110.96403067928526,108.93967936949508,110.89872741699219,6174800
2018-09-06,110.60487853726994,112.08232916546932,110.34366546548948,111.7231674194336,6562000
2018-09-07,111.6497363306234,112.39254719362359,110.80897676668366,112.09053039550781,6375200
2018-09-10,112.26189485603287,113.02919258146153,111.87824599331853,112.00069427490234,4892200
2018-09-11,112.35169113212444,113.38836018464364,112.00885834541528,113.06184387207031,7856800
2018-09-12,113.38021605351584,114.2699623153082,113.10268646430525,113.75570678710938,6767700
2018-09-13,114.18830871582031,114.66990628724216,113.47815594252626,114.18830871582031,6456100
2018-09-14,114.2781030970779,114.56380333695051,113.54346313072661,113.86180877685547,4534800
2018-09-17,113.73121264297414,114.60461746261404,113.60876433383335,114.24546813964844,5295500
2018-09-18,114.49850280712097,114.96377147551618,114.13934105308954,114.71888732910156,4581200
2018-09-19,114.89848959556146,115.08624120078196,114.31894321166138,114.65361785888672,5049900
2018-09-20,114.94745138872636,116.02492416164809,114.6943965570081,115.89431762695312,5019300
2018-09-21,116.05757441522488,116.83304296278854,115.657609012087,116.62897491455078,13283400
2018-09-24,115.9922706760226,116.31877453469221,114.46583337566643,114.6617431640625,6708000
2018-09-25,114.71072259309634,115.06172608931632,112.9720589529011,113.16796875,7982800
2018-09-26,113.42103371940077,114.27812212641425,112.61293211291603,112.77618408203125,7133300
2018-09-27,113.01288102096463,113.93527257162778,112.29456997097145,112.82514190673828,6450500
2018-09-28,112.7272149472457,113.10269324803318,112.16398504073705,112.78434753417969,6638500
2018-10-01,112.8577717669023,114.15565382255313,112.64554551289585,114.0250473022461,4871800
2018-10-02,114.10666925544476,114.87396700801926,113.99239166178411,114.6698989868164,6439100
2018-10-03,114.71887929456194,115.314766915346,113.36387702924118,113.48631286621094,5411800
2018-10-04,113.09451545649095,113.89445872256262,112.09050414104104,113.7475357055664,4738700
2018-10-05,114.11483735718771,114.48215729594963,113.10265551108255,113.54344940185547,4309300
2018-10-08,113.38019641878007,114.01688769803957,113.15164121367792,113.7801742553711,5174100
2018-10-09,113.24959049059801,113.9679014363298,112.49045099533336,113.62506866455078,4475300
2018-10-10,113.74754038240017,114.65360305710621,112.4251708984375,112.4251708984375,7265600
2018-10-11,112.57211205633287,113.18431626052612,108.46626352330293,109.2498779296875,11603200
2018-10-12,109.70696862781249,109.7151393204707,107.93565961104086,109.27434539794922,6998000
2018-10-15,109.2825204408758,110.44162540998306,108.98049127295495,109.33965301513672,6398700
2018-10-16,109.99268021428006,112.63740665659624,109.99268021428006,111.47013092041016,9592800
2018-10-17,111.20076533891137,114.27811521468381,111.1844488617155,113.83733367919922,8261100
2018-10-18,113.62507285125717,114.12299932618576,112.40883540412942,113.86995697021484,7583900
2018-10-19,112.92310386141848,114.27811883112301,112.57211276070818,113.5026626586914,5924800
2018-10-22,113.14348235589912,113.67405426726545,112.75983345186829,113.20061492919922,4864300
2018-10-23,112.47413620366603,113.86180884927296,112.19660665667458,113.4046859741211,8282700
2018-10-24,113.07001698475365,114.36788665978897,111.9680446461318,112.21292877197266,8279200
2018-10-25,112.20476736301273,113.53528240473231,110.23754862997515,113.0291976928711,9720700
2018-10-26,112.59658695513004,113.7067176226101,110.46611605854422,111.80480194091797,11371400
2018-10-29,111.82111838104,113.54345299358926,111.19258538263044,112.27822875976562,6783000
2018-10-30,112.58841113483477,115.17600479869911,111.82928401750527,114.89030456542969,9646200
2018-10-31,115.09435825943646,115.44534925997051,113.95974061594288,114.26992797851562,9968900
2018-11-01,114.33524462548412,115.56781107293638,114.15566375826268,114.94744873046875,6913500
2018-11-02,115.88614305306947,115.91063021795729,114.00055662476987,114.83314514160156,7673200
2018-11-05,115.09440447745675,116.51472288896895,113.46185973309565,116.07392883300781,5601400
2018-11-06,115.52698559570459,116.58814178259185,115.14333672463518,116.37591552734375,5798900
2018-11-07,116.80854387955003,118.25333654587776,116.70242451958596,118.15538787841797,7173600
2018-11-08,117.79622573002547,119.00430496050207,117.54318336978955,118.60433959960938,5497100
2018-11-09,118.39212449506218,118.96352504800767,117.8533942632078,118.63700866699219,5343100
2018-11-12,118.35129659595435,119.37163672382557,118.1390578779499,118.86553955078125,7013600
2018-11-13,119.33082257941457,119.78793297132553,117.06974533157923,118.0982437133789,7432300
2018-11-14,118.37578643843584,118.61249987311028,117.18402366180044,117.74725341796875,6433100
2018-11-15,117.06156810227891,117.95945981062327,116.30242868112062,117.95130157470703,6657900
2018-11-16,118.12273713533084,119.77976844669037,117.99213061440511,119.16756439208984,8494300
2018-11-19,119.5267342562781,121.16744937698655,119.47775991631525,120.587890625,8714600
2018-11-20,120.40010249280377,121.4204423444377,119.46139481142875,119.54301452636719,8937700
2018-11-21,119.36348255945957,119.36348255945957,114.91480147700433,115.90249633789062,10275400
2018-11-23,115.78822893112427,116.50654007429816,115.58416085930722,116.09840393066406,3404900
2018-11-26,116.64880174734026,116.6898777760111,115.59732059351605,116.13127136230469,7590900
2018-11-27,115.47408679392085,117.75777323911757,114.72654580803446,117.6509780883789,5962100
2018-11-28,118.1520740882273,120.39468448490668,117.76598204662875,120.29611206054688,8411400
2018-11-29,119.62253042083782,120.92045531740315,118.98178443242071,119.81147766113281,6900000
2018-11-30,119.39244377445074,120.75608694830231,119.19529900160087,120.67393493652344,12517600
2018-12-03,119.58142205326853,120.4521784526092,119.06389182041342,120.10716247558594,8827200
2018-12-04,120.19753821180599,122.39086237031385,119.78680306898485,119.95930480957031,9803500
2018-12-06,118.70248713758679,120.30435210414078,117.29776706867324,119.86076354980469,11572500
2018-12-07,119.51572941568111,121.03544208921053,118.3903064779551,119.4664306640625,9444500
2018-12-10,119.43359265890325,119.8361177068217,116.96097102506221,119.32679748535156,6848100
2018-12-11,120.17287605395303,121.75010994733185,119.76214093340755,120.34539031982422,9857400
2018-12-12,120.7561429330441,121.98013828204779,120.7561429330441,120.83829498291016,8869200
2018-12-13,120.72325889474753,122.06224671719545,120.59182066228645,121.4461441040039,6008300
2018-12-14,118.57102475946951,119.42536092448728,106.95543476178038,109.25555419921875,58140200
2018-12-17,105.41107191169824,108.1465569023372,104.18707668707282,106.08467102050781,36933100
2018-12-18,108.47515476430375,109.09125748443273,106.13395941395686,107.13615417480469,24640100
2018-12-19,106.68433808950512,107.9001230928012,104.40065178158387,104.82781982421875,21232100
2018-12-20,104.91819155812017,106.58577532537193,104.12958079334047,105.37000274658203,16609600
2018-12-21,104.98392416950193,107.28404389595505,104.42532402263888,105.2221450805664,19732900
2018-12-24,104.57317952627734,105.14820627240094,99.39791374187901,100.90941619873047,7531900
2018-12-26,101.38584807448035,104.1295617336865,100.22757838010908,104.08848571777344,9253000
2018-12-27,103.39848610618364,104.6635513305664,101.09836637688369,104.6635513305664,9918700
2018-12-28,105.07426971030127,105.7643017581178,104.12136114828296,104.54852294921875,6537200
2018-12-31,105.29605452002966,106.42147732768044,104.6717416194264,106.0107421875,7409900
2019-01-02,105.2549803739964,105.46034792328797,103.73525549538266,104.94281768798828,7631700
2019-01-03,105.26319448413841,105.36998962483267,102.97950825372914,103.27523803710938,8654500
2019-01-04,104.4253169629365,105.68215937425667,104.10494401611886,105.00856018066406,8831700
2019-01-07,104.84425325909693,105.43571915154337,104.16243766593621,104.33494567871094,8404700
2019-01-08,105.29606438396391,107.20188162956251,104.92641149742235,106.75829315185547,9351600
2019-01-09,106.65148590996482,106.98829172661569,105.41928051361026,105.91215515136719,7403500
2019-01-10,104.89352144311636,106.70075319699721,104.89352144311636,106.55289459228516,6224400
2019-01-11,105.96965935326725,106.65969133609097,105.40284289071884,106.58576202392578,5300400
2019-01-14,105.75610149547066,105.9368259822895,104.8114030353461,105.37821960449219,7374400
2019-01-15,105.57534135044581,106.37216835466049,104.86066010322534,106.26537322998047,5194400
2019-01-16,106.3064683008235,106.3064683008235,105.06604646567321,105.18104553222656,6264200
2019-01-17,104.90997518953026,106.39684074998783,104.70460760683976,106.0436019897461,7632000
2019-01-18,106.70897979040276,107.76046070102217,106.33932068715458,107.35794830322266,10593000
2019-01-22,105.31249455948642,106.38040850312585,104.33494912150644,105.80538177490234,10568100
2019-01-23,105.55893816719438,106.21611694286807,105.09070032640629,105.80538177490234,9267800
2019-01-24,105.55073164188519,105.72323339902161,102.6837955574497,104.35137939453125,9917000
2019-01-25,105.25499580396773,105.51785978758272,104.35137344076117,105.3371353149414,7585100
2019-01-28,104.99212996623815,106.09289729547308,104.56496811525848,105.96147155761719,6927700
2019-01-29,105.92857722331699,107.17721540684309,105.55891814917787,107.06221008300781,6669300
2019-01-30,107.0950655222342,108.59014729670959,107.03756912648385,108.13833618164062,7299300
2019-01-31,108.13013677733935,111.05456896345407,107.5058113434665,109.3212661743164,17298100
2019-02-01,110.09345910360967,110.64384273038763,109.64164790710755,110.24131774902344,9575200
2019-02-04,110.04417958164137,110.20024842752305,108.60660639101583,109.15699005126953,7759000
2019-02-05,109.68273060245542,109.9784604459127,109.05019488888001,109.15699005126953,6449800
2019-02-06,109.32127332996185,109.72379830527238,108.68052747351979,109.25555419921875,5066100
2019-02-07,108.80374180684721,108.95982317380651,108.04799061361908,108.47515869140625,6085300
2019-02-08,108.39301326321498,108.81197117582066,108.05620740180659,108.7626724243164,4436700
2019-02-11,108.68876641366461,108.98449631291088,107.8262198296425,108.43411254882812,4962200
2019-02-12,108.4997982265201,110.32346328685995,108.4997982265201,110.20845794677734,6262300
2019-02-13,110.13452797447435,110.8820564132516,109.4280630225498,110.4466781616211,7902200
2019-02-14,110.32344722037271,110.75061522188871,109.54305305955857,110.33165740966797,3910400
2019-02-15,111.05455299571895,112.05674759422958,110.90668184882661,112.0321044921875,6665000
2019-02-19,111.83496827820358,112.03212566644314,111.41602292966708,111.4653091430664,5935500
2019-02-20,111.69532930788546,112.31964228833057,111.49817190291384,112.00749206542969,6089800
2019-02-21,110.88205844490581,111.54744738752747,110.29882154677858,111.2435073852539,6665500
2019-02-22,111.13674603783458,112.24573630261067,110.75066640827824,112.21288299560547,5223900
2019-02-25,112.75035761813265,113.69304432963695,112.34516295648258,112.62631225585938,6846600
2019-02-26,112.82474156394989,113.25474263843499,112.50224391252922,112.5518569946289,5106900
2019-02-27,112.06401774801074,112.66766482289158,111.95651428700481,112.35343170166016,4378100
2019-02-28,112.41959740448324,114.07343484365998,112.20460307979046,112.99017333984375,10133200
2019-03-01,113.46973776637066,114.61915377595912,113.29607935987232,114.40415954589844,5641600
2019-03-04,114.81764905551776,115.28072143814789,113.70956857676583,114.51168060302734,8377700
2019-03-05,114.78455892125214,115.05744354978783,114.41244810698542,114.7514877319336,6568900
2019-03-06,115.33029285776807,115.47913209078173,114.61087799599227,115.01605987548828,6236900
2019-03-07,114.55301032914713,115.04088917982278,113.86666651074071,114.3132095336914,6100400
2019-03-08,114.18915895959897,115.18973577657474,112.80820674413707,114.16435241699219,7046700
2019-03-11,114.20570143607414,114.96646485465332,113.71782260531796,114.57781219482422,6150400
2019-03-12,114.65220372247512,115.76854834288973,114.5281710392159,115.09046936035156,5552900
2019-03-13,115.42954758284085,115.6362772028192,114.95821061053306,115.28070831298828,6446900
2019-03-14,114.39590160773254,114.77628966737885,114.0651392567335,114.13129425048828,8493600
2019-03-15,114.11475130060101,114.32974556500032,113.14725818414193,113.78398895263672,11922500
2019-03-18,113.82533840913597,113.93284186309253,113.0563101800579,113.42842102050781,7369600
2019-03-19,113.79221775860499,114.79279436541442,113.67644971149876,114.47856140136719,5882500
2019-03-20,114.38763596047586,114.53647523178566,112.99840633937715,113.52763366699219,5475700
2019-03-21,113.28780306815452,114.75971658034824,113.2464546310717,114.19741821289062,5765100
2019-03-22,113.9080409308006,114.43726834765549,113.172083857084,113.21343231201172,6528800
2019-03-25,113.21340244820605,113.29608671847386,112.245909423435,112.96532440185547,4500300
2019-03-26,113.22993178292909,115.16493045112202,113.22993178292909,114.58609008789062,4758600
2019-03-27,114.60264959125622,115.3386066652404,114.17266098962692,114.69361114501953,6764900
2019-03-28,114.99126936851064,115.32204429538734,114.70185550248848,114.8424301147461,4602100
2019-03-29,115.17318585524782,115.66934190837927,114.84242356500857,115.59490966796875,7168400
2019-04-01,115.76031316508579,116.00837859473863,114.7266651489535,114.92511749267578,5885200
2019-04-02,114.94996130288936,114.94996130288936,113.21343964346386,113.8749771118164,5517800
2019-04-03,114.28014615536419,114.31322996478605,113.18034292094912,113.42842102050781,5947000
2019-04-04,113.18033833397564,113.29610642670767,111.7415081268454,112.10535430908203,5844600
2019-04-05,112.49398076165659,112.94052379210059,112.21283151598399,112.60974884033203,4759700
2019-04-08,112.50224815968552,112.88262354865812,112.21282167948075,112.57666778564453,4329600
2019-04-09,112.46092323041051,112.67591751183409,111.27015849500911,112.10535430908203,5210300
2019-04-10,112.36995967140318,112.5684246630059,111.90688730877237,112.11361694335938,4194100
2019-04-11,112.42784420613148,112.6097546667985,111.1543826570381,111.80765533447266,4485200
2019-04-12,111.81593574044922,112.7503578098347,111.42728298333013,112.44438934326172,5756800
2019-04-15,112.46092137286625,113.11418146725504,112.29554018852009,112.89092254638672,5380900
2019-04-16,114.37937232262502,116.34742976128665,113.75090619084197,114.13129425048828,10745700
2019-04-17,114.94167137491137,115.89262260176648,113.84186825697526,114.54475402832031,9543700
2019-04-18,115.23109682608252,115.96705377873273,112.25418520987103,113.71783447265625,10485300
2019-04-22,113.27128116892234,114.51993605331975,112.84129267710247,113.97416687011719,4666500
2019-04-23,113.63515838467664,116.4714958908554,113.49458372952743,115.6859130859375,5790500
2019-04-24,115.47915882110733,115.88435341216655,114.82589878427152,115.10704803466797,5676300
2019-04-25,114.54473965807655,115.57838765227504,114.08166737551936,115.4791488647461,5218100
2019-04-26,115.66934824668948,116.19857551073578,115.1979987086089,116.09107208251953,4613600
2019-04-29,116.05802039897561,116.12416277754309,115.42128959972892,115.63628387451172,4275200
2019-04-30,115.92573432078306,116.9676473381265,114.90862785496367,116.76091766357422,6003700
2019-05-01,116.5541545371691,117.71184795306262,115.56185490767062,117.38107299804688,6656300
2019-05-02,117.34799664167186,117.54644898816412,115.86780559595671,116.82703399658203,8835600
2019-05-03,116.83529705433703,117.49683430848081,116.66165125351066,117.43067932128906,5281600
2019-05-06,115.97533707813888,117.62090968318023,115.71071706178421,117.49686431884766,5818900
2019-05-07,116.44667548272467,116.90974784875961,114.99129076915696,115.74378967285156,6606700
2019-05-08,115.93394921701615,116.52933143366485,115.5204900453308,115.59490966796875,4667300
2019-05-09,114.90033740879478,115.20630587211399,113.81707605728006,114.71841430664062,5604200
2019-05-10,114.47031133560166,115.14839049956319,112.79994520453441,114.9830093383789,4771600
2019-05-13,113.99072115255092,114.16436697293815,112.89918266758812,113.45321655273438,5560000
2019-05-14,113.32088748320442,113.9824247004836,113.0645448082298,113.13897705078125,7179400
2019-05-15,113.20515505036003,113.69304663006412,111.9068993665125,113.21343231201172,6429400
2019-05-16,113.6103347597167,115.09879061667279,113.26303049605615,114.28841400146484,6857200
2019-05-17,113.28782434283784,114.966467737912,113.17205626792837,114.6191635131836,6915300
2019-05-20,114.61917555726299,114.90860208383624,113.85013477916057,114.4620590209961,4771100
2019-05-21,115.04090014612798,115.41302357331767,114.18091043953068,114.21398162841797,4859000
2019-05-22,114.40419044041523,114.90033401710033,113.69303995783471,114.74321746826172,5456800
2019-05-23,114.5281905568405,115.64453536749996,113.8418468177101,115.59490966796875,6951800
2019-05-24,116.14443355333388,116.14443355333388,115.3618095311412,115.60326385498047,5473300
2019-05-28,115.72812806828884,116.96867156854312,114.10460651031082,114.12126159667969,11919600
2019-05-29,113.13882448202075,113.13882448202075,107.00273950342044,109.34227752685547,23247400
2019-05-30,109.43384403772055,110.58280353492017,109.20904485259287,109.99166870117188,7360600
2019-05-31,109.50048295423642,109.90011618320601,107.91025852714422,109.19242095947266,7811000
2019-06-03,109.48382097066515,110.23313481581637,109.10083015160554,109.43386840820312,8434600
2019-06-04,110.39969666537314,111.81507478588004,110.38304157102891,111.34049987792969,6648900
2019-06-05,112.14807075041598,112.50608531138113,111.44870942253083,111.88165283203125,6860600
2019-06-06,112.31454676117865,114.61246566338757,112.05645012021627,113.7965316772461,9115800
2019-06-07,114.55419086571432,116.21934376802845,114.17953400351533,115.35346984863281,6533900
2019-06-10,115.39513133544308,115.85303833982746,114.56255466694525,115.74481201171875,4994700
2019-06-11,116.29429310572723,117.11022731869227,116.14443541606673,116.37755584716797,8230500
2019-06-12,116.81049511282419,118.98352046498664,116.81049511282419,117.95944213867188,9216500
2019-06-13,117.99274555193988,118.18423459458593,116.73555957892782,117.15184783935547,7500800
2019-06-14,117.58480281557435,117.80128088642356,116.59403451807506,116.63566589355469,6548100
2019-06-17,116.5607462624503,116.76056925809522,115.90301621263625,116.0945053100586,5562800
2019-06-18,117.02694903094753,117.3349982659566,116.38586157852826,116.752197265625,7122700
2019-06-19,116.56903569212449,117.36831475279182,116.4857856613758,116.93537139892578,6393400
2019-06-20,117.60145475395325,118.55891284375664,117.39331058624714,118.4007339477539,7335800
2019-06-21,117.77630471856887,118.58389242393497,117.4016350429934,118.30081939697266,11272200
2019-06-24,118.57555755238516,119.64125458140391,118.3008057505757,119.10840606689453,5894700
2019-06-25,119.28323537257076,120.70693403341023,119.21662772994247,120.09083557128906,7517000
2019-06-26,119.76619757666748,119.76619757666748,117.19352518389871,118.10104370117188,7674100
2019-06-27,118.41737826342636,118.64217752536263,117.06028690666926,117.13521575927734,5233500
2019-06-28,117.17684838474203,117.47657650248485,115.32019321178218,115.9612808227539,12792400
2019-07-01,116.72721609049252,116.77716864498124,115.49500649803986,116.0278549194336,5872300
2019-07-02,115.91130080081182,116.58568572998047,115.47003627421729,116.58568572998047,4501200
2019-07-03,117.39329335746713,118.3757275868831,117.21844669244551,118.3424301147461,3436300
2019-07-05,118.00939124769498,118.1092963569316,116.86875286610682,117.0352783203125,4652400
2019-07-08,116.66062150498166,117.45990057857166,116.26098832024161,117.36831665039062,4078100
2019-07-09,117.77630392162585,118.61720180336349,117.31838420221939,117.73467254638672,4217400
2019-07-10,118.04269248128361,118.21753913213327,117.11853207904146,117.56813049316406,4874400
2019-07-11,117.34334569171114,117.56814492636983,115.74480017614917,116.65230560302734,5817400
2019-07-12,116.66062982317041,116.66062982317041,110.16654246768806,111.8150405883789,17780100
2019-07-15,112.72254092622512,113.5301412127464,111.93991692039128,112.1563949584961,10038200
2019-07-16,110.67438514947119,111.42371160231865,109.69195100316462,110.3163833618164,10214500
2019-07-17,110.30809674693461,111.21560234364958,109.40891234413078,109.7835693359375,8862100
2019-07-18,110.00834184176296,110.32471228686336,109.20906277685144,109.95838928222656,6203100
2019-07-19,110.10825018243568,110.22481039280089,108.39314449958619,108.49304962158203,8340200
2019-07-22,108.23495047951195,108.35983187919052,106.43658209948138,107.10264587402344,12624800
2019-07-23,107.07768359587361,107.77704493374382,106.7030266437368,107.26917266845703,5803600
2019-07-24,107.3024820607025,108.0601171524416,107.0443853334397,108.05179595947266,6838600
2019-07-25,108.28491313745586,109.5088017848786,107.96020876390152,109.16744232177734,8897800
2019-07-26,109.31731005019387,109.31731005019387,108.6429250372873,108.84273529052734,4894600
2019-07-29,109.06751302738287,110.99076256032293,108.4097832332849,110.74932098388672,7832000
2019-07-30,110.2914096481498,110.30806473525156,109.2923203918992,109.96670532226562,5509600
2019-07-31,109.60037082340459,109.90009887395247,108.38480353393005,108.4181137084961,8559200
2019-08-01,108.4514107451558,108.85105661369394,107.41902401170536,108.47638702392578,7870700
2019-08-02,108.95096967696034,109.45884188918225,108.0434642711555,109.12581634521484,6574900
2019-08-05,108.99261180595583,109.45053150220042,107.4107085556665,108.36817932128906,9480000
2019-08-06,108.5180002667116,109.2506715325615,107.89356799352781,108.87601470947266,7880600
2019-08-07,107.70211768173672,108.9926140507829,106.72800451008696,108.4098129272461,6771700
2019-08-08,109.05086598529432,109.8584662034567,108.42643361274253,109.6336669921875,5260500
2019-08-09,109.73358515652556,110.53285148161042,109.25901045391771,109.93339538574219,4677300
2019-08-12,109.48380273032063,110.48289192544105,109.30895608672309,109.84180450439453,6852100
2019-08-13,110.14989279465091,111.64853329811032,109.90011726005577,111.0823745727539,5013200
2019-08-14,110.34136832709227,110.34968951905023,108.34318970373198,108.451416015625,7736200
2019-08-15,108.37647531397549,109.12580174380496,107.61050650205158,108.68452453613281,7251200
2019-08-16,109.4588400932557,109.62535286250737,108.73450255975042,109.36725616455078,5858900
2019-08-19,110.31640526928388,110.37469173230527,109.75025924964893,110.10826110839844,4958000
2019-08-20,109.86680162981371,110.44960264482697,108.61793686730985,108.7344970703125,7302000
2019-08-21,109.65035610394911,110.24149118986963,108.94267348459421,109.50881958007812,6912800
2019-08-22,109.567079668374,110.00834422598872,108.90101588386368,109.29232788085938,7213500
2019-08-23,109.125794430392,109.28397327433917,105.84543504217342,106.34498596191406,15714000
2019-08-26,106.88184575536772,107.43546693434482,106.21918088946465,107.20059967041016,8889500
2019-08-27,108.94534648457442,111.05915204286273,108.29107150710797,108.74402618408203,20183800
2019-08-28,107.2509293012819,108.09812818232567,106.53793754608886,107.93875122070312,9878800
2019-08-29,108.07295309829661,108.3749270984809,106.38693906352881,107.56967163085938,6749900
2019-08-30,107.59485880421755,108.29107714712708,107.04962749471426,107.67034912109375,7371100
2019-09-03,107.35999482482727,108.19042038389334,106.95736696573952,107.9891128540039,5710200
2019-09-04,108.61819465794431,108.70206850593094,107.43546204737619,108.08973693847656,4807200
2019-09-05,108.96210320628599,108.96210320628599,107.6283899406417,107.85487365722656,4754100
2019-09-06,108.10653758257645,108.40011530585008,107.4270991267079,107.5445327758789,6758300
2019-09-09,107.36835318658693,107.50256669990338,106.18562059918271,106.48759460449219,7684700
2019-09-10,106.81473823368995,108.66852569580078,105.97592292580929,108.66852569580078,8239500
2019-09-11,108.92857386228803,110.11969025458184,108.27429884115915,110.02742004394531,6203600
2019-09-12,110.18678215790467,110.53069951471709,109.09631967006146,109.40667724609375,5250000
2019-09-13,110.16163793663489,110.36295825851195,109.01246483094413,109.70028686523438,5369800
2019-09-16,109.13826424862303,109.67510555350925,108.48398930827126,108.6601333618164,5101700
2019-09-17,108.71046225619787,109.46539086659027,108.29943817316354,108.76917266845703,4976400
2019-09-18,108.96212663519522,109.51574792841686,108.02265738558899,109.38993072509766,4373600
2019-09-19,108.73563212494535,110.04418195336207,108.50914840870222,109.13825988769531,4730100
2019-09-20,109.88479839736925,110.723613652311,109.2892339346664,110.43002319335938,12053100
2019-09-23,109.90158327611178,110.76556200398441,109.45701219475228,110.50553131103516,5183700
2019-09-24,110.80752720958922,111.37791557781465,110.17001926944535,110.34617614746094,7102600
2019-09-25,110.30421025606319,110.36293346982812,109.23891125761733,109.87641906738281,4522900
2019-09-26,109.9602980017647,110.14483839740947,107.39352515236776,108.08135986328125,7545800
2019-09-27,107.88004950086992,108.5427080376004,106.27790900917151,107.87166595458984,6006500
2019-09-30,108.2659092167483,109.2808686774653,108.20718599540892,108.52593994140625,6552100
2019-10-01,109.06277635181628,109.71705130663692,108.85307251246846,109.03761291503906,7673000
2019-10-02,111.36112023550032,112.98842404744408,110.0693502400589,110.72362518310547,12051800
2019-10-03,110.42164615082051,111.03397773918017,109.05437310897496,110.04418182373047,6997600
2019-10-04,110.17000816733844,112.16639285356302,110.09451785549975,112.1160659790039,7233300
2019-10-07,111.63794730593449,112.25029181165937,110.84107517304025,111.69667053222656,5427200
2019-10-08,111.10107906771849,111.78051738312404,110.29582358253604,110.58940124511719,7870400
2019-10-09,110.00223987193237,110.09451006853347,107.80454784291365,108.39171600341797,7787700
2019-10-10,108.16524474638167,109.14665724185916,107.89683047035813,108.25751495361328,5119700
2019-10-11,110.00223651152176,111.24367955570744,109.733822274622,110.16161346435547,7161400
2019-10-14,110.18677412089758,110.18677412089758,109.39828572105692,109.64993286132812,5700000
2019-10-15,111.56244381620442,112.61096302500333,110.8075151055919,111.42823028564453,10008800
2019-10-16,113.15619143091251,114.57379149340932,112.23350217791193,113.38267517089844,12434200
2019-10-17,114.04532965489145,115.3287159930792,113.78528616997112,114.22147369384766,8434000
2019-10-18,111.82246896429452,112.72839105150642,107.11671447753906,107.11671447753906,25868700
2019-10-21,107.9303796328405,108.76919506121352,106.57988628118761,107.3851547241211,13823600
2019-10-22,108.00585056531627,109.49894073590475,107.4438458650885,108.37493133544922,7613700
2019-10-23,108.76082015829563,109.44864220858521,108.26592208805805,108.96212768554688,6693400
2019-10-24,109.39828307939437,109.53249659087217,105.77460146497606,106.94894409179688,12111600
2019-10-25,107.22577681373147,108.29107598232069,106.78958921095904,107.6619644165039,6947300
2019-10-28,107.88842737314323,109.04599666428064,107.7961571716858,108.35816192626953,7876300
2019-10-29,108.79434523560293,109.02082895745626,107.83809627581859,108.30783081054688,4506300
2019-10-30,111.8140909861775,112.00701493679061,110.49714471625883,111.42823028564453,9627600
2019-10-31,111.04237857333723,111.42822646132079,109.7925391115942,110.75717163085938,7686700
2019-11-01,110.7655723430621,111.56244438595758,110.00224728332455,110.05257415771484,5541800
2019-11-04,110.55586839452582,110.68168558038124,109.12148847923996,109.23892211914062,6140300
2019-11-05,109.49055510288301,110.27904349689317,108.77755701060443,109.39828491210938,6257300
2019-11-06,109.39828229665387,110.28742440504884,108.79433429862996,109.85124969482422,5450000
2019-11-07,110.49712288930716,111.04236044976363,109.89317492039478,110.24547576904297,5873700
2019-11-08,110.13648559025286,111.59601647312634,109.85967491952968,111.56246948242188,5003000
2019-11-11,110.95011941383491,111.15982326926326,110.16163086953512,110.70685577392578,4371400
2019-11-12,110.72363830851539,110.7991286264373,109.90160275942505,110.17841339111328,5228700
2019-11-13,109.91835324008727,110.29583037126204,109.64993899494057,110.11128997802734,5885400
2019-11-14,109.9099601061101,110.18677067181312,109.16341505290067,109.85124969482422,4217500
2019-11-15,110.09451241645208,113.2149064780286,109.7002681861401,113.18974304199219,10495100
2019-11-18,112.58578768337422,113.8188471664854,111.2772378970453,113.09746551513672,9291800
2019-11-19,113.24008433417492,113.39946131557154,112.57742576865559,113.08910369873047,5192200
2019-11-20,113.33234615395713,114.3640854843666,112.45998379314486,114.028564453125,7594400
2019-11-21,114.0285446546231,114.7918695873664,113.24005628887112,114.44795227050781,6424900
2019-11-22,114.62410236770458,116.2849658300036,114.49828519600254,115.81523132324219,9235800
2019-11-25,115.76454704057075,116.26287375900152,115.07195976695178,115.86589813232422,6111900
2019-11-26,115.26622382215449,116.00104503564403,114.15131022708375,115.85746002197266,10636500
2019-11-27,115.84901671846669,116.7696568511575,115.62940549886466,116.34734344482422,5523000
2019-11-29,116.22063314162345,116.7865314551742,115.66317645496868,116.12772369384766,3278900
2019-12-02,116.32203346485234,116.43183910088973,115.58721208641244,116.0179672241211,4717100
2019-12-03,115.63788042996597,116.09397331861216,115.00441020863344,115.84903717041016,5741400
2019-12-04,116.98081484864701,118.02815674761545,116.59228083980923,117.72409057617188,7257300
2019-12-05,117.69875709916907,118.03660268511395,116.51627177239604,117.8761215209961,5472900
2019-12-06,117.79168556137363,119.58229065397016,117.79168556137363,118.56874084472656,6640400
2019-12-09,118.5771802391184,118.9319220212656,118.29845179143457,118.67008972167969,4241000
2019-12-10,118.92347988970016,119.09240270601245,118.17176240232344,118.23933410644531,5310300
2019-12-11,119.03327419104833,119.92013509828517,118.77989640725346,119.07550811767578,6631500
2019-12-12,119.36268674767481,119.987702442299,118.86434705235905,119.37957000732422,5012400
2019-12-13,119.17685085557771,119.7680870589186,118.50958844267807,119.41334533691406,4257200
2019-12-16,119.70896037614406,120.65495121619456,119.50625817954845,119.75963592529297,5353100
2019-12-17,120.78161925983181,121.6684798809442,120.37620204857329,121.25460815429688,10722400
2019-12-18,121.38978228017291,121.52492568083055,120.56205150511687,120.94213104248047,7849200
2019-12-19,121.53338698012652,123.2141994668815,121.29689243469186,122.76654815673828,9414700
2019-12-20,124.05878053765532,124.869614996291,122.30195535996954,123.36618041992188,14532800
2019-12-23,123.0959052802006,123.95741527252517,122.75804685263891,123.68714141845703,6558700
2019-12-24,123.3154929677609,123.32393459472969,122.69046459660763,123.25636291503906,4238900
2019-12-26,123.2901909162708,123.46755534985893,122.60604518217751,123.17194366455078,3019300
2019-12-27,123.48444198991858,123.78006654045119,122.92698517987684,123.10436248779297,3432700
2019-12-30,123.1296603089144,123.48440192165714,122.49619038159265,122.7242431640625,2923300
2019-12-31,122.55529727308998,123.32389751149675,122.28501063560206,123.20565032958984,4435000
2020-01-02,123.20573905214391,123.33244083769758,122.53848937830912,123.29020690917969,5777000
2020-01-03,121.20392417815853,122.783371888243,120.78161085349595,121.86273193359375,5752400
2020-01-06,121.62627891625118,121.795201726038,120.65496309398871,121.71074676513672,7731300
2020-01-07,121.63470569118348,122.8509703938859,119.41334588220319,122.45399475097656,7382900
2020-01-08,122.36110756531244,123.29864403703608,121.37289553641212,122.4371337890625,6605800
2020-01-09,123.11280841712252,123.34086128155735,122.46245500400526,122.80030059814453,6112700
2020-01-10,123.104362884536,123.46754624232035,122.38642490977608,122.52156829833984,5042600
2020-01-13,122.87628437300053,123.1381165786877,122.2343727433165,123.06210327148438,4593200
2020-01-14,122.51313527136342,123.83075118241443,122.24284847525871,123.7547378540039,7037500
2020-01-15,123.65337904007974,124.49800598130429,123.51824852435192,124.1686019897461,4960300
2020-01-16,124.5149056821646,125.71427442637285,123.48445975342509,125.17371368408203,6476000
2020-01-17,125.35106921470636,126.19569603312553,124.94563906251778,125.99298095703125,9083600
2020-01-21,125.49468180660062,126.8376356499054,125.42711009971931,126.07747650146484,9543900
2020-01-22,123.90674541472784,126.00141620978047,123.31550924934787,125.2159194946289,10305300
2020-01-23,125.03858932693434,125.65517638491404,123.95746767763694,125.45246124267578,8671900
2020-01-24,125.49466090583701,125.80716872112872,124.94564571185765,125.27506256103516,9051900
2020-01-27,124.59935720632433,126.23793536641894,124.16014763327206,125.63824462890625,7587100
2020-01-28,125.39333731452328,127.1755009027117,125.13149210353099,126.27174377441406,7336600
2020-01-29,126.2294833991458,127.6991387955915,125.9592095019506,127.1501235961914,6288600
2020-01-30,126.71936424657015,127.12478152264637,125.89163354891956,126.99809265136719,6470600
2020-01-31,126.48289994694734,126.69405670812756,125.54536341178776,125.7396240234375,8651700
2020-02-03,126.20416099465362,127.10791804368313,126.05213432546257,126.83763122558594,5765200
2020-02-04,127.95253120113827,129.0167564345083,127.70758218769073,128.04544067382812,6541400
2020-02-05,128.146780449639,130.08942468728543,127.80048036494914,130.0640869140625,5979900
2020-02-06,130.28370002927923,130.49485675542067,129.00831804305898,129.67556762695312,6201200
2020-02-07,129.5150811396394,129.6164451278578,128.0032047132043,128.29037475585938,5700300
2020-02-10,128.11297513657328,128.30724856217648,127.44572569622865,128.2650146484375,4835600
2020-02-11,128.6282098832931,128.70423609026713,127.99473978239676,128.3748321533203,3715300
2020-02-12,128.27347005396254,128.50996453072582,127.47107715865975,127.61466217041016,5166800
2020-02-13,126.82918011886301,127.57244303712413,126.59268561469122,126.77005004882812,5480200
2020-02-14,127.16700871552852,127.23458040596397,125.97608183657046,126.80382537841797,5716300
2020-02-18,127.09099895779129,127.31905180840302,125.90007204546421,125.96764373779297,7230700
2020-02-19,126.02680473764705,126.49133929346596,125.49468558492674,125.79875183105469,6115200
2020-02-20,125.52000635904854,126.1703726922619,124.49800212114181,125.31729125976562,7464700
2020-02-21,125.08081518276737,126.89677105043057,124.61626773345883,126.63492584228516,7776800
2020-02-24,124.52690280472662,126.65193527579704,123.46438656919142,124.02539825439453,10588900
2020-02-25,124.09338040669788,124.73938550221936,122.25734954132093,122.95435333251953,10529000
2020-02-26,123.54935443806158,124.28886135639107,122.05332374513688,122.12982177734375,10093800
2020-02-27,121.17779920251101,123.05633283323115,118.10925307054067,118.25375366210938,12566700
2020-02-28,115.05773066947356,116.69824911275668,111.1986783467659,114.3097152709961,19820300
2020-03-02,114.56472697682294,119.1123007572417,113.91021347300604,119.018798828125,11508200
2020-03-03,119.00177087035307,119.84328806219521,113.1366887798083,115.25321197509766,13662500
2020-03-04,117.02973982948062,122.0958211209603,116.57073868808307,121.9598159790039,10560500
2020-03-05,119.68179611051409,121.27981123832303,118.86577817512,120.7103042602539,11339200
2020-03-06,117.70976231573835,121.56031904633463,116.80025541519468,120.72731018066406,12239100
2020-03-09,115.88221373690084,118.72974802774858,114.66668903292043,115.97571563720703,13848600
2020-03-10,118.97628562318747,120.65930723608957,114.0972077702372,120.39580535888672,12698100
2020-03-11,117.37825945351953,117.93927099053042,111.77667845228648,112.03168487548828,17763400
2020-03-12,108.21513986095178,113.69772045353639,105.82660569518681,106.6001205444336,21539200
2020-03-13,109.92367914558402,114.68374380665868,105.95411380448627,114.14823150634766,20084200
2020-03-16,105.03607521669271,113.69770072592222,104.0670612008813,108.06211853027344,18877900
2020-03-17,109.26914401315081,116.25625000965279,108.64012989503748,116.10324096679688,18911800
2020-03-18,111.36867531545744,115.32122945672819,109.40514791740041,114.71772766113281,17521100
2020-03-19,114.74324506910419,114.74324506910419,107.22912772445811,107.994140625,18482300
2020-03-20,107.80712625530735,108.32563458824569,100.41201091680564,101.90803527832031,19785100
2020-03-23,99.45148826738605,100.77750603572483,92.7873916535905,94.47041320800781,20815200
2020-03-24,100.94750065025649,101.70401136387372,96.78243751180597,101.30450439453125,17604800
2020-03-25,101.07501171252159,105.36757189033443,99.19647796759281,101.49151611328125,13986100
2020-03-26,102.48604376902068,108.03662635507504,102.32453926063992,107.58612060546875,15066800
2020-03-27,103.40407026188461,108.47864829678745,102.49455672110376,104.68759155273438,12133200
2020-03-30,109.19265549361623,113.89322547671509,108.37663745765,113.0602035522461,21754000
2020-03-31,114.74323882725604,115.35524911439717,110.54417328999142,111.46218872070312,15746100
2020-04-01,108.54664325611127,110.6971748261789,106.6766174956395,109.49015808105469,12606100
2020-04-02,109.75363387277838,113.90169993117213,108.1386149573424,113.17918395996094,11594500
2020-04-03,112.52469409861038,114.57321500707295,111.84468129186746,114.04621124267578,10071200
2020-04-06,116.46024772472494,119.82630408104087,115.21072788542452,118.79778289794922,14994400
2020-04-07,118.88278332889449,120.72730943369226,116.67274499835574,116.85974884033203,11567100
2020-04-08,117.0892760350835,122.51236244400411,116.70677282718749,121.77284240722656,10758200
2020-04-09,122.41033675574465,123.60885789795223,119.23979269268052,120.04730224609375,11125400
2020-04-13,119.0017507704995,120.26827407295796,117.16572064577304,118.8062515258789,8153200
2020-04-14,123.60882640807286,125.3088515485555,122.44431333729426,124.12733459472656,13838000
2020-04-15,123.71937366295253,125.725404519943,122.01083952316888,125.51290130615234,11962300
2020-04-16,126.06538718599923,128.07991322601976,124.47586751527686,127.22140502929688,12181700
2020-04-17,129.19343376231478,129.45693562168188,127.16190394667566,129.21893310546875,10920000
2020-04-20,128.29241838959385,130.05195101130855,127.57841079099889,128.9214324951172,12226200
2020-04-21,127.60392716949711,128.89595035620866,126.28641760461072,127.22991943359375,9951100
2020-04-22,129.89046323055297,131.75199347160427,128.97244778413724,130.04347229003906,11515600
2020-04-23,131.11448951641384,133.4520249859123,130.64697982848062,132.1855010986328,10665000
2020-04-24,132.23651045938826,132.8570162324506,130.5959788503962,131.63299560546875,8653400
2020-04-27,131.59049361143803,132.64451426578623,130.90198524479285,131.1484832763672,8924000
2020-04-28,128.56440939596303,130.1369379386236,128.0968998586723,128.68341064453125,8558700
2020-04-29,128.67493904009342,128.88744223551163,126.78790962716637,127.70592498779297,9285200
2020-04-30,126.19293298019139,127.8674466217196,125.08791350985888,127.53594207763672,14829600
2020-05-01,127.17891183750487,127.22141507182279,124.7733740409705,126.04839324951172,7309000
2020-05-04,126.45638602623318,126.71988787345317,125.02835802462019,126.03137969970703,7198400
2020-05-05,126.65193594737994,128.1649580371915,126.34593075111643,127.07694244384766,6562300
2020-05-06,127.50191121276768,127.77392151570083,125.83588053271485,125.86988830566406,6191600
2020-05-07,126.96639068320812,127.10239582572811,125.06237056858538,125.453369140625,5570500
2020-05-08,126.58389256872056,126.8048912064216,125.7083805056831,126.39688873291016,4712100
2020-05-11,126.18435757448049,127.58688603207811,125.90385188296096,126.74536895751953,5887500
2020-05-12,127.58692055343037,127.7909153150674,124.9773751527232,125.07087707519531,7039200
2020-05-13,124.16989983807721,126.60943298272414,124.11039270275948,125.06241607666016,6970500
2020-05-14,123.58334395321545,125.59786986947098,122.62282546715943,125.4958724975586,6871400
2020-05-15,125.69139911091486,127.90993322350101,123.8128779289009,127.87593841552734,10340400
2020-05-18,129.61841920387297,130.57892457148057,127.89289475453423,127.94389343261719,7388400
2020-05-19,127.58690714814723,128.43691981943357,126.14187523082919,126.66889190673828,6107300
2020-05-20,127.28941706370381,127.83342473802418,125.1813889469831,125.5298843383789,5713400
2020-05-21,126.22690050232004,126.22690050232004,123.94887242937197,124.70538330078125,6487300
2020-05-22,123.73822335162112,125.21036830793751,123.30170333299175,123.56703186035156,6140900
2020-05-26,125.12476661543903,125.33874288694498,123.50710652525694,123.7296371459961,7072300
2020-05-27,123.5242486608474,124.32023425332244,122.4030018427277,124.0121078491211,7950000
2020-05-28,124.97928158397679,126.7681203264776,124.79953574464673,125.79238891601562,6189600
2020-05-29,126.63972055940897,127.8294280904666,124.3886860344285,127.31587982177734,8504000
2020-06-01,126.06625741827628,126.96496039231829,124.97069992651618,125.98067474365234,6141800
2020-06-02,125.86940265910835,126.9735275582657,125.06484977074885,126.88793182373047,6078300
2020-06-03,127.11904973251556,127.64970680138482,125.34731961923528,127.23030853271484,6339500
2020-06-04,125.6468794686027,126.99064377181021,124.60267413384403,125.58695983886719,8170500
2020-06-05,126.40863923167947,128.07765173529168,125.47570571172147,126.07483673095703,9725400
2020-06-08,124.85943792918596,126.34015006882389,124.7396117397368,125.6211929321289,7555600
2020-06-09,126.88792671631315,127.81230575976913,124.66256830872557,124.92790985107422,8247200
2020-06-10,125.47567088352636,128.41141859294555,125.47567088352636,126.50275421142578,10137100
2020-06-11,127.17037627355826,127.67535712808056,120.46863803956562,120.57134246826172,11913300
2020-06-12,122.25747722344597,123.00212351616575,120.0663623310072,121.66690063476562,8687400
2020-06-15,120.68264538250139,121.88090755943111,119.3046373489931,120.89662170410156,8649600
2020-06-16,123.32736445524361,124.46571982142729,122.19757649862842,123.64405822753906,7579100
2020-06-17,124.02065901322314,124.46573337676223,122.79672083858685,123.26747131347656,5100100
2020-06-18,121.98361384515127,123.35305434127827,121.42726762415968,122.74536895751953,4797400
2020-06-19,124.78243317252625,124.85947457841611,122.60843936580811,123.10486602783203,12206900
2020-06-22,122.79671494713901,122.95933901794201,121.5642094211334,122.72824096679688,5285600
2020-06-23,123.02780547499125,123.31881007859276,122.12053508599595,122.27460479736328,5921600
2020-06-24,121.10203625999301,121.70116731177608,118.7311751049971,119.67267608642578,8211200
2020-06-25,120.31458818598566,120.31458818598566,117.72118367438713,119.54426574707031,7421200
2020-06-26,119.42442048475792,119.48434010202773,117.2761036925178,117.95226287841797,12849700
2020-06-29,118.74829716578964,119.56995887885518,118.09780082786217,119.00505828857422,5309800
2020-06-30,119.3131863095168,120.69976169169203,117.97797621267058,120.36595916748047,7738300
2020-07-01,120.41730606450609,121.01643709939114,119.87808160307102,120.1519775390625,6174800
2020-07-02,120.89658901609658,121.40156986411758,120.10915793272282,120.65693664550781,5152200
2020-07-06,121.68405340007727,123.05350708684797,121.43584661264019,122.37733459472656,6156400
2020-07-07,121.01639481234938,123.2246310493626,120.87944689220767,122.26602172851562,5622600
2020-07-08,122.28315655470585,122.72823086024006,121.28174916231038,122.62552642822266,6257400
2020-07-09,122.18900886572635,123.61836883296307,120.32314199378906,121.95792388916016,5738600
2020-07-10,122.18047277918537,122.28317722856653,121.0506715956825,121.855224609375,4282400
2020-07-13,122.91655707801301,125.50994901672809,122.63410677002409,124.2860107421875,6951900
2020-07-14,124.38016101474696,127.00778342162047,124.32879572770587,126.60550689697266,7447100
2020-07-15,128.15467361144164,128.56551748399957,126.87081589486917,126.89649200439453,8512800
2020-07-16,127.25598607692476,127.82088667534798,125.54417557994114,127.74385833740234,9304700
2020-07-17,128.38579335789586,128.8822199927558,127.26455951884944,127.82946014404297,7441100
2020-07-20,128.58268389214848,128.6597253153772,127.04205132880315,128.04347229003906,6191500
2020-07-21,128.04336659634524,129.81508278666368,127.95777089011604,128.16319274902344,5575900
2020-07-22,128.32587415396546,128.7367180973602,126.5456026395681,128.39434814453125,5910200
2020-07-23,128.56550443529483,129.11328314969947,127.76950594056991,128.0519561767578,6566300
2020-07-24,128.81370763553457,128.8993033629766,125.84371612232127,126.77664947509766,5405900
2020-07-27,126.13472335371657,127.4613787965387,125.69821647875526,125.97209930419922,5675200
2020-07-28,126.16041315755693,126.66540711879911,125.6040800372995,125.67255401611328,4842200
2020-07-29,125.29595111991611,126.22033022502879,125.02206827029521,125.42433166503906,4489100
2020-07-30,126.19462422882242,126.24597643470965,125.08194521433248,125.68107604980469,5922500
2020-07-31,125.52702856234895,126.20318775583245,123.21608770882833,124.75670623779297,8259600
2020-08-03,125.29595530840096,126.49421730319092,125.09053336926144,126.11763000488281,4078700
2020-08-04,125.80947029109824,126.0063247680664,124.80806309077393,126.0063247680664,4162200
2020-08-05,127.61547099447318,127.79520377346452,126.50279161853041,127.01632690429688,5467500
2020-08-06,127.01632229007332,127.74384691024265,125.39010768744086,126.28881072998047,4837900
2020-08-07,126.25458383169013,127.23031533374623,125.94645740682618,127.18753051757812,3635100
2020-08-10,127.41003353655556,127.53841407735224,126.43430224627461,126.69963073730469,4096600
2020-08-11,127.64970164206709,127.72672997603269,125.27884056942428,125.79238891601562,6388400
2020-08-12,126.2802444769017,128.59119891034325,126.23745966597446,128.0947723388672,5257300
2020-08-13,127.136148500541,127.69249469837854,126.27168897846148,126.67396545410156,5155500
2020-08-14,126.34018525729456,127.82089780934292,126.31450914240946,126.87940979003906,4240200
2020-08-17,126.94782365373514,128.58259212077928,126.87078228549204,127.52127838134766,4306900
2020-08-18,127.75241141467927,128.47138174190388,127.16184776957255,128.4628143310547,4322600
2020-08-19,128.02627772156387,129.73808780518942,127.80374711231937,128.7195587158203,7816300
2020-08-20,128.17180563313545,129.73811373996833,128.00062720256906,129.60116577148438,4874700
2020-08-21,129.90924844669271,131.50978647691142,128.8907194965271,130.74803161621094,6722800
2020-08-24,131.6010368348452,131.73888310302178,129.5418094785488,131.09268188476562,5387900
2020-08-25,131.6355062513058,131.8853781058222,130.56711541381895,131.01515197753906,3863500
2020-08-26,130.84289310130222,131.52355296349623,129.79173750626506,131.2220001220703,8008300
2020-08-27,131.32530553267907,132.0490476731136,130.8686577669052,131.80780029296875,5575400
2020-08-28,131.6010741968596,132.4282046287342,130.87731863521788,132.3765106201172,5395700
2020-08-31,131.82508480807107,133.03132215535757,131.18749469764762,132.1783447265625,6362700
2020-09-01,132.57468338406574,132.75562557216594,129.30060660169846,130.5499267578125,6307700
2020-09-02,129.92093006621292,132.97100781060186,128.59406907451276,132.5402069091797,6881900
2020-09-03,133.40179506434603,133.95321963587287,127.77553691912738,128.8525390625,8672800
2020-09-04,129.386722858625,130.0587711180477,126.76745953305424,128.025390625,7200100
2020-09-08,129.45569596545624,130.00712070026094,126.56932410775812,126.87950134277344,8756800
2020-09-09,127.64634094916491,130.18807756405818,127.62049393891891,128.98182678222656,6960700
2020-09-10,128.59403298634155,129.05068076193703,126.24186440584086,126.57788848876953,6191800
2020-09-11,126.698556598926,127.97372367516046,126.33668539406223,127.32752227783203,3934700
2020-09-14,127.62043329796205,128.7836007943507,127.52565658976003,127.81861114501953,4375800
2020-09-15,128.76639998475238,129.74862561464437,127.96511653665695,128.28390502929688,3658800
2020-09-16,128.71469248094675,129.29196410977687,127.81863239289706,127.86170196533203,4323000
2020-09-17,127.55150728648464,128.0598622708539,125.83692835247105,126.80191802978516,5461400
2020-09-18,126.23327717317049,128.9387063461856,125.96618271406078,128.53375244140625,12174000
2020-09-21,127.15518598603953,127.45673870593691,123.17459016620023,125.01841735839844,7574500
2020-09-22,124.66516735838813,125.23382770537607,123.82941255517866,124.25160217285156,5295900
2020-09-23,127.06903958517547,127.12935802638862,124.39808168733303,124.44977569580078,8784400
2020-09-24,124.55315723369979,125.14766459415597,123.50200195953101,124.64793395996094,5614800
2020-09-25,124.070668535238,126.00927273110109,123.97589180422688,125.50093078613281,5531200
2020-09-28,126.42280841324859,127.76690490488515,126.15571400106415,126.7502212524414,5843200
2020-09-29,127.17244860745862,127.44815438532363,125.84557428878973,126.7071762084961,6768600
2020-09-30,127.04317125601581,129.00762213005277,126.517593679813,128.2752685546875,8487700
2020-10-01,128.64576202080247,128.93870347607947,126.190204791098,126.93118286132812,6457800
2020-10-02,125.97478624134727,127.87030729025055,125.64737339896463,126.0006332397461,5485600
2020-10-05,126.6554738681263,127.84448864617355,126.15574320991804,127.71524047851562,4992800
2020-10-06,127.75829953471136,128.04262967448724,125.68183627413498,126.01786041259766,5118200
2020-10-07,126.21605502934595,127.7152337783197,125.6301589567697,127.41368103027344,5603100
2020-10-08,127.94788081767597,129.11104862936455,127.55153816312237,128.28390502929688,4413500
2020-10-09,128.93872889947917,130.5154620742438,128.76641113575135,130.0760498046875,5054100
2020-10-12,130.61883129272243,131.9456922104981,130.11910069727463,130.8256072998047,7273200
2020-10-13,128.37867226320157,129.34366210270358,127.31890569681985,127.8272476196289,11057600
2020-10-14,128.22358002596243,128.4045090329495,126.99148267471942,127.60322570800781,7706400
2020-10-15,127.06902682231892,127.43089799224784,126.078190034204,126.81916809082031,5978600
2020-10-16,127.17242482870597,128.17187287696666,126.66406979941017,127.60322570800781,6097000
2020-10-19,127.97370277116285,128.29249120139838,124.18266045155497,124.34636688232422,7250800
2020-10-20,124.63931712731632,125.57845991583228,124.17404480201492,124.54454040527344,5325400
2020-10-21,124.17402899230464,125.22518408585745,123.99310000316747,124.01032257080078,5221300
2020-10-22,124.2085105295723,125.5267601456999,123.9327916610231,125.00118255615234,5279700
2020-10-23,125.6904549958181,127.06039848678313,124.37220550119166,125.13903045654297,4154400
2020-10-26,124.44113688454176,124.73409147701156,122.9936522266894,124.04480743408203,6929500
2020-10-27,123.8466423863898,124.32051283935789,123.14012262880172,123.33828735351562,4890100
2020-10-28,121.85634594612677,122.33022960318152,119.05613987362281,119.21123504638672,8426100
2020-10-29,118.90105856109366,119.50417724323519,117.22093753691324,118.20316314697266,7205400
2020-10-30,117.76374353655629,118.50472170999652,115.15309078354058,118.13423919677734,7364100
2020-11-02,119.74542608330262,119.77127308804656,118.46164769101533,119.49556732177734,7088000
2020-11-03,120.64147112275968,121.4513788068758,118.71147862331277,119.33183288574219,6363000
2020-11-04,120.18484633321927,122.81272144814359,119.50417351198249,120.10729217529297,10263500
2020-11-05,121.0981456802258,122.20099502409043,119.98667190356456,120.41747283935547,8016200
2020-11-06,120.968859839132,123.3727356745503,120.32265863668579,122.56282806396484,5942500
2020-11-09,127.8875338134852,128.3700418081832,124.86331658429867,125.86277770996094,12351600
2020-11-10,126.87085964620354,128.16326229115637,126.01786916761483,127.75830841064453,7386500
2020-11-11,128.52511661654557,128.55096361429855,126.53481890757902,127.3447265625,6382400
2020-11-12,127.18102070915207,128.07708064488898,126.44004276062047,127.77552795410156,4710300
2020-11-13,128.4561728362826,129.59349320082748,127.87029008872658,129.15406799316406,5893500
2020-11-16,130.03294628272073,130.36035918434703,129.0679564425597,129.97264099121094,6266400
2020-11-17,129.24025741427954,129.78307070245913,128.48204369707614,128.6802215576172,7297700
2020-11-18,128.26664576334767,129.03347077971023,126.9742431640625,126.9742431640625,6661000
2020-11-19,126.91395961483848,127.05181907098553,125.44061461464464,126.7761001586914,7987700
2020-11-20,126.69851874709478,127.46534365028494,125.9058468474935,126.10401153564453,6354900
2020-11-23,126.6766392460056,126.6766392460056,124.09989938332728,124.81999969482422,7318300
2020-11-24,124.93279047805713,125.59215321755025,124.59443136671325,124.81999969482422,11034800
2020-11-25,124.98483169507834,125.08026698595813,123.94372785534202,124.65514373779297,7594600
2020-11-27,125.36660239431593,125.5054198025464,124.2560896051857,124.93280792236328,3059000
2020-11-30,125.13232330089704,125.67890845663788,124.1172460390597,125.52273559570312,15663200
2020-12-01,126.91953547439165,129.38349725670886,126.54647871608827,127.92594146728516,9738200
2020-12-02,128.27300225481096,129.88671786276657,128.14285599902277,128.52459716796875,7745500
2020-12-03,128.4378759070134,129.77397044469765,128.13422768543654,129.27076721191406,7310500
2020-12-04,129.9561216931871,130.4072715799744,129.50498504475442,130.37257385253906,6747100
2020-12-07,129.57439318201236,130.0602407941504,128.84560852545076,129.2447052001953,6634700
2020-12-08,130.13832789249193,131.99496750755728,129.7479155564855,131.48309326171875,8339800
2020-12-09,132.59361289134844,133.17489586449958,131.6652864159277,132.82786560058594,8440100
2020-12-10,132.58494034624232,132.72374450730555,131.5958763041483,132.0904083251953,7392900
2020-12-11,131.4657184699175,133.0967895095595,131.20543920468796,132.69769287109375,5977400
2020-12-14,132.95796575898012,133.15750744946527,129.2620427327267,129.33145141601562,8547300
2020-12-15,130.13831108106038,130.78900263646568,129.73054331393809,130.63284301757812,7612600
2020-12-16,130.3118259775814,130.93649092886128,129.74789859245402,129.8520050048828,8486100
2020-12-17,130.21638928319305,133.51322910422314,130.1036117503953,133.2789764404297,9920300
2020-12-18,133.30502052589557,134.5630349398195,131.58719832227996,134.0511474609375,17137200
2020-12-21,131.88214981663106,133.0967819055239,130.18168342587472,132.7584228515625,7893400
2020-12-22,132.22054938841214,133.52193280065381,131.75205718488206,132.49818420410156,4699500
2020-12-23,132.56758387757333,133.26165763116018,131.7867459404047,131.8214569091797,4607300
2020-12-24,131.74336443961667,132.77578399033527,131.71733783471183,132.28126525878906,2114900
2020-12-28,133.01868980152634,133.49585293831663,132.13374572747736,132.90589904785156,3855500
2020-12-29,133.70412170831577,134.415537700022,133.4351712759016,133.7301483154297,5212000
2020-12-30,134.25069831662515,135.67354344705828,134.1292364117719,135.38723754882812,5412800
2020-12-31,135.80366669976488,136.78404622874544,134.57169225682358,136.54112243652344,5099900
2021-01-04,136.4196387498696,136.5411006265793,133.721437624492,135.77761840820312,11765900
2021-01-05,135.56075075383276,137.73839388813468,134.53700231855,137.37400817871094,9602300
2021-01-06,136.41965073479167,139.01373245206565,135.96850090808422,138.6667022705078,8230100
2021-01-07,137.94664599684415,139.70785054389881,137.38271846264013,139.13523864746094,7747200
2021-01-08,139.25669057449264,139.76857809032387,138.7101185656447,138.8489227294922,8228900
2021-01-11,139.3000566995804,139.95943266528548,137.74707856030776,138.2676239013672,7066200
2021-01-12,138.0767492627064,138.51922801376142,136.49774456452272,137.1918182373047,6903200
2021-01-13,137.27857382021193,137.47812877830268,135.99454608702274,136.9835968017578,6643100
2021-01-14,139.20464342819346,140.5060268442969,138.47587189238115,139.37815856933594,10030800
2021-01-15,139.074462890625,140.03748681922133,138.04203028160208,139.074462890625,7630800
2021-01-19,140.5493713412605,141.45165777684753,139.76854679581697,141.22608947753906,9057600
2021-01-20,141.59050536718652,142.40604104864437,140.3758862065191,140.87908935546875,6839900
2021-01-21,139.95943840628414,140.96583140228879,138.8662679923448,140.3151397705078,6818000
2021-01-22,140.8617472937241,143.29099908490215,140.43662392780183,141.89418029785156,8137000
2021-01-25,143.16083337454663,144.09783093425153,141.98959635368206,144.0023956298828,9924400
2021-01-26,147.22979131123446,150.65676383231875,146.96084094777237,147.90650939941406,14205700
2021-01-27,146.7266041825644,148.28826656979228,145.27773256835547,145.6508026123047,14207300
2021-01-28,145.92843096315787,148.236220308049,145.58140074456182,146.76132202148438,8944400
2021-01-29,142.51015163654108,144.0197611274199,139.29140414771504,141.52978515625,22505900
2021-02-01,143.4210976174721,143.4210976174721,141.06993946151414,141.16537475585938,9971400
2021-02-02,141.74666531798684,141.98958912795308,139.83795932774512,139.89869689941406,11443300
2021-02-03,139.62975758582215,140.13296072886288,138.4411650469579,139.24801635742188,8601900
2021-02-04,139.68179279603194,140.62746138371935,138.60597794906246,140.54071044921875,7758100
2021-02-05,143.0306718151277,143.53387484341005,142.16308312602428,142.67495727539062,9495300
2021-02-08,143.17819898299217,143.95035259535595,142.18047701633162,143.082763671875,6035300
2021-02-09,143.32570172571002,144.5316499194142,143.12615996025963,144.2540283203125,5544200
2021-02-10,145.65948591400894,145.7028680025172,143.7594642871977,144.7224884033203,5921300
2021-02-11,144.88737422019923,145.21706230200496,143.6727548214811,144.07183837890625,4871300
2021-02-12,142.63161374020268,144.75721719364378,142.2845834661157,144.52296447753906,4413100
2021-02-16,144.52292955846897,144.93069731309393,142.83980533526858,143.21287536621094,5656100
2021-02-17,143.12613877557774,144.0978340861457,142.59690902856718,143.7247772216797,6676700
2021-02-18,143.1174863552836,144.15859050099527,142.54487444171707,143.79420471191406,5189100
2021-02-19,143.6727039804998,143.98503646369733,141.3388880974895,141.3996124267578,8190900
2021-02-22,141.3123321533203,141.8972398363259,139.93299224915086,141.3123321533203,6447100
2021-02-23,140.97181653219076,142.46465006646233,140.02897640331958,140.06390380859375,7042800
2021-02-24,141.7750460113298,143.51231898521903,140.48301109597034,141.94091796875,10286100
2021-02-25,142.41231308086589,142.9099155209191,141.41709487985352,142.08929443359375,9719700
2021-02-26,141.4257823066038,141.78371495266794,137.90759878773517,138.3353729248047,14417500
2021-03-01,140.94566011238211,141.01550161811974,138.88538231628985,139.086181640625,10551400
2021-03-02,139.48776944222288,140.36076838143867,138.4576370879835,138.8242950439453,7610900
2021-03-03,138.15208488758682,138.71952888103718,136.2402150412097,136.37989807128906,8499600
2021-03-04,136.17908340774233,136.2751138056169,132.233125223583,133.6299285888672,11033200
2021-03-05,134.42436453186636,136.79019737052474,133.68232347243907,136.27513122558594,8331600
2021-03-08,137.06079425587032,139.09488280097852,136.17033186269913,137.4099884033203,6546700
2021-03-09,136.96480899499562,140.33458557969902,136.96480899499562,137.67193603515625,7461300
2021-03-10,138.64969673312638,139.5925238570088,137.3751124315858,138.93777465820312,6635600
2021-03-11,139.27822557092946,140.22980440649457,138.73697056642635,138.9290313720703,6305600
2021-03-12,139.05123094764843,139.9504185370096,138.97266426218647,139.33059692382812,5474800
2021-03-15,139.46155542725228,140.255987515905,138.37030694973075,140.0464630126953,5524100
2021-03-16,140.08138995075393,141.1464362059873,139.8893291536862,140.8758087158203,6369100
2021-03-17,140.4044133246083,141.19010699863037,139.26951210142735,140.35203552246094,6001400
2021-03-18,139.86317398401354,140.98061162502094,139.6449242366151,140.09014892578125,4801800
2021-03-19,140.28220953208702,140.98933658111773,139.21714970091,139.71475219726562,14891500
2021-03-22,138.20447820563717,140.24729279643128,137.93385063005013,140.11634826660156,7544100
2021-03-23,139.86317800964258,140.7274385088353,138.70208772155476,139.9853973388672,7178300
2021-03-24,139.76714868256744,141.84487729569923,139.522710022199,141.34727478027344,6370100
2021-03-25,141.809938219092,141.81866341224415,140.23853759284523,141.39962768554688,6269800
2021-03-26,141.5044199017531,144.1321556991893,140.88459800493104,143.98373413085938,7619200
2021-03-29,143.02342326078877,145.81701730856054,142.84882613047313,144.95274353027344,8535100
2021-03-30,144.062312124593,144.62103100378326,143.3726353906637,144.05357360839844,7236300
2021-03-31,144.00987043445906,144.3852534788744,142.909883554557,143.4773406982422,8281500
2021-04-01,141.9496351132038,143.03214528974962,141.65280534523805,142.15042114257812,7229700
2021-04-05,142.857514675536,143.82654381923314,142.0019796318361,142.67417907714844,7387100
2021-04-06,143.24166889041322,143.62579055862105,142.29882842869586,142.63929748535156,5074200
2021-04-07,142.77895155082828,143.41623692331237,142.57816556350667,142.83132934570312,4608000
2021-04-08,143.17181656645508,143.26784697625664,142.16787318108922,142.2726287841797,5039400
2021-04-09,141.5305925078401,142.2377195609517,139.48777806087173,140.77108764648438,8418300
2021-04-12,140.63137448170798,141.4956480952977,139.97662537711398,141.1115264892578,5022800
2021-04-13,136.93857772821744,139.61867683213845,136.65048655636673,139.225830078125,18424100
2021-04-14,137.78540575080373,139.77584200038976,137.5322286325773,139.60997009277344,7718300
2021-04-15,140.30837013714665,141.7662765547491,139.88059592372014,140.02027893066406,7524600
2021-04-16,140.84963846128107,141.87104556947997,140.16870038914846,141.63534545898438,9049400
2021-04-19,141.86234155489018,142.39487149294794,140.41315997645,142.02821350097656,8353500
2021-04-20,140.5528523020122,146.4805102118102,140.5528523020122,145.33688354492188,14050700
2021-04-21,145.24081577244237,145.71224261556574,144.29797540710112,145.43287658691406,6333200
2021-04-22,144.77814785668676,145.16226953979043,143.7130880338656,144.20196533203125,7233000
2021-04-23,143.6344904369468,144.97017752540444,143.1718021420382,144.49876403808594,6015300
2021-04-26,144.22812905240073,144.4027261378613,142.96227021077823,143.27655029296875,6027800
2021-04-27,142.96230412735895,143.0932619632008,141.83614133619767,142.45596313476562,6217700
2021-04-28,142.17658365296754,142.47340004492779,141.12024925452684,141.40834045410156,7448000
2021-04-29,141.338535148921,143.39881335641076,141.25996843461738,143.346435546875,6394300
2021-04-30,143.30275182602992,143.4598985414341,141.879772799191,142.06309509277344,9079100
2021-05-03,142.82262069818583,144.32417982275862,142.40357164883602,144.2281494140625,6594100
2021-05-04,143.8963940868953,146.53285419795907,143.75671108160213,146.4630126953125,10179500
2021-05-05,146.2273424299714,147.01303625496308,145.60750723668045,145.85195922851562,7792300
2021-05-06,145.60748424001005,146.56778838191858,145.1273454899622,146.4368438720703,5529900
2021-05-07,146.92572940815688,147.69395944402618,146.51541882632466,147.10032653808594,5316200
2021-05-10,148.32250442737788,149.74549686488737,147.7375967761141,148.64552307128906,8357500
2021-05-11,148.9772510126005,149.16931182860998,146.90824796484154,147.4320526123047,8217900
2021-05-12,147.13521055733196,148.2351975607418,146.62014446701704,146.83839416503906,6758300
2021-05-13,145.764606792171,149.02088849898217,145.764606792171,148.3748779296875,8018600
2021-05-14,149.7018568204844,149.81535094713274,148.55823032271272,148.6018829345703,5797700
2021-05-17,148.75901511092815,150.05978833635214,148.68044840278418,148.7502899169922,5722600
2021-05-18,148.3923475372346,149.60581546104768,147.9995007010617,148.8026580810547,5846000
2021-05-19,148.33125181416742,148.54950154728664,146.69873475221914,148.4796600341797,5533800
2021-05-20,148.35739457949734,149.79783704176512,148.13914491425055,149.34388732910156,4853200
2021-05-21,149.57088431799306,150.801815809147,149.16929901331784,149.2478790283203,6501800
2021-05-24,150.12631075701708,150.52162190300896,149.13367658787195,149.81886291503906,5195100
2021-05-25,149.92428546524812,150.24052636788517,149.10733761911058,149.406005859375,7444700
2021-05-26,149.3357160881618,149.40599332774366,147.8247889471841,148.51876831054688,5726400
2021-05-27,148.68568782831656,149.48507648965528,147.91266486496994,148.29039001464844,8114700
2021-05-28,148.91407917057916,150.22295433653593,148.6066178958299,148.67689514160156,6400800
2021-06-01,149.46748652689115,149.51141147977398,145.27731142134184,145.40907287597656,10448400
2021-06-02,145.20706967616138,146.46324053081983,145.04016285681138,145.99766540527344,6806000
2021-06-03,145.72533996211365,146.83217659201674,145.56722618813438,145.8571014404297,5808800
2021-06-04,146.7091859917,147.20112675743536,145.70775860419408,145.7956085205078,6510300
2021-06-07,145.82196332595694,146.10307233978986,144.61849719502166,144.80296325683594,5362800
2021-06-08,145.18945129506997,145.52326482866437,142.36964913227473,143.52919006347656,7746800
2021-06-09,144.05630229895013,145.62871406370851,143.7664136353657,145.46180725097656,5552600
2021-06-10,145.82196807143174,147.2099137133646,145.77804311108895,146.77069091796875,6463100
2021-06-11,146.76186054599597,146.77064017342266,144.25828611622,144.90834045410156,7389900
2021-06-14,144.50425053756854,145.34756391567439,143.97717800075094,145.26849365234375,4931300
2021-06-15,145.1455397195812,145.6989646491114,144.40764874955022,144.49549865722656,5062900
2021-06-16,144.76781347366594,145.60233397401132,143.60825904067022,144.44277954101562,6988500
2021-06-17,144.23196674650538,145.55841460727018,143.62583721544925,145.1367645263672,5874700
2021-06-18,143.42377512053912,144.23194322883367,142.1236663600541,142.2905731201172,12993000
2021-06-21,142.98455468985705,144.29342969484708,142.52775935052543,143.9244842529297,6592300
2021-06-22,143.8102866951166,144.10016185006666,143.43254824410172,143.73121643066406,5627800
2021-06-23,143.79275291307064,143.79275291307064,142.7298279094954,142.86160278320312,4493400
2021-06-24,143.42377544625222,144.2407231844009,143.0109050611624,143.51161193847656,4549200
2021-06-25,143.13391269214395,144.75024920396038,143.08998773610244,144.24954223632812,10963800
2021-06-28,144.45154122726314,145.00496603237036,143.6433731935892,144.0825958251953,5604000
2021-06-29,144.06506311239113,144.62726770057157,143.54678348035276,144.09141540527344,3749500
2021-06-30,144.06506390416584,144.91715712274947,143.7751752768525,144.71511840820312,6151700
2021-07-01,144.71511488759378,145.83073100930827,144.6184853475068,145.7868194580078,6320200
2021-07-02,145.83952142620282,148.72082151017432,145.50570785661608,148.43971252441406,9059900
2021-07-06,147.49978564954347,148.33430618540993,146.69161740609277,147.552490234375,6098500
2021-07-07,147.12205227881253,148.8965159864657,147.12205227881253,148.8174591064453,6293500
2021-07-08,148.1937590393285,148.86138622434336,147.20990432964152,148.52757263183594,5755500
2021-07-09,148.78233626423423,149.6607819190345,148.66814744384172,149.11614990234375,6120900
2021-07-12,149.09853285712205,150.37227599665093,148.05318069441486,148.87892150878906,7840500
2021-07-13,148.43092170453448,149.12488767928718,148.1673854012565,148.6944580078125,4691200
2021-07-14,149.33573589276048,150.06484727060104,148.49242230995256,149.70468139648438,6162900
2021-07-15,148.72083094207133,149.24789021777667,147.33288539588838,147.90386962890625,6656900
2021-07-16,147.87752062387216,148.5363547861665,147.53492739563973,147.6667022705078,5834900
2021-07-19,146.24359972757685,147.74574739583807,145.22461315803463,146.59498596191406,8219700
2021-07-20,146.61257343357664,150.0472991375938,146.55986883928756,147.9741668701172,9902800
2021-07-21,148.72083428973156,149.06342751805695,147.12205695486944,148.8877410888672,7585200
2021-07-22,148.77354429799712,150.2756921409267,148.14984203703398,149.31817626953125,5281900
2021-07-23,150.2141760631079,151.25073528856396,149.66954415847943,150.90814208984375,5014900
2021-07-26,150.93452777474795,151.21562339358448,150.09121411020647,150.9784393310547,4484900
2021-07-27,150.91693017972767,151.72509838090266,149.92428253727806,151.67239379882812,7089300
2021-07-28,151.73388010424992,152.3048776939708,151.16289591854297,151.250732421875,5750700
2021-07-29,151.74267313739287,152.26973236942686,150.2932300902681,151.250732421875,4214100
2021-07-30,151.56694821838187,151.95346630026208,150.95203918085048,151.26828002929688,5346400
2021-08-02,151.50548987836498,151.83051040996665,150.4777102964769,151.32980346679688,3721500
2021-08-03,151.73384008626456,153.2886918889198,151.47909686856906,153.1920623779297,6033000
2021-08-04,153.0251833869091,153.36777655090017,152.1994425803632,152.28729248046875,4793100
2021-08-05,152.71774870454277,152.71774870454277,151.4615647256525,152.5771942138672,4291000
2021-08-06,152.7967839672294,152.7967839672294,151.4878955904705,152.0676727294922,4581100
2021-08-09,152.60353670867647,153.06911170063856,151.90955733302593,152.59475708007812,3950200
2021-08-10,152.1994756328642,152.94615973387693,151.77782550961788,152.64749145507812,3678300
2021-08-11,153.06912591283862,153.26238499205115,152.46299638294605,152.673828125,4221300
2021-08-12,152.69137999756836,153.98268235428182,152.4893279124391,153.90362548828125,4300400
2021-08-13,153.9826905341449,154.86113594707155,153.83335642242895,154.8260040283203,5882100
2021-08-16,155.0895438334591,156.2666574963857,154.56247121220147,156.2227325439453,4782800
2021-08-17,155.75717178429642,157.68974923232807,155.75717178429642,157.6546173095703,6041900
2021-08-18,157.68097092364974,157.68097092364974,155.59905932943005,155.65176391601562,7134100
2021-08-19,155.15106447019744,157.5316580496441,154.667930091963,156.86404418945312,5615000
2021-08-20,157.14510245471172,158.04990017539527,156.42478417211547,157.6282501220703,5428700
2021-08-23,157.63707288660595,158.11424627802722,156.88595189018014,156.94781494140625,6461700
2021-08-24,156.39996950721616,156.59437700561497,154.88889549396464,154.98609924316406,5734800
2021-08-25,155.25121732821248,155.436779560419,153.66061649096167,153.9610595703125,5700300
2021-08-26,153.71359832547392,154.39402447967026,152.91830483466265,153.13922119140625,5031600
2021-08-27,154.00519420169704,154.00519420169704,152.65318731172474,152.81224060058594,7046100
2021-08-30,152.6885535421078,154.005219971652,152.6797217413587,153.4573516845703,3252700
2021-08-31,153.30714908453,154.19081468041685,152.41463820313746,152.98902893066406,7106800
2021-09-01,152.7857564020368,153.52804565429688,152.04348063344196,153.52804565429688,5327400
2021-09-02,154.05826088185486,154.8093820519665,153.67829113759487,154.57962036132812,4544300
2021-09-03,154.7297890532222,154.83582456734354,153.5898533417716,154.6767578125,4096900
2021-09-07,154.06706350933092,154.6679494921124,151.69883329306234,152.27322387695312,6859900
2021-09-08,151.65467433902353,152.85646000230187,151.17750088439306,151.902099609375,4661700
2021-09-09,151.27468622956079,151.53094326994162,148.19068904287613,148.5176544189453,7114600
2021-09-10,148.94181683212707,149.4189902504454,147.45725183932518,147.54562377929688,6699300
2021-09-13,148.38508499031175,148.56181536481344,145.91966457940455,146.51171875,6273500
2021-09-14,147.04193903546928,147.165651670522,145.37181172042477,145.62808227539062,5259600
2021-09-15,145.80479597526605,146.65312072102537,145.19506467107408,146.17593383789062,7935300
2021-09-16,146.3791915123297,147.09497192701065,145.0890473729777,145.9992218017578,5665400
2021-09-17,145.1862308222515,145.72526726638546,144.53231355904606,145.58387756347656,13419800
2021-09-20,144.46163887548377,145.95503579724542,143.30403917409438,144.7532501220703,7270800
2021-09-21,145.46020597979646,146.67082362877588,145.13325399779015,145.38951110839844,6663600
2021-09-22,146.11408497094448,146.64427614138376,144.59417934508915,144.85926818847656,5657100
2021-09-23,145.27455360707847,146.48518410097242,145.05363730689518,145.68104553222656,4697900
2021-09-24,145.5839173979253,146.37921109798245,144.8239643914331,145.23928833007812,4399300
2021-09-27,144.92112701265788,145.2392470991054,143.90491718621766,144.18768310546875,5775500
2021-09-28,144.1258231131174,144.84158988493374,142.95054658663432,143.8695526123047,7610400
2021-09-29,144.0374545490066,145.50434229153583,143.84304708994065,144.9387969970703,5124100
2021-09-30,145.48671527794235,146.15829633259943,142.63247894106473,142.71200561523438,6972300
2021-10-01,142.7384715000831,143.06542338449435,140.1670019406939,141.80178833007812,8568300
2021-10-04,141.37764604870958,142.2701433360148,139.32753564773316,140.6972198486328,8620700
2021-10-05,141.26272976086426,142.36731134179067,140.63532149008682,141.0153045654297,5129000
2021-10-06,141.27157637684374,141.34227122347735,139.477736779963,141.3069305419922,7312600
2021-10-07,141.40414058701418,143.6928307289002,141.40414058701418,142.57057189941406,5309200
2021-10-08,142.55290966432068,142.809166699062,141.60738120843016,142.20826721191406,4343200
2021-10-11,142.1464584664138,143.02129232306933,141.3334876780577,141.607421875,4101600
2021-10-12,141.38647999123702,141.54553330906774,139.03592652530298,139.34521484375,6686400
2021-10-13,139.46008577760801,141.4571648116545,139.39822272484216,140.67953491210938,6901100
2021-10-14,141.13022753644108,142.39386277045634,141.03302378892715,141.4836883544922,4579200
2021-10-15,142.29666957562867,142.98592766050962,141.74880122191993,142.53526306152344,6918400
2021-10-18,141.607358215808,142.17290344406288,140.67950699410466,141.4924774169922,7465500
2021-10-19,142.18178656033626,145.93736527881768,142.031565029637,144.8062744140625,10081300
2021-10-20,144.9035065771272,145.58393298318924,144.26726615550257,144.72677612304688,6003200
2021-10-21,145.18623717670425,145.26576383169711,143.40122917943063,144.39093017578125,4524100
2021-10-22,144.09045323712542,144.9741184854666,144.00209480248827,144.67367553710938,4304300
2021-10-25,144.67371642918553,145.19507583699044,142.89755363210492,144.99183654785156,6715400
2021-10-26,145.41601083840652,146.71500036571328,144.9653462307629,146.4675750732422,6939100
2021-10-27,146.40569070136772,146.47638555802345,144.3114078221446,144.69139099121094,7018800
2021-10-28,144.71792376315614,145.9815591398231,143.43661129849127,143.9049530029297,6278800
2021-10-29,143.46308541104773,144.2583788904852,141.92550273598258,143.93142700195312,8526800
2021-11-01,144.17885788717865,144.90345654381412,140.85626716957162,144.05514526367188,5846400
2021-11-02,144.6560143934064,147.55443564859027,144.0197742658135,146.32614135742188,8450600
2021-11-03,145.84012626195778,146.48521168821642,144.41742448149648,145.85780334472656,6717800
2021-11-04,145.75178274119912,145.7959687108143,143.74585837692092,145.4513397216797,8224400
2021-11-05,143.5779400608748,145.45131974264694,143.33051484541372,144.41741943359375,6215900
2021-11-08,144.63834370858223,145.07134460124323,143.1626241340398,143.92257690429688,5578800
2021-11-09,143.692848873025,144.55883729590752,143.17148945910247,143.60447692871094,6112800
2021-11-10,143.62217644250165,145.66344192846657,143.46312309829707,145.15975952148438,6225100
2021-11-11,144.47049836824584,144.75326435768392,143.5868327402923,144.09051513671875,4118800
2021-11-12,147.95209789348604,148.11999648418464,145.4601683684622,145.81362915039062,18995200
2021-11-15,145.8047998557731,146.2112918972744,144.23187642693128,144.49697875976562,7496200
2021-11-16,144.19648349791134,145.23038366641939,143.70163313425755,143.74581909179688,7594700
2021-11-17,143.92260599231082,144.79743975417318,142.96824556582453,144.284912109375,5414500
2021-11-18,144.43512995702022,145.3364725841251,143.2686984545899,143.5072784423828,6358700
2021-11-19,144.07280626230343,144.205364167451,142.95939267085194,143.9402618408203,7620700
2021-11-22,143.22870545236975,144.66072622456284,142.00125519849448,142.0457305908203,7634500
2021-11-23,141.88562582583575,143.2020132029498,141.22742535128708,142.92628479003906,7734000
2021-11-24,142.43708071674016,142.8640145898996,141.76110095323912,142.52603149414062,5230900
2021-11-26,142.84625639121438,143.34434824546858,141.12071420184438,141.60101318359375,8523100
2021-11-29,141.8678465650675,142.68614223323098,140.90723506627089,142.0902099609375,9188500
2021-11-30,140.9872969905453,141.4231341767534,138.62136053223475,138.6925048828125,14981700
2021-12-01,139.53748626641865,142.3837350955889,138.97712615074366,140.60482788085938,9835800
2021-12-02,139.8754486262109,141.6810380951363,139.4218322397657,139.7242431640625,11334700
2021-12-03,140.45362573753712,142.01905923782505,140.16899406185644,141.76112365722656,8750500
2021-12-06,142.48159921906313,145.44348185256035,142.161395324307,144.92759704589844,9692000
2021-12-07,145.87038193021624,146.11053818842763,144.456154045608,145.30113220214844,8311300
2021-12-08,145.39898547377217,146.37738989214733,144.6607373348137,146.1728057861328,6216400
2021-12-09,146.03044191359152,147.63146062975804,145.41673051337676,147.560302734375,8574200
2021-12-10,147.2668213602311,148.26300492942187,146.44851220327212,147.19566345214844,6572200
2021-12-13,146.53748498918296,150.49555091334048,145.6925067582706,149.82846069335938,11142300
2021-12-14,149.72172072139023,152.0698775978946,148.68106167552872,151.4650421142578,10482400
2021-12-15,151.0736954522972,152.36340042429464,150.69122335683105,152.22108459472656,8552200
2021-12-16,152.3278250312789,154.3290957151145,151.95425613226783,153.88436889648438,8998600
2021-12-17,150.88691487147295,151.90089147768785,149.12580046530715,149.63278198242188,16726200
2021-12-20,149.25919084456902,149.8818055850991,148.1384843116149,149.20582580566406,7954500
2021-12-21,149.48155223006506,149.51713797018326,147.63148733143248,148.72552490234375,7954200
2021-12-22,148.5921159916487,149.5794100288482,147.75602743755374,149.36593627929688,4178200
2021-12-23,149.32149545457574,150.27320388135365,148.85897571816736,149.6505889892578,3501500
2021-12-27,150.4421801590645,151.0736981816919,150.05081840667395,150.91358947753906,3704800
2021-12-28,151.02032717958735,151.77636820045745,150.84243916643717,151.5184326171875,3187000
2021-12-29,151.20709872120585,152.97711611568,151.1270511615119,152.58575439453125,3662000
2021-12-30,153.09273566830726,153.76872903023445,152.76364220862186,153.26173400878906,4231800
2021-12-31,153.45739256921857,153.59080514916783,152.1232124817992,152.15879821777344,4409500
2022-01-03,151.39389722277556,152.63023713485788,150.40660322305627,152.5768585205078,6012200
2022-01-04,152.1499164800866,153.24394050608268,151.7407754624871,152.16770935058594,6748400
2022-01-05,152.98599030178238,154.293487932562,152.64799365459294,153.18167114257812,7016100
2022-01-06,153.11942747378822,153.43074165376356,151.91867329099293,152.65692138671875,7301600
2022-01-07,152.50569801149675,155.03174261024031,152.21217673761709,154.72042846679688,6986000
2022-01-10,154.48922884295447,154.48922884295447,153.12836564863233,153.95555114746094,7698400
2022-01-11,153.8665934626285,154.22236949767998,151.30496257990328,152.31893920898438,8341100
2022-01-12,150.86022956941284,151.27827385806341,149.73061966782606,151.02032470703125,8116200
2022-01-13,150.3176302040126,151.5806524504617,149.83733132177852,150.10415649414062,6159400
2022-01-14,149.9885646147987,150.0063439149345,148.67216351756957,149.285888671875,5847700
2022-01-18,148.6277313232422,149.17918832104735,147.65821639318187,148.6277313232422,7815600
2022-01-19,148.71666388967566,150.06863738623272,147.9339538207107,148.1652069091797,5926500
2022-01-20,148.79668763479705,149.3036827042885,146.6975765837506,146.98220825195312,6011300
2022-01-21,147.81826532108232,149.4192841836779,146.2884043603779,146.64418029785156,10550300
2022-01-24,145.8703749165996,146.0215803839117,140.76490690860456,144.95423889160156,14054600
2022-01-25,144.4116817349637,149.79287853172144,143.7179090382032,149.09910583496094,14081200
2022-01-26,149.0190231133659,150.5133119474642,147.85384128045789,149.76617431640625,9963200
2022-01-27,150.6645765044808,152.90600384888052,150.31769007027506,151.73191833496094,9066700
2022-01-28,151.97202436076725,152.84368498377435,150.58447908316887,152.79920959472656,9783100
2022-01-31,152.54131032343162,153.53749412944694,151.93648831891844,153.2439727783203,8054800
2022-02-01,152.75478363169412,152.96824383405294,150.70013418008574,151.98985290527344,8154700
2022-02-02,150.89577906256497,153.8665640321566,150.89577906256497,153.67088317871094,7382800
2022-02-03,153.21729096793538,154.42694855459308,152.1321563576107,153.66201782226562,6240400
2022-02-04,152.09656129155692,153.85767556951404,151.313837802694,152.65692138671875,6392200
2022-02-07,152.46124705465797,152.7547683755728,151.21600385332368,152.14993286132812,6065700
2022-02-08,152.11436256756312,153.03049871446964,151.63405001032004,152.55018615722656,6296100
2022-02-09,153.0482790976084,153.19948457270206,152.31892067093824,152.5323944091797,5387500
2022-02-10,152.28335264511392,152.29224229495523,150.58449305849783,150.69122314453125,10355300
2022-02-11,150.42437673162752,151.34051278226252,149.01903852483215,149.17025756835938,13125300
2022-02-14,149.1702502071953,149.40150322779402,145.70137346631574,147.2935028076172,8967600
2022-02-15,147.76495003210627,149.51717493660635,147.65820635734372,148.8144989013672,6631400
2022-02-16,148.0851173000485,149.28587137536465,147.3913446595592,148.72552490234375,8482400
2022-02-17,148.7255448266335,148.93900500800632,146.68868844946726,147.81829833984375,6227600
2022-02-18,147.68401616767707,148.02418254366464,145.85788930834113,146.23385620117188,6423200
2022-02-22,146.42183547669032,146.57401156527672,143.6199705902751,144.24658203125,6868900
2022-02-23,144.57779809537203,145.5893368443696,143.98700078643836,144.31820678710938,8016900
2022-02-24,143.02917858863157,143.34249118012806,139.39481809098487,141.5611114501953,12883400
2022-02-25,143.22606833584337,149.48326211354237,142.9575167258932,148.5970458984375,11340400
2022-02-28,145.79521311016697,147.86303773370688,145.3565919228132,147.31700134277344,9373500
2022-03-01,145.94740002562588,147.4781350856874,145.3834565059032,146.8067626953125,8737800
2022-03-02,147.1737669858468,150.05619322995693,146.8425473541738,148.63287353515625,6793300
2022-03-03,149.22368838637345,151.5869184611972,148.88353569121213,150.81707763671875,7333700
2022-03-04,150.0651528063604,152.0524161303168,149.35797991426338,151.71224975585938,6302500
2022-03-07,150.6559604509508,154.9706397190192,149.8145049068725,154.1560516357422,11663400
2022-03-08,154.00385581655905,154.97063361685076,150.843931123146,151.03192138671875,11100300
2022-03-09,152.1866478156239,152.3835847568389,150.28890673748225,151.60479736328125,7248200
2022-03-10,150.88869764450735,152.31200376789795,150.4590231591472,151.87338256835938,6171400
2022-03-11,151.39894924303286,153.4846810397087,151.30048074931491,151.59588623046875,5188000
2022-03-14,152.78644347205105,155.86580696579117,152.4910516456302,153.69056701660156,7729500
2022-03-15,155.15863540138568,158.01420812686294,154.4604092147362,157.67404174804688,10554400
2022-03-16,157.0653171596322,158.39910138265748,154.4693360795582,156.22386169433594,9603300
2022-03-17,156.8415558006518,158.30066257979973,155.9374321950111,158.26486206054688,7472100
2022-03-18,158.44390143261916,158.44390143261916,155.45405933913864,156.51034545898438,13809500
2022-03-21,156.34917580195108,158.58708334408675,156.0448236544055,157.39651489257812,7574900
2022-03-22,157.3965209070194,157.8799029445861,155.67780948807618,156.65353393554688,8442100
2022-03-23,156.85945415408833,157.13695257910527,155.83896858451558,156.06275939941406,5254200
2022-03-24,156.65357935009786,157.13696152779914,155.8210840276378,156.86842346191406,5012300
2022-03-25,157.27119148094846,159.07046421455593,156.85046377333668,158.3722381591797,4809500
2022-03-28,158.1305747049772,159.50017331594518,157.86203667075327,159.18687438964844,5604200
2022-03-29,159.8940116222272,160.59223767357378,158.26482205545304,159.1062774658203,5933400
2022-03-30,159.73289705622977,161.00402694995782,159.05256439542873,160.7623291015625,6277600
2022-03-31,160.7623661071191,161.31737661486156,158.42598945910302,158.6497802734375,11490400
2022-04-01,158.48863930564545,159.72395517120603,157.1906554628716,159.50912475585938,6525600
2022-04-04,159.50910289484722,159.50910289484722,157.11901923794062,157.96942138671875,6860600
2022-04-05,157.96944374443297,160.81605603337536,157.8083072730953,158.98992919921875,7446100
2022-04-06,160.58331972200222,163.45679949343062,159.89404025997754,163.12557983398438,10330900
2022-04-07,162.62428783784128,163.77009557722863,161.3352507162541,162.70484924316406,7385200
2022-04-08,162.3199419620777,163.98494603240795,161.51428690017883,163.02711486816406,7144500
2022-04-11,163.81483292796517,164.88902582190158,160.77128411862807,160.98611450195312,5932000
2022-04-12,160.41325964149613,161.85447309199571,159.51809634700217,161.0398712158203,5957500
2022-04-13,161.03982117435564,161.88127659516363,160.44902396449578,161.72015380859375,5643100
2022-04-14,161.12939300891287,162.38261615756124,160.88769509484928,161.0398712158203,6188200
2022-04-18,160.88764834721303,161.47845922809847,158.21111961619934,159.03466796875,6318700
2022-04-19,161.77387392220774,166.4466263217637,161.08459452174708,163.88645935058594,14380800
2022-04-20,163.13451297628947,164.99645368892638,162.83014716988748,164.6115264892578,8044900
2022-04-21,164.64733606427532,165.48879153121632,163.42096703557863,164.13710021972656,6969200
2022-04-22,163.34039750606382,163.9491018038677,162.36467309152917,162.5078887939453,8003600
2022-04-25,163.22404548136225,167.1180106472313,163.00921506720496,166.50929260253906,11176500
2022-04-26,165.69469083909829,167.01058165360902,164.87112878912723,165.31871032714844,10190000
2022-04-27,164.92486491768366,165.44406118769382,162.686957025798,163.00921630859375,11090100
2022-04-28,163.143470205814,165.15758712193517,162.848064752357,164.22662353515625,9403900
2022-04-29,163.3672643941506,163.4120252806001,161.30838654941704,161.5411376953125,8463100
2022-05-02,161.5501071158588,162.39156272660398,158.47074345913467,159.91195678710938,7145400
2022-05-03,160.05517476314185,161.6933249750383,159.05258274186784,159.5986328125,5898700
2022-05-04,159.4732931284259,161.57693177585296,158.57813007149596,161.30838012695312,5923000
2022-05-05,160.61017169526616,160.86977665941927,156.89525006417216,158.22903442382812,7089200
2022-05-06,156.77888168177026,158.32751018709754,156.3760609751842,157.8799285888672,6434000
2022-05-09,157.0563469869204,159.84030448754663,156.28650625384714,158.7392578125,7855200
2022-05-10,159.54491470390673,160.395316912904,157.9962863730713,158.52442932128906,8186700
2022-05-11,157.51290874742241,159.62549425889404,157.44129405866514,157.6650848388672,6138900
2022-05-12,157.96944851214266,159.29428620275547,156.3939662222006,159.22267150878906,6898600
2022-05-13,159.9656443814509,160.13572755712326,157.36967683653953,158.30960083007812,7732200
2022-05-16,158.3095826029115,160.35055315778027,157.70086465791192,159.41062927246094,5516700
2022-05-17,159.98355256592424,160.86080859166427,158.07685076529984,160.0730743408203,5751100
2022-05-18,160.09097694294618,160.56541232705285,156.80572977074638,157.10113525390625,8608800
2022-05-19,156.40292289200593,156.4745375905307,154.58574260164994,155.70469665527344,6874500
2022-05-20,156.51927620765937,158.58710081899224,155.80314298344362,158.42596435546875,7522100
2022-05-23,160.00258200953633,162.10170281357932,159.87645440225205,161.66026306152344,7040800
2022-05-24,161.48907812601203,163.73236231914882,161.35394632089185,163.42604064941406,6419800
2022-05-25,162.64223918226477,163.56117664401782,161.31789258196315,161.82240295410156,6558900
2022-05-26,163.06567196869744,163.06567196869744,160.9034807120621,161.6782684326172,6897600
2022-05-27,161.94852480959773,163.20981444213518,160.57012553924065,163.14674377441406,5853600
2022-05-31,160.36296386829557,162.3179489130194,157.66922149264232,161.74136352539062,16391400
2022-06-01,161.3989912215236,162.0116208525673,158.47101612054178,160.1016845703125,5175400
2022-06-02,160.12870322726414,160.19176015495106,157.29081155629,159.59715270996094,8666500
2022-06-03,159.5250715504143,160.9665277170573,158.69621741467162,158.93946838378906,4234200
2022-06-06,159.6512006682586,160.8133753151883,158.5610871455078,158.92144775390625,5386500
2022-06-07,159.44400498409948,161.5341353281829,158.92147239807863,160.66925048828125,5447800
2022-06-08,160.45305172217556,161.66927936625254,159.28185885438054,159.71429443359375,4333100
2022-06-09,159.65122018034964,160.94852677726266,156.434945682462,156.49801635742188,5509600
2022-06-10,155.1106201228046,156.7322707736173,153.71419834719143,155.45297241210938,6647300
2022-06-13,153.22769631018366,155.18268112230223,153.22769631018366,153.88536071777344,7997000
2022-06-14,154.1105861788166,154.15563469820808,150.68710490823437,151.52496337890625,7116800
2022-06-15,152.8312805716939,154.45293096324588,151.93036521492917,153.1466064453125,7796100
2022-06-16,151.71416175024243,153.344830320903,150.82226422059372,153.2277069091797,7056700
2022-06-17,153.72321314140655,155.1376433002178,152.4709411709046,152.6691436767578,12486600
2022-06-21,153.83132178106877,156.63316953878655,152.75923013548035,155.8673858642578,8219700
2022-06-22,154.95743037624194,160.29084726049672,154.67814883494776,158.3268585205078,10593100
2022-06-23,159.46205134311484,162.00263977657545,159.02961573097184,161.85848999023438,10223500
2022-06-24,162.86748221447996,164.44408413836481,162.14674715704277,164.2278594970703,9374400
2022-06-27,163.64228671015832,165.18285822462232,163.51615909323982,164.07472229003906,5908600
2022-06-28,164.11975797055203,164.84049304520704,158.84039313800557,159.40797424316406,9245700
2022-06-29,159.66024015554174,160.633230509491,158.94850923838598,159.45303344726562,7097900
2022-06-30,159.33590399769454,160.62420646811955,157.68722710601602,159.92149353027344,10777200
2022-07-01,159.86741383366075,161.91249537026704,159.18272316910645,161.73231506347656,5498400
2022-07-05,161.11070855538813,161.38098593470139,157.3088443278499,160.48907470703125,5676400
2022-07-06,160.42600254769062,161.6602521749177,159.83139511901643,160.63320922851562,5335600
2022-07-07,160.23679975344322,161.37194811051884,159.92147389192823,160.81338500976562,5725800
2022-07-08,160.6602371158169,162.15575990631334,160.15572671586082,160.6151885986328,3828300
2022-07-11,160.09266516959255,161.28188010604026,159.93050699473775,160.6782684326172,3645200
2022-07-12,160.34492008080224,160.76835142129337,157.84037635234031,158.4259796142578,4708800
2022-07-13,158.2548126078775,158.85842431494555,157.20974737763484,158.05661010742188,5291700
2022-07-14,155.4349338601798,158.57011562318257,155.22772716597532,158.27281188964844,5359600
2022-07-15,160.10167855252396,160.82239986048074,159.05661341035776,160.5701446533203,5691100
2022-07-18,160.12871366013607,160.53412285472382,156.67820590966602,156.96649169921875,7605700
2022-07-19,158.8584240469217,159.23680688891346,153.04752210360445,154.6781768798828,13256400
2022-07-20,155.13762796506126,155.4529538514434,152.9393922060763,153.79527282714844,7455800
2022-07-21,153.20069726433533,154.4079208433553,152.94844200146193,154.33584594726562,5729200
2022-07-22,154.59711608047272,155.3989303815167,154.11061397829113,155.06558227539062,4257000
2022-07-25,155.06555027247023,155.84033804647657,154.70518962046262,155.3718719482422,4437300
2022-07-26,155.4619872697554,157.64220128143944,155.39893032875656,156.47100830078125,4525500
2022-07-27,155.52502907427817,156.84937580498857,154.17365598146162,156.03854370117188,4648500
2022-07-28,156.21871808687882,158.64218260728663,154.45293167770325,156.939453125,5513000
2022-07-29,156.57007457411996,157.52505640436777,155.77727840414164,157.22775268554688,6451400
2022-08-01,156.91245574447757,157.8043670654056,156.34487456326156,156.67822265625,5461400
2022-08-02,157.6691952397852,158.1016445186614,155.58808291762512,155.78628540039062,5794200
2022-08-03,155.45297096365442,157.89444424981627,154.7502579793298,157.29083251953125,5010000
2022-08-04,157.48900232413266,157.74125750987315,154.59707189229454,154.7682342529297,5651600
2022-08-05,154.3268157794951,154.53402247909608,152.96642468332894,154.1556396484375,5235500
2022-08-08,154.32681262154338,154.48897079698807,152.65110940755716,153.33580017089844,4629800
2022-08-09,153.64207905987908,154.16461154897252,152.91233991460442,153.3177490234375,5532500
2022-08-10,154.0746033302728,154.2728058794787,152.7322340191749,153.75927734375,5603400
2022-08-11,151.82224697876745,153.11054923188914,150.43482974800045,150.5789794921875,9328700
2022-08-12,150.93935201514537,151.29972640404716,148.78616487388754,148.9213104248047,14606900
2022-08-15,149.55193179085032,150.2276182296644,148.76813992082623,149.6330108642578,10072000
2022-08-16,149.42584386724158,151.57903134056974,149.19161078848938,150.96641540527344,7453600
2022-08-17,149.92133347447546,151.85829606584346,149.92133347447546,150.97540283203125,7406600
2022-08-18,151.06547373585119,151.62405058019266,149.48887193131208,150.2456512451172,8312100
2022-08-19,150.54295096509398,153.26370525231218,150.4528539370398,152.53396606445312,8128500
2022-08-22,153.18699755211574,153.2051407998792,151.61794568203624,151.99887084960938,5462600
2022-08-23,151.46378680644293,152.16215664455115,150.37542703436546,150.6747283935547,5566300
2022-08-24,151.06466751882905,151.09187546603656,149.7132933433883,150.17584228515625,5684300
2022-08-25,150.51145005635553,151.68144740647202,149.37773920350676,151.58168029785156,5678700
2022-08-26,151.8809794619518,151.9172521194594,148.92425274269,148.9877471923828,5667100
2022-08-29,148.26216810138644,148.59774207735458,146.94706631095744,147.8358917236328,5259200
2022-08-30,148.10795013324324,148.32561370336583,146.95609633079698,147.31887817382812,6973300
2022-08-31,148.04446162760783,148.33469818504753,146.26681115063244,146.33029174804688,8741700
2022-09-01,146.4663848772564,150.10332449466682,146.45730633285925,149.9582061767578,7509600
2022-09-02,150.42980459243242,150.7381705787029,146.93797013143953,147.60006713867188,5803700
2022-09-06,148.68845057545997,150.75633809991427,147.6726500621825,147.9991455078125,7394600
2022-09-07,147.7542789200427,149.12379671830828,147.0740523734896,148.80636596679688,4590600
2022-09-08,148.63400728066568,150.03073272906263,147.90842968805725,150.00352478027344,5838400
2022-09-09,149.64075894638762,150.7381832365155,149.09657223377934,150.2937774658203,5500600
2022-09-12,150.65656201436758,151.0737736798911,149.84936047474537,150.23028564453125,6365300
2022-09-13,148.35287336663703,149.14193168827592,145.84963095717228,146.32125854492188,6726400
2022-09-14,147.2735737674555,149.9763364685846,147.2735737674555,149.34146118164062,9555700
2022-09-15,149.15097173154317,150.62027015827488,148.8335410501395,149.7223663330078,7174500
2022-09-16,149.940092536343,152.03518830424363,149.42311366413585,152.0079803466797,20201500
2022-09-19,150.82891900840215,150.94681554546753,148.81544710117814,150.81077575683594,7380900
2022-09-20,149.84936179190825,150.4660938324369,149.03309554079837,149.62261962890625,7143400
2022-09-21,149.66798964379404,151.28239294017203,148.05358634741606,148.08985900878906,8071200
2022-09-22,147.9719480136004,151.60890160704997,147.68172520611097,150.72006225585938,7401100
2022-09-23,150.32098298336882,151.89909951374085,149.34145522008131,151.20980834960938,9598600
2022-09-26,150.37538561658232,151.31862680212112,149.08749195976898,150.28468322753906,8735500
2022-09-27,150.88329165618046,152.07141826700644,149.10562717210078,149.59539794921875,8686700
2022-09-28,150.7835336790806,151.80841265234426,149.74052529759916,150.88330078125,8660900
2022-09-29,150.99214268506503,151.6179532915019,148.64309711418093,149.2235565185547,7008100
2022-09-30,149.6498119131949,150.32097362753873,148.12611138018758,148.16238403320312,8985200
2022-10-03,149.00586540311673,149.08750309504975,146.65682004740748,148.01727294921875,8657000
2022-10-04,148.60681840279454,150.556795458884,147.76333036435938,150.21214294433594,6236100
2022-10-05,149.66796415907075,150.59306217863468,148.9333217979641,149.7495880126953,4539400
2022-10-06,149.45936573888648,149.64983525484186,146.64777107703893,146.84730529785156,5890700
2022-10-07,146.72031884897524,147.12845196378902,144.36219488011758,145.29637145996094,6363500
2022-10-10,145.68636585761945,146.27588989254386,144.37125035945533,145.48683166503906,5315600
2022-10-11,145.45055686666424,148.84262457401556,145.45055686666424,147.59100341796875,6212200
2022-10-12,147.78146015877195,149.54098138871484,147.3823917759921,147.55471801757812,4341700
2022-10-13,145.92220664628755,150.54775296587076,145.7952315704958,149.785888671875,6465100
2022-10-14,149.14192144995513,150.26655367683534,148.38007113382798,149.16006469726562,5684600
2022-10-17,150.01262393136105,151.65424897431555,149.65890667663487,151.0919189453125,6710800
2022-10-18,149.6498084355986,151.6179284979517,147.88122255829893,150.5658416748047,10883600
2022-10-19,150.5568096873528,150.7835518706169,148.64310510703413,149.36868286132812,10044600
2022-10-20,149.64982091185104,150.32098266655277,149.04215360279687,149.7495880126953,5659900
2022-10-21,149.38683434057424,153.6132983516233,149.1328703492228,153.01470947265625,8487600
2022-10-24,154.0123347338473,156.07115731722837,153.50443453548286,155.073486328125,6855500
2022-10-25,154.33885770574756,155.19141047420456,152.84236492826028,154.82862854003906,5661900
2022-10-26,155.3818701395455,156.51558091103095,154.65629247794627,156.18907165527344,6123800
2022-10-27,156.316056394373,157.29557038309918,155.74466170157964,156.27976989746094,5390900
2022-10-28,156.9055963728635,159.0732511680286,156.53373585772863,158.60162353515625,6073900
2022-10-31,158.28420550185635,158.86466500467657,157.28653424423743,157.78536987304688,7810000
2022-11-01,157.86698924859155,158.38396811442067,154.56562332551624,156.9872283935547,6985000
2022-11-02,156.80582571486244,157.75814566462967,154.44770144298587,154.57467651367188,6877300
2022-11-03,154.01236262808388,155.5179340882361,153.22330423694464,154.83770751953125,4819900
2022-11-04,155.59953669051765,156.45208942106206,153.49537665529007,155.5269775390625,5300900
2022-11-07,155.69930917533358,157.67650806290686,155.49071025721705,156.88743591308594,6621000
2022-11-08,157.0234794721335,158.43834828579887,156.16184822346565,157.66741943359375,5148400
2022-11-09,158.05745867884414,158.71954203634982,156.3070016759783,156.40676879882812,6150000
2022-11-10,158.12998350241517,158.51090865986504,156.03487437757673,158.2388153076172,7877500
2022-11-11,156.66068725845193,157.0053397656915,151.30051318414652,153.5044403076172,11074700
2022-11-14,154.41142082746998,157.14139162619782,154.41142082746998,155.9169921875,6581500
2022-11-15,156.1709344768151,156.90557687100733,154.6562984879602,156.35232543945312,9351000
2022-11-16,157.48604740878028,158.71046071198074,157.0234983454072,157.3227996826172,5500900
2022-11-17,156.9055822507281,158.710454913081,156.88743900206921,158.59254455566406,4464100
2022-11-18,158.71951695280072,160.2069450152458,158.3748644302881,159.80787658691406,6555700
2022-11-21,160.5564128071526,161.15887923955685,159.58882280099692,160.6294403076172,5706600
2022-11-22,161.02190619373556,161.74304387068642,160.95801585255708,161.40530395507812,4707900
2022-11-23,161.058448883624,161.9347509271346,160.66592785669562,161.57875061035156,5389200
2022-11-25,161.9165061775441,162.5919861079605,161.44183444072746,161.78871154785156,3058600
2022-11-28,161.34142598558068,162.27250911899077,161.1679874292173,161.87086486816406,6183100
2022-11-29,161.57876322299632,161.80696892922376,159.43363794160086,160.7389678955078,6700500
2022-11-30,160.9945317073882,162.4915603463096,159.54314698820693,162.48243713378906,13288000
2022-12-01,163.39527262684817,164.27158859743997,162.27250454175822,163.15794372558594,6282600
2022-12-02,162.02602110537504,163.3587483089527,161.53310300072312,163.2857208251953,5823900
2022-12-05,162.81105888279322,163.72388159150398,162.4824421505146,163.19444274902344,5120600
2022-12-06,164.23506833097179,164.30809582276584,160.59290052594866,160.7480926513672,7943500
2022-12-07,161.1771224369405,162.37291803152218,160.86675211086697,161.7248077392578,5702600
2022-12-08,161.40533407328599,161.9986633214592,160.96716910100955,161.752197265625,4798500
2022-12-09,161.67916532722623,162.38204276343842,160.34645187674462,160.4194793701172,4561000
2022-12-12,160.6111608153809,162.36377883201223,160.29168120855363,162.33639526367188,4882400
2022-12-13,163.4865182873248,164.4906146984011,162.7653806992453,163.58692932128906,9177500
2022-12-14,163.01186525126275,165.25740109784553,163.01186525126275,164.0889892578125,9533600
2022-12-15,163.57782576203618,164.1620317354211,161.0219194052638,162.01690673828125,7602400
2022-12-16,161.56963152634188,161.56963152634188,159.61619134073683,160.35557556152344,18841800
2022-12-19,160.0634714226692,160.8119788190946,158.8950594414909,160.18212890625,5736000
2022-12-20,160.6568087493569,161.05845299980152,159.89916417303093,160.35557556152344,6174700
2022-12-21,160.90325351638245,162.64673420409926,160.3372939980838,162.19032287597656,5472000
2022-12-22,161.35968647270926,162.0351664145866,160.0543426564581,161.59701538085938,5709100
2022-12-23,161.2683825751183,162.04428743114175,160.483354506502,162.0077667236328,3683400
2022-12-27,162.58283905752094,162.80192150283168,161.56048216987338,161.9621124267578,3067300
2022-12-28,162.26337405510648,162.8932240084633,161.2501402015695,161.25927734375,2645400
2022-12-29,162.07167207543245,162.75628909580578,161.6335210823928,162.08079528808594,2828800
2022-12-30,162.01690371302487,162.27249295107273,160.10909371168145,161.2501220703125,4216600
2023-01-03,160.80285476940227,162.82932233558913,160.66592300334838,162.6558837890625,6344900
2023-01-04,163.29485264743158,164.48152494606364,162.92059199665462,164.4267578125,9788800
2023-01-05,163.41352963516715,164.298968800861,162.8567072106439,163.21270751953125,6255300
2023-01-06,164.4267663863409,165.15701344335935,163.751272537172,164.5363006591797,5706000
2023-01-09,163.66912403051415,164.08901470108165,159.90828477922835,160.27342224121094,7925300
2023-01-10,160.38294804415483,160.784592266836,159.12326217041849,159.89002990722656,5047500
2023-01-11,160.26427979045746,160.40119761690968,157.10590728413257,159.63442993164062,6494800
2023-01-12,159.0685056858086,159.47928711338417,157.73579211761083,158.8311767578125,4269400
2023-01-13,158.09176825465542,158.84027563817153,157.35238408400525,158.3108367919922,6088000
2023-01-17,158.83115038042953,159.3605892197926,157.08765567420156,157.33412170410156,6053300
2023-01-18,156.68601935120176,157.00551288489547,154.91515491749865,154.96078491210938,7047800
2023-01-19,154.29444307354044,156.34829445745223,154.0023470084633,154.7508544921875,6939500
2023-01-20,155.27114830313423,155.28027151593528,152.87954333519298,154.0297088623047,8620600
2023-01-23,154.35831420022683,154.84210908578325,153.30855980569316,153.63717651367188,8425400
2023-01-24,154.28528671750175,156.0835484349731,151.53768165317268,153.63717651367188,10541800
2023-01-25,152.59657263804866,154.73257446289062,152.51442193599382,154.73257446289062,7099800
2023-01-26,154.7690616674371,155.0976783330871,153.94751303902893,154.16659545898438,6946100
2023-01-27,153.84712073742998,154.1483538783359,153.14425733721757,153.56414794921875,6058100
2023-01-30,153.29032116161406,153.84714360875194,147.0374935409428,147.87728881835938,23259100
2023-01-31,147.60342108602808,149.18260038515146,147.01009192946142,149.17347717285156,11612500
2023-02-01,148.7809834068884,151.51031448520388,148.24240740457546,150.542724609375,9865300
2023-02-02,148.790124445689,151.7294151349141,148.62582301851845,151.1086883544922,10099000
2023-02-03,151.55592619247676,151.8388989531556,149.60248650125183,150.2597198486328,6868500
2023-02-06,150.2049745953439,150.4788241847215,148.8813844966823,149.11871337890625,7021000
2023-02-07,147.51214280864497,149.59337729399354,147.3478274921343,149.15521240234375,7310800
2023-02-08,149.06393578730973,150.21408726771006,148.69879838423745,149.34690856933594,6054700
2023-02-09,149.36516371484961,150.4331644655417,147.0283401309182,147.32955932617188,7949500
2023-02-10,147.6673275299406,148.59839662668824,147.28394367917943,148.01419067382812,7028000
2023-02-13,147.26568312754142,148.625793921096,147.1013678039686,148.5618896484375,6414700
2023-02-14,148.55277489047353,148.76272021667248,147.65819859375398,147.91378784179688,6316000
2023-02-15,147.83163144625124,147.8590150125891,145.40351975478694,145.47654724121094,12621800
2023-02-16,145.20269752929178,145.73212237964768,144.15294318315202,144.44505310058594,11177000
2023-02-17,144.36234424518844,148.12263875051525,143.99458053481044,147.46067810058594,12401900
2023-02-21,146.78029026994128,147.42387310031188,145.16217242175406,145.2633056640625,9423900
2023-02-22,145.72299562777374,146.04478703403433,144.684082715487,145.06103515625,9820200
2023-02-23,144.99671327983293,145.80576532327905,144.04054173473747,145.0150909423828,9385100
2023-02-24,144.02216519751752,144.20605407236553,142.69825788837173,143.39698791503906,8689700
2023-02-27,143.83827208540018,144.25199394376668,142.57871481940114,143.08438110351562,7267100
2023-02-28,142.48680566174892,142.7534361451642,140.70318997925827,140.90545654296875,9062300
2023-03-01,140.6755761317646,140.88704550749154,139.66425758149393,140.27105712890625,6767000
2023-03-02,139.51713673646873,140.44571361761083,139.03905102190873,140.16070556640625,8762500
2023-03-03,141.00654582284665,141.6960868852059,140.51927126107938,141.60415649414062,5747200
2023-03-06,142.19257580102806,143.1763138345697,142.10983423375583,143.02001953125,8148200
2023-03-07,143.50729438457492,143.65439985692842,140.98817980708384,141.66851806640625,7457700
2023-03-08,141.5673739036322,141.7696404053513,140.18829177122848,140.62960815429688,6230500
2023-03-09,141.08930628721168,141.21802006214952,138.5609889712007,139.0482635498047,7439400
2023-03-10,139.61830532287655,141.1169127144979,138.91957527762,139.38845825195312,8504300
2023-03-13,139.829734766316,143.34180409245496,139.351663048163,140.72154235839844,10799600
2023-03-14,140.92382963084188,141.61337081732972,139.65506935850382,141.51223754882812,8421200
2023-03-15,140.51924699408218,142.4039950447936,140.23423898212636,141.90753173828125,7757700
2023-03-16,141.0800955249271,141.92593085981693,140.2986240882754,141.61334228515625,7605500
2023-03-17,142.02705032266195,142.45916379282446,140.02279127275688,140.09634399414062,20540700
2023-03-20,140.17908986055193,141.6501162760203,140.09634830722808,141.484619140625,7129000
2023-03-21,141.5857523820478,141.70527731156955,139.90327065405816,141.484619140625,8376800
2023-03-22,141.44787052257914,141.64093417529526,138.8551892418229,138.8735809326172,7943500
2023-03-23,138.9930864779831,139.46198338823865,138.00934850413643,138.94712829589844,9051500
2023-03-24,139.26893711294568,140.44575302611204,138.67134032362372,140.34461975097656,5696200
2023-03-27,141.76965874077837,142.082247364318,140.76752896185675,140.9422149658203,6772300
2023-03-28,140.1055717057258,141.0801209842104,139.49877210747087,139.58152770996094,6115300
2023-03-29,139.96766269133,141.0157646637501,139.81136838293185,140.95140075683594,6012000
2023-03-30,141.1996689934997,141.40193555927056,140.49173601330176,141.06175231933594,4555700
2023-03-31,141.39269168166925,142.67984345671871,140.88703944267584,142.50515747070312,9890000
2023-04-03,142.45920857025288,144.35314614775373,141.53063147481603,144.2060546875,6841900
2023-04-04,144.3163627181369,146.15513906515653,143.96699072300308,145.71383666992188,8314500
2023-04-05,151.11982607752387,152.30584464988027,149.63961059143364,152.25987243652344,16704200
2023-04-06,152.60922593738255,153.7492581295357,151.51515192426928,151.83692932128906,9615400
2023-04-10,151.35887588023465,151.55193953596196,150.44867655984203,151.07386779785156,5354000
2023-04-11,151.16579567534077,151.95647003364778,150.8164236943738,151.02789306640625,5903800
2023-04-12,150.72449215450212,151.55193585933094,149.95220949282864,150.7061004638672,5764100
2023-04-13,150.94513237783593,152.92182522126413,150.6049632681119,152.7195587158203,5640600
2023-04-14,152.5908689558262,152.7287715818085,150.83483403164422,152.47134399414062,7225100
2023-04-17,152.3793968632133,152.83909093770606,151.64388353827488,152.31503295898438,8046400
2023-04-18,151.00950817057435,151.41404121331777,146.78031694212055,148.0306854248047,14571500
2023-04-19,148.93169817040408,149.56606423829908,148.1777931196803,149.42816162109375,6752000
2023-04-20,149.33618901450433,150.61415182699014,147.98470153463205,150.39349365234375,9498800
2023-04-21,151.1842009898323,151.67147562364372,148.9133109664089,149.5752716064453,7014200
2023-04-24,149.57527300701386,150.60498333282308,148.82136792650996,150.48545837402344,5278900
2023-04-25,151.0646388883974,152.02081025723604,150.9267363009435,151.864501953125,6263100
2023-04-26,150.8624272563696,151.13824656030394,149.16156726815433,149.51092529296875,5518200
2023-04-27,149.76833083787133,150.2372277941058,149.06041203086133,149.8602752685547,5739700
2023-04-28,149.6855751038998,150.55899099774504,149.45572807769057,150.5038299560547,6024900
2023-05-01,150.41189575195312,151.05546460328355,149.16152739990454,150.41189575195312,4893400
2023-05-02,151.09222827932803,152.14033009177368,150.37510672495722,151.7266082763672,7541700
2023-05-03,152.20472086993843,152.78392590230237,149.4097728572984,149.74075317382812,5937200
2023-05-04,149.5660465094249,149.7683130098506,148.25132828540646,149.06039428710938,5128000
2023-05-05,149.71319131417118,149.9798217842342,148.65590035306573,149.5660858154297,5194500
2023-05-08,148.9316789661397,149.46492573182402,148.3340683015588,149.2258758544922,4994900
2023-05-09,148.71102798284687,149.06039995664315,147.82840921753234,148.0674591064453,5520500
2023-05-10,148.20537297014496,148.91330580233551,147.15727099789225,148.6190948486328,6756600
2023-05-11,148.78458123837933,149.11556152294136,146.5412719795421,148.01229858398438,5867600
2023-05-12,148.35247594902106,148.53635077761396,147.11129630570625,147.81922912597656,3904200
2023-05-15,147.83758946309348,148.04904476969097,146.1275272652355,146.6883544921875,5104500
2023-05-16,146.23788797255654,147.3319621985374,145.75061333844334,146.4953155517578,5599200
2023-05-17,146.90903756130825,147.15727630886016,145.05188345684843,146.1735382080078,6840700
2023-05-18,145.8701327883553,146.1183574975869,144.85880017342896,145.7046356201172,5173000
2023-05-19,145.80574941345313,147.03772604986816,145.392027591224,146.09996032714844,6527100
2023-05-22,146.35934327772847,147.4153531638421,145.22922569886683,145.31259155273438,5675900
2023-05-23,145.5256459177364,146.60944434321922,144.84941857091857,145.2570037841797,5793000
2023-05-24,145.50709669978923,145.56267392450457,144.43255657331153,145.1180419921875,5015100
2023-05-25,144.55298555892296,144.77529446123285,142.39464711323257,143.0338134765625,6886100
2023-05-26,143.29317271945283,143.8397009101239,142.8392685197161,142.9782257080078,6845400
2023-05-30,142.62624084390993,143.932362298144,142.02413533444667,142.99676513671875,5593100
2023-05-31,143.30246301350678,144.2195297773463,142.51509530832834,143.6359405517578,11324600
2023-06-01,143.15423583984375,143.61739826400276,141.86664486606554,143.15423583984375,7901300
2023-06-02,143.32099653611962,145.72017474994266,142.7374072980449,145.4052276611328,7659700
2023-06-05,145.2014248732129,146.95217833022377,145.2014248732129,146.65576171875,6430500
2023-06-06,147.82294071192598,147.8507293303152,145.80354492319375,146.5260772705078,5073600
2023-06-07,146.45197915560274,147.10040378884295,145.84060130086328,146.84103393554688,6504300
2023-06-08,146.82250821899953,148.60105047098966,146.1926140219727,148.4528350830078,5818400
2023-06-09,148.60104906905264,148.888207546435,147.7210431799333,148.22125244140625,6264400
2023-06-12,148.21197712880155,148.4435583430653,147.03554060265492,148.1193389892578,6510600
2023-06-13,147.96187895916216,148.99010020968785,147.4246087969004,148.89747619628906,6066800
2023-06-14,149.69411962970364,150.13875165412293,149.11978854128992,149.6570587158203,6699100
2023-06-15,150.11094110873628,151.833905853103,149.5366101042173,151.6671600341797,7138300
2023-06-16,152.36190652860347,152.83434124563465,151.79684780784126,152.1303253173828,13426600
2023-06-20,152.15810181770743,153.130745654315,151.74125849761683,152.03768920898438,7995800
2023-06-21,151.5282215426325,152.76949345656678,150.70379298670952,151.80612182617188,7177500
2023-06-22,151.82464304021852,153.51056111599718,151.72274673745613,153.4179229736328,5485900
2023-06-23,153.87187367860952,154.02008909727033,152.87144080454956,153.2882843017578,9450700
2023-06-26,152.82505386214677,152.82505386214677,149.44397416598807,151.57452392578125,6978800
2023-06-27,151.62084865515857,151.80612493771278,150.4722148570593,151.25958251953125,4927500
2023-06-28,151.17624267777254,151.17624267777254,149.98128960348444,150.9539337158203,6780400
2023-06-29,150.6574927941141,152.21372609617035,150.277696163509,152.0099334716797,4547500
2023-06-30,152.7139090969107,153.71434159018722,152.24148853116688,153.32528686523438,7580000
2023-07-03,152.23222284578873,152.2785419153262,150.9539041610464,151.31517028808594,4033700
2023-07-05,150.9817024991935,151.8431778827692,150.74084897592562,150.81495666503906,7224600
2023-07-06,150.29621257701865,150.4073670401374,149.1383064708783,149.69410705566406,6332500
2023-07-07,148.64734458086173,149.17534237679715,147.47090810506197,147.51722717285156,7022200
2023-07-10,147.68396421518017,148.4898764471016,147.28565131384292,147.75807189941406,5739200
2023-07-11,147.40610991327253,148.48990852697136,145.98883371577415,146.9429473876953,6606700
2023-07-12,147.2300657957421,147.2300657957421,146.24816377046298,146.4334259033203,6940400
2023-07-13,146.35934395949488,147.40609568936492,145.81281562435453,147.1096649169922,6401700
2023-07-14,147.45237111835388,148.42501496046378,147.26710898999826,148.09153747558594,5362200
2023-07-17,147.98040379529147,148.09155826098703,146.49827829123404,147.3505096435547,5486800
2023-07-18,147.3505198544418,149.03642395090307,146.53534935726208,147.34124755859375,6332500
2023-07-19,146.27596372464353,148.59177590139515,145.73869360348564,147.04481506347656,7522600
2023-07-20,150.0090593865687,156.6785959649862,149.4162120048115,155.97459411621094,21892900
2023-07-21,155.78935308324432,158.23486498788122,155.78935308324432,157.65127563476562,12080000
2023-07-24,158.86473228130222,161.01381299531198,158.3923116352764,158.47567749023438,15155400
2023-07-25,157.89207539289637,159.95777594932028,157.24365079386155,159.68914794921875,13790100
2023-07-26,159.32787225587836,161.04157886130588,158.77207169882206,159.9948272705078,14288200
2023-07-27,159.49461195914992,161.44915803242856,159.36492704059762,160.89337158203125,12446400
2023-07-28,161.18053584341936,162.44033829815407,160.46726169837928,161.6251678466797,14138800
2023-07-31,157.18805981302825,157.67901083325538,154.42761582738612,155.18719482421875,22632700
2023-08-01,154.11266360300928,156.63226837207074,153.82550515576847,156.44700622558594,15810300
2023-08-02,156.40997403165832,158.62389010484708,156.40997403165832,157.39187622070312,14595600
2023-08-03,157.42891825668718,158.69799301610664,157.16954840832335,158.06808471679688,17424800
2023-08-04,157.79019331555676,159.9577903711599,155.5206999470186,156.58596801757812,23415100
2023-08-07,157.00281404454378,160.56915646638163,156.88238728320346,160.3468475341797,17736400
2023-08-08,160.24495435064412,160.76369404868336,158.76282881230634,160.4209442138672,27378700
2023-08-09,160.25421175005175,161.41211790431515,159.37420589973092,160.31906127929688,42974400
2023-08-10,161.18052777490482,163.0053889040435,158.9944005109648,159.4853515625,48213800
2023-08-11,159.7725206876481,161.13421947164315,158.97588067887958,161.04159545898438,45905600
2023-08-14,160.73591189257414,162.66266951602276,159.09631274675442,160.66180419921875,64036900
2023-08-15,160.06892349568685,161.69925000663702,159.4575457536077,160.1986083984375,88958100
2023-08-16,159.81883286902573,161.8567448093907,159.44830856517615,159.68914794921875,85832700
2023-08-17,160.1245511659275,162.4681524476285,160.0319130056663,161.1898193359375,70904200
2023-08-18,160.41167819305883,161.17127138125187,158.68871334636802,159.7817840576172,49631700
2023-08-21,157.18805869124307,157.33627405259972,153.732871120361,155.0204620361328,151319500
2023-08-22,154.56657694889287,155.4743714141702,153.22340863979343,153.78846740722656,56834800
2023-08-23,153.67729422398364,154.2330948140891,151.4263315167085,152.40823364257812,119011400
2023-08-24,151.94505416097024,154.39055104099393,151.78758064283397,152.9269561767578,70755100
2023-08-25,153.30018347479347,156.54719487840967,153.0762462535299,155.11962890625,18185500
2023-08-28,153.95331984323448,155.08231711979482,152.24583586014316,153.2908477783203,18458000
2023-08-29,153.8320152245178,154.5877837721959,151.87261792261512,153.30950927734375,12208600
2023-08-30,154.0559551981451,154.72775263857403,152.7216856960751,152.76834106445312,9939100
2023-08-31,152.4324329498706,152.61905441188128,150.48236111193938,150.85557556152344,15333000
2023-09-01,150.6130164407263,151.60204773505527,149.297411762547,149.73594665527344,8610100
2023-09-05,149.8105696360715,151.126174114282,149.5493166635896,149.9225311279297,9019800
2023-09-06,149.13877362599098,149.28806510803167,146.81548722456762,147.43128967285156,9753800
2023-09-07,148.48564100619694,150.2770960768265,148.33634952433965,149.31605529785156,9931800
2023-09-08,148.90553248721855,149.92255416042593,148.53231796554178,149.8105926513672,6957000
2023-09-11,150.27711771338423,151.79799464968676,149.70795631442365,151.77000427246094,6309300
2023-09-12,151.35943832678592,152.95494655164467,150.71563126730211,152.62838745117188,6045800
2023-09-13,152.79635918327102,153.90669166107585,152.08724586170842,153.01097106933594,7397500
2023-09-14,153.6547655633259,154.205276236143,152.4977919342414,152.7777099609375,7758400
2023-09-15,153.00160769331453,153.78538088590912,150.41706821638468,150.6409912109375,13392100
2023-09-18,151.2661390399343,152.2271798939478,149.9878644401188,151.59271240234375,5789000
2023-09-19,151.38744516784152,151.9472811684353,150.57569578047932,151.34078979492188,5550800
2023-09-20,151.33146785974412,152.59107753391928,150.83695221742613,152.00326538085938,3837400
2023-09-21,151.6860392816817,152.5537694852542,150.77163946454826,150.8369598388672,4526700
2023-09-22,150.50106675106295,150.59436327004602,149.5213607597945,149.75462341308594,4976700
2023-09-25,149.35341776841858,149.62399618056364,148.10311913247202,149.5306854248047,6722500
2023-09-26,149.11080667581192,149.36273431167714,148.2244114974376,148.3737030029297,4904800
2023-09-27,147.9631379971027,148.13108023961485,144.8654037544955,146.591552734375,10211600
2023-09-28,146.95547046245568,147.3846800056445,145.7611668256116,146.37698364257812,7861900
2023-09-29,146.83413842624205,147.04875027128222,144.94938684934763,145.32260131835938,7680700
2023-10-02,145.01471449968238,145.01471449968238,143.055316890702,144.76278686523438,7259700
2023-10-03,144.3242467201824,145.08935497578574,143.58714307825178,144.9400634765625,5740800
2023-10-04,145.15470286735743,145.4905874484628,144.22165217613488,145.10804748535156,4955200
2023-10-05,145.8077880721277,147.459277007557,145.62118084203172,146.61953735351562,5993300
2023-10-06,146.5635688463158,147.7018915533363,146.10636899276815,147.08607482910156,5802200
2023-10-09,146.65686258875758,148.24305974019825,146.57289146536692,147.92581176757812,4414100
2023-10-10,147.7765537917623,148.60696822934443,147.32867926748605,147.7578887939453,5273500
2023-10-11,147.8511686113341,148.4016649153703,145.59317417623518,145.7238006591797,6922900
2023-10-12,145.48121545348877,146.0783671350496,144.68813116239502,145.86376953125,5792400
2023-10-13,146.23700801787166,146.82483441748,145.6025404807629,146.34898376464844,5359800
2023-10-16,147.25403683187253,147.65524171324634,146.33963709052708,146.9834442138672,6408100
2023-10-17,145.5372259269442,148.3083872969945,144.25895118434704,145.63986206054688,12244400
2023-10-18,145.0054049225114,145.50924600909528,141.8703541692586,142.50482177734375,9097300
2023-10-19,141.51576207443082,142.85935701967276,140.097521383651,142.12225341796875,7733800
2023-10-20,142.5141411169137,143.56847851999785,142.1315869879437,142.75672912597656,7207000
2023-10-23,142.62608658777535,143.22323828213388,141.0865591024317,141.25450134277344,5874000
2023-10-24,140.65737956145534,141.78637706476763,140.078892738739,141.10523986816406,6155300
2023-10-25,141.11456172154098,141.98229184637918,140.17217161155722,141.42247009277344,5880800
2023-10-26,141.795666362784,141.795666362784,138.91254412635362,139.02450561523438,7612500
2023-10-27,138.54865738871945,138.70727424638397,135.24565103879982,135.85214233398438,11385800
2023-10-30,136.30934686044006,137.38236349928152,136.2253757306898,137.18641662597656,8205300
2023-10-31,137.66227859996053,138.59532919548946,136.82253875887338,138.40872192382812,7576900
2023-11-01,139.2018004988681,139.73363185807088,138.52067764903217,138.7352752685547,5733000
2023-11-02,137.82088682058315,140.33078054608046,137.66225571695625,140.18150329589844,5349100
2023-11-03,141.08659883574546,142.07563027332208,140.0975531609454,141.2078857421875,4926800
2023-11-06,141.61840795771505,142.2248851058418,141.2358538244185,141.54376220703125,4851400
2023-11-07,141.75834303673324,142.05692600407184,140.59203001535332,140.79730224609375,4840400
2023-11-08,141.2171843149655,141.6650445223838,140.27479429527412,140.2841339111328,5460000
2023-11-09,140.42410558519092,140.42410558519092,137.40101672493398,137.55030822753906,6973600
2023-11-10,138.32472830029212,138.55799091125385,135.88946607236312,137.3916778564453,6930700
2023-11-13,137.3916978205865,137.99817500232507,136.83186177804166,137.7462615966797,5889300
2023-11-14,137.75559647531173,138.59533635980702,137.13045425245895,137.77426147460938,6713600
2023-11-15,137.48498561696752,139.41639259053022,137.41033987461066,138.83790588378906,6729100
2023-11-16,139.49105205737467,140.1161941942489,138.68862804461264,140.05088806152344,6875600
2023-11-17,140.47077002056085,140.69469305169147,139.08985912544065,139.7616424560547,7023300
2023-11-20,139.1126836748056,141.45457546881343,138.76468059783178,140.9937286376953,8851700
2023-11-21,141.1724218434033,142.29163147499267,140.7115606883489,142.13174438476562,5916300
2023-11-22,142.6114149578891,142.99701823185208,141.4451620248212,141.84959411621094,4633500
2023-11-24,141.88723110683628,143.59897466878422,141.88723110683628,143.4296875,3351400
2023-11-27,143.23214901363752,143.26037788858105,141.99066691666732,142.2822265625,6449700
2023-11-28,142.39507395178356,142.78069154848228,141.86838374713733,142.6114044189453,5909000
2023-11-29,142.3292295086522,143.14747924900325,142.08469889749318,143.06283569335938,5190000
2023-11-30,143.20394956509233,145.91265893633155,142.88417536188612,145.46121215820312,12481900
2023-12-01,147.13532988518153,149.03518919456334,146.22302198841686,148.95994567871094,10342900
2023-12-04,148.60254197895577,150.50240128082947,148.60254197895577,149.43020629882812,8920300
2023-12-05,149.35495786716544,150.13559317021665,148.80945316077182,149.1198272705078,7268200
2023-12-06,149.09161234659288,149.22328490631818,146.88137900345419,147.3046112060547,6642900
2023-12-07,147.2670047230433,147.2670047230433,145.50823236045224,146.1571807861328,6532400
2023-12-08,146.17599607391443,146.5804281862297,144.68996889482534,145.2354736328125,6254700
2023-12-11,145.31072729494906,146.23243533323156,145.16965465942837,145.83741760253906,6090400
2023-12-12,145.78098881120587,146.08196290250547,144.51127768429188,145.84683227539062,5324400
2023-12-13,144.52066869775237,146.6650585217863,142.74308201858656,146.5239715576172,10764600
2023-12-14,147.16356113351603,147.81252397416262,145.82802086563868,147.53976440429688,9240700
2023-12-15,146.24183163047027,147.37045562855502,144.61471756240508,145.93145751953125,21727800
2023-12-18,145.9785080554039,147.13534674784518,145.55526143632315,146.19482421875,7231400
2023-12-19,146.06313483458013,147.1917588694024,145.72454618901014,147.15414428710938,6651500
2023-12-20,147.22939865641462,147.34227112508313,144.00341308908347,144.15390014648438,7008300
2023-12-21,144.54889808371115,145.90325271209684,144.18209490112616,145.6304931640625,4598600
2023-12-22,146.01609178417402,147.21995921890152,145.7997756665424,146.21360778808594,3798900
2023-12-26,145.7809697276139,147.05068068831523,145.63989711030607,146.85316467285156,4170000
2023-12-27,146.25123988025632,147.21057679042076,146.17599636267153,147.05068969726562,5288100
2023-12-28,146.7214935799167,147.8877465158419,146.7120935224131,147.26699829101562,4377500
2023-12-29,147.20116522858552,147.56796841438577,146.70268947227325,147.41749572753906,4313700
2024-01-02,147.59617193655498,152.02603871287297,147.46449937585936,150.4553680419922,9622100
2024-01-03,151.08553040090354,151.83795125409335,150.2954949631096,151.39590454101562,8232000
2024-01-04,151.97901961610984,152.3458227984412,150.87861006911575,151.0761260986328,6766600
2024-01-05,150.95386818293045,151.74390367491853,149.98513111153756,151.54640197753906,5602500
2024-01-08,151.51814395661307,152.04483413342064,150.11676060306863,151.9225616455078,6569800
2024-01-09,152.0166473388672,153.56850363222688,151.04791036886363,152.0166473388672,6357000
2024-01-10,152.195355962036,152.94776247177134,151.61222226038657,152.24237060546875,4945100
2024-01-11,152.43047882122502,152.55273697965188,151.2171968362829,151.565185546875,4946000
2024-01-12,152.21415507703608,152.80668883322514,152.07308244519783,152.7314453125,4496900
2024-01-16,151.96022297650015,152.59977137007516,150.65288296076753,150.97267150878906,6923200
2024-01-17,150.71872858795086,151.70628006985044,150.36132545038635,150.8880157470703,5072100
2024-01-18,150.48358934862551,151.7721004900284,150.1920296904599,151.6216278076172,5368500
2024-01-19,151.56516871915468,152.2893749362829,150.74691887915736,152.0636444091797,7071300
2024-01-22,152.3646396936634,153.8506669140583,151.74389142098565,152.8066864013672,6824200
2024-01-23,150.16381324154437,150.9632486889759,147.57737658275423,150.3048858642578,9149800
2024-01-24,150.24848444023064,151.04793438588428,148.75305695958224,149.50547790527344,7247900
2024-01-25,149.54308810124277,150.12620750018561,149.04461228900414,150.0697784423828,5478900
2024-01-26,150.8879845075566,151.17955847328594,149.8816331171527,150.0133056640625,5591900
2024-01-29,149.55246424584087,150.54943006213085,149.5054496060135,149.88165283203125,6483200
2024-01-30,149.8722411314064,150.25784438518718,148.72480272458859,149.3267364501953,7200500
2024-01-31,150.85980414401376,151.0667202433257,149.23270422781954,149.4490203857422,8256800
2024-02-01,148.7530452168211,149.06341937058872,147.70906464550626,148.94114685058594,8012000
2024-02-02,148.574307422714,148.89408155728393,146.66504832052786,147.29519653320312,8295900
2024-02-05,147.29520704416748,147.55855215627983,146.10073963129432,146.53338623046875,9121600
2024-02-06,146.56162020511204,149.28912966451952,146.34530405243098,148.6589813232422,9229900
2024-02-07,148.41445307330622,149.89106593270998,148.31099502446384,148.583740234375,8690300
2024-02-08,147.98179540505078,147.98179540505078,146.07253602395042,147.0977020263672,9755000
2024-02-09,146.97544773851544,147.8501267311529,146.41112852626088,147.43629455566406,6529200
2024-02-12,147.26700405122784,148.98816182307706,147.05068791032113,148.4614715576172,6701500
2024-02-13,148.2639532066528,149.02577406804474,146.48636641299387,147.16354370117188,8621000
2024-02-14,147.05069376743936,147.15415181307787,145.63049565447125,146.4769744873047,9098800
2024-02-15,146.70268219333082,149.0539882295482,146.61803862032292,148.5272979736328,7462500
2024-02-16,148.40410603651407,149.02955294054848,147.5227714850611,148.35671997070312,8541000
2024-02-20,148.3661943553978,150.30890741077087,148.25247936334384,149.59815979003906,9501700
2024-02-21,149.74979719166998,150.38473003058672,148.90637721636884,150.375244140625,7472500
2024-02-22,150.65954574220515,152.32744282936665,149.51288095497972,152.0526123046875,8065000
2024-02-23,152.46013925986992,153.75843388948465,151.77782024542412,153.36988830566406,6726000
2024-02-26,153.3319816958074,153.53098296489893,152.16635945338624,152.3748321533203,5465400
2024-02-27,151.9483665262871,152.61172810348612,151.2850049490881,152.55487060546875,5078600
2024-02-28,152.573813953853,153.1518892310922,151.90096654846442,153.09503173828125,6071100
2024-02-29,153.52149146196177,153.7015498458266,152.51697043639788,152.93394470214844,9849100
2024-03-01,153.3604072978866,154.0616835912206,152.65913100455262,153.63522338867188,5670100
2024-03-04,152.87710089757874,153.15191698269484,149.9867239876373,151.47454833984375,8532900
2024-03-05,152.21370804011656,152.80126924805884,150.86802759387047,151.5977325439453,8298200
2024-03-06,151.11444662998667,152.5074988426778,150.88700215638443,151.00071716308594,5773700
2024-03-07,151.6261776170356,151.9673370950819,149.9582948689199,150.55531311035156,5188700
2024-03-08,150.55528997917799,151.99574249408582,150.1383157411628,151.17127990722656,5284000
2024-03-11,151.14286846077832,152.8770945345616,150.56479310285056,152.7917938232422,4620800
2024-03-12,153.12348508205733,154.5734092224357,152.69703935727526,154.2227783203125,8018700
2024-03-13,154.02373081891804,154.16587454444627,151.44608522123607,152.6685791015625,6260000
2024-03-14,152.5169869907261,153.08557649284836,150.38474382231885,150.87753295898438,6988300
2024-03-15,149.78769796546,150.85856240112136,148.8779490578064,149.9014129638672,13165500
2024-03-18,150.27099274474932,150.38470772583915,148.3093225597739,148.5557098388672,6602300
2024-03-19,148.47046308199145,148.6505214900593,147.5133279961884,148.0345458984375,7840600
2024-03-20,147.5512052473139,148.2524814486377,147.08685938309736,147.60806274414062,5982300
2024-03-21,147.44695740885865,148.73578032029474,146.9826115581026,147.5985870361328,5915800
2024-03-22,147.5417360258839,148.17666885027995,146.99208944800418,147.10580444335938,7248600
2024-03-25,147.26690122342305,147.81654778531566,146.79306947629465,147.09632873535156,7498100
2024-03-26,147.46590883093714,148.0534555378852,146.66038912092412,147.61753845214844,6864100
2024-03-27,147.82603388574046,149.93931943209355,147.30481607111597,149.69293212890625,8461600
2024-03-28,149.920375360786,150.81118143900477,149.8350891090924,149.91090393066406,6181500
2024-04-01,149.46548137348321,149.87296971849523,148.56520398270595,149.5223388671875,4364700
2024-04-02,148.37566650649504,149.5697171930941,147.78810536149254,149.47494506835938,6102300
2024-04-03,149.53182027863164,149.7782220480621,146.17709778434977,146.1865692138672,8098200
2024-04-04,147.18162429029215,147.36168267922324,144.4334057671705,144.51869201660156,6947400
2024-04-05,144.07328452238153,145.00199072785497,143.67526757717863,144.41444396972656,6783000
2024-04-08,144.03536982420297,145.03040485680552,143.62786703030403,143.6562957763672,5935400
2024-04-09,143.61840987799826,144.54711608216985,143.04033455025723,144.31967163085938,6135300
2024-04-10,143.59944444321278,143.87427494720572,141.92207605256357,142.33905029296875,6809500
2024-04-11,142.90766638562872,142.97399531489694,140.62379375722657,141.0028533935547,8374400
2024-04-12,140.31104830754458,141.2681976480315,139.448671096281,139.79931640625,7100200
2024-04-15,140.60483804251083,141.6662310647033,139.6571744806737,139.86566162109375,8502300
2024-04-16,137.4206886736473,138.59579670264375,135.88547832205077,136.88999938964844,12774900
2024-04-17,137.41124169143308,137.79978729356057,136.02764627467226,137.1932830810547,9378100
2024-04-18,137.39226943629268,138.16936055609463,135.63910039170935,138.1125030517578,9887700
2024-04-19,138.50101774422822,140.37740192625859,136.97527889773562,140.16891479492188,9750800
2024-04-22,140.7374917419574,142.40538864464034,139.59082708155935,141.31556701660156,10118700
2024-04-23,142.01686116310646,142.6138938309969,140.44373618878458,141.73255920410156,10110400
2024-04-24,140.38688151048774,141.19240133382436,139.17387329053983,140.7564697265625,9756300
2024-04-25,141.55248605970053,141.75150174831862,138.6715955105692,139.13595581054688,7642700
2024-04-26,139.02220525542776,139.47707959723982,138.31145777001126,138.49151611328125,6183000
2024-04-29,138.4915371399616,139.51501540957577,138.34939340537494,139.13595581054688,6149600
2024-04-30,139.19284777273393,139.19284777273393,136.96583231142165,137.02268981933594,8817700
2024-05-01,140.9554744331391,143.9027085015122,139.8940814784167,143.26776123046875,14470900
2024-05-02,144.08277274831931,144.35760330026764,141.33455399003302,142.07373046875,8459800
2024-05-03,142.0452798906391,142.0452798906391,140.0836239862915,141.45773315429688,6532700
2024-05-06,142.02632785125058,142.19691480503755,140.16891544013447,140.80384826660156,5042800
2024-05-07,141.56196952055706,141.89364304896887,140.68063500064724,140.93650817871094,7333500
2024-05-08,141.31558104543518,141.89365637746667,140.91756409783613,141.15447998046875,7735100
2024-05-09,141.1829081527785,142.24430113557096,141.0976219058267,142.00738525390625,6546200
2024-05-10,142.14954101490335,142.2348272690645,141.38193580705473,142.0642547607422,5710600
2024-05-13,142.18742884315748,144.0448557135295,141.87471260506928,143.30567932128906,5628500
2024-05-14,143.90269360587575,144.24385300954435,142.81287201573073,143.45729064941406,8254200
2024-05-15,143.8742737859052,144.9451236653601,143.3814847366588,144.67977905273438,5548000
2024-05-16,144.99252766372587,146.30030803070147,144.35759480068373,146.20553588867188,7591000
2024-05-17,146.75517903391338,146.75517903391338,145.66537172730543,146.54669189453125,6521800
2024-05-20,146.2601006336369,146.53713816153999,144.50229351039312,144.51185607910156,7742300
2024-05-21,144.99905328129483,145.7728632701,144.05327741881902,144.48318481445312,5492400
2024-05-22,144.10104695828903,147.19630149986097,143.60428904860922,146.6422119140625,6609800
2024-05-23,145.9257343916702,146.01171004927576,142.7062973221322,143.01199340820312,8000400
2024-05-24,142.84958814535096,143.11707768343885,140.2033367395314,140.40396118164062,9520600
2024-05-28,140.23199180994135,140.23199180994135,137.70993724409783,137.92967224121094,10499800
2024-05-29,137.39468810902073,138.92319757845027,137.28960189860925,137.9869842529297,8263800
2024-05-30,138.15894193692233,139.10471787431229,137.58575632581721,138.78945922851562,8490300
2024-05-31,139.0665077978094,140.8911653771175,138.70348004937253,140.1173553466797,14621200
2024-06-03,140.67142772230824,142.2477061409945,140.21287638584963,141.13954162597656,7329200
2024-06-04,140.89115826542434,141.68407881551545,139.65879690454088,141.19686889648438,8876400
2024-06-05,141.35927135868658,141.37838191728503,139.33398945980622,139.44862365722656,5891300
2024-06-06,138.9996133717516,140.43259907661502,138.19714487552835,139.87850952148438,5016300
2024-06-07,140.1269101352632,141.67454484829753,139.80210349042494,140.50904846191406,5111600
2024-06-10,139.98362350393288,140.96760605038585,139.09517918759832,140.55682373046875,5749900
2024-06-11,140.25109247230634,140.585461651561,138.9423034588702,140.2033233642578,5661200
2024-06-12,140.48992910228205,140.63323643220812,138.3117917965944,138.9136505126953,6180500
2024-06-13,138.58884535045354,139.47728958160914,137.45200757563956,138.9518585205078,6840400
2024-06-14,138.6557180462591,139.44863867701946,138.02520073836482,139.037841796875,4075300
2024-06-17,138.5410754273758,139.88807104164374,138.2735859027633,139.4295196533203,6666600
2024-06-18,139.4390611672524,139.8498433833513,138.77032287961035,139.1428985595703,6156600
2024-06-20,138.77992214896972,141.46438026799768,138.53152857858245,141.1777801513672,8749700
2024-06-21,141.28285200932072,142.4196897908732,140.78607949614525,142.10443115234375,15172300
2024-06-24,142.34325154654871,143.03108587455117,141.55033101351574,142.4578857421875,6914700
2024-06-25,142.51522108970235,142.53433165045098,140.37530475263344,140.6141357421875,5912500
2024-06-26,139.66833995232068,140.61411578446967,139.26710569606846,140.26065063476562,5267800
2024-06-27,140.2415636069357,140.7765427050326,138.36912218650934,139.28623962402344,5739200
2024-06-28,139.51550867981732,140.49950579757504,139.14293290788467,139.63015747070312,10495700
2024-07-01,139.5441636196529,142.056655466101,139.11425621977563,139.8976287841797,5144400
2024-07-02,139.88807466505412,140.5759090538986,139.2289134047405,139.50595092773438,5492000
2024-07-03,139.66834701137338,140.09823983786504,138.27358232301515,139.18113708496094,3246200
2024-07-05,139.25756500554073,140.00271646008244,138.04429960562362,139.9358367919922,4888500
2024-07-08,139.85941075016692,140.64278333184302,138.76079411468865,138.9805145263672,5260200
2024-07-09,139.16202559952146,140.55680485567973,138.693911658142,140.48037719726562,5890400
2024-07-10,140.68099246246052,142.79226469832298,140.12690285043743,142.75404357910156,6093200
2024-07-11,142.89735919806236,143.8526831548,141.99935234639514,143.01199340820312,6350400
2024-07-12,143.29859417160702,144.13928392208155,142.5725532088888,143.1839599609375,5336400
2024-07-15,143.3750241839842,143.5374275107859,142.2190757581654,142.5725555419922,6711400
2024-07-16,143.00243827214373,144.33033792258516,142.49611776653495,144.26345825195312,6469600
2024-07-17,144.77934696095707,150.453973533677,144.6551501832843,149.58462524414062,13801400
2024-07-18,148.6484063136727,150.05273362835996,147.71217838582382,148.4764404296875,10166200
2024-07-19,149.51775004720326,149.51775004720326,147.23452633052992,147.77906799316406,7398000
2024-07-22,147.8554720710217,148.18027867212987,146.72818238053165,147.34915161132812,6840600
2024-07-23,146.4606970930706,146.64221095688177,144.79844292361042,145.54359436035156,6261900
2024-07-24,145.93526025108056,149.42220091059872,145.52447800898386,149.29800415039062,7168200
2024-07-25,149.48907708487036,153.40591083481542,149.03052570275355,152.50790405273438,10019600
2024-07-26,152.61298865479012,154.3612330909779,152.3454991366168,153.46322631835938,8356900
2024-07-29,152.82316066805436,152.8518192179909,150.98894058668873,151.4761505126953,5625000
2024-07-30,151.4570291759571,154.33256314970592,151.28507788857402,154.1223907470703,6545700
2024-07-31,152.70851441065182,153.1861763079925,150.69278062079073,150.79786682128906,8293200
2024-08-01,151.39972826504712,153.62563471121598,150.66413935427119,153.57786560058594,7213400
2024-08-02,154.6669236023328,157.48514058721162,153.80713797862785,156.80685424804688,11280400
2024-08-05,156.47249095825867,158.3735907158735,153.4059094849122,154.0459747314453,12032200
2024-08-06,153.85491911637902,154.2657014020006,151.83918507670427,151.8678436279297,7607100
2024-08-07,151.77229054825978,153.44410723248347,151.12267734796205,151.8009490966797,5993000
2024-08-08,151.48570275377722,153.52053254598195,150.96981973591699,153.06198120117188,5094800
2024-08-09,152.96646035772568,153.74027039529037,152.22130887139778,153.44412231445312,4579200
2024-08-12,153.77848212074014,154.47586445337532,151.61945545597706,152.7371826171875,7605400
2024-08-13,153.10976480885768,153.20528845215335,149.45087253995018,151.31375122070312,9711400
2024-08-14,150.77876456837126,152.4219227518915,150.3679677339487,151.39971923828125,5141200
2024-08-15,151.29464850359562,152.37416922610342,150.78832797891718,151.98248291015625,7237800
2024-08-16,152.03024251501654,152.79450453863075,151.1131251712624,152.26907348632812,5012800
2024-08-19,152.33596398678142,153.1288700400782,152.02070533298414,152.4983673095703,4408400
2024-08-20,152.85178338998531,153.74022738394027,152.53652483749363,153.004638671875,7275100
2024-08-21,153.23395876249668,154.2657103980364,153.14798310380678,154.2179412841797,5019400
2024-08-22,154.76247832424949,155.23059230273446,153.60652994260093,155.0968475341797,6552100
2024-08-23,155.24013487196117,156.88329315800357,154.47587283102047,156.7973175048828,7093400
2024-08-26,156.83552976708725,158.30673680054358,156.23367101911998,157.25587463378906,6870600
2024-08-27,157.38099689383677,157.9007808796934,156.09115004679506,156.85157775878906,4388700
2024-08-28,156.89972633409917,158.8248763504685,156.6205860443264,157.78529357910156,5187000
2024-08-29,158.46870269413122,158.5553309058166,157.2462285186846,158.0836639404297,7390100
2024-08-30,157.97777866873068,159.76816846575701,157.6793828171807,159.6526641845703,7971000
2024-09-03,159.05589527313958,161.52970533863666,158.60348385669542,160.90403747558594,6956500
2024-09-04,161.52969814334867,162.5307843049111,159.82593638896796,161.09654235839844,6939100
2024-09-05,160.94252900034087,161.10616497961635,158.66123106469144,158.81524658203125,4600400
2024-09-06,158.99813665392696,159.72970307801774,157.9778094705681,158.22808837890625,6016900
2024-09-09,158.67084160084718,161.1446661222834,158.3146935910401,160.37460327148438,7538200
2024-09-10,161.23128797376268,162.15536629579412,160.50935683358168,161.11578369140625,6559600
2024-09-11,160.54787047909477,160.54787047909477,157.9489210349474,158.651611328125,5920200
2024-09-12,158.05479720929625,158.9211234405208,156.62056999422387,158.47833251953125,4540900
2024-09-13,158.5746016538111,159.546797060231,157.68903446734652,159.32540893554688,3693400
2024-09-16,160.13399048156575,160.99068171303773,159.5756951740841,160.74041748046875,5187800
2024-09-17,160.0184591294502,161.4430658908396,159.72004856816073,160.81739807128906,5066500
2024-09-18,160.39385498356557,162.0494849318395,159.53716393840162,159.9318084716797,4722800
2024-09-19,160.00883085366902,160.14359076002546,158.26657253301502,158.651611328125,4956100
2024-09-20,158.1510715546901,158.69973165360062,157.42914032241464,158.0163116455078,11839000
2024-09-23,158.24731207630103,158.34357544406328,156.6301932495348,157.11148071289062,4671600
2024-09-24,156.69756296639048,157.37137715284186,155.5039794794303,156.6879425048828,6041600
2024-09-25,156.89971251530392,157.20774354090338,154.35851530501915,154.58953857421875,5420000
2024-09-26,154.24300508288954,155.49434068501623,154.03123743286534,155.34996032714844,6122000
2024-09-27,155.93713945909764,157.31361456594203,155.30183647698738,155.35958862304688,7553800
2024-09-30,155.52323599766893,156.11039259534,154.6665302234805,155.99488830566406,6010000
2024-10-01,156.35102609016386,156.65905709277453,155.1478075257032,155.92750549316406,4408000
2024-10-02,155.46547080188486,156.0526420934654,154.63765577912753,155.13819885253906,4684400
2024-10-03,154.76280595540908,155.3981089748419,154.22376631021592,154.4932861328125,4791200
2024-10-04,153.65583417269772,154.4932696257365,152.83763964226807,154.29112243652344,5331100
2024-10-07,154.25262540509488,154.83979667277313,153.26117444802415,153.5595703125,4266000
2024-10-08,153.5210652416551,154.25261682638597,153.0012666072538,153.7135772705078,4766300
2024-10-09,153.93498917148145,155.18633958410354,153.54032990428712,154.63766479492188,6047200
2024-10-10,155.32107840885698,155.34995447934355,154.0119760251343,154.5028839111328,4793900
2024-10-11,156.11039885199665,156.57244540467363,155.1670795104721,155.4173583984375,5253500
2024-10-14,155.35958203564292,156.07189274487246,154.87829458858366,155.55210876464844,5964000
2024-10-15,154.0119939098744,160.50937490294723,153.04941894793768,157.95855712890625,10548000
2024-10-16,157.86228561949216,158.8152400702649,156.55318315123606,158.13180541992188,5982100
2024-10-17,158.11255007110398,158.82486079497855,157.5061378629961,158.314697265625,4798000
2024-10-18,158.71898052973887,159.10400462885414,157.79490212904315,158.94036865234375,5908000
2024-10-21,158.92113327684189,159.06551364711856,156.23554088786852,156.736083984375,6082700
2024-10-22,156.24517079246263,157.6023902906859,155.84087639380354,157.33287048339844,5680300
2024-10-23,156.72644312193745,159.78742407519695,156.34140437177095,159.6526641845703,7441600
2024-10-24,158.82485833621487,159.3157662471268,157.2269804788081,157.5446319580078,5386300
2024-10-25,157.55425253443602,157.7852757979483,154.59915522994433,154.8590545654297,6400400
2024-10-28,155.09969738939455,155.9082567753996,154.97455795308642,155.55210876464844,4842500
2024-10-29,155.41735520004482,156.10077517759024,154.0697414807289,154.09861755371094,5216900
2024-10-30,153.48257637732794,155.2440903389536,153.0782966515377,154.5991668701172,5820500
2024-10-31,154.00238249446815,154.8494385230762,153.4922189096912,153.8772430419922,8613900
2024-11-01,154.57028652527433,155.03231838659337,153.89648700090734,154.1371307373047,5256400
2024-11-04,153.72322234838057,154.28151760286693,152.1542351086343,152.31787109375,4644000
2024-11-05,151.76919321617004,152.65476042288472,150.49860189791968,152.4237518310547,6547100
2024-11-06,153.91573489714935,154.83019288706734,151.4611804248857,151.97134399414062,8926600
2024-11-07,152.53925028933568,152.8087700946419,150.6525969644646,150.86436462402344,7522800
2024-11-08,151.12427359547397,151.20128135728575,149.59378288475307,149.6515350341797,8926100
2024-11-11,149.79592039800798,151.6825739059259,149.11250035672046,149.2376251220703,7146800
2024-11-12,148.74671058391604,149.23761853646224,146.6675451006699,146.9274444580078,7181400
2024-11-13,146.7926788782779,147.76487428359457,145.7530961768093,147.50498962402344,7161900
2024-11-14,147.44723496813742,147.84189425260934,145.11780517508222,146.18626403808594,7716400
2024-11-15,145.25256849069743,148.65045722629029,145.25256849069743,148.23655700683594,11328500
2024-11-18,146.8792861934681,149.51674645076403,146.6290220313685,148.9777069091797,7510600
2024-11-19,148.18841484869722,148.2269260729252,146.35952826653715,147.2739715576172,8233700
2024-11-20,147.302844535813,147.51461220143037,146.1285019129269,147.37985229492188,9061300
2024-11-21,147.8707590577615,150.21944428482647,147.0910756986205,149.68040466308594,10141100
2024-11-22,150.06542276491987,151.23976533147632,148.34242013665647,149.3627471923828,8266000
2024-11-25,149.3627493624876,151.16275977231854,149.33387328975334,149.94992065429688,12256200
2024-11-26,150.5515018524263,150.63882515424936,148.61090507105112,149.93051147460938,5683500
2024-11-27,150.03725888127357,151.97785584361577,150.00815111128483,150.7843780517578,4140400
2024-11-29,150.2895137577427,151.04634530099335,149.59089774773005,150.40594482421875,5687800
2024-12-02,150.15369158695643,150.3962662098756,149.3580397171032,150.20220947265625,6946500
2024-12-03,150.2022170879145,150.2022170879145,147.78616839113718,147.83468627929688,8674400
2024-12-04,146.79644574461045,147.0584304712418,145.30219264852298,146.0008087158203,10333100
2024-12-05,145.54477967674677,145.91349785638033,144.5259632578934,145.07904052734375,7898100
2024-12-06,144.9528850521901,145.59328558340798,143.9728889463539,144.87525939941406,8389600
2024-12-09,144.85585701465362,146.40834054185973,144.03111217035928,145.1566619873047,8410300
2024-12-10,145.4768285835728,146.35010600637966,143.92436006343544,144.79762268066406,9398700
2024-12-11,144.0893168289231,144.0893168289231,142.02257643561185,142.28456115722656,13446700
2024-12-12,142.82794745825524,143.38102475337882,141.67328978366214,141.89646911621094,6176300
2024-12-13,141.3336737699135,142.56594212386773,140.73207867167702,142.26515197753906,8324900
2024-12-16,142.37188783070172,142.87644717170906,139.2572380884056,139.5774383544922,8732400
2024-12-17,139.56772721330222,142.30397598267456,139.44159848104303,142.0614013671875,10343000
2024-12-18,141.3530692928929,142.3815980735082,140.37307320085606,140.45069885253906,9336100
2024-12-19,139.85882499539903,140.9067491505523,139.11169100591772,139.31546020507812,9516700
2024-12-20,138.80119411201107,141.14931454845004,138.51010162034459,140.17901611328125,17702800
2024-12-23,140.33427080916994,141.0134767690937,139.1893109290874,140.95526123046875,8720800
2024-12-24,140.69327627791438,141.51803588867188,140.04317808833426,141.51803588867188,3164100
2024-12-26,141.1881144859681,142.02257170001613,140.7805909356998,141.25604248046875,4656300
2024-12-27,140.56712935451452,142.24575630485853,140.382770283216,140.74179077148438,5588300
2024-12-30,140.53801286790346,140.57683309396822,138.70414953416588,139.0825653076172,6268700
2024-12-31,139.49011236799225,140.37308759012114,139.0534809873993,140.32456970214844,5811400
2025-01-02,140.91643868880917,141.44040813899545,139.50950890799953,139.7423858642578,6051300
2025-01-03,139.79090229988967,140.27605151621927,139.35425616072973,139.90733337402344,5878800
2025-01-06,139.24751276842775,140.51861606086518,138.68473794112018,139.39306640625,7910500
2025-01-07,139.49011072465217,142.8085299058772,139.3251617519528,141.88674926757812,8422000
2025-01-08,141.16871932741302,141.26574028391562,137.23900785238231,138.0443572998047,11175600
2025-01-10,136.81207747245878,139.4027724819699,136.50157487080793,137.84059143066406,8821500
2025-01-13,138.73326611487127,140.76120109661417,138.08316793997767,140.17901611328125,10376400
2025-01-14,140.2081242431219,140.50891438990652,138.61683539756845,140.45069885253906,8681700
2025-01-15,140.99405194090232,141.71207805536602,139.9752357045456,140.66415405273438,7434600
2025-01-16,140.03347023213232,143.6720891811377,139.78118317609776,143.38099670410156,8964000
2025-01-17,143.06082034294334,143.97290334731926,142.25547077111315,142.66299438476562,10773100
2025-01-21,143.17723754830712,144.4386285000191,142.6823906666203,143.7497100830078,11111700
2025-01-22,139.72297804244877,141.14931796107845,137.8891145478648,140.95526123046875,16834700
2025-01-23,141.12020600255312,143.5168443086657,140.50891325397842,142.28456115722656,10506400
2025-01-24,142.44951605535104,143.24516790767248,142.03229481980173,142.459228515625,9887300
2025-01-27,144.04079543713556,148.89228746806353,143.6041641154678,148.3489227294922,15152300
2025-01-28,148.1257773924822,148.42656756839563,145.83587226560434,145.9134979248047,10320600
2025-01-29,146.0299259037615,147.36894258671126,145.5447766482673,146.66061401367188,7156400
2025-01-30,147.39805052809234,149.56181206453698,146.86438338531534,148.32952880859375,8911000
2025-01-31,148.08696191912605,148.6303267454098,147.5435970928423,147.63092041015625,8457800
2025-02-03,147.48538122157126,147.9414227295318,146.30161579310953,147.35923767089844,6687500
2025-02-04,146.86436624007646,149.60060002589378,146.46654034321475,148.9311065673828,9645000
2025-02-05,149.25131930333234,150.13427966790974,148.75645760295112,150.09547424316406,8947000
2025-02-06,150.1924966287998,150.2410145143758,148.8243870112687,148.9505157470703,7418100
2025-02-07,148.96990840682705,149.9014013617662,148.26159473827036,148.57208251953125,6204900
2025-02-10,149.04755120942556,149.78497272968093,147.76675009965686,149.65884399414062,6936200
2025-02-11,149.5326992252359,151.7449785734173,149.36775026043762,151.49270629882812,7554500
2025-02-12,150.65824151261407,151.03665730844494,149.68794308170627,150.64852905273438,7746000
2025-02-13,150.6485379345046,153.4333046631849,150.1924964606448,152.57943725585938,10704700
2025-02-14,152.61823988367905,152.79290130723982,151.42477691073603,151.51210021972656,6411800
2025-02-18,150.75898580953205,152.0402489737242,149.8787330029535,151.59034729003906,9670700
2025-02-19,151.60013419693823,154.8277529420788,151.3556178514593,154.42674255371094,7974700
2025-02-20,153.50734563036613,156.4415415261645,153.50734563036613,156.17745971679688,7224000
2025-02-21,156.37308919366578,159.92345618086694,155.78624402806446,158.74000549316406,12546900
2025-02-24,159.11166045689302,161.2536259138946,158.4954894483981,160.14842224121094,10201900
2025-02-25,160.50052841941465,162.7794075306249,160.3440343830805,162.44686889648438,12303700
2025-02-26,161.45904531708254,161.50795157411068,158.99431621898793,159.50291442871094,11396400
2025-02-27,158.74979030117842,160.3538169361167,158.18251058680966,160.13864135742188,8364600
2025-02-28,160.70591189810517,162.30016316085826,159.13122612068747,161.4003448486328,12037200
2025-03-03,161.34165979547458,163.65966980002955,161.22428181011645,163.6107635498047,9191500
2025-03-04,164.39322229847508,166.26133065875257,161.69376736295627,161.79156494140625,11999700
2025-03-05,160.90151799456612,162.808757279084,159.94301817416357,161.49813842773438,8744800
2025-03-06,161.3807699509608,162.2316819622656,159.923447322367,162.19256591796875,8037900
2025-03-07,161.50792719032012,164.76488641862807,161.08735135228795,163.03370666503906,9637600
2025-03-10,163.8063698533971,166.17328605365597,163.38580894415355,164.02154541015625,17559000
2025-03-11,163.53251246785644,163.63032496587397,161.42967807730625,162.22190856933594,9890300
2025-03-12,160.13862615173423,160.60810823744953,158.67152821308082,159.27793884277344,8010700
2025-03-13,159.84520741859117,160.93086051623524,159.09210787067292,159.4148712158203,5286700
2025-03-14,158.5639326423548,159.5713386501337,157.5663168384381,159.23880004882812,6235800
2025-03-17,158.84759702218952,159.9136846715509,158.18250482388353,159.26815795898438,6669800
2025-03-18,159.8550015183129,161.2438525098817,159.39530961469802,160.64723205566406,7348800
2025-03-19,160.37337104668416,160.7548159229325,158.65198146332366,159.4148712158203,5936400
2025-03-20,159.42464838189167,159.62025846257242,158.37811131790625,159.4442138671875,7485900
2025-03-21,159.42464659440773,160.5298651777963,158.91604845106622,160.04083251953125,17047100
2025-03-24,159.26815605343467,160.7841603121084,158.93561742030673,159.70828247070312,8046400
2025-03-25,159.93324619941436,160.58854817658738,157.03816626942583,157.4880828857422,7456200
2025-03-26,157.6739063260186,158.92582865849818,157.11640196710167,158.17271423339844,7223500
2025-03-27,158.78891381807773,160.47118739573978,157.78150771244313,159.5518035888672,6752500
2025-03-28,160.00170160343768,160.91131010864603,159.3366243515368,160.11907958984375,5760300
2025-03-31,160.7645896076869,162.9750267511633,160.62766106177978,162.2023468017578,12481400
2025-04-01,157.20444414110437,158.26075654100097,149.77115621737417,149.88851928710938,23303100
2025-04-02,150.63183061439895,152.37278564446345,150.0841164374023,151.9522247314453,10356900
2025-04-03,155.26787028769624,157.12618843488838,154.02572314664877,156.3144073486328,13249300
2025-04-04,155.668883437941,156.31441014554045,149.57552561101676,149.8787384033203,16601700
2025-04-07,147.96171931513388,149.36036047285884,144.16682112605073,147.31619262695312,18083000
2025-04-08,150.2210595143276,150.2210595143276,144.7536775716146,146.70980834960938,12018400
2025-04-09,139.08088646602883,149.8298297786797,138.39624372218634,147.6585235595703,18773700
2025-04-10,147.07168575832006,147.88348181098718,141.94663274141948,145.4285430908203,13830500
2025-04-11,146.05450453366188,149.00826615085418,144.93951060088102,148.40185546875,9943900
2025-04-14,148.26490670759043,151.27734944901417,147.854121096136,150.97415161132812,10685300
2025-04-15,152.28478994579837,152.87163519455228,148.7637632255588,150.2504119873047,10847700
2025-04-16,151.96200941909794,152.2163159627981,148.90067500656366,150.53404235839844,7986900
2025-04-17,150.77856658700517,155.9427507373147,150.77856658700517,154.01596069335938,10981100
2025-04-21,154.495208400845,154.7592752985423,152.07938580573637,153.47801208496094,6285400
2025-04-22,154.09420009393824,155.23853477158195,152.83248742498463,154.28981018066406,7136300
2025-04-23,153.05743954619226,153.65405995813353,150.94481498022725,151.97178649902344,9099400
2025-04-24,152.3825736708444,152.48037124442914,150.0743390121412,151.53164672851562,8310400
2025-04-25,150.9350546905758,151.50231947057802,149.10606230479286,151.18934631347656,8643600
2025-04-28,152.08914766676574,152.39234550898632,150.4460051963736,151.94244384765625,5815200
2025-04-29,152.0402567091757,153.5758264827086,150.90569731365886,152.49017333984375,5246700
2025-04-30,154.729936358785,154.729936358785,151.6196956897791,152.8813934326172,9598200
2025-05-01,151.60013972569152,151.68816203149163,149.9961130378157,151.07199096679688,7325800
2025-05-02,152.6466653127277,153.28240181632026,151.63924427882918,152.695556640625,5974500
2025-05-05,153.23349550584211,153.35085857129926,151.33604635245678,151.60012817382812,5464100
2025-05-06,151.42408543570903,152.48038288598428,150.31886680876866,151.08175659179688,8644200
2025-05-07,151.34584070987484,154.47564690871295,151.11109964842703,153.8496856689453,7853100
2025-05-08,152.40214527805017,153.58559595738635,151.3849489880782,152.2456512451172,7606100
2025-05-09,152.0109098935498,152.636871099945,150.43622413501134,150.8372344970703,6520400
2025-05-12,148.6854937295837,151.9522283079107,147.8639075206592,150.7589874267578,9023800
2025-05-13,148.3725086216881,148.3725086216881,144.83191687784895,145.18402099609375,10549600
2025-05-14,145.40897147901754,145.55569023363782,142.91490189139907,143.14964294433594,10216000
2025-05-15,144.75366811149715,146.36746992823834,144.0983661345862,146.32835388183594,7945800
2025-05-16,146.3870432674563,148.17690469926936,145.94691683237613,148.01063537597656,8051200
2025-05-19,148.5583422109476,149.31145669295304,147.73677091644666,149.1451873779297,12639900
2025-05-20,148.98869160055045,150.6611749359263,148.78329131728185,150.28952026367188,7351500
2025-05-21,149.82984330615562,151.04263486929065,149.6440084894575,149.82005310058594,7032200
2025-05-22,149.30167403193045,149.95699096861145,148.04975154159976,149.26255798339844,7535300
2025-05-23,149.6439934207822,150.1134605939447,148.87132838736704,149.58531188964844,6727300
2025-05-27,150.45338800363243,151.9527814630419,149.8713709488511,151.17349243164062,6990700
2025-05-28,151.20308217852158,151.55820484491514,149.87136841653694,150.36459350585938,8459300
2025-05-29,149.6938177662655,151.95278210010628,149.50638982004466,151.4990234375,6810600
2025-05-30,151.81468639038377,153.6001739740829,151.1439074500615,153.10694885253906,15529700
2025-06-02,152.38682490878404,153.43245972774181,150.2363706663291,153.2943572998047,6669300
2025-06-03,152.70249260805704,153.55084037456984,151.99224726623072,152.32763671875,8209800
2025-06-04,152.83072710598327,152.83072710598327,151.0551287313226,151.14390563964844,6983900
2025-06-05,151.59766006113725,152.00210825709343,150.5717584723101,151.57794189453125,5295400
2025-06-06,151.91333976243808,153.91583258241639,151.91333976243808,152.92938232421875,5391500
2025-06-09,152.75182236035036,153.87637500739433,152.35723324171644,153.1266632080078,5319000
2025-06-10,153.3239556869477,155.3067303299207,152.91952252253284,154.33013916015625,6791600
2025-06-11,154.18216661950095,154.4781046848199,152.6334326071518,153.15625,6016000
2025-06-12,154.12298520127607,154.55701064707156,153.0674762586382,154.53729248046875,7075500
2025-06-13,153.85663521935322,155.53359750884889,153.85663521935322,154.97132873535156,6587500
2025-06-16,154.30054329683657,154.37946112154557,152.35723513798075,153.11680603027344,7024000
2025-06-17,152.87019486700916,153.17599203302345,150.03908749541546,150.31529235839844,6407100
2025-06-18,150.50271717202142,150.58161994376783,148.66791916218287,148.68763732910156,8325200
2025-06-20,149.21045904480982,149.34856147740305,147.02053829080515,147.7603759765625,22605500
2025-06-23,147.7110601789464,149.3781483936895,147.7110601789464,149.2696533203125,7397900
2025-06-24,149.4472155592924,150.65068609007142,148.93425720550877,150.12786865234375,9544200
2025-06-25,149.328845074524,150.99594842112307,148.6876433747355,150.21664428710938,7153700
2025-06-26,150.6309398996763,151.14389820929034,149.47679499207118,149.95028686523438,7156900
2025-06-27,149.95029003771032,151.252411531502,148.9638398340629,150.34487915039062,10010800
2025-06-30,150.09828053109055,150.8973028618818,149.46695294423995,150.68028259277344,9039300
2025-07-01,150.92687925954553,155.61251766793012,150.7394513148845,153.80731201171875,10896700
2025-07-02,153.88623472012148,154.1821727972981,152.96884323811335,153.4521942138672,5544000
2025-07-03,153.32395993610405,154.1624486956881,152.78142432323565,153.89610290527344,3482500
2025-07-07,153.90596006559838,154.23149042863557,152.79126655447425,153.16612243652344,6270900
2025-07-08,152.38682973494903,154.63593509089037,152.12049900608696,153.6790771484375,6438200
2025-07-09,153.67907902335588,154.5668932865029,152.9688486856892,154.16244506835938,6147400
2025-07-10,153.98487731246095,157.08233023924421,153.70867246946386,155.55332946777344,6732900
2025-07-11,154.96146054180394,155.0502374485966,153.0773370201251,154.77403259277344,7872000
2025-07-14,154.74443986347836,155.33631601120078,153.4127411091565,154.69512939453125,10185600
2025-07-15,154.24135250111084,155.06010796606702,152.7024926111346,153.06747436523438,6873200
2025-07-16,158.12797880302998,163.86911145702572,157.6347536757916,162.54727172851562,22134800
2025-07-17,160.96893925475794,162.46834779981697,160.10087329880653,160.7716522216797,11295700
2025-07-18,161.70876713910133,162.86292706948893,161.14649837622764,161.4818878173828,9792600
2025-07-21,161.55094784385363,162.68535951354264,160.5743567611228,162.13294982910156,8254000
2025-07-22,162.76429472280122,165.78283014388003,162.4782307670936,165.6545867919922,9288000
2025-07-23,166.3155212038957,166.8284645057841,164.33274653193283,166.80874633789062,10617600
2025-07-24,167.20331234334904,167.68667837003616,166.59171802340538,167.2624969482422,6636900
2025-07-25,167.44992685210462,167.57817019889325,165.1712292249172,166.0195770263672,6254900
2025-07-28,165.58553595130317,165.66445377582426,162.81361321765758,163.96775817871094,8014600
2025-07-29,164.4116625417871,166.49307318631378,164.11572445425492,165.8321533203125,7663400
2025-07-30,165.42769283300052,166.3253661128563,164.5201604700382,164.99365234375,6189200
2025-07-31,163.68167560247625,164.80624328827264,162.00471326118884,162.5078125,11036200
2025-08-01,163.2377747338822,165.34877755789267,162.55712168817175,165.06271362304688,8927800
2025-08-04,164.76676767754117,168.87040392217878,164.3820527203586,168.72242736816406,12679100
2025-08-05,168.22921158895198,169.23539501412407,167.35127150727274,168.426513671875,7934400
2025-08-06,167.60775503277506,169.8469861217651,167.38086065210047,168.27853393554688,8957200
2025-08-07,168.8506726272556,169.29457219028478,167.61760992326612,169.20579528808594,9315900
2025-08-08,168.70271724361075,171.6028832369287,168.0812488016039,170.98141479492188,7686800
2025-08-11,171.05046038088216,172.23421267442555,170.7052118386284,171.46478271484375,7256800
2025-08-12,171.6423284357666,172.3920251412362,169.48200016954254,170.43885803222656,7916700
2025-08-13,170.65588315907152,172.17500983134917,170.35994509116315,172.056640625,5878700
2025-08-14,171.9481366333713,173.33903506571417,170.37968438517322,172.3525848388672,8241700
2025-08-15,173.19107286100757,174.86803522954472,172.589337622952,174.24656677246094,9477600
2025-08-18,174.10845947265625,175.16396840661764,173.71388541534543,173.86184692382812,9284000
2025-08-19,173.65469184395633,175.76569473380323,173.59550723848972,175.39085388183594,9274200
2025-08-20,176.08137382515258,178.1627845043829,175.58814868838743,176.41676330566406,9030000
2025-08-21,176.1306980745858,177.63996577800168,175.74598307277464,176.5055389404297,8859600
2025-08-22,177.60049441757673,178.70532892070915,175.06532513024973,176.86065673828125,9524000
2025-08-25,177.0875445552974,177.8175080717949,175.87419996883952,175.99258422851562,6229100
2025-08-26,175.63486479298874,176.04228169685982,174.6610519663747,175.3765106201172,9145000
2025-08-27,175.85346329418851,176.56892188809329,175.04857616667528,175.67459106445312,5951100
2025-08-28,175.2572571524081,175.37651036954125,173.52824471043394,174.3430633544922,6424700
2025-08-29,174.85977436888373,176.29069157209005,174.34305089827734,176.0522003173828,6942300
2025-09-02,176.3503105295524,178.06939139768684,175.77396803611316,176.93658447265625,9049000
2025-09-03,176.54904858919326,177.16513205402964,175.41624164537086,176.87696838378906,7111700
2025-09-04,176.87697204020583,177.77128774394077,176.42981418833836,177.63217163085938,7854800
2025-09-05,176.87696522230814,178.3774328957435,175.44604802147302,177.3042449951172,9733800
2025-09-08,176.24100312082155,178.31781328005192,175.58516354553242,177.0061492919922,8382500
2025-09-09,176.876968171164,176.9663967070775,175.33674434840574,175.84353637695312,6005700
2025-09-10,175.18770024166173,175.4957419797814,173.23012805020278,174.680908203125,6891600
2025-09-11,174.64116008341813,177.72160766341042,174.5219220380698,177.37380981445312,5792500
2025-09-12,176.58880178417093,177.6719211358412,175.60504241670282,176.93658447265625,7220200
2025-09-15,176.6384757638066,177.86072639674853,175.8137105587591,176.28074645996094,4768100
2025-09-16,176.44969240184915,176.49936481458425,174.5417926172162,175.34669494628906,7959300
2025-09-17,175.5951171776068,177.38374858169246,175.4758639648204,176.08201599121094,6714900
2025-09-18,175.48581111593307,175.90315945566854,172.77302416387383,173.0612030029297,8200900
2025-09-19,173.58786332896594,176.04228103077807,172.2364431172901,175.07839965820312,25621000
2025-09-22,174.9790140641156,175.52554705139653,173.02144192218486,173.1108856201172,7193900
2025-09-23,173.78658720926384,175.85346593800497,173.72696818596185,175.46592712402344,8350400
2025-09-24,175.0287080814662,175.83359525485707,174.63123780109416,175.5752410888672,6676800
2025-09-25,176.0820181505387,177.27444415539176,174.80016360688845,176.60867309570312,8475000
2025-09-26,177.47318969732265,178.77492226884667,176.2012666379313,178.57618713378906,8634400
2025-09-29,178.6954212051717,180.7225437976727,178.66561169370246,180.47412109375,8597100
2025-09-30,180.55362147306892,184.81656364117856,179.92760655827345,184.25015258789062,11569000
2025-10-01,184.8265026093308,185.38296707290417,182.7496923211661,184.87619018554688,13063800
2025-10-02,183.0279253649323,185.4127774086895,182.92855021205926,184.80662536621094,7728100
2025-10-03,185.8798109725306,188.58265134111866,185.73076340763467,187.44984436035156,8675100
2025-10-06,186.81387570153043,188.72176027217148,186.18784562775866,186.97286987304688,5806100
2025-10-07,182.61056532529332,188.036108684398,181.78580012930843,187.69825744628906,8776800
2025-10-08,187.67839129958386,189.0198800500613,187.08218587022017,188.49322509765625,5751200
2025-10-09,188.80126273904844,190.88801960275083,188.53296196228231,189.87445068359375,7484800
2025-10-10,190.79857818153027,190.85821237015006,188.65221742931723,189.5167236328125,9598000
2025-10-13,188.63233060413367,190.09305732581876,188.08579761940138,189.69557189941406,7979500
2025-10-14,191.7028367133322,193.1734949239154,184.7072598099331,189.64590454101562,13613300
2025-10-15,190.2719241910366,192.34874963993454,188.1056853650577,189.96388244628906,9473000
2025-10-16,190.1328050345831,191.8320230724124,189.22854271525568,190.9078826904297,10611800
2025-10-17,191.2854874244109,192.37855341755795,190.47065365451596,192.00094604492188,7764400
2025-10-20,192.27917428148922,193.25298704268093,191.11655783789408,192.49778747558594,8034700
2025-10-21,191.79226341394602,192.3288649581203,190.56009647736,190.66940307617188,6716000
2025-10-22,190.78864544914174,192.2294941661236,190.57003224656304,191.72271728515625,6343100
2025-10-23,191.34510480569733,192.77602203443016,190.33153590825845,191.25567626953125,8882500
2025-10-24,190.98737701890485,191.09668361815096,188.2249176879786,189.19873046875,6903400
2025-10-27,188.79132350755307,189.59621064215713,188.33421906088537,189.099365234375,7126000
2025-10-28,188.0659271389957,188.31434985456886,185.44258386904394,185.75062561035156,8329500
2025-10-29,185.52207421850693,185.91955964649702,183.49495160457295,185.42271423339844,10551100
2025-10-30,185.89968188455046,188.18517382099697,185.7307562633265,187.8572540283203,7072500
2025-10-31,186.2772978942347,188.3044206054977,185.58170215248379,187.6783905029297,8791700
2025-11-03,187.80757254089647,187.83738205369508,184.34953259358537,185.08485412597656,7542600
2025-11-04,185.6512665367905,186.63502595381652,184.44889391598093,185.6810760498047,7209400
2025-11-05,185.4624538271455,186.64494832760218,184.23027175324168,184.8264923095703,5049400
2025-11-06,185.58169301110945,186.33690774209137,184.20046337091514,185.79037475585938,6767400
2025-11-07,186.55553032255438,187.16168236277767,184.5283924466353,185.39291381835938,6959200
2025-11-10,184.82649961069478,187.23122966784774,183.95204680354126,187.22129821777344,5323800
2025-11-11,188.19511159082387,192.69652997893053,187.85726033703008,192.6071014404297,7465600
2025-11-12,192.1400586227106,194.3162439565306,191.85189495482751,193.16355895996094,8803000
2025-11-13,192.98471086513175,194.76341085397326,192.2294960986243,194.0181427001953,8631600
2025-11-14,193.76972241198686,195.93596126145505,192.32887366245293,194.69384765625,8824800
2025-11-17,195.71735093885428,199.0163965828153,194.6640259312004,198.32081604003906,13257000
2025-11-18,197.7544150164991,199.03628473263817,197.27744764335222,198.73817443847656,12468600
2025-11-19,198.73817172561604,202.19621166813639,198.12208824527278,201.23233032226562,14690800
2025-11-20,200.72554663988058,203.21970515199808,200.29826686316107,201.78880310058594,10612600
2025-11-21,202.6731900950299,205.63438454829935,201.70930876866882,202.61355590820312,13189100
2025-11-24,202.4247670803831,204.8195504740814,201.71923991459224,204.75,14803900
2025-11-25,205.17999267578125,207.72000122070312,205.17999267578125,206.6699981689453,10275300
2025-11-26,206.49000549316406,207.80999755859375,205.94000244140625,207.55999755859375,6729000
2025-11-28,207.0,207.4600067138672,204.6300048828125,206.9199981689453,5638300
2025-12-01,206.5,207.6999969482422,205.33999633789062,205.33999633789062,8473700
2025-12-02,205.24000549316406,205.61000061035156,203.10000610351562,205.4199981689453,8393600
2025-12-03,205.89999389648438,207.02000427246094,204.99000549316406,205.3300018310547,8363300
2025-12-04,204.58999633789062,204.86000061035156,201.7100067138672,202.47999572753906,9049900
2025-12-05,202.97999572753906,203.4499969482422,200.80999755859375,201.92999267578125,7785300
2025-12-08,202.66000366210938,203.25999450683594,200.99000549316406,201.6199951171875,7785700
2025-12-09,202.9199981689453,205.5399932861328,199.91000366210938,199.9600067138672,7509400
2025-12-10,200.58999633789062,206.8000030517578,200.17999267578125,206.5399932861328,11599800
2025-12-11,207.89999389648438,211.24000549316406,207.8300018310547,210.00999450683594,9009000
2025-12-12,210.27999877929688,212.27000427246094,208.9600067138672,211.5800018310547,6922700
2025-12-15,210.35000610351562,215.19000244140625,209.00999450683594,214.1699981689453,8464400
2025-12-16,214.0,214.72999572753906,208.80999755859375,209.38999938964844,4863967
