Date,Open,High,Low,Close,Volume
2015-12-16,89.4336729410355,89.81952368774468,87.70572484974467,88.90522003173828,1670200
2015-12-17,89.14009810834888,89.34141657906498,86.28815683541973,86.33009338378906,1730100
2015-12-18,85.83520805224185,86.12039964686358,85.11383279578037,85.15576934814453,2015100
2015-12-21,85.59193620827358,86.05327659129388,84.97122031860543,85.65904235839844,1703000
2015-12-22,86.01975329732447,86.85017133215722,85.57517973160137,86.23783874511719,1553800
2015-12-23,86.88372896503395,88.07483471769382,86.72435340672143,87.85674285888672,1655900
2015-12-24,87.55477685288194,87.94901763734313,87.35346472450074,87.66382598876953,493100
2015-12-28,87.25278761210319,87.31989377436877,86.58174518823506,87.05147552490234,644100
2015-12-29,87.79803143448082,87.94062725794471,87.26119482883088,87.5715560913086,637900
2015-12-30,87.37023710226288,87.50444304333662,86.54820251464844,86.54820251464844,1261600
2015-12-31,86.22946062026041,86.9927725340555,85.79327689843736,85.89393615722656,930900
2016-01-04,84.74475680600575,85.36547282857154,84.3169630068609,85.2815933227539,1853500
2016-01-05,85.98618992814814,86.00296326843495,83.84722746442276,84.98800659179688,1589200
2016-01-06,83.73817512432413,85.04671310247736,83.57879961174574,84.13241577148438,1885300
2016-01-07,82.90776774926691,83.93950425701479,81.86764777043217,82.02702331542969,2002700
2016-01-08,82.2367452736765,83.22653906818302,81.6411923023477,82.0773696899414,2541000
2016-01-11,82.5135340701602,83.11747037256926,81.89281162665677,82.57225036621094,2389200
2016-01-12,83.46137104398439,83.8891647879558,82.45480430479957,83.78850555419922,1736500
2016-01-13,84.37564345222802,85.8267832447523,81.82567428087724,82.2115249633789,2652800
2016-01-14,82.40448090053476,84.16597609510748,81.79215475746132,83.70463562011719,1928500
2016-01-15,83.38589328090907,83.70463796709025,80.95334918229555,81.69149780273438,1584700
2016-01-19,82.60579376093213,82.7064465997301,81.05399423377749,82.3541488647461,1822000
2016-01-20,81.00366769594959,82.88259534604617,80.52554751357158,82.05217742919922,2844600
2016-01-21,82.41287939707533,82.86583644873605,81.52374503618391,82.16962432861328,1653200
2016-01-22,83.37749860196969,83.62075363776218,81.90119504663409,82.27865600585938,1746800
2016-01-25,81.86764636410733,82.32899324980863,80.52555505969825,80.63459777832031,1400000
2016-01-26,80.96172388393387,82.52190686234935,80.47522023658355,82.32059478759766,1350100
2016-01-27,82.04379329676755,83.5704233191524,81.98507700358336,82.28704833984375,2132200
2016-01-28,82.73998806724799,83.20971831463685,82.12766205184393,82.37091064453125,1815000
2016-01-29,81.17143097171444,83.89755642184872,80.1900273455691,83.88078308105469,3435200
2016-02-01,83.73820772353747,84.70283824432423,82.5135487596055,84.32537078857422,2402500
2016-02-02,82.06055367163951,83.26004886326781,82.01861072943653,82.32897186279297,2462400
2016-02-03,83.3187644084284,86.64883176281681,83.00001340952116,86.64044189453125,2563200
2016-02-04,86.69079249956125,89.74405264900922,86.69079249956125,88.51939392089844,2169200
2016-02-05,88.04967918470993,88.5110197575306,86.9676160672546,88.15872192382812,2021200
2016-02-08,87.6722043486227,87.90707595090136,84.27503598195136,85.49969482421875,2926200
2016-02-09,85.36548592949757,87.40378959170262,85.13062071732531,87.08504486083984,1592800
2016-02-10,87.49604799319152,88.31808253214916,86.39721171727946,86.70757293701172,1107300
2016-02-11,85.34030824739786,86.53142024944134,84.93768406609536,85.60872650146484,1594100
2016-02-12,86.19589777876521,87.19407478383611,85.73455089435706,87.09342193603516,978100
2016-02-16,88.10836082959689,88.10836082959689,86.7830431389207,87.23600006103516,1878700
2016-02-17,87.96578725392855,88.41035441940419,87.50444034658791,87.65542602539062,1449200
2016-02-18,87.49605047565542,87.95739738299605,87.30312824138312,87.65542602539062,995300
2016-02-19,87.57993562798656,87.70575169290314,86.37205020801629,86.65724182128906,1354300
2016-02-22,87.14376219893133,88.11678254617007,86.87534389617532,87.42057037353516,1273100
2016-02-23,86.84175590723015,87.07662102780121,85.22285686947153,85.742919921875,1294600
2016-02-24,84.65250357569367,85.67585038080392,84.55185070935319,85.46614837646484,1493800
2016-02-25,85.73453636179322,86.32170560601968,84.75313286451139,86.07006072998047,1758900
2016-02-26,86.64884355915876,87.42054515703494,85.92746837865856,86.5985107421875,1582100
2016-02-29,86.70757355107365,87.17730391974963,85.34870247078003,85.38225555419922,1325500
2016-03-01,86.27136376684973,88.51936847908378,85.88551302365363,88.35999298095703,1591500
2016-03-02,87.83156716787308,88.29291403450833,86.67401466558265,87.35344696044922,1582700
2016-03-03,87.50555039142182,89.5417452115398,86.78739277310571,89.42345428466797,1295700
2016-03-04,89.60931093340976,93.0142272259617,89.4910264800223,91.9158706665039,2152400
2016-03-07,92.2453772085391,92.71007073146852,90.93579105920651,91.74688720703125,1851700
2016-03-08,90.85130655190517,91.83138513001376,90.09090186992772,91.36669158935547,1315000
2016-03-09,91.60323603339809,92.38898625388232,91.12164760445728,92.14396667480469,1416000
2016-03-10,92.73540688807772,94.05343718622807,92.34675709364925,93.49581146240234,2592500
2016-03-11,93.85066896353557,94.80539525460577,93.44511769048574,93.87601470947266,2132100
2016-03-14,93.52960894796207,93.82532651701062,92.59177763919772,92.85369873046875,1279100
2016-03-15,92.05103253116773,92.63401040137957,91.72997571137958,92.46503448486328,1057300
2016-03-16,92.31294426769338,93.49579490201796,91.94118955364404,93.0479965209961,1331000
2016-03-17,93.49581433132626,95.93755332834687,93.43666566360187,95.57424926757812,2289100
2016-03-18,95.90376935991117,96.02205381874906,95.31234061970214,95.3714828491211,2287000
2016-03-21,95.37147869716026,95.81082647887663,95.2616449747408,95.43907165527344,1122600
2016-03-22,95.16025987023342,95.35458802215179,94.47589886473143,95.1180191040039,1246700
2016-03-23,94.9574849604001,95.77703186694605,94.34071693214676,95.30389404296875,1229500
2016-03-24,94.52657912274346,94.71245652090597,93.78307597611223,94.40829467773438,1106200
2016-03-28,94.67869389222176,95.2363262860644,94.58575515991465,95.0082015991211,852300
2016-03-29,94.58575018863797,95.31235854156536,94.2815882527139,95.01664733886719,960700
2016-03-30,95.62493173791673,97.34851318133954,95.40525788686784,97.16263580322266,1708100
2016-03-31,97.10352652542359,97.4330341907596,96.62193790331554,96.6979751586914,1751700
2016-04-01,96.27551284102663,97.57664826786994,95.23629851340463,97.36542510986328,1171100
2016-04-04,96.74019876199088,97.66957929495474,96.571222827277,96.9176254272461,977500
2016-04-05,96.16569430505915,96.69797442672194,94.9490466600925,95.46443176269531,1285900
2016-04-06,95.5573688150994,95.75169698400953,94.39986987209166,95.7094497680664,976700
2016-04-07,95.07580586508456,95.26168335176858,94.02814037634592,94.34919738769531,878400
2016-04-08,95.0250923232147,95.70945341463062,94.59419519905413,94.88146209716797,840200
2016-04-11,95.27854246475421,95.8530697315928,95.22785096786298,95.2531967163086,919900
2016-04-12,95.45596725568389,96.67260819690854,94.93213153150539,96.36844635009766,774500
2016-04-13,96.87539238894689,97.68648854306336,96.18257424174362,97.64424133300781,908700
2016-04-14,97.83010935421049,97.93149878100124,97.05280975353725,97.61043548583984,748100
2016-04-15,97.42458010887658,98.47225175107589,97.23870267409865,98.27792358398438,987700
2016-04-18,97.66959232202589,98.18497737146913,97.45836915245143,98.10894012451172,888300
2016-04-19,98.45532444270518,100.42392556371834,98.12581687519017,100.39012908935547,1226200
2016-04-20,100.5422346687641,101.14210773234106,100.17893053775046,100.7872543334961,1079300
2016-04-21,100.73656017992779,101.42092120911106,100.32255811282356,100.41549682617188,573500
2016-04-22,100.89705767668744,101.20967021256779,100.0014737171627,101.0660400390625,658300
2016-04-25,100.5506626157991,101.15053554344274,100.41547671581368,100.70274353027344,654500
2016-04-26,100.7112020520253,101.03226538687005,99.96769883505218,100.89707946777344,903600
2016-04-27,100.95620362724394,100.99000010096937,99.3847030521118,100.0775146484375,1493700
2016-04-28,99.35939795888824,100.86330620185826,99.08058177109602,99.91703033447266,1193400
2016-04-29,96.03895236656642,99.99305048941733,94.7462675574455,99.24109649658203,1962600
2016-05-02,99.33402173405116,100.32254451915354,98.89468042267863,99.19039154052734,1290900
2016-05-03,98.4046415137842,98.5229259613339,96.49518244530937,97.23868560791016,1477300
2016-05-04,96.89228568798755,97.10350884248298,96.08118954824737,96.2670669555664,1248200
2016-05-05,96.86695354547957,97.03592951440044,95.7094481757096,95.86997985839844,1084100
2016-05-06,95.86153002873878,96.78246647228269,95.54891739266972,96.57124328613281,848400
2016-05-09,96.57123199159707,96.57123199159707,95.06731766744409,95.49821472167969,1132900
2016-05-10,96.12344021485613,96.5120965316667,95.76013609385303,96.33466339111328,979600
2016-05-11,96.41912897786456,96.85847021681646,95.73476170820358,95.83615112304688,1049700
2016-05-12,96.4782873455365,97.32317993930837,95.88685866228482,95.97979736328125,1156400
2016-05-13,95.95446262317152,96.42760046722842,94.25622651001063,94.59418487548828,799200
2016-05-16,94.7293698879864,95.7939300268643,94.32381856411413,95.43062591552734,735700
2016-05-17,95.26162533081322,95.5573364040556,94.75469114153798,94.8645248413086,1071100
2016-05-18,94.53502976085271,94.60262271393997,93.34373458127911,93.59719848632812,931000
2016-05-19,93.4789309309559,94.56039259167238,92.52420446867148,92.9888916015625,1429400
2016-05-20,93.60565608014454,93.82532997077523,92.85370214846716,93.00578308105469,1206600
2016-05-23,93.00576266875657,93.86755013360016,92.94662045495375,93.35216522216797,1093500
2016-05-24,93.75771985197156,94.22240684992198,93.41976156963247,93.58873748779297,1281000
2016-05-25,94.0112067683002,94.63643199995622,93.78308857827737,94.31536865234375,881900
2016-05-26,94.46741881758244,94.6194997100574,93.32681534702908,93.41975402832031,637000
2016-05-27,93.41976156963247,93.87600428388753,93.1155997601291,93.58873748779297,750400
2016-05-31,93.67322843495735,93.8928958312534,92.77763805291663,92.81988525390625,1726200
2016-06-01,92.57487746947515,93.80841983259506,92.11018398342851,93.64788818359375,2096700
2016-06-02,93.41979716848059,93.41979716848059,92.88751702202634,93.41134643554688,974500
2016-06-03,93.21566533051936,94.05781999382506,93.21566533051936,93.777099609375,1168200
2016-06-06,94.06636810515285,95.50398495675475,94.00682192183261,94.97657775878906,1137600
2016-06-07,95.08713489808693,95.7676680787284,95.08713489808693,95.15518951416016,1101100
2016-06-08,95.47843660739085,96.78845872594938,94.94252112299903,96.69488525390625,1450200
2016-06-09,96.30356643788079,96.57577836368084,95.71660683629396,96.49922180175781,1765800
2016-06-10,96.08242590532699,97.03517122466987,95.59754803968966,96.7459487915039,1847200
2016-06-13,96.51625920647234,97.37543097419758,95.88677016885441,96.02287292480469,1283800
2016-06-14,95.61455996076121,96.22703859914353,95.23175756674918,95.65708923339844,1212800
2016-06-15,95.75915448931482,96.30357840858778,95.13816750855767,95.27427673339844,1454900
2016-06-16,94.61076744073753,95.49545799708682,93.65802226696626,95.3763656616211,1159100
2016-06-17,95.48695290145334,95.96332226004905,94.68732734377129,95.3593521118164,1579200
2016-06-20,96.42268498924854,97.23081902860385,95.66559516177679,95.80170440673828,1401500
2016-06-21,96.06540830534246,96.06540830534246,94.8489595067748,95.14669036865234,1393900
2016-06-22,95.47843062411391,96.08240068487858,95.02758019072937,96.00584411621094,1075300
2016-06-23,97.14575084446103,98.00492263518434,96.97562077245767,97.99641418457031,1383300
2016-06-24,95.39339769776338,95.77619364996676,93.38583145899442,93.81967163085938,1903400
2016-06-27,92.6797545730709,92.95196654196022,90.43400420722271,91.02947235107422,1761100
2016-06-28,91.87161659255413,92.93494548830128,91.04647233104721,92.27993774414062,1345600
2016-06-29,93.54744893529742,94.16842954170748,93.33478309939471,94.12590026855469,1315800
2016-06-30,94.42364217616753,95.60606384277344,93.75161727736935,95.60606384277344,1322200
2016-07-01,95.71663140994947,96.92457822522394,95.2912997610623,96.45671081542969,1436400
2016-07-05,95.61454831093491,96.09942609223495,94.38959118342098,94.83193969726562,1087400
2016-07-06,96.55027520534826,96.55878365473762,93.67503586604582,95.12966918945312,1389200
2016-07-07,95.40186303678499,96.08238958761831,94.70431959040552,95.13815307617188,716200
2016-07-08,95.58050386376287,97.80073501423465,95.18069117911209,97.6050796508789,1024000
2016-07-11,97.74971245370463,98.25160063175335,97.15424431342444,97.28184509277344,988300
2016-07-12,98.03044313385789,99.80833291919689,97.91135078345772,99.51910400390625,1344400
2016-07-13,99.91889744838426,100.09753593935332,98.96615233983749,99.9954605102539,880900
2016-07-14,100.46331383286308,100.99072730713807,100.24213960300007,100.67597961425781,940400
2016-07-15,101.08431046967867,101.33950553781277,99.66370447125861,101.22041320800781,988100
2016-07-18,100.98225706154469,101.2289502400951,100.58244420286115,100.93972778320312,579500
2016-07-19,100.73554470038663,100.87165394127388,100.14008299661946,100.53138732910156,603400
2016-07-20,100.43779538525044,101.0587823250637,100.16558344356186,100.60792541503906,480900
2016-07-21,100.50587665789814,100.6079521068346,99.8253433781055,100.10606384277344,660900
2016-07-22,100.0805328652294,100.45482028276406,99.76578512566917,100.12306213378906,571900
2016-07-25,100.01249327527347,100.20814870819275,99.60417199746416,100.1571044921875,587800
2016-07-26,100.20811858601475,100.8716347842137,99.9444086043897,100.71000671386719,857700
2016-07-27,100.77807083892377,101.05879125391768,100.23364690744509,100.66748046875,986400
2016-07-28,98.10699806676072,99.76578887395789,97.57958449445007,99.62117767333984,1575800
2016-07-29,99.09375574728874,99.39148657347555,98.26861139325298,99.13629150390625,1256300
2016-08-01,99.47658683204745,99.50210569737393,98.05597392508419,98.5918960571289,1506100
2016-08-02,98.54082217947148,98.84706145131743,97.81775975596385,98.71946716308594,1052900
2016-08-03,98.92361788333434,99.49356063271505,98.66841634388744,99.1703109741211,1156600
2016-08-04,99.05971739467023,99.45953009813208,98.88107891887665,99.24686431884766,1051400
2016-08-05,99.72324753627268,99.85935027037108,99.16180672174858,99.28089904785156,846000
2016-08-08,99.58715633991274,100.01248800728915,99.05974273594934,99.36598205566406,884000
2016-08-09,99.21286343113164,99.65521200424506,98.27713505114806,99.45955657958984,597200
2016-08-10,99.63816623358238,99.85934045605563,99.08524041246585,99.09374237060547,576300
2016-08-11,99.31493419696321,99.69773006251788,98.94064029105516,99.51058959960938,649700
2016-08-12,99.29791125348794,100.33571483333671,98.97465510644554,99.3319320678711,612200
2016-08-15,99.42552163745161,100.57392225526442,99.42552163745161,100.4037857055664,551400
2016-08-16,104.65708873472481,106.33289621752012,103.00680010861451,103.15991973876953,5935800
2016-08-17,102.89623765357814,102.9217565155756,101.28848444727585,102.45389556884766,2264800
2016-08-18,102.45388070478285,103.70435668160852,102.33478837270853,103.68733978271484,1073500
2016-08-19,103.22798431582599,104.4189141664463,102.59849532665855,104.25728607177734,2162200
2016-08-22,103.89148121533108,104.35084006437258,103.6107673270649,104.14668273925781,875400
2016-08-23,104.56350133458112,104.92077826065685,103.82342862914484,104.16368865966797,708000
2016-08-24,103.11738724113196,104.03610499325633,102.97277606442111,103.85746002197266,795700
2016-08-25,103.77240465837228,104.69112249595392,103.6533123264686,104.66560363769531,967300
2016-08-26,104.95482489399636,105.09944257265519,103.23648805918482,103.62779235839844,1006600
2016-08-29,103.69583762069195,104.43591039569941,103.69583762069195,103.99356842041016,727700
2016-08-30,104.15521084431676,104.55502361190345,103.82345269462685,104.22325897216797,654000
2016-08-31,104.07862198451005,104.1807038860579,103.27049468989917,103.8149185180664,844600
2016-09-01,104.01061906455844,104.63160624995537,103.72990505339688,104.5040054321289,1224300
2016-09-02,104.66560042794228,105.2015159050741,104.54650809969075,105.00586700439453,489600
2016-09-06,105.09999799028279,105.57927926731956,104.26124922575076,104.55224609375,787200
2016-09-07,104.29551704843657,104.8603835110752,103.90182065818061,104.62074279785156,731300
2016-09-08,104.64640175085447,104.77478255048914,103.03738111396027,103.19143676757812,1032100
2016-09-09,102.90898038279857,102.90898038279857,100.48689270019531,100.48689270019531,1373500
2016-09-12,99.34861031004664,102.10449109422429,98.94635352692873,101.44547271728516,4768200
2016-09-13,100.47836558444631,102.76351932075143,99.29726990027811,100.99188232421875,3575700
2016-09-14,101.19730235468133,101.31712272697233,99.61395612393264,99.99909210205078,1676300
2016-09-15,99.62248233911123,101.59952433196062,99.48554108658779,101.17159271240234,1438900
2016-09-16,100.7779124944496,101.14593400721046,100.17881074331301,100.71800231933594,1597700
2016-09-19,101.14591827145607,101.59952474527823,100.80357166847308,100.8292465209961,846800
2016-09-20,101.55674780961469,101.84773821310122,100.62385336666259,100.65808868408203,777900
2016-09-21,101.12882360400853,101.34278945639035,100.40989494455143,100.99188232421875,1558300
2016-09-22,101.84772419813531,102.0360151531725,100.89771549206095,101.30853271484375,1247200
2016-09-23,100.94054721250943,101.22297721592646,99.79368668236914,99.99909210205078,1558200
2016-09-26,99.9305992938525,100.47835127556836,99.5968131340481,99.64816284179688,1477400
2016-09-27,99.64816738131535,100.41844568123074,99.57969674805197,100.1360092163086,965400
2016-09-28,101.46260420257941,102.2756717847968,100.76079650675118,101.29142761230469,2086300
2016-09-29,101.4968109298303,102.56663990006489,101.34276182664566,101.72789764404297,1648500
2016-09-30,102.29279305656596,103.70496900511289,101.83918648884863,103.41397857666016,1698300
2016-10-03,103.01169715212194,104.04729085943305,102.55809069260827,103.76485443115234,1708300
2016-10-04,103.81622474187307,104.4153264621453,102.86621592135636,103.01171112060547,1346300
2016-10-05,103.64504815771026,103.83333913542984,102.78918482605334,103.01171112060547,918100
2016-10-06,102.78917859000485,103.57657124022685,102.65224386070123,103.43107604980469,913200
2016-10-07,103.69640917905679,103.69640917905679,101.26575380962446,101.7193603515625,1126100
2016-10-10,102.76349606938523,102.76349606938523,101.59952157341253,101.65087127685547,733700
2016-10-11,101.29997572765888,101.35132543362309,99.56257435887275,100.24726104736328,1095800
2016-10-12,100.12744541692811,100.72655364343254,99.94771490789242,100.40132141113281,636700
2016-10-13,99.5283485485739,100.40132628191515,98.27878885628749,100.22159576416016,669500
2016-10-14,100.82925348003587,100.99186959686288,100.2900619506836,100.2900619506836,464300
2016-10-17,100.08465506479787,100.42699515648482,99.90492455774661,100.20447540283203,638300
2016-10-18,101.32566222373708,101.71935858404453,100.79502459216485,101.41124725341797,726200
2016-10-19,101.62519234989333,102.71214224711419,101.17158590842237,102.60087585449219,849800
2016-10-20,102.06169074636655,102.74638394607015,101.6765549026072,102.5067367553711,673000
2016-10-21,101.76213359320721,102.8234021100183,101.07744043607354,102.60087585449219,683400
2016-10-24,102.76350320713561,103.35405095662011,102.11304528956708,102.32701110839844,617300
2016-10-25,102.27566113695937,102.27566113695937,101.27430267455006,101.44547271728516,599000
2016-10-26,101.06888857536877,101.80493149651232,100.60672816415627,101.47970581054688,920200
2016-10-27,101.19726514132209,101.19726514132209,98.16750856384068,99.75941467285156,2052800
2016-10-28,99.90492633876505,101.19727522627515,99.66527912870579,100.51258850097656,1123000
2016-10-31,100.87203292508015,101.08599871585459,99.96482006170619,100.18733978271484,1258000
2016-11-01,100.2729422804713,100.52969733962779,98.4927451395585,99.26302337646484,866200
2016-11-02,99.06616804703422,99.34004401716344,98.09904495589132,98.42427062988281,957200
2016-11-03,98.61255518063885,98.93778083351306,98.13327389646258,98.28732299804688,759300
2016-11-04,98.57833281137084,98.766623777649,97.93643535163272,97.99634552001953,855400
2016-11-07,99.2459132750864,100.56394361755511,98.98059772611616,100.54682922363281,1459300
2016-11-08,100.54680679504426,101.34275979412394,99.92202381588201,100.86347198486328,763900
2016-11-09,98.9891483521523,102.17295421260239,98.69815144663399,101.5738525390625,1798800
2016-11-10,101.7535763068544,104.12432105035809,101.7535763068544,102.90043640136719,1554600
2016-11-11,102.48961329294966,102.98601549231498,100.1616644556535,100.86347198486328,1379000
2016-11-14,101.35132303724342,101.57384930735763,99.00625959436044,99.95626831054688,1613400
2016-11-15,99.72518752097666,100.24726464943356,99.19455646103067,100.20447540283203,1075600
2016-11-16,100.27295712963559,100.4698020511673,99.7851087325853,100.26439666748047,605600
2016-11-17,100.5297016871071,100.82925253393651,99.29725645475895,99.5283432006836,1035300
2016-11-18,99.49411473059631,99.72519496270061,98.88645253387251,99.09185791015625,1041200
2016-11-21,99.67384959102492,100.23872256254967,99.59682502020944,99.91349029541016,1158200
2016-11-22,100.49544223270986,100.50400269191125,99.49408398681341,99.99048614501953,1112500
2016-11-23,99.6139379367958,101.59954071044922,99.36573677387422,101.59954071044922,1215500
2016-11-25,101.71079446036136,102.08737641306257,101.58242018532137,101.91620635986328,352000
2016-11-28,101.65089208721638,101.90765371643252,101.40269744995211,101.58242797851562,749900
2016-11-29,101.12025354554076,106.08425693189609,100.2558297556283,104.56938171386719,3835600
2016-11-30,104.89460402382284,104.97163511632458,102.74639184088235,102.96035766601562,2108200
2016-12-01,103.2000014422381,103.58513732714763,102.01890587304011,102.47251892089844,1840600
2016-12-02,102.36980632309066,103.05449955148649,101.9247537657178,102.34413146972656,934600
2016-12-05,102.9383951130693,103.37764212513694,101.96516797940062,103.14510345458984,1946900
2016-12-06,102.99007197040127,103.50682966471177,102.36996010885642,102.50775909423828,996000
2016-12-07,103.11066454469686,105.53943199862573,102.83505996024152,105.29827880859375,2813600
2016-12-08,105.62557183000584,106.46100019043045,105.0226887714172,105.90117645263672,1267300
2016-12-09,105.96142576981514,107.14997560646462,104.58340316370642,106.72795104980469,1376500
2016-12-12,107.07248915329349,107.21029473902183,105.97868524303568,106.34902954101562,872800
2016-12-13,106.92606081063633,106.93467530128208,105.80641358020682,106.5643310546875,830500
2016-12-14,106.50405099031282,106.96912838621732,105.37578918207038,105.57388305664062,995200
2016-12-15,105.45331091911474,106.87439321175742,105.38440812757531,106.30596160888672,908200
2016-12-16,106.76245241721341,106.77106691060855,105.17772732103114,105.49639129638672,1735000
2016-12-19,105.34996255037727,105.95284558231545,105.19493454631714,105.93562316894531,793500
2016-12-20,104.91932698811767,105.0226811782314,100.31155945652662,101.9651870727539,4678100
2016-12-21,102.21496075579415,102.30108596713256,100.86277456789044,102.08576965332031,2194300
2016-12-22,101.5345388057773,101.5345388057773,100.01871043929556,100.93165588378906,1732100
2016-12-23,100.68190790506482,101.31062785076053,100.15653558280823,101.27617645263672,936000
2016-12-27,101.5948393262837,102.223565795688,101.35368612846237,102.10298919677734,703600
2016-12-28,102.34412585757079,102.86088356525056,101.11251659261976,101.1814193725586,747300
2016-12-29,101.31923446590785,101.62929045398438,100.98334157398024,101.12114715576172,574800
2016-12-30,100.96610727517854,101.11252076038554,100.28570707983123,100.93165588378906,984800
2017-01-03,101.60344579733619,101.8187620742413,100.01010666242458,100.68189239501953,2364200
2017-01-04,101.08670131615267,101.12115271349153,100.29433231922329,100.63883972167969,1564800
2017-01-05,100.11345656532859,100.24264764862,99.04548964725379,99.6225357055664,1756500
2017-01-06,99.66561400624526,100.25127462865159,99.16607859311851,100.07901763916016,1907500
2017-01-09,100.31155985280303,100.96612325091166,99.88092724869273,100.38046264648438,1143700
2017-01-10,100.58715633550317,100.74218432330368,99.63976599713625,99.7775650024414,928300
2017-01-11,99.71726271441642,100.76800708753275,99.13160223944652,100.69910430908203,995100
2017-01-12,100.76802111790379,101.24171957204432,100.3632254518076,100.98333740234375,1102600
2017-01-13,100.96612805224665,101.31924338752444,100.53549542765808,100.8369369506836,1088300
2017-01-17,100.44072874628775,100.95748644280692,100.21679800178822,100.69910430908203,1424300
2017-01-18,100.5182550121346,100.87137687818817,100.31155321569905,100.42351531982422,1386400
2017-01-19,100.34599598119533,100.68188883561801,99.75172097524856,99.99287414550781,1965400
2017-01-20,100.06175969000412,101.10388946533203,99.80337758299426,101.10388946533203,1295500
2017-01-23,100.94887818874662,101.2761565502088,100.3287662862448,100.4924087524414,1750400
2017-01-24,100.94025721055802,101.82736569630096,100.76800683579215,101.3622817993164,3539800
2017-01-25,101.53455008563094,103.51546259954104,101.00917780770519,102.98147583007812,3917600
2017-01-26,100.37184422644084,103.14511913972689,99.65699255457011,102.92118835449219,1980500
2017-01-27,103.73935645105844,104.21305478298942,102.92115740964657,103.52404022216797,1739300
2017-01-30,102.8005827897947,102.94699625118388,101.50868539203849,102.74890899658203,1649800
2017-01-31,102.28385196310097,102.38719957662343,101.68096241018269,102.00824737548828,1356800
2017-02-01,101.04363270810141,102.02547450757918,100.88860470971377,101.58622741699219,1324400
2017-02-02,100.66465905048749,101.06084019431124,100.37183208063425,100.44073486328125,1705100
2017-02-03,100.69052224318601,101.42259638213245,100.60439046254218,101.1728286743164,1120900
2017-02-06,100.819701037593,100.86276692546531,99.96705033936333,100.28572082519531,1448000
2017-02-07,99.78617188042794,100.54408277910977,99.51056731991353,100.16513061523438,1582800
2017-02-08,99.87229707353912,100.44934309540817,99.5019528293231,100.16513061523438,891600
2017-02-09,100.16511896905726,100.54407108887197,99.56222954551474,99.70003509521484,1030400
2017-02-10,100.0790072950912,100.40629225583093,99.70005509924272,100.10485076904297,1247500
2017-02-13,100.74219221679108,101.58622843911353,100.42352172497348,101.14698791503906,1059300
2017-02-14,100.58714022011917,101.27614827811988,99.80338591543666,101.04360961914062,767600
2017-02-15,100.69913031866056,101.40536755286793,100.51826540670979,101.27617645263672,884700
2017-02-16,101.3709045748147,101.82738061961123,100.87137578641301,101.19865417480469,1810700
2017-02-17,101.33646148145154,101.55177777060547,101.00056202511428,101.12975311279297,906000
2017-02-21,101.02640530590264,102.44748755485146,100.80247452575058,101.89627838134766,1600600
2017-02-22,101.474277459428,102.0943895272433,101.24173871946364,101.44844055175781,861700
2017-02-23,101.63790229390224,102.03408347479015,101.33646080528445,101.68096160888672,853800
2017-02-24,100.86274924322434,101.83597637176176,100.62159608365263,101.72401428222656,833400
2017-02-27,101.62927823363675,103.10204071444299,101.45702784805384,102.07713317871094,1737000
2017-02-28,101.68957452904145,102.59390555185358,101.06946257864819,102.24078369140625,1616100
2017-03-01,103.16236787564058,103.88583422372211,102.76618658278329,103.66190338134766,1283100
2017-03-02,103.6360347478688,103.88580242426843,102.21494596811371,102.30107116699219,1064600
2017-03-03,102.33399915584972,102.36000860333759,101.76177146667557,101.961181640625,1076300
2017-03-06,101.58839474590235,102.58546576062513,101.56238529057478,102.07392883300781,1203300
2017-03-07,101.98721509712819,103.20971233535803,101.68376044697672,102.99295806884766,1676500
2017-03-08,102.48140926757598,103.70390644267054,102.44673440776252,102.80220794677734,2717000
2017-03-09,102.43807026767479,102.91492569717394,101.10286315840936,101.43232727050781,1728800
2017-03-10,101.90050786564034,102.03056173976982,101.33694548762244,101.39763641357422,1407300
2017-03-13,101.73577324388955,101.73577324388955,100.56530159799578,101.19822692871094,1580600
2017-03-14,100.9381106589209,101.60571740762326,100.76470991668913,101.13752746582031,1455800
2017-03-15,101.70109599949622,103.1316687471448,101.1808805114625,102.8455581665039,1606300
2017-03-16,102.90625278012743,103.33976129248478,101.47567336638521,101.54503631591797,1567400
2017-03-17,102.06524035163513,102.7241751112151,101.92651445917002,102.58544921875,2297100
2017-03-20,102.67213843893718,102.92357413060105,102.29065550573505,102.51607513427734,643400
2017-03-21,102.55077062147296,102.8628972734578,101.0941817838153,101.39763641357422,1047100
2017-03-22,101.22424090391675,101.85716626291386,100.81674183077253,101.5016860961914,1103500
2017-03-23,101.39764386030535,102.43806831493612,100.9814793703053,101.99588775634766,781100
2017-03-24,101.90918550966497,102.41205698947189,100.70403233155834,100.92945861816406,850600
2017-03-27,100.40056141866805,102.49874076574166,100.28784498621935,102.2126235961914,1309200
2017-03-28,102.79351579338874,103.52181338832553,102.08256223977695,102.98426055908203,2120500
2017-03-29,102.90626913730652,103.70392333927734,102.55946094933172,102.63748931884766,1306000
2017-03-30,102.41206728728275,103.69524895431,102.34270432830402,102.82823181152344,1732200
2017-03-31,102.50743970217455,103.58253910708144,102.38605121655385,102.82823181152344,1469700
2017-04-03,102.95827671632928,103.39178524987172,101.5363692554953,102.30801391601562,1825500
2017-04-04,102.70682181694144,103.67788313229447,102.36868575303033,103.40910339355469,1006400
2017-04-05,104.0420394955028,104.0420394955028,102.22130512729444,102.42071533203125,1440000
2017-04-06,102.63748265276283,103.8252984696152,102.48141930905095,103.49583435058594,1238600
2017-04-07,103.30507539356817,103.60853001625956,102.70683155539469,103.04496765136719,1076500
2017-04-10,102.8888957942485,103.98133896013263,102.30799604830925,103.6692123413086,686500
2017-04-11,103.37444633312984,103.64321950332187,102.86290283119881,103.33109283447266,1019400
2017-04-12,102.90625808843748,103.41779498429506,102.35136769318184,102.50743103027344,904000
2017-04-13,102.3166624979556,103.01894404465986,101.78778167901588,101.84847259521484,818600
2017-04-17,102.09995123252288,103.03632481710679,101.81383395801444,102.35138702392578,660900
2017-04-18,102.35135754373343,102.9235853131154,101.96986795426902,102.58544921875,1498300
2017-04-19,103.34841572691614,103.5218230823363,102.1779441907906,102.44672393798828,1120300
2017-04-20,102.9409434084437,104.08540571824055,102.57679119842362,103.8079605102539,1034700
2017-04-21,103.79060442110918,104.10273107073007,103.23571406951976,103.67789459228516,853900
2017-04-24,105.29053994718048,106.74712867978309,104.99575074609403,106.6517562866211,1896700
2017-04-25,107.11128335070549,108.16037315020827,106.77314724238703,108.11701965332031,1672900
2017-04-26,107.96095256945529,109.166112269903,107.60547904363699,108.47249603271484,1536000
2017-04-27,106.81650746554446,109.21814861309431,104.05939273541225,108.7933120727539,1653700
2017-04-28,108.48117647540698,108.95803188752603,107.60548739631649,108.35979461669922,1521100
2017-05-01,108.7152476431884,108.81062003056763,107.95227515896843,108.3424301147461,939300
2017-05-02,108.75864329101063,108.91470665677811,107.95231700368144,108.87135314941406,1291900
2017-05-03,108.70657791529497,109.12274894307575,108.41179534067808,108.83663177490234,1000200
2017-05-04,109.06207321806443,109.55627266157138,108.74994655744793,109.52159118652344,1459700
2017-05-05,109.7816975741665,112.30471366543055,109.53026184431289,112.26136016845703,2035500
2017-05-08,111.31630853878401,112.09661852196292,111.25562423013321,111.9232177734375,1005500
2017-05-09,111.94058259886177,112.21802120208287,111.42904566537517,111.51573944091797,861300
2017-05-10,111.47238956059294,112.02727994884287,111.15158425280207,111.99259185791016,830400
2017-05-11,111.83652401398935,112.13997201650155,110.97817244878927,111.9232177734375,898500
2017-05-12,111.57642540815523,112.67754075733548,111.52440650230312,112.46945190429688,1110800
2017-05-15,112.67750724792049,113.09367160060347,112.22665481523194,112.85957336425781,2034700
2017-05-16,112.98965760018962,114.22082010697846,112.98965760018962,113.60523223876953,1764800
2017-05-17,113.60523279008036,113.60523279008036,111.68045405374652,111.68913269042969,1341600
2017-05-18,107.90893250307174,111.49838888477186,106.55638813143794,111.29896545410156,2094600
2017-05-19,111.64578103530567,112.35672808469728,111.32497575421192,112.04460144042969,1080900
2017-05-22,112.66884791962032,112.88560215310541,112.02726385546673,112.55614471435547,689000
2017-05-23,112.84225207614647,113.12836926056278,112.1313050482023,112.68619537353516,801100
2017-05-24,112.7295853536977,115.90285840052093,112.20070430762162,114.68037414550781,2260700
2017-05-25,115.4259824817545,115.48666679499598,114.12545692498736,114.38555145263672,1323900
2017-05-26,114.30754110220073,114.63701186196775,113.91738601963209,114.42025756835938,957200
2017-05-30,114.13409750694295,114.14276291276973,113.5705418467771,114.09074401855469,1721600
2017-05-31,114.16881188078368,114.77573446905856,113.80466626559783,114.69769287109375,1020100
2017-06-01,114.87976207030673,120.24659986414346,114.5242818955816,116.25831604003906,2287500
2017-06-02,116.67446922117011,119.5269489678341,116.31898912120924,118.45184326171875,2348600
2017-06-05,118.59834696830777,118.95588929608074,116.17405829331862,116.34846496582031,1766700
2017-06-06,115.80781302321759,116.98506817183545,115.48514667191455,116.235107421875,1082800
2017-06-07,117.34260448442863,117.9094428361111,115.71188137648272,116.0519790649414,1729200
2017-06-08,116.05199271963356,116.261288747302,114.90961351133103,115.96478271484375,1549700
2017-06-09,116.47056605050598,118.79892936119299,116.45312138908382,118.76405334472656,1837200
2017-06-12,118.81639140381989,119.47042658585927,117.47344501817284,117.7001724243164,1388400
2017-06-13,117.55190384057342,118.95589963172071,117.51701451921596,118.842529296875,1013200
2017-06-14,118.83384879778151,118.99953985733514,117.51704930746465,117.89203643798828,870500
2017-06-15,116.95019009662833,117.83968150681979,116.66241307255528,117.6042251586914,1176800
2017-06-16,118.02281928975614,118.61581807613872,117.4036734683631,118.59837341308594,1816900
2017-06-19,119.03439536743814,119.43554277439888,118.61581660402007,118.99951934814453,1263200
2017-06-20,118.50241523443633,119.04307988341911,117.35132060976723,117.51699829101562,1461200
2017-06-21,117.8135353123427,117.96178168077533,115.79038022375364,115.86014556884766,1059200
2017-06-22,115.8601707517805,116.33107030054423,115.36309754983589,115.52007293701172,1975200
2017-06-23,115.53749078938107,116.68858570053274,115.3630707760252,115.80782318115234,1878800
2017-06-26,116.1130370718011,116.14792639867042,115.30203985821171,115.87759399414062,768600
2017-06-27,116.2525496932239,116.2525496932239,115.13633092176924,115.31073760986328,833800
2017-06-28,116.25255956123401,116.95019967920616,115.68573445021954,116.54033660888672,1133400
2017-06-29,116.63625418278215,116.67985918206992,114.32533559068366,114.82239532470703,978300
2017-06-30,115.05784133603748,116.1566153649086,114.53460800435998,115.58979034423828,1502300
2017-07-03,115.3630625879966,117.56935318166929,115.3630625879966,117.01123046875,903000
2017-07-05,117.04611312033346,117.32516115451061,115.27585932362085,115.68572235107422,1071600
2017-07-06,115.50261312140323,116.24385833384035,115.39797174793169,115.48516845703125,1598900
2017-07-07,115.5723469576728,116.21766629966544,114.95320125829105,116.03453063964844,1187700
2017-07-10,115.67701780022442,116.93276748519544,115.53750040685647,116.27873229980469,737700
2017-07-11,116.23512093394925,116.418256630647,115.48516009680752,115.94735717773438,657000
2017-07-12,117.19436350569323,117.27284452053686,116.54904411320904,116.69730377197266,1252700
2017-07-13,116.66241328071607,117.03740030295091,116.23510558244321,116.48800659179688,870700
2017-07-14,116.90659918725018,117.44726397900816,116.461860081744,117.1246109008789,1078300
2017-07-17,117.29030403371223,117.6478464440003,116.93276162342417,117.32518005371094,1190900
2017-07-18,117.08973061439661,117.28158197990857,116.38337481700192,116.99380493164062,848400
2017-07-19,116.99382479463094,118.336771274839,116.81068907595764,118.26700592041016,726500
2017-07-20,118.22339172772324,118.51115546372827,117.41238127984703,117.90945434570312,925700
2017-07-21,117.81352538597807,117.99664775833924,117.22924233334187,117.49958801269531,813900
2017-07-24,117.56064755832178,118.22341175842266,117.20310511420215,117.9181900024414,917100
2017-07-25,118.92101163744829,119.1128629879232,118.01408886769393,118.47627258300781,1009800
2017-07-26,118.02281958189845,118.42396699483072,117.18566204260028,117.75248718261719,1141200
2017-07-27,117.72630544504531,118.22337845509634,114.93575864391958,115.72932434082031,1812900
2017-07-28,115.72933814315999,116.29616324776131,114.15092223788477,115.33690643310547,1486900
2017-07-31,115.51134107384046,115.51134107384046,112.89520030940515,113.50563049316406,2094700
2017-08-01,114.34276617803648,115.34562792941551,113.31375739491332,113.98523712158203,1783300
2017-08-02,113.93289680494033,114.23811847456047,113.37478744541129,113.8893051147461,963400
2017-08-03,113.94162666091911,114.08115732846443,113.31375196334209,113.64513397216797,698700
2017-08-04,113.64513923525527,113.98523693666189,113.03469586306815,113.49687957763672,1143600
2017-08-07,113.7061687055484,113.83697038802626,113.27014535545328,113.55792236328125,521900
2017-08-08,113.44455523435145,113.44455523435145,111.8487081312212,112.12776947021484,1137200
2017-08-09,112.0318505313348,112.45915824245859,111.53478413445862,112.3719482421875,1357700
2017-08-10,112.04932507833473,112.43301458528238,111.25575910589345,111.29064178466797,1130500
2017-08-11,111.34291818141106,112.0492805025039,111.06386351542008,111.13362884521484,583000
2017-08-14,112.08416623648405,114.3776534168123,112.08416623648405,114.29044342041016,1648600
2017-08-15,114.08116989205891,114.83111737335767,113.94163920914728,114.64799499511719,1030100
2017-08-16,114.79625345377374,116.9850863838123,114.76137743255954,116.49674224853516,1771000
2017-08-17,116.47929562142308,116.69730731797613,114.75263340413082,114.92704010009766,980200
2017-08-18,114.91835798482194,115.52878825217307,114.23816235743327,115.371826171875,935100
2017-08-21,114.77877841139049,115.15376539868859,114.22066907502044,114.42124938964844,1034100
2017-08-22,115.17994379842648,116.14791628588938,115.16249913651069,115.76421356201172,910500
2017-08-23,115.65959346777997,116.34850471676265,114.83986718994541,115.44158172607422,826800
2017-08-24,115.74677080853516,115.96478251375312,114.94448933009848,115.24098205566406,624200
2017-08-25,115.4328354266105,115.964784528841,115.17994769896984,115.4764404296875,527600
2017-08-28,115.63340731735356,115.86885036525777,114.69159520660341,115.17993927001953,479000
2017-08-29,113.49688017311246,114.36892693066653,113.1393511153622,114.13348388671875,576400
2017-08-30,114.13349035991683,114.25557638064353,113.31376423230398,113.9241943359375,1885800
2017-08-31,113.92420093156322,114.81369245199949,113.78467024083221,114.70903778076172,1149400
2017-09-01,114.36893121274058,115.10146062935948,113.95906815683432,114.26428985595703,901200
2017-09-05,114.0288578514454,114.15967288174272,113.2178605504016,113.62772369384766,819100
2017-09-06,114.15963101781597,114.92702302734732,114.00265570030038,114.90959167480469,1671900
2017-09-07,115.97814540842484,116.32907068108705,115.48686341312815,116.01324462890625,1376300
2017-09-08,115.70618954577745,116.33784166573648,115.48686626485919,116.20625305175781,807000
2017-09-11,116.23258248936135,118.47845097049115,116.23258248936135,118.44335174560547,2149700
2017-09-12,117.84677108311342,119.18902831115999,117.46952812965196,118.27664947509766,1418500
2017-09-13,117.9520256867744,118.21521622950584,117.25018870163292,117.68883514404297,858400
2017-09-14,117.29410190408285,118.03980650244159,116.71508516087012,117.63624572753906,1314400
2017-09-15,117.72396456521378,118.29419973210517,117.04844512235636,117.75028228759766,1840100
2017-09-18,118.12751537768641,118.41702371886426,117.41691007953668,118.20648193359375,1030800
2017-09-19,118.49598651293935,119.8206942867914,118.13629312594672,119.75927734375,2031900
2017-09-20,120.01368217726542,121.69808309019196,119.89086169569042,121.05766296386719,1681400
2017-09-21,121.15416902057443,121.89109193005774,120.90852805074667,121.56649780273438,923200
2017-09-22,121.4875775763722,121.4875775763722,120.40851051991437,120.71556854248047,922000
2017-09-25,119.7329848037174,120.90856798927344,119.57507843656657,120.80328369140625,1645300
2017-09-26,121.50508148676586,123.38248798655549,120.99624993626209,121.44366455078125,1490300
2017-09-27,122.12797760203325,122.8122651449782,120.46989418852353,121.6893310546875,1480600
2017-09-28,121.17168759221174,123.75971228219466,121.13660176724512,123.75093078613281,1453000
2017-09-29,123.91764131986884,124.47034021613874,122.30342534656899,122.59293365478516,1304300
2017-10-02,122.46140671490245,123.92648537630824,122.15436199603303,123.86508178710938,920200
2017-10-03,123.70711244513966,125.15465429365044,123.25969772092662,125.0055160522461,1006300
2017-10-04,125.01427905306542,125.4266079215585,124.41772611184327,124.8826904296875,739200
2017-10-05,125.0669145024166,125.21605273772214,124.36507727606042,124.8826904296875,803300
2017-10-06,124.63709119721645,124.90905003433531,124.13702748785376,124.54058837890625,1190400
2017-10-09,124.40019455220603,124.46159812321572,123.37376298161293,123.58430480957031,579900
2017-10-10,123.90010141667513,124.50543580068884,123.128092587386,123.36495208740234,879600
2017-10-11,123.53164514007885,123.92642437655488,122.75085477942858,123.85623931884766,781700
2017-10-12,123.2860162855149,124.55808878909248,123.12810992992965,124.46158599853516,880800
2017-10-13,124.821237834114,125.33883745349084,124.46154451769503,124.75983428955078,648700
2017-10-16,124.26855430271723,124.61069805435037,123.14562027754032,123.95272827148438,746600
2017-10-17,124.20714054894944,124.42646379189084,123.45266805777385,124.08432006835938,633000
2017-10-18,123.9001468955358,123.9001468955358,122.73334503173828,122.73334503173828,937300
2017-10-19,122.67189350272791,123.47023342165497,122.4174710120487,123.18072509765625,881000
2017-10-20,123.80361618759456,125.5757522583008,123.39128729906739,125.57575225830078,1185000
2017-10-23,126.04068315320085,126.29510561848991,124.96161651611328,124.96161651611328,1225500
2017-10-24,126.03197233523107,126.83908065223832,125.11081159321759,125.40908813476562,1076000
2017-10-25,125.43535154828487,126.27755873279278,124.96161921016915,125.99681854248047,1424900
2017-10-26,126.89169220068622,131.51503126912704,125.70734098608983,131.24307250976562,2803700
2017-10-27,130.9359537716577,131.39214978760415,129.69896767906258,129.962158203125,2127100
2017-10-30,130.46223971884197,131.15529525524607,128.69887233237728,129.35684204101562,1727100
2017-10-31,129.7077901776529,129.75164412350458,128.17252725279397,128.1900634765625,1533000
2017-11-01,130.37452994591732,130.53243628063444,128.95331938774112,129.76919555664062,1317700
2017-11-02,129.46218344725727,129.84818126878804,128.52347315639463,129.75167846679688,1233600
2017-11-03,129.4972138202244,129.8130398199625,128.50586849590763,129.4007110595703,1011800
2017-11-06,129.40075315114117,129.8481678852938,129.08492704867092,129.3744354248047,615900
2017-11-07,129.83938001064786,130.6728057861328,129.45336890121976,130.6728057861328,864000
2017-11-08,130.7605493625466,131.63784253051213,130.44472328662178,131.56765747070312,1759900
2017-11-09,130.85708364514173,131.8133302156591,130.14647814986856,130.24298095703125,1908200
2017-11-10,130.2341754720616,130.4096314382906,129.4884842689802,130.0850372314453,1283200
2017-11-13,128.42699185564382,130.33949860081495,127.85675644886697,129.9710235595703,1455900
2017-11-14,129.67269210049264,129.69024171084624,128.5497579936101,129.51478576660156,1056100
2017-11-15,129.14635556214486,129.4007647349828,127.97077233933743,128.2339630126953,1943800
2017-11-16,129.4007142063694,130.7868387174599,128.7690621915325,130.75173950195312,1779900
2017-11-17,130.81318381829092,132.8572784905134,130.75176687151225,132.1554412841797,2930700
2017-11-20,132.1554650543388,132.62919755662404,131.96245945322127,132.35723876953125,1497800
2017-11-21,132.78708842466725,133.59419649626906,132.28702491608817,132.7783203125,2127900
2017-11-22,133.18185843677017,133.77842468362007,132.63794101857192,133.1029052734375,2341000
2017-11-24,134.2697284492685,134.97156569445812,134.01530592200166,134.12059020996094,807800
2017-11-27,134.59434737019637,135.03299405568904,133.23453996788223,133.4187774658203,1253100
2017-11-28,133.63809297739803,137.2086698271272,133.16434708842408,137.173583984375,2641100
2017-11-29,137.0946054644974,137.0946054644974,135.39265459719573,136.12957763671875,1301700
2017-11-30,136.6822434867945,136.8313816810497,134.43637568977613,135.03292846679688,3178300
2017-12-01,134.86629364175897,134.98911416682722,132.9362510822154,133.23452758789062,2270100
2017-12-04,134.4978196740006,135.41898022035372,134.22586092115287,134.54168701171875,2300600
2017-12-05,134.4451587186166,134.8750371284139,133.9714263658524,134.2960205078125,1308100
2017-12-06,133.80923814341693,134.07377706905498,132.48648969245443,132.61875915527344,1421200
2017-12-07,132.83045357788237,133.45654721100559,132.5218067746032,133.1214599609375,1647000
2017-12-08,134.11790442397205,134.3207355911994,133.29780664102307,133.5182647705078,1424900
2017-12-11,134.12672403799752,134.6999097610856,133.84453118892944,134.26780700683594,3109400
2017-12-12,133.96800749340406,134.66466278527847,132.98917276540536,133.45654296875,1508000
2017-12-13,134.3472480928478,134.3472480928478,132.94512355138573,133.39486694335938,1183600
2017-12-14,133.5182427452924,133.64169873921065,131.17256540515135,131.5164794921875,2503200
2017-12-15,131.9750879860218,132.23081355408434,131.19907088729505,131.92218017578125,3631100
2017-12-18,132.73341783229085,135.31718032924144,132.71577741653468,135.21136474609375,2350000
2017-12-19,135.99622750077526,136.2519530396318,135.20258352640883,135.95213317871094,1811200
2017-12-20,136.34892294707342,136.4812058820084,135.57291957603942,135.81100463867188,987300
2017-12-21,136.21665454788442,136.41947223622583,135.4935455071183,135.890380859375,1363300
2017-12-22,136.17255141962778,136.34010172094264,135.22899779136708,135.6610870361328,509500
2017-12-26,135.599375372649,135.599375372649,134.32953453136375,134.57644653320312,1960800
2017-12-27,134.98213926908016,136.08443015568716,134.6999463433731,135.96978759765625,1574900
2017-12-28,136.17259870456277,137.05443137079283,135.56413201195224,136.93978881835938,905800
2017-12-29,136.8163484634124,137.345453506069,135.94334263543928,136.40188598632812,1924300
2018-01-02,136.47241652321577,137.87454066770343,135.19376186760863,137.7334442138672,1067600
2018-01-03,137.59233117858983,139.05617643540933,137.28368440498082,138.8886260986328,1427900
2018-01-04,140.55529269721723,142.27486351639286,140.096735993538,141.06675720214844,1896800
2018-01-05,142.65405640356357,143.15669396370384,141.58703308990908,142.3013153076172,1699500
2018-01-08,142.07201877915452,142.54820235557708,141.4988331003151,142.24838256835938,936700
2018-01-09,143.15667647771832,145.05262431564356,142.82158929711997,143.63287353515625,3366400
2018-01-10,143.47412791816927,143.88859022010962,142.41593173573,143.40357971191406,2416800
2018-01-11,144.7175859868892,146.45479773505244,144.01211703312677,144.45303344726562,2007100
2018-01-12,144.6734611675236,145.60820161560946,143.9591788800504,144.75282287597656,2644400
2018-01-16,145.06141474102515,145.70514855860398,141.28717353728857,142.9450225830078,2754100
2018-01-17,144.2236945739508,144.82333415912012,142.3806680507338,144.1443328857422,1751900
2018-01-18,143.7210629757655,145.07026567963462,142.3277659539491,142.41595458984375,1746700
2018-01-19,143.0332169773528,143.1654999148282,142.23074623936498,142.75103759765625,1678800
2018-01-22,142.47765933447621,142.59228839017382,140.74926200692474,141.63990783691406,1523400
2018-01-23,140.7933948405501,141.80749693887276,139.77927928652994,140.41419982910156,1775300
2018-01-24,140.29954832997996,142.8921244330176,140.19371928599193,141.86038208007812,3701100
2018-01-25,146.61347043820652,147.22193703202228,142.68050492059447,144.04734802246094,3391800
2018-01-26,144.3471897884027,146.59586575506626,143.0156138645827,146.11085510253906,1870000
2018-01-29,145.67868321817642,146.49879419755558,141.71926507598872,143.5887451171875,2982800
2018-01-30,143.47420524650596,143.68584997934184,141.67527211235708,141.72817993164062,2007700
2018-01-31,142.35422901019587,143.1478864172081,141.12848224431787,142.4071502685547,3570500
2018-02-01,140.95211182130905,141.886852173113,140.1496409699691,140.94329833984375,1520800
2018-02-02,138.20080826392103,138.75636711624833,136.63996077043353,136.7281494140625,2086200
2018-02-05,135.81984543025874,138.30660608352864,132.30132891088007,132.55706787109375,2593900
2018-02-06,132.40719773695352,137.90983959375345,130.52890290651774,136.95745849609375,3718100
2018-02-07,136.29598489629208,136.48998905990337,132.2748321517884,132.2836456298828,2248000
2018-02-08,132.16902913082285,132.82157641970306,127.02794521877007,127.04558563232422,2054300
2018-02-09,128.12140480909466,132.8303993653547,127.60112699826222,131.8162841796875,3116200
2018-02-12,133.0420445580308,136.66637611521816,132.71577088891007,135.58172607421875,3099700
2018-02-13,134.68227682073186,136.1990298294335,134.10909106582443,135.6522979736328,1402800
2018-02-14,134.25905911223313,137.77757722957205,134.0386008870899,136.74583435058594,1622000
2018-02-15,137.80395816986783,137.8392255467069,135.02617793053815,137.38949584960938,1634200
2018-02-16,136.28722247442104,136.79868696503027,135.09674315679823,135.4582977294922,1589400
2018-02-20,134.25896863603717,136.03144672767522,133.72105039095896,135.44944763183594,2590500
2018-02-21,135.33483503248493,137.33659857775748,134.69110107421875,134.69110107421875,1834100
2018-02-22,135.68756376171265,136.648771422198,135.0438297981755,135.51119995117188,1627100
2018-02-23,136.07562085615015,137.33664879085663,134.52359993067398,137.23081970214844,1593400
2018-02-26,137.0720100256351,137.54819353031868,135.5023496635068,137.41592407226562,1018600
2018-02-27,136.5958288097754,136.96621024640058,135.40536318300292,135.80218505859375,1239400
2018-02-28,135.9344703410138,136.24311708886557,131.9750511485878,132.05441284179688,1541700
2018-03-01,131.57823000147923,132.3454199517416,129.26781975856844,130.44065856933594,1918000
2018-03-02,129.8410150304643,132.257227336442,129.3207236576404,131.772216796875,1420600
2018-03-05,131.22549234762104,135.29074071628673,130.96093990612795,134.69110107421875,1852900
2018-03-06,135.7063123485957,137.13377379636006,134.56257633260293,136.2294158935547,1470000
2018-03-07,135.25408185410254,138.13560107555213,135.04128787200847,137.5149688720703,1821700
2018-03-08,138.08241296969211,140.16596501060155,137.81642386076783,139.9797821044922,2190900
2018-03-09,140.04190005165495,142.01906272861262,139.3325999593479,141.93927001953125,1340300
2018-03-12,144.20900404106024,144.93604027819174,141.96585237872634,142.84361267089844,1787800
2018-03-13,143.5262764538324,143.6238053489102,141.03487248629926,142.18746948242188,1678500
2018-03-14,142.69285034642536,142.95883947230183,139.62513434835193,139.67832946777344,1611600
2018-03-15,139.7226667324494,140.46742548048516,137.91396498310976,138.02035522460938,1491600
2018-03-16,137.11593729328695,137.727707970442,135.7860057442589,136.8233642578125,2276000
2018-03-19,133.22376108197736,135.04133812689253,131.70764567274122,132.62086486816406,2058400
2018-03-20,133.50746246833546,134.00396832653166,132.87795527248457,133.1882781982422,837700
2018-03-21,133.52520323212957,135.5466991686262,132.98436357630027,134.5093536376953,826700
2018-03-22,133.04640788896407,133.58724749537322,129.35805954128082,129.52651977539062,1351300
2018-03-23,130.20039229485937,130.82102473257336,126.02439844829019,126.3879165649414,1232100
2018-03-26,128.56011535732208,129.85458867840643,127.38090715852317,129.5442657470703,1068200
2018-03-27,129.60633384484356,130.466357844976,126.91987158588024,127.77103424072266,856500
2018-03-28,128.07246376483977,128.4005228958265,125.33280677364037,126.04210662841797,1236200
2018-03-29,124.71217452495777,128.87929257142093,124.35751783303932,127.9394760131836,1461000
2018-04-02,127.69124926169395,128.43600817419602,124.66786629624185,125.98893737792969,2028000
2018-04-03,125.87366037183317,127.8862950437887,125.36827960321128,127.35431671142578,1079000
2018-04-04,125.12000361689611,128.82608798472637,124.12699201002185,128.5778350830078,1132800
2018-04-05,129.44672575689924,131.06924455935922,128.85269103612467,130.07623291015625,988100
2018-04-06,128.90587308957592,129.90775950972815,126.20167535958608,126.9464340209961,1188600
2018-04-09,127.71782557861039,129.3935396173256,126.61841008442576,127.62915802001953,1231700
2018-04-10,129.57973424249388,131.38844978230173,128.63991756321604,130.0585174560547,1089400
2018-04-11,128.77288142211484,129.1541220841676,127.76213368958746,128.2054443359375,890700
2018-04-12,128.9236573509662,130.92741740925928,128.37394272849642,130.262451171875,1001200
2018-04-13,130.6436619809716,131.0071664544079,129.27825751909975,129.9166259765625,716500
2018-04-16,131.21995857723093,134.05714416503906,130.34219857855376,134.05714416503906,2211500
2018-04-17,134.722110719292,137.56817119050473,133.6227089094768,137.35537719726562,2268500
2018-04-18,137.25789876070124,137.37316390717035,135.68857461454266,135.87477111816406,971000
2018-04-19,135.5200920028215,135.5200920028215,133.36559487681205,134.3763427734375,839000
2018-04-20,134.11034186508468,134.1990094124742,132.68288093623025,133.59609985351562,974700
2018-04-23,132.58537232800353,133.64045407100713,132.18639536125326,133.31240844726562,865900
2018-04-24,133.587262836792,134.09264359716028,128.47145287673374,130.1383056640625,1221000
2018-04-25,135.15657450766838,135.80380437095403,131.7342152073715,132.7715606689453,2062400
2018-04-26,134.26999151113455,138.9158805295277,133.0641854660792,138.3041229248047,3037100
2018-04-27,138.3129707876286,138.5080286236052,134.57142652119992,135.85702514648438,1734000
2018-04-30,136.40671670736344,136.40671670736344,134.722127820117,135.22750854492188,1411300
2018-05-01,134.81077546536173,135.98998345362992,133.93301548134528,135.91905212402344,985100
2018-05-02,136.44223969901043,136.5575048718813,133.69370647708666,134.0926971435547,1591800
2018-05-03,134.16357549310933,136.73477250096374,133.40108044138887,135.51123046875,1537900
2018-05-04,134.42954551235167,137.6125269321355,134.17243123381382,137.0450897216797,1066500
2018-05-07,138.17993141040668,139.24387423688736,137.115975055159,137.6568145751953,897100
2018-05-08,136.93868031608872,137.42632481958958,135.93680727664477,136.53970336914062,1041200
2018-05-09,137.40860119199468,138.57007323389453,135.8658883852817,137.87850952148438,1365000
2018-05-10,138.4015785095575,140.07729208215008,138.2065207579316,139.24386596679688,1250200
2018-05-11,139.1375175254957,140.96396933750538,138.77401296094706,139.75816345214844,1166100
2018-05-14,140.30784686974292,140.77775516400348,139.5453518685101,140.48516845703125,1150300
2018-05-15,140.02413647713502,140.66250508263738,139.31485005215137,140.60044860839844,1344600
2018-05-16,140.49405442033134,141.69098537558773,140.20146769026306,140.9728240966797,1273400
2018-05-17,140.98164178549604,142.0101256947533,140.5472060261886,141.7352752685547,1520500
2018-05-18,141.21220580528788,142.17861996403877,141.09694068458126,141.4515838623047,1882500
2018-05-21,142.3470849080936,142.97657859865083,141.85944037604685,142.27615356445312,746800
2018-05-22,142.497820809315,143.35784482053162,141.03490062009212,141.15902709960938,1044300
2018-05-23,140.31670352213095,140.94621069404053,139.28823293874055,140.6802215576172,1375900
2018-05-24,141.132416317062,141.2122225409625,138.97793237595332,139.6428985595703,1282400
2018-05-25,139.08430733691296,139.59854941912963,137.91397401744442,139.2616424560547,1094600
2018-05-29,138.24203079035237,138.8006066974241,135.87475286952028,135.92794799804688,1318000
2018-05-30,136.95641169241028,138.89811476486693,136.6106298801077,138.7473907470703,1223300
2018-05-31,139.03110151382376,139.33254954713513,137.83417072434537,138.54345703125,2504700
2018-06-01,139.7315072002561,140.55605842639474,138.85374733769945,139.90882873535156,1025200
2018-06-04,140.52944186907916,140.9018211010534,139.43890172338567,139.66941833496094,641200
2018-06-05,140.8575353877942,142.06334101495943,140.70681137549465,141.4249725341797,1179300
2018-06-06,141.70572701540934,144.85177131342047,140.67189580610275,144.62005615234375,1555000
2018-06-07,143.3901420512638,143.72881415228542,141.9285238876876,142.3919677734375,1227000
2018-06-08,141.7057264803617,142.67716498930338,141.1531676219005,142.44544982910156,1079700
2018-06-11,142.57023638325362,143.711011073146,141.90181307593667,143.10498046875,1289000
2018-06-12,143.4792912819896,145.1993606766843,142.9980189006746,143.7912139892578,1179000
2018-06-13,144.37942095525136,144.61113611789654,142.7841234604017,143.01583862304688,1048700
2018-06-14,144.24575032969574,144.9052526007417,143.63970614648142,143.97837829589844,1169000
2018-06-15,143.55952093336685,143.55952093336685,141.73249428401928,142.82870483398438,2856700
2018-06-18,141.10858088718032,141.41159610976447,140.4312503427387,141.2333526611328,972900
2018-06-19,139.2994380335981,139.3618171455034,137.97149866179913,138.4171142578125,1141300
2018-06-20,138.59532484800448,138.77358192334535,137.4456428670469,138.15863037109375,1173600
2018-06-21,138.39034519956607,139.37961212927937,138.2566659924854,138.91616821289062,2217100
2018-06-22,139.7628219063524,141.68787011725385,139.66478597346043,140.93923950195312,1341000
2018-06-25,140.45800433229562,140.45800433229562,136.63461590937612,137.96255493164062,1434500
2018-06-26,138.14967114872752,138.42596409944716,136.82174605880925,137.4188690185547,1026100
2018-06-27,138.41710621678118,140.15500422045224,138.16756258543907,138.62208557128906,1399300
2018-06-28,138.9250724475199,139.64696727678006,137.56149030356096,139.63804626464844,1349500
2018-06-29,140.21736360376624,142.39196924502292,140.0569349651121,140.9481658935547,1391000
2018-07-02,139.9232362785136,141.43832592604,139.52218513638937,141.0640106201172,1291900
2018-07-03,141.4383386930278,142.1245902820491,139.96781317280048,140.0836639404297,640000
2018-07-05,144.3794195627699,145.422158183275,143.5505812743321,144.27247619628906,1547900
2018-07-06,144.37049731348966,147.49871285355832,143.9516177056751,146.197509765625,1642500
2018-07-09,147.12437940548116,148.20276103826362,146.8837432861328,146.8837432861328,1293700
2018-07-10,147.1511304212174,148.5771052618862,146.72334340865834,148.3632049560547,2150100
2018-07-11,145.4310597033505,146.66988377737223,144.93197254785963,146.21534729003906,1518200
2018-07-12,146.75898025026163,148.09582650533682,145.35083389635668,147.84628295898438,1913100
2018-07-13,147.18680917384916,149.47727960427667,146.88379386682905,148.6573486328125,1501800
2018-07-16,149.75355472892323,150.20807767628824,148.60387263894967,148.87123107910156,1399500
2018-07-17,148.8801515071884,149.27229535001013,148.21172821122596,148.7108154296875,1854200
2018-07-18,148.14929297223338,148.88010876022258,146.38465978530996,147.07981872558594,1641300
2018-07-19,146.11732533649092,147.34722851539442,144.9943791290832,147.2848358154297,1553400
2018-07-20,145.4310751775391,148.25628955316805,145.4043393341577,147.57003784179688,1326500
2018-07-23,146.53617347492383,146.8837529594943,144.15658875761784,144.29026794433594,1745200
2018-07-24,144.93198202056357,146.16188516205574,144.74483112457492,145.57366943359375,1685100
2018-07-25,146.90159141902225,147.94432994396368,145.23499398160786,147.77499389648438,1562100
2018-07-26,145.06568930232962,149.18317261409726,144.6557170145662,148.3454132080078,2223000
2018-07-27,148.4077662785526,149.6643914529854,147.56109968329247,148.32754516601562,1470800
2018-07-30,148.3275326497925,149.5930923285442,147.0530791579924,147.35609436035156,1268200
2018-07-31,147.74825549111492,149.69114589804727,147.5700120333763,149.2811737060547,1673600
2018-08-01,149.3613784192315,149.6643936516112,146.74115748242215,147.4808807373047,1447600
2018-08-02,146.25094371275478,146.6252589247063,145.19037714600913,146.09051513671875,1597600
2018-08-03,146.1219402327343,147.27743778814929,146.05027945650687,147.08934020996094,1050100
2018-08-06,138.1767358000336,142.24339976723454,137.51389748322484,141.49098205566406,3928400
2018-08-07,142.39564929122696,143.17493795349552,140.1563014866444,140.6579132080078,2552900
2018-08-08,140.99826305842782,141.49092218536074,140.17418491332674,140.67579650878906,1740900
2018-08-09,140.63104071839334,141.75071460946333,139.95028391306468,140.76539611816406,1003300
2018-08-10,139.5830351218495,139.5830351218495,138.0602812814768,138.65145874023438,1303700
2018-08-13,139.27843576585553,139.73525764926856,137.57652378606002,138.2304229736328,1337500
2018-08-14,139.13515153363824,139.57406859885432,138.4006389348554,139.14410400390625,1612000
2018-08-15,138.0603090403134,138.5887919713544,136.61816815418788,138.5081787109375,1352200
2018-08-16,139.46659233767298,139.68157466862988,138.23943399304625,138.4185791015625,1102400
2018-08-17,138.08713801030314,139.95922938222535,138.08713801030314,139.7711181640625,1662800
2018-08-20,140.30859576127204,142.1538164318809,140.30859576127204,141.78656005859375,1161100
2018-08-21,142.0105113874276,142.6464923436196,141.49099458905968,141.81346130371094,935200
2018-08-22,141.44618397655918,141.74177956028066,138.77687125127883,138.8574981689453,1229200
2018-08-23,138.8395488520642,139.50240065089613,138.02442305915457,138.74996948242188,840400
2018-08-24,139.20679173562027,140.19209636739845,138.409584626939,139.9233856201172,708000
2018-08-27,140.60416387830284,141.74175633203654,140.5235506417429,141.57156372070312,674200
2018-08-28,141.97468746705653,142.51213654607835,141.15060890234818,141.84033203125,1078100
2018-08-29,142.0105369311486,143.01377448379458,141.33873229377778,142.87045288085938,685700
2018-08-30,142.48524784593124,142.73605374036586,140.86394833619119,141.4282684326172,805700
2018-08-31,141.6611842534384,142.47631040850962,141.04313553272064,141.697021484375,1057800
2018-09-04,141.41036230911863,141.51786032186703,138.94707917503473,139.8965606689453,1577700
2018-09-05,139.61886436306284,140.5952304760955,139.32326878769283,139.8607177734375,1736100
2018-09-06,140.2100615312028,141.2491223253583,139.1351771814781,140.33546447753906,897600
2018-09-07,140.0398866985491,140.06675778561726,138.45443788993728,138.86647033691406,1225600
2018-09-10,139.55617132954728,140.15631495871494,139.144125280024,139.61886596679688,645300
2018-09-11,139.35015176193477,141.02517966645289,138.44544643639242,140.7027130126953,1247500
2018-09-12,140.59524807029175,141.249133939389,140.1204936616654,140.2727813720703,799700
2018-09-13,141.58950411519626,142.7181306043749,140.8908149538239,142.5927276611328,867900
2018-09-14,143.03161225798084,143.380963626524,140.48771650618156,140.62208557128906,1675500
2018-09-17,140.77438719052924,142.49420495167746,140.60419454207923,141.5447235107422,1529500
2018-09-18,142.04631822707933,142.54792997191421,141.4461746275165,141.67906188964844,1104600
2018-09-19,145.78154249030277,149.26596713736444,145.78154249030277,147.23263549804688,2689100
2018-09-20,148.1283823075298,149.30179843446257,146.8385157146618,148.8808135986328,1624200
2018-09-21,149.56160835163,150.43942913450664,148.4688051928271,149.14060974121094,2323000
2018-09-24,148.68372491179971,149.81235115702557,146.82953857904351,146.9011993408203,1609000
2018-09-25,146.66831374950297,147.62674740467023,145.8979776366886,146.0592041015625,1273900
2018-09-26,145.74569238203384,147.14304297455982,145.02013234247593,145.62924194335938,1309300
2018-09-27,146.00550869256534,146.71313673922506,145.05602720326866,145.40536499023438,1314300
2018-09-28,143.94526637239937,145.2351328250533,143.41678359934895,143.97213745117188,1302400
2018-10-01,148.31646764956028,151.46947280736583,148.0566956813555,151.26344299316406,2329700
2018-10-02,148.9255678316562,151.61278495096508,148.18210278850023,151.40676879882812,1652300
2018-10-03,152.05173450454876,152.05173450454876,149.7496781196483,150.09902954101562,950500
2018-10-04,149.42723788495286,149.58846439976315,146.34589247931575,148.5404510498047,1720100
2018-10-05,147.03555352115106,148.4597889394617,146.5876840146378,147.11618041992188,1538700
2018-10-08,146.4443950647741,147.71634298732144,145.88902751083782,147.17889404296875,1109000
2018-10-09,145.91588588359494,146.6683170737391,144.21398715451878,144.37521362304688,1510400
2018-10-10,144.4020966882234,144.75143436719463,141.4730261996841,141.5357208251953,2222200
2018-10-11,141.46410421727222,141.71492380128507,137.7378390344575,138.17674255371094,1977000
2018-10-12,140.46980188636385,141.32970370506885,139.13514580513035,139.9502716064453,1840700
2018-10-15,140.2816751636085,142.68224894893257,139.72632139760788,140.44290161132812,2161500
2018-10-16,141.27595347142162,144.07065472424526,140.82808397998747,143.9183807373047,1297500
2018-10-17,144.8410380249312,145.33369735972997,142.50315797061043,143.1301727294922,1540700
2018-10-18,149.66011329143768,150.05424074240545,142.85248962611186,144.53648376464844,3739600
2018-10-19,144.62602399413788,146.05919818389188,142.6822583492913,143.1838836669922,3012000
2018-10-22,148.0029640924108,151.33511455738648,143.78404068729867,149.48094177246094,7591100
2018-10-23,147.65364091582111,148.6389594660641,144.75145476400544,147.05349731445312,4959200
2018-10-24,144.87681850891198,146.9011835570005,144.01690312787687,144.41998291015625,5610900
2018-10-25,145.79049079230083,149.01515701496268,145.49489524956567,147.7969512939453,5105400
2018-10-26,146.64148485916525,149.68699297134796,146.3996314243829,147.7432403564453,35352000
2018-10-29,148.88978673737265,151.5232624520498,147.42972731251083,148.23590087890625,14032500
2018-10-30,148.79121575018357,150.18856649642166,145.77257949278737,147.3490753173828,57375600
2018-10-31,144.8768682936502,148.33442227563611,144.49169331661213,148.2179718017578,18032200
2018-11-01,147.49237959368017,148.2268784293922,145.0559685429282,145.10971069335938,11423500
2018-11-02,143.9094240037997,144.9395183364191,139.23366555834107,143.17491149902344,6835100
2018-11-05,141.2132661512413,145.27992939135487,141.03412106164424,145.1007843017578,4477400
2018-11-06,144.95745101273283,149.0061953153289,144.81412948551508,148.2716827392578,2510600
2018-11-07,147.3848872404534,149.4540557861328,147.10721034071813,149.4540557861328,7626300
2018-11-08,147.34911019476326,148.82707452591075,145.9427929776028,148.06570434570312,4010000
2018-11-09,145.99650118722437,146.84745048415974,143.8108958904104,144.6797637939453,3249100
2018-11-12,143.37200070695926,145.37846124705732,142.34190619081133,142.6195831298828,1990800
2018-11-13,143.5153181180521,143.6138499646849,140.21003868851744,140.56832885742188,2507100
2018-11-14,141.6969500460007,141.7417397281407,137.04806259844563,137.3705291748047,2338700
2018-11-15,139.81588865978472,140.00399985212727,136.65393127702617,139.00076293945312,2759400
2018-11-16,137.7109449875141,141.93883496553383,137.40638328195624,141.59844970703125,2726800
2018-11-19,142.07324525789537,144.61714220444344,141.92097118023935,142.87045288085938,2464700
2018-11-20,141.06998298478507,143.48847628761266,140.84604816659925,141.4103546142578,2151600
2018-11-21,142.63749746756022,144.42897564574557,142.01943530922327,142.47625732421875,2070900
2018-11-23,140.50566124377258,141.53575592835193,139.75324354366782,139.905517578125,963600
2018-11-26,140.66685931577751,141.72383853903352,140.5235514503664,140.9176788330078,2678200
2018-11-27,139.4307534575636,140.31752643101265,135.7223940805103,136.64500427246094,2525900
2018-11-28,137.52282118809194,140.1652487660516,135.8836170157022,139.99505615234375,1808800
2018-11-29,139.2963988584809,143.17495125653937,139.1530909732719,142.70021057128906,2901300
2018-11-30,140.64898134233908,143.86468198052586,140.5773205619468,142.4673309326172,3944100
2018-12-03,145.3784839888052,147.27744683788228,143.24662018570413,147.21475219726562,3177200
2018-12-04,146.8564234337783,147.16097144898177,143.72133656835746,144.0617218017578,2746100
2018-12-06,142.00154509404751,142.44046225590745,137.04810803434253,139.7174072265625,4785400
2018-12-07,139.93237407890078,141.99257690124293,136.47482033973898,136.7972869873047,2518700
2018-12-10,139.762190662213,141.11475197615502,138.04237298446753,140.55044555664062,2540400
2018-12-11,144.3573072832116,145.5217707713434,140.3175154565024,141.04307556152344,2552900
2018-12-12,144.79620251711953,145.23511954342092,142.8345456066516,143.81089782714844,2402600
2018-12-13,143.67653101446672,144.482704320149,140.89974829816336,141.6073760986328,2456700
2018-12-14,140.97142238230666,141.947774710281,139.78008775225337,140.56832885742188,2360800
2018-12-17,141.5453820576924,143.57144672264158,140.10461946656528,141.67144775390625,3148600
2018-12-18,142.6529344157841,143.07615783509507,141.04109375297153,141.92355346679688,2147000
2018-12-19,141.73441386850186,142.72493944905617,139.76238996923846,140.3206787109375,2618700
2018-12-20,139.1051076796018,140.8340147188461,137.26814824419586,138.71791076660156,3398900
2018-12-21,140.48281134405204,141.8065079752606,137.79940520125132,137.87144470214844,5452000
2018-12-24,137.50223989112553,138.1415818390338,133.3870849609375,133.3870849609375,2086800
2018-12-26,133.9453614941265,137.5652668755229,131.42403429444678,137.5382537841797,2591500
2018-12-27,136.9169390132917,140.84300231933594,135.61125575286877,140.84300231933594,2867000
2018-12-28,141.46431103810255,142.7789938980004,139.60932515255968,140.7529296875,1586100
2018-12-31,140.68091875997482,141.37428694445472,138.61884125720655,140.50982666015625,1853900
2019-01-02,138.24960266730366,142.41879657393983,138.24060288478617,141.55433654785156,1716400
2019-01-03,138.72688260478066,138.98802749640288,136.80887051852733,137.13304138183594,1775500
2019-01-04,138.51977972954575,141.9325667601807,138.09655626995092,141.04110717773438,1801300
2019-01-07,140.27569712175477,142.31076136249143,139.70839467715894,140.9150390625,1830200
2019-01-08,140.55486316022024,142.77903313732742,139.75344253519873,142.4098358154297,2207300
2019-01-09,141.13113658205353,143.65246385762345,140.77095285988423,142.68896484375,2099900
2019-01-10,142.9051085548658,145.85865985057322,142.58995114704825,145.74160766601562,2093900
2019-01-11,144.57992778125603,144.76001961467037,143.5083628232705,144.2647705078125,1380400
2019-01-14,142.60794303536613,143.62548219635786,142.0046276116329,142.29278564453125,2004800
2019-01-15,141.23016073702556,142.15764668803035,140.9600161297146,141.5813446044922,2110700
2019-01-16,141.85152421583214,142.65294471320462,141.44631407493662,141.59039306640625,1382100
2019-01-17,140.83400617712542,141.95959770264633,140.66292780695622,141.60841369628906,2176500
2019-01-18,142.95908924002066,145.38136382041134,142.28373448668324,144.78704833984375,2494800
2019-01-22,145.52542976614535,145.67850851437746,143.79652340125,144.83206176757812,1699100
2019-01-23,144.58900251831594,145.05723873540404,141.78853004169633,143.11221313476562,1569500
2019-01-24,141.92353115735804,142.19367576936597,140.8609660141604,141.70741271972656,2528000
2019-01-25,142.89606247582606,144.1747324861822,142.85103607782972,143.0311279296875,1242700
2019-01-28,142.07664135972595,142.6259304877311,141.26622108436763,142.46385192871094,1422500
2019-01-29,143.68852575355197,145.87666919623229,143.4904205356799,145.17430114746094,1558300
2019-01-30,145.68752395609982,147.45245712211855,145.12023529641314,146.70506286621094,1113500
2019-01-31,145.13826519166497,147.1553301257204,143.74254271020126,146.7861328125,1645900
2019-02-01,147.59653852416108,149.38847107085365,147.19132840627285,149.2624053955078,1324300
2019-02-04,149.01028889753152,149.1993942994636,146.97522458120815,147.22735595703125,2106500
2019-02-05,148.8121944064487,149.46954972792557,147.49751124375592,148.56907653808594,2358600
2019-02-06,147.6325688799072,148.23588423621953,146.81313502307253,147.1553192138672,1124800
2019-02-07,145.65152075115518,146.0927575069868,143.5624166094162,144.697021484375,1361000
2019-02-08,144.13876238687368,145.5254851718466,143.2472889064493,145.17430114746094,1557900
2019-02-11,145.03023686759522,145.5344997497462,144.64303991884822,145.2913818359375,1128400
2019-02-12,147.79467401349862,150.87429077745918,147.5785554942251,150.8562774658203,1772000
2019-02-13,150.4600465135896,151.72071709374765,150.18990183640366,150.72119140625,1599300
2019-02-14,150.06383744234572,150.91929788414288,149.41549570757795,149.92877197265625,1104100
2019-02-15,153.56666259045113,153.71975509496954,151.07236222110546,151.76571655273438,2573600
2019-02-19,151.27947754691832,151.98184545060442,150.8832671930177,151.15341186523438,2221200
2019-02-20,150.9102224840607,153.98983759145676,150.9102224840607,153.3505096435547,2574800
2019-02-21,153.96285222605675,155.15148304647073,153.56664195258543,154.34104919433594,1736500
2019-02-22,155.09746470193915,156.4481741169022,154.47613617263585,156.2320556640625,1075700
2019-02-25,156.58324390752733,157.5917692351791,156.13300742337893,157.24058532714844,1526800
2019-02-26,156.49322172117954,157.48374767608132,156.18706414971163,156.60128784179688,1739200
2019-02-27,156.14205753769897,157.6908726416272,155.4487030215049,157.13258361816406,1451800
2019-02-28,157.41169085859286,157.5197432271934,155.87188964552226,155.99795532226562,1698300
2019-03-01,158.807429500814,159.1406001363609,151.15340848649512,151.6216583251953,3033500
2019-03-04,151.59463273793747,152.09889541183938,149.54155542840695,151.9097900390625,1738100
2019-03-05,151.59468091795222,153.0264301235628,151.59468091795222,151.67572021484375,1205900
2019-03-06,152.03588268106412,152.79227682611304,151.46859394234232,152.29702758789062,986800
2019-03-07,153.29720035922966,153.29720035922966,150.99811050157646,151.58645629882812,1450100
2019-03-08,152.74508944976247,153.44206350294021,151.84897995281963,153.38775634765625,1558400
2019-03-11,153.40582699645498,155.06226404728713,153.35151984914634,155.0351104736328,1188800
2019-03-12,155.4877246608549,156.50149514426545,155.13471430955394,155.9765167236328,1309200
2019-03-13,157.50621020764234,158.86394437676893,157.171306865632,157.8501739501953,1538500
2019-03-14,157.723425502979,157.89540734465777,156.74585541205542,157.68722534179688,1033200
2019-03-15,159.560826424307,160.17633940800613,157.88628305687402,159.69659423828125,3661400
2019-03-18,158.17600829298343,158.35703672756844,156.98119576387086,157.99497985839844,1220400
2019-03-19,158.71910380035877,159.11736082275897,156.24801807448011,157.11697387695312,1251600
2019-03-20,158.7191022877972,160.09492939552422,157.82299291987266,159.87770080566406,1536400
2019-03-21,157.80488574572294,159.15357308969618,157.22558648747895,158.49281311035156,1146300
2019-03-22,155.77732516643843,156.374717522417,153.14331836439754,153.74977111816406,1384000
2019-03-25,154.75451299152337,155.61440837678967,153.47823979454117,153.8765106201172,1349700
2019-03-26,154.68207383882054,155.0531910309506,153.5958896430378,154.76353454589844,1408100
2019-03-27,153.3877600936717,153.92179888245397,152.69078602347253,153.40585327148438,1821400
2019-03-28,154.74548248909107,157.36138288907654,154.53728665580059,157.22560119628906,1892500
2019-03-29,158.71910129324874,159.3979682554755,157.3885209423576,159.24407958984375,2158100
2019-04-01,160.06777881791945,161.28068450595435,159.3074511160096,159.8324432373047,1791900
2019-04-02,160.5113044495461,161.28067871136565,159.9320052005828,161.1358642578125,1179700
2019-04-03,163.9689795429799,167.0284107886787,163.49830843716654,165.40818786621094,2379600
2019-04-04,166.15947111491363,166.5848816708175,165.11853356850904,166.45816040039062,1471400
2019-04-05,167.08272496785168,167.84305261226461,166.5305793140697,167.10987854003906,1403400
2019-04-08,168.26848408471216,168.28659107079466,166.68446118629174,167.30902099609375,1138500
2019-04-09,167.49908707225947,167.49908707225947,165.4172259261935,165.55299377441406,1388200
2019-04-10,165.9965797129208,166.17760817396947,162.7651795578639,163.8513641357422,2443700
2019-04-11,164.44870512484079,164.5663798028477,162.71986798045577,162.7922821044922,1916400
2019-04-12,163.6521751450851,163.9508782233063,163.05476898864273,163.24485778808594,1914500
2019-04-15,163.05477905273438,163.31726817984313,162.14962317616505,163.05477905273438,1448000
2019-04-16,163.00046447974043,163.54354969397633,161.84186611547213,163.48924255371094,1749700
2019-04-17,163.50737866257452,164.61167008328044,162.38498025469417,162.84661865234375,1663300
2019-04-18,163.0367032849834,163.6431561810139,162.62938582485367,163.29014587402344,1547300
2019-04-22,162.79231281737995,163.65220825872225,161.86904982620746,161.93240356445312,1002100
2019-04-23,161.70609630193735,162.6746197462435,161.61558899872392,162.3216094970703,1796500
2019-04-24,162.0320007502613,162.4845788345092,160.6742664975176,160.77383422851562,1780200
2019-04-25,159.50657542366082,159.9863069506087,158.32986997938784,159.56088256835938,2229900
2019-04-26,158.80057089893037,161.3531036376953,158.73720334935024,161.3531036376953,1483900
2019-04-29,160.02252114532263,161.3531015534733,159.75098539801374,160.30313110351562,1195400
2019-04-30,161.00008420672197,163.4349559190496,160.56561321850532,163.1634063720703,1404200
2019-05-01,162.82850407502627,164.0142561653675,161.12680646114703,161.3802490234375,1018300
2019-05-02,161.05438652861193,163.37159729003906,160.45699411705579,163.37159729003906,1691000
2019-05-03,162.6384001087268,164.25863685067924,162.24014312761526,163.79701232910156,1248900
2019-05-06,160.96386086412073,162.32159459189498,160.94575388050754,161.68798828125,1407000
2019-05-07,159.8324352230534,160.0949243647473,156.51051462885215,158.01307678222656,2049600
2019-05-08,157.8863393423625,160.69232819849242,157.71437132054902,159.7962188720703,1264600
2019-05-09,156.77298603957254,158.13978017396673,155.32474500733557,156.9087677001953,1999500
2019-05-10,158.06737151345777,164.93750114399998,157.74151485291594,164.36724853515625,2511800
2019-05-13,162.69272888570325,163.84226695165705,160.95483118894845,163.54356384277344,2328500
2019-05-14,163.2086423656988,165.06421454390934,162.72891088993075,163.7607879638672,2029300
2019-05-15,161.6336962513138,165.07327763393778,161.40740727553154,163.7064971923828,1184200
2019-05-16,167.53532657268755,171.0473363949739,167.00128782882834,169.85252380371094,1866600
2019-05-17,170.341288830947,171.48178027804803,169.16458341382722,171.074462890625,1737900
2019-05-20,168.3590294500568,169.41806039727172,167.13706322780118,167.689208984375,1383700
2019-05-21,169.046906585277,169.6624197635468,168.49476094794517,169.508544921875,1051500
2019-05-22,170.05163382979006,171.7261777626926,169.42707405144714,170.3865509033203,1334800
2019-05-23,168.2594344658966,169.30035825575632,166.97411470886908,167.52626037597656,1318500
2019-05-24,169.5990711377778,170.30509169552298,168.2232439958859,170.0426025390625,1025300
2019-05-28,169.20983367022959,169.97016125534677,166.30427736852775,166.8292694091797,1483100
2019-05-29,164.24959206705796,165.76120072931553,164.02330309705084,165.65257263183594,1405400
2019-05-30,165.57111707031274,166.73877592637555,165.43534920871616,166.0146484375,1042000
2019-05-31,163.9819463252234,164.9914862998588,163.59085627057772,164.20932006835938,1757200
2019-06-03,165.04600758657202,170.44840843196718,164.80044012693003,170.33016967773438,2882600
2019-06-04,170.8122255523191,174.03184509277344,168.8749970809913,174.03184509277344,3115200
2019-06-05,174.03184278294125,175.3506075223357,173.2496766672372,175.3051300048828,3708800
2019-06-06,176.72394317497154,180.1345488835445,176.1600608053803,179.4888153076172,3468200
2019-06-07,182.03536863854984,182.90848970466726,179.74345186084508,181.94442749023438,3613300
2019-06-10,182.00813931849225,183.71799440033956,180.28919428243245,182.28099060058594,1197400
2019-06-11,182.99034308197992,183.55423927052473,181.6442947218902,182.61744689941406,1720000
2019-06-12,183.33602065949742,183.9726644426048,182.78122810326235,183.43606567382812,1956300
2019-06-13,185.06400851934148,185.43690473917025,183.39054132305307,184.3909912109375,2855100
2019-06-14,184.31823097770362,184.83663582953858,183.19954231202524,184.36370849609375,1524000
2019-06-17,184.56376116866625,185.18222480912647,182.84481666292572,183.04490661621094,1757200
2019-06-18,185.70066916493792,186.22817789256712,184.36372437807051,185.55516052246094,2006900
2019-06-19,183.9362676781289,184.14544763538953,181.1168277207889,182.4355926513672,1944700
2019-06-20,185.21861187995086,185.2731932257097,183.26320359616952,184.0271759033203,1703300
2019-06-21,184.30011075938606,184.61843963738983,183.74531812027382,183.83627319335938,3770300
2019-06-24,184.16360317863413,185.41869653936726,183.7452294731971,184.97305297851562,1092500
2019-06-25,185.82802343186276,185.82802343186276,184.36373593959104,184.44558715820312,1118800
2019-06-26,183.76346711996834,183.9999308234412,182.4083145769541,182.4447021484375,1369900
2019-06-27,180.71659903634807,181.85346744231123,180.49832918418755,181.4714813232422,1532100
2019-06-28,181.53522609570885,183.46335125178146,181.09865845910113,182.62661743164062,6440600
2019-07-01,184.645635187736,184.80024763589424,183.27228918021976,184.62744140625,1113300
2019-07-02,183.72708032479778,185.50969663462413,183.2905266096986,185.1186065673828,1722400
2019-07-03,183.71797881935296,185.18226623535156,183.45423139163267,185.18226623535156,939500
2019-07-05,182.89943850425283,184.78208581894492,181.98994356167134,184.1090545654297,1741300
2019-07-08,182.85393382235532,185.20952204309697,182.69932137041596,183.41781616210938,1277100
2019-07-09,184.09996914730542,184.27277541109962,182.5447405287413,182.7812042236328,1160700
2019-07-10,183.79073025983007,184.30913513412938,183.22684786516993,183.5087890625,1062000
2019-07-11,183.20863220221787,184.682009316977,182.83573600869838,184.4546356201172,1225200
2019-07-12,185.31869356196515,186.19181485574597,184.6092885823023,185.51878356933594,1027600
2019-07-15,185.7097971969729,186.53744102633877,185.27324345706944,185.6006622314453,869000
2019-07-16,185.65514612491566,186.94662685409116,184.12718790651104,184.2545166015625,1073700
2019-07-17,185.11860943127346,185.4005645435501,183.49970941318423,183.55429077148438,986700
2019-07-18,184.44560692327588,185.2459531651236,183.55430562136203,185.20957946777344,1013800
2019-07-19,184.61835056907967,186.0917276732307,184.29093189284734,184.97305297851562,1228300
2019-07-22,186.07356842367625,186.43737473022188,184.7820872604704,185.1549835205078,653400
2019-07-23,186.29187594655198,188.10177612304688,185.7097996596973,188.10177612304688,1064800
2019-07-24,185.591506154691,185.70974491925682,183.89984527625415,184.4000701904297,1102800
2019-07-25,182.25369768330697,182.51744512011527,178.74304652087807,181.7989501953125,2084900
2019-07-26,181.38056995397437,182.94490236730323,181.28053883285094,182.77210998535156,1191200
2019-07-29,181.6897735595703,182.08995347765114,181.21683239476673,181.6897735595703,1468200
2019-07-30,178.08819033056213,179.88898630817386,178.03362285817852,178.7157440185547,2466300
2019-07-31,178.17915130263412,178.43380876743075,171.88544818533418,173.9681854248047,4160900
2019-08-01,172.44928565575563,175.9872193817554,172.04001582809974,173.18597412109375,3762800
2019-08-02,171.69441987805314,171.93998734931355,169.01141310855624,170.7212677001953,2556900
2019-08-05,172.80405835912353,175.61439471439894,172.09465333503056,173.37704467773438,3074800
2019-08-06,173.07688420588784,173.1041679429736,169.0750982738877,171.67625427246094,2352000
2019-08-07,170.12101580303522,174.08641393526418,169.7299257980154,173.513427734375,2078900
2019-08-08,173.2405519394349,175.92355861203134,172.80399835568545,175.1777801513672,1927100
2019-08-09,172.7403261180886,175.35058541059954,172.5493399977757,174.595703125,1600200
2019-08-12,175.5507241824088,177.02410160287965,174.63212537470963,174.804931640625,1891100
2019-08-13,174.7412577641688,177.9062960975359,174.16827154222304,175.44155883789062,1678700
2019-08-14,171.71267665313482,173.09511308284672,168.70225011015611,168.8386688232422,2441100
2019-08-15,168.90231477802615,170.52121469325002,168.3202385599433,169.74813842773438,1508300
2019-08-16,169.7845776241328,172.01285223343825,169.67544262794698,171.70361328125,1198900
2019-08-19,172.11282190917538,173.1041680312394,171.2669844257126,171.9945831298828,1232100
2019-08-20,171.1942156063154,171.89453054245485,169.43889716740642,170.70309448242188,1364200
2019-08-21,172.17648595730685,172.75856216746783,171.53984227084823,171.6580810546875,1074700
2019-08-22,171.48523697631452,171.89450683608084,169.72081495024935,170.19375610351562,1446700
2019-08-23,168.83866477034493,170.4029974058851,165.1643107822256,167.58355712890625,2119700
2019-08-26,168.4839576630486,168.6567639426371,167.19247636006244,168.18382263183594,1226800
2019-08-27,169.25700946641552,169.52984683905956,167.68357326928253,168.0200958251953,1477100
2019-08-28,167.9745906225127,169.10235525103465,167.21970830108557,168.229248046875,1122700
2019-08-29,171.11241131574778,171.38526262729715,170.13925875383455,170.6758575439453,1458900
2019-08-30,172.24289538646792,172.91907941163754,171.24690533236222,172.61753845214844,1686800
2019-09-03,171.11903179041536,171.91399477818206,170.14130651059654,171.0824737548828,1370200
2019-09-04,171.82255558776757,172.60838577258784,170.42451097124322,171.3839569091797,1210400
2019-09-05,172.42568472547663,173.15669201860155,170.96368408203125,170.96368408203125,1911200
2019-09-06,172.26120171728908,173.88768549528558,171.75863337177256,173.17495727539062,1066700
2019-09-09,171.87741667949825,172.18809020603163,169.07218057661652,169.23666381835938,2862300
2019-09-10,168.2315506229227,169.70269775390625,167.45485275556447,169.70269775390625,1788900
2019-09-11,169.6570145182921,171.5393489781006,169.14531357109814,171.42970275878906,1292100
2019-09-12,174.20750455133023,176.0076042503006,172.99222183819793,175.0481719970703,1640200
2019-09-13,175.88872958604088,177.00351195748465,175.42270554742947,175.58718872070312,1717100
2019-09-16,175.07558422249065,175.25833255986439,171.5576194711274,172.26121520996094,1263900
2019-09-17,173.9242259829065,176.53756738269834,173.3851135610579,175.66036987304688,1186700
2019-09-18,176.76600441029933,176.967031742233,174.52730615136852,176.0441436767578,1694800
2019-09-19,178.8127965460067,179.20570467565818,177.195445583216,177.48785400390625,1601500
2019-09-20,178.63005126664325,179.3245003632914,176.44617638044056,177.3690643310547,2475500
2019-09-23,176.03497934347135,177.2685547604196,175.94361216546127,176.8299560546875,859600
2019-09-24,176.51016304800547,177.122377611154,174.3902573606796,175.00247192382812,1539800
2019-09-25,174.19831745624688,176.2359879604203,173.9150555317008,175.66946411132812,852100
2019-09-26,176.39134956689566,176.5467002662614,174.965893266379,175.71517944335938,1345600
2019-09-27,175.58726814683985,176.1263805698861,174.1435327185781,175.02987670898438,873900
2019-09-30,175.91622196131073,177.48788261890516,175.6055344785374,177.01272583007812,1027200
2019-10-01,177.2045842201769,177.286832805579,172.19720835722626,172.28858947753906,1127500
2019-10-02,169.89456473571798,169.95853431752286,166.35833517693754,168.23153686523438,1996200
2019-10-03,168.0030921153226,169.0264938460793,166.55935670640346,168.7158203125,955600
2019-10-04,169.64787346904166,171.21953426674094,168.33206313210232,170.12301635742188,1498100
2019-10-07,169.9585187177471,173.92421414155538,169.80318195979726,172.31600952148438,2744100
2019-10-08,171.27434455599092,171.2834770921902,167.85689373901434,168.23153686523438,1526600
2019-10-09,170.0590166495908,171.82255786450614,169.66609458057394,171.22862243652344,1266600
2019-10-10,173.8236866125301,175.495860675117,172.33427478499829,174.73744201660156,1486200
2019-10-11,176.06243669322214,179.58953415496728,175.76090959026604,177.49703979492188,1609600
2019-10-14,177.5427052229133,178.46559330416653,175.86139836599915,175.92535400390625,1213700
2019-10-15,178.90419320165395,180.951010655374,178.08181878284674,178.3468017578125,1519300
2019-10-16,180.74082180374705,181.08803937636216,179.22398448596212,179.8727569580078,1570400
2019-10-17,180.70429471088488,181.81907761064852,179.5986582901247,179.68089294433594,958900
2019-10-18,179.90024022437612,180.2291928588588,178.12755180204192,178.90423583984375,1022800
2019-10-21,179.0412051543494,179.14171878913385,177.57005865039454,178.1548614501953,927900
2019-10-22,176.42788803241467,176.97613288724182,174.89277176473774,174.9567413330078,1429700
2019-10-23,177.04925363896956,178.06352276145662,176.5101412616229,176.9944305419922,1227900
2019-10-24,177.5518072105303,177.85334816170487,176.07152794367406,176.3456573486328,996600
2019-10-25,177.6249054207598,178.59348387995328,177.3050854648523,178.1822967529297,1025000
2019-10-28,179.37934893136529,179.90932882096584,178.8036784759227,179.7996826171875,1216700
2019-10-29,180.71342197694761,183.94811018391732,180.11034002457637,181.93785095214844,1080100
2019-10-30,180.80479188759273,182.34904087555583,179.37020303804496,182.01095581054688,1110400
2019-10-31,182.00178234983795,182.06575191633,179.96411184090647,181.24337768554688,1303500
2019-11-01,181.72768890134708,182.79678110790914,181.2708111749803,181.6545867919922,812200
2019-11-04,183.89331716932278,184.11262353591556,182.86076886463746,183.44557189941406,1086100
2019-11-05,183.6100638358013,184.1034857554445,181.79168506007696,183.03439331054688,1132900
2019-11-06,183.76538833747938,184.21313359860767,182.8516327421347,183.77452087402344,1084500
2019-11-07,184.24963501029828,185.2364924978236,183.70137620296174,185.12684631347656,1098200
2019-11-08,186.04064479861364,186.81732868901318,184.8618922725898,185.4923858642578,966000
2019-11-11,185.28221009911817,185.7847784220641,184.1948388029632,184.84359741210938,881600
2019-11-12,187.53003869989627,189.79616239489314,186.57059262948576,188.0143280029297,1681200
2019-11-13,189.33012961090944,190.69163027353824,188.91894244010803,189.89666748046875,1388200
2019-11-14,189.22962647889705,190.94749131082577,188.90982041395037,190.6459503173828,1003000
2019-11-15,191.88867072602395,192.19021173887268,190.36270058910102,191.62368774414062,1772000
2019-11-18,190.417519080928,191.8521219912991,189.58599818164805,191.07542419433594,1115900
2019-11-19,192.0713896622413,192.34551908132127,189.540283203125,189.540283203125,1463700
2019-11-20,189.1656823421267,189.78702943828714,187.8315930727183,188.3981170654297,1234900
2019-11-21,189.35751996496907,189.8874997486296,188.26101631796118,188.47117614746094,1369500
2019-11-22,187.69451812483132,188.3158651640881,187.0092015088734,187.23764038085938,936700
2019-11-25,187.08229872197595,188.19708150349922,186.62542098996812,188.17880249023438,1418800
2019-11-26,187.42037287692673,188.21533562266893,186.99090671840366,187.44778442382812,1547400
2019-11-27,186.36960250579014,188.33417151288867,186.23253079702246,188.23365783691406,1074000
2019-11-29,187.67623567165856,188.98291324572884,187.46607581726755,188.42552185058594,847600
2019-12-02,186.14516904857763,186.8150491275467,183.37386419814646,184.1079864501953,1718600
2019-12-03,184.0896388624298,185.87905231585972,183.17198950146903,185.40187072753906,1230600
2019-12-04,187.4757343041567,188.13644284813557,185.97996162789678,186.05337524414062,1384500
2019-12-05,186.43875491527578,187.25546200577557,185.59451947358488,186.9709930419922,868700
2019-12-06,188.66871910670866,189.02660180667476,187.75106972195275,188.60447692871094,912300
2019-12-09,189.8249158653755,189.95338619450052,187.91620383107792,188.42091369628906,1038300
2019-12-10,187.8427931918259,188.7971562252112,187.04444284833727,187.15455627441406,1135900
2019-12-11,188.53104295492494,189.36610716548077,188.017161595265,188.7053985595703,1159200
2019-12-12,190.03598543582996,192.93576051202425,189.83410147468877,192.6329345703125,1333000
2019-12-13,193.7249346918278,194.21128767657123,191.2197561474792,191.83457946777344,1527900
2019-12-16,193.71577914308313,193.78000731502308,192.54118912098667,192.72471618652344,1797200
2019-12-17,193.0550414239207,193.18351175066567,191.52256895410022,192.3943328857422,1433000
2019-12-18,192.08235171852428,192.0915231704168,189.89834197747692,191.1738739013672,1427300
2019-12-19,190.81600155480228,192.20164698512463,190.55906086576528,192.15576171875,1205200
2019-12-20,195.57861492161769,196.32190867177155,193.64237418872213,194.64260864257812,3034100
2019-12-23,194.61506596755984,194.82612138674514,193.71577357074597,194.33059692382812,967400
2019-12-24,194.14707612281492,194.9178982020779,193.32118332170378,194.1929473876953,399900
2019-12-26,194.26630879844595,195.22984313964844,193.71572774791156,195.22984313964844,481000
2019-12-27,196.51455342002706,196.61549538330172,194.6241984734419,194.7801971435547,825500
2019-12-30,195.28494396139448,195.3675290372994,193.87177021000358,194.0736541748047,807500
2019-12-31,194.30306068614155,195.38588009930592,193.86257895672392,195.36752319335938,1040000
2020-01-02,195.99152698350667,196.78987734413946,193.12846582629982,193.38540649414062,2604100
2020-01-03,190.3204892221929,191.83461920721822,188.2741348812161,188.35671997070312,2899300
2020-01-06,187.7510621333607,189.3569484917763,187.37482254028535,187.558349609375,2395300
2020-01-07,187.9436944904897,189.72393583859161,187.42981327706087,187.96205139160156,2589200
2020-01-08,188.3658522453577,191.04538618699587,188.20985356407434,190.31126403808594,1327300
2020-01-09,190.944452927176,192.46775400526778,190.69668371514516,191.6510467529297,1086100
2020-01-10,193.38539205449382,194.3856262940615,191.72443528696357,191.86209106445312,1217600
2020-01-13,192.51363973210132,194.4774086663221,192.09152889699595,194.35812377929688,1225700
2020-01-14,193.87181158415848,194.65180524896937,191.917213690643,192.66969299316406,2107300
2020-01-15,193.61486206254085,194.61509660026735,193.02756697594535,194.02780151367188,1078200
2020-01-16,195.3491883668093,195.5235439749692,194.33976853126106,195.5143585205078,1302600
2020-01-17,195.6336400702626,196.76234469380833,195.31245724136147,196.4687042236328,1903700
2020-01-21,194.2663864315049,195.22074970402426,193.78920479524524,194.29391479492188,1384500
2020-01-22,193.807562184409,194.49579927597452,193.11932509284347,193.69744873046875,966900
2020-01-23,191.2564743459206,192.3851791169425,190.43059553828851,192.35765075683594,1400700
2020-01-24,192.70633026459637,194.81692620603266,191.62351093941112,192.69715881347656,1541600
2020-01-27,188.319993011153,189.3110559488124,187.28304480743012,188.00799560546875,1947800
2020-01-28,188.51271872775803,191.7244917846187,188.28330636655372,190.76097106933594,1229400
2020-01-29,190.9903967707534,192.19251538707405,190.55910038138668,191.0821533203125,982700
2020-01-30,189.46709522542508,191.39416479503032,188.54027426222237,191.0821533203125,1381300
2020-01-31,188.69620732441894,189.34773040774687,186.25525711972892,186.40208435058594,1909700
2020-02-03,186.98943413191606,192.75227161274418,186.81507849439674,192.1925048828125,2911500
2020-02-04,193.44961240053595,197.15692275659612,193.27525682408861,195.9180908203125,2369400
2020-02-05,199.2400241388472,199.2400241388472,195.69789705669007,198.89132690429688,2970400
2020-02-06,198.9371972496996,199.51532082330442,197.35885324320114,198.90049743652344,2234200
2020-02-07,197.09271126633112,197.92777547178224,195.2115274416195,196.52377319335938,995300
2020-02-10,197.19366957030792,197.96449166889204,196.48707564549682,197.69837951660156,1435600
2020-02-11,199.66217314947843,200.81840643964364,198.19392839815973,198.41416931152344,1385500
2020-02-12,199.2400171597943,199.5153147580093,197.7626011849985,199.3134307861328,1238000
2020-02-13,203.99339487429958,209.0863501084351,202.9289185726721,203.03903198242188,2231800
2020-02-14,203.3878010907308,204.72757530084127,203.00239004453354,204.30545043945312,1280300
2020-02-18,205.5901268310929,206.0948367068157,204.51647891485499,205.14048767089844,1524700
2020-02-19,204.65415358226704,205.1405065976859,203.59884847162408,204.1586151123047,1590100
2020-02-20,202.29578706712724,204.0485006052373,200.0750774229228,202.98402404785156,1534700
2020-02-21,201.87368795233817,202.15815701387237,200.2678015707063,200.35955810546875,1660100
2020-02-24,193.76164073944983,194.83530272381222,192.33929555084907,193.2110595703125,2020400
2020-02-25,191.95385811352926,192.43103963102317,184.30985239325653,185.04396057128906,2743100
2020-02-26,186.55810037807592,189.87998627233475,185.89739178000437,186.65904235839844,2711200
2020-02-27,183.41058542744994,186.62235840327705,178.84986668159797,178.895751953125,3685500
2020-02-28,175.0966700741649,176.95032568010285,170.63689367712547,175.2801971435547,5555300
2020-03-02,175.5463099346571,181.969854889908,173.811953356828,181.8321990966797,3489600
2020-03-03,181.71292169645028,185.21833480669036,176.50066629406348,179.29949951171875,4063300
2020-03-04,182.06163233469118,188.80636091353472,181.11645458857004,188.60447692871094,2755600
2020-03-05,182.31016425801582,183.9143813947814,179.84850859286593,181.17613220214844,3204300
2020-03-06,177.13794627581117,177.6265888246447,171.2649929261023,174.4365692138672,4466800
2020-03-09,161.399922945516,166.30480575240108,158.87373638738146,159.6205291748047,4822700
2020-03-10,162.70909607816412,163.57574924710804,154.448261163058,162.46017456054688,5604100
2020-03-11,159.92474857464225,162.8750465544609,159.07652471657207,160.34884643554688,4315300
2020-03-12,150.6498072010389,156.68871010050077,144.74920816427272,145.6896209716797,6340400
2020-03-13,159.85100009758818,163.32681332414617,148.75971343311303,162.7275390625,6386900
2020-03-16,137.11526712559373,150.8710465611544,135.2621140092433,145.99383544921875,7079300
2020-03-17,144.52790005686765,152.7149918097425,143.5137422842149,151.0923309326172,4956600
2020-03-18,141.42080725606039,147.66254057080096,137.9634239238976,145.2193145751953,4723900
2020-03-19,139.6506667330543,146.4179168429361,137.19822544479763,141.99246215820312,4296100
2020-03-20,142.07542774253176,145.61578530662612,136.49751250971397,139.49391174316406,4699900
2020-03-23,138.09251481693238,143.23710349241273,135.34505115346983,138.29534912109375,4434000
2020-03-24,146.86044901374967,153.82131840273007,144.74914600405074,151.94972229003906,3423100
2020-03-25,150.34550218194354,161.76869833454475,148.75048557044215,152.4014892578125,3258400
2020-03-26,156.06169264261462,161.34457094062256,155.52694894789295,160.5977783203125,2726000
2020-03-27,154.27311874590515,157.71206016405768,153.24051767127446,154.28233337402344,2301600
2020-03-30,158.81840252378518,163.4559062756666,157.50920800404634,163.004150390625,2480500
2020-03-31,159.22406258113344,163.4190248478355,157.29715051640207,159.5006561279297,3142300
2020-04-01,152.69653825885146,155.3610287514231,147.71791008035973,148.3171844482422,3822000
2020-04-02,147.65337326609009,153.72916145963413,146.97112500849693,151.2859344482422,3369800
2020-04-03,150.51148291369546,152.8164060823585,148.67675900691125,149.4788818359375,2665700
2020-04-06,156.37520172469013,163.23465504949652,156.29222787030957,162.1928253173828,3604000
2020-04-07,167.3742354938389,170.97913743240065,164.70053119003936,165.8990936279297,3097600
2020-04-08,166.49841061971375,172.804676426224,164.80199070710864,172.35292053222656,2495400
2020-04-09,169.00613969449486,175.2202159865162,168.95082380390474,174.69468688964844,3206800
2020-04-13,171.90112784615997,173.81882517269645,169.42102883218666,171.58766174316406,2087700
2020-04-14,174.02168355228858,176.01314036690783,173.08127104514062,175.02662658691406,2372800
2020-04-15,167.93664795636064,169.13521047165403,165.32748806268594,167.01467895507812,2025500
2020-04-16,167.60480608600844,169.3657709643532,164.92188590302916,168.8402557373047,1806700
2020-04-17,173.16423155565172,174.15994573722966,171.45858320725426,173.83726501464844,2634400
2020-04-20,170.44444004033465,174.80536444798815,170.02034209012683,170.56430053710938,1598100
2020-04-21,167.49417868677625,168.41614808389716,162.81980115880435,164.92189025878906,2010000
2020-04-22,166.76577706283703,168.61892990878977,165.97288306577687,167.42959594726562,1376400
2020-04-23,166.62747074063367,170.76711704519826,166.27713205056827,167.1529998779297,1249900
2020-04-24,167.83522263131653,168.49904140536796,164.89415347766047,167.30970764160156,1187700
2020-04-27,168.3884104358707,171.13587399994708,167.74303497694402,170.17703247070312,1542000
2020-04-28,173.29335118622663,173.4316409502764,171.00685725428235,172.29762268066406,1896700
2020-04-29,173.3394080571736,175.35852266771803,173.02594193476796,173.9663543701172,1282300
2020-04-30,170.91466967136859,171.66146253745563,168.84945341911848,169.6331329345703,2104400
2020-05-01,169.8727992774139,170.65647860553918,165.75159645443262,166.25868225097656,1169200
2020-05-04,165.47506659167792,168.92323726677677,164.67295770278773,168.4069366455078,1828000
2020-05-05,168.72037180441285,170.61041156994705,167.66932742802877,167.8076171875,1171900
2020-05-06,168.1764088523944,168.70192399253926,164.84809940436386,164.98638916015625,1336100
2020-05-07,164.13821915584947,171.39411418566286,163.60347518961223,170.3707275390625,2295100
2020-05-08,170.48131424001656,173.7082061767578,170.33379580369947,173.7082061767578,1841400
2020-05-11,170.16784126629406,172.75857215178127,170.0571954094425,172.27914428710938,1894700
2020-05-12,170.60113566650952,171.9380019560976,168.71111049210222,168.8032989501953,1741100
2020-05-13,168.3791911301587,168.44372164019256,163.8431056573447,164.82960510253906,1857300
2020-05-14,160.23824092190105,165.36438713982608,159.27938512871444,165.26296997070312,2442300
2020-05-15,164.11971085824786,168.4437480941375,164.0367370174035,168.3423309326172,2829400
2020-05-18,173.24719318759145,178.56694403565905,173.03513019463176,177.24853515625,2105200
2020-05-19,176.5109620358986,177.24854004868698,175.04503470391487,175.40460205078125,1774400
2020-05-20,177.75567786612643,181.94141215715524,177.6266027311996,180.69676208496094,2300400
2020-05-21,180.13432787294602,180.53999652922795,177.48826698060955,178.55775451660156,1891600
2020-05-22,177.40532778559825,177.6727067558824,175.49685868479972,175.9762725830078,1676000
2020-05-26,178.86201737952356,179.7839865412737,177.30388724526458,177.94004821777344,2214300
2020-05-27,179.50735948672897,179.55346074984152,176.56627615859065,178.05987548828125,1603400
2020-05-28,182.4484968103509,186.17324644121777,181.37900908939923,184.43072509765625,1740200
2020-05-29,185.81364566348145,187.27035852526285,183.45340702550266,186.5512237548828,2354700
2020-06-01,186.68952552351348,189.85187273976828,186.46824787806767,189.2064971923828,1658300
2020-06-02,189.9225403528288,191.80296042487993,189.37601738566207,191.06190490722656,1675100
2020-06-03,195.45267822246325,197.90740999659147,193.52593922441932,197.2034149169922,2155300
2020-06-04,197.5924879397246,198.4632273480632,195.13775589235493,196.8977508544922,1951500
2020-06-05,203.81732463404782,207.7912285068567,203.29858989411508,204.9752197265625,3525600
2020-06-08,204.28970286905013,205.6328722349192,198.9819167066503,200.4825439453125,2970400
2020-06-09,199.4636555533157,201.61270164206448,197.96302793382466,198.4447021484375,2499400
2020-06-10,200.5751831708272,200.62150179329043,196.3604429469363,197.63876342773438,1750200
2020-06-11,193.94277893421062,194.43372528987655,184.04973070932678,184.43878173828125,2925000
2020-06-12,189.514973266936,189.78361280269945,183.69771034070163,187.06024169921875,1711900
2020-06-15,183.71623557648692,189.4408610986101,182.72507077121358,188.2644500732422,2142100
2020-06-16,192.78489150870553,194.229942282986,189.5520575451953,192.93310546875,1878100
2020-06-17,194.6004435656118,194.78570391643282,191.59917499826005,192.1920166015625,1577400
2020-06-18,193.57222826518753,194.71159282634736,191.7473848725998,192.82191467285156,1563800
2020-06-19,196.11959397155738,196.14738231645356,190.1448595330836,192.7200164794922,4635000
2020-06-22,193.42402058008773,195.1747570635606,192.42359771318053,194.49855041503906,1510800
2020-06-23,199.009711690774,199.34318599209493,196.60129874519797,196.72171020507812,2044300
2020-06-24,193.5907815139439,194.67456951309498,189.70951530093498,190.8859405517578,2068500
2020-06-25,190.5431768686606,193.9612847844112,188.9869729488327,193.72970581054688,1163300
2020-06-26,193.47033614363198,193.70191511468707,189.51496336036283,191.58065795898438,2794600
2020-06-29,194.45223069331706,196.59201814607403,192.86823843051778,195.71202087402344,1406100
2020-06-30,194.1928490010616,197.83327754348159,194.01684673278618,196.48085021972656,1697400
2020-07-01,195.9621466934621,199.7600336977917,195.20256081192016,198.94488525390625,2126100
2020-07-02,202.418508065266,205.66987104119355,202.418508065266,204.95660400390625,2837900
2020-07-06,208.4210637315453,208.96758668417144,205.29011167335153,208.0968475341797,2860700
2020-07-07,206.32757304142686,209.23620390000698,205.99409880960752,207.9856719970703,2171600
2020-07-08,209.63455687266458,210.72761702528038,202.52971535127003,205.197509765625,3063600
2020-07-09,209.03247915162655,209.65310919686664,204.03963630504484,205.59584045410156,2312400
2020-07-10,207.68929057485428,209.8939127673854,206.67033744865094,209.3010711669922,1448300
2020-07-13,211.12596518076583,213.87712514630866,209.14364927932888,209.1807098388672,1498000
2020-07-14,209.09728035103083,216.65602134999398,208.87497358512283,215.9520263671875,2554800
2020-07-15,222.99205461945587,223.40889400732584,218.24006298260056,220.1204833984375,2616100
2020-07-16,227.104922829738,227.42913912750083,219.97229148911723,221.28765869140625,3216400
2020-07-17,223.5385599419208,225.7153938278949,223.22360179349337,224.7242431640625,1900900
2020-07-20,224.68721302226595,225.90995696122087,222.167632300596,222.61227416992188,1966500
2020-07-21,225.74320527972733,227.86447682475085,225.1040449813094,226.02110290527344,1686900
2020-07-22,226.5305305835957,228.19790184214557,224.50189673023144,227.26231384277344,1390500
2020-07-23,227.44762804258218,229.95795066171772,226.57690286166405,227.85520935058594,1068900
2020-07-24,225.08551459202934,226.81772087097676,224.6594030419002,226.0859375,1304400
2020-07-27,227.92006590306434,230.54154200889514,227.1790102395091,228.67037963867188,1469200
2020-07-28,228.90193536733315,229.34656306645647,225.63204118891224,225.74319458007812,1677400
2020-07-29,226.67877197265625,227.52170870640086,225.68760716696337,226.67877197265625,1967900
2020-07-30,223.01054085540383,225.07622124295824,219.58317503778875,224.1869659423828,1855500
2020-07-31,228.6518391362299,228.89269034343116,223.65899643783982,227.04931640625,3184700
2020-08-03,229.35586105410056,229.82827715412,226.10448265241078,226.3082733154297,2577700
2020-08-04,224.58530552516254,227.41057207848792,224.19625451142826,225.8821563720703,2435500
2020-08-05,229.2631732663218,232.83875301880315,228.5776944477468,229.9764404296875,2166600
2020-08-06,229.2354211186196,229.72636746672308,226.64173349774836,228.485107421875,1938800
2020-08-07,226.74364224587987,227.56806296739254,225.73396114072213,227.23458862304688,1750100
2020-08-10,224.99287440585542,226.01182757690356,223.89055619384678,225.4097137451172,1159100
2020-08-11,229.3373103287396,229.94868226328933,226.4749973639749,226.8084716796875,1506500
2020-08-12,229.6430031309508,232.50531618090739,229.1335265036623,230.30995178222656,1323300
2020-08-13,228.9945342873676,231.50484218075576,228.9945342873676,230.8749542236328,1147700
2020-08-14,229.62443042117576,231.16211809049466,229.16127250640196,230.18948364257812,979300
2020-08-17,231.24552815662256,232.11626746748203,229.2539543890308,230.1246795654297,973500
2020-08-18,231.33815275872075,231.81056880954748,227.88298405379936,228.6888885498047,1013400
2020-08-19,229.97648904160303,230.94912371824816,228.42954293860757,229.0223846435547,1626100
2020-08-20,226.3268028490631,227.59585131821623,225.82658426531404,227.23458862304688,1905400
2020-08-21,222.723415735655,226.88256542566316,222.53815536717676,226.2989959716797,1781100
2020-08-24,232.30146559495662,232.39410282491198,230.30989236102786,230.5692596435547,1363000
2020-08-25,231.98658101441885,232.85732031485495,230.89352078585213,231.65310668945312,1064400
2020-08-26,231.31037561725387,235.51584405696488,230.6897314561433,234.24679565429688,844900
2020-08-27,235.06193610350329,235.29351509663843,231.70867680593344,232.44046020507812,1084000
2020-08-28,232.97770270058757,235.3583413050065,232.2737077177445,234.88592529296875,959900
2020-08-31,233.11670570126998,234.59880293343736,230.81017359724987,231.3381805419922,2297600
2020-09-01,231.55117621428388,238.10948005227925,230.2358093917222,238.00759887695312,2285800
2020-09-02,239.36789943975438,242.20378028343168,237.71285529445845,241.96205139160156,2912700
2020-09-03,240.92997776780368,240.9485919438992,229.99552551219872,232.8686065673828,3305100
2020-09-04,233.4729766056739,234.27260582710332,226.39719225170091,230.3116455078125,2924700
2020-09-08,226.53667723787834,228.6845149191391,224.9095257596341,225.98809814453125,1849300
2020-09-09,228.59155215685672,235.7789089909258,228.59155215685672,233.5194854736328,1854800
2020-09-10,235.53713146522335,236.73656818336715,229.66078394846184,229.930419921875,1095400
2020-09-11,232.35721092344954,233.77980499210312,231.2507599048788,232.60826110839844,1382400
2020-09-14,234.08662000905667,235.8346498717049,232.98946198897428,233.6124267578125,1524900
2020-09-15,234.40274275119646,236.42040840074426,233.11032045263332,233.12890625,1401100
2020-09-16,232.7291432190015,234.20752308686798,230.9997131624448,231.3716278076172,1635000
2020-09-17,229.6142733322353,232.94296144369125,228.63797978817615,232.8127899169922,1506400
2020-09-18,231.81793421642357,233.01737096421527,228.03363828176492,228.823974609375,2460200
2020-09-21,222.49204341646632,223.7193873720447,218.3823252832481,221.70172119140625,2180300
2020-09-22,221.14380223297636,221.9248314411967,219.59103671628836,221.5064239501953,2209100
2020-09-23,221.41346872963075,221.63661184122793,216.5227074484898,216.78305053710938,1753500
2020-09-24,217.02477447439367,218.94945445432285,215.43480911042425,218.0382537841797,1391200
2020-09-25,213.0452434877624,217.26653251349106,212.431571607605,216.41111755371094,2227300
2020-09-28,221.2088698266779,222.1293633642114,219.8048618045707,220.40924072265625,1182300
2020-09-29,221.06944628853088,222.49204046238617,219.68405209397,219.8328094482422,1178100
2020-09-30,219.47015784212425,223.17077495883444,219.358586294681,221.4134521484375,2121000
2020-10-01,220.07453399207367,221.6365923866786,215.79744501852267,216.3646240234375,2480100
2020-10-02,213.17540935351656,218.48456337784685,213.05453072310237,215.8532257080078,2458600
2020-10-05,217.97318113260408,220.03733991481317,217.7965309092397,218.58685302734375,2728300
2020-10-06,219.55387367462558,221.1159322528898,215.50923440479156,215.78817749023438,1988400
2020-10-07,218.16841910149876,223.16144394102767,217.90807606029327,222.1758575439453,1791300
2020-10-08,222.1015072186271,223.50551547297326,220.44646296941025,221.0601348876953,1537800
2020-10-09,222.37116154418493,224.3888275668819,222.05503267890725,223.09640502929688,1849800
2020-10-12,224.77000550448162,225.78348476856837,223.0963615619893,223.39389038085938,1453300
2020-10-13,222.08290536231848,222.30604845273768,218.3822883196937,219.41436767578125,1668300
2020-10-14,219.88861156547415,220.00018312917712,217.66638806670002,218.37303161621094,1077000
2020-10-15,212.99875367449513,214.51433340972864,211.99456718007352,213.4822540283203,2389200
2020-10-16,214.87695506422713,217.97317901989717,214.37485472334916,216.71795654296875,1836100
2020-10-19,217.4897256156751,217.9639189533721,213.32420748939947,213.7333221435547,1130000
2020-10-20,215.24885619599132,217.70352940972757,214.76535587260364,216.86671447753906,1415100
2020-10-21,216.16008197519577,219.07036296489628,214.52363770530073,214.70030212402344,1360300
2020-10-22,213.54734837317258,217.64777331272734,212.42229734845816,216.8295440673828,1466600
2020-10-23,219.80489838385458,220.29769166149708,217.35022489587976,217.82443237304688,1323700
2020-10-26,214.91415738649044,215.239593343122,210.39532490907584,211.98529052734375,1252300
2020-10-27,210.5347668696182,212.5059540122442,209.37251598811133,209.6421661376953,1566400
2020-10-28,202.56638278613082,205.02105608742735,200.96712443356745,201.68307495117188,2297200
2020-10-29,200.5487119833539,206.03453034886218,199.10751808432403,204.40737915039062,2239900
2020-10-30,203.74724820256225,205.39298535789737,202.02711109513677,204.87229919433594,2480600
2020-11-02,209.31675741116734,214.04945439815697,208.32187790490744,212.53387451171875,2182600
2020-11-03,216.30891109473583,218.84726393460235,215.5743745234503,217.65711975097656,1595900
2020-11-04,217.21073829226665,221.7574630681717,215.7974372804691,218.77279663085938,2347200
2020-11-05,232.26420497591963,235.5742930165978,230.92528977123365,232.2270050048828,2917800
2020-11-06,235.73237885015482,235.85325748556318,232.0131759158249,232.7477264404297,1725000
2020-11-09,249.79099613716772,250.84167565226335,239.13548619365957,239.5631866455078,3184300
2020-11-10,244.08205763242998,245.92304536206362,241.4785979348095,243.64505004882812,1935000
2020-11-11,244.1656988362104,244.3981490391437,238.8565441462887,241.39488220214844,1841200
2020-11-12,239.01460122879766,241.49718195223366,236.31818447272045,237.164306640625,1669700
2020-11-13,239.50738068313615,240.4650743561957,237.85233642167597,239.01458740234375,1196700
2020-11-16,240.24191768010792,240.89276116736403,235.06292079267666,237.5269012451172,1720900
2020-11-17,235.97415291942838,236.80167511347454,233.38930767566018,234.4399871826172,1947400
2020-11-18,235.32329463313113,236.53203858034092,232.63617073372637,232.72915649414062,1180100
2020-11-19,232.45014710709478,235.50918480046647,231.34368213684402,235.3046417236328,1205300
2020-11-20,235.61154643921427,236.66222601433722,233.7519446072153,234.3749237060547,1345600
2020-11-23,236.12292446136897,237.2944826196071,233.4730005352737,234.4399871826172,1231300
2020-11-24,235.66732078864774,239.67474584323682,234.9420631003973,238.1777801513672,1982100
2020-11-25,237.93601281329396,238.0475843663289,235.27678202743505,235.55572509765625,1172000
2020-11-27,240.10246972237223,240.93928476356587,239.14477603767767,239.35861206054688,1082000
2020-11-30,242.98483749294127,243.1615019199897,237.3781538320498,238.41954040527344,3384300
2020-12-01,242.48277056864438,242.91047101272036,239.37723914809789,240.72543334960938,1802900
2020-12-02,239.41233735346046,239.8603183020396,234.018024702946,234.2513427734375,2060200
2020-12-03,235.7538531876933,235.86584127673294,229.3609339471205,229.77157592773438,2463800
2020-12-04,228.4743584329033,233.89666748046875,228.4370338118423,233.89666748046875,3030900
2020-12-07,236.51916981056016,237.66710488435538,232.5901017734612,233.11273193359375,1771300
2020-12-08,231.4514564631384,233.37399450848935,230.12621192935865,232.6087188720703,1397500
2020-12-09,234.23260055377727,235.02588744318015,231.8807653872802,234.38192749023438,1450300
2020-12-10,234.1206445470782,235.56721918091603,232.75806098627936,234.2046356201172,1245900
2020-12-11,231.75944770285258,233.28068568701926,230.91949432140177,232.75804138183594,1328900
2020-12-14,234.1953424736835,234.72730025511277,231.0502195242699,231.07821655273438,1814300
2020-12-15,232.90737152545083,236.10850207588948,232.6647259180193,234.86724853515625,1365800
2020-12-16,234.99790895407597,235.27789342186185,232.84205276114744,233.43934631347656,1355000
2020-12-17,238.7963193491052,240.04690050178397,238.0777101103788,239.505615234375,1538600
2020-12-18,239.97226714091855,241.46550824389655,236.59381234956638,240.4762420654297,3525700
2020-12-21,233.31803472174488,238.01239244109814,230.98485437452743,237.20977783203125,1716200
2020-12-22,236.11785346301235,237.69508567175583,234.9045968223941,236.5471649169922,1162300
2020-12-23,239.08569561968497,240.57893702491413,237.89110819174385,238.07777404785156,1036700
2020-12-24,237.79774422383045,239.8322848950312,237.76974719886647,239.4962921142578,276400
2020-12-28,244.54530450249004,245.85187983856736,242.35210921628547,242.66941833496094,1257000
2020-12-29,245.57189815250138,245.7118832746366,241.37217360121574,242.10946655273438,881100
2020-12-30,243.58404872693416,244.91862116224704,243.0800737548299,244.3026580810547,924900
2020-12-31,244.94656098380025,246.22513906596527,243.22000208869815,245.926513671875,909300
2021-01-04,248.91300536875846,249.45431916135618,240.1962469679427,241.5401611328125,1741300
2021-01-05,240.3735362862408,245.6745144602559,240.3735362862408,245.32920837402344,1620000
2021-01-06,243.9573084061852,256.25782720141564,243.94799505289416,253.38336181640625,2586600
2021-01-07,251.10622123999119,255.49261206656672,251.05022718528664,252.65545654296875,1757800
2021-01-08,253.87798844978823,254.204639355587,250.05156744157838,252.35675048828125,1879300
2021-01-11,246.6078255798225,251.1342012361945,246.56117336446846,249.6782989501953,1913200
2021-01-12,247.3264252225777,249.7342544838386,246.0758441431878,248.8289794921875,1785200
2021-01-13,248.85705545016236,250.61161194773447,248.44641335578544,249.86500549316406,1518800
2021-01-14,249.35160786947293,249.4449407663663,245.9545125759247,246.09449768066406,1903400
2021-01-15,244.43334731676578,244.43334731676578,239.75764406000405,240.8682403564453,1955300
2021-01-19,245.515907341402,246.01985378773458,241.04552584089828,241.75482177734375,1643100
2021-01-20,240.2522401890171,243.30405831509734,240.12159689963073,240.2242431640625,1773300
2021-01-21,239.97227133149156,240.54155366927282,236.1178528135502,236.30450439453125,1559800
2021-01-22,234.428621882303,237.5737443131077,234.428621882303,234.6992645263672,1582000
2021-01-25,231.955454964078,236.63115757111134,229.58494995801902,236.22984313964844,1990700
2021-01-26,237.55511135592678,240.46693044858935,237.28446867031033,238.7777099609375,1544600
2021-01-27,233.84066760815094,234.0273191900165,224.7319365514439,226.70114135742188,2681600
2021-01-28,230.49024592070748,234.43798350286323,229.65030660215663,232.8887481689453,2110400
2021-01-29,231.06881612338034,232.68338697197686,227.81170588602387,229.0249481201172,1647300
2021-02-01,231.68480345085175,234.4379533527011,229.52894713530395,233.71932983398438,1629200
2021-02-02,234.01796910689538,236.71512479138468,233.55133307677195,235.41787719726562,1526000
2021-02-03,235.66986598052142,236.57514102335483,233.14069241701122,233.43934631347656,2365700
2021-02-04,233.26204558827845,235.57655655413143,230.8075352542801,232.55274963378906,2712300
2021-02-05,238.0310744731874,242.35211502139066,235.38058487616968,240.19625854492188,2806400
2021-02-08,241.8294666388554,242.63209547049448,238.5723560612945,240.16824340820312,1770400
2021-02-09,240.68158016938276,240.84956232908368,237.93774339550225,238.5630340576172,1389500
2021-02-10,237.2284787483114,238.0870875211739,234.58731653584087,235.8565673828125,1585200
2021-02-11,237.19111681252525,238.1897248720336,234.98859391702786,236.22052001953125,1204000
2021-02-12,235.21256219125019,236.780466697483,234.1579601793377,235.81918334960938,1478200
2021-02-16,235.69787389201525,237.5550762742775,233.17804204673433,233.4486846923828,2248900
2021-02-17,232.28209683137464,233.58867210006358,230.74220353323395,232.6460723876953,1653200
2021-02-18,231.30215030547834,234.47528394126522,230.03289969928397,233.252685546875,2168500
2021-02-19,232.87937451609886,235.15656060655775,232.52472657855483,234.13929748535156,1962400
2021-02-22,233.41139044695822,235.18460198792715,232.5901063274674,234.31666564941406,2034700
2021-02-23,234.71795371296395,241.90416090500855,233.51403886435736,241.38153076171875,3013500
2021-02-24,240.78418345402144,242.04410638926547,237.50840375922846,237.62039184570312,2155900
2021-02-25,236.07118538899635,237.08844860567928,230.42488608373185,230.51821899414062,2104700
2021-02-26,230.31289056395485,231.64747708867085,227.88637737752703,227.9703826904297,2599300
2021-03-01,230.91953628486178,235.66990266073603,230.76088171789678,234.70863342285156,1517300
2021-03-02,236.26715211822417,239.84157148538458,236.11782517467773,237.0604248046875,1671200
2021-03-03,233.840637827543,234.4472731921021,230.94750307557254,231.031494140625,1782800
2021-03-04,231.9781812122661,234.01208920606766,227.26363588571576,230.02862548828125,2369400
2021-03-05,230.83469652892418,232.71863543711814,226.7106456077843,232.10940551757812,2136300
2021-03-08,232.90605437269457,240.60117380538637,232.27807487043538,237.7705535888672,2450500
2021-03-09,244.82839004667818,248.2869765730407,241.83844637100228,245.8875274658203,2812100
2021-03-10,247.5558678855826,250.26463699705616,247.34031050412466,248.98056030273438,2192800
2021-03-11,251.9798464393787,253.0671011210819,250.48018382310931,250.60203552246094,1567200
2021-03-12,249.68355001977454,251.71744395984993,248.76499974135018,251.6612091064453,1139100
2021-03-15,248.4744287626662,252.13921904570827,248.09013821801247,252.1298370361328,1680400
2021-03-16,251.28621047193909,254.67917889497502,251.28621047193909,253.80751037597656,1599500
2021-03-17,252.77652788875676,254.7354511443824,251.57680359714976,252.64529418945312,1670400
2021-03-18,250.7801269950592,253.52636687408335,249.8334594079726,251.0988006591797,1941900
2021-03-19,251.19258460939722,253.90135419559138,247.55591127055112,252.24234008789062,3845200
2021-03-22,251.67987818866573,254.61358621736696,250.84570901389665,253.40447998046875,1347400
2021-03-23,253.24517485250487,255.3821846763667,250.22711435880072,251.08004760742188,1539600
2021-03-24,250.06777744977398,254.16373939836436,249.95530775849653,252.8515167236328,1482100
2021-03-25,252.98272568341523,256.95680693942546,251.85797167330384,256.235107421875,1847900
2021-03-26,257.75348487650086,264.202013002,257.21922533387357,263.7521057128906,2235600
2021-03-29,262.56179396772353,265.486120176485,260.34978529463234,263.3772277832031,2449600
2021-03-30,262.6836845727504,263.19918023710824,261.22152125177354,261.74639892578125,1364100
2021-03-31,260.621597183928,265.48611109295496,260.621597183928,262.5711669921875,2218400
2021-04-01,261.62451415951557,263.78025943369664,259.7874425325979,263.2272644042969,1594900
2021-04-05,264.8394245073154,268.98223956475476,264.8394245073154,267.5013122558594,1400000
2021-04-06,266.65776093492,267.33260773064274,264.6613379724201,266.2922058105469,1615800
2021-04-07,265.71109867447274,266.582796064197,262.86177090482573,263.705322265625,3015900
2021-04-08,265.31738685197126,266.32028910169294,264.23951435535776,264.501953125,2003800
2021-04-09,265.99229529625325,267.3419888833734,264.06148919872885,266.9389343261719,1599000
2021-04-12,265.27055724218184,268.4104696877348,265.27055724218184,267.5294189453125,1479900
2021-04-13,267.55751673606636,269.7414080174101,267.28572452970974,268.3354797363281,1543600
2021-04-14,266.9764263244512,268.5510592643396,266.30157954968666,267.1732482910156,1325400
2021-04-15,269.0009575887584,270.68806016700466,268.63540248805,269.9101257324219,1449100
2021-04-16,270.72551347562955,272.4126443701275,270.42557528056136,271.7752685546875,1304400
2021-04-19,271.80338427440796,271.9346179603105,269.02902749656425,270.3599853515625,1675600
2021-04-20,269.14156872004304,269.7976801166238,267.7731396798556,267.9137268066406,1603200
2021-04-21,269.6476600419722,274.14661887133803,269.46019150588086,273.65924072265625,1176400
2021-04-22,272.45016750707373,273.50930479675117,270.09760013470424,270.5943603515625,930300
2021-04-23,270.2850570671373,274.0810810943398,269.7976788287132,273.3125,1290600
2021-04-26,273.7154802524304,273.7342156648875,270.65992040462163,271.3628845214844,906300
2021-04-27,270.46309770506997,272.60948947825705,269.600811075524,272.0096130371094,1199800
2021-04-28,270.34124932865143,272.33767201602063,268.9540850979411,269.1321716308594,1366300
2021-04-29,270.27560284735176,271.19415283203125,267.9980062017537,271.19415283203125,1290400
2021-04-30,270.24755892233577,270.5287617795938,267.50131883227925,267.9137268066406,1932700
2021-05-03,269.31963707959335,271.419147640853,269.10405109730164,270.5943603515625,974900
2021-05-04,266.4515555068298,267.94183621352846,264.26769259295594,265.2518310546875,2301700
2021-05-05,269.55399068464783,274.4091237395319,268.7572921199323,273.3218688964844,1763500
2021-05-06,276.48053279039976,277.905196688575,273.3031206903958,277.81146240234375,2532800
2021-05-07,279.7797438434488,282.03860550926703,278.3081986273608,280.1827697753906,1883600
2021-05-10,283.1539620056078,284.81294708274106,282.13232421875,282.13232421875,1695700
2021-05-11,279.29243801519385,282.0667960241639,277.7177761040063,279.8829040527344,1634800
2021-05-12,276.44299899850455,279.09550448669455,274.8964835808003,275.543212890625,1776000
2021-05-13,276.1055450855836,280.05153756493826,275.4025809731069,279.26422119140625,1569300
2021-05-14,280.7825947162795,282.91022228129947,280.2295997615919,282.2822570800781,1210600
2021-05-17,283.23833990390733,284.1943609258426,280.24839652889943,282.010498046875,1143000
2021-05-18,282.41350909906294,282.8821518779076,279.13300964715046,279.31109619140625,1305900
2021-05-19,276.19932597657174,277.8958106994177,273.25626393613425,277.5021667480469,1882400
2021-05-20,278.8517794930769,281.9541917784946,278.8517794930769,279.4328918457031,1272900
2021-05-21,280.9419449243937,283.0883367154949,279.62975095303517,279.8453369140625,1923500
2021-05-24,282.26362890704485,284.06323033041014,281.7012516745123,282.3760986328125,1058300
2021-05-25,283.4445239473459,283.70696275473506,281.39186632381865,282.3572692871094,1330300
2021-05-26,282.21672928697313,282.6759901256472,278.80499561770995,280.9701232910156,1411600
2021-05-27,281.8792791291675,282.7884473599476,280.9701108983874,281.9167785644531,1710900
2021-05-28,283.61332815707675,283.98823678458393,281.1857611846262,281.7481384277344,1430900
2021-06-01,286.03139798831086,286.5375115094569,282.37596204684013,283.30389404296875,1418200
2021-06-02,284.3480212773305,284.4044540357751,281.53568356554746,282.0624084472656,1562800
2021-06-03,279.9365809965679,280.9618140223521,278.45985735671866,280.5950012207031,1608200
2021-06-04,282.1376432673247,283.8118820822192,280.8114160318321,282.0435791015625,1362200
2021-06-07,279.74852944603305,280.28464055583504,273.84166257724365,274.2554931640625,3591400
2021-06-08,276.042693601797,276.79514956797163,274.0486307531595,275.12091064453125,1721800
2021-06-09,274.94211183485163,276.9925781037778,272.929276963839,273.2208557128906,1720800
2021-06-10,274.7916122153622,275.6945648258879,272.95749062224274,273.0797424316406,1311000
2021-06-11,274.25546657476156,275.29011470236884,272.7223387860631,273.9168701171875,1437700
2021-06-14,273.7099237674244,274.2272334474467,270.8317392365268,273.6252746582031,1489400
2021-06-15,276.2495118614369,276.2683132064827,271.7817381916937,273.6252746582031,2011500
2021-06-16,277.22768640861665,277.4534460610517,272.1485391461342,272.35546875,2364000
2021-06-17,271.58424652523314,272.26146823208154,268.41448266968905,270.1733703613281,2397800
2021-06-18,267.2388131405683,268.59325686144126,265.2353639407623,265.2635803222656,3882300
2021-06-21,269.63723366734496,271.4807703094923,268.42387224421987,271.1985778808594,2282800
2021-06-22,273.5218784870205,274.1708838923042,272.15804859665144,273.0986328125,2406900
2021-06-23,272.5154016821589,273.0985591459858,267.38920760679997,267.8406982421875,2685000
2021-06-24,270.2392176864416,270.6436619637081,267.8971724436646,268.1887512207031,3124300
2021-06-25,268.1981974752729,269.8348048278373,266.1853334723399,268.1699523925781,23412000
2021-06-28,271.80053112838345,272.63763587434863,270.13570795651384,272.4777526855469,1969300
2021-06-29,274.4247961393333,275.6851752507423,272.49658172295165,273.11737060546875,1181800
2021-06-30,271.0763620903868,272.6565365650573,270.84121605411974,271.9228820800781,1546800
2021-07-01,272.4778127755119,273.6159115099459,271.79117604252,273.5594787597656,1434800
2021-07-02,273.42778791601035,274.9797458184728,272.3367070010252,274.4248046875,1066400
2021-07-06,274.1332551628558,274.56591582384794,270.3897200056466,271.3585205078125,1288100
2021-07-07,273.0326731975627,275.3747177503606,272.1391070767592,275.14898681640625,1228600
2021-07-08,269.9853093742544,270.850630804102,267.7937320117896,269.9382629394531,1587100
2021-07-09,273.6158741492965,276.362392001894,272.84458839634874,275.3183288574219,1405800
2021-07-12,274.9797957160354,277.15254291461673,274.3966381066294,275.1396789550781,1382800
2021-07-13,274.59414045232666,275.1678830086741,271.6689088045974,272.50604248046875,1343000
2021-07-14,273.52183927850587,274.7634171544941,272.29909145492076,273.79461669921875,1106200
2021-07-15,272.0357304676418,276.06142920705287,271.819385794323,274.69757080078125,1220900
2021-07-16,275.37485703538084,275.7511137214033,271.9699464391047,272.8352966308594,1306300
2021-07-19,268.2828283450577,268.47092795308345,265.9501693116055,267.756103515625,1718100
2021-07-20,268.3110001590734,274.19903646110714,267.71842764829137,273.11737060546875,1973600
2021-07-21,274.5658727660167,277.2089114507708,274.2084462612864,276.7198181152344,1370200
2021-07-22,279.0336424243233,279.40045524431275,277.0396090117694,277.67919921875,914600
2021-07-23,279.5416424180948,281.2534838877942,278.58222814032706,281.05596923828125,1102700
2021-07-26,281.73310064405786,282.2033926044495,279.21234262540094,280.736083984375,1398400
2021-07-27,279.96476329616235,282.7677133634063,278.01774793439563,281.0934753417969,1551300
2021-07-28,280.3410685718574,280.9618574981284,278.95840885069646,279.2217712402344,1063500
2021-07-29,280.0307379338952,282.72079505197394,279.6638963063284,281.657958984375,1295000
2021-07-30,284.4325954777292,290.45232732878804,284.05636761910284,289.1261291503906,2516600
2021-08-02,290.38655184685445,291.75979665389974,282.28810747599874,282.3821716308594,1927600
2021-08-03,282.8242400183174,285.19450165608214,282.22225240624107,284.9217529296875,1133000
2021-08-04,286.38899197189045,289.43647457745004,286.38899197189045,287.46124267578125,1476700
2021-08-05,289.1355391650633,290.6310644010895,286.33261698991345,286.7182312011719,1586500
2021-08-06,286.8499521655996,288.64647135410723,285.8717366028605,287.69647216796875,858900
2021-08-09,287.92218838320014,287.9880361600009,283.8118404116386,285.2415466308594,910300
2021-08-10,284.01872449327004,286.5959440623419,283.0687542127283,283.84942626953125,1448400
2021-08-11,289.08846037169934,289.605770022375,285.62711859296377,288.100830078125,1803100
2021-08-12,289.6998320667434,290.339422209537,286.67115085605377,288.439453125,784500
2021-08-13,289.8315767564955,291.03552316661455,289.0508759372309,291.0166931152344,816500
2021-08-16,291.45872507136096,293.1893959824789,290.0008315252498,292.8507995605469,1262500
2021-08-17,293.06714441248096,293.75378105274314,289.4929367634626,293.0107116699219,1408500
2021-08-18,293.8573355457889,295.6914575578165,291.2989453113489,291.4964599609375,1278800
2021-08-19,289.93506127004,293.4058190443651,289.4647691998534,292.68157958984375,1402500
2021-08-20,292.39938053427073,295.45627892157944,292.25829865726485,295.20233154296875,1165200
2021-08-23,294.2899968733087,295.6820431553462,294.2335641161641,294.2429504394531,988600
2021-08-24,295.0988432412041,295.63498306160227,293.3681719599501,293.9137268066406,689100
2021-08-25,292.0890325272698,294.9295865459923,291.5623076589551,294.26177978515625,801400
2021-08-26,294.9106680940277,295.2680945493924,292.72850667499984,292.82257080078125,880100
2021-08-27,294.6755578877188,296.2745334026583,293.7819916408816,295.8512878417969,1268900
2021-08-30,296.8295469440171,297.49738238806106,295.89837777850596,296.80133056640625,747500
2021-08-31,296.40629996393653,296.7260951435575,294.844926766245,295.89837646484375,1492900
2021-09-01,294.86371870278134,296.7448870200366,293.584538025136,295.2305603027344,1050700
2021-09-02,296.75001458540186,297.92031062839965,296.1554340348236,297.825927734375,893000
2021-09-03,296.7405971072754,298.4016150789634,295.72130793216076,295.8062438964844,1150800
2021-09-07,298.4959358102475,299.2037641671519,295.2021837393006,297.8919372558594,1382700
2021-09-08,296.39137153123136,298.06186520069804,292.8994349281311,294.0697021484375,1521800
2021-09-09,295.3343585455018,297.7693047318678,294.62653004042585,295.1173095703125,1211200
2021-09-10,295.5419872486704,296.52351749970853,292.67291433112104,292.984375,971100
2021-09-13,296.8727097672424,297.8259280351075,293.68275803665034,295.872314453125,1354000
2021-09-14,297.87306504096705,298.02407189093736,293.50339972528917,294.3999938964844,1128600
2021-09-15,295.85347292368954,297.33517215290937,294.0414191379695,296.84442138671875,1419000
2021-09-16,296.42907867896514,297.17466595601985,292.49356909070406,295.4758605957031,1232300
2021-09-17,291.9556801532029,293.7677050614216,288.7751752327594,291.9273681640625,6512400
2021-09-20,284.83015238120214,287.4349702536795,282.7255609219179,285.21710205078125,1885200
2021-09-21,288.3315303731249,288.88835188987014,286.00983263015524,287.81243896484375,1216200
2021-09-22,288.8601549394953,291.89910037439506,288.5015171550008,288.8507080078125,1334000
2021-09-23,291.502586701612,294.3150350606191,291.20057302515295,292.9182434082031,1066900
2021-09-24,290.88921250295874,293.62614371271394,290.5022627854778,292.81451416015625,926200
2021-09-27,293.03154296275983,294.73034859093036,291.125135297259,291.8235168457031,1021600
2021-09-28,288.359879372311,288.4825742445936,281.4609137532207,283.0653076171875,2278000
2021-09-29,282.8199302536244,283.6126946112528,281.5458333639457,282.3197326660156,1197700
2021-09-30,282.4613596047285,283.5655560499213,276.8081491488129,276.8836669921875,2084800
2021-10-01,278.9222157460711,281.75353002855354,276.109766523556,281.1023254394531,1597400
2021-10-04,279.8093012970656,281.21551119645454,275.58119586858373,278.0821838378906,1495200
2021-10-05,278.25206032069286,282.8104915110147,277.70468567753835,281.0833740234375,1359900
2021-10-06,277.3176858790754,279.5827306714515,273.94841626955207,279.4034118652344,2050200
2021-10-07,280.79076360334267,285.37750606573786,280.7247215164352,282.33856201171875,1375800
2021-10-08,282.8010854087125,283.4239779694336,279.06375884600214,279.53564453125,909400
2021-10-11,278.9410521545952,281.41372843238986,278.1294226350936,278.26153564453125,748800
2021-10-12,279.0920354791561,280.3849974846817,277.66693167372506,279.1769714355469,1063900
2021-10-13,281.97056127406864,285.14164804767364,281.12117280311577,284.06573486328125,1430000
2021-10-14,287.2368109966522,291.7574837467691,286.5667414145864,291.40826416015625,1126400
2021-10-15,291.1628566717865,292.13493983750413,289.34135640069894,290.90802001953125,1230500
2021-10-18,290.0019938534655,291.1817077748301,288.5768902199421,290.6531982421875,1010600
2021-10-19,290.7193350746315,293.50344327957293,289.70949281650644,293.21087646484375,984800
2021-10-20,293.654510134223,294.4567217068899,292.76736257879685,293.7205810546875,745300
2021-10-21,293.67327642238143,294.0790910975916,291.06845887617817,293.8053894042969,856900
2021-10-22,295.4381151527372,297.2784515288836,295.25879633842845,296.4856872558594,1214800
2021-10-25,297.3539858628893,299.91159763833394,296.30638489996943,298.8734436035156,1225400
2021-10-26,299.9682772982128,301.16685652363486,298.8734990947401,298.95843505859375,1069800
2021-10-27,301.5348960663926,303.34694942907794,298.94897221492096,301.0346984863281,1536000
2021-10-28,298.6564373829213,300.54397997013746,297.8730910803227,300.0815124511719,1565000
2021-10-29,299.7794892934024,304.57383418076375,299.03390200209014,301.25177001953125,1890800
2021-11-01,303.34691973313744,306.08385016370386,302.4597725947209,304.80975341796875,1367700
2021-11-02,308.7359528657935,310.2554110450965,307.6883516004249,309.1512145996094,2012300
2021-11-03,311.3407311156252,311.5955390006088,307.0087954596007,309.9439392089844,1856300
2021-11-04,310.87821275327036,312.9828327978831,309.877817632917,312.8601379394531,1628200
2021-11-05,312.841297576329,313.9077348724907,312.06739825562073,313.3226013183594,1693200
2021-11-08,316.474717664034,318.90021605336864,316.21990986188183,318.551025390625,1448700
2021-11-09,320.86337793317716,321.0332498553141,318.5511267203928,319.579833984375,1813000
2021-11-10,318.68326840842315,319.5987277239717,316.644718938698,317.6922912597656,1540100
2021-11-11,318.5983102097358,318.7870759947828,316.7674203425319,316.7862854003906,924900
2021-11-12,318.78706910691466,318.78706910691466,316.6918956652683,318.0697937011719,1044100
2021-11-15,317.79612406051285,317.79612406051285,314.0493508021406,315.22906494140625,1274900
2021-11-16,315.1724955252008,316.46545783739754,314.15320620352566,314.2475891113281,1604300
2021-11-17,315.5405113617432,315.62544732749586,312.45438939959985,312.8413391113281,1304600
2021-11-18,312.82243240506494,313.10558108089555,310.6612168281168,312.3883056640625,1762900
2021-11-19,313.1622227757224,314.50236199166056,311.88812566642827,313.51141357421875,2067000
2021-11-22,314.05878377149514,315.5688237014374,311.19915771484375,311.19915771484375,955500
2021-11-23,310.48190173949484,312.8224361990377,310.0666400511988,311.68048095703125,986800
2021-11-24,307.02767995195114,309.8400999354248,306.5746593686309,308.8491516113281,1327400
2021-11-26,305.0079985287414,306.22547155704956,301.195183255067,302.5447692871094,1319000
2021-11-29,303.42244501621695,304.50777615097593,300.70437931419013,302.7051696777344,1857200
2021-11-30,302.34657909603663,302.74297573998865,298.04298399812166,300.2514343261719,3243900
2021-12-01,303.611207595096,307.4900934155385,300.3457384948099,300.3929443359375,2459500
2021-12-02,303.0159505208333,307.4570303574825,302.44778983403614,306.80364990234375,2183900
2021-12-03,307.9209762614831,309.64438620274365,301.36827332341335,303.67877197265625,2566700
2021-12-06,307.9020660271344,309.1046500987833,306.2922823362712,307.7789611816406,1672900
2021-12-07,313.11018650399285,314.87145292228496,312.4757341148479,313.1007080078125,1797500
2021-12-08,316.1782290204879,316.3013338853068,313.28064104034814,315.50592041015625,1370100
2021-12-09,313.4794288395107,316.27286842818114,312.95863178297566,314.4926452636719,1086500
2021-12-10,315.29755678013925,317.0683015603851,315.12711724893796,316.27288818359375,1116600
2021-12-13,315.9698789005201,317.69328907330265,313.8298483772729,316.45281982421875,1016800
2021-12-14,317.3997182985503,318.2235382308429,315.3448788175089,316.746337890625,1631400
2021-12-15,318.34669336532147,323.28964263777465,316.8600142951683,323.2422790527344,1445100
2021-12-16,322.8066457167166,325.0887378618011,320.60977333250446,321.9638977050781,1449500
2021-12-17,320.18370212691565,320.9980436217902,315.43959941113997,316.1119079589844,2791400
2021-12-20,312.82603367222526,313.1196069186724,309.6538590084796,312.7881774902344,1621800
2021-12-21,312.8639697102928,316.28238350085223,312.087484385275,315.2218322753906,1051900
2021-12-22,314.5117091585802,317.7312486429868,313.8488500450876,317.55133056640625,923400
2021-12-23,317.5511676375377,322.5604068195222,317.42806281694925,321.1684265136719,1151900
2021-12-27,323.6872962455089,325.61903095621983,322.58888889208805,325.19293212890625,1094400
2021-12-28,325.1550617845285,326.64174074442525,324.69107785224804,325.5433044433594,926400
2021-12-29,325.90308067621646,328.1094024712877,325.694756090162,327.0677795410156,802100
2021-12-30,326.93525795277685,327.84429764785034,325.5148707864147,326.0545959472656,925300
2021-12-31,325.47702401516017,328.5545299045252,325.39180424288946,328.0431823730469,817800
2022-01-03,328.0337621522698,328.1947232150225,320.4015202771013,320.66668701171875,1514700
2022-01-04,320.96960912058336,327.28560999590394,320.3162287232105,326.5091247558594,1919900
2022-01-05,329.23626294256684,333.48794574918816,327.93898068116965,328.0242004394531,1654900
2022-01-06,326.38604073986716,327.16252602945923,319.7765239763576,320.070068359375,1649400
2022-01-07,320.0794940681873,320.24048399098086,315.6100080856208,318.4318542480469,1441000
2022-01-10,315.72365408096164,317.7405794681845,313.1006541017734,317.626953125,1415600
2022-01-11,316.4527808882573,318.61176813760454,313.43208865854183,318.5738830566406,1571700
2022-01-12,320.35417862667214,323.7725927348379,319.28414880582767,323.176025390625,1274400
2022-01-13,320.3257220601541,321.89762070508283,315.1271141250845,315.7142028808594,1446200
2022-01-14,311.6802566476397,313.18586344044553,307.9115148674326,311.1878662109375,1850700
2022-01-18,305.6957281557792,306.6142463907898,301.5576712993825,304.1143798828125,2207400
2022-01-19,308.09142647270335,309.4739574306855,304.77718980807697,305.0896911621094,1442400
2022-01-20,306.6331526292204,310.21252671486764,304.19954929934227,304.6067199707031,1611700
2022-01-21,303.67882056072676,304.9287394398984,298.75479962581886,299.3418884277344,1921800
2022-01-24,297.14497280417294,299.966818941633,287.9882267218533,299.3797302246094,2877700
2022-01-25,293.8970677499792,299.4365840279415,290.0430765874083,296.9461669921875,1941600
2022-01-26,300.2699289289723,300.8759459134882,289.5318026946838,292.5335388183594,2092900
2022-01-27,294.2379235145315,297.39117006205544,290.98994981924153,294.82501220703125,2151600
2022-01-28,291.04681119821186,298.25292441216124,289.20980355520845,298.2245178222656,1898400
2022-01-31,293.6035336727332,301.9743463634874,293.1205927239679,301.7660217285156,2381400
2022-02-01,303.43255609501153,304.98549759105,299.1619164096705,304.35107421875,1875800
2022-02-02,303.3284545458012,307.2866227734306,303.01598202939,305.1844482421875,1730400
2022-02-03,302.1352906628413,302.56138946691266,294.47467280813277,295.2511291503906,1556300
2022-02-04,285.41261810145204,288.2533926076102,281.71961702301695,282.1646728515625,3291600
2022-02-07,280.9620244130602,283.7365357935039,279.8257320924883,280.7347717285156,2533400
2022-02-08,280.78215868751494,283.7365886259616,279.2671019779784,282.8559265136719,1993000
2022-02-09,286.7004107855152,288.7836569009699,285.73455789445063,288.0071716308594,1880800
2022-02-10,293.2531465264276,300.03313162927765,290.9805327635038,292.4577331542969,2497900
2022-02-11,290.68701885129406,292.694495033911,277.9319391762729,279.0871887207031,2209700
2022-02-14,278.6042850019255,280.14777743290057,274.91128314435684,277.9319763183594,1774400
2022-02-15,284.61715928148067,286.5583433250606,283.05473933203245,285.8765563964844,1697600
2022-02-16,285.31795265879646,289.067767346872,283.23470622216786,287.7041931152344,1805400
2022-02-17,285.94291707236687,286.5868190775817,282.18362401265983,283.1021423339844,2055900
2022-02-18,283.8975051044497,289.0582565168924,282.7801408423378,286.7856140136719,2871400
2022-02-22,275.7444943054662,279.4090884051217,274.36196338634403,278.00762939453125,3590700
2022-02-23,280.14765982917936,281.35024371577373,275.22364015424563,275.6402893066406,3391600
2022-02-24,262.06142998577525,270.72578584801124,262.06142998577525,270.11029052734375,4444500
2022-02-25,272.4113524934609,281.85219504782685,272.33561121535,281.70068359375,2888900
2022-02-28,272.67647686711024,279.077698221381,272.67647686711024,277.6762390136719,3233300
2022-03-01,276.50205261387765,277.5720823041563,265.65975166285676,267.5630798339844,3439200
2022-03-02,269.04025818084403,276.53043649999955,267.4494315195677,274.7975769042969,2964500
2022-03-03,275.1573748545734,276.3599877542263,270.50799986838626,272.1556396484375,3092200
2022-03-04,263.58594570915386,266.59718821852545,261.7015748028354,266.4930114746094,3849600
2022-03-07,265.9343940817517,266.29423017909045,255.5466264356012,256.607177734375,3732000
2022-03-08,258.9838961426474,263.7942607307194,253.31182664080154,257.0332336425781,3117300
2022-03-09,269.229643583764,280.5737832456065,266.97595812434946,277.23114013671875,4117600
2022-03-10,266.7161903930748,273.97970860787535,266.354910534276,269.5113220214844,2525900
2022-03-11,274.1412536679628,275.23458039527196,266.51642910683853,266.9252624511719,2007300
2022-03-14,274.43605230208357,278.2199450802647,270.57611435362844,271.29864501953125,2541100
2022-03-15,275.8716925600029,280.0643613377123,273.18112644903096,279.6080322265625,3413500
2022-03-16,288.14548611611224,293.1177842711037,283.8672270921917,289.5240478515625,3535700
2022-03-17,287.9649047757518,294.81010250865506,287.2518615318783,294.1255798339844,2265300
2022-03-18,289.6952188206312,297.1679275633638,289.6952188206312,296.3027648925781,3242700
2022-03-21,296.1790723535113,297.06323878720224,293.1272561715927,295.3899841308594,1556300
2022-03-22,296.5308957255725,297.95698213882196,294.3537290108137,296.74957275390625,1721900
2022-03-23,292.5758221413628,295.4089903742311,291.8247710002755,292.1575012207031,1854000
2022-03-24,294.43925100739136,302.4538478159816,294.43925100739136,302.3682861328125,2115900
2022-03-25,304.840243314956,305.12544898992576,300.1911877163345,303.0338439941406,1813500
2022-03-28,303.6327518013484,306.7986793086077,303.3190256137717,306.74163818359375,1722500
2022-03-29,311.58088961849404,312.7882990513217,304.93530693965863,310.2593688964844,2514200
2022-03-30,308.6050703787134,310.44947758360456,306.5705067349224,309.5747985839844,1526700
2022-03-31,307.5877633864346,308.87124670948083,303.49014488351116,303.6897888183594,2311300
2022-04-01,305.07788055196033,306.98881632732054,304.583485434639,306.82720947265625,1477700
2022-04-04,304.5835176686439,306.11419876986815,303.45215351106975,305.6007995605469,1301800
2022-04-05,305.0208371803273,309.0234070160429,304.86874683804785,305.9145202636719,1376900
2022-04-06,300.4478689721858,301.30354401372983,296.74956670307915,299.5256652832031,2257600
2022-04-07,301.1703983784172,303.7563692553212,298.8696331441207,302.3778076171875,1471400
2022-04-08,301.8548495121048,305.61970817270895,301.50308629818716,302.1590881347656,1357200
2022-04-11,302.18773543635456,303.68037960440165,301.1514493937052,301.522216796875,1235700
2022-04-12,299.3925367001367,301.9594744209105,297.4720844189239,298.5273742675781,1827900
2022-04-13,298.52734508828064,303.6897696021334,298.08050363412536,303.5186462402344,1208900
2022-04-14,303.2429975031855,304.89727742128093,301.0183062483001,302.8246765136719,1785300
2022-04-18,302.7961454479851,304.13667007056455,300.134129255927,301.8929748535156,915800
2022-04-19,299.56365641678786,303.4331105088138,299.05977379890766,302.4728698730469,1944600
2022-04-20,304.15565841244603,311.7138973897919,304.15565841244603,310.2878112792969,1957100
2022-04-21,314.8703909397043,315.9351975395405,307.63536375256086,308.3864440917969,1475000
2022-04-22,306.7606233987795,306.7606233987795,293.80225004191783,294.458251953125,2339100
2022-04-25,295.9604631290062,298.6890662429333,291.41600213333913,298.5179138183594,2293300
2022-04-26,296.2836599170839,298.09951733912726,288.5732727050781,288.5732727050781,2500300
2022-04-27,289.37192346357216,294.7815465453356,288.5162774764213,291.9103698730469,2610900
2022-04-28,290.44626252378697,300.9232334634733,288.088455905139,299.6587829589844,3304900
2022-04-29,298.0805651393187,303.18594958597066,295.64671344413193,296.5879211425781,2534900
2022-05-02,299.05976509694796,300.0960508653104,291.7772151426885,297.85235595703125,2195400
2022-05-03,298.6414309522057,301.0847986995406,296.54985547143497,298.536865234375,1771900
2022-05-04,299.29742513240603,306.98877893958803,296.75900825760976,306.3612976074219,1730100
2022-05-05,303.1669930107557,303.927560904402,294.18263607130615,297.2059326171875,1769500
2022-05-06,290.42723505487413,294.553374544303,288.82050885793296,293.4505310058594,2273000
2022-05-09,288.7539480022158,290.5413140959656,285.0461295172024,285.47393798828125,2027000
2022-05-10,291.1117846545591,291.53959317009236,283.40139569596545,284.6278381347656,2524900
2022-05-11,283.3919005280508,291.6156893389139,282.74541493553994,285.6451416015625,1759200
2022-05-12,281.8992561025989,287.43244917632757,281.7186161743468,286.4912414550781,2455200
2022-05-13,288.345164451219,295.8463636586871,287.6796458740569,293.55511474609375,1845400
2022-05-16,292.2050979945641,296.27419653982275,289.90433259109403,294.1921081542969,1598800
2022-05-17,301.3035611667894,303.185976732227,299.4116000600289,303.0623779296875,1396600
2022-05-18,299.116829448742,300.7045515560247,293.68820263948214,294.7910461425781,1737200
2022-05-19,293.2698589812531,298.6224402096133,292.77549290316483,295.3899841308594,1957800
2022-05-20,299.9630167241293,301.14190550704905,292.18607032621264,299.6492614746094,2372000
2022-05-23,304.15564993930155,307.58774982299286,303.02428600205593,304.6310119628906,1981100
2022-05-24,305.18247996346537,305.79095740154355,300.13413658797754,304.6976013183594,1707700
2022-05-25,303.05283508455614,304.2697608189226,297.8523728965015,300.2862243652344,2260100
2022-05-26,301.9024288147973,305.89548167292315,301.5506655371324,304.5454406738281,2651600
2022-05-27,307.94909370640283,313.5583609496307,307.4261779633265,313.3872375488281,1879000
2022-05-31,308.4625043281293,311.6949610781716,306.98886428548184,308.68115234375,2510400
2022-06-01,307.5878137192625,309.1089783135033,302.14015335230425,303.8609619140625,1853800
2022-06-02,308.7274772006,318.13604591676267,308.1453894978176,317.9261169433594,2282400
2022-06-03,315.1684967979839,318.28877744626976,314.7200134215875,316.70477294921875,1332800
2022-06-06,320.9795783464192,322.51585402210475,318.09782383762706,320.1494140625,1728400
2022-06-07,316.3611723025748,320.74102566836507,316.0367419555234,320.3879699707031,1726100
2022-06-08,315.7791609232539,318.4700610119373,312.3058246888352,313.55584716796875,1917000
2022-06-09,309.40496375313444,311.6473802628581,304.00409026688135,304.0995178222656,1666100
2022-06-10,298.14516212752284,298.9467010443496,293.76527975425336,296.6565856933594,2007900
2022-06-13,288.77474048871255,290.55912189824954,286.0265904400667,287.53424072265625,2039600
2022-06-14,285.5590889536969,286.3701503920204,279.79560809732976,282.0857238769531,2420300
2022-06-15,285.8835161381452,288.97517094984886,280.5971440086653,286.2556457519531,1979500
2022-06-16,276.5703424827395,278.25929664326617,274.6523563652387,276.4558410644531,2986900
2022-06-17,271.99008666918076,279.11809052313,270.68281372682304,277.3718566894531,5565600
2022-06-21,279.95788753136924,286.8473099560121,279.43305043182175,285.1011047363281,3779400
2022-06-22,280.1487110486808,287.1240386121314,279.91015667477234,284.7384948730469,2768900
2022-06-23,283.36437884369894,286.0648302777499,279.58568625485464,283.2403259277344,2812400
2022-06-24,283.8891964698866,290.6736674527549,283.8414681329439,289.3473205566406,23958800
2022-06-27,285.9025979711023,287.02856745608534,281.96167565325896,282.6964416503906,2714300
2022-06-28,282.6868712835305,285.31096882287125,278.81275142780845,279.96734619140625,2535500
2022-06-29,277.80121028737403,278.95580474696396,275.4252191867949,278.0683898925781,1951200
2022-06-30,271.1122648124475,276.33183557465316,269.5664371595058,274.36614990234375,2926900
2022-07-01,270.5396855768044,273.03020793836436,268.068266198807,272.3717956542969,3307600
2022-07-05,259.7188628424659,260.94981133743215,254.61379436279816,258.2398376464844,4332700
2022-07-06,257.2665102271557,262.8677901947018,257.2092595192436,261.7322692871094,3484100
2022-07-07,262.2379698882212,263.6120449439101,261.0642722847044,261.34100341796875,2338000
2022-07-08,262.1807479670436,263.72657529427903,259.5184736143602,261.1501770019531,1711900
2022-07-11,258.5356799258568,265.4346826178863,258.35437627953695,264.0987548828125,2251700
2022-07-12,262.3715431096044,264.9383896089274,260.6062355331351,261.0165710449219,2146600
2022-07-13,257.77227620079134,263.2399227097248,256.97070804034763,262.1521301269531,2423300
2022-07-14,255.55850973197346,256.7989806973807,252.98211111716898,256.69403076171875,2473800
2022-07-15,262.65790861449256,264.2991638183594,260.749473685364,264.2991638183594,2370100
2022-07-18,266.95188785696337,267.74387554150724,263.6216490956251,264.4422912597656,2244100
2022-07-19,267.9633180825781,273.3069409642919,267.46710643302634,272.6676025390625,2097500
2022-07-20,271.37938747175355,272.71528583408053,269.0224696352051,270.1770935058594,1997000
2022-07-21,269.5663440221941,274.08932398035824,269.17511149748424,273.8889465332031,1544800
2022-07-22,274.0321253971529,275.48255437346353,271.5225291640488,272.46722412109375,1203700
2022-07-25,273.7840945414885,275.06274248129387,271.5416776200211,274.9005126953125,1460700
2022-07-26,271.50346144960616,274.48061492254925,271.3317093154908,273.4977722167969,1448500
2022-07-27,273.08746015611666,277.41961499046874,272.0568891317112,277.1524353027344,3179200
2022-07-28,273.3260235826855,283.707913143616,273.3260235826855,283.33575439453125,1941300
2022-07-29,285.43504583374255,289.2709891682071,285.0724385747846,288.17364501953125,1711400
2022-08-01,286.6754744386764,288.45033362300825,284.8242906891814,286.33197021484375,1247900
2022-08-02,284.7670553119102,286.8567934805623,282.2765621938839,284.01324462890625,1428100
2022-08-03,286.15072709982485,287.53432489881976,282.2479813119542,286.3224792480469,1297100
2022-08-04,287.6201519434095,290.1965208279232,287.6201519434095,288.402587890625,1451100
2022-08-05,286.37012975608934,288.2404165643634,285.6926436508594,288.1449890136719,1113100
2022-08-08,291.6660471082814,291.85687308537365,286.9235862275695,287.2003173828125,1081700
2022-08-09,286.88540751618245,288.87971805426787,286.0456916853256,286.9045104980469,884200
2022-08-10,293.9179778223282,297.02873528018597,292.4007759359371,295.23480224609375,1246500
2022-08-11,295.08213202235,295.85504566247005,291.61831875790114,291.8664245605469,1165400
2022-08-12,291.97140892411164,297.3054799354611,291.58017635142096,297.286376953125,1149000
2022-08-15,295.6547082091961,298.1261277179508,294.0898068555691,297.91619873046875,1263500
2022-08-16,295.12990157135033,299.128074722606,295.0917247224429,297.9925537109375,938400
2022-08-17,294.33789683904587,295.960078099111,292.94474756135986,295.2921142578125,912200
2022-08-18,295.3589218727812,296.8570502365663,294.0134717932423,295.9696350097656,1113600
2022-08-19,294.37606904457624,294.4046944018714,289.3473538103694,289.8435363769531,1154000
2022-08-22,282.8395654141575,283.9082841763367,280.969307580344,282.2479553222656,1966500
2022-08-23,280.01514029337875,282.9636689083649,278.8318907776831,280.7117004394531,1461600
2022-08-24,280.7402892794498,281.46550381210903,278.63147700786357,279.7097473144531,1439300
2022-08-25,280.88344030972354,283.9178739938695,279.50939394458595,283.51708984375,1332400
2022-08-26,283.373988755223,283.61254314421046,272.9348463634997,273.144775390625,1782500
2022-08-29,273.24011985819567,275.60656004008365,272.6294068303536,274.3470153808594,1456100
2022-08-30,276.2459722746215,276.7517063958348,269.7095764329885,271.6180114746094,1674300
2022-08-31,271.88514906009186,272.6676142947338,269.3851042024633,269.909912109375,2947800
2022-09-01,266.2113395924616,267.90733820057557,261.87078205125766,267.4665832519531,3096300
2022-09-02,271.2226474999607,273.857644627983,264.9369839629688,266.09637451171875,2400600
2022-09-06,264.802850781658,267.49536592418207,262.33075700713687,265.3586120605469,2738500
2022-09-07,266.00055332548897,274.1450899868895,265.7514462058512,273.8768005371094,1313700
2022-09-08,267.96481099003097,272.22869744754576,267.82108973709967,272.0370788574219,1510300
2022-09-09,274.3845869321696,276.0135056745464,273.1581169143706,275.0265808105469,1679400
2022-09-12,280.66072211702703,282.8357818548631,278.59104822400985,282.1938171386719,1752700
2022-09-13,276.5596754503772,279.38629071842934,273.0239866434538,273.63720703125,1752500
2022-09-14,273.6660018511369,275.4386421638561,271.4143003839782,274.58587646484375,1325300
2022-09-15,273.0335625975206,275.6398148935149,270.82972976205514,271.06927490234375,1382600
2022-09-16,268.616345403386,272.03705715704933,266.8724496966535,271.5100402832031,3278300
2022-09-19,268.7888181607055,273.3785115379802,268.40555175931445,273.21563720703125,1144000
2022-09-20,268.8175946632287,270.9160128212073,267.37076163128114,269.7566223144531,1589700
2022-09-21,270.1015929235096,271.83589778838234,264.8124163266763,264.9657287597656,1428600
2022-09-22,265.0327774527044,265.85679878771464,261.870763717384,262.60858154296875,1537400
2022-09-23,258.5363115324514,259.2645089466452,254.7514862459896,257.8943176269531,1947200
2022-09-26,255.10601949801733,258.296777595261,251.97277914465897,253.19924926757812,2174000
2022-09-27,256.8211968845855,257.90394585974144,251.49371401260592,254.10955810546875,1947400
2022-09-28,255.29765020256065,261.4779269821146,253.86997041658574,260.09814453125,1880200
2022-09-29,257.166100252737,259.17825608040033,254.1286549438006,258.3350524902344,1463900
2022-09-30,258.83331312871024,262.67562643916784,258.09549540078433,258.3158874511719,2625100
2022-10-03,261.1329174800136,265.7321719542392,259.9351919147104,264.28533935546875,3081000
2022-10-04,271.74955693041466,275.1607064044373,271.0309215571038,274.4803771972656,2425100
2022-10-05,271.56756646928324,274.3462844423696,269.5553813020992,271.9220886230469,1861400
2022-10-06,268.6739166071791,270.4465571078855,265.73229424710485,267.1600036621094,2182300
2022-10-07,264.9178564864047,265.4161000100757,260.5006274865063,261.7750244140625,1587900
2022-10-10,262.4456293452369,263.30798593462396,258.87163484585585,260.4621887207031,1207900
2022-10-11,258.9962235041224,263.5475816883738,257.6931118282706,259.6669616699219,1092900
2022-10-12,259.7436182773078,262.369053350057,258.6896428720377,260.2322998046875,1437300
2022-10-13,255.81508695426695,271.1842839164305,255.08686028455793,270.647705078125,2124500
2022-10-14,273.74258271728286,275.56311977467385,263.470886837797,263.8254089355469,1640000
2022-10-17,269.4883058866702,271.83586015893513,268.8463119895628,269.172119140625,1508200
2022-10-18,276.1189920068023,276.7513656436423,270.95438312218744,272.7557678222656,1692800
2022-10-19,272.1233116091807,274.13549687427985,270.0344847563027,272.0370788574219,1186500
2022-10-20,272.5161644630943,276.1572392671181,269.72785523922556,270.4273376464844,1345100
2022-10-21,268.731319646692,276.65549182756683,267.84980988048244,276.26263427734375,1610500
2022-10-24,281.0631162258399,282.5483137730129,265.0711081347161,266.48919677734375,4454300
2022-10-25,266.70001486004026,276.1859980246785,266.4700608472638,276.1285095214844,2999600
2022-10-26,279.51089932948037,284.1964172484975,278.0928105292067,282.510009765625,2597200
2022-10-27,281.70507695266286,284.3017380118256,279.9707725256976,280.99603271484375,2338500
2022-10-28,283.66938551655,290.3287531010532,282.3471207087285,289.1789245605469,2249300
2022-10-31,288.10573709113635,290.09876912329344,284.6946164790401,284.9150085449219,2016100
2022-11-01,291.30604706625064,291.30604706625064,284.0622042789088,285.7007141113281,1891500
2022-11-02,289.6963601941341,289.6963601941341,281.5901593556893,282.0309143066406,2587800
2022-11-03,277.862771735447,285.7486082852743,277.8148744039011,285.154541015625,2396100
2022-11-04,293.33749970267615,297.07439917256147,290.35754205115194,296.01080322265625,2948000
2022-11-07,298.0804380278096,300.82085010494353,296.4802925933107,300.38006591796875,1575900
2022-11-08,301.53951034171996,305.190176861128,300.5717383736447,301.549072265625,1520000
2022-11-09,302.4976612878971,305.5350777578592,300.2267484466305,301.29034423828125,1165500
2022-11-10,316.19962606045266,316.32419422812336,310.96796770775876,314.6377868652344,2683400
2022-11-11,319.2370756606734,320.281489111359,315.7109484725604,316.4104309082031,2133700
2022-11-14,319.0741660438261,323.89381368858767,318.0584968635955,318.192626953125,1908500
2022-11-15,324.842396237855,325.06278831614287,316.1517198908267,318.6525573730469,1865500
2022-11-16,321.7953983362842,322.092432009875,319.37120236840724,319.7736511230469,1418500
2022-11-17,315.9217016809149,317.4931318223839,314.2832211242172,316.5253601074219,1520600
2022-11-18,320.18569181014493,321.66129839365436,317.1482458821969,320.9043273925781,1257400
2022-11-21,318.7292071056923,321.87203828713575,318.7292071056923,320.3868408203125,1065700
2022-11-22,322.09243563066394,326.04013542592264,320.27189815360396,325.5514831542969,1010400
2022-11-23,326.49045133841094,329.13503917636183,326.11677610642096,328.52178955078125,954500
2022-11-25,328.90510846847366,330.1698847383935,328.17688179688827,330.0166015625,458500
2022-11-28,330.2944324452062,330.5052333506939,322.71522025240733,323.5776062011719,2881100
2022-11-29,320.7605513358862,321.469595632209,317.16737403746356,318.08721923828125,1888300
2022-11-30,318.2309475998489,322.9835153586185,314.6665144704336,322.40863037109375,3115200
2022-12-01,324.3124138800412,325.1200904583275,320.10093438060596,324.2835693359375,1420000
2022-12-02,321.47595089285124,325.92781198827475,320.7836523954988,324.3701477050781,1200800
2022-12-05,322.2740076834951,323.36050514053034,319.7836347346043,321.3990173339844,2145000
2022-12-06,322.0336337595936,322.73552750586214,316.81253609373647,318.7452087402344,1242100
2022-12-07,319.2932818428945,321.0817023987451,316.89906712849006,318.6490478515625,1849300
2022-12-08,318.543274303743,322.2932118011254,318.1778905115961,321.7547607421875,966900
2022-12-09,321.84129089855895,322.91819300480034,319.39901190115893,319.4278564453125,1262900
2022-12-12,323.09130315709575,323.85091537847956,320.78365128834736,323.1201477050781,1246900
2022-12-13,332.73538891935516,334.22576881701457,327.36047295010917,329.27392578125,1969400
2022-12-14,329.85079390312933,332.1680702463542,326.91815746323897,328.850830078125,1824800
2022-12-15,323.4566840957812,323.8412878465625,315.95680825369783,318.0721435546875,1882800
2022-12-16,314.95684259253443,317.2452747235408,311.55303894627343,316.94720458984375,3857600
2022-12-19,316.34141430994066,317.78370039342065,313.6491586914656,314.4664306640625,1254700
2022-12-20,315.4087430825896,318.1875617612045,313.7837650384044,316.27410888671875,1312900
2022-12-21,313.51457651563186,317.6106789741445,313.51457651563186,316.024169921875,1723800
2022-12-22,313.7741046837583,315.2260152704913,310.6203072312224,315.0529479980469,1202200
2022-12-23,313.6298663976201,316.92788641357913,313.0529461747099,316.6586608886719,636600
2022-12-27,317.9375634788056,319.31253590394056,315.6587560492102,316.2933654785156,682800
2022-12-28,316.187589451782,317.74525383790143,313.0530114172929,313.3703308105469,908900
2022-12-29,316.7068323087091,318.1683384673338,315.75493278081575,317.0625915527344,872300
2022-12-30,313.61066289663694,314.3702750522819,310.7741554358427,313.6298828125,1238000
2023-01-03,305.4473669580313,309.6107533072532,302.3512582512233,306.1011962890625,2374200
2023-01-04,306.45695389562087,307.92808455441707,302.9473968958402,304.58197021484375,2088900
2023-01-05,293.5244559526554,296.11095816886154,290.5437546715738,293.7359924316406,3133700
2023-01-06,295.97637538695153,304.9377876433571,295.73599434580365,303.9954833984375,2538900
2023-01-09,309.8703539466157,312.5626389701192,307.8030830483056,309.5338439941406,2471300
2023-01-10,309.9857818692073,310.80305391426083,307.08196018392437,309.6396179199219,1613400
2023-01-11,313.5337575921271,317.02409468073506,312.4568553226319,316.93756103515625,1928000
2023-01-12,315.5818042316204,316.9375566804991,313.29337226869274,316.2548828125,1277500
2023-01-13,317.30291129542286,321.84130562465634,317.30291129542286,321.2547607421875,1882800
2023-01-17,322.5817368592277,323.37019372704356,317.1299112061208,317.302978515625,1714700
2023-01-18,320.6682819009796,321.10097947598166,311.70687039884535,311.8607177734375,2945700
2023-01-19,311.53377785396566,312.9856884924889,309.09149866328397,312.0530090332031,2703600
2023-01-20,312.0338191761139,316.1779860822427,310.3896210294658,315.97607421875,1792700
2023-01-23,313.31261838057605,315.9279649771513,311.79339394530706,313.927978515625,1931100
2023-01-24,313.03377082974856,316.19719320535427,311.2837899969977,315.98565673828125,1625900
2023-01-25,312.2357189443768,314.66837364537827,311.5241711856155,313.802978515625,1887200
2023-01-26,313.84143216853664,316.8510070260286,312.2260788681102,316.831787109375,1587100
2023-01-27,311.78386667439435,314.99535418917776,311.6203946387156,312.2069396972656,1819800
2023-01-30,311.9184050577481,315.8991288257899,311.7068685868369,312.524169921875,2163800
2023-01-31,314.187563160814,318.5144207687501,313.88949309529335,318.20672607421875,2330300
2023-02-01,318.0048596860447,320.908651754028,313.4568403649832,318.34136962890625,1879500
2023-02-02,318.96638245770475,321.63941813280894,314.5241167151465,319.2740478515625,2524000
2023-02-03,312.65883096418116,316.2357020925789,310.9953835668068,311.14923095703125,2663000
2023-02-06,309.97613980598135,311.2549539303702,307.53386040929456,310.4376525878906,2322900
2023-02-07,306.62998837940444,324.4374310960602,306.6107684636088,324.1489562988281,5990100
2023-02-08,327.49505660683195,333.3315139075542,320.6201663722264,321.3893737792969,3429500
2023-02-09,323.28360462820365,324.98549156656145,318.3798262962058,319.7740478515625,2655700
2023-02-10,318.4375393605452,319.8317610208549,315.5625917368868,319.26446533203125,2515900
2023-02-13,320.24514115896153,323.0239592572758,319.35093099287883,321.2066650390625,1782700
2023-02-14,320.5625322382161,322.3797975198929,317.6683353212868,321.1490478515625,2175000
2023-02-15,319.22598912313975,319.90866299216475,316.5144842213077,319.735595703125,2493000
2023-02-16,313.1395289909751,315.1491105976807,310.9280062202577,311.0530090332031,3209100
2023-02-17,308.53384030910456,310.9376504220297,306.94733150325106,309.1492004394531,3231600
2023-02-21,310.51457088235804,315.7356392940377,309.7357387698262,312.0722351074219,3245700
2023-02-22,315.24526696992916,319.1009878739637,312.5433866852892,317.331787109375,3595100
2023-02-23,318.96636138177854,321.47592489209336,313.8510467508077,319.1202087402344,3836400
2023-02-24,310.6587664824186,334.812243178084,310.19722442726084,334.2834167480469,14737800
2023-02-27,332.9277171588993,334.91807907356895,330.9566045058547,331.225830078125,3708600
2023-02-28,331.2161875968338,337.63916114868584,330.95658666936686,334.96612548828125,3274400
2023-03-01,336.6295452201817,342.47559800248706,335.6199274532864,336.5814514160156,3474000
2023-03-02,336.9084059077963,340.74487724902366,336.1006999317009,338.216064453125,2266600
2023-03-03,341.36021093851656,348.7831767621207,339.7352331689892,348.4370422363281,2940200
2023-03-06,346.14866531510285,346.80249464050763,342.6679528754872,344.273681640625,3846400
2023-03-07,342.30258090423854,343.3794832053999,336.9757291537939,340.51416015625,2218100
2023-03-08,339.4180136091719,342.03336038352194,336.9180450340246,341.2449035644531,2222800
2023-03-09,338.5429684974967,339.7064042761879,330.96615497666613,332.6103820800781,2489100
2023-03-10,332.87003759002783,334.02387827186726,327.0239545056764,328.3989562988281,1534100
2023-03-13,326.92706140227637,328.7511652956295,322.4392274176785,323.1534118652344,2228900
2023-03-14,329.0503261897962,334.3102789135022,327.4289202708551,330.4980163574219,2580100
2023-03-15,317.623295913071,321.08809824673614,312.807292240888,319.38946533203125,3395300
2023-03-16,317.111792541482,327.75714241111194,316.67747360044604,326.4928283691406,1750100
2023-03-17,324.0896352530233,325.1609415401952,318.40505253114065,318.9648132324219,5702300
2023-03-20,320.8371148301946,327.6991821168753,320.3738727877752,326.99462890625,2305000
2023-03-21,331.3087891758436,332.1484449375811,327.19733880779023,329.3978271484375,1792600
2023-03-22,329.14691910222155,332.60206078989637,326.87886476999296,327.32281494140625,1434200
2023-03-23,328.19142693928825,334.049754940406,327.7088634358026,329.4267883300781,2082100
2023-03-24,327.6702528654924,333.40310917609384,326.16465721355024,332.7275085449219,1793800
2023-03-27,335.70006820269407,337.7847457885282,333.0363380541295,334.99554443359375,1475900
2023-03-28,334.7735705724182,335.8834606415563,332.5441297398586,335.2561340332031,1396600
2023-03-29,339.348257839605,340.54503523328316,336.23091677822896,337.5338439941406,1132600
2023-03-30,338.22874637572664,339.43515504527437,336.2695398745147,339.2807312011719,1120700
2023-03-31,338.1514777098948,343.2280541856277,337.8426300600657,343.044677734375,1513500
2023-04-03,341.1241345373321,346.4709166696426,341.1241345373321,345.6119689941406,1878500
2023-04-04,344.80124038377807,348.82580300063603,344.0773952199785,345.3223876953125,2299100
2023-04-05,342.3884364305465,344.09670048006757,340.9696986764235,343.2087707519531,2199800
2023-04-06,339.96597171804865,344.75299319353155,339.73435067267707,344.14495849609375,1627700
2023-04-10,342.755251063329,346.2296850467858,342.30164015000616,346.05596923828125,1311500
2023-04-11,346.6929493439952,348.27574243255617,344.5889793875714,345.75677490234375,975100
2023-04-12,348.11162589394326,350.1963035441809,345.4671875979948,346.818359375,1613700
2023-04-13,345.7567285840091,351.4413404365022,344.7626490072465,349.33734130859375,1667600
2023-04-14,348.38185042603766,350.0418698347897,345.19694350909174,347.127197265625,1078300
2023-04-17,347.2720054938635,349.7620202036087,346.9728184790235,349.7137756347656,1421500
2023-04-18,351.36412353135813,353.0820483656401,349.16363521044264,352.1458740234375,1085000
2023-04-19,349.87781366747515,352.75390260104905,348.98025266673034,352.5705261230469,1163200
2023-04-20,350.3700727743434,354.6938525737751,350.11913031556475,354.5394287109375,1095500
2023-04-21,352.1555116009265,354.346339083224,351.6632874518043,353.4391174316406,1677800
2023-04-24,354.5587266573225,356.19945445610375,353.38127045490484,355.1764221191406,1237600
2023-04-25,353.9893175912994,356.75922766383553,352.281053222525,354.2595520019531,1735800
2023-04-26,352.2424096722207,353.3619605498363,349.646215632119,352.2713623046875,2055500
2023-04-27,352.8407640656213,355.07020500144665,347.28162331481644,352.8890380859375,1898600
2023-04-28,352.87937010552713,357.6181469464932,352.17481683149225,356.566162109375,1878900
2023-05-01,357.8690648813858,360.55211665126296,357.16454105092896,359.326416015625,1018000
2023-05-02,357.5216039435371,358.7569651723568,354.5297047235306,357.13555908203125,1124600
2023-05-03,356.62406118808536,358.31303331491625,350.68850700826766,350.8236389160156,1418900
2023-05-04,349.99369419732596,352.4740483783989,344.99431359883005,348.21783447265625,1545800
2023-05-05,351.518519440035,354.64552115979376,350.9008240886412,353.5935363769531,1113600
2023-05-08,355.16673219401156,355.81338023655104,352.3195957931862,352.9179992675781,1261700
2023-05-09,352.27130728530796,354.68412445849503,350.0804798952546,351.9817810058594,1015500
2023-05-10,356.942561078858,357.2707007197995,351.30622301326554,356.03533935546875,1304300
2023-05-11,355.58174563489007,356.768862488467,352.29065891855623,354.240234375,1336700
2023-05-12,354.0761351602122,357.8304933000633,353.670798317078,357.41546630859375,1189400
2023-05-15,358.1490226627229,358.3710125055321,352.71535221548817,355.9388732910156,1378800
2023-05-16,354.48149424366966,355.21497071505286,351.8466870035569,353.13995361328125,1065300
2023-05-17,354.3270703297147,354.3270703297147,351.3158788863214,352.281005859375,1296300
2023-05-18,351.0842536860346,355.8616443282764,349.5883185513293,355.3501281738281,1116100
2023-05-19,356.68200675926363,359.4133033193006,356.07397201235153,358.5350341796875,1140900
2023-05-22,359.50979616800714,360.059925609468,353.5453185648128,353.6128845214844,1207900
2023-05-23,351.30622096781957,351.3158816626945,341.36542484814225,341.5970458984375,2157000
2023-05-24,339.06842644291487,344.09672989169655,338.80782330144535,342.4849548339844,1801200
2023-05-25,343.72994385319106,346.5963719602568,342.562148536486,344.15460205078125,1994800
2023-05-26,344.666110802598,348.0537156170529,342.4270093453703,343.787841796875,1805800
2023-05-30,343.77825574327755,344.3187245173268,338.37353854944615,342.5332336425781,1801900
2023-05-31,341.7611022149992,344.94603893465273,340.14935664536046,341.3268127441406,2958100
2023-06-01,344.1309488775933,346.11660595597016,342.1452917992165,344.3343505859375,1239500
2023-06-02,346.3781493423119,350.29137825515505,345.9035059466076,349.1580810546875,1337700
2023-06-05,350.40761398782666,355.6962653769268,348.92562812099453,351.4246520996094,1724500
2023-06-06,350.9403774235676,353.30381034971276,346.56222981213756,348.4510192871094,1638000
2023-06-07,347.3661452112945,352.1898785306411,347.19180088358354,350.9209899902344,1441000
2023-06-08,350.7369719501906,351.3084536555908,348.08293559166594,350.843505859375,1056300
2023-06-09,351.1146566273062,351.1146566273062,347.4920313898948,349.43896484375,1121600
2023-06-12,351.095336745081,351.095336745081,347.3370902244975,350.6497802734375,1021400
2023-06-13,352.8000943870763,361.6145032737711,351.8314754272281,361.5467224121094,2065900
2023-06-14,363.4645903293405,364.63664062255765,360.2584637491912,362.56378173828125,1553200
2023-06-15,363.59049322885704,366.6222752944301,361.28517538117256,364.6269226074219,1228600
2023-06-16,364.9272064621574,365.16936121097103,361.5951547536892,363.5130310058594,4372200
2023-06-20,362.65094493557945,363.11589269361673,356.2968067085984,357.1104431152344,1721700
2023-06-21,355.63814497272057,360.38437201908226,354.0399295824025,359.01861572265625,1542700
2023-06-22,356.72303346894296,361.6145479971824,354.11744577990754,360.94622802734375,1197500
2023-06-23,358.0209790828976,359.49329900063015,355.6672418164068,358.9605407714844,2070500
2023-06-26,358.36967873665657,360.3262785322815,357.8659779235936,359.0767517089844,1089700
2023-06-27,359.9581562823759,364.5978491596744,359.8031737088652,363.95855712890625,1320000
2023-06-28,362.4668736173434,364.05542281666953,360.6652566355696,363.2030334472656,1094000
2023-06-29,361.769539222076,368.67579815417633,361.70175835041533,367.2906799316406,1350600
2023-06-30,368.48204485986247,371.5428548196421,368.09457362048295,369.1213073730469,1642800
2023-07-03,370.0221578543624,370.35148477091633,366.29296875,366.29296875,1118700
2023-07-05,359.4738837105648,362.30226423752407,354.2142895594422,355.71563720703125,2926700
2023-07-06,351.00817321360756,353.46847385737044,347.12400139552966,353.0906982421875,2129900
2023-07-07,351.6377528248829,358.282494506504,350.64007644171295,353.0713195800781,1336800
2023-07-10,352.4804764542462,357.1685892430081,352.4804764542462,356.01593017578125,1292100
2023-07-11,358.20501637676404,360.04538670017075,351.8702393739689,355.3282165527344,1162000
2023-07-12,358.7474268895744,363.1643273197797,354.50487079110974,362.8446960449219,1557000
2023-07-13,364.297620614666,366.2348586614763,361.91482609386316,365.30499267578125,1281100
2023-07-14,365.304953499818,367.5811843127877,364.68502320256596,366.6997375488281,886400
2023-07-17,366.63201355150204,371.52352802979306,366.6223179016339,370.1190185546875,1152100
2023-07-18,365.0628287748663,372.48242429556626,365.0628287748663,372.2112121582031,1099400
2023-07-19,370.39018733128023,371.8237243538694,362.56373023537867,362.951171875,1607100
2023-07-20,364.3072618239419,369.7315338965437,362.9899542308311,369.625,1085100
2023-07-21,368.44328933166787,373.3154415788644,366.9322461000061,372.4727478027344,1195700
2023-07-24,372.9183420567589,373.8869611270362,369.7412726886457,372.6180725097656,1467500
2023-07-25,373.4510300925207,379.3208586550111,372.8117675884042,378.7687683105469,1328400
2023-07-26,375.0492723262941,376.2891034100213,367.67806668545677,376.0275573730469,1825500
2023-07-27,376.02751798803723,376.53121871173147,371.1844237057569,372.55987548828125,2336400
2023-07-28,374.5165186256173,376.9380660492408,373.12170494481785,376.5118713378906,1445400
2023-07-31,376.3278458780926,378.70097426870075,373.8385174961604,378.410400390625,1615200
2023-08-01,377.60647805196203,381.3163058730181,376.318227615559,376.44415283203125,1468600
2023-08-02,373.5188582158901,374.98148238137117,371.3297697923075,371.7366027832031,1538900
2023-08-03,369.9252677921448,372.46304471876647,367.21311698850053,368.8016662597656,1926000
2023-08-04,372.259646295224,372.3371228057687,365.68271527132913,365.963623046875,1648900
2023-08-07,369.0438633603328,373.85790129050037,368.71453642578285,372.8892822265625,1112000
2023-08-08,371.85281439809165,372.27900910707893,367.0387769642209,369.7993469238281,946800
2023-08-09,371.1845015066841,371.8237936331301,367.3875313470696,367.6490478515625,853400
2023-08-10,369.3343774916299,374.4486841392529,368.79195326838976,370.3223876953125,825000
2023-08-11,370.33214094139856,371.2232835521111,368.5983339725879,369.8381652832031,692600
2023-08-14,369.1503607221991,371.3103916625013,367.1259506261773,370.1771240234375,1060700
2023-08-15,367.10662095813836,368.8113999499904,365.88615149261636,367.4747009277344,709700
2023-08-16,366.87407871258614,369.6152570041154,365.5276843457203,365.9441833496094,1143800
2023-08-17,367.5328015977825,369.23758052419396,363.609906409059,364.5494384765625,1229800
2023-08-18,362.80591697458954,366.0120433822591,362.06975710240755,363.3289794921875,1254700
2023-08-21,364.41387684296785,366.6416889359128,361.75017433362075,365.6440124511719,947100
2023-08-22,366.7190981774847,368.43354288010926,365.52768636453476,365.74078369140625,913200
2023-08-23,365.7408298766852,367.8136886416388,363.93921279827566,366.47698974609375,929200
2023-08-24,365.55683244304385,368.80171225139367,365.2856202848482,366.07989501953125,820300
2023-08-25,367.51343922134174,371.24259877653634,366.05081505133774,369.6153259277344,1022100
2023-08-28,370.39989248789686,371.91093573373155,368.79198143196396,370.08026123046875,772000
2023-08-29,369.111649474911,374.8458574021487,367.4456236122867,374.71026611328125,1060100
2023-08-30,374.7586785343344,376.0179009479211,373.2088822498692,374.9427185058594,780100
2023-08-31,375.4948261294705,376.95745020479643,373.8869151234608,374.894287109375,1193100
2023-09-01,378.18388046801016,379.9914817275666,376.6581154119938,377.9506530761719,970000
2023-09-05,378.98084307718176,378.98084307718176,370.7009430610205,370.8467102050781,1092500
2023-09-06,369.63192016446123,373.0138364051798,368.8155945319565,372.48907470703125,775400
2023-09-07,373.24702879570873,376.52205845321714,371.34223965904835,375.72515869140625,986400
2023-09-08,375.5891633877065,378.5143226597297,374.2577445112991,375.90985107421875,1064000
2023-09-11,377.64940010646103,380.46767323594725,376.5609660419094,378.3782653808594,862000
2023-09-12,376.47349231899886,378.61147925296234,376.08474046045745,376.9885559082031,1047900
2023-09-13,376.0556234564966,377.72715577425697,373.55806750334534,374.296630859375,1207500
2023-09-14,376.3666055297866,379.9137440790385,374.77283548640776,378.8155822753906,1231500
2023-09-15,378.7183831403508,382.3335558461611,375.13236385726464,377.0565490722656,2820400
2023-09-18,376.7455661397952,378.40737044893274,374.2479810008644,376.6094970703125,652000
2023-09-19,377.114882661528,379.3889684256944,374.6853317368754,378.796142578125,1458800
2023-09-20,377.69796992461414,377.7562767725163,367.97006846996544,368.1449890136719,1747300
2023-09-21,366.51242326919674,366.8525367419254,361.82824101337997,361.9448547363281,1362200
2023-09-22,360.4092989548001,365.37531661588315,360.22468036397777,362.4404296875,1017300
2023-09-25,360.720308581923,366.279122758697,358.6017471124716,365.95843505859375,1558100
2023-09-26,363.17902586634835,364.69506345335,358.5726062487363,360.7397766113281,1769500
2023-09-27,360.9632745336295,363.3831277011314,359.58330605736484,361.5269470214844,1254900
2023-09-28,362.1877959170896,366.0556523055652,360.9341391285018,362.9652404785156,1065500
2023-09-29,365.258701707703,366.2499478347213,361.46860809545086,361.8573303222656,1474100
2023-10-02,360.48711912540847,360.9730294030178,356.172233487629,359.7776794433594,1298400
2023-10-03,358.2130101380734,366.5026370740749,357.4063825870812,362.32379150390625,1747600
2023-10-04,363.58718143265907,369.17514889304124,362.2557921916632,367.94091796875,1897900
2023-10-05,367.6008155651041,370.2635941269213,356.76499374317837,359.4375,1821900
2023-10-06,358.8349786727097,364.48125319650427,356.6872637511855,363.0138244628906,1571300
2023-10-09,359.9525791705274,363.9175934300562,358.8349619627746,363.1984558105469,846100
2023-10-10,365.7543278103909,370.9147216493915,364.5201265241191,368.28106689453125,1335500
2023-10-11,369.6221604900487,370.83693596741426,366.69697165011917,367.9992370605469,931400
2023-10-12,369.981745452758,370.65230391817266,364.7630745191787,367.0662841796875,888400
2023-10-13,369.00023408436743,371.68243833997855,365.5405556797625,367.2412414550781,1214200
2023-10-16,367.81459827902376,373.4900258963882,367.35784150147805,368.55316162109375,1182400
2023-10-17,366.98855332121144,371.55609154260844,365.87096575946566,370.3510437011719,920300
2023-10-18,368.44629537379785,368.9516313357503,360.46765770936645,360.9341125488281,1486600
2023-10-19,360.001159507706,363.06238790556495,358.4559685955983,359.7096252441406,1249200
2023-10-20,359.5735735555629,361.30341280420157,355.627984823751,356.0361328125,1334100
2023-10-23,354.7144180798887,358.2421305994339,350.8465625155957,355.1322937011719,1648700
2023-10-24,356.20135749569135,359.00993290393706,354.75335447845595,356.9107971191406,1590000
2023-10-25,357.4646704105594,359.0876234631077,352.11965842396376,354.1119079589844,1492900
2023-10-26,360.43852733442736,363.74271117490224,355.8029244675507,359.88458251953125,2168400
2023-10-27,357.4937888518874,365.94863702999754,357.4937888518874,360.08856201171875,1945300
2023-10-30,365.47248786823815,368.7280919876332,363.15955067909897,368.1935729980469,1478000
2023-10-31,367.5521668886162,373.24704957116467,366.0847383248143,371.390869140625,2020700
2023-11-01,371.49777179119377,376.60955656030814,370.3218774171475,376.1916809082031,1564900
2023-11-02,376.55127624165783,380.6717855171531,376.52212281405224,378.6795654296875,1586700
2023-11-03,379.1071584551867,384.04399322645065,377.6785812263042,381.4492492675781,1339300
2023-11-06,381.48805351586157,382.44044810311,379.2431509565496,381.9253845214844,1464000
2023-11-07,378.97108643896064,379.9429068686024,374.2674791184074,378.3296813964844,2647400
2023-11-08,380.38024551492566,383.0235983225997,378.174223772359,381.206298828125,1631400
2023-11-09,383.21794662136796,383.27628313361294,379.37927362218227,379.9623718261719,1305400
2023-11-10,380.4774115296861,389.0877259754687,380.4774115296861,388.5726623535156,1378100
2023-11-13,385.1907438919871,390.62324637057185,383.86908229997266,388.4852294921875,1420000
2023-11-14,388.3103328266024,395.31715048127836,388.3103328266024,392.38226318359375,1350500
2023-11-15,392.58625674501184,394.68539219987383,390.7689574877162,391.400634765625,1139900
2023-11-16,391.8185689139014,397.43569002895975,390.9828175476199,396.88177490234375,1228100
2023-11-17,399.49594663225486,399.49594663225486,395.04502191926446,396.3861389160156,1542500
2023-11-20,396.06536385928183,398.5629492266621,394.7534301390995,396.76507568359375,1678500
2023-11-21,399.45704179937655,403.276288626755,397.87296989622587,400.3025207519531,1225300
2023-11-22,399.1655147102535,400.88565585559326,396.6096222291262,400.0207214355469,1111000
2023-11-24,401.0410842419723,404.46188091880674,400.2636102306911,402.5473937988281,711300
2023-11-27,402.16842377859984,402.33364629623196,398.44636468950506,401.1674499511719,1301200
2023-11-28,400.3997211267076,402.1587136281598,398.4657784184427,399.1557922363281,1134300
2023-11-29,400.9439516535625,403.58730434176266,399.36960734250306,399.7972106933594,1405900
2023-11-30,398.8933540675056,404.27724686108223,398.2422510714432,402.1100769042969,4023900
2023-12-01,402.0662622093701,404.6007813868087,399.64868742939746,401.33514404296875,2107300
2023-12-04,398.7031897712382,400.886786963174,395.798202275389,396.4026184082031,2092400
2023-12-05,395.77866631150835,396.373294855624,392.0255868018025,393.7997741699219,2207000
2023-12-06,393.79973269535486,393.9947094347828,388.40895606710967,390.23187255859375,2263700
2023-12-07,389.3545844976859,391.30423313406345,387.3756923217338,388.61370849609375,1914100
2023-12-08,387.98002968328325,391.4894027358008,387.45361628808723,391.1676940917969,1483700
2023-12-11,389.9296475019301,398.0109477762036,389.8029156066086,397.9621887207031,1653400
2023-12-12,414.972921995746,423.27841358844955,409.7186052031644,415.97698974609375,6829000
2023-12-13,395.7201803620697,403.7429950940612,394.4821642056782,398.4496765136719,3359600
2023-12-14,396.53901306216693,400.7697467995312,395.6129181113246,399.4049987792969,2220500
2023-12-15,397.1531449042483,400.5552719625144,394.7063265561522,397.1239013671875,4241100
2023-12-18,401.5300940867796,402.5926489267718,397.50406526000734,398.80059814453125,1717600
2023-12-19,401.6276319273011,403.82098671331187,399.7851996273985,401.7153625488281,1344600
2023-12-20,400.3993435625245,401.42292697847506,395.72019858733927,396.1296081542969,1578500
2023-12-21,397.7477940759251,399.0930563491769,396.373288264093,398.8298645019531,1534000
2023-12-22,400.2531353214025,401.90059088999124,398.46921981036166,400.39935302734375,838900
2023-12-26,400.2726146333494,401.3644429017247,399.3173058037788,399.6097412109375,619300
2023-12-27,397.72833558783395,400.99400311665835,397.72833558783395,400.8575134277344,850900
2023-12-28,400.1946113256994,400.5552915501788,398.90783613354887,399.4537353515625,814400
2023-12-29,398.4301350605749,401.7445312813019,397.68925917326595,400.3700256347656,975900
2024-01-02,399.463470397379,401.3643895390121,396.4610248690476,399.26849365234375,1571900
2024-01-03,395.681156398721,399.54145209183685,395.08652788696475,398.42041015625,1536300
2024-01-04,397.37740153905156,401.2864268470519,397.3188847103022,398.303466796875,1517800
2024-01-05,398.7518540385188,400.15560336125765,396.02235799390184,398.8200988769531,1400100
2024-01-08,397.5918197924464,399.6682002856057,394.17993478471743,398.0110168457031,1142300
2024-01-09,397.2214134662792,397.5138488543544,394.2481815242242,396.4512939453125,1256200
2024-01-10,394.24820543674156,395.86641743055304,393.83879586860417,395.6617126464844,1170600
2024-01-11,396.5390175867293,396.7534801173043,391.5284362804242,395.7396545410156,1110500
2024-01-12,398.4496311061339,399.2489940841775,395.2912102407472,398.6251220703125,849100
2024-01-16,397.2214133026043,400.27258834785334,395.77866264038255,396.41229248046875,1464700
2024-01-17,394.2871978606252,397.07518116417486,393.75105637895115,396.5097961425781,1369100
2024-01-18,396.8119423084544,398.0987174112063,393.5755187770267,397.5820617675781,1232200
2024-01-19,396.8704375464772,397.7282876326276,394.0824545157631,397.1239013671875,2265900
2024-01-22,391.7623766424786,397.065422973454,391.3042080523264,396.23681640625,2105400
2024-01-23,395.08657497032823,397.90380191376835,392.0451277133398,397.6211242675781,1293900
2024-01-24,396.8217002501676,398.10847535350257,390.90451012662953,391.1774597167969,1594800
2024-01-25,390.6316109927796,393.43910985386213,390.3196600639309,393.3123779296875,1550900
2024-01-26,394.2287222448143,395.115815980634,391.55771302328316,393.8680419921875,1146600
2024-01-29,394.58934648727416,395.65190131690713,392.13280016320033,395.3984375,1400400
2024-01-30,395.8273603322054,400.2043412840891,395.1937305427405,397.5820617675781,1647600
2024-01-31,399.15153312418386,400.27257507320064,393.17585565118276,394.6380920410156,1782000
2024-02-01,397.99150048804245,399.6779572123609,395.10602893162377,398.3619384765625,1893600
2024-02-02,396.7730027131514,398.6349208220008,394.06299216582306,396.84124755859375,2218600
2024-02-05,386.8492916593718,391.8599031002957,386.09868761927186,390.54388427734375,3487800
2024-02-06,404.44484584033285,410.4010077057693,401.00368769147684,405.09796142578125,3227000
2024-02-07,408.5195945078631,413.296227253461,404.84448814549955,406.3359680175781,1985600
2024-02-08,408.7437966218002,408.7437966218002,402.95333818982436,403.5772399902344,1488900
2024-02-09,403.3920296896353,409.27021886089176,401.9103075056655,408.8608093261719,1351500
2024-02-12,409.77713875115893,410.3912828354544,407.59354178413304,409.0460205078125,1272100
2024-02-13,408.3733932364296,409.1434829845152,403.7917073018446,405.7705993652344,1313300
2024-02-14,408.3245931079267,410.2547556637705,406.13123873735213,407.8664245605469,1345200
2024-02-15,409.66994088691973,418.4336024404959,409.12404162046903,417.8974609375,1721600
2024-02-16,421.38729983212016,423.82436064215705,419.8080891871006,420.763427734375,1460800
2024-02-20,424.62369478458356,428.3377728259795,423.25894677384196,424.984375,1869200
2024-02-21,426.73908732167774,428.6789781236057,423.68788255832135,428.3962707519531,1230900
2024-02-22,430.6480804202842,436.55551275127317,427.6846362421988,435.7756652832031,1386900
2024-02-23,437.0137188558252,437.2476969157622,434.09900373816544,436.2923583984375,1164900
2024-02-26,436.2923465874028,436.7700009584961,433.3191444725666,433.7383117675781,1286000
2024-02-27,432.39303411230384,433.74805407489424,430.73582101763316,433.601806640625,1086300
2024-02-28,432.9291984081113,440.35738444021973,432.35405565057005,439.8407287597656,1562400
2024-02-29,441.2542244730185,441.70263533242775,433.8943127237894,437.5206604003906,3684200
2024-03-01,436.7213192268083,439.61654880540357,435.74649485353416,437.9008483886719,1656100
2024-03-04,437.9007723863362,445.16322460646427,437.4328758079116,444.1299133300781,2291800
2024-03-05,444.8805709197848,451.38266223499306,444.8805709197848,449.3550109863281,4102900
2024-03-06,447.424881797472,453.4005299523722,447.424881797472,451.93829345703125,2599800
2024-03-07,453.2932814040198,455.993533897483,450.0081284040511,453.57598876953125,2514000
2024-03-08,454.5508313748152,454.5508313748152,450.349341019927,450.90496826171875,2469200
2024-03-11,462.04723180506375,462.04723180506375,454.9992414157613,457.6605224609375,4251500
2024-03-12,455.62310262010106,461.29655692317,455.1356905142147,459.6003723144531,3259400
2024-03-13,459.4830447836474,467.06027191323307,459.4830447836474,464.30316162109375,3240000
2024-03-14,465.3199860979441,466.36613952574316,462.54330239067093,463.3743591308594,3551300
2024-03-15,462.0739563256414,463.27654632668396,455.98286258608493,457.7916259765625,33347400
2024-03-18,458.1924987543817,465.36886261103837,455.18114530079237,455.7188720703125,3026400
2024-03-19,456.5890433181165,457.79163333849834,454.4967365921704,456.3250732421875,1883100
2024-03-20,455.89487466751075,457.840501491729,453.78302457256314,456.38372802734375,2146400
2024-03-21,454.291422444385,458.1729193245097,453.0106290254469,455.9046325683594,2723800
2024-03-22,454.0078846995072,458.74976832707637,452.1795778808007,457.8013916015625,1687400
2024-03-25,456.79441975144397,457.8307866497797,454.09596907145925,456.4913330078125,1391000
2024-03-26,454.5749394269718,457.89913612209534,454.5749394269718,457.1267395019531,1265300
2024-03-27,452.6489090257978,456.813949455556,450.6739520720604,455.83624267578125,1590600
2024-03-28,453.2941909821853,455.5233612067547,452.2969109887973,453.96881103515625,1784900
2024-04-01,455.5526889381907,456.1490757383392,451.5147552560968,453.0693054199219,1027300
2024-04-02,452.0622735940632,453.8710370825032,450.56638343235454,451.05523681640625,1451100
2024-04-03,450.54685444575694,453.98837163812505,449.9211077722844,452.1600646972656,1449200
2024-04-04,452.99112399508726,456.53041785477154,445.8049730118157,447.06622314453125,2258500
2024-04-05,447.3203749923644,455.40602879273285,446.39157149576056,454.34033203125,1575900
2024-04-08,452.5510987986677,452.7661954677465,449.2464453542931,451.37786865234375,1744300
2024-04-09,450.4001681553364,451.52452491669834,443.5366478801563,447.73101806640625,1472300
2024-04-10,443.3216040431159,443.7126808105579,439.3227866593249,440.4471435546875,1838200
2024-04-11,441.5127664422719,445.80491306034077,438.28634635497207,442.901123046875,1681800
2024-04-12,440.1733580459241,441.56171479237474,434.25824400245085,437.435791015625,1976700
2024-04-15,439.8898401028105,443.7908805407303,433.93557965712745,434.8350830078125,1712000
2024-04-16,436.7806921510051,436.8980121838779,432.98718528949706,435.84210205078125,1577300
2024-04-17,435.64657367533414,439.09787741343274,434.0822666979497,436.8296203613281,1216800
2024-04-18,440.91639692273765,441.1314935927788,435.5878834096334,436.47760009765625,1070300
2024-04-19,441.89413548505996,441.89413548505996,434.18980126840006,436.35052490234375,1831200
2024-04-22,433.4956816299708,438.97084613049253,431.8824712439255,437.0056457519531,1345900
2024-04-23,436.61453040143266,438.1104206035986,434.1898068095504,435.13818359375,1509900
2024-04-24,427.4632223616722,434.69824740288954,423.7186180896291,434.41473388671875,1969100
2024-04-25,432.65484478123614,435.32399534813715,429.3111039065106,433.9356384277344,1442700
2024-04-26,429.66300896631896,435.75413288732915,429.66300896631896,433.3000793457031,1583800
2024-04-29,435.8323566051475,438.13976020615917,432.42016936539596,435.1479797363281,1260300
2024-04-30,433.7596112880219,434.7959780981366,430.4354141704518,431.12957763671875,2172700
2024-05-01,432.91878675497094,439.3814141486427,432.12684666243536,432.7525634765625,1824100
2024-05-02,416.3271448459666,416.3271448459666,404.389322529149,410.2653503417969,5267300
2024-05-03,408.7596253319743,416.2781926341856,408.7596253319743,414.1565856933594,2657400
2024-05-06,417.46127342177596,419.0255804815053,414.0099695020012,417.1092834472656,1533500
2024-05-07,420.1303665951826,428.17690403095423,417.9207695905509,420.4139099121094,1556400
2024-05-08,420.42370076504693,421.264514271469,417.412347182749,418.1749572753906,1344800
2024-05-09,420.2085912606361,421.3329480525403,418.7322445243514,420.2770080566406,1740100
2024-05-10,420.9027610612605,425.1362182125376,420.8734310518888,424.7060546875,1234500
2024-05-13,425.37088462168026,427.4142881570614,424.04118792088065,425.08734130859375,1269800
2024-05-14,424.81357054475546,425.71307385703386,420.54099694522597,422.4768371582031,1288100
2024-05-15,424.5985250346121,425.65443529280986,419.9544175473148,421.2156677246094,1745200
2024-05-16,422.1053700823548,422.98530024027804,418.3118629012365,420.11083984375,1839700
2024-05-17,420.71699248454047,423.8065494190892,420.21835249023667,422.8777160644531,1150700
2024-05-20,423.08310916629773,423.32753588643783,421.42099553444666,422.96575927734375,1499200
2024-05-21,421.8609190925004,427.424072885148,421.8609190925004,425.341552734375,1228300
2024-05-22,425.48821419408625,427.05255100298655,422.6626272898375,425.0971374511719,1655000
2024-05-23,426.2214951674507,427.21874533955446,422.0564547454567,422.6626281738281,1674800
2024-05-24,423.6207843729719,427.7662514932638,423.3176976639266,425.8597412109375,1157400
2024-05-28,421.3818474848424,423.6501344395488,417.6177001451521,420.3357238769531,1696500
2024-05-29,416.092447100587,418.8104708129588,414.4010334312645,416.6790771484375,1465600
2024-05-30,416.3564129987734,420.93207329094486,415.76978299887526,420.52142333984375,1375900
2024-05-31,420.52145471639545,426.27037543730995,417.9989843170368,425.81085205078125,3621600
2024-06-03,424.4616020440182,426.84717894728794,420.4725419899146,424.6473388671875,1809000
2024-06-04,423.048624005772,425.78519232687427,420.4199642940741,422.88189697265625,2157400
2024-06-05,423.4703773812155,427.21721570932067,421.10653529253256,426.74639892578125,2116800
2024-06-06,427.66836608921506,427.66836608921506,423.6861346182732,425.5399475097656,1282600
2024-06-07,425.6969125989614,429.79684102625106,423.3232524956129,425.3928527832031,1492000
2024-06-10,424.4414310710444,425.785185082406,422.9407381333359,423.72540283203125,1406100
2024-06-11,419.64508673264993,427.43300521082307,418.42884745183017,427.1387634277344,1582400
2024-06-12,429.2181453640105,432.0821984529298,425.59882182150943,425.8538513183594,1914800
2024-06-13,422.7445154747995,432.4058520354829,422.12657786707024,431.3759460449219,1650000
2024-06-14,429.05138376456904,429.7674119955815,425.7949684285947,428.5805969238281,1396100
2024-06-17,428.0018632288332,434.78932940369947,426.677745331934,432.1900939941406,1939000
2024-06-18,431.1896159798005,432.30779458094855,426.8935364377573,431.5917663574219,1384500
2024-06-20,430.6697737779807,436.6921815408106,430.0812902265322,434.15179443359375,1626100
2024-06-21,434.9070445492607,435.4759519056079,431.57217464091616,434.2695007324219,4042800
2024-06-24,436.22139859474373,437.9280908254128,433.6712231859343,434.6520690917969,1440900
2024-06-25,435.47593139823465,436.54504973401083,431.8958202625802,432.7197570800781,1385500
2024-06-26,431.35636634506824,432.22933347820185,427.99207242237503,430.0224304199219,1634400
2024-06-27,432.2293564755438,433.07286954373035,429.1690922614844,431.7879638671875,1236500
2024-06-28,431.6898433314985,433.78886768522074,429.7281517559246,430.4049377441406,2470200
2024-07-01,430.73848872855865,432.3372724006548,417.25185704841846,420.72406005859375,2462900
2024-07-02,419.8019647646817,422.2540790448492,416.49651950430155,421.8519287109375,1886400
2024-07-03,421.39095424960277,425.3633975716232,421.2732575466755,424.6473693847656,865100
2024-07-05,424.1275482107552,427.59975082421755,420.97904148313654,427.3741455078125,1499400
2024-07-08,428.2667049197216,429.5417924819701,426.0009535244251,427.39373779296875,1502200
2024-07-09,425.88324163029836,427.25641970983537,422.499311779799,422.9407043457031,1052100
2024-07-10,424.81411385522074,427.69780292755735,422.0677575639661,426.618896484375,1554000
2024-07-11,426.7660278373868,429.7281714765451,425.29475908818847,426.56005859375,1368400
2024-07-12,429.2083428262327,435.9173250189075,428.28634530913894,432.2587890625,1843900
2024-07-15,432.25876846650647,432.69034302556315,429.1494740205353,429.7870178222656,1271500
2024-07-16,429.6693427950812,439.4189532141637,429.6693427950812,437.19244384765625,1173300
2024-07-17,438.53621020964766,443.10695571992926,438.1733020140036,440.68426513671875,1896500
2024-07-18,437.00600658771623,442.71450587829503,437.00600658771623,437.4964294433594,1458700
2024-07-19,436.83929026255015,437.06489557301506,433.455390203807,436.2311706542969,1503800
2024-07-22,439.3012021003733,440.11529090752794,435.9369083403506,437.5552978515625,1096700
2024-07-23,439.31105725719374,440.02705556261566,436.48621645120403,438.8402404785156,1060700
2024-07-24,439.87990706707245,440.95884340901415,434.15177131799,435.2601318359375,1700700
2024-07-25,436.45678976650856,439.8112657545749,433.51425226601003,434.54412841796875,1777300
2024-07-26,435.61322010711825,444.0779239211182,434.96585830468894,442.7439880371094,1307400
2024-07-29,442.82245637166056,444.53893652882516,440.4586143918293,441.34136962890625,1015200
2024-07-30,443.90138088647507,447.9817029144884,442.0083557190642,442.2143249511719,1755600
2024-07-31,444.8822345048263,449.403919252759,443.8523284600618,444.8135681152344,1874000
2024-08-01,447.3343666308379,450.6692364793419,441.2923527023175,444.6566467285156,2244000
2024-08-02,440.99805823937555,449.02139949547296,435.21107410480545,445.3039855957031,2714600
2024-08-05,445.2941901631393,446.94203391175597,432.778617688019,435.005126953125,2281700
2024-08-06,435.56420752800017,442.5772491070017,435.10320879839384,437.1237487792969,1598200
2024-08-07,440.7136461811216,442.36145995667613,432.86687970738893,433.3965148925781,1619300
2024-08-08,433.75945405478853,439.2619846901966,432.4843365398412,438.9677429199219,1491300
2024-08-09,438.4184293246715,439.5758200867082,433.6907457851898,438.4576416015625,1108500
2024-08-12,438.45768345502154,439.8112554628632,436.5744762612721,438.2222900390625,853000
2024-08-13,439.9191558586784,441.64542409856483,437.21201189350813,441.08636474609375,1174800
2024-08-14,443.00884168781613,443.33250764886344,440.5469090174916,442.53802490234375,906700
2024-08-15,443.3913294955517,448.030740880111,442.74399761216034,447.40301513671875,1105000
2024-08-16,447.402978387418,448.63882363269204,443.64632253999906,448.0699462890625,1115400
2024-08-19,448.4525106592947,449.96302160899876,447.4226345176559,449.7962646484375,1013700
2024-08-20,449.8355042520633,452.1404979109208,447.8443884388883,449.2960510253906,1115600
2024-08-21,451.1400376291301,453.2782742889446,449.60992057595666,452.9055480957031,853700
2024-08-22,452.9938477587211,455.75984026399345,451.1008224354906,452.8663330078125,1179100
2024-08-23,455.602883077061,457.5057263611971,452.6995878331061,456.8191223144531,1308000
2024-08-26,456.72109786632893,460.7621781728539,456.1620085210853,459.487060546875,1216200
2024-08-27,463.6556327841283,463.73411721453107,459.6439768546816,463.292724609375,1293400
2024-08-28,463.7831726074219,466.529559092241,461.8509049835864,463.7831726074219,1327200
2024-08-29,464.6561082863744,467.45149497026995,461.3114203963691,463.6752624511719,944700
2024-08-30,465.9410317044022,470.60004959928466,462.4394047552661,469.08953857421875,1385600
2024-09-03,464.8620615152501,469.4524126819232,463.8223673603978,464.9699401855469,2104000
2024-09-04,468.4621841792604,469.80988984782806,463.89769133051146,464.4485778808594,1310300
2024-09-05,462.687723912309,463.7993439984365,455.5556789565694,457.9461364746094,1882200
2024-09-06,456.795152243096,460.061143911408,448.7482459212128,449.41717529296875,2012100
2024-09-09,452.58479914308487,457.9559580899407,452.04372947403243,455.5458068847656,2076200
2024-09-10,454.45388701737505,458.05434351097495,453.3422669771435,456.1754150390625,1247100
2024-09-11,456.33278615155297,458.27073591507536,446.12166151030624,457.5427551269531,1585400
2024-09-12,458.84128260373603,459.8348597398097,454.8866978985276,459.7364807128906,1916900
2024-09-13,457.93631908171375,464.1042974911346,457.4346070027756,461.1826171875,1162700
2024-09-16,466.71117875540574,467.7539305158055,462.73692979055147,467.1833801269531,1307200
2024-09-17,467.78342111746736,469.21968896961897,462.8549527322793,463.9862365722656,1357100
2024-09-18,463.9862250482899,463.9862250482899,457.168981448488,459.4315490722656,1149900
2024-09-19,465.1076895738077,465.4520011946747,460.9858570756131,461.5367736816406,1897200
2024-09-20,461.86138406666987,464.4289057852351,459.1561256935424,464.232177734375,3672700
2024-09-23,466.97677919719575,471.3937185786105,464.41907444705714,469.5934753417969,1148400
2024-09-24,471.1576308345535,472.93818024427924,467.7539024417718,471.5511169433594,1588600
2024-09-25,473.1742501150303,473.7644942690749,467.9604917999434,469.2491760253906,1283800
2024-09-26,471.2068107014266,474.26619750484605,468.7474849670768,473.84320068359375,1092800
2024-09-27,471.8954683000214,475.4958950189156,471.4822883372753,471.70855712890625,1252500
2024-09-30,471.51177481499576,471.78721810231457,466.43572278777793,469.10162353515625,1532600
2024-10-01,469.20000416038994,470.08535544255204,466.17997489954206,467.29156494140625,1342100
2024-10-02,466.34716689603016,469.67217999418665,464.96995052962177,468.09820556640625,1024600
2024-10-03,464.2813659823852,465.0585213621098,460.53335576346853,462.1073303222656,1072300
2024-10-04,462.5106631037106,463.16974562376953,457.31656807738335,460.5628662109375,2131000
2024-10-07,456.89355183609354,458.75278650024785,453.2734015002945,455.7032165527344,2019600
2024-10-08,457.93631517517235,462.41227616482576,457.5427990266192,461.8023681640625,1272300
2024-10-09,459.8939079227939,462.98283542569175,459.43155348831766,461.93023681640625,1245500
2024-10-10,464.2321938124202,464.940480866394,460.1300250370991,461.78271484375,1249500
2024-10-11,464.4191058785935,466.88824865148337,463.17959602647636,466.3275451660156,1105300
2024-10-14,466.66201735457037,470.37067003895004,465.7176446060171,469.8099365234375,1076800
2024-10-15,469.8099267732275,475.4860700993182,469.4361344583784,472.8890075683594,1477100
2024-10-16,470.73461535587586,477.4239994512532,470.53788730725876,476.1058044433594,1210100
2024-10-17,478.99794011851935,479.55864353749416,476.49925691111497,478.15191650390625,1051700
2024-10-18,475.2794994488147,479.35212751890464,473.67601416232696,478.53564453125,1255200
2024-10-21,477.06006839548877,477.5912611951019,473.2333427381425,475.49591064453125,1065700
2024-10-22,473.94160883169286,474.6302320880398,470.22310929376897,474.1088562011719,1429700
2024-10-23,471.3740952938414,474.3941247181608,469.10165051642394,469.6623840332031,1541400
2024-10-24,470.56741759949125,470.6461028179995,463.9469015550798,466.7406921386719,994300
2024-10-25,467.38995235246523,470.8625192370748,465.2355805153292,466.0520935058594,2458400
2024-10-28,468.06870407870963,470.22307580258666,466.00286447787425,468.255615234375,1440400
2024-10-29,466.92756153793255,468.57040428011044,465.05848004961405,466.9374084472656,2056600
2024-10-30,465.5700167549341,467.2718809394128,464.65515480362427,465.6979064941406,1794300
2024-10-31,447.5480878588755,455.4671043384068,447.07588653275565,448.7285461425781,3615600
2024-11-01,449.0827177293377,451.856814290572,446.12167999298504,449.86968994140625,2347400
2024-11-04,450.52881654834033,454.2866435029086,448.8663099287811,450.86328125,1616100
2024-11-05,450.8632623113107,453.3619155695289,446.78078771530784,447.48907470703125,1749000
2024-11-06,456.27379086225733,458.11336170340184,450.8632742607425,455.1031494140625,2626900
2024-11-07,457.4345572118865,460.36608410654793,456.0474939842647,457.89691162109375,1925500
2024-11-08,457.7592234906477,458.0445136936432,451.73879864494467,452.0044250488281,1496700
2024-11-11,452.00443418221454,454.8670931169012,447.941623013959,449.0138854980469,1981200
2024-11-12,450.8140632774065,452.8012176506233,446.2003658761389,448.17767333984375,1749000
2024-11-13,446.4561614085836,450.0959755731471,443.5246342698408,448.8171081542969,1538400
2024-11-14,448.2367079876144,450.4205904680836,445.7282077153888,446.1118469238281,1666700
2024-11-15,443.7312544260438,444.34116243726277,439.62908567348467,441.7933044433594,2414000
2024-11-18,439.26509338616347,441.95068793553975,438.0452774105522,441.27191162109375,1750700
2024-11-19,436.5794866335188,437.4353571955549,432.60523791404563,436.83526611328125,2084600
2024-11-20,436.52044765387194,443.5639597838842,434.346412226566,442.81634521484375,1928700
2024-11-21,444.4985553513249,447.73503654100597,442.29497899910496,447.6661682128906,2072800
2024-11-22,446.456150502183,449.761499882289,446.1708603126375,447.380859375,1864800
2024-11-25,447.18410576970564,449.56474630074234,445.64948890611925,448.27606201171875,3835600
2024-11-26,446.0922142893279,449.23031658682186,443.9378423666955,449.1712951660156,2600000
2024-11-27,449.24995654931104,452.1224623007605,449.24995654931104,449.68280029296875,2069100
2024-11-29,449.55491630542946,454.1489501803807,448.6695650079056,453.4898376464844,1351500
2024-12-02,453.4898359578101,453.5390404870305,449.0237218675119,452.21099853515625,1801800
2024-12-03,455.7631637262437,455.7631637262437,450.51383832859904,452.03338623046875,1868300
2024-12-04,450.21783719057953,455.27968454153944,449.2607234603579,453.3457336425781,2188300
2024-12-05,451.1848480103364,451.5696508075423,442.05774361685405,442.6201477050781,2303200
2024-12-06,442.0971726400049,444.869836426693,441.011811386205,443.4687194824219,2191300
2024-12-09,441.9491852148424,444.8106497317977,436.0585015551522,436.6998596191406,2833900
2024-12-10,438.9002380371094,440.4493861949784,431.4406828422204,438.9002380371094,2326100
2024-12-11,437.4004336331925,439.72906409235793,434.31201416371226,434.6770935058594,1612500
2024-12-12,434.09491216184455,436.5024964678841,432.0820073902781,432.6740417480469,1719300
2024-12-13,431.7958471844018,431.9833252308367,427.01030894931984,429.51654052734375,2254200
2024-12-16,429.9310196565403,429.94089643228995,421.7314288328455,422.6095886230469,3691400
2024-12-17,422.55039387856556,427.4346402251994,420.2809637225847,424.484375,3320200
2024-12-18,423.22137049565555,425.56972445692094,416.4426202078104,416.6596984863281,3271900
2024-12-19,416.4919508770964,419.91584937759086,413.46273192144145,414.0152893066406,3292000
2024-12-20,413.6600834888996,419.68889102750336,412.7128164542094,418.6725769042969,6680900
2024-12-23,416.81754948366745,420.00464625110726,412.1306584144365,416.7188720703125,2084300
2024-12-24,416.5708902129675,420.3993451755529,414.99214186285434,420.1131896972656,824200
2024-12-26,418.48510976753835,420.93217116946886,417.29119433623157,418.6824645996094,991500
2024-12-27,417.58721547121826,420.30067891899165,415.9394199857218,417.36029052734375,1444900
2024-12-30,413.61072568524634,414.67639356083185,409.89082511981957,412.1109313964844,1608000
2024-12-31,413.0483439181855,414.52841495699965,410.22635625799853,413.1075744628906,1386700
2025-01-02,415.15989239011714,417.1037200663988,408.2726182131336,408.6673278808594,2110900
2025-01-03,410.62098086439073,412.4365308154487,407.6115155332804,408.0061950683594,1995900
2025-01-06,409.9105806497982,412.82139892971935,406.6445597916184,407.424072265625,2630600
2025-01-07,406.5557631080345,413.43316080612,405.2335699780996,409.4369812011719,3209100
2025-01-08,411.203144267576,414.8342743331978,408.69691262269134,414.4297180175781,2252300
2025-01-10,410.0882075919796,412.33794451016684,406.24990563579354,408.6476135253906,2642600
2025-01-13,410.26579020076264,417.064233467377,408.20356171652827,415.8308410644531,2824500
2025-01-14,416.6695601313179,422.1260869986977,415.13028879849566,421.6130065917969,2344300
2025-01-15,427.464225302675,428.1549371233155,420.74470560715116,422.2938537597656,2202300
2025-01-16,422.23463672497064,427.0004517411722,421.9682046930291,426.743896484375,1511600
2025-01-17,434.15413112815367,434.15413112815367,427.7700907682163,430.207275390625,2412200
2025-01-21,433.8285108162232,438.170045925317,433.60155578034943,436.5814208984375,2281900
2025-01-22,439.74882357472717,442.72868889202016,436.5913268595147,436.7196044921875,2643900
2025-01-23,436.8379872561035,437.25242035125643,434.5784039510694,434.97308349609375,1811300
2025-01-24,436.98602338926526,437.47938038816693,433.20692202701156,433.41412353515625,1547800
2025-01-27,432.51622482793715,435.5355673544755,429.210726800953,433.65093994140625,2833400
2025-01-28,434.1541212288708,434.55867754619743,429.45735337242587,429.7237854003906,2158400
2025-01-29,429.43767103648923,433.18717221566885,428.7173589715094,432.4964904785156,2631100
2025-01-30,433.1674176761026,443.69566861701617,433.1674176761026,440.4493713378906,2545900
2025-01-31,438.5154144584885,442.2155916659372,432.81220919389244,440.19281005859375,2816500
2025-02-03,439.11729688085813,448.7673578638094,434.60800701626215,448.1753234863281,2701200
2025-02-04,449.88234512433354,452.73393268234827,446.8136491882653,448.7574768066406,2503800
2025-02-05,447.37608689630093,449.0239123978925,444.9191788626431,447.672119140625,2696500
2025-02-06,444.05085957366975,455.378346097283,444.0212593608638,454.5593566894531,2423300
2025-02-07,450.47440520270703,452.072877019388,446.4880723244825,449.0041809082031,1668100
2025-02-10,448.7772686334222,454.99355478755564,447.3761215043181,454.73699951171875,1876700
2025-02-11,454.1350806072358,456.39466391009154,453.21744389071205,454.6185607910156,1587700
2025-02-12,451.24404411633617,454.02658476410625,448.5108271226691,452.4675598144531,1695200
2025-02-13,451.4808165490099,456.45386311211973,451.3032152712143,454.9244384765625,2265300
2025-02-14,454.92443243172465,457.9339278998277,450.6322510481019,450.9282531738281,1705500
2025-02-18,448.8265540893478,459.8382850038009,444.07058578799354,459.64093017578125,2808500
2025-02-19,454.69751580322827,459.4534841241386,454.00680401443844,455.930908203125,1883800
2025-02-20,453.5924005220601,455.99010811786115,452.3096543603349,455.7631530761719,1335400
2025-02-21,457.42082848410854,458.98973012483356,451.4413445025853,451.91497802734375,1939600
2025-02-24,452.9115607625219,458.0326083564488,449.961265699957,452.43792724609375,2108300
2025-02-25,453.1878337485608,462.75894047298243,453.1878337485608,461.27886962890625,2342100
2025-02-26,460.1639079004163,461.29865304403523,455.14153745781306,455.4178161621094,1576100
2025-02-27,457.3814005363263,462.00909144892483,453.7700238049013,454.1647033691406,2071000
2025-02-28,458.8910826512312,462.11762655883564,454.51007012575434,460.8447570800781,2332900
2025-03-03,462.86751704506287,465.95593650700306,454.8554046395874,456.1085205078125,3072900
2025-03-04,462.3741656810505,463.0451239440432,453.77001878253407,455.2204895019531,5027000
2025-03-05,455.7927691825112,464.16999112156327,454.43109910913284,462.02880859375,2385700
2025-03-06,460.4895098940444,463.9035315380725,457.19388909943297,459.966552734375,3712100
2025-03-07,459.9764683816176,463.75556966809035,457.26300494207027,462.5419006347656,1824000
2025-03-10,459.79886044758155,464.91990866382866,451.9347484369309,455.92108154296875,3129200
2025-03-11,455.5164792595507,455.7631577417785,445.1263827925978,448.0372009277344,2845700
2025-03-12,447.28730294923025,448.9055282979929,442.8569669032171,445.1757507324219,2652600
2025-03-13,444.9480305099281,450.79896606412336,443.02741761210154,448.7298583984375,2213400
2025-03-14,450.0168412601009,453.42246217026275,448.32394052680036,450.94744873046875,1911900
2025-03-17,447.8190368942992,457.659692940802,447.8190368942992,455.7093811035156,1890200
2025-03-18,459.4713894986846,460.1544956384291,453.15518045539136,456.1053771972656,2023000
2025-03-19,454.4124642351906,456.9567852837761,450.3534361809905,455.15496826171875,4051400
2025-03-20,451.55136437781647,455.4124097437041,450.68018497372424,453.17498779296875,2298100
2025-03-21,449.20502450936357,454.0461652447611,444.88861562131854,453.7491455078125,4969900
2025-03-24,452.55124463178726,457.28346903679204,450.47222733647794,454.5015563964844,2049500
2025-03-25,454.3530891280198,454.4025773139117,450.4326761307566,452.87799072265625,2002500
2025-03-26,452.8779741843143,458.471498551378,452.41267044616546,456.81817626953125,1597900
2025-03-27,457.37256982802546,461.9859984637102,454.83815850553447,460.085205078125,1493300
2025-03-28,461.8672156276345,461.93652325628653,454.2045835399024,454.5213623046875,1334700
2025-03-31,454.28378889196745,463.3621520198017,453.8283948516196,460.98614501953125,2373300
2025-04-01,457.38250686594876,462.8374464318739,456.1746990375836,462.421630859375,1544600
2025-04-02,458.27347198955977,465.60941528285264,457.7784693129211,465.04510498046875,1527700
2025-04-03,461.8969162978233,467.29245780456614,460.3426005711936,462.5503234863281,2445200
2025-04-04,459.71890062020265,465.30254567027845,432.7511627476745,433.582763671875,4430700
2025-04-07,424.8013964030132,437.14676445379985,413.6539263786073,421.6036682128906,4159300
2025-04-08,426.454730442103,428.7317307486178,404.5656956111418,409.19891357421875,3780800
2025-04-09,410.02065530448135,443.84912415874453,408.8425464177589,441.5127258300781,4103300
2025-04-10,435.96867378765864,440.0870998830583,422.8313129873893,427.56353759765625,4239000
2025-04-11,432.9491587935237,445.1361225694395,428.385218294251,437.4140625,3343000
2025-04-14,438.66149470664055,443.6511304463825,437.3348910790735,441.5721130371094,1897800
2025-04-15,444.8787233489526,449.96736562511404,443.463022872925,446.4627380371094,2321000
2025-04-16,446.00731447718096,450.2841145756646,440.7998767314344,443.5124816894531,1828900
2025-04-17,446.8488130511052,450.61085161621577,445.1955209883679,447.6012268066406,1730200
2025-04-21,446.0370485618231,447.9477517635912,435.869673603969,439.4139099121094,1303400
2025-04-22,443.8095339813473,450.70987290179346,442.8789264783696,450.06634521484375,1458600
2025-04-23,449.84854161641766,453.2343429652373,441.047379628643,443.73028564453125,1973400
2025-04-24,442.6115841519637,446.621123997438,437.651677830619,445.037109375,2114500
2025-04-25,443.4432432457301,444.85894375241975,438.6714098463623,443.9184265136719,1866600
2025-04-28,444.16589734183174,446.38352988588827,439.73069267885046,443.52239990234375,1644900
2025-04-29,444.3539994731189,447.82892793375237,442.3046811392804,446.07659912109375,1214000
2025-04-30,444.8786979275599,450.7197234320866,440.4731922611455,448.70013427734375,2670400
2025-05-01,433.0679568108487,446.1063107755142,428.82082526165016,443.5718994140625,2540400
2025-05-02,449.16544739198855,452.57106827374133,447.59131227035226,450.4029541015625,1548600
2025-05-05,448.4724722658208,450.93757618707446,445.6410711592882,447.9675598144531,1462100
2025-05-06,448.33383823018687,448.99715515249943,441.780007209657,442.5819091796875,1441300
2025-05-07,443.4927209737821,449.680254733929,440.4533971397819,445.16583251953125,1573900
2025-05-08,445.43309850484997,453.4224489057998,445.0371024085807,448.70013427734375,1626400
2025-05-09,450.48214162961864,450.48214162961864,446.056816423827,448.1358337402344,1058900
2025-05-12,451.90773370255,453.42244064730147,447.8487058114476,449.87823486328125,1944900
2025-05-13,449.7594351423579,451.4028477099691,445.5915209234102,446.1657409667969,1666300
2025-05-14,442.7601423483885,444.1857525942952,435.17669707747535,441.5127258300781,1941300
2025-05-15,441.5126925784484,450.4524397904014,441.5126925784484,449.68023681640625,2279500
2025-05-16,451.2048728649094,453.778862746795,447.4428341999191,453.19476318359375,1850500
2025-05-19,453.1947755239571,457.0360014323806,450.74946089952675,455.72918701171875,1640500
2025-05-20,456.74885482254354,457.09536273835215,453.28383608958876,455.25396728515625,1329700
2025-05-21,452.15525649759087,454.50156440450496,449.25454799716823,450.94744873046875,1867600
2025-05-22,451.52164654358245,454.521361677183,449.09615145721074,454.4124755859375,1654400
2025-05-23,449.0367610212406,455.8677923070657,449.0367610212406,454.3134765625,1627000
2025-05-27,458.62991301087504,463.4512344931439,457.8874089580599,463.2730407714844,3330800
2025-05-28,461.45141602879414,462.3820235490992,457.48151480288146,457.8874206542969,2692900
2025-05-29,459.3130055880728,460.3128904717809,456.53109290271027,459.4416809082031,1306800
2025-05-30,461.8870034187101,464.4115352951186,456.0162786968676,462.9067077636719,4344700
2025-06-02,460.5208281339392,461.6890272623363,456.70930127723824,459.92681884765625,1865400
2025-06-03,457.68937888959096,467.55973360899924,457.3824796427667,467.1043395996094,2606600
2025-06-04,467.9187688317569,472.22909204782985,465.7635920692577,470.53076171875,2092600
2025-06-05,470.7592193896225,471.6332075999429,466.12113526350583,467.0447998046875,1679000
2025-06-06,470.1632816093418,471.9807865765055,468.02798756869134,469.4779968261719,1352700
2025-06-09,468.9417419433594,472.6859551820283,464.89956164799105,468.9417419433594,1616000
2025-06-10,469.1601930712392,472.7454962571752,468.5146129993794,472.3085021972656,1859600
2025-06-11,470.51091800955885,471.2955251772772,464.1944165925857,465.3365478515625,2734200
2025-06-12,465.21733774343187,468.92181563456404,463.270716809443,467.3128967285156,1572800
2025-06-13,467.4222102171833,469.6568267824031,461.949872840833,462.7940673828125,1415800
2025-06-16,463.61834575023875,466.3495435769372,461.7015487314614,463.4097900390625,1586500
2025-06-17,461.8902511750791,462.38683259712406,457.05355297378867,457.7487487792969,1272700
2025-06-18,457.7487523445202,459.26829029545604,455.13672919479154,455.5638122558594,1223200
2025-06-20,459.32786901341564,460.0727411382923,452.2664958178687,452.7431945800781,4365000
2025-06-23,454.18330859610444,456.9145064822369,449.853133041284,456.60662841796875,1611000
2025-06-24,457.7189348340779,460.7580105776795,455.75249188758477,459.9932861328125,1470600
2025-06-25,458.5730963065827,460.64880303807416,456.58677059503975,457.0535583496094,1608900
2025-06-26,457.66932669718216,463.25089724629896,455.3751228637754,461.284423828125,1983000
2025-06-27,461.3638907113772,464.1745283133593,458.6922801513359,460.6190185546875,2643200
2025-06-30,463.0125315637449,466.8262732605441,460.3806257710957,465.9721374511719,1856200
2025-07-01,466.5779820392968,474.5729308282623,465.7635812312072,473.4903869628906,1856300
2025-07-02,472.77531153796826,475.4469220363296,471.19618623931456,473.90753173828125,1423100
2025-07-03,473.36126697860124,473.94722941592613,470.7591851925765,472.328369140625,952700
2025-07-07,469.1403249735943,470.4612485212361,464.59165251112273,466.37933349609375,2099500
2025-07-08,465.17763496197466,468.5643240225988,464.33344045150324,466.7369079589844,1627200
2025-07-09,469.1800411832702,473.202338392827,464.3631955497172,468.0478210449219,1522500
2025-07-10,468.81259549459077,468.9913575316544,465.84301799283026,467.12420654296875,2238500
2025-07-11,465.80331998739587,466.40913478022617,461.3042934698386,465.60467529296875,1326400
2025-07-14,465.22727706957465,466.78655005346985,463.11183530181916,465.57489013671875,1133000
2025-07-15,464.96905669439764,466.05160054490756,456.9244316882045,457.41107177734375,1263700
2025-07-16,457.35150301076175,459.37756375815553,452.88227008231786,456.5271911621094,1438000
2025-07-17,455.7127885729883,458.96042024390795,453.9449598782516,458.1361083984375,1515000
2025-07-18,460.7183508812453,462.28753492272637,457.8778892349147,461.8306884765625,2267600
2025-07-21,461.8306668520925,472.97395524807854,461.04605971362685,467.2135925292969,1797700
2025-07-22,467.2135992911523,473.1229304612618,465.70400264761923,468.792724609375,1405300
2025-07-23,470.23282905474684,470.9578488668935,466.48861591593413,466.776611328125,1193900
2025-07-24,463.44951148882325,468.93175932763586,459.27821553371274,468.2663269042969,1383200
2025-07-25,469.2098639059287,470.4215238072348,465.36632848795284,469.65679931640625,1212100
2025-07-28,465.5450740282714,468.1273034339997,462.82381758774056,464.2638854980469,1283700
2025-07-29,466.6872164186104,468.4451340580552,464.0553409320382,468.2862243652344,1386100
2025-07-30,468.1769628580428,469.110538364608,462.07895870106023,463.0423278808594,1301600
2025-07-31,455.2757713856154,464.40294011474924,455.2757713856154,457.1131286621094,2228600
2025-08-01,455.1963185582931,459.3477623321023,446.2479418337628,456.2689514160156,2219300
2025-08-04,456.7158587268508,465.286859067003,456.7158587268508,464.2043151855469,1684900
2025-08-05,464.7406211799171,467.8194320417643,462.7840891752625,466.62762451171875,1691000
2025-08-06,468.5444346178433,470.1434425935507,464.75057550259373,468.2564392089844,1275900
2025-08-07,470.09375751224763,472.536959940776,464.29369011694513,466.2204284667969,1090400
2025-08-08,465.7934024876457,470.1534021892797,465.4855244117817,469.1900329589844,939300
2025-08-11,467.87901888516234,470.1930749609921,462.9429983696167,467.1639404296875,1069200
2025-08-12,467.2831307695249,471.23592990701377,466.72696198652176,469.9944763183594,1347700
2025-08-13,471.325301560272,472.89448552921493,465.2967957794465,472.3780517578125,1797800
2025-08-14,472.4574938628746,475.32774906573746,469.38862427411567,474.3643798828125,1545400
2025-08-15,477.5921864552131,479.36995655599134,475.30789356994586,476.7976379394531,1951300
2025-08-18,477.1452285328342,477.76098466044823,473.89759687158346,475.2383728027344,1218100
2025-08-19,475.1986346401813,479.518899141181,473.29174861384223,476.63873291015625,1512400
2025-08-20,479.48909477363134,483.0545457229661,477.21474338939737,479.06201171875,1160900
2025-08-21,478.1085941233989,479.60827973891395,476.76781820234925,477.4233093261719,1263500
2025-08-22,480.75041350375443,482.40900882249474,476.41029663767733,478.37677001953125,1782500
2025-08-25,478.6250659164013,480.6908313598718,473.42087184284895,474.5828857421875,1151800
2025-08-26,473.03354925813306,478.793881749137,471.7623020038254,478.62506103515625,1699500
2025-08-27,476.8770842723015,480.5120639905224,476.1024184509708,479.4096374511719,2259600
2025-08-28,479.2606549890575,479.7075903881499,475.8541137408825,478.85345458984375,2579200
2025-08-29,478.8832546605189,480.01547485525333,473.7386783832454,475.0198669433594,2058200
2025-09-02,473.9075059443571,473.9075059443571,469.2694223389643,470.8982238769531,1262500
2025-09-03,468.5841454787437,470.9876128277822,466.7865232077003,468.5543518066406,1617900
2025-09-04,469.03262291660974,471.19464338334717,466.89048771110544,470.6566467285156,1660600
2025-09-05,469.421173461131,473.3068568636467,464.877908189636,467.7971496582031,1066200
2025-09-08,467.9366329219877,473.32678511294233,464.88786372053784,472.8883972167969,1677200
2025-09-09,471.3839257016844,472.7787824519677,468.6539896043016,471.7027587890625,2966100
2025-09-10,471.19462119650615,473.18728238735406,467.76724151580004,470.9654846191406,1551500
2025-09-11,471.17471750795863,482.66240834899213,470.7463026383792,481.8155212402344,1907400
2025-09-12,477.401772731195,482.14431610493125,477.38185706526053,480.2712097167969,2069700
2025-09-15,479.61364424587913,481.5265820311825,473.77513093450585,474.980712890625,1130700
2025-09-16,474.6917545435215,476.6844157479169,469.17207449377906,469.739990234375,1470500
2025-09-17,472.16106032848046,479.6136240846742,470.278011325054,478.09918212890625,1698800
2025-09-18,477.13279761252693,478.1789326284887,469.5706212531752,474.2533874511719,1650900
2025-09-19,475.7578538927098,479.1154832864245,472.26072361463287,477.2523498535156,3742100
2025-09-22,475.22979082163505,476.92353463494254,472.54965901716866,476.0069274902344,1562700
2025-09-23,476.6645129503369,481.19780515048234,472.90832701906425,478.1789245605469,1462900
2025-09-24,477.8401578238904,479.97228947905506,471.58320292471683,472.3902282714844,1579400
2025-09-25,472.3902562326569,474.60211149320713,468.1857396709118,472.0415344238281,1536700
2025-09-26,470.99539180205517,473.41646794659215,468.99275749688115,472.6692199707031,1476400
2025-09-29,472.9979985276125,474.96077110556513,469.6702578371097,474.7415771484375,1859600
2025-09-30,471.9618319029361,477.0231781281943,471.4935552903049,473.2570495605469,2171200
2025-10-01,471.04520211291884,473.3367504389765,459.10915001481766,465.09710693359375,2286100
2025-10-02,461.7295055466186,468.56434961230303,461.25128629449733,467.75732421875,1677500
2025-10-03,465.30630900344954,467.70746941431173,461.30107091045795,465.01739501953125,1250700
2025-10-06,465.01738990055054,468.84329573956006,463.39336616458206,466.8306884765625,1539000
2025-10-07,466.38238333929854,468.84332126098644,464.1805011163983,468.64404296875,1283300
2025-10-08,468.58425317783104,469.9591943033679,465.8144552602994,466.11334228515625,1208500
2025-10-09,466.1332976872471,468.27540248985764,455.831242481142,456.4788513183594,1499900
2025-10-10,456.3891596366902,461.34092387412596,451.2580631907991,452.1547546386719,2038900
2025-10-13,454.8846930293458,458.1127944203193,453.330419736981,454.96441650390625,1287400
2025-10-14,451.5868659686575,460.3745095767426,451.40753374945535,457.5648498535156,1664800
2025-10-15,457.345641719875,459.8364682613652,449.1358871689145,449.7635803222656,1838000
2025-10-16,450.38129068328834,450.8097055418008,439.3319880332647,442.6098937988281,3033700
2025-10-17,442.5700802865084,449.67389217427535,441.26488958693733,449.23553466796875,2365300
2025-10-20,450.7000979762227,453.569534984111,448.05982795354663,449.9030456542969,1895900
2025-10-21,448.8967433989912,450.7897958792038,446.73472300615475,448.428466796875,1766100
2025-10-22,448.6775422722645,453.4101125859033,446.1070227224769,448.2690734863281,1856800
2025-10-23,450.91929331757876,451.00898982924963,447.0136943602497,448.428466796875,1527000
2025-10-24,447.89048332602806,448.74731307964976,443.954965145394,444.36346435546875,1593300
2025-10-27,446.007407525019,448.4982341395959,442.6298624465639,443.18780517578125,2337600
2025-10-28,443.83539868334486,445.5789772533214,440.368157209605,441.0954895019531,2110300
2025-10-29,437.1799251346942,437.8275339623094,429.63769497716265,430.4248046875,4087200
2025-10-30,430.8631772342174,433.59311333006457,427.03724099902564,428.3324890136719,3635300
2025-10-31,423.44050283164904,424.84533261912685,412.949142883597,416.76507568359375,4072800
2025-11-03,420.7005979943899,420.7005979943899,407.4992174771,410.66754150390625,4908100
2025-11-04,414.6429388060153,419.774035557757,412.4808879232202,416.40643310546875,3483500
2025-11-05,414.76248966564526,418.24964689746025,413.47721462949454,416.69537353515625,3076400
2025-11-06,414.8222703741284,417.950732790382,412.07238806249785,413.7960510253906,3443900
2025-11-07,415.4698801939609,421.2685318623569,412.48088825011945,418.9670104980469,2563300
2025-11-10,418.97692989521175,420.62089969764025,414.3938334932798,419.12640380859375,2624200
2025-11-11,424.1777776488424,426.8280206793601,420.39173355130094,425.0844421386719,2477700
2025-11-12,426.42951741944336,429.976452094503,423.3408863289772,427.385986328125,2592700
2025-11-13,425.63245067214046,427.4258336159826,419.3754956293705,427.0671691894531,2873300
2025-11-14,427.0671614120619,428.5217955691587,421.5175926930763,421.83642578125,2469700
2025-11-17,420.06292427543224,421.82644887436106,416.0277975595039,416.3167419433594,2249300
2025-11-18,417.1935377638742,417.8411465955423,412.1321611106444,413.1982421875,2586700
2025-11-19,413.2082225731533,414.54330199920565,409.2228999620363,411.683837890625,2635300
2025-11-20,413.07866645725994,414.42371882759244,406.7120994269645,407.0110168457031,2723600
2025-11-21,405.8851768041024,414.8920142104246,404.9287079131295,411.2254943847656,3100100
2025-11-24,408.73464927725115,410.94650439118277,405.21760353000275,406.1741027832031,4038300
2025-11-25,410.1594449037456,411.35502341951513,404.59990294666426,406.35345458984375,3580000
2025-11-26,406.00473310510864,408.9837519691437,405.53645649119295,406.40325927734375,2591500
2025-11-28,406.32356551063424,410.0697480099588,404.97851307674154,408.81439208984375,1160800
2025-12-01,408.5154637307074,410.05979441187094,405.22758489632855,405.64605712890625,2074800
2025-12-02,406.50289883018814,409.8107238336989,402.7865746179067,407.2900085449219,2139800
2025-12-03,408.3399963378906,411.0199890136719,406.0,409.1499938964844,1957500
2025-12-04,407.6099853515625,408.7300109863281,401.92999267578125,403.7300109863281,2859800
2025-12-05,403.9599914550781,404.6099853515625,398.92999267578125,399.57000732421875,3183600
2025-12-08,398.760009765625,399.4200134277344,387.7799987792969,389.3800048828125,4569900
2025-12-09,391.2099914550781,396.8299865722656,390.1000061035156,390.3800048828125,3574700
2025-12-10,389.6199951171875,394.3500061035156,389.0,392.67999267578125,5121700
2025-12-11,395.239990234375,404.2900085449219,394.8699951171875,403.29998779296875,3272500
2025-12-12,406.75,418.0199890136719,406.75,416.239990234375,4726400
2025-12-15,417.42999267578125,421.510009765625,410.0,416.989990234375,4795000
2025-12-16,418.5299987792969,422.7900085449219,414.8999938964844,420.7300109863281,2161593
