Date,Open,High,Low,Close,Volume
2015-12-16,72.43634778261716,72.9248735308594,70.79389828124607,72.68061065673828,2983600
2015-12-17,73.06805971545243,73.45550917451067,72.60480143499687,72.62165069580078,3928200
2015-12-18,72.0741508825543,72.4194899723131,71.40032196044922,71.40032196044922,5821300
2015-12-21,72.20050903021887,72.81537210030332,71.7204079158078,72.47003936767578,3742400
2015-12-22,72.66374297061739,72.83220340631753,71.8214600704423,72.36052703857422,2446100
2015-12-23,72.73956573771413,73.16913189858171,72.54583780599431,72.60479736328125,2804200
2015-12-24,72.41952138913538,72.56270800871414,71.98995510428749,72.31002044677734,1486900
2015-12-28,72.08258371711231,72.18365356865763,71.5014063662884,72.00677490234375,2031100
2015-12-29,72.30159527229388,73.16915246784565,72.09944907992714,72.64693450927734,2097700
2015-12-30,72.8153681287503,73.36285340419175,72.5542624359238,72.60479736328125,1969400
2015-12-31,72.20048875165244,72.22575620961258,70.81914535689255,70.97075653076172,3178500
2016-01-04,70.24638903355783,70.41484302845836,68.89031316845215,69.79998016357422,6907300
2016-01-05,69.82526727996492,71.93097493963751,69.79999981622642,70.84442901611328,7475300
2016-01-06,69.64837894515027,71.49297422936237,69.48834312886228,70.39801025390625,6628400
2016-01-07,68.7555712481675,69.7494656226032,68.08174858356851,68.57027435302734,5833200
2016-01-08,68.78928912968303,69.47996131479597,68.25865285947489,68.43553161621094,5880200
2016-01-11,68.47761863690216,68.99983004646975,66.39717835061691,67.61006164550781,4889300
2016-01-12,67.89644503505919,68.22493494850016,66.97835306269329,67.71956634521484,4329300
2016-01-13,68.00594374047583,68.07332793871447,66.61617517583022,66.79306030273438,4628400
2016-01-14,66.77621152930269,69.6820924450513,66.22030795503855,69.52205657958984,8253700
2016-01-15,67.96380365771982,68.71343486286796,67.45001061696328,68.42705535888672,6674300
2016-01-19,69.32832791205722,71.42561770009316,69.03353007823013,70.10323333740234,9162300
2016-01-20,68.94087773790511,70.3053788175538,67.72799431543925,69.58943939208984,8354400
2016-01-21,69.53888890150967,69.58943025597216,67.87959020876093,68.56184387207031,4930800
2016-01-22,69.40413527359064,70.0442722892992,68.9914183149611,69.47151947021484,3456300
2016-01-25,69.48836440289367,70.07796007586781,68.74715749599605,68.82295989990234,2632800
2016-01-26,68.85664487597626,69.21040224316437,68.14913014160004,69.03352355957031,4583400
2016-01-27,68.73875324248866,70.12009759391336,68.1912677117881,68.86509704589844,4341900
2016-01-28,68.9577113435196,69.47992268944743,64.46834142296413,64.69575500488281,10128700
2016-01-29,65.15901730406196,66.89411833182454,65.04952282089091,66.62458801269531,7042500
2016-02-01,65.87499063168727,66.67516379860274,65.09166673310555,66.03502655029297,4056000
2016-02-02,65.41172592574006,65.95078673818179,64.0893349400272,64.26622009277344,4804200
2016-02-03,64.40096437890588,65.31905628984671,62.48055995924031,64.08931732177734,6966400
2016-02-04,63.97138057728389,64.45990617782086,61.857255227771155,62.56476974487305,6339500
2016-02-05,62.463714462647495,63.86190099280278,61.94992128484984,62.59847640991211,6312800
2016-02-08,61.94990737526493,62.81745769921494,61.3434626834646,62.48896789550781,4348800
2016-02-09,61.84884152849015,63.13753350242776,61.25082136400123,62.109947204589844,5160000
2016-02-10,62.53401687557589,63.500906036360355,61.897905245014414,61.97423553466797,4748700
2016-02-11,61.236376891038894,61.60108134898897,60.07441649102506,60.57482147216797,5425400
2016-02-12,60.70201423487482,60.83772115979321,59.7351250428494,60.447566986083984,6332600
2016-02-16,61.024309764760815,62.27108966262926,61.007349634218805,62.194759368896484,4811300
2016-02-17,62.77151296063679,63.54332523077487,61.99121091729879,63.33977127075195,4000300
2016-02-18,62.27108941820131,63.229501797056216,62.050575367708326,62.313499450683594,5620000
2016-02-19,61.651979020575325,61.97427344771453,61.23638117534387,61.58412551879883,6650800
2016-02-22,61.83853769436053,62.457682750549935,61.15153270417875,61.9233512878418,5672600
2016-02-23,61.999682034557104,63.187091764573935,61.96575530274377,62.313499450683594,4411200
2016-02-24,62.19477502536524,63.000514081622626,61.609550075977054,62.84784698486328,3636100
2016-02-25,62.992034362280364,63.51788916344723,62.56795978836451,63.458518981933594,4306800
2016-02-26,63.96740978715472,64.28122731417146,62.26263458945861,62.42377853393555,4807700
2016-02-29,62.22868534448611,62.22868534448611,61.04975892483991,61.06671905517578,5730200
2016-03-01,61.6010542965621,61.753721362400505,60.94798246933616,61.69435119628906,4541700
2016-03-02,61.68589204325847,62.80544868994874,61.439928007207584,62.779998779296875,6738800
2016-03-03,62.59340720851953,62.66973752277321,61.558664253985974,62.126922607421875,4526500
2016-03-04,62.228707845656956,62.813926381357454,61.83007669456845,62.42377853393555,3481600
2016-03-07,62.05906943154306,62.729108011488,61.74525839913257,62.254146575927734,3443100
2016-03-08,61.864003409060636,63.22952410982274,61.82159336161248,61.91489028930664,3278900
2016-03-09,62.34742796705313,62.71213225590724,61.914870212630206,62.37287139892578,2372000
2016-03-10,62.763039479036244,62.941150030783795,61.43144552189669,61.93185043334961,4419200
2016-03-11,62.313529884209544,63.568787220050176,62.07604911639459,63.31434631347656,3527200
2016-03-14,62.98354595187656,63.271913503115236,62.58491489033568,62.68669509887695,3201800
2016-03-15,60.76989778703972,61.06674874370406,59.03118915807415,60.42215347290039,13748200
2016-03-16,60.46455824427334,61.830078996521145,60.36277800907907,61.47385787963867,5287400
2016-03-17,61.26179507111816,61.363568793076176,57.57234234944517,58.573158264160156,15421600
2016-03-18,58.69190956489888,60.260990427767446,58.57316921983018,60.176170349121094,10131700
2016-03-21,60.04896603328312,60.26100333358304,59.234737105770336,59.582481384277344,5900100
2016-03-22,59.54856671552773,61.2703089077753,59.50616312938769,60.9989013671875,7655400
2016-03-23,61.210911446593805,61.261804786506175,60.14224837138375,60.362762451171875,3884400
2016-03-24,59.921734796170966,60.59177335705652,59.54006382128311,60.32036590576172,2892900
2016-03-28,60.515415753991014,60.617195939784104,59.692710380366954,59.896270751953125,2661900
2016-03-29,59.99804898311596,61.01583150507283,59.930201991675354,60.81227111816406,3814800
2016-03-30,61.04976826614611,61.34661912391339,60.277949565087795,60.88013458251953,3081000
2016-03-31,60.871661560651596,61.34662948415539,60.30340318397749,61.07522201538086,3680000
2016-04-01,60.72747558331603,62.50858743778461,60.66810540386255,62.2711067199707,4083600
2016-04-04,62.38986415636628,62.584941354175655,61.82160564450029,62.067569732666016,2796300
2016-04-05,61.72827479672716,62.46616665596968,61.47383401381981,61.948795318603516,3591800
2016-04-06,61.74527054224695,63.66208326750696,61.74527054224695,63.40764236450195,5669100
2016-04-07,63.19558454612934,63.746882696794934,62.63580309352209,63.263431549072266,3724100
2016-04-08,63.84866707686906,63.84866707686906,62.64429683498634,63.093814849853516,3224900
2016-04-11,63.170147472444334,63.39066157822575,62.59340582873894,62.72062301635742,3351100
2016-04-12,62.57644800788723,63.85715513357153,62.36441070427099,63.24648666381836,2849800
2016-04-13,63.38218664097062,63.81473803353183,62.83088841830903,63.746891021728516,2341600
2016-04-14,63.86563874701684,64.315156797523,63.441564137729515,64.14552307128906,3022100
2016-04-15,64.13702860703285,64.6713601383372,63.6875042092347,64.0606918334961,3007500
2016-04-18,64.10313787829176,65.52802923300466,63.772360105846516,65.49410247802734,4088400
2016-04-19,65.79939141477124,66.57968682841576,65.00212939990787,65.51950073242188,3819600
2016-04-20,65.54493998136698,65.96053109263879,64.95123839383582,65.37531280517578,4049400
2016-04-21,65.45165842746222,66.2404372761871,65.23114434092321,65.62129211425781,3286600
2016-04-22,65.39229997740586,66.10474864793805,65.24811617093,66.0114517211914,2697200
2016-04-25,65.69761437116256,66.15561556310294,65.43469027742115,66.10472869873047,3767100
2016-04-26,64.98515831997548,66.41004845174105,64.53563405549157,64.68830108642578,5347300
2016-04-27,64.90033779017014,65.44315892903819,64.30663626918187,64.89186096191406,3690900
2016-04-28,64.56109689518834,65.0190980798036,64.17942600591098,64.8494644165039,4383000
2016-04-29,64.89188068638832,64.89188068638832,63.695987510930614,64.0606918334961,3386600
2016-05-02,64.41691430423755,65.37532682068714,64.29817396127513,65.0954360961914,3571900
2016-05-03,64.74767886079908,65.01060939944105,64.11156723550292,64.67134857177734,3270700
2016-05-04,63.755375484991916,64.13704651753221,63.29737412846257,63.50093460083008,4176800
2016-05-05,63.373671029699075,63.94192909789456,63.22948730568427,63.84014892578125,3446400
2016-05-06,63.37367654327297,63.568747134885285,62.20322711015299,63.27189636230469,4196900
2016-05-09,63.42458127472031,64.37451048557995,63.4076211418761,64.11157989501953,2963200
2016-05-10,64.7052912765277,65.41773336673835,64.50173731801948,65.20569610595703,4366000
2016-05-11,64.86418663360396,65.79483984875246,64.7531867540919,65.15447998046875,3716300
2016-05-12,65.50453631961477,65.69237622736517,64.34335008449996,64.85563659667969,4081900
2016-05-13,64.73610048822307,65.78629332963429,64.5226472412276,65.17154693603516,3629700
2016-05-16,64.87272546271794,66.99871836456393,64.75318562976268,66.84503173828125,4580100
2016-05-17,66.77672562077002,67.20363219539257,64.47996616479594,65.22278594970703,7153300
2016-05-18,65.23131358463084,65.61552682359223,64.55680054243602,65.17154693603516,4664900
2016-05-19,64.13843129960101,64.2323512454475,62.96016525682706,63.44683837890625,4848800
2016-05-20,63.85668301275639,64.4970428425906,63.76276304992121,63.873756408691406,4689200
2016-05-23,64.03597561189122,64.15550891190732,63.11385599970168,63.25046920776367,4440500
2016-05-24,63.651777180060144,64.2067505532832,63.489550586244164,64.02745056152344,3711800
2016-05-25,64.4543387027285,64.46287865629313,63.56637244021098,63.643218994140625,4621700
2016-05-26,63.69445115121411,64.54826418679092,63.4126912860954,64.4799575805664,2654600
2016-05-27,64.47997051892823,64.650737068755,63.754230595878404,64.02745056152344,3247500
2016-05-31,64.04451870724375,64.57387862925788,63.7883721866019,64.06159210205078,4438800
2016-06-01,63.95061841432339,64.41167838480072,63.762778443305365,63.984771728515625,2450200
2016-06-02,64.22381290659777,64.61656609270443,63.950593015650696,64.42872619628906,3231000
2016-06-03,64.46287429303435,64.5482542806736,63.395608162354975,64.138427734375,5319000
2016-06-06,64.1299052959,64.46289189848785,63.352932213810135,63.89937210083008,3253800
2016-06-07,63.71152703009186,64.07866687273156,63.61760708099267,63.77982711791992,2902900
2016-06-08,63.74566469636382,64.11279793488193,63.52367155166086,63.9591178894043,3194900
2016-06-09,63.83960210173819,64.49704183127578,63.38708220466986,63.54930877685547,2760500
2016-06-10,63.25900626828326,63.34439278524717,62.47349981919794,63.13947296142578,4124200
2016-06-13,63.250473430993445,64.01036653786646,62.9004069475179,63.0626335144043,3767000
2016-06-14,62.78940263900317,63.49806892282693,62.37956957303413,63.45537567138672,3691900
2016-06-15,63.80546729355973,63.94207402678476,62.849194104671845,62.934574127197266,3408900
2016-06-16,62.729626434356575,63.58343922042034,62.28564013772164,63.395599365234375,4788700
2016-06-17,63.7371466175759,64.10428649616104,62.729646940115074,63.0626335144043,6604900
2016-06-20,63.566392318510054,63.77984562584431,62.516205694309186,62.56743240356445,3640100
2016-06-21,62.92601080179273,63.01139730668619,61.92705122966636,61.961204528808594,5999200
2016-06-22,61.901430430561184,63.10530965258739,61.901430430561184,62.38810348510742,4410800
2016-06-23,62.83206173620078,63.13090133666992,62.499075366491525,63.13090133666992,2989700
2016-06-24,61.85874801612466,64.13843363155799,61.36354143665523,63.46392059326172,10471300
2016-06-27,63.233369536389596,64.09572222904632,62.49909005774315,63.94203567504883,7657800
2016-06-28,64.14695970623387,65.10323248251966,62.96870026997803,64.1640396118164,8012300
2016-06-29,64.78732761193754,66.80232679804165,64.77879417213605,66.7254867553711,7123700
2016-06-30,66.768185502783,67.2890120436807,66.13636559782151,67.23778533935547,4017200
2016-07-01,67.35729687181458,67.73297661955728,66.91331704508934,67.40852355957031,2909600
2016-07-05,67.28900661630071,68.21966625896742,67.23777991610731,67.99767303466797,3286600
2016-07-06,67.72444654586018,68.64656614442426,67.53660664458864,68.32211303710938,4669800
2016-07-07,68.1598956261762,68.34773553469192,67.15239599201797,67.72444915771484,3587300
2016-07-08,67.72444021158212,68.21965326605763,67.39145369559097,68.01473999023438,3134900
2016-07-11,67.91228148094035,68.10865480767234,67.40852846308844,67.57075500488281,3461400
2016-07-12,67.98912398246361,68.1684239232256,67.42561081350821,68.02327728271484,4430000
2016-07-13,68.22817502347328,68.33062837702398,67.73296210106545,67.75857543945312,2917200
2016-07-14,67.8781164170491,68.89415571584591,67.792736441352,68.80876922607422,3823800
2016-07-15,69.14178919826034,69.15886259443539,68.25382277338326,68.49288940429688,4529100
2016-07-18,68.62092775010204,68.80876106873801,68.18548145737242,68.26232147216797,3087600
2016-07-19,68.1769438159183,68.5184702038614,67.94641724964929,68.27940368652344,3303700
2016-07-20,68.53557320442084,68.7490264748538,68.29650658378823,68.54411315917969,2811100
2016-07-21,68.47581700625852,68.81734359392144,68.32213036751412,68.6465835571289,2685900
2016-07-22,68.646549607105,69.76504227731033,68.54408972725561,69.66258239746094,4315900
2016-07-25,69.66256678601498,70.0126330781609,69.15882047964675,69.99555969238281,4180100
2016-07-26,70.65300470738032,71.16529105199058,69.69673208712003,70.08948516845703,5134900
2016-07-27,70.22610647945072,71.37021256463956,70.14072649779224,71.20799255371094,4057200
2016-07-28,71.07992151834243,71.19945479916917,69.96996218029376,70.80670166015625,4862000
2016-07-29,70.92622378463058,71.25067027954428,70.55908404724767,70.77253723144531,3016200
2016-08-01,70.88352844096998,71.54096787669191,70.81522837474776,71.0201416015625,3131100
2016-08-02,70.98600762342662,71.46414078743028,70.49933450604406,71.13969421386719,3340100
2016-08-03,71.22509275814578,71.22509275814578,70.32005288651517,70.62742614746094,2940900
2016-08-04,70.88353269269236,70.88353269269236,70.32855960820056,70.37124633789062,2093800
2016-08-05,70.37125005585726,70.45663003382275,69.19299072615416,69.63697052001953,5886900
2016-08-08,69.53452826496843,69.88458818479526,68.69778871340112,69.67113494873047,4227300
2016-08-09,69.79921528166788,70.13220184261945,68.90270899352046,69.58576202392578,2242800
2016-08-10,68.40750307675061,69.29546941960992,68.02328330049069,68.77464294433594,4956700
2016-08-11,68.72307367417784,69.31595392312035,68.72307367417784,69.221435546875,2408000
2016-08-12,68.90353710474281,69.35894038997695,68.65435281449356,68.92931365966797,2525000
2016-08-15,69.02380101741831,69.27298519558286,68.80039338258445,68.96365356445312,2780400
2016-08-16,68.95508788615689,69.08397721201406,68.60279083251953,68.60279083251953,2158700
2016-08-17,68.87775075057746,69.0410044270719,68.37938224098187,68.83478546142578,2519500
2016-08-18,68.82617687474412,69.06676671089531,68.3020319221656,68.55121612548828,3037200
2016-08-19,68.3535872652817,68.55980617534232,67.69195870194835,67.93254852294922,3745500
2016-08-22,68.15594927119443,68.65431759603877,67.8981707430114,68.13017272949219,3157000
2016-08-23,68.46528404703191,68.7144682209706,68.2590651483029,68.37076568603516,3406900
2016-08-24,68.48248040907615,68.73166463463029,67.1764183724834,67.39982604980469,3423000
2016-08-25,67.39983657288843,68.02708786309323,66.8499149394556,67.03035736083984,2800500
2016-08-26,67.06468983118671,67.7263116635915,66.88424095767891,67.22794342041016,2602300
2016-08-29,67.30530463065936,67.65759503324038,67.06471478390517,67.53730010986328,2203300
2016-08-30,67.53730901964528,67.53730901964528,66.70383225801876,66.82412719726562,2025700
2016-08-31,66.92722545517759,67.09907345813355,66.61789380539197,66.80693054199219,2182600
2016-09-01,66.80693910838531,67.02175241741548,65.99065115630341,66.3601303100586,3544700
2016-09-02,66.60932864456011,66.70384705430342,65.68992765889843,66.03363037109375,3943400
2016-09-06,66.26560717876238,67.62322221225736,66.26560717876238,67.45996856689453,5528600
2016-09-07,67.44280063756823,67.78650332451946,67.24517601759013,67.52872467041016,2971400
2016-09-08,68.76605454455394,68.88634950658833,68.23332158571124,68.64575958251953,4405400
2016-09-09,68.41371658905399,68.41371658905399,67.1935725185791,67.22794342041016,4152500
2016-09-12,67.01315577375463,68.13018756501043,66.858489934282,67.94974517822266,3288900
2016-09-13,67.76931237521313,67.76931237521313,67.01316525060031,67.4342041015625,3149000
2016-09-14,67.59746425347285,68.08723843539956,67.038948225343,67.27095031738281,2660900
2016-09-15,67.1248590300912,67.93255254042028,66.82411518047344,67.72633361816406,2652300
2016-09-16,67.62323689988793,67.80368587464135,67.16783366737427,67.70916748046875,4255100
2016-09-19,67.70057516844423,68.19894370639173,67.44279653003468,68.01850128173828,3321500
2016-09-20,68.42234029303492,69.04100373939383,68.13019730757802,68.63715362548828,3629400
2016-09-21,68.56841509972189,69.59951642451885,68.46530234500925,69.4878158569336,3147600
2016-09-22,69.64246730707102,69.9947576738726,69.36750657362309,69.84868621826172,2639800
2016-09-23,69.57373167882382,69.99476390536627,69.40187710788086,69.73699188232422,2197700
2016-09-26,69.5995175981222,69.72840690479077,68.31063764260142,68.32781982421875,4332800
2016-09-27,69.27299020099143,69.53935657542952,68.40514269785996,69.49639129638672,6888900
2016-09-28,69.46205002162644,69.74560525089858,68.75746241153396,69.35034942626953,2467800
2016-09-29,69.04101372273286,69.14412649723035,68.07865404975738,68.5168685913086,3269200
2016-09-30,68.82616992591514,69.29876173891356,68.76602247294996,68.96365356445312,3623000
2016-10-03,68.74027958622685,69.65968056346928,68.47391310061707,69.59953308105469,3983500
2016-10-04,69.65105785283129,69.95180169811933,69.32454401766122,69.69402313232422,3184100
2016-10-05,69.90025488721828,70.53610049586868,69.7971486864321,70.24395751953125,3560400
2016-10-06,69.8143201869637,70.26972331898256,69.36751142222298,70.00335693359375,2994200
2016-10-07,70.08927828829395,70.72512377561198,69.85728282521211,70.53608703613281,4241400
2016-10-10,70.57047723002727,71.52424899938978,70.5447006777066,71.36958312988281,4608400
2016-10-11,70.97432022203657,71.18913354386814,69.81432959526252,70.2955093383789,4218200
2016-10-12,70.29551511705907,70.64781214050313,69.13552439492736,69.1784896850586,3629800
2016-10-13,68.68012504573926,69.16130485560643,68.39656984824614,68.74027252197266,3565000
2016-10-14,68.88635130931895,69.01524064503845,68.06146873853172,68.11302185058594,3143900
2016-10-17,68.33640312793095,68.33640312793095,67.03034120226766,67.4771499633789,3884700
2016-10-18,67.95832560226987,68.00988524687664,67.45136941196708,67.68336486816406,3218300
2016-10-19,67.8466399488597,68.16456603065441,67.47716076672407,67.50293731689453,2988500
2016-10-20,67.64902784703412,67.97554180209804,67.35687826148542,67.6576156616211,2661900
2016-10-21,67.48576417267427,67.69198315723624,67.09050838743744,67.23657989501953,3215000
2016-10-24,67.44278651094744,67.61464109621801,66.54057452170994,66.65227508544922,4363200
2016-10-25,66.05937796241344,67.26233364984849,64.87361100862265,66.80693054199219,8496000
2016-10-26,66.52340271488441,66.72103389934504,65.62119049604357,65.956298828125,2988700
2016-10-27,66.47181295835539,66.52336604084422,65.41492887827306,65.44071197509766,3789900
2016-10-28,64.97674309858198,65.02829620370885,63.464455310891154,64.04015350341797,5651500
2016-10-31,64.12608042874048,64.22059882946697,63.412905071781594,63.447269439697266,3562100
2016-11-01,63.421511442087485,63.5675895485943,61.737375031384,62.708335876464844,8190500
2016-11-02,62.854354870378074,63.14649772793969,62.41613402845588,62.42472839355469,4433900
2016-11-03,62.562252177202474,62.966102415894746,61.7631460713348,61.960777282714844,4843200
2016-11-04,61.96935006833377,62.75126715880106,61.58268215177931,62.287269592285156,3617200
2016-11-07,62.914536017761826,63.524605154990994,62.7684645107316,63.48163986206055,4969400
2016-11-08,63.21526733400916,63.9885966434485,63.034824921070424,63.6019287109375,2690800
2016-11-09,66.29139268436273,68.13878857036552,65.80161857091849,67.35686492919922,7332700
2016-11-10,68.29094309112561,68.9309526223843,67.4606588509356,67.75471496582031,6904800
2016-11-11,67.43469858812851,67.53847997113351,66.41413986467552,67.17523193359375,3072700
2016-11-14,67.46932692647077,67.66824573826526,66.32768497653966,66.61309051513672,3221700
2016-11-15,66.96765013314443,67.06278744890605,65.8865502708623,66.87251281738281,3097600
2016-11-16,67.04549440147805,67.04549440147805,66.44008104354776,66.54386901855469,1922300
2016-11-17,66.59577472324914,67.29632556660617,66.36225997496753,67.2098388671875,4519200
2016-11-18,67.09737704399814,67.3914330112396,66.18059996113689,66.31033325195312,4571600
2016-11-21,66.42280019425554,66.63036958903106,65.81738011160147,66.28441619873047,4060300
2016-11-22,67.29633376798623,67.29633376798623,65.29846239433279,65.72225189208984,5208800
2016-11-23,55.64638330575305,59.183746399315545,55.50800591889257,58.81184768676758,53877200
2016-11-25,59.27021973639071,59.79779701435488,58.62155979776362,59.78050231933594,8620700
2016-11-28,59.183751052140984,59.183751052140984,58.033458827722,58.11994552612305,12507700
2016-11-29,58.43993867363659,58.500480006938005,57.49722268387026,58.076690673828125,8930000
2016-11-30,58.20644087853803,58.65617568521264,57.782644823936394,58.05076217651367,9085300
2016-12-01,58.197790142704235,58.206440792390666,56.78803777538463,57.056148529052734,7168100
2016-12-02,57.341557555327654,59.149153932148664,57.04749486812233,58.56103515625,12272200
2016-12-05,58.95024958447148,59.07997636203644,57.72211443590978,58.17185592651367,7286000
2016-12-06,58.119940709530326,58.7513060927076,58.05939936581565,58.63887405395508,4617200
2016-12-07,58.16318366052658,58.27561569213867,57.566414311445186,58.27561569213867,5835900
2016-12-08,57.99021111126829,58.180479183191615,57.41938709996454,58.11129379272461,4811400
2016-12-09,58.27562273170986,58.958878849068064,58.137245337510905,58.6821174621582,4350800
2016-12-12,58.79456021114532,59.27889102242758,58.31022280135064,58.474552154541016,5273700
2016-12-13,58.80319452029592,59.58158790840665,58.80319452029592,59.3653678894043,6010900
2016-12-14,59.175103652847945,59.60754376711637,58.414011427200016,58.52644348144531,6140300
2016-12-15,60.86160623084674,61.916754257851565,60.24754224027037,61.72648620605469,14320800
2016-12-16,63.01516071395029,63.750307433750656,62.0637939825315,63.404354095458984,17584700
2016-12-19,63.551397571664054,64.42492178936635,63.39571887767054,63.4995002746582,6102400
2016-12-20,63.69841081234111,64.087604157617,63.13623751476779,63.46488952636719,6001500
2016-12-21,63.42165475522101,63.90598546486323,63.222729443183084,63.35246276855469,5054100
2016-12-22,63.27462781639413,63.55138916928959,62.85948248779537,63.361114501953125,4827500
2016-12-23,63.551389264295395,64.00112398898116,63.361114596674476,63.81949996948242,2570100
2016-12-27,64.053027307075,64.39898071653498,63.724375197269865,63.83680725097656,2786700
2016-12-28,63.707089615660095,63.81087103439546,63.11032006387817,63.18815612792969,3256800
2016-12-29,63.47357356613344,63.88871907153881,63.343840183287135,63.620601654052734,3031600
2016-12-30,63.54274266949647,63.784908044275596,63.33517329090173,63.611934661865234,2933900
2017-01-03,63.94923265025187,64.5805913880485,63.603279312487835,64.52005004882812,3622700
2017-01-04,64.82275905433737,64.86600569754026,64.32977767497651,64.62384033203125,3021600
2017-01-05,64.80547188247034,67.34822171264464,64.37303179426448,65.37628936767578,3310800
2017-01-06,65.26385630428192,65.79143373156154,64.89195757027353,65.44548034667969,2296500
2017-01-09,65.44547451330409,66.26711455397694,65.3070971307926,65.96440124511719,3204100
2017-01-10,66.11143587458187,66.21521726183765,65.56655719744344,65.96440124511719,3559400
2017-01-11,66.17199703759835,66.52659454778959,64.00114552425931,65.09089660644531,7701700
2017-01-12,64.73626771360955,67.02820106989523,64.6584316796523,66.72549438476562,11900700
2017-01-13,66.52658129834211,67.5644414646566,66.05954521327739,66.94172668457031,5602600
2017-01-17,66.64764266306618,66.64764266306618,65.61844007398544,66.46601867675781,4913300
2017-01-18,66.87253702099875,67.20983977223217,66.49198762021753,67.05416107177734,3360300
2017-01-19,67.00227625967264,67.13200962120543,66.38821205349784,66.4573974609375,4439200
2017-01-20,66.6130586503062,66.95036794095623,66.13737858117985,66.43143463134766,4371200
2017-01-23,65.93849077318583,66.4920137930131,65.8693053445936,66.00768280029297,5055100
2017-01-24,65.90386154452688,66.10278687257411,64.14815598226535,64.73627471923828,6594300
2017-01-25,64.96979604340294,65.38493479978878,64.23464267330311,64.73627471923828,4830800
2017-01-26,64.84872288370427,65.16872434740915,64.46817346901464,64.50276947021484,3748000
2017-01-27,64.79681992019809,65.2119652998093,64.4422224862805,65.19466400146484,3132800
2017-01-30,64.94384722487744,65.02168986951813,64.21735106696116,64.6065444946289,5909600
2017-01-31,64.21735351027428,66.8379394058407,64.00113346478514,66.62171936035156,6964100
2017-02-01,67.36550104435453,67.95361969408414,66.51792236000074,67.11468505859375,4959200
2017-02-02,66.58710638808186,67.38280096752717,66.20656369201022,66.93305969238281,3830900
2017-02-03,67.00227002258116,67.3568674726817,66.3449592242454,66.7947006225586,3836300
2017-02-06,66.5266000627688,67.33093911416597,66.38822262733682,67.31364440917969,2835500
2017-02-07,67.18387717872706,67.46928915606011,66.87251985772927,67.201171875,3346800
2017-02-08,66.97631047697723,68.02281450336615,66.76009047321479,67.55577850341797,2820800
2017-02-09,67.55577583444604,67.97091453010268,67.19252782611882,67.201171875,2962600
2017-02-10,67.34822184408227,67.67687393629578,67.1147005008286,67.2790298461914,2598600
2017-02-13,67.54021807604711,67.96685933821021,67.50538926892338,67.71435546875,2097500
2017-02-14,67.47929554964557,68.63732892563665,67.26162040271123,68.61991119384766,3311200
2017-02-15,68.21068449127212,70.12622987216909,67.95818715313496,69.87372589111328,4272800
2017-02-16,69.69958105782153,69.98690718811976,69.1423332422666,69.69087219238281,3629600
2017-02-17,69.77793797179307,70.52674093787553,69.71698920213136,69.99561309814453,3111100
2017-02-21,69.80404722546989,70.41354147158958,69.75180732888582,69.969482421875,3178800
2017-02-22,70.02174315139752,70.7095974470444,69.9433832832077,70.58769989013672,3468800
2017-02-23,70.85759537986111,72.1636459654714,70.64862914618016,71.8763198852539,6193500
2017-02-24,71.76314137918581,72.47711560070833,71.60641500651413,72.15496063232422,4016000
2017-02-27,72.12010855371143,72.61640746663616,71.97209109473232,72.32036590576172,3104200
2017-02-28,72.11142340458875,72.6860889890167,71.90245712066877,72.10271453857422,3672000
2017-03-01,72.6512559751205,73.26074370259582,72.24202565399366,73.00823974609375,3420600
2017-03-02,73.02566830201825,73.09531930768436,72.12884102305269,72.1897964477539,3371600
2017-03-03,72.00692282610405,73.05176732672642,71.91985411178145,72.94728088378906,2649100
2017-03-06,72.4858139725582,73.38263439187442,72.2246011749496,72.9908218383789,3960100
2017-03-07,72.22460197946533,72.39003719598809,70.84890027309913,72.04175567626953,5570600
2017-03-08,72.04175533371247,73.13013092583432,71.98080656627035,72.62512969970703,4491800
2017-03-09,72.85150850330008,73.80927771502206,72.71219987902734,73.61772918701172,5861600
2017-03-10,73.57417564826791,73.61771332061086,73.05175679473327,73.45227813720703,3629400
2017-03-13,73.58288844970988,73.61771726086515,72.99081194590315,73.26072692871094,2248500
2017-03-14,73.13882345629642,73.61771126704569,73.06916583965726,73.53934478759766,2839100
2017-03-15,73.51325126383222,75.00214847931707,73.46101135403504,74.77576446533203,4883900
2017-03-16,74.47971184426042,74.47971184426042,72.96469503205392,74.00082397460938,4742800
2017-03-17,73.52193534308685,73.7918503099328,72.99080762948176,73.10399627685547,5786900
2017-03-20,73.66128794292224,73.88767201583101,73.11274881852182,73.19110870361328,3121900
2017-03-21,73.43488406211016,73.96601194975578,72.81668744465276,72.90376281738281,4066200
2017-03-22,73.21718533522095,73.61771332061086,72.6773553984988,73.45227813720703,2850300
2017-03-23,73.06919679508566,74.0530927789179,73.06919679508566,73.50454711914062,3021100
2017-03-24,73.40003390705017,73.99211034417749,73.01692367040434,73.29554748535156,2479100
2017-03-27,73.0517814527606,73.5219605725217,72.91246616857136,73.34781646728516,2340300
2017-03-28,73.37392335258916,74.00953759837643,73.173665970886,73.79186248779297,2755000
2017-03-29,73.61772735114187,73.80057365258119,73.41746332027932,73.5219497680664,2066600
2017-03-30,73.63514765011114,73.966011478455,73.20850622670912,73.80058288574219,3204100
2017-03-31,73.48713073693777,73.95730985020776,73.20850681532424,73.23462677001953,3151900
2017-04-03,73.25202341117216,73.844099958189,73.19978351208499,73.53064727783203,2429900
2017-04-04,73.60031225012146,75.21981571261081,73.39134599000215,74.95860290527344,4624600
2017-04-05,74.81057887140216,75.50714186810065,74.50583505144046,74.55807495117188,4056300
2017-04-06,74.41876799773607,74.79316945430327,74.11402417097607,74.32299041748047,2684600
2017-04-07,74.3055733175859,74.58420383917338,73.93117850076655,74.28816223144531,2808500
2017-04-10,74.4100838572605,74.74965661175277,74.20982640867246,74.41879272460938,1994900
2017-04-11,74.41876116151518,75.00212881099775,74.28815477835369,74.81928253173828,2699200
2017-04-12,74.65386413331683,75.1762831405858,74.59291535985075,75.0979232788086,2545100
2017-04-13,74.90637088274335,75.15887485162698,74.68869573469728,74.77576446533203,2172500
2017-04-17,70.78795054723365,72.25942981767854,70.62251533295012,71.72830200195312,12424500
2017-04-18,71.31904671335678,71.48447521130993,70.4309289120739,70.70084381103516,8210800
2017-04-19,70.63123329414876,71.14494344667956,69.55155979429317,70.43096923828125,5504500
2017-04-20,70.69215154510194,71.57155396645909,70.30904133038611,71.34517669677734,3267200
2017-04-21,71.24074035666813,71.60643310435464,71.1101339059458,71.30168914794922,3204000
2017-04-24,72.11142343676943,72.90376417148548,72.02435470534044,72.63384246826172,4813600
2017-04-25,72.01560279133425,72.01560279133425,70.09135641244058,70.70084381103516,9221100
2017-04-26,70.82276898058203,71.14493052746118,70.46578526266671,70.49190521240234,4421700
2017-04-27,70.50062654656375,71.04916551678703,70.25683144868675,70.81407928466797,3219200
2017-04-28,70.84889772277381,71.6151117242395,70.70087359825253,71.44967651367188,3161800
2017-05-01,71.47580889480481,71.58900422400242,71.17977388011221,71.24072265625,2397200
2017-05-02,71.38003219660095,71.38003219660095,70.96209302034573,71.13623046875,3626500
2017-05-03,70.75312414817799,71.01433031116541,70.73570641822826,70.74441528320312,3373200
2017-05-04,70.83149237803872,72.35521842581487,70.77925246784885,72.302978515625,3567100
2017-05-05,72.32037293237012,72.363910609437,71.45838139836417,71.84149169921875,3135600
2017-05-08,71.71089642684368,71.75443411065932,69.96949536090364,70.23941040039062,4712900
2017-05-09,70.36998438200398,70.47447078926285,69.96075425721693,70.34386444091797,3988100
2017-05-10,70.38740619292903,70.62249898437473,69.82145633534195,70.57025909423828,4018500
2017-05-11,70.73677589208167,70.9821452008237,70.02695657953335,70.29861450195312,3920500
2017-05-12,70.39500825878915,70.64037755957054,69.87797435858947,70.27232360839844,2935200
2017-05-15,70.27231734992547,70.5352101405728,69.60631024582503,70.36871337890625,2559100
2017-05-16,70.30736319146072,70.36870550432843,68.70369127330568,69.22071838378906,7170100
2017-05-17,69.22074132415173,69.25579504109476,68.28307612481741,68.47586822509766,4486000
2017-05-18,68.85270077490054,69.17694270560251,68.38825063485052,68.61609649658203,2928200
2017-05-19,68.7913330767974,68.97536004451436,68.1165675285019,68.17790985107422,5091800
2017-05-22,68.26555073729176,68.36194678478853,67.34540907875441,67.45933532714844,6936500
2017-05-23,67.64337462638977,68.66867093356677,67.49439463491368,68.34442901611328,5884800
2017-05-24,68.34439621267788,68.59853056343734,68.1778994686574,68.31810760498047,2253800
2017-05-25,68.62481918038499,68.75626890470045,68.14284577230923,68.65110778808594,1736700
2017-05-26,68.45834550774045,68.65989602524682,68.10781502003589,68.39700317382812,2238900
2017-05-30,68.3093587682237,68.94031224640312,68.13409688464598,68.6598892211914,3244900
2017-05-31,68.77382280232686,70.02696479249911,68.77382280232686,69.72901153564453,5163900
2017-06-01,69.75528819688944,70.30737579749814,69.56249612593477,70.09705352783203,3093100
2017-06-02,70.51767971901168,71.03470683669063,70.01817611133426,70.2197265625,4005700
2017-06-05,70.10580484921826,70.16714716102891,69.21195877914737,69.53619384765625,2814800
2017-06-06,69.58879457374508,69.63260670088297,69.01041833470249,69.30836486816406,2688000
2017-06-07,69.36971567548038,69.70271593075557,69.30836666143807,69.5712661743164,2899900
2017-06-08,69.57127013938964,70.50893531623794,69.52745132280845,70.1934585571289,4610400
2017-06-09,70.19347375127327,71.14866933584165,69.84294320018566,71.01721954345703,4599300
2017-06-12,70.94707031469231,71.23625835047015,70.84190920555213,70.89449310302734,2842400
2017-06-13,71.16617919319525,71.23628662711725,70.31614494287624,71.20123291015625,4492900
2017-06-14,70.89451888780896,71.5167073001092,70.78059264001884,71.50794219970703,4025600
2017-06-15,71.32391407152427,71.9899212894279,70.94709498997766,71.90229034423828,3484800
2017-06-16,72.06878024902454,72.34920325832768,71.56051814115831,71.75330352783203,4903200
2017-06-19,71.87595681276915,72.52444017103284,71.74451380780529,72.15637969970703,2538000
2017-06-20,72.05127408791311,73.33070479384399,72.05127408791311,72.5157241821289,3694700
2017-06-21,72.82241151426858,73.09407608449443,72.19145813102458,72.41930389404297,3781400
2017-06-22,72.5945562568348,74.2771006207012,72.5945562568348,73.88275146484375,4891600
2017-06-23,73.71626663186152,73.9090520063825,73.35697112200346,73.51470947265625,3928000
2017-06-26,73.6899647660013,74.00544143918307,73.31315246361234,73.8564682006836,2952800
2017-06-27,73.76884374990925,73.90029348957061,72.76983642578125,72.76983642578125,2365800
2017-06-28,73.12912217259415,73.5409948861592,72.64714872852899,72.8224105834961,3035300
2017-06-29,72.81364333893855,72.92756955853946,72.13011276457708,72.47187805175781,2366800
2017-06-30,72.70850307385967,72.84871124386449,71.85846889645215,72.12136840820312,5713900
2017-07-03,72.21775037528886,72.65591168560375,72.13887786281046,72.47187805175781,1464700
2017-07-05,72.41053573574617,72.52446195534708,71.8847435005305,72.47187805175781,2263600
2017-07-06,72.13889571240944,72.35797642177485,71.30639169114595,71.50794219970703,3391000
2017-07-07,71.52547514425429,72.16518709608577,71.3589716592894,72.11260986328125,1803700
2017-07-10,72.14766250619147,72.35797812009103,71.76207830919823,72.10384368896484,2269700
2017-07-11,72.2002301035426,72.59457266270833,71.75330363355934,72.16517639160156,2708900
2017-07-12,72.4982002766414,73.62865099365736,72.39303911621069,73.17296600341797,3527000
2017-07-13,73.22551635746433,73.81265759704523,72.8749926563433,73.62862396240234,2944100
2017-07-14,73.70752341558702,74.11939626933739,73.44462385784448,73.91783905029297,2005700
2017-07-17,73.88275064261529,74.07554266966977,73.10282412284785,73.29561614990234,1989100
2017-07-18,73.1817011916527,73.40954025073572,72.9275668388502,73.34819793701172,1704500
2017-07-19,73.19048037850987,73.85648760642107,73.19048037850987,73.81267547607422,2297400
2017-07-20,74.07554902086875,74.5925828364642,73.97039458677612,74.26834106445312,2980600
2017-07-21,74.15442993197296,74.45237644339937,73.88276534623583,74.18948364257812,3064400
2017-07-24,74.18948178588695,74.95187824358142,74.0580320458602,74.25958251953125,3952200
2017-07-25,73.38326729790488,73.96164353852721,70.7805875867288,72.02497100830078,13319900
2017-07-26,71.48164227304416,71.75330017021001,71.01719231241417,71.71824645996094,7030500
2017-07-27,71.64814985618814,72.77860700510456,71.38525035706823,72.75231170654297,5577400
2017-07-28,72.62086011886504,72.9275717079631,72.29661833278355,72.8224105834961,3820100
2017-07-31,73.03272924920324,73.4007898575681,72.41054094608354,72.43683624267578,4083000
2017-08-01,72.61209734934967,72.86623172727099,71.9636204421985,72.18270111083984,3439400
2017-08-02,71.91106026818522,72.00745632906593,71.04350240607255,71.70074462890625,4574400
2017-08-03,71.49043032292873,72.10385373468846,71.42032287992369,71.7971420288086,3688300
2017-08-04,71.77083808461364,72.13889205308254,71.64815342845735,72.130126953125,2802600
2017-08-07,72.13010771750086,72.20898022446042,71.61308061669592,71.91979217529297,2769700
2017-08-08,71.74454527148652,72.4894182647859,71.53422299968918,71.8321762084961,3292600
2017-08-09,71.97237944259618,72.506936813309,71.8321712901433,72.35796356201172,2392100
2017-08-10,72.33168665573615,72.33168665573615,71.56052497793003,71.90229034423828,3367500
2017-08-11,72.14039802657338,72.29032143872465,71.54069764951431,71.56715393066406,2446400
2017-08-14,71.734716253629,72.03456982157105,71.59361383753314,71.86700439453125,1879600
2017-08-15,71.87581920753084,72.61662196725126,71.87581920753084,72.06101989746094,1949500
2017-08-16,72.4402379821753,72.4931505394577,70.5705824595747,71.16146850585938,3970500
2017-08-17,70.90572462697371,71.05564804893342,68.52455824090273,68.61275482177734,7318200
2017-08-18,68.52455042675614,68.52455042675614,67.85430224203063,67.96894836425781,4061300
2017-08-21,68.01307065070522,68.47166202989928,67.81022788607996,68.24236297607422,3638100
2017-08-22,68.37463391893118,69.36237774701691,68.37463391893118,69.0184326171875,2131900
2017-08-23,68.96550116055985,69.24771267189003,68.83321977122787,68.9214096069336,1801500
2017-08-24,69.08016464742333,69.88270102300045,69.01843108007125,69.54757690429688,4188400
2017-08-25,69.63576325286036,70.1384527698716,69.44174155709219,69.48583984375,2171500
2017-08-28,69.75923674445983,70.05026931465869,69.34473703450166,69.52993774414062,1923200
2017-08-29,69.2653718057706,69.52994137831708,68.89497036713261,69.2741928100586,2154300
2017-08-30,69.75922757264424,71.23201878074356,69.45055976382905,70.9850845336914,5036900
2017-08-31,71.23201487775374,71.7435253491654,70.85279252528694,71.69061279296875,3939500
2017-09-01,71.91110293859552,72.0610263588695,70.05026814109925,70.6235122680664,4345000
2017-09-05,70.08555057791325,70.59706117362563,69.7151491376201,70.39421844482422,3384000
2017-09-06,70.73815505302834,71.1438337331566,70.42948722341488,71.00273132324219,2689200
2017-09-07,71.09975999014208,72.97823044832003,70.87928195253386,71.91111755371094,6249300
2017-09-08,71.97282569614089,73.30451445657364,71.91109213656868,73.12812805175781,3961300
2017-09-11,73.14577274367645,73.50735311203917,72.11393074084302,72.87237548828125,4389200
2017-09-12,72.84592007107959,72.96057292189262,72.25504072526397,72.4666976928711,2566400
2017-09-13,72.28152222816428,72.82831020777863,72.2109676381903,72.6960220336914,2454900
2017-09-14,72.60780882654008,74.07177909151719,72.42260813371819,73.26042175292969,3370300
2017-09-15,73.46327120201002,73.70138447795907,72.47552735441342,72.70482635498047,5374500
2017-09-18,72.80182311380678,72.90764822553363,72.37850248153977,72.77536010742188,2200000
2017-09-19,72.88120306330555,73.05758276205354,71.91992226675684,72.07866668701172,2259200
2017-09-20,72.36969653788869,72.6871853960378,71.77881711295461,72.33441925048828,2849900
2017-09-21,72.32559221121697,73.81601865224535,72.21093936528551,73.48971557617188,4426700
2017-09-22,73.4985321066848,74.1070534508396,72.96938632972368,74.00122833251953,3148700
2017-09-25,73.96595035739415,74.65384053384524,73.90421679613452,74.64501953125,4223800
2017-09-26,74.45983604148621,75.07717179663554,74.08943458839661,74.2746353149414,2347200
2017-09-27,74.3804494651676,74.78613487683586,74.05414635500301,74.65384674072266,3085200
2017-09-28,74.60093724311275,75.47403501901118,74.21290051561287,74.9625244140625,2841000
2017-09-29,75.11244136739901,75.5004847898737,74.42455110279712,75.43875122070312,3506100
2017-10-02,75.65040949443966,76.44413163185233,75.61513220739303,76.1530990600586,3071100
2017-10-03,76.05608652487726,76.33829808656968,75.78269596686552,76.24128723144531,2128800
2017-10-04,76.28539941275771,76.8674646494964,76.09137766717814,76.69107818603516,2317700
2017-10-05,76.52349661614234,78.56953206231887,76.18837249880845,77.2995834350586,5221000
2017-10-06,76.99973387843546,77.1584783061543,76.40885445854765,76.7968978881836,2297200
2017-10-09,76.84977744591258,76.97324453350042,76.25007727972094,76.7704086303711,1701400
2017-10-10,75.29764527507125,76.46176886351628,75.18299913558326,75.98554229736328,4943700
2017-10-11,76.15307882518803,76.4264760450405,75.35935689867767,75.89732360839844,3433200
2017-10-12,75.93262312099955,76.24129098045776,75.7650644135535,76.2236557006836,1941100
2017-10-13,76.19719489218414,76.46176444381467,75.58867348506163,76.32948303222656,3026500
2017-10-16,76.26775011163555,76.49704237930487,75.65040769568017,75.80033111572266,3800700
2017-10-17,75.79149850383222,76.28536693434856,75.33290062253613,75.89732360839844,3643700
2017-10-18,76.13545376256164,76.33828972582161,75.42110056866036,75.60630798339844,4002200
2017-10-19,75.5710392321746,76.1795539191031,75.41229480765969,76.16191864013672,3233400
2017-10-20,76.30302810868565,77.06147301496387,76.13546939343001,76.92919158935547,3223200
2017-10-23,77.140848993876,77.77582675386853,76.83218111845048,76.88509368896484,4909800
2017-10-24,77.09672048655234,77.89926337661052,73.86010610833507,75.11241912841797,8696100
2017-10-25,75.76505426927412,76.17073293431018,74.68029967589764,74.8302230834961,3916000
2017-10-26,74.67148043850791,75.05952383530597,73.93067765747958,74.22171020507812,3820700
2017-10-27,74.14233876710536,74.79495173845895,73.71901806259358,73.95713806152344,2892900
2017-10-30,73.86894505730227,73.86894505730227,72.69600057689861,72.89002227783203,4667200
2017-10-31,72.98703779817241,73.28688464356054,72.06984852591044,72.26387023925781,3853300
2017-11-01,72.46667660622761,73.92183213306366,72.31675324481677,73.10165405273438,3309300
2017-11-02,72.80184298345209,74.01005819511047,72.59017924532309,73.31334686279297,2716100
2017-11-03,72.94294333027155,73.7190234958789,72.898851765762,73.64847564697266,1534800
2017-11-06,73.45445032095097,73.5779174610501,73.12814046300068,73.14578247070312,1861700
2017-11-07,73.23396071608154,73.56908479631053,72.99584074902262,73.44561767578125,2851900
2017-11-08,73.19867611254887,74.42453292121775,73.19867611254887,74.08940887451172,2328700
2017-11-09,73.92186155206801,74.30990497457609,73.75429612353874,74.07178497314453,2098600
2017-11-10,73.78955366539658,73.96594005045482,72.8194520971604,73.45442962646484,2692500
2017-11-13,73.48973320212446,73.48973320212446,72.78420086631863,73.07523345947266,2478700
2017-11-14,73.38582856407513,73.7585690733681,72.95983457420833,73.20832824707031,2684800
2017-11-15,73.22608665111139,73.7851974531276,72.25872847765389,72.94209289550781,1838100
2017-11-16,73.13734784777724,74.2200695040635,72.6314769329051,74.05145263671875,2599700
2017-11-17,73.66093217966161,74.08692609196396,73.48343866591937,73.56330871582031,4097800
2017-11-20,73.7408399961565,73.94496373535186,73.5012229527895,73.82071685791016,2205900
2017-11-21,74.23781037503646,75.0187914633582,73.98931670015885,74.11356353759766,3529900
2017-11-22,74.25558861959549,74.7792063181425,74.08697170900213,74.26446533203125,2230900
2017-11-24,74.4330721008231,74.6993124748714,74.17570166624742,74.57506561279297,817600
2017-11-27,74.68156920065792,75.6577974915205,74.57506898365698,75.26730346679688,2980900
2017-11-28,75.49804755330915,75.75541798929751,75.20517704639693,75.48030090332031,2659400
2017-11-29,75.2495585393096,75.64892251305217,74.94781130303689,75.40042877197266,2316000
2017-11-30,75.65778875194319,75.86191245154576,74.83243078562961,75.11642456054688,5002100
2017-12-01,75.4181692544127,75.79978651158065,74.70818145518777,75.71990966796875,2736300
2017-12-04,75.87079910050268,77.01565116211347,75.7554289315455,75.95067596435547,4228300
2017-12-05,75.95954577877997,76.83815742496306,75.62230521327203,76.37666320800781,3876800
2017-12-06,76.35889733308211,76.66951445613847,75.01879857824413,75.71990966796875,3130900
2017-12-07,75.62228215245383,76.20802307128906,75.12529478200825,76.20802307128906,4344900
2017-12-08,76.02165872547066,76.73163977124246,75.8530350955375,76.72276306152344,3777100
2017-12-11,76.86476018273228,77.06887710128396,76.38551944173287,76.91800689697266,3336800
2017-12-12,76.75826710087458,77.12213773777871,76.31452638520375,76.9535140991211,4252500
2017-12-13,76.68727886607863,79.06572276118989,76.6251486616173,78.00074768066406,5786800
2017-12-14,78.29361238360481,78.39123588201396,76.42990274560931,76.76714324951172,4388400
2017-12-15,77.11328294551637,77.7522708410533,76.56304186414891,76.80266571044922,7346400
2017-12-18,76.99788918113522,77.61024675101419,76.31452470234173,76.39440155029297,3796000
2017-12-19,76.35890316514921,77.00676081829887,76.1902795264916,76.9535140991211,4027600
2017-12-20,76.92690145433728,77.15764855449072,76.00391982467045,76.09266662597656,3016900
2017-12-21,76.35004320920008,76.48316680730312,75.82643229986157,75.97730255126953,2024300
2017-12-22,75.96842631521297,76.12817327974821,75.21406828249836,75.49806213378906,1834800
2017-12-26,75.69328722074542,75.81753407146223,75.40041674222199,75.42704010009766,1099900
2017-12-27,75.6045498172633,75.84416683881754,75.41817951806637,75.56017303466797,1332800
2017-12-28,75.70217126838482,75.82641813114523,75.33830061962486,75.48030090332031,1731700
2017-12-29,75.54242897706652,75.82642279096372,74.9566879272461,74.9566879272461,2563800
2018-01-02,74.95669236392638,75.4359332227966,74.60169838280616,75.15193939208984,3456700
2018-01-03,75.2051790867444,75.80866676693054,74.78806170575518,75.56017303466797,3078400
2018-01-04,75.68439106433166,76.14588505208265,75.20515043287202,75.89738464355469,2462500
2018-01-05,76.40327533089432,76.98901634216844,76.26128181876331,76.82926940917969,2946300
2018-01-08,76.9357836783048,76.95353033145882,75.79093157786902,76.43878936767578,3251400
2018-01-09,76.50091008850795,76.69615712099309,76.09266937101502,76.37666320800781,2426000
2018-01-10,75.97729111589976,76.4742785850054,75.87079089925722,76.41215515136719,1674600
2018-01-11,76.47427052596068,76.8470110885096,76.20803016883104,76.66951751708984,2647500
2018-01-12,76.7848982934573,77.57476307719749,76.35003424360333,77.19314575195312,2728900
2018-01-16,76.261285961112,76.84702023325576,75.56905147087548,75.69329833984375,4878300
2018-01-17,76.14589420282854,76.64288153772175,75.85302376436164,76.50975799560547,4083300
2018-01-18,76.35892044330505,76.44766725233126,75.67555579481353,76.1636734008789,4445800
2018-01-19,76.47429162163299,76.57191514412732,75.71993357858842,75.87080383300781,5826900
2018-01-22,73.88284437285736,75.9418014467045,73.12848635507171,75.82643127441406,6374000
2018-01-23,75.59566850802833,76.25240287062226,74.76143379679687,74.92118072509766,5728100
2018-01-24,75.31166940605434,75.57791652474732,74.79692858775213,74.81468200683594,5977700
2018-01-25,75.26731619766447,75.7909338894684,75.04544578626142,75.44481658935547,5201600
2018-01-26,75.22293405400762,77.62800811346862,75.22293405400762,77.28189086914062,6394100
2018-01-29,77.00677397603991,78.39124984973424,76.90028051948836,77.7433853149414,5324500
2018-01-30,76.8914073967233,77.1576545924236,75.62230840298707,76.40328979492188,5388400
2018-01-31,76.76713012234946,76.97125379437603,72.12560008486915,72.28534698486328,10558500
2018-02-01,72.36522556718963,73.5455773139201,72.14335524356112,73.13733673095703,8410700
2018-02-02,72.66698786406828,73.68759301462859,71.99250675198324,72.0457534790039,5152500
2018-02-05,71.7883573878983,72.42734496784101,67.93669203349687,68.77091979980469,8145200
2018-02-06,67.94558465740371,70.20866529683616,67.19122670124185,69.21468353271484,10558800
2018-02-07,69.01056707169721,69.72054824756357,68.0787087378732,68.08758544921875,8240300
2018-02-08,68.50469843177441,68.91293910497055,65.84225395975453,65.86000061035156,8059600
2018-02-09,66.61436660376341,68.17633611268515,65.3985211474609,67.65272521972656,8939700
2018-02-12,68.05208087326486,68.42482147375962,66.7386052898284,67.67046356201172,6454200
2018-02-13,67.4663327279625,67.97219685271914,67.22671573031806,67.63495635986328,4041200
2018-02-14,67.42306706699563,69.01453996511997,67.36047446274208,68.8714828491211,4361100
2018-02-15,69.51521436966502,69.87285027731345,68.87147110016535,69.7566146850586,4810700
2018-02-16,69.69403840720386,71.21398951643745,69.65828095077161,70.60601043701172,4699600
2018-02-20,69.89967486812178,70.36459679369064,69.00558847012653,69.3364028930664,3195000
2018-02-21,69.37216034620889,70.40930384212555,69.3364028930664,69.3364028930664,3871100
2018-02-22,69.01454162597656,69.81921404814929,68.41549846498857,69.01454162597656,7687400
2018-02-23,69.49735925197083,70.50767472454214,69.41688790527867,70.4093246459961,5170300
2018-02-26,70.62388590690614,71.94713683802001,70.60600717951488,71.68785095214844,6015900
2018-02-27,71.66102281517871,71.7146658137238,70.35565755366024,70.36459350585938,4860400
2018-02-28,70.43612758998933,70.79376352486575,68.85359761643414,68.86253356933594,6123400
2018-03-01,68.89829975529726,69.1754711937141,67.53034857620358,68.39761352539062,6258400
2018-03-02,68.29032919229572,69.3811158900275,68.23668618137091,69.05030822753906,3216700
2018-03-05,68.75523979316593,69.81026193007794,68.58536120849806,69.47050476074219,3816600
2018-03-06,69.61357796562565,69.73874953446759,68.73737016239322,69.01454162597656,2962700
2018-03-07,68.46914507012801,69.39005306380128,68.43338079195233,69.2380599975586,2266500
2018-03-08,69.42581949087374,70.65071365494582,69.26488364477113,70.53448486328125,3497200
2018-03-09,70.88318768688777,71.49116687459056,70.52555166682616,71.17823791503906,4399500
2018-03-12,71.37494659669723,71.50011819547628,70.28415967475937,70.66861724853516,5059600
2018-03-13,70.70433623777852,71.41066513340664,70.42716488548383,70.76692199707031,4863200
2018-03-14,70.9815208842995,71.13351393974796,69.75662002379212,70.17684173583984,3167900
2018-03-15,70.25733155054854,71.40176138671352,70.15003869540561,70.4093246459961,3910100
2018-03-16,70.81162432117216,71.96499633789062,70.740102609378,71.96499633789062,8326300
2018-03-19,71.63422117926024,71.70574292337334,69.88181225370947,70.39144134521484,5117000
2018-03-20,70.66860116592835,70.8116514656891,69.60463599710079,70.06956481933594,3943800
2018-03-21,70.15002347868233,70.63283099008656,69.76556602449034,69.95332336425781,4052000
2018-03-22,69.34536194057335,69.74770504647093,68.31716769751766,68.42445373535156,3816900
2018-03-23,68.6390046721943,68.6658329920644,66.61837447423981,66.8418960571289,4298100
2018-03-26,67.60188976024908,68.15622591931734,66.74356742517988,68.11151885986328,3488700
2018-03-27,68.03102650641144,68.48701245092572,67.18164720982325,67.64657592773438,4070600
2018-03-28,68.00421332650886,69.43475710615297,67.98633459886554,68.85359954833984,4257500
2018-03-29,69.25594058627146,69.55993354826101,68.4959684133057,69.17547607421875,3424000
2018-04-02,68.73734933198573,69.12180669730404,67.41410548484608,67.68232727050781,6282600
2018-04-03,68.17409645447655,69.38111187989462,67.82540326094109,69.32746887207031,3610600
2018-04-04,68.68374187146638,70.47191531963925,68.58539178610964,70.27521514892578,3022200
2018-04-05,70.20365384433359,70.49870396284891,69.81919645936011,70.2930679321289,2213100
2018-04-06,69.8996851217692,69.96227090595612,68.21880490264995,68.7105484008789,4012800
2018-04-09,69.08607295932825,70.051688185651,68.24563614057166,69.1486587524414,5377500
2018-04-10,69.81921428715555,71.24081542578237,69.8013355578336,70.82953643798828,3657200
2018-04-11,70.05168406998496,70.54343443079692,69.8460479709832,70.39144134521484,2830000
2018-04-12,70.80272831393302,71.24082888917359,70.46297100055689,70.89213562011719,2121100
2018-04-13,71.41963875606305,71.92926787092472,70.84742384889695,71.2765884399414,2652400
2018-04-16,71.9382024590888,72.19748837521993,71.23187327128448,71.63421630859375,2743000
2018-04-17,72.0365331323825,72.09911890071515,71.07091828838986,71.45537567138672,3782400
2018-04-18,71.49116732479375,71.74151049401145,71.16035281041907,71.2765884399414,4261000
2018-04-19,70.59706142734953,71.30339050292969,70.23048954991606,71.30339050292969,4989400
2018-04-20,71.20503410598886,71.44644123276794,70.47188359513578,70.68646240234375,5424100
2018-04-23,71.01728309623188,71.78619794671174,70.78481872202363,71.70572662353516,4015900
2018-04-24,72.573021971421,72.86807224462532,70.56132672540375,71.60740661621094,6394900
2018-04-25,71.76831543829564,73.60119536629962,71.53585787558018,72.54617309570312,5379000
2018-04-26,72.79653198757366,74.70987683558852,72.79653198757366,73.80685424804688,5058700
2018-04-27,73.76214577334972,74.4237679587962,73.65485292381534,73.96778869628906,3209600
2018-04-30,74.28964864298258,74.3969414853546,72.47465402622537,72.48359680175781,5483500
2018-05-01,72.13489133808662,72.35841293905723,70.35566130433524,70.6954116821289,6306100
2018-05-02,70.3467206320806,70.98152117924259,70.15002052593557,70.4808349609375,5166300
2018-05-03,70.319898881674,70.36459911024268,69.23805512304372,69.77450561523438,4469300
2018-05-04,69.22018191404052,70.29308991102126,68.92513170327037,70.09638977050781,3367500
2018-05-07,70.1053239169513,70.86529605792914,69.94438807828107,70.30201721191406,3722600
2018-05-08,70.16792164774445,70.54343639481597,69.89075015423388,70.52555084228516,4591700
2018-05-09,70.5970572167168,71.21397897964032,70.14107126928042,70.87422180175781,3325200
2018-05-10,71.04409240346894,72.57297906804055,70.99939218389869,72.29581451416016,3718400
2018-05-11,72.55512174307067,73.7174301147461,72.43888613096601,73.7174301147461,4393800
2018-05-14,73.8515373221448,74.49528063939687,73.76213004393492,74.27175903320312,4739700
2018-05-15,73.95882408398349,74.15552417271815,73.16308777689326,73.50283813476562,3662700
2018-05-16,73.64061721528824,73.7756495221776,72.884401954819,73.08245849609375,3614500
2018-05-17,72.95640593139598,73.67660324282038,72.94740149034504,73.51456451416016,2808400
2018-05-18,73.36151170987732,74.0817158427524,73.36151170987732,73.88365936279297,4002300
2018-05-21,74.08170984863268,74.30677276339884,73.52355134739759,73.66759490966797,2505900
2018-05-22,73.94667785791474,74.62186666733206,73.64959313336094,74.0186996459961,2620700
2018-05-23,73.55959286809032,74.64889700493842,73.46956903837307,74.4328384399414,2516900
2018-05-24,74.4598159790039,74.5318377621529,73.91066190214957,74.4598159790039,2481800
2018-05-25,74.53183334179744,75.14400472550649,74.35177889460367,74.51382446289062,2338100
2018-05-29,73.91965119650622,74.37878138453932,73.50553633081172,74.21673583984375,3459300
2018-05-30,74.64886320213452,75.63913861735968,74.63986563110167,75.49510192871094,3475400
2018-05-31,75.51310832056471,76.62042090721361,75.33306073221338,76.55740356445312,9526400
2018-06-01,76.70144690956968,77.13357077479263,76.12528633485631,76.38636016845703,4057700
2018-06-04,76.20631514833319,76.98952980731501,75.94524130588057,76.58441925048828,4263100
2018-06-05,76.74644529759182,77.15155575122644,76.1072675157992,76.35933685302734,3667600
2018-06-06,76.41336030575948,77.35862731933594,76.21531070512822,77.35862731933594,2720100
2018-06-07,77.6017094778838,77.70974217633504,76.80949029437176,77.31362915039062,3123600
2018-06-08,77.26861989312147,77.79976520126836,76.90851777031547,77.49368286132812,3172300
2018-06-11,77.70071135310125,78.12383069290505,77.2505855649482,77.29560089111328,3506900
2018-06-12,77.20560389970224,77.4396644455379,76.92652114370304,76.96253204345703,3016900
2018-06-13,77.20559707821288,77.76374880414218,77.06155349192387,77.16958618164062,3052100
2018-06-14,77.12456105562762,77.83576071882169,76.67443520816622,77.73673248291016,3115100
2018-06-15,77.53867839554458,78.56496480984677,77.51167194280646,78.2138671875,5575200
2018-06-18,77.40363779107226,77.55667891901409,76.53039261530141,77.52066802978516,2903900
2018-06-19,77.3226318271601,78.20488167342904,77.1245753187093,78.15986633300781,3044500
2018-06-20,78.08784397192544,78.4659549709547,77.60170714606775,77.6737289428711,4675500
2018-06-21,77.25961720247314,77.67373224915484,76.69246098235237,77.48468017578125,2856400
2018-06-22,77.43964079209388,77.78174080107608,77.25058877741282,77.34961700439453,3769500
2018-06-25,77.4216605608677,77.9708147491998,76.6294413905349,77.214599609375,3414100
2018-06-26,77.00755387095211,77.4216689504352,76.48540608310837,76.62044525146484,2840600
2018-06-27,76.44037718762056,77.0615462067336,76.19730537583128,76.22431182861328,3005400
2018-06-28,76.3863713841469,77.38565153009533,76.35036048439291,76.96253204345703,2564600
2018-06-29,77.27758185546548,77.5116491576827,76.63840414451045,76.8184585571289,2964000
2018-07-02,76.57539688271861,77.35861822671973,76.26031020468636,77.29560089111328,2347000
2018-07-03,77.25059514903793,78.3398988673078,77.25059514903793,77.88077545166016,2163500
2018-07-05,78.24088248496673,78.4929518747239,77.5386803541601,77.92578887939453,2675500
2018-07-06,78.1688501799152,78.96106913661875,78.15984574052798,78.67298889160156,2290500
2018-07-09,78.86205360328685,79.51924041684696,78.79003181334517,79.1051254272461,2718300
2018-07-10,79.29418022215978,79.42921936588569,78.92507368720075,79.26717376708984,2227200
2018-07-11,79.01507127825224,79.28514947609855,78.50192819704334,78.82601928710938,2449500
2018-07-12,79.31218084931282,80.11340438813399,79.15013525335033,80.04138946533203,2604500
2018-07-13,79.96934726644905,80.90560970770632,79.7082734913353,80.76156616210938,3335000
2018-07-16,80.6895482428154,80.87860025415927,79.97834865630776,80.18540954589844,3175200
2018-07-17,80.4464994035277,80.99565353738649,80.42849052168341,80.63555145263672,2179400
2018-07-18,80.66255122194616,81.13968352563644,80.18541891825588,81.0496597290039,3021400
2018-07-19,80.86960826324777,81.00464738591783,80.00536749388444,80.50950622558594,3171000
2018-07-20,80.1404056295635,80.45549922837628,79.45621926300723,79.64527130126953,3829800
2018-07-23,79.49223297961682,80.26645004097533,79.375195855315,80.01437377929688,3145300
2018-07-24,81.97691318923188,84.40759676935203,81.02264863650417,84.03849029541016,9910000
2018-07-25,83.86746637321765,87.00934343393465,83.75042923593739,86.81128692626953,8476800
2018-07-26,87.00031780100329,87.28839805060761,85.370864533089,85.68595123291016,4826100
2018-07-27,86.1090658013854,87.2883931842719,85.54190290495181,86.96430206298828,3975500
2018-07-30,86.76627092451297,88.33271409044343,86.64924065650156,88.24268341064453,5356000
2018-07-31,88.44972631544323,89.30496265205929,87.80154401602363,88.95386505126953,4957800
2018-08-01,88.89085403310862,89.4400081387192,88.62078263472064,88.85484313964844,4971800
2018-08-02,88.17967082240814,90.37628765541088,88.08064256397756,89.54805755615234,4321000
2018-08-03,89.28695622981184,90.64633810347267,89.01687799560445,90.54730987548828,4572100
2018-08-06,90.38526706808754,92.35681351184316,90.22322149629085,91.82566833496094,5090900
2018-08-07,91.63662072334796,93.4551261224856,91.53759248757372,91.77165985107422,5095100
2018-08-08,91.69061397465033,92.42881993050572,91.3125099927577,92.06871795654297,3901600
2018-08-09,91.87968986844558,92.47385931031562,91.7536551750263,91.9967269897461,3298100
2018-08-10,91.96073454393992,92.89699736028491,91.8166909406359,92.0507583618164,2783800
2018-08-13,92.23076881053031,92.43782968969954,91.93369101815605,92.22177124023438,2816400
2018-08-14,92.1248774082187,93.09346927187214,91.67226425872963,92.73138427734375,3283900
2018-08-15,92.5865880366302,93.63665434936507,92.40554545473265,93.53707885742188,3143200
2018-08-16,93.46466488637715,94.99450035217079,93.46466488637715,94.46946716308594,4427200
2018-08-17,94.53282783965386,95.881613735714,94.10737017086792,95.54668426513672,3824300
2018-08-20,95.57382421418271,96.29800133620478,95.57382421418271,95.79107666015625,2765500
2018-08-21,95.97210685005604,96.07168231378458,94.79531658850124,95.11214447021484,2775500
2018-08-22,94.8677675932537,95.61910055827238,94.27936881561354,95.07596588134766,1964400
2018-08-23,95.0397587840451,95.27511968330661,94.49662409110745,94.88587188720703,2043400
2018-08-24,95.56479937044448,95.99025709982021,94.62336260692499,95.74584197998047,3089900
2018-08-27,96.08982844638922,96.39760225054074,94.99450482155704,95.14839172363281,2452500
2018-08-28,95.07597606425216,95.58290089616403,94.67767403555978,95.21176147460938,2516800
2018-08-29,94.50565034915742,95.58286521484315,94.3970206801568,95.3475112915039,2949500
2018-08-30,95.21173613632315,95.71866083332935,94.99448368136778,95.48330688476562,2928600
2018-08-31,95.17553945733042,95.82730381902113,94.56903919544177,95.63720703125,3278900
2018-09-04,95.32943580435331,95.68247371757272,94.4875745713687,94.704833984375,3107000
2018-09-05,94.91298159360916,96.05356873051282,94.77719625958962,95.70053100585938,3366600
2018-09-06,95.65531481318916,95.72773461509861,93.83581390795798,95.38375091552734,3180700
2018-09-07,95.1846048380816,97.076525643106,94.8677768212513,96.88642883300781,3822900
2018-09-10,97.3118981779067,97.61967202919669,96.30709570002814,96.3342514038086,2950800
2018-09-11,96.32517170265271,96.5152684715003,95.51951362563483,95.62814331054688,3516400
2018-09-12,95.78204028765188,96.39759475442044,95.51047640622377,95.9268798828125,3926000
2018-09-13,96.09887137862908,96.59674192807583,95.79109070423917,96.47906494140625,5167400
2018-09-14,96.4700262307902,96.5786559403115,95.41091246170559,95.74584197998047,3103100
2018-09-17,95.60099939550321,96.65105885371221,95.09407461611488,95.69152069091797,4972200
2018-09-18,95.83637430291891,97.03127353358882,95.14839992576557,96.75064849853516,3668800
2018-09-19,96.75064706208576,96.92264238040379,95.50143644603834,95.71868896484375,3270400
2018-09-20,95.70057466256881,96.05361254827116,94.34273451561144,96.01740264892578,3762000
2018-09-21,96.16224816944177,96.74159278198853,95.36564414744055,96.25276947021484,5333700
2018-09-24,95.90879087906441,96.56055537645106,95.5829086303711,95.5829086303711,3095500
2018-09-25,95.96308958808415,96.64200964978336,95.53763191107285,95.68246459960938,3775700
2018-09-26,96.00833536847834,97.19418696491405,95.96307818021101,96.2346420288086,3707300
2018-09-27,96.39759430572009,97.01314876962344,96.14413192170083,96.57864379882812,2093700
2018-09-28,96.65106165174089,97.52913274598149,96.22561086034162,97.13988494873047,2812300
2018-10-01,97.46575511780478,97.50196501381646,96.88641059428076,97.40238952636719,2707500
2018-10-02,97.31185284681503,97.89119727869894,97.03123483002669,97.72825622558594,3787900
2018-10-03,98.18994398008103,99.22190189422496,97.98173879451465,98.32572937011719,5097200
2018-10-04,102.8518677176378,104.71663264699365,100.51638100205697,102.28157043457031,10940700
2018-10-05,103.27734031304551,104.50844952831139,103.27734031304551,104.11920166015625,8330300
2018-10-08,103.96531284426352,105.55851419498886,103.89289303142749,104.51750183105469,6002300
2018-10-09,104.18255588860077,105.00631564534106,103.40406714367705,104.50843811035156,4716000
2018-10-10,104.06486611928031,104.4360124009924,102.51692920899049,102.59839630126953,5602900
2018-10-11,102.37209745857572,102.58030266535154,96.47907585021521,97.68302917480469,7226300
2018-10-12,98.66969915754167,100.49825384626283,98.1537202730628,100.00943756103516,4519100
2018-10-15,100.02755499705673,101.2133998191223,99.55684012997429,100.13618469238281,3884700
2018-10-16,100.33533654380939,100.67932715247967,99.5115837360446,100.50733184814453,4192800
2018-10-17,100.46206402585328,102.98764048706235,100.35343433360477,102.82469940185547,4402100
2018-10-18,103.13247869969754,103.42215096882742,101.75653714791352,102.57123565673828,3619600
2018-10-19,102.18199754126036,102.61650943912896,100.1723998693235,101.31298065185547,4224000
2018-10-22,101.38541143705024,102.03717590130171,100.81512098399674,101.41256713867188,2938300
2018-10-23,100.20859659286323,100.89657084380057,98.72402530306762,99.927978515625,3757000
2018-10-24,99.77409138115887,100.61595251711832,96.1260287607785,96.24370574951172,6739400
2018-10-25,96.34327919260627,98.50677048084093,94.29746489060115,97.66490936279297,4114800
2018-10-26,96.90452848368241,97.28472206953386,95.10312223895988,96.30707550048828,4464500
2018-10-29,97.26661644892154,98.74214054616989,96.22561115878806,97.22135925292969,3587800
2018-10-30,97.06747025717672,98.22615942577673,96.93168485947123,98.072265625,3325900
2018-10-31,99.20380131139594,99.96419541173343,98.08132201753162,98.16279602050781,4349200
2018-11-01,98.43433031454487,98.87789628399136,97.15796450662631,97.63773345947266,3639400
2018-11-02,97.89122211317743,98.11752880511771,95.89067178518529,96.6329574584961,3577200
2018-11-05,99.96422260376595,101.45784860551994,99.35772214266412,99.70170593261719,7368600
2018-11-06,98.6697115562992,98.9412823322896,95.0035406120875,95.86351013183594,6803700
2018-11-07,96.7234765468927,100.28101793926825,96.60579955604857,99.32147979736328,5875400
2018-11-08,99.11326225040489,100.425845013868,98.6787573335097,99.66545104980469,3666300
2018-11-09,99.95514365419648,101.87422699594475,99.30337923977885,101.57550048828125,5054400
2018-11-12,101.62073328943912,103.83853554936717,101.62073328943912,102.47164154052734,5078900
2018-11-13,103.42214838904306,103.42214838904306,101.23150147674656,101.7384262084961,4239700
2018-11-14,102.22336460907658,102.48720288928202,99.83972724181261,99.90341186523438,5392800
2018-11-15,99.33023652232816,102.10508103302712,98.74797520550976,102.0777816772461,4796800
2018-11-16,101.60468521240848,103.98832197453855,101.5955854282003,103.56072235107422,4766400
2018-11-19,102.80561493408719,105.6259445750319,102.80561493408719,105.36210632324219,4869800
2018-11-20,104.51599947505633,105.71691426187503,104.00652257795207,104.37043762207031,4877300
2018-11-21,103.97013302006255,103.97013302006255,102.01409568171194,102.1050796508789,3619700
2018-11-23,101.76847096750741,103.54254755190847,101.34997102813853,102.6873550415039,1897000
2018-11-26,101.22256254841774,103.35145362452236,100.95872437434399,102.24151611328125,3296200
2018-11-27,102.1505592003813,103.94283501538037,101.63198253309088,103.91554260253906,3263200
2018-11-28,104.37953011416656,105.38029120974375,103.4970384496961,105.10735321044922,4814500
2018-11-29,104.8981251302802,107.29085517086389,104.59789466669854,106.44475555419922,4688300
2018-11-30,106.9997063438662,108.00046744495319,105.73510702630233,107.93678283691406,8965600
2018-12-03,107.93679042678268,107.98228241048167,106.93602925532444,107.8276138305664,4290100
2018-12-04,107.94587820845983,109.02851650086727,105.82607972008257,106.0080337524414,5676600
2018-12-06,104.91633473076635,105.52588860128394,102.78744260707066,105.38941955566406,5064400
2018-12-07,105.10737425683749,105.33482032142551,102.59636776027695,103.33329772949219,4128100
2018-12-10,103.35147943256841,104.30675557927191,101.00423462834439,103.79727172851562,3832600
2018-12-11,104.47961137385217,105.18924886120817,103.64261159832756,104.1702880859375,3806800
2018-12-12,105.06187958360056,105.29841847150799,103.96103462367503,104.02471923828125,3758800
2018-12-13,104.27946410638985,104.76164860610857,103.56982662297673,104.49781036376953,3609900
2018-12-14,103.97922916599373,104.24306739691869,101.2043847899743,101.83213806152344,5306100
2018-12-17,101.17709675417665,101.2589809388834,98.00195194308581,98.58421325683594,6121700
2018-12-18,99.55767359098195,99.76692698649109,96.13688345723173,96.89200592041016,6864400
2018-12-19,101.47730829787965,101.47730829787965,97.98373412489404,99.26653289794922,8362800
2018-12-20,99.25745951244168,100.22183552986832,98.36587484141488,99.4303207397461,8362300
2018-12-21,99.43031453897036,101.4500365428344,98.87534563012116,99.548583984375,13154500
2018-12-24,99.48489853556418,99.53949030622648,97.01028445934816,97.11946105957031,3284000
2018-12-26,97.12857147971806,101.06793212890625,96.82834100206097,101.06793212890625,3792400
2018-12-27,100.29462131551372,102.7146509341538,98.92085199234333,102.70555114746094,4101600
2018-12-28,103.16953092179462,104.70706151852681,102.43260099089069,103.89735412597656,3984000
2018-12-31,104.02472857403949,105.39850474509522,103.93375153659473,105.28023529052734,2731000
2019-01-02,104.4341215999813,105.01638289059356,102.5781611332414,104.51599884033203,4247100
2019-01-03,104.3704413960834,104.38863402545118,101.07702019232197,101.26807403564453,4203300
2019-01-04,102.08688153812322,104.4796114217867,101.65928186490183,104.31585693359375,5795200
2019-01-07,102.23243768600396,105.93525854578033,101.94130706340857,104.8799057006836,7749600
2019-01-08,105.25292232970321,105.91706082041331,104.1884696819445,105.84427642822266,3428900
2019-01-09,105.87158784090796,107.55468719070333,105.73511882528078,106.63580322265625,5820100
2019-01-10,106.52660801294525,106.64488437834174,104.59787032483149,105.48036193847656,4282300
2019-01-11,104.87083107028263,105.72603051601193,104.71616940829851,105.69873809814453,2648800
2019-01-14,104.80713010867774,104.85262209209999,104.01562234950696,104.33404541015625,4404600
2019-01-15,103.63350470591895,107.55467174929777,103.16951289584186,106.526611328125,5097700
2019-01-16,106.43566405166649,107.41823276834582,105.97167905304299,106.26280975341797,2920600
2019-01-17,106.27189826506402,108.44628211318351,106.03535935266413,108.40989685058594,4401900
2019-01-18,105.15286212941044,106.35377702577463,104.64337824472976,106.07173919677734,8887000
2019-01-22,105.25291920807257,106.54481089618373,105.25291920807257,106.526611328125,4377500
2019-01-23,106.5448198329228,108.1733342557019,106.37195862737298,108.07325744628906,4012100
2019-01-24,107.55471073345338,107.55471073345338,103.89737363137877,104.61610412597656,6946200
2019-01-25,104.93452378782442,104.94362357484998,103.75180829533893,104.59790802001953,4599100
2019-01-28,104.37045779182505,104.72527311960587,103.296912021818,104.6524887084961,3590900
2019-01-29,104.0702109630998,105.48947205140315,103.63351844720756,105.27112579345703,3767400
2019-01-30,105.10737571195754,106.51754410836702,105.10737571195754,106.39017486572266,4362900
2019-01-31,106.39016195849686,109.30146849588783,106.19910811770892,109.0467300415039,5746100
2019-02-01,109.4652488998088,110.07480272720271,108.38260333988266,109.98382568359375,4171500
2019-02-04,110.27494227198561,110.8481038203473,107.98228913743621,109.32876586914062,4518400
2019-02-05,109.8291305632763,110.75710723120754,109.53799994773891,109.56529235839844,8832400
2019-02-06,107.96409482976308,109.9201323472969,107.11799520316022,108.50996398925781,7421000
2019-02-07,108.26433469082447,108.5645651839832,106.31739679032817,106.899658203125,7935000
2019-02-08,107.10889629174314,110.47509503555467,106.85415088671138,108.81018829345703,16195100
2019-02-11,108.44626294176997,109.1195081795603,106.48113287705459,107.3636245727539,7203100
2019-02-12,107.13619072598085,109.08312838396107,106.8996448874021,108.71011352539062,6975500
2019-02-13,108.81019038599784,109.4288439279101,107.45461385338967,108.85568237304688,12738600
2019-02-14,108.79621875483936,110.909208451739,108.66815919616195,110.45185089111328,17847000
2019-02-15,110.84519205333133,112.0343246459961,110.13171528922182,112.0343246459961,10366400
2019-02-19,110.96410612807655,112.81183486420368,110.95496400014349,111.71417236328125,17861300
2019-02-20,111.94282564429241,112.5556900334696,111.23849812430576,112.1989517211914,19880300
2019-02-21,111.6501146845436,113.20513442773402,111.41229380066515,112.25382995605469,20798700
2019-02-22,112.2629823036719,114.10155454826928,112.18980342403125,113.42466735839844,19574000
2019-02-25,113.51616315999345,114.03755058267183,112.93989505452481,113.3240737915039,13682400
2019-02-26,113.29661957924093,114.48575207141813,112.80267255843145,114.03753662109375,20790900
2019-02-27,113.87290472142864,115.69319317678044,113.49787508072937,114.96141815185547,32135600
2019-02-28,114.81504407918895,116.87315319396835,114.52233550645813,115.51937866210938,36023600
2019-03-01,116.39751950517181,118.38244999001267,115.78466194180646,117.85191345214844,43290900
2019-03-04,119.37947680738198,119.37947680738198,114.65040085549013,116.589599609375,59468600
2019-03-05,117.44941856965676,117.87933580269895,115.91270383171944,117.53175354003906,53212600
2019-03-06,117.76957394697884,117.80615641120099,114.69613052684143,115.87611389160156,74822500
2019-03-07,115.62913837968713,116.34261503639527,114.4582971972671,115.56510162353516,60615600
2019-03-08,115.59254325854651,116.15051999675396,114.56805989129046,115.89439392089844,50169800
2019-03-11,112.32702547679882,114.25707504052014,112.0617572405024,112.96732330322266,61771200
2019-03-12,112.96732330322266,113.4429721201771,112.21725714424491,112.96732330322266,8077600
2019-03-13,113.97351256928205,119.5990124472491,112.65632742629342,113.70824432373047,68139300
2019-03-14,114.32110536564275,114.32110536564275,112.0617577722615,112.58314514160156,42768700
2019-03-15,112.6014551389909,113.57105812925782,111.55868022653661,113.36981964111328,47331000
2019-03-18,113.41552033936698,114.65953340124598,112.96731190608949,114.55891418457031,16052200
2019-03-19,114.57721172545327,115.84866511560082,114.46744340461441,115.79377746582031,13726300
2019-03-20,116.66275545717109,118.08971564575329,116.01330862502381,117.2298812866211,7520700
2019-03-21,116.0590530338867,117.97995340868975,115.83952335700931,117.36709594726562,5704300
2019-03-22,117.75128440048364,118.43732080405256,116.56215882153143,117.35796356201172,15332900
2019-03-25,117.64152361449702,119.44351369323185,117.45858336414476,118.79405975341797,5972800
2019-03-26,119.13252386495265,120.8613351970733,118.63856979437668,119.84600067138672,5872900
2019-03-27,119.79112397877371,120.3399447941529,117.55921637353337,117.78789520263672,7675100
2019-03-28,118.30924534268476,118.82148355535558,117.87932813759792,117.95250701904297,6112900
2019-03-29,118.0073841194956,118.85807637778572,117.9799437844647,118.69342041015625,5729100
2019-04-01,119.56240610930321,120.14782316235532,118.04397583007812,118.04397583007812,5132300
2019-04-02,118.03481392726464,118.51962570360743,117.30305311511263,118.29094696044922,3214600
2019-04-03,118.09885691358623,118.22691645822196,116.02244990793791,116.21454620361328,4425300
2019-04-04,116.47983040460748,116.4889795106646,113.98266181269639,114.89737701416016,5539800
2019-04-05,115.70232561992593,116.17798143992862,114.8973787428672,116.15968322753906,4656400
2019-04-08,115.71147017876399,116.42494690200574,115.33643360547265,116.315185546875,3430900
2019-04-09,115.94927688393157,117.1932828799217,115.80291913221409,116.38833618164062,4215600
2019-04-10,116.68106098490996,117.05609754196732,116.10479295924915,116.34262084960938,4227100
2019-04-11,116.04077815910298,116.46154634023073,113.89119869908629,114.47661590576172,5520700
2019-04-12,114.55891373203293,114.55891373203293,112.52824515437793,112.56483459472656,5470400
2019-04-15,113.21428970147001,113.74482615706818,112.65631988701578,113.49785614013672,4549100
2019-04-16,114.2753763209801,114.2753763209801,109.57374050006553,109.72924041748047,6573400
2019-04-17,109.76581098695682,109.82069165925915,106.00633140235576,106.5643081665039,14842800
2019-04-18,106.31733018239379,106.70150881711888,104.40557215559585,105.37516784667969,9805800
2019-04-22,105.22882646174615,105.71362435054763,103.9573730247573,105.62215423583984,7519700
2019-04-23,106.14353746220999,107.83575894440258,105.58556071172758,107.4698715209961,5891500
2019-04-24,108.2016543354336,108.32971389624744,107.23205852392229,107.93638610839844,4254100
2019-04-25,107.70772315010419,108.55840863120301,106.79300787919036,108.14678955078125,3425000
2019-04-26,108.6955918658611,109.69262792790785,108.54923410699806,109.64689636230469,3372500
2019-04-29,109.67435020362934,109.77496943055826,109.07978394779198,109.39993286132812,4097200
2019-04-30,106.66493787881983,107.14973580844554,105.10992486167437,107.05826568603516,7548300
2019-05-01,107.06739535779352,109.33588468819235,106.61917997551036,108.10102081298828,5392100
2019-05-02,108.33885598588911,108.45776643359514,106.89360448889798,108.35714721679688,4168800
2019-05-03,108.33887476651063,108.33887476651063,106.60091442266305,106.93936157226562,5695500
2019-05-06,105.94230758356176,107.09485061778902,105.46665877983773,106.70152282714844,5952100
2019-05-07,106.38138047797332,106.55517162032147,104.69830088220039,105.13736724853516,5127200
2019-05-08,105.96972207233901,106.9210264264606,105.40260328839493,106.33560943603516,2992600
2019-05-09,105.97886900316225,106.24413716193631,104.99097523504938,105.92398834228516,5818900
2019-05-10,105.76849626677323,106.39965186983005,104.47875170511315,106.30818176269531,3660500
2019-05-13,105.06419055870145,105.36604825571007,104.15862444639886,104.61598205566406,4284600
2019-05-14,104.94527789411468,105.6770458663751,104.76233066700722,105.13736724853516,3668400
2019-05-15,105.4209217762724,105.96060036876744,104.57023640166203,105.75936889648438,3724400
2019-05-16,105.38683086182822,108.24755451702876,105.38683086182822,107.37370300292969,3914100
2019-05-17,106.4262456832983,107.30010413832534,105.98472325829032,106.7114028930664,3109800
2019-05-20,106.58264245965448,106.97817683177603,105.78237328316474,106.91378784179688,3042800
2019-05-21,107.6588463651666,108.34873131169996,107.18972263651958,107.2357177734375,2611100
2019-05-22,106.81261343540804,108.90066259318041,106.81261343540804,108.52352905273438,3934200
2019-05-23,108.32113937901774,108.50510589492232,107.14373683433375,107.44728088378906,3653500
2019-05-24,108.10957093990352,108.12797180211044,107.1161349169109,107.42888641357422,2086400
2019-05-28,107.70483596761899,108.91904022739851,106.42624974386376,106.4814453125,5007200
2019-05-29,106.34346211734669,106.51823521070554,105.25804288813269,106.23307800292969,5915800
2019-05-30,106.23308138991491,106.97816190470819,105.74556381697309,106.61022186279297,2392800
2019-05-31,106.09508967133975,108.15555084012048,105.77314480680268,106.64700317382812,6098400
2019-06-03,107.18971548142015,108.28433510257125,106.73899264477586,107.41047668457031,4722000
2019-06-04,108.61547774138486,109.39734587243557,107.99918226308729,108.13715362548828,3122700
2019-06-05,108.56951197545226,108.8914569379235,107.18974183525512,107.64046478271484,4175800
2019-06-06,108.10038695015915,109.40657466847766,107.8704252627059,108.08199310302734,3882800
2019-06-07,108.71667401562473,109.40655897905167,108.44071722310485,108.86384582519531,2726300
2019-06-10,106.70220845289768,106.70220845289768,104.7521310823243,104.79812622070312,8172400
2019-06-11,105.58000149075696,106.32507506065896,102.88485042020149,103.21599578857422,5681200
2019-06-12,103.48275014652688,106.24229015043427,103.48275014652688,106.00312805175781,3793800
2019-06-13,106.15030678063299,106.15030678063299,101.74424040333994,102.85725402832031,8477300
2019-06-14,103.14241582644503,103.25279996531472,102.11219193515693,102.78367614746094,3188100
2019-06-17,102.69169091904601,104.32901701613646,102.41573408606219,104.31062316894531,3032300
2019-06-18,104.54058718668239,105.62600665986604,104.14505279345765,105.46043395996094,2868700
2019-06-19,105.8007454243779,106.69299768666426,105.17524949952873,105.9939193725586,3320600
2019-06-20,107.02415742529085,107.68644814296604,106.02152793505202,106.29747772216797,2840100
2019-06-21,106.46303964456085,106.63781273791969,105.60758205697802,106.23307800292969,4024600
2019-06-24,105.85596593836841,106.84020168260884,105.5156201135848,106.36187744140625,2570500
2019-06-25,106.25150381157479,107.46570128375977,105.93875225623032,106.113525390625,2110100
2019-06-26,105.6075869347382,105.7363648985698,101.75343441513901,102.41571807861328,4677500
2019-06-27,102.78366434949768,103.21599340477027,102.25015861755045,102.53530883789062,3615900
2019-06-28,102.83886002453644,102.86645430164563,101.20152706470238,101.9098129272461,8958700
2019-07-01,102.38811045087549,103.79547445626854,101.77181498749857,103.7034912109375,3236400
2019-07-02,103.77710757207008,105.05569396255802,103.39077363060039,105.04649353027344,2343400
2019-07-03,105.66279080813227,106.21469741334163,104.6601542762139,105.24885559082031,3707700
2019-07-05,104.90851408586536,105.20286473552476,103.52874409973583,103.777099609375,2444000
2019-07-08,103.45514969184529,103.74950032730425,102.02019122121693,102.58129119873047,2998700
2019-07-09,102.8848362545442,104.27380652409703,102.8848362545442,104.01625061035156,2717700
2019-07-10,104.19103541243366,105.46042838387991,103.63912878122265,105.35004425048828,3339100
2019-07-11,102.59049985853385,103.24359016403353,100.3552721288385,101.01756286621094,6589600
2019-07-12,100.6956029252538,100.6956029252538,96.7218661109989,99.61018371582031,7211100
2019-07-15,99.61938460604574,100.41045320392107,98.96628737697358,99.7757568359375,4405200
2019-07-16,100.26328232931402,100.43805543413947,99.31584142649301,100.09770965576172,2206500
2019-07-17,100.58524922870525,100.86120608422888,98.49720001720759,98.50639343261719,3507300
2019-07-18,99.18706460320553,99.78496632113878,98.64435143780143,99.65618133544922,3232900
2019-07-19,99.8033753801391,99.82176922782848,98.03727125125035,98.23043823242188,4820600
2019-07-22,98.35002916970224,98.75476405268144,97.38419413242222,98.6719741821289,2894400
2019-07-23,98.88351616526417,100.63122622664345,97.55893472626124,99.54580688476562,5098200
2019-07-24,99.66538982823158,100.87039379294362,98.57077701325265,99.82176208496094,3762700
2019-07-25,99.86774136967273,101.53266140807628,99.04907848752838,99.1778564453125,4596700
2019-07-26,99.26987475502985,100.47487895394076,98.92033546301649,99.5918197631836,3470700
2019-07-29,99.4078203608672,101.40388577005642,99.4078203608672,100.00572204589844,3192500
2019-07-30,99.61939452492183,101.2015248603293,98.42359107850113,99.97813415527344,4664200
2019-07-31,99.39862223638174,101.8362171516865,98.98469406984077,100.21728515625,5535700
2019-08-01,100.28169825672714,101.86383592620875,99.62860784997591,101.65227508544922,3679000
2019-08-02,102.06618155725849,104.19102503380503,101.35790273770058,103.4091567993164,4477700
2019-08-05,102.45250968350977,103.4735399500306,98.82831892588052,99.99652099609375,4765800
2019-08-06,100.69564244708454,103.1332381642541,100.30010799472967,102.470947265625,5490000
2019-08-07,101.52347865069375,102.45251872680494,99.83095714266423,102.21336364746094,4231700
2019-08-08,102.98603657207889,105.35924276269843,102.6916859062723,104.83493041992188,4815900
2019-08-09,104.1634451694994,105.36844919762501,103.344782114277,104.65096282958984,2788100
2019-08-12,103.85070083302902,104.91771942765106,103.28959374678098,104.49459075927734,2318400
2019-08-13,104.43019621865557,106.83099670135167,104.33821295091738,106.42626190185547,5247200
2019-08-14,106.24588850496657,106.25514051476203,101.95387339791397,102.01862335205078,4937900
2019-08-15,102.1388653394846,102.9621177332443,101.01961216434182,101.96311950683594,3939900
2019-08-16,102.61986047941296,102.9806111741312,101.09360374018186,102.23135375976562,3497600
2019-08-19,102.72163605165606,104.46989200938741,102.4811331783867,104.09063720703125,2903500
2019-08-20,103.90562785629342,104.41437546376426,102.59212479483206,102.68462371826172,2074800
2019-08-21,103.60037852639606,104.00738227177308,101.75037176699612,103.10087585449219,2207300
2019-08-22,103.08237514833124,103.85012256211523,102.48112156191942,103.2396240234375,1840200
2019-08-23,103.10085732519379,104.118359448555,100.71434734073996,101.29710388183594,3870100
2019-08-26,102.31461369734667,103.4338668229124,101.98161195088903,103.39686584472656,2565500
2019-08-27,103.88712091916813,104.41437253084409,102.42562103271484,102.42562103271484,2945200
2019-08-28,102.0556195853045,103.17487277314184,101.55611693782731,102.64762115478516,1744400
2019-08-29,103.42460795745403,103.95185951152162,102.30535490608997,103.83161163330078,2708600
2019-08-30,104.35887534743864,105.60762843076718,103.52637093948118,104.49762725830078,2870700
2019-09-03,104.09987285433186,105.4688737945168,103.77612310882968,105.41337585449219,3710300
2019-09-04,105.801896605341,105.91289956469673,104.0166395880317,104.75664520263672,3756400
2019-09-05,105.41337716480608,106.78238517922328,104.76587766575315,106.00537872314453,4045900
2019-09-06,106.17187625574209,106.3661260993348,105.30237090680946,105.49662780761719,2904700
2019-09-09,105.9313707442943,105.9313707442943,102.07410882509986,102.7401123046875,4982300
2019-09-10,100.24261291565402,102.79561701260015,98.42035523543507,102.76786804199219,6589500
2019-09-11,103.3968760666274,103.60037793816043,102.01862301472048,103.31362915039062,3404100
2019-09-12,103.52637135771673,103.98887302431541,102.78637292548807,103.11012268066406,3578500
2019-09-13,103.35985973853721,103.73911445321491,101.97235488287373,102.5736083984375,2842600
2019-09-16,102.13884960885974,102.24060052340323,101.01959660609553,101.87059783935547,1728900
2019-09-17,102.055623444399,102.8511269066974,101.40811685145938,102.786376953125,2438100
2019-09-18,103.08236204788032,104.44211792300263,102.83260722413176,104.26636505126953,3132500
2019-09-19,104.39587875793926,106.47713629767934,103.96112605381686,105.77413177490234,3929800
2019-09-20,107.23564850954477,108.43815579801765,105.88514434121366,107.44840240478516,7517700
2019-09-23,107.30038038057569,107.79988299817865,105.42262485307,105.61687469482422,2611300
2019-09-24,105.78339964072333,105.95915256206575,103.54489288950714,104.75664520263672,3480200
2019-09-25,104.41436277034903,105.31161703869205,102.96210797168274,103.0361099243164,3093400
2019-09-26,103.63739319595194,104.21089790770696,102.38863987987594,103.43389129638672,2266400
2019-09-27,103.92412293444517,104.86763028508663,103.02686857328794,103.942626953125,1906300
2019-09-30,103.97036680506116,104.94161598410686,103.31361534383556,103.443115234375,2516600
2019-10-01,103.54488074734236,104.01662739054767,102.12962670329497,102.63837432861328,2203400
2019-10-02,102.0556119946691,102.34236074871684,98.6608517034062,98.97534942626953,4483900
2019-10-03,99.0585940547805,99.9928493076394,98.24459374031032,99.24359893798828,2735000
2019-10-04,99.42861372671238,100.14087029844912,98.97536403565367,100.08536529541016,2865300
2019-10-07,100.18709297589184,100.50159772938095,99.50259259318865,99.74309539794922,1460800
2019-10-08,98.87360397015429,100.20561100468183,98.004098594036,99.15110778808594,2802500
2019-10-09,99.49334916183224,100.03910475923257,98.86434665784697,99.25285339355469,1636600
2019-10-10,99.0030952198535,99.42859586154744,98.58684658653966,98.9013442993164,2736900
2019-10-11,99.66910011446909,100.9548540664498,99.52109620711445,100.23335266113281,2554900
2019-10-14,100.38135887961043,100.94561147893442,99.78935730937138,99.807861328125,1341300
2019-10-15,100.22412423349095,101.84288030066801,100.10387632338427,101.4728775024414,1760000
2019-10-16,100.99186024886485,101.26936406085122,99.70610623061059,99.8541030883789,2314600
2019-10-17,101.02888661641562,101.25088548746452,100.14088407500321,100.32588195800781,2018900
2019-10-18,100.1871101780677,100.7698668028466,99.80786247584196,100.49236297607422,2207100
2019-10-21,100.705118160812,100.8253660567959,99.6876088208884,99.8171157836914,3944900
2019-10-22,101.7318781859213,103.10087928133903,100.7236207987839,101.60237121582031,5708500
2019-10-23,98.05036124898444,99.66911721300069,93.75834600039862,99.34536743164062,9047500
2019-10-24,99.43785973261463,100.09461126165719,98.28160554967724,99.75235748291016,3304500
2019-10-25,99.97436123373595,102.29611450233192,99.47485859050073,101.93536376953125,4234600
2019-10-28,102.32386760584973,104.70112580500842,102.32386760584973,104.51612091064453,4168500
2019-10-29,104.06285163912081,104.34960034977354,103.13784851343974,103.29509735107422,2987800
2019-10-30,103.01761210417042,104.71961465723876,102.91586118445281,104.26636505126953,2424700
2019-10-31,103.93337708762739,106.07013257022484,103.60037531667513,105.40412902832031,4124400
2019-11-01,105.51510031471106,105.92210392537037,103.88709292928726,104.07209777832031,2629100
2019-11-04,104.74737649496296,105.75563380771544,104.405129774966,104.62712860107422,3002100
2019-11-05,104.47912673006212,104.59938168352721,102.22212332968412,102.90662384033203,3357300
2019-11-06,103.20262458134651,105.71863484941906,103.14712663806172,105.28388214111328,3973700
2019-11-07,105.66313313794859,106.03312882293979,103.6281215844204,104.3126220703125,3076200
2019-11-08,104.20160948460976,105.05261071522202,103.69285491347514,105.01560974121094,2224100
2019-11-11,104.9508686578905,105.64462110041268,103.80386659560729,104.34037017822266,1770200
2019-11-12,104.31261447224425,105.48737256389013,104.01661371148262,104.6826171875,2273200
2019-11-13,104.40514057960601,105.01563917888653,103.83163590749243,104.33113861083984,3250600
2019-11-14,104.37298470499135,104.53113797980275,103.26589758570312,103.62872314453125,2627100
2019-11-15,103.57293452584389,105.88943844636889,103.57293452584389,105.30333709716797,4857400
2019-11-18,105.14515157201997,106.17781115339511,104.99630351317731,106.12199401855469,3361600
2019-11-19,106.08477731859618,108.02915693657337,105.82428789941555,107.0802230834961,3781600
2019-11-20,106.94997853471929,107.84308815802625,106.10338792110927,106.6243667602539,3638200
2019-11-21,106.70810439818476,107.47096939705017,105.39635193207218,106.75462341308594,2909500
2019-11-22,107.07091711432675,108.55013501692208,106.71739677616516,108.10357666015625,3120100
2019-11-25,108.47570369703702,110.20610573584652,108.47570369703702,109.28508758544922,2939300
2019-11-26,109.28508411419458,109.88049048521651,108.84783100783073,108.93155670166016,4704900
2019-11-27,109.52698918678644,109.68514247890346,108.49432953010817,109.25719451904297,1798200
2019-11-29,109.06181239284905,109.81537205543002,109.00598816383277,109.17344665527344,1243900
2019-12-02,109.33161586340125,110.01075514930223,108.01055818157208,108.60596466064453,2199700
2019-12-03,108.28965368757541,109.70374224364251,107.8430952974567,109.41534423828125,2786000
2019-12-04,110.03866365663968,110.55964255108167,109.37813481609928,110.4014892578125,2597000
2019-12-05,110.15031172004663,111.56440041843736,109.35023288483691,111.42485046386719,3003200
2019-12-06,111.61091012725123,112.29934752182622,111.24808453431272,111.30390167236328,2462800
2019-12-09,111.20156984262624,112.42029138946243,110.65268236964987,111.86209869384766,2335100
2019-12-10,112.15979746863904,112.70869201754806,111.74115473806151,112.2435302734375,3592600
2019-12-11,112.15979912945873,112.7552056029124,111.62021689263231,112.36447143554688,3438100
2019-12-12,112.15978409060482,113.43432967265409,112.15978409060482,113.22035217285156,2959400
2019-12-13,113.48085224521093,113.67621930883477,112.30864276566354,113.06220245361328,3343900
2019-12-16,114.49490972680374,115.60199693279498,113.55528103014055,114.29023742675781,3468400
2019-12-17,115.3601031554026,118.17898195976092,114.71817772945013,116.5974349975586,6718800
2019-12-18,118.96975122416336,120.92342890169891,118.79299460855191,120.45826721191406,8173000
2019-12-19,120.08615731675987,121.86307858256413,119.39771282646868,121.73283386230469,4423400
2019-12-20,123.25858250162467,127.4543369506755,122.09567796740318,123.20275115966797,9229900
2019-12-23,123.16555413077744,123.34231790515534,121.90031333038173,122.01194763183594,2473400
2019-12-24,121.93751711919133,122.06776185115127,121.06301069219826,121.97472381591797,1215800
2019-12-26,121.87236454566705,122.52358808198024,121.55605799883043,122.00260925292969,1272000
2019-12-27,122.40268204371219,122.58874392334009,121.7235355994337,122.35616302490234,2161300
2019-12-30,122.35613101296025,122.73755279794234,121.75141231786732,122.15145874023438,1856200
2019-12-31,122.03981904805585,122.35613979855006,121.40720593828496,122.27239990234375,1549800
2020-01-02,122.58872517324507,123.044574579269,121.62118083418869,122.9980697631836,2204200
2020-01-03,121.22115319684137,123.23995346018516,121.15602373885778,122.58872985839844,1963500
2020-01-06,122.26309507285679,123.32366314241655,121.81654383188636,123.04456329345703,2102900
2020-01-07,122.5236008883478,123.66789480715933,122.5236008883478,123.27716064453125,2448300
2020-01-08,123.23063525940195,124.85870109643453,122.81197840196468,124.39353942871094,5188600
2020-01-09,125.17500082680677,126.85888370123774,124.67261830340337,126.44953918457031,4522800
2020-01-10,126.31932424011545,128.6358348755436,126.08674336411059,128.3846435546875,4177600
2020-01-13,128.57066520897072,130.23595170992877,128.28226728421185,129.2591094970703,5117100
2020-01-14,129.30561943157025,131.08252585532455,128.49622863992028,130.84994506835938,4685200
2020-01-15,130.78483816106765,131.81749748880034,130.25454711911587,131.2779083251953,3676500
2020-01-16,131.9477910141424,132.07803574352937,130.10575435692354,131.57565307617188,3794800
2020-01-17,131.06400738927096,131.86408633903855,129.6499113905999,129.85458374023438,5393200
2020-01-21,129.78009866721936,131.70587468714035,128.78464593523546,131.09185791015625,4849500
2020-01-22,131.40819622052854,132.3385197335942,130.88721732450938,131.69659423828125,2742100
2020-01-23,131.40819363219782,131.86405725504062,130.13365498699753,131.37098693847656,3138700
2020-01-24,131.96634794799309,132.09659262456626,129.0358214316895,129.3800506591797,3183300
2020-01-27,127.77061978182411,129.4079981462644,127.77061978182411,128.67303466796875,2826400
2020-01-28,129.02656200262183,130.13364918328753,128.59860696805845,129.5568389892578,2649100
2020-01-29,129.78935579146574,131.30578681438294,129.28698762073614,130.17079162597656,2815500
2020-01-30,128.55212010432342,133.70612127377493,128.47770670159045,132.72927856445312,5243400
2020-01-31,132.89673009242736,132.89673009242736,129.75223182550593,129.91038513183594,3913500
2020-02-03,130.73836022299378,131.7059046118223,129.94757957033258,131.1756134033203,5137800
2020-02-04,132.38504935374854,134.03172607856112,131.90127711342848,133.44561767578125,3177500
2020-02-05,134.6922074256346,137.092443264265,134.45962659858444,137.08314514160156,4060900
2020-02-06,137.446011518697,137.56694393169641,136.58080320317853,137.0366668701172,3285000
2020-02-07,136.9622236869733,136.9622236869733,135.25043189289775,136.2086639404297,2670400
2020-02-10,131.64076141685376,135.4085740350444,131.2872339814081,135.37135314941406,4892100
2020-02-11,135.57601703126693,135.69696360865714,133.20368966345953,134.1991424560547,2976400
2020-02-12,134.58990564863495,134.8038760893681,133.49213067863727,133.51072692871094,3953200
2020-02-13,133.59488966423083,134.41782228862564,132.59427710782458,132.6036376953125,3455500
2020-02-14,133.02441587446097,133.08988289316844,131.453378655697,131.9676971435547,2273700
2020-02-18,131.8741982320488,132.7532371239858,131.41597188413675,131.86483764648438,2858200
2020-02-19,132.4353531951945,132.64108642758927,131.2570745390009,131.69659423828125,3082800
2020-02-20,132.44463495636018,133.54809957407548,132.04251505267433,132.79063415527344,3417000
2020-02-21,132.17349531899316,133.3985339539508,131.22900325955973,132.82809448242188,2900900
2020-02-24,130.2471032095889,132.4072876801877,128.92854423404157,129.1903839111328,4727400
2020-02-25,129.92912195993225,130.2003078846439,125.8892864292475,126.62805938720703,3401600
2020-02-26,127.20785919752007,128.13365851024014,124.66426193658305,124.8699951171875,4659000
2020-02-27,124.68295674346273,125.93604834429627,120.68053496792464,120.81145477294922,4292800
2020-02-28,118.18369178249736,118.57645833493147,113.62953753008152,117.94990539550781,7898300
2020-03-02,119.4554979034139,124.37436579651134,118.02472626548544,124.22473907470703,7355700
2020-03-03,124.63616254753487,126.85245230869991,120.34384911039827,121.85877990722656,6936600
2020-03-04,124.40241583078557,131.724607461853,124.37436260481586,131.27574157714844,5301900
2020-03-05,129.4054260712889,132.70648821861926,128.61054676714534,131.0606231689453,6882100
2020-03-06,127.29197306710479,133.12728484837984,126.75894766860492,132.28565979003906,8010700
2020-03-09,125.32820139746592,131.79004582857698,124.66424182730952,126.9179458618164,5351300
2020-03-10,130.20029651274237,132.72518636429825,125.98279568619645,132.03318786621094,5961200
2020-03-11,130.4153924793408,132.64102897705448,128.47963452274624,130.93907165527344,7211800
2020-03-12,122.30767937293702,127.64736670550784,117.76287859472151,117.84703826904297,7836300
2020-03-13,124.32759019335707,130.3312225341797,120.17554192962102,130.3312225341797,6841700
2020-03-16,122.50404379123695,129.68595340246048,119.93239401699343,120.9891128540039,6619700
2020-03-17,124.57073255845717,134.27753269541097,122.59757507416343,133.91282653808594,8909200
2020-03-18,127.49773487494573,134.66095287615758,125.38431116810261,133.80996704101562,6734600
2020-03-19,133.24889579516727,133.70710798664632,122.61628108977199,124.4585189819336,6554800
2020-03-20,123.58884553497326,123.67300521410519,112.43255827640024,114.46182250976562,9113500
2020-03-23,113.10584173004874,118.65125465191406,109.46812642292193,111.32907104492188,7299300
2020-03-24,115.24732818107957,116.5191266181496,109.79543539708884,114.92002868652344,6827300
2020-03-25,112.32967465590706,117.95924715743236,111.47868886700323,114.0316390991211,6472100
2020-03-26,115.29410967476572,126.93667746263411,114.03166445633533,125.63682556152344,6723600
2020-03-27,122.17674406673164,128.68536250307562,121.75593147932535,125.412353515625,4717400
2020-03-30,125.18791122813957,132.57556851434563,124.85125831042402,129.46153259277344,5057400
2020-03-31,128.0775376809469,132.80937176540502,125.79578031155879,129.723388671875,7560100
2020-04-01,125.30947502360347,128.2925909285037,124.35562278551457,127.57252502441406,3297900
2020-04-02,126.57193844729822,133.53876898031123,124.40239422124391,132.95896911621094,4725000
2020-04-03,131.78071051891772,135.22205359750285,129.48026043352945,130.60243225097656,4013200
2020-04-06,133.04310253486543,134.19332705712688,131.20086547484624,132.4259033203125,4159900
2020-04-07,133.8473680500993,135.4090591835889,130.96711845453976,132.67843627929688,3900600
2020-04-08,132.83744382282023,137.70019839973688,131.38796519635335,136.73699951171875,4006600
2020-04-09,135.1378537941024,136.90527799241397,134.24012221960015,136.2787322998047,4415300
2020-04-13,135.56808976528498,137.08302141746762,133.61363843909012,135.0537567138672,2289000
2020-04-14,137.72822092125418,141.72129599354204,134.70770510903012,141.30982971191406,3809600
2020-04-15,139.2805881608474,143.4513295525028,138.87846813225167,141.37530517578125,3614400
2020-04-16,142.97437380061984,145.49926342374485,142.1420949993516,144.69503784179688,3512900
2020-04-17,145.34034760329243,147.44442549519883,143.10534987999065,147.0890655517578,3709900
2020-04-20,146.47188240685674,149.81034529199968,145.5180297528766,147.556640625,2562200
2020-04-21,145.33098083366164,145.695687046174,141.5903984410471,142.7686767578125,4270200
2020-04-22,144.5828500684427,147.07968690577331,143.61030500171006,146.54666137695312,3278000
2020-04-23,146.9861503858782,152.01723731570783,144.0123947970704,149.55780029296875,5692900
2020-04-24,151.49357225940224,154.20548852427189,150.19372057436377,152.36325073242188,4414000
2020-04-27,153.36384006472474,153.8314127478489,150.29656440496512,150.82958984375,3210300
2020-04-28,150.5023489140551,151.47489414857392,146.434459474275,147.09841918945312,3270200
2020-04-29,147.52853751895987,147.78103077978022,144.6389415723259,145.09716796875,3240700
2020-04-30,145.13454945255995,146.7991069650547,143.33907216725726,144.61087036132812,4175800
2020-05-01,143.75055675889067,144.57348930410458,141.73999979041844,143.66639709472656,2576400
2020-05-04,144.6202715835861,145.88272394074954,141.45012834564128,143.33912658691406,2228500
2020-05-05,143.82540419072407,148.89389191435052,142.84349840188128,147.650146484375,2862600
2020-05-06,148.1831418350838,148.63200761799766,146.20998453060113,146.51856994628906,1964800
2020-05-07,147.28543331788535,147.46311326654552,142.81543845142374,143.04922485351562,2330600
2020-05-08,144.1994366532769,144.40516980967294,142.65645224949475,143.55418395996094,1966600
2020-05-11,143.51677797431475,149.12765085498643,143.1520718078386,148.26731872558594,3196200
2020-05-12,149.50172249328796,150.9324941196325,147.36959166700242,147.4911651611328,2329400
2020-05-13,146.84589005468536,149.01543436536906,145.92009091482143,147.68751525878906,2650000
2020-05-14,146.51311884984486,149.3411531964721,144.51187700259328,148.8056182861328,2393900
2020-05-15,149.04048215430234,149.8672745253429,146.59765197499064,149.6042022705078,2824500
2020-05-18,151.5866888691267,152.5544222770652,147.61240437165264,148.41102600097656,2703700
2020-05-19,147.368098383928,149.51026651493152,145.89300125408624,147.22715759277344,2339400
2020-05-20,145.88361793065957,147.9130306587722,142.4448689052454,143.87298583984375,3780800
2020-05-21,143.89175818168476,143.89175818168476,140.66911569825078,143.07435607910156,3049800
2020-05-22,143.0179826905986,143.33742553633084,141.09190662555585,142.02206420898438,2355000
2020-05-26,141.97508843678796,142.58578885743515,138.2638769763513,139.01551818847656,5013400
2020-05-27,139.21283575782005,139.21283575782005,134.93788917369642,136.89215087890625,5376100
2020-05-28,138.5175767856326,142.90527925936672,137.6531942085421,141.5429229736328,3982700
2020-05-29,142.49180147281635,144.3521018243454,140.87577835165467,143.7038116455078,9466300
2020-06-01,145.13194507363548,145.6205139278626,141.76836233910964,143.2340545654297,5233800
2020-06-02,142.88644380534527,144.7655395718495,141.90930597839983,144.558837890625,3269400
2020-06-03,144.070266095535,145.0567942204903,141.7308010883023,143.30923461914062,3190300
2020-06-04,143.00861097578664,144.25819723113514,140.6597409168584,141.5992889404297,3328700
2020-06-05,140.65029536989343,142.5857614419311,139.37250985587423,140.18992614746094,4578800
2020-06-08,137.87863237344058,140.22750174947873,137.66254040502614,140.18992614746094,4076400
2020-06-09,140.69727637326028,142.57637188408845,140.0959663832497,140.11476135253906,4302100
2020-06-10,140.89462625299618,143.18711136079497,140.78187074277562,141.8717498779297,4940200
2020-06-11,142.67036305369675,143.03678618359726,134.4023381620016,135.3700714111328,4547400
2020-06-12,136.74178177468823,137.53101282965716,132.91782964806185,134.86268615722656,3973200
2020-06-15,133.41583810934208,134.26142571492485,131.2360795066628,132.96485900878906,3709900
2020-06-16,146.8701415336683,157.30850543187776,145.62993136574406,153.8134002685547,15029300
2020-06-17,154.30192196318936,154.4240677575292,149.7639046398869,150.29945373535156,4711200
2020-06-18,149.5760432507025,153.11814333187448,148.63649522232325,151.3330078125,3631600
2020-06-19,152.4228442876605,152.6577312510795,148.69283816165816,150.2712860107422,6004900
2020-06-22,149.55724305390075,151.71820631099226,149.31296573614298,150.75047302246094,2647300
2020-06-23,151.16385207455932,153.02415279182833,149.34112696305752,149.70755004882812,2771500
2020-06-24,148.9653331112755,150.13036341567795,146.87953547656008,147.53721618652344,3096000
2020-06-25,148.11035889629355,153.51276036134715,147.23658606253184,153.01480102539062,3735400
2020-06-26,152.51679835865065,153.88853013865304,150.49676195684387,152.986572265625,5290400
2020-06-29,153.9449488554222,154.28318671617322,151.29541655681186,152.8832550048828,2640300
2020-06-30,153.24966552136203,155.185131989684,152.48863398152318,154.25497436523438,3296300
2020-07-01,154.38650441009995,155.46697866677926,152.69531546960724,153.42816162109375,2065100
2020-07-02,154.15163565457598,154.80931633786818,152.55439270554172,153.96371459960938,1960200
2020-07-06,154.5180379232886,158.70841309451373,154.09522994303006,156.80113220214844,2760100
2020-07-07,156.07769691805612,158.2010844066136,155.2790897825769,156.66961669921875,3273300
2020-07-08,156.75418871770034,159.554052148443,156.75418871770034,158.90576171875,2781800
2020-07-09,159.61038218514776,160.42778416985632,153.81337407635732,156.38772583007812,2955200
2020-07-10,156.09651585323513,156.09651585323513,152.90205814820794,153.4845733642578,2245100
2020-07-13,154.65903835279636,156.90455810187746,151.30484421131726,152.281982421875,3455600
2020-07-14,153.03356611627112,154.809311068904,151.76517072023483,153.97311401367188,2642900
2020-07-15,155.20390388463312,156.4159142426074,153.9918791902971,155.44818115234375,2346200
2020-07-16,154.978425620794,155.438809259964,152.77049662366113,155.02540588378906,1486800
2020-07-17,156.00248884410001,157.14873814859467,155.128716392311,155.92733764648438,2935800
2020-07-20,156.4253681689223,157.5716179966506,155.7113024383836,156.94210815429688,1806200
2020-07-21,156.7823489406842,157.12058674833415,154.7999023556952,155.30726623535156,1540700
2020-07-22,155.53272632605672,155.82399816753994,152.5167861137801,154.8750457763672,1686500
2020-07-23,155.26969871619215,155.45761978697507,151.06991797148885,151.75579833984375,2408800
2020-07-24,151.70879689422677,151.70879689422677,148.871358290605,149.8954620361328,2247900
2020-07-27,149.95185219062742,151.96248414484216,149.00289962612777,150.7974395751953,2709700
2020-07-28,151.89669101836654,155.41060494943787,151.59604317744734,152.81744384765625,3483100
2020-07-29,152.70475495679497,153.1745290172875,151.36120802524226,151.97190856933594,3108900
2020-07-30,148.87137279633487,148.91835306205002,141.35498904556894,143.75083923339844,6638100
2020-07-31,143.87299341995717,144.07029047651915,139.7483781704255,141.2046661376953,5342700
2020-08-03,143.56291877760552,144.54944691782214,142.07843140843096,143.60049438476562,3615000
2020-08-04,144.10786184972577,146.56947276624047,143.8353849296815,145.48899841308594,3260000
2020-08-05,147.80026965648545,147.96939572401266,144.03268794756946,145.0098114013672,2386400
2020-08-06,144.54943932388144,146.09968750823424,141.871722274877,143.63807678222656,2176200
2020-08-07,143.71324295942688,144.22059248165613,142.4166623612067,143.68504333496094,2017100
2020-08-10,143.6850639941244,144.211222899224,142.36970257228606,143.75083923339844,1745200
2020-08-11,143.88236902331553,143.88236902331553,141.12009582304245,141.52410888671875,2103400
2020-08-12,141.67443506879343,143.91056387207286,141.49593299328419,143.3280487060547,2430400
2020-08-13,142.39333806589602,143.2147245055018,141.4208733396313,142.05345153808594,2077700
2020-08-14,141.43037182696503,143.2147731018993,140.81668000688217,141.70416259765625,1538000
2020-08-17,142.48775643056902,144.16830265100592,141.9590472025097,143.0636749267578,2704700
2020-08-18,143.64903565747463,144.59316343545672,142.70490787949254,144.55540466308594,1959700
2020-08-19,145.21626698152903,145.78274931623864,143.51683438364438,143.78118896484375,1938800
2020-08-20,144.02667815698902,144.30991933769866,142.421664007961,142.88427734375,1830200
2020-08-21,142.88428914282625,142.89373964025208,139.6836966708727,140.92050170898438,3112000
2020-08-24,141.66634103629247,141.99677703336147,139.96690857371044,141.16595458984375,2268400
2020-08-25,141.95901555245422,142.85593382195984,140.96767876774055,141.31700134277344,2216100
2020-08-26,140.85442025823403,141.1093387825478,139.1738740284912,140.92050170898438,3029700
2020-08-27,142.16675952341257,142.50664609253053,140.61839057659662,140.64671325683594,3146100
2020-08-28,140.52396438698943,140.81664167102394,138.76788627653679,139.10777282714844,2102600
2020-08-31,139.11727999406747,140.4768123440783,138.81515208989745,140.0991668701172,4430700
2020-09-01,140.30685843840564,140.86389048416038,138.45636127528448,139.07005310058594,2358700
2020-09-02,138.58848867839833,141.61914471402602,138.32413409409835,141.1942901611328,2406800
2020-09-03,143.68680724449723,144.80087109517743,139.2210869378571,140.6939239501953,4226100
2020-09-04,140.4579146069952,144.05503967501457,139.68372279806513,142.4783477783203,4361800
2020-09-08,142.51603506082327,142.8559215175575,140.20292569988493,140.96766662597656,4351200
2020-09-09,142.2045021095117,145.50894888628957,141.91182484285338,143.4790802001953,2328500
2020-09-10,141.5058648573575,142.18563795660182,137.5782901520002,138.05035400390625,3961300
2020-09-11,139.31547044339442,140.8544030865986,138.67347057153273,139.81585693359375,3001400
2020-09-14,140.75997107261293,142.10063044677312,139.23048907224927,140.6750030517578,3072500
2020-09-15,141.5814266688691,143.38470001480232,141.07158953376347,141.69471740722656,2923500
2020-09-16,143.24307517571648,144.1494298228389,142.36502880467881,142.52554321289062,3618800
2020-09-17,141.74188615367885,144.14940009285695,141.10932236831198,143.95114135742188,3620700
2020-09-18,143.54520106231269,145.86776205909032,143.54520106231269,145.5561981201172,13209800
2020-09-21,144.61205005565475,145.07467785321356,140.7316843110697,142.7332305908203,3501600
2020-09-22,142.47833663080522,143.10146446637356,140.8166624026229,141.48699951171875,2926400
2020-09-23,141.666384685268,143.12033521408452,140.3918063440591,141.43978881835938,3545700
2020-09-24,140.92052116559063,141.29818095861413,139.13612006151777,140.49566650390625,3424200
2020-09-25,140.09910982189533,141.99680132612656,139.58928719902195,141.8646240234375,2440600
2020-09-28,142.56331305078714,143.11090896211616,139.63651079519212,139.82534790039062,2427100
2020-09-29,139.7120203890779,140.1463254927573,137.77655562063583,138.08811950683594,3308300
2020-09-30,138.22033498000152,140.1558002828508,136.95520690338304,139.7498321533203,5083900
2020-10-01,140.0424639193846,140.40123705653505,136.01103459369216,136.22817993164062,3809200
2020-10-02,135.64282180700428,138.7301233486663,135.26517649819795,137.09678649902344,3880000
2020-10-05,136.96458707093316,139.2304873701597,136.12429974305093,138.4374237060547,2790600
2020-10-06,138.72063260959672,139.57035591727737,135.88825039647634,136.07708740234375,2409200
2020-10-07,140.22186478849576,141.51531526356277,138.64517309238394,140.6372833251953,4602800
2020-10-08,143.88505303006352,145.3390177284043,142.0912161960664,144.92359924316406,4686100
2020-10-09,145.4806519331482,148.36968074954123,145.46177974929725,148.11477661132812,4590600
2020-10-12,148.06756244710283,148.36967584745608,145.79221102472934,145.85830688476562,3242700
2020-10-13,144.45156915516353,145.70726099486998,140.25020286817482,141.69471740722656,5963900
2020-10-14,141.97789948099526,142.18560868557353,139.45708075951453,140.16517639160156,2710200
2020-10-15,138.324152516737,138.7018122633528,137.2572979473823,138.57907104492188,3785900
2020-10-16,138.89068565956146,140.08973238283542,137.84270289010578,137.95599365234375,2918900
2020-10-19,138.7867437883747,139.17383952446633,134.26437936013966,134.8214111328125,3158900
2020-10-20,135.35014592527855,136.0676777818962,134.16998631530166,135.56729125976562,2188700
2020-10-21,134.33992925816835,135.32183017140926,133.32028398046998,133.41468811035156,1983700
2020-10-22,133.622366046478,134.31157509868538,132.93315699427063,133.73565673828125,3056600
2020-10-23,134.2927341923932,136.61528035264516,133.8017837365184,134.42491149902344,2427200
2020-10-26,133.97170533574635,134.33991453629935,132.22507785876184,133.7828826904297,2947100
2020-10-27,125.58785874508187,128.476886927353,124.50210334958358,124.53042602539062,11374600
2020-10-28,123.1708888826735,126.60751265457561,123.02926110370142,123.973388671875,6188000
2020-10-29,124.6248765799408,125.69174566369261,123.09539406827717,125.14414978027344,4099900
2020-10-30,124.39826055176015,125.66340261836437,121.99074644202727,123.17090606689453,4335300
2020-11-02,125.13466549007235,126.46588886064343,122.72715164036177,124.27552032470703,3449500
2020-11-03,126.17323327477716,126.57921570284014,123.39749535527595,123.66184997558594,3628400
2020-11-04,127.37225930300433,143.4885101119782,127.37225930300433,140.2879180908203,12211700
2020-11-05,139.42881664728748,140.49568590128388,136.6153192304984,137.38951110839844,5731000
2020-11-06,136.94574934163077,139.15500508245802,131.32819144081026,134.7648162841797,6229800
2020-11-09,134.57595956038347,136.6624881710348,132.74436387543437,134.37770080566406,5493800
2020-11-10,139.353269390151,140.86386523017143,135.75613036192962,138.37136840820312,5377000
2020-11-11,139.5043350286827,139.5043350286827,135.35961407310026,136.6719512939453,3046800
2020-11-12,135.63757289168188,136.14054512570115,132.72421464715885,133.8345184326172,3463400
2020-11-13,135.16305320390668,135.9032700427125,134.10970056159968,135.11561584472656,2142700
2020-11-16,135.76092556385981,136.93766466863488,132.85705230881038,133.4169464111328,4957600
2020-11-17,132.4490083989262,134.71706767112804,131.53798217097273,133.99583435058594,3619200
2020-11-18,134.66011648286107,135.15358962530715,132.9804340515263,133.0183868408203,2795100
2020-11-19,133.09428664710757,136.54856915806062,131.83214301114626,136.0930633544922,4626100
2020-11-20,135.55215260759476,139.58531323033458,135.55215260759476,138.06695556640625,5063800
2020-11-23,138.1143737395994,138.19029378428715,133.95785627488698,136.06459045410156,3794200
2020-11-24,136.0740965016532,138.2092992245205,135.80838354345133,137.50704956054688,4127000
2020-11-25,137.5070413649822,137.92459441163288,135.3338859834385,137.3647003173828,3223700
2020-11-27,138.21875455445726,140.37294045573398,137.94355707750495,139.9174346923828,1754000
2020-11-30,138.87356298946733,140.61019604205416,137.50703111331586,138.21876525878906,5842200
2020-12-01,139.20571257176408,140.50580898824688,137.8486652597317,138.13336181640625,3954400
2020-12-02,137.9435312291303,139.5852601687699,137.01353624647635,137.7537384033203,3757400
2020-12-03,138.26621233874238,139.02539829716955,135.82734428060635,136.75733947753906,4059600
2020-12-04,136.71938296214907,141.13212859958358,136.6529474954771,140.8759002685547,3058600
2020-12-07,139.78457993663707,140.76202694082124,139.0064103712189,139.89845275878906,2637200
2020-12-08,139.480888056282,142.4796642834168,139.41446707569412,141.68252563476562,2754400
2020-12-09,146.70262335521122,150.83068676238076,145.83904920645128,149.9386444091797,8364400
2020-12-10,151.71326314498273,153.7345929827009,150.10948637048048,152.78561401367188,6430600
2020-12-11,151.57092227198527,152.95642345946413,150.9445926764165,151.8745880126953,3441900
2020-12-14,152.4914007875818,154.0097581306195,149.77732092760496,149.85324096679688,4390100
2020-12-15,151.2956818704101,159.6466981367468,149.98610098392467,158.88751220703125,6974300
2020-12-16,161.03221427095306,164.35364005820855,158.24221429281567,163.2718048095703,6009900
2020-12-17,162.96813021455628,165.02741253541015,162.3702833989973,163.8222198486328,3521100
2020-12-18,163.71784977333445,164.06896734528226,160.37743987066528,162.6549835205078,7356400
2020-12-21,160.26355907631887,160.37743190907722,157.3407023666159,160.1686553955078,3655900
2020-12-22,159.15323933271793,159.7985379597566,157.40710735312194,158.2137451171875,2447900
2020-12-23,158.90649189592114,159.42843311467135,157.02751798868724,157.03700256347656,1697300
2020-12-24,157.38815922780714,159.37152168971838,157.38815922780714,158.15682983398438,627200
2020-12-28,158.67875570231385,159.04885686485954,156.780798052281,158.00497436523438,1482000
2020-12-29,158.12833867585294,159.19119027530215,157.44507279613075,158.0808868408203,1712000
2020-12-30,158.8970363703208,159.79856346919524,158.17580310700563,158.4889678955078,1413300
2020-12-31,158.54588869599473,160.51026720332501,157.80567193989145,160.22557067871094,1643600
2021-01-04,160.39645611403478,160.8329784035404,154.77850141933644,157.05604553222656,3164800
2021-01-05,156.76181675852644,158.15681681052058,154.87334365569143,157.83416748046875,2322600
2021-01-06,154.66456040889162,158.74517213543027,154.65507583380997,155.9362030029297,3619700
2021-01-07,155.80334728515825,158.59334753995302,153.52580374016225,157.36917114257812,3025500
2021-01-08,157.73926262791218,158.3466085012371,156.2398743355827,157.91957092285156,3438100
2021-01-11,175.5610674061963,179.6416788960152,172.733114807317,176.45310974121094,11396500
2021-01-12,173.46379892227134,174.83982953200817,168.38677189556242,169.67738342285156,7179300
2021-01-13,170.6548601533437,178.0473986691883,170.1898553262357,176.0355682373047,7303900
2021-01-14,175.81730778749602,179.31904190535815,175.16251009322687,177.16485595703125,4413200
2021-01-15,177.2692352926766,181.995145463765,177.2692352926766,181.03668212890625,6624600
2021-01-19,185.99982364136002,189.34023269184252,184.1683017162354,188.35328674316406,7729100
2021-01-20,188.62852236430203,191.47545879801677,188.5431032662873,190.99147033691406,5335800
2021-01-21,193.3070070449696,194.27496961755915,187.90731456335268,192.02589416503906,8698800
2021-01-22,191.73169347658964,196.0020985910006,190.32720873788094,195.6225128173828,6128800
2021-01-25,197.61532211353983,201.68643420891428,197.47296662584603,201.515625,5959100
2021-01-26,201.70545085111613,202.35074949743284,199.85494505033424,201.8667755126953,6601500
2021-01-27,200.3009793051944,201.20250634582962,194.63557422884355,196.97955322265625,7358000
2021-01-28,197.3876290228972,201.03170485267043,196.97957500958145,199.3994598388672,5460400
2021-01-29,201.14556165051258,206.8773874828479,194.02822033802929,197.359130859375,8401700
2021-02-01,198.77312734653478,199.18118132419886,192.73762094567607,192.77557373046875,5383800
2021-02-02,193.95231347633825,195.39475098792022,187.28099292439748,187.4802703857422,5314600
2021-02-03,187.71748139147994,190.35564111829768,186.8444226922702,186.91085815429688,3679000
2021-02-04,186.76854348313762,191.57987367540218,185.6582398572926,191.3331298828125,2924300
2021-02-05,191.3331083535725,192.56678373689635,190.60240507536682,191.4754638671875,2732200
2021-02-08,192.05435492199535,195.89770789291242,191.60833367939802,195.27139282226562,2909300
2021-02-09,193.35445925254402,194.49323108583027,190.0994684350428,191.41854858398438,2661300
2021-02-10,194.03769677517948,195.0625956188227,191.35208502827746,193.96177673339844,3062700
2021-02-11,193.32334385949446,194.57169558508517,192.13216632885582,193.0469970703125,3544700
2021-02-12,192.16071740866582,198.42155231575813,191.68424648571772,197.53530883789062,2611300
2021-02-16,196.28693411114105,197.72588543418345,194.02846685674584,196.07728576660156,2741900
2021-02-17,195.36259227070056,196.96354204840546,194.657424648067,196.74436950683594,3329900
2021-02-18,195.63899044285824,195.75333882686053,191.4936870338879,191.6556854248047,3919400
2021-02-19,191.66518154130162,193.33282962738755,190.902825222372,191.46505737304688,3434900
2021-02-22,189.8069307589883,192.12258677234882,188.64435520162854,191.23634338378906,2263600
2021-02-23,190.883778103361,194.69554547253637,189.33047824738568,192.95166015625,3287700
2021-02-24,192.1797704625543,196.74436981315077,192.14165918859769,194.89566040039062,2848800
2021-02-25,193.9903869647138,195.8772078300392,192.2560257503847,194.22862243652344,2386700
2021-02-26,196.97308296802535,197.24944425502932,192.55143324261357,195.24826049804688,3887900
2021-03-01,196.09637404257973,198.44061740719914,195.1434321861999,196.75390625,2797400
2021-03-02,199.06004360412817,200.07015974587964,194.49545805581528,194.5335693359375,3445300
2021-03-03,193.79975771323066,194.69552527859548,190.31200198314872,192.49423217773438,3660300
2021-03-04,194.19998103149348,195.10528727156054,189.26375004606146,191.10292053222656,4308400
2021-03-05,191.56038777700834,197.89744569388452,191.42697649057115,197.1827392578125,3875900
2021-03-08,197.25891901764146,200.96586140692327,196.61092568351333,197.28750610351562,3300300
2021-03-09,198.53592997150798,202.17617533938125,196.36322340561426,196.41087341308594,4227300
2021-03-10,197.15417549165295,198.25005300700255,194.77182042285693,195.7819366455078,3400200
2021-03-11,196.79205090586717,197.49723323386604,194.6574700915852,195.55323791503906,4037300
2021-03-12,195.24824504190005,198.65025425131418,192.76106635944856,198.2881317138672,4541400
2021-03-15,183.92728571645975,184.0892840724038,179.34363813118608,180.2584686279297,12388500
2021-03-16,182.52647766842964,182.60271476220265,178.4193005738035,181.91659545898438,6194200
2021-03-17,180.80165083104623,180.8969508311304,177.7808269498305,177.9428253173828,5134200
2021-03-18,177.26624136321502,178.2858815490596,175.15070936032683,175.2745819091797,4240000
2021-03-19,176.0083396150415,177.0565813640679,175.2269349354614,175.6176300048828,6048600
2021-03-22,175.3889366649347,177.16140894875178,174.57893033957546,177.09469604492188,2666600
2021-03-23,176.62777207004643,177.87612352713992,174.62658843269435,175.03634643554688,3284700
2021-03-24,175.05542738555815,175.18883867241587,171.35802263232713,171.69154357910156,3931500
2021-03-25,172.48247610256402,174.9982420232039,171.7391826174253,174.47412109375,2630500
2021-03-26,175.3889136236033,177.16138567456576,174.03573822523728,176.58961486816406,2868200
2021-03-29,175.97026203102294,178.83861203414028,174.8743700761964,177.57119750976562,3002600
2021-03-30,176.79932379038036,178.06673836439842,176.0179189305986,176.77073669433594,2523600
2021-03-31,176.83740255788638,179.0958697888871,176.54197840946864,178.02857971191406,3621300
2021-04-01,178.02859904987727,179.21977633329394,175.97024121435607,176.52294921875,2340400
2021-04-05,176.8564636949132,177.15187332392753,174.48364793880597,176.1894073486328,2864800
2021-04-06,175.99884405590007,176.8946117797091,173.90237475762294,174.19778442382812,2488400
2021-04-07,174.29306520235065,174.5598877672775,172.6921298127894,173.74037170410156,3406600
2021-04-08,174.34072039404754,175.3127252184923,173.8833123463781,174.0167236328125,2393200
2021-04-09,173.94050061343142,176.42767979385118,173.82615222744366,175.8082733154297,2611200
2021-04-12,174.79812323475971,175.2841329028745,172.36813305714284,173.26390075683594,2876100
2021-04-13,172.65395270674802,174.9981954487949,172.65395270674802,173.9404296875,3089100
2021-04-14,173.9976570326835,175.78919244743884,173.48307480756193,174.38836669921875,2002100
2021-04-15,175.1412337882347,178.88630405104607,174.7791256539002,177.17100524902344,2586600
2021-04-16,178.56227195831792,181.34486078089313,178.08580097073843,180.34426879882812,3731800
2021-04-19,180.33472567271338,181.89754976619687,179.21978542377138,180.7158966064453,2966400
2021-04-20,181.44967331443152,184.39426033858805,181.22096202043056,181.6402587890625,2460900
2021-04-21,182.5455284767783,183.92729117556732,180.86835614716222,181.9642333984375,2219800
2021-04-22,181.05893220782397,182.2691722997774,177.96187152532173,178.2477569580078,2982600
2021-04-23,178.22869844218908,180.22988197955257,178.22869844218908,179.83917236328125,2482800
2021-04-26,179.69628283502027,179.7725054004049,177.30438907013902,178.40980529785156,2797500
2021-04-27,175.34130336566787,177.1233000022716,172.28235357750472,173.6355438232422,6838700
2021-04-28,172.911261061293,173.4353818817201,170.17632315388596,172.05361938476562,4682800
2021-04-29,172.53966908525203,174.03579494317083,171.529552933385,173.6260223388672,2432500
2021-04-30,173.28290041041072,175.293607806984,172.66349417470784,174.1691436767578,3103900
2021-05-03,174.3788916902188,177.58077794041324,174.31217875923352,177.17100524902344,3197000
2021-05-04,178.70518913419403,181.13519383010114,177.9904827260295,179.34365844726562,3703500
2021-05-05,179.77246814222767,184.46095468245008,179.31506014101262,183.73670959472656,4274400
2021-05-06,182.53601915932092,184.96602384998238,180.41096284837275,184.76589965820312,3101600
2021-05-07,185.6521358336344,187.03389859040004,184.77541654694298,186.22389221191406,2526700
2021-05-10,186.93857624733977,187.35787293240676,184.39422358921422,185.5949249267578,2242000
2021-05-11,184.28943240176886,186.5383758544922,183.9273098288104,185.58543395996094,1850200
2021-05-12,185.58539997654316,186.44304170827874,183.66045363066902,184.10833740234375,2397400
2021-05-13,184.01264346893467,187.7072542158917,183.53406702298165,186.58738708496094,2174300
2021-05-14,187.32441728150286,188.81757360258655,186.56825824390566,187.80299377441406,1823700
2021-05-17,188.06140724831957,191.0573006509848,186.73096523398806,187.15211486816406,2466000
2021-05-18,186.6448371308742,187.93699953762476,185.28568160795658,186.2906951904297,2369400
2021-05-19,185.31438073266298,188.9324176664337,184.83580426412195,188.09011840820312,3070500
2021-05-20,188.7122652396609,192.46430277494503,187.76467863109661,190.980712890625,3494400
2021-05-21,191.43058854280858,193.26832044022018,190.92329865156972,191.31573486328125,2579000
2021-05-24,192.38771320612415,194.89544887382024,191.46884008998765,192.4068603515625,2074900
2021-05-25,192.79935179417956,193.20136896916094,190.60747750915152,190.68405151367188,2919100
2021-05-26,190.69356018871397,193.76602729519394,189.755554475409,192.37815856933594,2891300
2021-05-27,192.052724749753,192.75145688673925,187.12339312577754,190.66485595703125,9340300
2021-05-28,190.58827221619737,193.6128787495786,190.0235555357541,191.1817169189453,2386000
2021-06-01,191.73691938725167,192.2824890692844,188.25286802094817,189.91831970214844,3070200
2021-06-02,190.48297108950936,192.31113641985885,189.7555402283983,190.59783935546875,2030300
2021-06-03,190.46386344906912,194.9146186533019,190.10014066846713,194.014892578125,3066600
2021-06-04,194.10102613275868,195.68990341895167,192.66529681258294,193.36402893066406,2817700
2021-06-07,193.335365257075,223.33254073290092,193.18221725165338,212.9857177734375,17231400
2021-06-08,212.21040149540377,212.74640484729125,208.056346308284,211.24366760253906,4618500
2021-06-09,211.86580362415302,217.01527637659686,210.8224958467763,216.31655883789062,4934900
2021-06-10,217.24497610939528,225.74449780055502,216.5558249125449,223.53346252441406,5598200
2021-06-11,217.30246627772325,219.75277586737428,212.0668376727279,214.48843383789062,5636000
2021-06-14,214.6223762289916,216.94826521400722,213.46422947675603,216.41226196289062,2720700
2021-06-15,216.41231247975608,216.94831585599132,213.32069758361914,213.94285583496094,2188900
2021-06-16,213.9524042675061,214.74684299282418,210.7650830942402,211.30108642578125,2548800
2021-06-17,210.8321160228898,213.54086103045736,210.8321160228898,212.68899536132812,1890700
2021-06-18,210.9851979436581,211.578642648322,208.96561942961978,209.18576049804688,4016600
2021-06-21,209.7122435937658,214.1821466805124,208.73594337243242,213.1292724609375,3671300
2021-06-22,213.0909490716297,214.02895479901298,211.06177504678817,211.95193481445312,1658800
2021-06-23,212.66981763868637,212.71767820748724,207.7021914600545,207.79791259765625,2419600
2021-06-24,224.8544064556686,229.11373486672596,220.54721746819538,222.9879608154297,12290500
2021-06-25,223.13149644738098,223.48565297887546,219.56131994660615,220.3557586669922,6992200
2021-06-28,219.18803017471987,220.0303294620902,217.15887055150438,218.4414520263672,2507500
2021-06-29,218.47016862435797,221.48519468232354,218.08731327271,219.54217529296875,1621200
2021-06-30,220.23133011307323,220.95877573976932,219.2454636921521,219.68576049804688,1786700
2021-07-01,219.67617834174672,221.58091805714218,218.86260706004185,221.22677612304688,1977300
2021-07-02,222.0307918092238,224.17481987615923,221.41821444795605,223.93553161621094,1994000
2021-07-06,223.61964941512682,225.48609475525004,223.23677947036114,225.33294677734375,3125400
2021-07-07,224.62463672128308,226.45280227492003,223.45692361384914,225.71580505371094,3141500
2021-07-08,223.81107155062116,227.10367996921136,222.15520106981663,226.96009826660156,2431500
2021-07-09,227.0079732297142,228.25227503959897,222.7773587601025,224.92138671875,4030100
2021-07-12,225.09366954471957,227.80241429077662,225.07452239529633,225.89767456054688,2928600
2021-07-13,225.86898147869175,226.51027229465987,224.00253587923274,225.21812438964844,1974000
2021-07-14,225.68706562821103,227.0653680784938,224.67248593702885,226.22308349609375,2103400
2021-07-15,224.9405309152282,225.87855141103734,220.8056373725663,221.55221557617188,3611200
2021-07-16,222.5380660696489,223.05492224851596,221.3033451615249,222.49978637695312,2229100
2021-07-19,221.94461259460004,224.26092079184048,220.69074466929575,224.10777282714844,2305600
2021-07-20,224.93094135273947,227.56311194303748,223.9163615710965,224.95008850097656,2297800
2021-07-21,226.25185030550125,227.19942250993861,223.58138502663945,227.1228485107422,1651500
2021-07-22,227.11327696952262,229.4295856227464,226.242264179489,228.2714385986328,1703500
2021-07-23,229.0275284151528,234.0717279279265,228.33837720788608,233.68885803222656,2448100
2021-07-26,232.17659202373355,234.77046827164287,232.17659202373355,232.78916931152344,2678800
2021-07-27,233.26772983342875,233.60272457128417,232.2627164098754,233.14329528808594,2116500
2021-07-28,232.94226428381265,237.75674153451084,232.24354685314262,235.94772338867188,1688000
2021-07-29,236.8953489522014,237.6036473745434,231.86072982418702,234.81832885742188,1924100
2021-07-30,234.4067348768988,235.41174832364214,232.23400835112287,233.0667266845703,1905100
2021-08-02,235.2012177107692,237.26867182878885,233.7846352691617,236.03395080566406,1958900
2021-08-03,234.26321584918387,248.25678917646357,233.06677450163951,245.02162170410156,5406200
2021-08-04,245.0311423006047,259.053426437919,244.4759918662306,251.2239227294922,3892400
2021-08-05,251.99927219004005,254.13373416260168,250.13281192259868,252.8702850341797,2262400
2021-08-06,252.21938198415222,252.9467983598476,249.5680496310575,252.15237426757812,2155200
2021-08-09,253.24348101958836,261.3410149321638,253.1669216461535,255.71295166015625,3238500
2021-08-10,255.32052182168133,259.4649807949212,254.77493768874143,257.90484619140625,2060200
2021-08-11,258.0388638137112,259.3310261558782,251.40580078990865,252.7841033935547,2813300
2021-08-12,252.7360451547244,254.02276764428834,251.09400803294466,252.99530029296875,2100900
2021-08-13,252.68806163114292,255.12708823433303,252.56322529216357,253.70591735839844,1482300
2021-08-16,254.3493600616672,259.5154759399775,253.76359615694352,259.20819091796875,2623200
2021-08-17,260.3796456872433,264.90238462255974,256.55786579177317,261.8680114746094,2096100
2021-08-18,261.19587462951444,263.8365445660733,257.37409449905243,257.8446044921875,2527400
2021-08-19,255.5687763207106,261.04217544966446,254.87739989709857,259.6498107910156,1901000
2021-08-20,258.6703855765811,262.0216258439388,258.3631006391597,260.1395568847656,1536800
2021-08-23,261.4742964937296,262.06006027406005,257.0571997837003,257.17242431640625,2438800
2021-08-24,255.61680780675619,256.80750025937704,251.37251903496693,252.32315063476562,3736000
2021-08-25,252.33282402676375,254.0036385927825,250.9020703721528,253.37948608398438,2388500
2021-08-26,253.50430821958923,255.03109201394014,250.22026224193957,250.9308624267578,1732900
2021-08-27,252.08309680606212,252.66886054150783,248.29973531581993,249.42323303222656,1839700
2021-08-30,250.6523592207554,253.571507661162,249.28880055910244,251.8814697265625,1300700
2021-08-31,252.39038193552327,253.1585942691392,247.60835906079055,248.0212860107422,2733400
2021-09-01,248.26131743304896,248.4821546430308,244.37232903664545,247.1666259765625,2956800
2021-09-02,247.17625224999628,249.40402392722166,246.27362112740155,249.25038146972656,1469700
2021-09-03,250.4602951645547,250.61393763858914,246.57132077410918,249.2119903564453,1124500
2021-09-07,248.70309468958814,250.45074509071137,244.29558004152915,244.67007446289062,2403700
2021-09-08,244.47798601006457,245.54385681596847,243.59454915019558,244.70843505859375,1542400
2021-09-09,243.2200483492721,243.9210365923791,230.14153771432174,230.4584197998047,4976600
2021-09-10,232.5709563383506,234.19377008304272,229.0852826430787,229.97830200195312,4633500
2021-09-13,230.49683575713348,231.56270659337176,225.80124578173834,228.49954223632812,2832800
2021-09-14,229.22932614962346,230.2567790605219,222.75727977922168,223.82315063476562,3826000
2021-09-15,224.29368295603908,229.86309829740873,223.7943522234899,224.43771362304688,2802500
2021-09-16,224.7737931282584,225.3595422308162,220.59672817452528,221.85464477539062,2958700
2021-09-17,220.57751677033613,221.65298468433016,219.1563459958138,220.95201110839844,4480000
2021-09-20,219.02194909731483,223.47747860955909,218.25375132234433,222.43081665039062,2803400
2021-09-21,222.83410093479367,224.4281086374836,220.60634366721314,221.0192413330078,2172800
2021-09-22,220.85601337640372,221.84506304674315,218.5322257765278,219.22360229492188,2529600
2021-09-23,220.1838192156032,224.88900611443435,219.90534041849804,222.94931030273438,1912300
2021-09-24,223.5158689871013,226.03170210396055,222.14271325274044,222.4691925048828,1642500
2021-09-27,220.82718499947288,221.87384683222695,216.64052301630443,217.39910888671875,2785900
2021-09-28,217.38949145118121,217.39908860990832,211.44558276949587,212.78993225097656,3583300
2021-09-29,216.44848833453165,222.23875540002692,215.63227550816183,221.20169067382812,3971000
2021-09-30,223.5254902945622,227.73136169269503,221.62421218604683,221.86427307128906,3786100
2021-10-01,221.81627305117965,222.4692316704173,216.48691810588272,220.4623260498047,2215700
2021-10-04,218.7434821242564,221.03846360697287,215.30580848051113,215.9107666015625,4784700
2021-10-05,217.43752455690776,223.31420965774788,217.1782547282966,221.74900817871094,2802000
2021-10-06,221.3937403428551,221.6722191647302,217.06304740666877,218.79148864746094,2462700
2021-10-07,220.01099007864156,224.80261050656347,219.89576554521085,223.90957641601562,2001800
2021-10-08,224.14004304103443,226.4350244919216,222.3443923284097,224.63937377929688,2563000
2021-10-11,227.289633062524,228.5283553802388,224.31288700980159,224.38009643554688,1892300
2021-10-12,225.36914795118759,225.7244480119086,222.75728444242392,223.52548217773438,1719200
2021-10-13,224.76417538386238,228.46110361205595,223.54466218652104,227.03994750976562,2105700
2021-10-14,227.58728430878924,228.96043999805065,224.80258429313693,227.28001403808594,1824700
2021-10-15,227.980995803979,229.7862581601641,226.44461509101797,228.42271423339844,2598300
2021-10-18,228.48992381678173,233.01267687007189,227.2896195157352,229.47897338867188,2546000
2021-10-19,229.55581378142048,232.90706894442005,229.55581378142048,232.67660522460938,1573200
2021-10-20,234.0401147371437,236.1238411119929,233.37754446107414,234.030517578125,1537500
2021-10-21,235.21164371670716,235.21164371670716,230.29520165776054,231.58192443847656,1717700
2021-10-22,231.3802535623312,234.33779030786113,230.0359040258481,234.059326171875,1960700
2021-10-25,234.93318383480252,236.47917649279432,230.95777623598838,235.30767822265625,2763100
2021-10-26,234.7795500229582,239.02382479272214,227.66414173887432,238.5629119873047,4533000
2021-10-27,238.72615870146927,244.34358954513536,238.44769450824398,240.22413635253906,3181300
2021-10-28,240.2145156165223,246.54251671600753,240.13769437885878,243.27769470214844,3386500
2021-10-29,243.69054221167,246.27359901933866,241.76045846366233,244.63157653808594,3152000
2021-11-01,244.96771529734363,246.28325883124543,238.18839865826334,239.39830017089844,2735800
2021-11-02,241.26118032270332,248.9911288063451,239.484723979864,246.6385498046875,3987800
2021-11-03,247.52198094527594,256.18339692734224,247.51239843625555,255.67446899414062,4382900
2021-11-04,254.92550900633142,260.3316564425084,254.7238367294508,260.2260437011719,4133400
2021-11-05,258.2958544629784,258.77597614750266,248.2805231568351,254.46449279785156,3745700
2021-11-08,253.49467555993107,256.29859951112707,248.84710047461982,250.1722412109375,2386100
2021-11-09,250.1722585292604,251.7374602521237,248.11735250791048,251.60301208496094,1963800
2021-11-10,251.58379384530835,255.4247677971451,251.1997023109858,254.12843322753906,2215100
2021-11-11,251.89104760306267,253.81153434116905,251.53576224520134,252.188720703125,1739400
2021-11-12,252.18872887197196,252.9016068514009,249.44314318981705,250.1367645263672,1964000
2021-11-15,249.88630432407737,250.0982155888112,247.73799801887557,248.96145629882812,1903200
2021-11-16,247.54533228035544,250.8111414743499,246.6108852643449,248.27749633789062,2565700
2021-11-17,247.400788242979,254.8571945479572,246.68791036043194,251.6106719970703,2873600
2021-11-18,252.4006988692742,254.13473771240962,250.30057797272045,251.75523376464844,1689200
2021-11-19,256.6683259551594,260.878209834583,250.7629168997942,251.14828491210938,2786800
2021-11-22,252.61260913993644,254.31774811030942,249.63582615803713,250.8978271484375,1995400
2021-11-23,249.96337643176219,253.13284357828795,249.75143575389058,252.3621368408203,1986200
2021-11-24,253.14244291416318,255.23294990971144,250.5220989535655,252.40066528320312,2518500
2021-11-26,252.20799828123577,256.138529187129,249.53949783443034,250.8303985595703,1495500
2021-11-29,250.493195237877,252.70894387281837,245.1754514330346,245.4933624267578,4041700
2021-11-30,243.99052342043922,244.69377306174033,237.4492918850912,238.95213317871094,8265900
2021-12-01,240.30085218435653,245.9461501585622,238.80763918491692,240.00221252441406,3241400
2021-12-02,237.48786254233593,240.8210848400813,236.13914772786546,238.79803466796875,3817700
2021-12-03,242.89231065996674,244.19283970964426,234.17388718735032,236.58229064941406,4169700
2021-12-06,236.90981264473254,237.8924453012257,232.68065706301525,237.30479431152344,3491200
2021-12-07,235.2913664666472,236.44739707325317,232.60358023906844,236.12948608398438,4035800
2021-12-08,237.57456042265062,239.08703020850024,230.6961604704367,235.36846923828125,3636200
2021-12-09,235.5322595038375,236.90023107612475,233.85600519427032,234.00050354003906,2291100
2021-12-10,232.36275313961696,235.62854750647742,232.36275313961696,235.19503784179688,2380800
2021-12-13,236.5148389527785,241.51468669445381,236.46668264522222,239.4241943359375,3016700
2021-12-14,238.66316038943174,240.8499802006841,237.36261660939638,240.24307250976562,3424000
2021-12-15,252.46812658194247,265.44460568372756,247.78617493792063,265.1941223144531,10016700
2021-12-16,265.5698524888116,273.49829806725927,262.0824594935541,268.8163757324219,5546400
2021-12-17,266.53309844853396,266.53309844853396,255.6085589336395,257.62200927734375,7582900
2021-12-20,259.36583638899543,260.1172572095554,250.81118126295158,253.82650756835938,3479400
2021-12-21,254.32739295920496,256.20595932607193,251.0230706292784,255.17515563964844,2702500
2021-12-22,255.0401929311636,256.7935170840199,253.219455848925,256.7357177734375,2721000
2021-12-23,259.19236298042443,265.18447183484193,256.9092012538066,263.093994140625,2632200
2021-12-27,264.9628888824791,270.0301491127185,264.6546062237593,268.20941162109375,1677100
2021-12-28,269.10538733619944,269.16318667197754,265.78180793112176,266.302001953125,1033900
2021-12-29,265.7143100177352,269.1245877134642,265.6372246531755,268.21905517578125,1112300
2021-12-30,268.9608729400339,270.36737235909965,266.24418672281035,267.0919494628906,1181500
2021-12-31,267.3038414290192,268.5176859855763,265.8973422663025,266.0996398925781,1315700
2022-01-03,264.35600190238216,264.35600190238216,257.27528982354704,261.7742004394531,2621300
2022-01-04,259.14421817649435,259.9919809175648,253.92278642096895,257.0344543457031,2340500
2022-01-05,258.3349655691711,258.92260184095517,250.87855863526298,251.10011291503906,3004200
2022-01-06,250.5703135857775,251.72632966100895,246.10031714279663,249.82850646972656,2863200
2022-01-07,250.2234611040796,251.67814611240158,247.30447746581632,249.9922637939453,2245100
2022-01-10,248.73028806929278,250.62811124791702,246.51455385722235,250.57992553710938,2576700
2022-01-11,252.005735144136,252.79569864219118,247.64170865780133,252.70899963378906,2294000
2022-01-12,243.63408629876898,248.0077551810363,241.77480589752173,246.54344177246094,6562800
2022-01-13,244.76122924900724,246.1388289461437,239.44347039420785,240.52243041992188,3726500
2022-01-14,240.98483370467892,241.36054403988783,234.00046397856204,235.17576599121094,2894300
2022-01-18,233.85597203059788,239.4145712386599,233.22014999992294,238.0177001953125,3241200
2022-01-19,237.3048330751144,241.23534964340735,235.76344884058517,236.0717315673828,2487600
2022-01-20,236.58230905248834,238.86547100821252,233.61515399245175,234.22207641601562,2655400
2022-01-21,237.8346183827079,238.79797958523056,233.24900965087576,234.15457153320312,2788600
2022-01-24,233.66329245233632,234.82895142440574,224.1549061733336,231.611328125,3712800
2022-01-25,228.13360695053922,232.68067385814948,226.5055238599263,230.6865234375,2525100
2022-01-26,230.85026463898078,233.54766442123616,227.26655955715427,229.14511108398438,2913200
2022-01-27,231.18747377230383,234.35694113513077,227.1220873280185,228.0469207763672,2178500
2022-01-28,228.7886925766307,236.2354717051002,226.43808852786708,236.119873046875,3081100
2022-01-31,234.35692481343685,236.49558823280094,233.05638108283804,236.3992462158203,3237100
2022-02-01,237.99843447371947,239.72284489491193,234.34728657171175,239.18336486816406,2449400
2022-02-02,236.36073699749772,242.65148607298858,235.08909283107042,241.63995361328125,2586700
2022-02-03,238.43194437276597,239.0292237315241,232.26643734766452,235.8404998779297,3473600
2022-02-04,233.82704906106414,235.1564923200253,232.38200715340253,233.39353942871094,3569300
2022-02-07,233.52843184072864,235.0890725469338,231.49573877412894,234.6266632080078,3948300
2022-02-08,233.03712070400846,233.99085379796972,228.76943668601845,231.1200408935547,2615000
2022-02-09,232.4205223597375,235.5032900197304,232.22785305591935,234.3568878173828,1759900
2022-02-10,231.1103777120843,235.1468640459097,229.38596739534728,230.8599090576172,2283100
2022-02-11,230.4649199956488,231.81363463731415,226.2454074917403,227.10279846191406,2054300
2022-02-14,226.367598651916,229.15366612810428,224.3070683508941,227.03509521484375,2572000
2022-02-15,228.93115705322538,236.80565325752232,228.93115705322538,235.8866424560547,3409600
2022-02-16,234.66778188222872,238.96296498310994,234.66778188222872,237.56993103027344,2459000
2022-02-17,237.56989579629646,237.57956431136222,232.56852794424987,233.11026000976562,2059100
2022-02-18,230.25645588647856,234.52260277338746,230.25645588647856,232.4717559814453,2517900
2022-02-22,231.40766889221703,233.0038447651125,229.77278943729618,231.3302764892578,2936700
2022-02-23,232.7039454421227,234.76446085668448,230.25646803436118,230.53700256347656,2296300
2022-02-24,227.50907998173577,235.97367948780246,226.36757536224087,235.1514129638672,3272300
2022-02-25,235.8866507223229,244.65113772915367,235.78023800930234,242.6680145263672,2442200
2022-02-28,238.11160658342777,241.90374546425252,236.61216026109716,241.79733276367188,3188800
2022-03-01,239.48532000904106,242.17464342094277,237.43447288485217,241.36204528808594,2873200
2022-03-02,241.72963373331874,248.11436651251293,240.93637270294937,245.87969970703125,2452000
2022-03-03,246.51816230683264,251.11321587578067,246.09251151027573,250.2039031982422,3153700
2022-03-04,247.85315553262907,254.86668130266767,247.18567375521087,254.29592895507812,3497100
2022-03-07,251.38409402304904,255.0311462732457,249.4493283169481,253.10606384277344,3074800
2022-03-08,251.45179748535156,256.6466382607623,250.4650776833662,251.45179748535156,3482600
2022-03-09,254.71191211074506,259.0554815151089,253.5220500082807,254.21856689453125,2965900
2022-03-10,254.2669300004389,258.9974467773338,254.2669300004389,257.34320068359375,2797200
2022-03-11,256.4242429173414,262.857334565561,256.4242429173414,257.6141052246094,2469600
2022-03-14,260.2163909398933,262.064096347827,258.60087756917824,260.22607421875,2713800
2022-03-15,261.06764388512846,267.4620608274436,261.06764388512846,266.4753112792969,4396900
2022-03-16,268.78738399254286,269.52257502901534,264.10525361421765,267.4233703613281,3148600
2022-03-17,267.97475486139234,276.56512000254014,267.4330227824176,276.197509765625,3270100
2022-03-18,276.51674955015466,281.8470392573347,275.5687035946035,278.258056640625,4557900
2022-03-21,278.37415571989715,285.6972229663993,278.37415571989715,280.1928405761719,3495700
2022-03-22,280.2218035842596,281.0827589705616,274.14664045771616,275.72344970703125,3791600
2022-03-23,275.1430714504829,278.7804112650405,274.1079646093293,274.9205627441406,3149200
2022-03-24,276.9520662917224,279.4285642217683,275.3752273979904,278.306396484375,2412400
2022-03-25,279.0899890577235,282.1372395329461,277.23260075083596,279.593017578125,2399800
2022-03-28,281.827658718699,282.91115240935835,278.9061728699767,282.14691162109375,2195000
2022-03-29,282.5047783039871,283.57858848902384,278.1999133337705,278.9835205078125,2798100
2022-03-30,281.1020371799638,282.75628276585735,278.5965196615072,280.4345703125,2220100
2022-03-31,279.9315366257085,282.2822695807448,276.59408391134514,277.0293884277344,3227600
2022-04-01,276.81666676313955,283.5786946730923,274.73679901307696,283.1240234375,3066200
2022-04-04,283.2013401365196,285.3586146022661,281.46006274899395,281.91473388671875,3014100
2022-04-05,282.2048939848777,286.1808228740991,279.6703559306034,282.94976806640625,2324200
2022-04-06,286.43236714952684,296.5608661558969,285.15541477961557,295.8643493652344,4672900
2022-04-07,295.0517570934101,303.75820238469106,295.0517570934101,298.369873046875,4270800
2022-04-08,297.95397484377963,302.19111726153665,297.90561750089427,301.52362060546875,3024700
2022-04-11,302.87789479515936,303.52605429833835,298.0022769354685,298.8825988769531,2178100
2022-04-12,296.5802063152248,299.51137502309126,294.25849349589555,298.0312805175781,2688100
2022-04-13,297.2574114525042,298.24413136632415,290.6114957621267,292.79779052734375,2528700
2022-04-14,293.84255854207134,294.5390754172806,290.3986777485875,292.0141906738281,1898100
2022-04-18,291.24997577524135,292.20767539581146,287.1192319124125,289.0733642578125,1581400
2022-04-19,288.6767484327327,289.9149974226147,284.2170977005351,287.3224182128906,2021700
2022-04-20,287.3320914560783,289.24752044689103,282.76604246077835,283.3658447265625,2608600
2022-04-21,283.3658219959297,283.87853377002415,277.3099953824419,280.16375732421875,2716800
2022-04-22,279.8638559844246,280.1734255920224,269.31938847390455,269.6386413574219,2772600
2022-04-25,269.6579522149533,276.6231200989738,267.80056427182126,275.8975830078125,2410200
2022-04-26,276.8456583706592,280.7442106588738,273.5662453697752,273.60491943359375,2166600
2022-04-27,273.86617673672384,278.7321128192993,271.43803557366004,275.791259765625,2352100
2022-04-28,286.33566460211784,290.70825434905555,279.148016502518,287.57391357421875,5886900
2022-04-29,286.1421255465565,287.61253656320656,279.7090367557203,282.60150146484375,3910900
2022-05-02,281.73092937719935,283.28840165776273,275.0076064901164,280.1153869628906,2789900
2022-05-03,279.2156821624916,280.357186698892,274.8430933274598,278.6739501953125,2109500
2022-05-04,279.0899746494023,287.2933925045183,274.8528327024061,285.2812194824219,2743600
2022-05-05,283.8494793887959,285.3682479758854,278.8964545630253,282.8337097167969,3120200
2022-05-06,280.70550497290867,288.52194570070634,279.10929959353234,287.2159729003906,2931200
2022-05-09,283.9365708200532,285.31023803656416,277.30030862507624,279.7961730957031,3460500
2022-05-10,282.47584902846864,283.85919969694737,275.7041677161423,276.38134765625,3140800
2022-05-11,274.4175338998747,284.8942782388987,273.76937433483306,277.3390197753906,2625200
2022-05-12,274.08858377993585,282.46612322781635,274.08858377993585,282.2823181152344,2370000
2022-05-13,284.0392158271748,284.2042085199923,278.0988864523788,283.0685729980469,2337700
2022-05-16,283.5344718960907,300.35572926463067,283.0394641797372,290.591064453125,5118300
2022-05-17,291.1928333303801,294.4930128504577,284.7768987877341,292.5517272949219,2553000
2022-05-18,291.1928373066457,293.7165144876367,285.3980986593767,286.5240478515625,2161400
2022-05-19,284.96127101597676,284.96127101597676,276.02166003728587,277.8658752441406,3157400
2022-05-20,282.19501421899423,290.45516495733295,280.4381529818249,290.0766296386719,3129100
2022-05-23,291.7752062677919,295.96838990887346,290.5619028731501,293.71649169921875,2873600
2022-05-24,294.79392836789253,298.6376953383156,290.9987113124255,296.9778747558594,2804900
2022-05-25,297.98732388850055,301.30693512300644,295.6966212196792,297.9970397949219,3195700
2022-05-26,296.2693189693311,304.69449154788094,294.69685271683545,304.2576904296875,3284200
2022-05-27,303.4714431690596,314.5658824476337,302.1222651795867,313.9835205078125,3694300
2022-05-31,307.3346033199861,309.1108664302252,299.95771286414345,304.2382507324219,6298900
2022-06-01,304.238334125096,304.6848215961102,296.61878090533145,301.9476013183594,2731500
2022-06-02,301.45256078766727,301.54963099820986,289.4165952221181,293.551513671875,3703300
2022-06-03,293.2894403972747,296.8322807943461,291.8723101627798,292.7944030761719,2490000
2022-06-06,305.87867812108755,305.87867812108755,294.19213021633686,294.4541931152344,3734400
2022-06-07,295.06569360410447,302.98614236136774,294.1241689086271,302.9376220703125,3652800
2022-06-08,303.2579251931544,306.23780572093875,301.68548858470393,304.28680419921875,2684500
2022-06-09,302.45228494587064,302.76289773314136,294.2115079068194,294.347412109375,1963300
2022-06-10,290.44544703299226,292.80410185734553,288.15471469014307,288.2906188964844,2469800
2022-06-13,281.90379896231804,284.5536646361911,280.0401812576549,282.7288513183594,2898800
2022-06-14,280.68073753397493,283.4276430962049,278.8559246814239,282.253173828125,2422600
2022-06-15,283.0394935614808,287.64033172109185,280.05961255980327,284.388671875,1970100
2022-06-16,281.6805414499856,281.6805414499856,274.7986581986554,279.6130676269531,2628600
2022-06-17,281.4960982363048,292.15373609908704,281.17576955793476,282.3599548339844,6900000
2022-06-21,283.79652131398876,290.49395011283866,281.7872837878343,288.61090087890625,2821300
2022-06-22,288.2420375707622,300.5594953621839,287.72759814306016,297.6864013671875,4535700
2022-06-23,300.41395759567314,303.99563202850203,298.17177501533877,303.5394287109375,3729300
2022-06-24,310.16889063847555,316.2548398688957,309.6447648612626,316.0606994628906,5449900
2022-06-27,314.7115593803557,321.1372106644013,312.54701504096005,317.66229248046875,3218900
2022-06-28,316.9342777775683,319.4094347013881,307.4608241508923,308.2955627441406,2742900
2022-06-29,308.81973134158267,315.1677438465088,308.3246940113431,313.51763916015625,2562500
2022-06-30,312.6732222237248,317.4487690106931,310.6154638828626,314.7115783691406,2732900
2022-07-01,314.37177823363675,315.84714454807323,308.43144935020496,315.1773986816406,1817800
2022-07-05,312.9740529473175,317.8175508259769,309.5670873912,317.57489013671875,2107700
2022-07-06,318.37079629943736,322.9716330841006,317.1574929598816,320.4576721191406,2252500
2022-07-07,317.642834380798,320.797423263113,316.6624757415148,318.3222961425781,2395000
2022-07-08,316.96337793607603,324.6994018328839,316.58484266711434,320.768310546875,1898200
2022-07-11,320.9042519577017,322.9134899763871,319.7589003842019,321.35076904296875,1342600
2022-07-12,320.3120943222252,322.2436638363265,313.867012508979,314.09027099609375,2058200
2022-07-13,312.55669775094077,315.14829744083016,311.41131673357927,312.99346923828125,2564200
2022-07-14,308.2179107696415,318.13788097667975,306.2475071487343,317.2934265136719,2615700
2022-07-15,322.22427590141257,325.4856213331246,318.5358452886431,321.8651428222656,3340300
2022-07-18,320.4285726549903,322.2242676262752,310.324178301056,312.3236999511719,2116300
2022-07-19,314.5756160682207,317.7690391191731,312.39166980591284,316.6236877441406,1628100
2022-07-20,317.48759221025745,318.1961722124931,310.9066343340532,312.5761413574219,2051000
2022-07-21,312.01315327250677,318.4193723295577,310.32421458543394,317.32257080078125,1692100
2022-07-22,317.3517011022103,319.5550497734926,316.2645561956492,319.0988464355469,1850800
2022-07-25,319.0988015257409,322.51545331477956,318.42905566383195,321.81658935546875,1741700
2022-07-26,321.2730814226926,322.8067137805629,318.96294659970056,321.82635498046875,1812300
2022-07-27,319.3221592111332,321.15665916063284,315.6434137810852,319.2833251953125,1643000
2022-07-28,320.5450654542701,323.7967247247343,312.29460174020693,321.088623046875,2350900
2022-07-29,321.3410063792745,321.3410063792745,317.2254903429065,320.01123046875,3399900
2022-08-01,317.8951943962535,320.7294544407698,313.9640737594795,314.6338195800781,2464300
2022-08-02,317.5847124232075,319.32217183435165,309.98456050171916,310.7999267578125,3405700
2022-08-03,311.21717901854294,311.5569098937466,301.11278478233135,304.6167907714844,5152200
2022-08-04,301.0934044573633,301.1419247480596,293.36706654315685,296.8128662109375,4696300
2022-08-05,293.6000397594115,296.3566617094119,291.49373188609536,292.4740905761719,2814300
2022-08-08,291.82375070378185,297.13316798296347,287.8247071235818,293.61944580078125,3218900
2022-08-09,296.1334137677063,297.69616410784124,292.4546691936841,294.1241760253906,2122900
2022-08-10,295.56069347570394,298.1134884412493,293.70676241851453,295.6674499511719,2351000
2022-08-11,292.19255650360816,296.4536919665747,290.833662714411,292.3284606933594,2198800
2022-08-12,294.9869695091855,300.4110765526092,293.4093700395463,300.0118103027344,2305100
2022-08-15,301.11224470898577,306.37082084985883,299.2620088080967,305.7183837890625,2795800
2022-08-16,305.70869574905305,306.1371752687771,301.5213173825554,302.1835021972656,2248000
2022-08-17,301.89135537723365,312.2040170564574,301.89135537723365,308.52301025390625,2747200
2022-08-18,308.4548113025654,310.6069265267372,305.9716037145496,308.42559814453125,2261600
2022-08-19,309.1949402229573,317.21913854614087,309.18519259677583,314.3171691894531,3393100
2022-08-22,313.84001711992255,317.2386102657997,311.9995285564623,314.6385498046875,2488000
2022-08-23,312.8272098681151,313.4115027362904,305.6502235670967,306.8480224609375,2962000
2022-08-24,308.1821755989887,312.4571933102244,306.9649110304267,310.5193176269531,1827000
2022-08-25,312.2039702065468,314.9014173401493,307.5588703710272,314.6774597167969,1977900
2022-08-26,315.1156960480221,316.08950766029136,307.0135763015321,307.2959899902344,1858000
2022-08-29,305.1341101748729,306.6240406706464,301.5699563045504,302.02764892578125,1697000
2022-08-30,302.0179984746782,303.8000609486795,297.9961510848417,298.9991760253906,1980300
2022-08-31,299.0965392972263,300.7325358180509,293.2244262265129,293.34130859375,3183500
2022-09-01,293.11730002017856,301.3070593776447,292.6303942061915,301.0343933105469,2939200
2022-09-02,301.98869359982143,302.09582832674533,291.9097675618741,293.4386291503906,2525400
2022-09-06,295.01623546296787,304.63746908652087,294.3150899237645,298.7848815917969,2322200
2022-09-07,300.68376358433454,304.2187040540356,296.8956523352897,303.4396667480469,2228100
2022-09-08,303.78049948473245,307.46150564691334,299.5346660285379,307.2375183105469,2212500
2022-09-09,308.1626794002203,311.7852595845244,306.9648804853301,309.37994384765625,2177000
2022-09-12,310.5387756889414,312.05791931110065,306.63378191078647,306.9648742675781,2077400
2022-09-13,301.8913810901575,304.1311361607592,297.0028272317373,298.4538269042969,2272400
2022-09-14,299.16462831848287,303.64416724787424,297.88893760654156,301.50177001953125,2002900
2022-09-15,301.599214332134,304.10191754222603,297.742928307901,301.3655090332031,2348100
2022-09-16,299.9047394917959,303.79023800487187,298.70694060565563,300.8006591796875,4380200
2022-09-19,298.4537709946323,298.49270205894305,289.8549984680662,297.10015869140625,2515300
2022-09-20,295.8633872638094,295.8633872638094,291.11118286750025,293.828125,1816800
2022-09-21,293.1172853643576,296.5548390504938,288.55985430571945,288.7156677246094,2241200
2022-09-22,292.92253042024197,304.42324355026096,292.10453220606644,302.72882080078125,5918300
2022-09-23,303.70258048063175,306.925894091009,297.12935301296864,303.3033142089844,4572600
2022-09-26,300.71305642438733,303.56634743701574,296.8957310077984,299.4471130371094,3760000
2022-09-27,301.0538448331213,305.72815826087236,300.24559429560355,302.9527893066406,3019600
2022-09-28,324.79539259644133,332.7514467099878,319.50760256441725,325.6231384277344,9436300
2022-09-29,325.2238390628227,325.91523693053034,318.6992899004011,321.3675537109375,3743100
2022-09-30,318.5824298620568,320.88064048143934,313.97632043504194,314.8819580078125,4474100
2022-10-03,317.4528459171818,320.7248684698335,308.7469675081836,313.1291198730469,3340500
2022-10-04,313.7426531725196,321.45525507973963,313.3531344277535,321.2507629394531,2622500
2022-10-05,319.70231171837344,325.10698351226966,318.9427399177312,323.0911865234375,2186100
2022-10-06,319.35172497668145,330.37527757418394,318.3097396068485,324.23052978515625,4299200
2022-10-07,324.25006527695615,324.3474523853268,316.39139815358067,318.1053161621094,2601600
2022-10-10,317.686521634776,318.44609338087315,311.85337081135935,315.4078063964844,1956200
2022-10-11,311.61971670260743,320.4132343945742,311.0646369498216,319.02069091796875,2598900
2022-10-12,318.80644605770726,324.9122340852477,315.3981054609705,316.0700378417969,1764700
2022-10-13,310.7627763346011,324.6395926749306,310.74331079975553,323.4028625488281,2657400
2022-10-14,322.8769571034691,326.5092849056652,319.6341776983374,322.71142578125,2231400
2022-10-17,324.0747759038762,328.73931214576396,323.062003502423,324.0455627441406,2230000
2022-10-18,325.3894570701161,326.54826565708083,321.7181679259295,326.2561340332031,2087100
2022-10-19,326.47035191736927,326.8404050950639,317.43338109777255,320.66644287109375,2419000
2022-10-20,322.47769393500494,322.76010761011156,317.3651832167109,320.4521789550781,1761200
2022-10-21,320.4521864110293,333.4622949625188,318.2124019274985,331.84576416015625,3274700
2022-10-24,335.20544280897536,342.557708779487,335.20544280897536,338.7890625,3375900
2022-10-25,337.4451453553103,343.1029877102467,334.06601831090455,342.1097106933594,2513100
2022-10-26,343.26857401395625,352.01341249879744,341.2625245830039,348.4881896972656,2373500
2022-10-27,349.5886028168323,351.66282619695863,346.01473102980685,346.9982604980469,2347600
2022-10-28,350.883745326349,352.5197414137618,347.6896449906717,350.4747314453125,2942100
2022-10-31,349.2575379808124,354.3895443321813,341.2820182891322,352.6074523925781,4258200
2022-11-01,336.7732081142216,349.58857064542116,331.8262589150619,343.346435546875,7013000
2022-11-02,344.88505576961074,353.63961091782215,341.03848877665257,345.6640930175781,3774400
2022-11-03,344.78766126595906,353.3279765294807,342.30445408791877,352.2080993652344,2602500
2022-11-04,355.6359880480999,356.2981727661547,344.0865676732263,348.04998779296875,3004600
2022-11-07,348.6245444348535,357.3888486245565,348.13763864653663,355.5093994140625,2560300
2022-11-08,355.587274337215,359.0930017898885,352.4516000209861,357.0577392578125,3278600
2022-11-09,358.7911498315533,360.1155193484566,352.43216124481546,353.75653076171875,2323700
2022-11-10,357.6225603976141,359.3364783135413,353.4936087474674,359.0638122558594,2994000
2022-11-11,356.57080309905894,358.1970515737165,335.4975091152922,343.0737609863281,6646300
2022-11-14,350.64190387988,352.3312781881323,332.1366870049415,347.7025451660156,4717400
2022-11-15,348.5619448804231,348.6107593652617,338.23026082013223,341.73602294921875,4180700
2022-11-16,341.78483693203776,348.50335506621974,341.7457674634606,344.64605712890625,3563800
2022-11-17,344.6264761916643,353.79605798003445,344.43115868468175,352.3019714355469,2929700
2022-11-18,354.04019725066297,356.1104615429831,350.91532568349186,353.1808776855469,2420900
2022-11-21,351.93093631364036,355.2218308688659,347.02874673530533,352.692626953125,1999200
2022-11-22,353.5031610148938,354.2843715496667,348.9134671696061,352.4094543457031,2460400
2022-11-23,352.85865089158216,353.9621323840579,350.212268153834,353.229736328125,1993000
2022-11-25,354.3819723007034,357.2431919224545,353.0636536629844,356.67681884765625,1039100
2022-11-28,354.9191090650611,360.8368662866715,352.5266035745874,357.18463134765625,2481300
2022-11-29,356.06160565092324,357.5166227162524,352.1750435996375,355.4073486328125,2207000
2022-11-30,356.5011121579268,363.6102353651443,353.3078462739029,362.3700256347656,5556400
2022-12-01,365.99300189860713,366.3836072071205,359.84085653474034,361.6376647949219,2516100
2022-12-02,357.4873378158032,366.2370496800536,356.43270074533376,365.963623046875,1925600
2022-12-05,364.9871212235998,366.44213843273576,359.6357369612015,360.6220397949219,2296500
2022-12-06,358.38581731734644,361.9403939517535,356.9405449822678,359.8896789550781,1971000
2022-12-07,360.6513727000874,366.4324024860924,360.1045193365808,363.2391662597656,1629100
2022-12-08,364.49888248654213,364.49888248654213,357.8975430965668,363.0633850097656,2090900
2022-12-09,364.24498846893886,365.2215165881585,352.34110831154914,352.5168762207031,2787200
2022-12-12,354.41130515507507,359.19628646593713,353.99140526113905,358.6299133300781,2639200
2022-12-13,353.1418668407664,363.9910798890469,349.9095611656359,350.2415771484375,5032600
2022-12-14,350.58338514743104,360.75879191173215,348.67914331009024,354.9679870605469,5095500
2022-12-15,352.19464333802745,355.426949104571,348.31782542148625,351.5599060058594,3437100
2022-12-16,349.52865951860207,352.01882379673424,346.8334625063114,351.4231262207031,6612200
2022-12-19,349.41149679768637,351.2571491041789,346.286595138541,349.3822021484375,2658400
2022-12-20,350.0852607078815,352.9660300038089,347.97595681616735,351.1985168457031,2276000
2022-12-21,354.11837510005313,361.97941406108055,352.731692142552,359.3721008300781,2211200
2022-12-22,358.698273941651,361.0810046579044,353.7863392686511,356.7354431152344,1958100
2022-12-23,356.25701580746954,359.26470947265625,353.96216863692007,359.26470947265625,1030300
2022-12-27,360.82710648065284,361.05171865563403,355.77844346144985,356.3155517578125,1372100
2022-12-28,357.575235401135,359.3720431667395,355.3975674487024,356.64752197265625,996000
2022-12-29,359.4599403003127,362.243050886671,357.8584201757703,358.4052734375,1077900
2022-12-30,358.8642865760304,359.31351093972336,353.6105608546448,357.2530212402344,1388000
2023-01-03,357.6631527408498,360.3388299089163,352.9758004872893,356.4229431152344,2006700
2023-01-04,356.08119304457415,358.50296347174776,351.88210465980296,354.57733154296875,1886200
2023-01-05,352.47780358541405,353.005107263557,344.67532437775316,350.4954528808594,2008500
2023-01-06,351.5500867834688,358.09283643022474,349.18687586530996,354.42108154296875,2131300
2023-01-09,355.4562526841259,356.40348619789006,340.60326761275326,341.61883544921875,2980600
2023-01-10,340.8082654319022,344.9194398883157,335.28111348226986,344.4702453613281,2465200
2023-01-11,346.0229076878155,353.2687581362051,342.76130793490046,351.950439453125,2602800
2023-01-12,350.8177188016565,352.0383789227478,344.79252733138964,350.6907653808594,2019700
2023-01-13,351.1302397760548,354.7824455802282,350.222075734045,353.1321105957031,1690900
2023-01-17,353.1320424517235,353.5031278513727,348.1810384535448,349.3431091308594,2435200
2023-01-18,347.95639100535686,350.5734783431923,343.32762899301395,343.74755859375,2302300
2023-01-19,344.09920715190646,347.4486914344165,342.1949952082124,342.8394775390625,2658300
2023-01-20,338.8552464889398,340.8766667831244,333.5624511401551,337.94708251953125,5391900
2023-01-23,338.4743601171273,338.4743601171273,332.2343616137447,334.1776428222656,3403100
2023-01-24,337.8786917730907,338.49390918816397,333.3475874978825,338.2595520019531,2242500
2023-01-25,337.4392088337145,341.5699326392661,336.99978915308145,341.5211181640625,2503300
2023-01-26,342.76133142960566,343.9136273288306,338.5915675563408,339.8415222167969,2576200
2023-01-27,337.98610867578594,339.91964494092605,333.51362332470586,334.07025146484375,2363600
2023-01-30,336.24793280885666,339.6364867623496,331.4922453729619,332.5078430175781,2647700
2023-01-31,332.6835596064392,336.3162450427736,331.41408509749334,336.0721130371094,2406700
2023-02-01,334.7439816007399,337.8200382903824,329.5976608882647,334.5291442871094,2990900
2023-02-02,326.16033549217275,327.4298099074135,309.5593603323915,322.93780517578125,13036600
2023-02-03,325.13500227643766,334.294809679289,321.639015425618,331.12109375,5670700
2023-02-06,333.95304399366483,335.35924664650105,326.7657826790278,329.73443603515625,3055700
2023-02-07,328.16219957166857,332.95695529311627,324.8810800253211,331.7070007324219,2464100
2023-02-08,330.6133125155034,334.8221457505456,329.89069134235814,332.7323913574219,2399400
2023-02-09,332.8886478405511,339.19701044471907,332.5077876118047,333.76751708984375,3072800
2023-02-10,335.21279568705967,340.25168434231654,334.68549196127935,337.0193786621094,1980000
2023-02-13,338.3376368661595,342.5757645533942,337.8786675418987,342.1753845214844,2291600
2023-02-14,343.41966260146563,346.633036386658,340.2258718029898,340.50018310546875,2028900
2023-02-15,338.82491722158613,339.82418767705883,327.55851132514675,328.2051086425781,3600700
2023-02-16,324.2765376200015,326.17713361599414,319.1037892127863,319.4466857910156,3654200
2023-02-17,316.58598069494883,324.8545448306371,313.9898150368957,321.7293395996094,3695600
2023-02-21,320.5047493571014,324.9819282638273,319.70139845744376,320.8574523925781,2515600
2023-02-22,322.0330391741931,325.84403753820135,319.7013783619714,322.3857421875,2379800
2023-02-23,321.3472851912599,326.0693559067406,319.0744031661222,320.8672180175781,2229500
2023-02-24,319.378050571659,320.58307667900624,313.5880952082361,315.10662841796875,2594600
2023-02-27,316.0471396481119,316.83087755554413,309.48322255704966,310.1885986328125,3043500
2023-02-28,309.0816008228361,309.0816008228361,303.3504528471655,304.8983459472656,3966900
2023-03-01,303.7031117787239,310.47275569674,302.91937377191874,307.7884216308594,3580800
2023-03-02,305.45675200566933,309.87512198214944,304.22233627727763,308.6505126953125,2885200
2023-03-03,309.9436993659673,313.65672300023004,308.8366478152955,311.96185302734375,3002800
2023-03-06,310.5021516767005,313.7351083951036,310.07108679455484,312.4811096191406,2673700
2023-03-07,312.5202915414545,313.84287555729605,303.3112356385793,304.3203125,2620800
2023-03-08,304.1929575227234,306.67156561033437,303.03693349083596,306.1915283203125,2313200
2023-03-09,305.966181603991,312.29495408695914,305.966181603991,310.4139709472656,3920300
2023-03-10,312.37331298868924,319.8973045519317,307.95491353712316,308.62109375,4597300
2023-03-13,310.7960689694449,325.06031731364783,310.7960689694449,317.8988037109375,5275600
2023-03-14,317.4676860384864,320.6320870640578,314.91071630737116,320.4263610839844,4214300
2023-03-15,319.3781018338798,324.6292121020989,317.90857069047235,322.7776184082031,4743500
2023-03-16,320.9848319237858,324.9623608448321,318.4376384039916,322.83642578125,3498200
2023-03-17,324.7663510272496,328.1462842866071,321.43542007317376,322.49346923828125,8679800
2023-03-20,322.4934687885329,327.15679005634644,322.32693868478793,326.8236999511719,3540900
2023-03-21,327.59765087000005,327.6466232759673,321.41579649599623,324.3548583984375,3240400
2023-03-22,325.03083869638886,328.7830577281172,323.9335937244806,324.2471008300781,2472200
2023-03-23,324.1688171075651,328.528408623051,323.50260687323316,325.8832702636719,2703400
2023-03-24,326.226135025754,330.0861062145195,322.0918525295595,329.3023681640625,2791900
2023-03-27,321.1415135896376,329.39049454547427,316.69375437774374,327.80340576171875,3102300
2023-03-28,328.9790759119368,331.9475280699575,327.92102648532307,330.79150390625,2433200
2023-03-29,332.11406461763573,332.8684132342773,327.78383268504166,329.0476379394531,2743800
2023-03-30,329.2435631930127,334.37711578105376,329.2435631930127,333.76971435546875,2146900
2023-03-31,335.05310557800203,336.6695838797618,333.7697174192113,336.44427490234375,2933600
2023-04-03,336.2678842551625,344.39930738759216,335.3469757329635,343.61553955078125,3039600
2023-04-04,344.91855708530875,351.7077837294887,344.1347892108089,347.416748046875,3585900
2023-04-05,350.80648495957206,357.43898843344647,350.6595378148998,354.8819885253906,3442700
2023-04-06,357.4389549730307,361.99449541755735,356.8511365516786,360.80908203125,3531700
2023-04-10,360.7013426976943,360.8679027305053,355.6657644090108,359.5453186035156,1868000
2023-04-11,360.2898238236556,361.3086771255438,356.2045144824409,356.6453857421875,2027000
2023-04-12,356.62585321136845,364.87483558415835,355.9498664062175,361.5536804199219,2672600
2023-04-13,365.0511464933451,367.93143009592274,362.78807079098976,367.5297546386719,2839900
2023-04-14,366.6382189555052,368.66617913715527,364.9433788143084,367.1182861328125,2287900
2023-04-17,367.3827560728832,368.2644687079211,363.6207602384191,364.7865905761719,2059700
2023-04-18,365.4233482116597,366.6577637273007,362.1511963489072,362.3961181640625,1925300
2023-04-19,363.02315553849786,363.7383381064775,359.88817378478177,362.9447937011719,2173000
2023-04-20,363.84614089580174,368.4212646010477,362.2492455489679,367.1966552734375,2766500
2023-04-21,370.3316436368998,378.42384123037755,370.32183719564017,377.4147644042969,3682500
2023-04-24,377.4147956969997,379.1880276461884,373.8781382406951,375.5632019042969,2059700
2023-04-25,377.228583628058,382.54830839948124,376.19992392016235,377.0228576660156,2648600
2023-04-26,373.37847372360636,373.75075973580687,363.1505344205414,368.6269836425781,3161200
2023-04-27,383.3125091292563,390.4348259022942,373.03556777341015,382.4209899902344,4981300
2023-04-28,389.9156067822325,396.09743222658796,384.5371322257881,387.8190612792969,5350100
2023-05-01,389.1906698316608,399.0757132208996,384.29223228113466,397.5669860839844,4091100
2023-05-02,398.7327979997623,403.18058745936804,391.1500265927766,395.98968505859375,3884600
2023-05-03,406.5996451090515,425.3802650145478,405.8942690117163,422.431396484375,10129800
2023-05-04,422.68611209411085,423.91072126126534,416.58264924184647,419.73724365234375,4070700
2023-05-05,419.4041433259734,422.5097353554923,415.93604187775577,419.1200256347656,2753400
2023-05-08,417.5427773529366,426.1640144212341,414.4077657475449,423.9303283691406,2478600
2023-05-09,422.9996836044081,426.75190367163486,419.3552447147112,419.6785583496094,2601600
2023-05-10,417.40560496936746,429.48516717224965,417.40560496936746,427.0653381347656,2766300
2023-05-11,427.8295148101618,427.97646194586963,422.362842180328,426.7028503417969,2595900
2023-05-12,432.34089873721314,437.6253319589815,426.70287502759516,426.7126770019531,3939200
2023-05-15,427.63596811140354,428.2547814219164,423.0194781318078,426.791259765625,2234800
2023-05-16,426.4867898238185,430.69075778446853,423.0096667518995,428.89324951171875,2128800
2023-05-17,431.0050297757256,431.15238911676687,425.0428816283595,429.69866943359375,2274200
2023-05-18,428.75571598948386,431.71222507000357,425.88757454965895,430.1112060546875,2268100
2023-05-19,431.20149224181057,439.5603280275278,431.20149224181057,434.5214538574219,3442800
2023-05-22,436.4171672781265,446.868170132404,424.70893382797095,426.2804870605469,4398000
2023-05-23,425.2294856434453,428.1467268248831,414.02217288834095,415.69195556640625,4492100
2023-05-24,416.46796593172513,421.33984695138344,412.7944137489075,418.2065124511719,3133000
2023-05-25,418.80567469516086,420.59335091506017,412.34254681566495,419.7191467285156,2882200
2023-05-26,417.35199202501786,424.0017476804718,416.14386115620516,418.2261962890625,2338400
2023-05-30,416.26172555694495,421.11397289419506,414.5624468012376,419.6504211425781,2595700
2023-05-31,419.4146715466179,422.9114284710778,416.477796202173,421.8309631347656,3950900
2023-06-01,422.62657626276524,429.0307727022501,420.5246072907833,428.736083984375,2914400
2023-06-02,432.14439630089373,436.800213752685,429.0208940693117,434.4722900390625,2499000
2023-06-05,435.1304762791884,439.8451963118944,433.86338365490826,436.36810302734375,2113800
2023-06-06,439.8746407279547,440.896174342872,432.20338160467077,435.19921875,1495300
2023-06-07,432.3802049439141,438.7549056022669,427.9404800073478,428.61822509765625,2458300
2023-06-08,428.13687030268403,439.5209776334576,424.65974778664867,437.7431335449219,2040300
2023-06-09,441.31852333303743,441.31852333303743,434.7375616017179,438.116455078125,2082000
2023-06-12,438.22448852303836,439.0495629835767,430.8871860261372,437.3994140625,2566600
2023-06-13,435.7885527061848,439.45227290566515,434.39376473817515,437.8021240234375,1766300
2023-06-14,436.397540054638,440.80776908402316,435.6608632247609,439.7666015625,2163300
2023-06-15,440.04162110173615,448.4691907452426,439.7371304137424,445.86627197265625,2287100
2023-06-16,447.70299666776987,448.86205751452974,439.55045277409636,439.7567138671875,4295700
2023-06-20,437.93963591863076,446.799421948498,437.20295907448656,443.9214782714844,2506300
2023-06-21,446.4261429136163,447.2512173364679,442.21234320453834,444.9527893066406,2347500
2023-06-22,446.9172067987361,454.0482469872739,445.758175962026,449.5495910644531,2912500
2023-06-23,448.8817157844,451.83825483937056,444.2848598934523,450.68902587890625,4832100
2023-06-26,456.99501851231616,456.99501851231616,440.9452898182744,444.7170715332031,3214700
2023-06-27,454.284093916352,459.66675732300223,443.67595841616503,456.2485656738281,4138700
2023-06-28,460.1872743636313,460.20690828719137,449.1960540774112,450.5515441894531,2854700
2023-06-29,450.9050545202805,457.554778481301,449.38260138994616,456.23858642578125,2112400
2023-06-30,456.3958584983533,461.52313057363494,455.757411223412,460.6489562988281,3173200
2023-07-03,457.9772227120713,457.9772227120713,449.2451330340232,453.22320556640625,2113200
2023-07-05,453.89113048491936,458.94963842863507,451.8284294856547,457.42718505859375,2130200
2023-07-06,454.8930171741987,459.29344413919875,453.41966354456616,454.9814147949219,2191700
2023-07-07,454.11701872444615,455.3742792234563,443.22402839092655,444.0491027832031,2914700
2023-07-10,444.9134651902376,446.59310978525343,441.7211992304488,445.10992431640625,2011400
2023-07-11,442.0061019874243,442.5561516274165,429.83618625781776,431.5845947265625,3570900
2023-07-12,430.6809043752497,436.4073255270929,427.28237712172023,432.7730712890625,3107800
2023-07-13,432.4096370284174,434.3839104204911,426.6242543133303,426.9778747558594,2865100
2023-07-14,433.26414100275116,442.4480501089766,433.0382160174106,441.4756164550781,2955000
2023-07-17,441.46586155601284,442.615060575725,435.385819979397,439.1968994140625,2347900
2023-07-18,439.01022152324435,445.26705761480065,437.1341478955197,443.1847229003906,2237000
2023-07-19,443.38123571965775,446.91729060746775,440.5916896346793,445.50286865234375,2212800
2023-07-20,447.0645697571534,456.9556903816153,446.9172403982668,455.58056640625,2624200
2023-07-21,457.14228255680143,458.74333141016604,453.76338963294603,453.8321533203125,2226700
2023-07-24,453.7928763262077,457.36822852790465,449.5398090944279,451.1604919433594,2190700
2023-07-25,449.62826348233045,452.7321321665336,448.48886637227173,449.41217041015625,1737800
2023-07-26,446.9172435318094,446.9172435318094,438.627171825183,445.53228759765625,1959800
2023-07-27,445.26712324770153,450.5318925488127,444.2161237872517,446.9074401855469,1883500
2023-07-28,447.0449535213111,451.4060825696234,443.75445782387214,450.33544921875,1437600
2023-07-31,450.86587608371804,450.86587608371804,442.79189643035886,446.47528076171875,2110200
2023-08-01,447.26103047953893,449.24513579567423,443.4303172575675,445.0411682128906,1738200
2023-08-02,447.14317091960777,453.4393053877019,443.3026257147896,446.406494140625,2366600
2023-08-03,442.77224745442317,446.0332774657152,440.29702405905186,441.1810302734375,2414100
2023-08-04,441.2596290227979,444.43226164800814,438.95139872762223,441.50518798828125,1870400
2023-08-07,445.19836832973175,446.9172809487655,442.5757856017763,446.01361083984375,2446400
2023-08-08,497.0113722449635,528.4429214778465,493.7798076963286,512.334228515625,15094500
2023-08-09,511.1260702499264,523.0700918935432,507.7079086375565,516.8819580078125,5376600
2023-08-10,514.1709033144331,519.3473047405319,510.75274219483657,512.0787963867188,4108500
2023-08-11,514.4164554379327,522.3627686820136,510.7625673861454,518.8955078125,2524300
2023-08-14,522.9608778212648,533.808278157954,520.9626361322225,529.5756225585938,3981100
2023-08-15,529.3099198856974,538.720221943685,525.4218191394548,538.0607299804688,2826800
2023-08-16,538.8284540301745,544.2127721268171,534.0051576071144,537.6865844726562,2597100
2023-08-17,534.7040479250448,540.2064820315242,528.9751744703319,529.2409057617188,2549900
2023-08-18,526.652141693573,539.1926399360854,525.5398312454296,537.8735961914062,2958600
2023-08-21,538.4248685383473,544.8329403766237,537.2042948699952,541.4369506835938,2305400
2023-08-22,540.9250823081017,547.3921515267176,538.7103144695716,544.9903564453125,1936600
2023-08-23,548.0025019987688,548.671907004335,539.6258073558799,544.6951293945312,2121300
2023-08-24,544.0454838087334,548.2584336046538,538.7300164122406,539.4190673828125,1776700
2023-08-25,541.0234589330311,547.3921176632733,538.5134008871951,544.9805297851562,1847600
2023-08-28,541.5156452253974,547.5201026917407,541.5057922003981,545.2462768554688,1373700
2023-08-29,544.7837189576726,547.6382727557682,541.2499071619497,545.2266845703125,1701200
2023-08-30,546.3192748429284,549.0163603937864,538.474043436072,539.4091796875,2191100
2023-08-31,538.4545296627956,548.6817926263187,534.4974574375609,545.5220947265625,3043400
2023-09-01,547.6088055100874,550.453566526592,544.842808626479,548.3864135742188,2030800
2023-09-05,550.4731561958487,553.130889674526,547.9926570179174,549.449462890625,2257200
2023-09-06,552.2351982449761,552.7962800187673,544.0454710799303,551.1819458007812,2424300
2023-09-07,555.3554831246573,567.2856940724722,553.8100601779944,564.25390625,3707100
2023-09-08,563.3681668136921,578.3498150549927,562.2755021284747,577.2769165039062,4308300
2023-09-11,577.9559095544654,588.7934547611035,575.3276755209175,586.2341918945312,3876500
2023-09-12,581.716130856858,591.717071793585,578.6449909041744,589.9157104492188,3212100
2023-09-13,585.3483072262175,591.3429715248088,582.4346957466026,589.5022583007812,3126600
2023-09-14,589.8565973231882,592.4159204311707,580.7711474844233,582.3460693359375,3244800
2023-09-15,582.7299741836312,584.757714596026,566.0552323164837,566.6458129882812,5941200
2023-09-18,568.9493402246104,568.9493402246104,555.5721139044483,562.3345947265625,2723600
2023-09-19,562.6691220425431,569.3527772819831,561.6946338497495,565.9568481445312,2185100
2023-09-20,564.4409938643769,566.2423553372331,560.2772492252539,560.72021484375,1869900
2023-09-21,558.3084833397452,559.1057973024399,534.0050968953761,541.515625,4049900
2023-09-22,540.2163592244286,546.7917520543873,539.054843672493,541.9192504882812,2353800
2023-09-25,541.4861966034349,544.0061082610214,537.2043354147697,543.6419067382812,1686500
2023-09-26,542.076780926785,545.453064469686,539.4190473273525,541.3975830078125,1864300
2023-09-27,541.2794584347171,543.0512607803009,535.1568242332285,541.1514892578125,2004200
2023-09-28,542.6870413651152,543.0413898066354,532.9223926957638,535.9246215820312,2178800
2023-09-29,536.9482550050841,537.5388957545083,523.8663824893812,528.7191772460938,2967700
2023-10-02,527.6167561696789,532.1742609043151,518.5608047714619,529.8610229492188,2810100
2023-10-03,527.6070376780724,528.9260817072197,508.4812897717747,516.96630859375,3266100
2023-10-04,517.330363324251,527.7742091311741,515.4305920006854,523.1380004882812,2220400
2023-10-05,525.1853663033384,534.005084816642,523.2855950544423,533.0010375976562,2950700
2023-10-06,535.4816903160541,557.4915483151293,534.2119116128325,556.369384765625,4745200
2023-10-09,555.1881543674277,570.7111745594657,554.7550418272656,562.8069458007812,4208100
2023-10-10,561.0745542155727,576.7748103362621,560.8087628328963,570.23876953125,3526700
2023-10-11,586.8642883003881,599.2571114798318,575.8495068773796,595.8021240234375,5850600
2023-10-12,595.97931008764,603.4012219228283,592.77034781022,600.9403686523438,4063500
2023-10-13,608.2146953956614,620.1054957290752,593.1247255730957,599.6607666015625,3963800
2023-10-16,601.4227003762752,612.240601994158,598.9027889714165,606.9842529296875,2941500
2023-10-17,609.3071549024331,610.6852565058683,593.0950854509832,598.7845458984375,2911700
2023-10-18,597.7313232421875,606.236045381204,593.7939585570225,597.7313232421875,2049100
2023-10-19,595.5264241011597,595.5264241011597,569.2839142277785,581.5487670898438,3493700
2023-10-20,580.761283684225,587.5729076807932,571.7840971224424,575.4852294921875,3666900
2023-10-23,576.8831714226963,579.1274988587902,567.1185206608129,567.6205444335938,2781900
2023-10-24,570.9179649288153,585.210620103829,570.041886735983,583.1533203125,2633000
2023-10-25,587.592795819382,590.3095878722509,576.6961286052975,577.2769165039062,2283300
2023-10-26,570.9179705084472,571.90231183691,557.2946600875738,559.2042846679688,2846500
2023-10-27,554.1939559061692,561.8718053511634,547.9237071861389,551.4574584960938,2717400
2023-10-30,562.2655611964628,564.234243605972,553.7411327188132,556.8516845703125,2290900
2023-10-31,560.0605732583384,560.6905660336243,539.0350600383662,545.256103515625,3661400
2023-11-01,546.3094157342035,549.6856991480389,542.6279889237657,545.7778930664062,2935900
2023-11-02,569.274098718465,588.0848458110611,563.0333486841517,571.203369140625,5181300
2023-11-03,569.3725228939336,573.8709697808201,558.2986834256074,558.9188232421875,3056500
2023-11-06,562.1571910406846,588.3505539713561,562.0686339841295,585.8699951171875,3978500
2023-11-07,587.6517757758397,592.5144243638287,580.8893556247734,590.535888671875,3168200
2023-11-08,598.1447556975564,616.0696308340843,582.9071729294034,609.4351806640625,7776400
2023-11-09,605.1336300021569,606.009708124365,574.2942021466679,582.0606689453125,6279800
2023-11-10,585.6830604803632,589.4826033948381,576.8239889772989,588.3506469726562,3645900
2023-11-13,585.0432316389924,609.0611835556227,569.0969505330764,603.1157836914062,5744800
2023-11-14,599.8022198007219,607.5139983970445,594.3290437156926,602.3662719726562,3827600
2023-11-15,602.425433455672,604.4273069827025,576.3316178475119,580.3945922851562,4287000
2023-11-16,583.3137471387341,586.8540886727867,573.698685372711,580.601806640625,3030500
2023-11-17,584.2505618299965,587.9289197329086,579.0830925493183,583.5208129882812,2628200
2023-11-20,583.25450418975,596.4887552485013,582.5148841499546,589.3292236328125,2827200
2023-11-21,590.1576388329387,593.2344534576596,583.5799679732785,584.3984375,1851600
2023-11-22,587.1597721775768,590.8874262124812,578.6294628795722,586.8540649414062,2052200
2023-11-24,590.0787536615107,595.1476311128829,588.7178478836647,592.7808227539062,1341700
2023-11-27,592.8497985048422,595.3349409999776,582.9586448677542,583.34326171875,2630700
2023-11-28,583.8068416740141,587.1400679839423,581.2033642857076,583.412353515625,1793900
2023-11-29,584.0039610187742,586.3115417002033,576.3513498278696,583.6686401367188,1908600
2023-11-30,583.2742158891126,587.978158164625,578.0968758836043,582.8599853515625,5658400
2023-12-01,583.5108672336246,593.6386892124624,574.9312634426216,575.9568481445312,3638600
2023-12-04,574.0733625627697,578.9647381461349,566.381326105794,577.57421875,2577100
2023-12-05,575.2074155324742,583.6094575377349,571.3514963475625,580.010009765625,2157300
2023-12-06,582.5641563863991,585.6804557337845,576.3119356112936,581.0947875976562,2093100
2023-12-07,580.1382892001633,580.7200899491904,569.6159176562529,580.12841796875,2095000
2023-12-08,580.8482737730689,590.0195502682411,576.6768359914606,589.7730102539062,2446800
2023-12-11,590.3745021140845,592.8695157336372,559.5570030015941,575.9568481445312,5614100
2023-12-12,573.9450591751674,577.7417506966345,570.1680499221222,576.6668701171875,2846100
2023-12-13,575.1876822695572,590.3843811490171,574.2508182460668,589.2305908203125,3112500
2023-12-14,586.2720747474548,586.2720747474548,560.8192895196945,565.7303466796875,5275900
2023-12-15,564.1820919949803,565.7698552836216,553.8767685113435,564.1229248046875,5317000
2023-12-18,568.4916400194056,574.9805898292257,567.7323377305851,571.7361450195312,3033900
2023-12-19,572.2193742593773,577.0120977006195,569.2608940822499,571.7854614257812,2192700
2023-12-20,568.5015421304968,571.8347680071787,562.1408577839289,562.318359375,2647100
2023-12-21,563.5016962068182,567.0420373236383,559.1724992665899,564.0835571289062,1786500
2023-12-22,565.0895166922616,567.9296627811036,559.5669836570955,562.4959106445312,2226100
2023-12-26,561.6181821818237,564.8429449998039,559.7839388244412,562.77197265625,1678700
2023-12-27,562.6042827784111,575.6018644197478,562.6042827784111,573.4619140625,2163400
2023-12-28,573.9253396627854,578.5701746248036,571.9727622525835,572.8109741210938,1973500
2023-12-29,574.7833785637339,578.0574372522539,571.4501526780301,574.8524169921875,2000100
2024-01-02,572.3769826586065,584.5166073810234,571.0358197771868,584.0038452148438,3226700
2024-01-03,591.6960174586037,611.2614589196913,590.5126133856002,609.1510620117188,5130300
2024-01-04,616.6063911783637,627.6020387065263,604.7823427933517,605.9953002929688,6272500
2024-01-05,605.5023024231614,611.3600958346772,601.7450348434298,609.9893188476562,2404000
2024-01-08,613.8155715196426,617.3953371928616,601.1533106211818,617.3657836914062,2453900
2024-01-09,621.389351557786,625.639699354855,615.0877738155733,616.8234252929688,2918900
2024-01-10,619.7917165703091,628.2332441413369,617.099518910488,621.4682006835938,2679100
2024-01-11,625.610081345123,630.9057559372717,619.4465811037551,626.921630859375,2690300
2024-01-12,629.3672657436315,635.0869811757632,624.2490934100794,634.0219116210938,2067800
2024-01-16,634.9982989270691,638.7654375860992,624.9000295244325,625.78759765625,2413600
2024-01-17,630.6000987708813,631.6552973187852,616.5374458738391,620.2059326171875,2124100
2024-01-18,612.6815410319551,615.2455330701999,604.2202710010557,614.7228393554688,3385000
2024-01-19,613.776160124921,620.8765244323087,611.4192231898243,619.8804931640625,3125000
2024-01-22,621.2809168972609,623.8843942328219,616.3501159695048,622.1487426757812,2030200
2024-01-23,619.0027003858515,621.280727311711,606.3108274860033,620.9651489257812,2525000
2024-01-24,624.7521858991455,634.268595055843,623.2532032380127,624.9296875,2276900
2024-01-25,618.6871758277073,623.8546444422442,616.034403099658,618.9337158203125,2407900
2024-01-26,628.5291038004272,630.7479639835641,621.7739313190507,630.40283203125,2410300
2024-01-29,632.6216212546178,636.7142092095212,630.9155837661075,636.0731811523438,2718500
2024-01-30,636.7635944095272,637.8483464532359,632.1286298592116,636.0535278320312,2006100
2024-01-31,641.3788076030689,654.3665192049821,628.1839807125839,636.6748046875,4719000
2024-02-01,638.370940482898,651.3783926961385,634.2684813637197,651.2896118164062,2494300
2024-02-02,653.2127072468957,663.310976660027,650.6092302352633,658.4097900390625,3019200
2024-02-05,681.456306823119,702.0275901090981,673.0838179999934,696.4262084960938,7602400
2024-02-06,731.7307054878743,731.7307054878743,681.5351384072113,695.2723999023438,8187300
2024-02-07,700.548418767849,730.7347650742622,697.2349352675518,715.3408203125,5798000
2024-02-08,718.2401063419292,730.7446087533448,715.7056677499866,725.4982299804688,4636900
2024-02-09,725.3206587139654,735.3795024568537,723.456801922961,729.9161376953125,2833900
2024-02-12,730.5473202009206,730.5473202009206,716.3959481949789,727.0563354492188,2932300
2024-02-13,720.074351292266,732.6971881256815,720.074351292266,732.6873168945312,2860300
2024-02-14,736.7871687981052,754.7963607813074,735.9770928161369,748.1380004882812,3394300
2024-02-15,746.6461735054654,753.749094777067,740.9263203583109,748.6022338867188,2507000
2024-02-16,761.6916949881319,784.8477434191258,754.2528656812144,772.5880737304688,5009400
2024-02-20,780.4319946161507,783.7710629104618,744.0777061666361,746.5078735351562,4701100
2024-02-21,729.1407916597631,740.4224619218625,724.3593845882566,736.8759155273438,3541800
2024-02-22,754.3318798476591,765.7320908588682,747.110417686992,760.3184814453125,3167400
2024-02-23,764.6257925532728,768.2316101378224,753.0279897916105,760.2197875976562,2394800
2024-02-26,761.9584977521635,770.7704475586789,759.8049077474468,762.5709838867188,2243800
2024-02-27,745.7571511975593,763.5885289168582,736.4117030475605,755.7348022460938,2716700
2024-02-28,753.0181415728161,753.7590580781354,742.5563739874947,748.4639892578125,2716300
2024-02-29,743.9591098489896,747.29817789865,735.0187307261718,744.5518188476562,3905400
2024-03-01,759.7061438275836,774.5837443850644,754.8753538904252,772.6474609375,4247500
2024-03-04,786.7940384942848,791.0815017637344,776.6385142344106,782.6844482421875,3855600
2024-03-05,775.7987730899569,778.9798056498829,759.9629506137703,768.1723022460938,3168700
2024-03-06,774.791081902082,778.3079626952413,764.6257305245124,770.3258666992188,2518600
2024-03-07,762.4918803753508,783.3856858085222,751.9016843847298,770.7110595703125,3977400
2024-03-08,770.5531620252966,770.5531620252966,745.8559452937166,752.9094848632812,4054900
2024-03-11,743.0997287482576,747.6341037983176,718.8075207844616,725.4757690429688,3968900
2024-03-12,731.9860264452824,746.8141850537756,729.0717427466275,745.8065795898438,2701700
2024-03-13,747.8317070634757,751.5560665637628,736.6784659262265,748.6615600585938,2357500
2024-03-14,755.6854007608672,758.6984489481539,740.3237450060649,751.5164794921875,2647500
2024-03-15,746.2312555203827,751.6745310621675,738.6541672471053,745.035888671875,3730100
2024-03-18,753.0476925013617,760.3580313964,749.0664728103199,753.4230346679688,2521400
2024-03-19,749.2542439846138,764.4775810199266,745.8559047353069,763.4205932617188,2557100
2024-03-20,760.7828182723019,763.7958662173583,747.4759887693829,763.49951171875,2038000
2024-03-21,764.625785067124,771.086554877821,749.6889140894875,760.9310913085938,3013200
2024-03-22,760.674135891676,767.589355308873,757.9871081458964,761.2767333984375,1981000
2024-03-25,761.7608528082476,769.0613638173182,758.8466297612002,763.7761840820312,1806600
2024-03-26,764.8232975258563,768.9032819012969,759.6862652077881,765.5148315429688,2099000
2024-03-27,769.278736841895,775.7493949733268,758.0859423621314,768.755126953125,2297700
2024-03-28,770.8692444365158,784.0575332111002,767.0362318207302,768.537841796875,3209400
2024-04-01,766.6016377212119,768.0834707838173,744.6902734043325,751.3387451171875,2921300
2024-04-02,745.9249930005534,755.803878213382,744.3740007866277,754.7073364257812,2596800
2024-04-03,756.4164341546182,777.7153102293411,756.1397964010552,766.5916748046875,3044900
2024-04-04,772.0744694193746,778.3574870225211,758.5206661605808,758.7775268554688,2354000
2024-04-05,756.1990151959558,777.181818529152,753.8478959323664,774.7120971679688,2113400
2024-04-08,775.5123354795737,775.6901481937612,763.9836319943013,767.8759155273438,1664200
2024-04-09,768.2216137043353,768.3994263956049,741.5585132193511,748.0686645507812,2464100
2024-04-10,742.1810430750251,755.9917076499585,737.7849263506099,752.7514038085938,1700300
2024-04-11,750.57802106796,754.0850134996086,741.5783101975537,750.3903198242188,1594800
2024-04-12,750.3705089809627,754.2529037253337,740.7089300737108,742.5365600585938,2495000
2024-04-15,750.8644757027822,758.6984248593728,740.442263305893,741.6771240234375,2358600
2024-04-16,742.5761563819298,744.0184955625017,734.0012898677095,737.6959838867188,2569800
2024-04-17,750.005017467046,762.4820549807907,735.8584458513435,741.6771240234375,3069400
2024-04-18,740.3434719093585,743.0898312120099,734.7619373900133,736.91552734375,1717300
2024-04-19,740.0865341369179,740.9262755530991,713.3246680034549,717.5133056640625,3505500
2024-04-22,720.9017648897089,728.9431919799276,716.6340792125603,722.4725341796875,2354100
2024-04-23,732.2230203379631,737.1229090570693,722.581218244849,736.6586303710938,2042000
2024-04-24,743.5244135235693,743.5244135235693,719.9632366713159,723.3319702148438,2133400
2024-04-25,716.2191896108795,719.1729666903395,709.6003243511514,716.0907592773438,2608800
2024-04-26,714.7176082999048,728.5184430726777,712.2676639239636,724.6261596679688,2009200
2024-04-29,726.8390947680073,731.6106139651476,720.7734438146499,728.2715454101562,2665600
2024-04-30,765.6136740946034,785.8653906351705,758.3625451542571,771.6397705078125,7437100
2024-05-01,765.3765795996499,773.1314809732031,758.9454151812879,767.3424682617188,2802100
2024-05-02,767.9253896401918,767.9253896401918,745.1545080233439,746.7548828125,3205600
2024-05-03,734.001256129924,735.9770334007986,721.4946125355,726.0684814453125,4595100
2024-05-06,729.1012657811691,757.70065222761,727.0859947847692,757.3944091796875,3398300
2024-05-07,759.5875310319811,769.6541177791671,752.8797291808556,768.35009765625,2879400
2024-05-08,769.6640278678267,771.8867773441057,762.8476323181343,765.6137084960938,2089800
2024-05-09,767.5894493150305,774.5046695791299,759.8839302227926,762.2054443359375,2522100
2024-05-10,764.6456289909388,768.0044143851259,750.79541015625,750.79541015625,2082300
2024-05-13,754.2529965989636,754.3023789730828,741.4401095411603,748.5232543945312,1848900
2024-05-14,742.4180584745442,755.240833182073,742.4180584745442,754.7271118164062,1956200
2024-05-15,756.1817773881369,779.4465738931708,755.1426780439934,778.8132934570312,3038300
2024-05-16,776.5274177114093,778.2789198739189,762.109339890675,763.0791015625,2299700
2024-05-17,764.8307042167365,766.7900384396509,759.1010407850921,761.9708251953125,1670300
2024-05-20,758.9031581516745,776.1513992093238,758.1312626268287,775.0133666992188,2188800
2024-05-21,784.1965789144189,808.0947165334044,783.1377291809308,794.7948608398438,4334500
2024-05-22,792.6474799422298,796.4870256257814,786.9574387316582,794.5375366210938,1767500
2024-05-23,801.5536615997183,812.0530104985631,793.7953872379392,800.0198364257812,3025800
2024-05-24,799.5745616067449,801.6724504265884,795.7647317288703,799.010498046875,1778100
2024-05-28,800.5641011944867,800.5641011944867,780.0304731354192,799.4359741210938,2483500
2024-05-29,794.6266671419937,807.1051610805011,793.7261827994936,803.0677490234375,2380000
2024-05-30,804.314625177601,811.4395593870846,797.7042880050758,806.5609741210938,1984600
2024-05-31,810.2619084465857,817.5946741104833,802.6421885162666,811.785888671875,4472100
2024-06-03,815.2394641435352,829.5387977004029,809.9650262302997,822.5919799804688,2537200
2024-06-04,825.3033515123903,826.7579938959803,816.703965253945,823.9080810546875,1748300
2024-06-05,821.8300156510907,829.7070341092239,809.0942230311185,823.0867919921875,2169000
2024-06-06,826.1742390392709,838.1381359504319,823.2055217354404,828.55908203125,2109000
2024-06-07,829.0241966329066,847.8755390720747,828.2820173211386,841.1266479492188,2468800
2024-06-10,845.0750559199408,862.5410337061121,840.5329522278354,855.9801635742188,3417500
2024-06-11,872.9414556097217,872.9414556097217,843.3433098045363,856.7916259765625,4109100
2024-06-12,862.9072284612856,862.9072284612856,844.9464632506855,858.2562255859375,2594600
2024-06-13,859.9681450950545,875.830959505641,852.5166358161584,874.1190185546875,2243400
2024-06-14,873.1295241739163,875.3857180752096,866.8655133133345,869.2899780273438,2023300
2024-06-17,868.84452128427,882.8964607014099,867.7163943121985,875.7814331054688,2532200
2024-06-18,877.7507308971077,885.538660960544,874.782013656193,882.1642456054688,2437000
2024-06-20,883.6881942483016,896.0083832803293,861.0566772409388,876.7512817382812,3360000
2024-06-21,876.4247376884655,882.6689376329094,870.6258574405904,874.663330078125,3445900
2024-06-24,880.6997198829011,894.1579422086279,873.7331511816615,880.828369140625,2878200
2024-06-25,882.4710475244924,899.9369651160475,882.2038436340549,895.1771240234375,2830100
2024-06-26,894.5734793492509,896.8989504071026,888.4777397379663,891.862060546875,2232100
2024-06-27,894.108419652378,900.0854154728335,890.3380906565706,899.5609130859375,1948100
2024-06-28,901.8071827111263,905.99305445583,895.9390258789062,895.9390258789062,3375400
2024-07-01,902.2625238823455,907.269758239977,894.880291401476,904.8353881835938,2546100
2024-07-02,893.2969592625221,902.4900654887131,869.3393887410465,897.2552490234375,4584600
2024-07-03,901.5005559153676,908.922349734649,874.782098165955,888.7350463867188,3078400
2024-07-05,889.0615506511982,906.9035705477345,887.5475362412834,905.0332641601562,2880900
2024-07-08,908.3187127906691,918.9269009557247,902.4901162939134,908.4275512695312,2364600
2024-07-09,919.3622083236081,925.2501760692443,911.1784858053235,922.7762451171875,2416000
2024-07-10,926.8039801227993,935.8288770415662,923.2711988343973,929.9805297851562,2683300
2024-07-11,924.3497033819539,933.0480229750463,909.0409870511219,924.399169921875,2855100
2024-07-12,927.2293484104667,940.8755302043713,926.269492163897,938.510498046875,2315100
2024-07-15,946.2292085837735,956.0259398046915,938.2037903419115,940.549072265625,2358700
2024-07-16,945.7839080086865,946.4172488984401,928.5950386767216,931.7814331054688,2111800
2024-07-17,900.520866125332,915.3545480015855,893.2277217477459,896.14697265625,4200600
2024-07-18,897.5718831220331,900.3822349152545,827.9356177549147,840.0480346679688,7649600
2024-07-19,858.612370763044,871.0315528286359,844.1052658065593,848.5286254882812,3782200
2024-07-22,855.7822196177459,865.3019014983029,847.8854510071432,856.9400024414062,2904500
2024-07-23,860.927997221385,878.4631913458253,855.0697454622751,869.1315307617188,2087700
2024-07-24,863.4019738684809,869.1811036271705,845.362087197647,850.91357421875,2726100
2024-07-25,838.1678770410551,842.7396969930186,797.9714483836867,812.6270141601562,5468000
2024-07-26,803.4041361981384,813.4384147878878,792.9443487260121,796.229736328125,4173900
2024-07-29,805.5218712002195,816.1696803138132,795.6162414163052,799.36669921875,2473700
2024-07-30,806.6796886585025,813.3296471451162,767.7202248726304,781.9700927734375,3848600
2024-07-31,791.8262004485507,802.6818420442672,783.8304982362462,795.8834838867188,2961700
2024-08-01,824.927331728187,832.1215423381218,811.6274763776073,823.7596435546875,4060700
2024-08-02,808.1540511247381,811.6373651974322,778.8132665706432,796.0714111328125,3515900
2024-08-05,750.0958144712664,784.6714735595443,739.7547717038947,767.1758422851562,4661800
2024-08-06,780.9112067188823,797.8625873811555,776.8143623377424,784.9090576171875,3437600
2024-08-07,770.1843023343838,778.3779920264595,755.0636652022735,764.0885620117188,4407700
2024-08-08,865.8759549672304,868.6269955641087,816.6348167100998,836.4955444335938,9434900
2024-08-09,851.0323687983362,899.0167307194621,851.0323687983362,882.3820190429688,6587600
2024-08-12,894.7813194904421,895.2859507009277,873.7924662528825,875.1580810546875,4206100
2024-08-13,884.7569398632301,905.1520132590401,881.0460432308611,898.5812377929688,3506800
2024-08-14,900.5109801112309,924.6367626300639,894.3657131078145,921.9649047851562,3562900
2024-08-15,927.534057738426,929.4763516845311,911.6787747001623,923.154052734375,3080000
2024-08-16,919.9929719450299,927.8314014697145,911.0743745701533,913.7796630859375,2364900
2024-08-19,913.7795447469126,917.6244555114619,908.2103817238172,913.4723510742188,2374600
2024-08-20,923.6692610136571,958.2536195634268,922.0936762129368,941.3776245117188,4961500
2024-08-21,946.9765686460229,947.8486140286808,930.6753441074035,943.3595581054688,2617000
2024-08-22,943.3695395159601,963.7337178576864,939.5643053072728,945.5397338867188,3183700
2024-08-23,946.7982106863418,951.8124414306188,934.5797164966849,944.1226196289062,2063300
2024-08-26,940.6146908672803,946.3622189485667,934.2428561694003,941.9326782226562,2166000
2024-08-27,943.8847909286235,963.6840556924072,941.3578673644903,945.8468627929688,2912900
2024-08-28,945.5198314308718,949.6719357129276,934.7283158922189,940.35693359375,1701800
2024-08-29,946.3622310537029,948.8594575520199,927.5340819542051,931.6961059570312,1762800
2024-08-30,936.4526261354209,952.3079086943276,932.0032471446243,951.3367919921875,2555100
2024-09-03,949.1071316400576,960.8796836392468,942.9731168534146,947.8783569335938,2529400
2024-09-04,941.1596816937034,945.3712412064154,929.5258775641204,937.7507934570312,1891700
2024-09-05,932.647333258339,934.4707173682082,897.9738218320156,904.4943237304688,3201100
2024-09-06,909.4590913257704,919.5073919817917,884.9230298902617,894.5452270507812,3440000
2024-09-09,904.31596573509,907.1500830021805,887.8165379797722,900.0548706054688,2405900
2024-09-10,905.8419963312133,906.8329514797699,886.9048579582394,893.0983276367188,1930400
2024-09-11,893.9902395895649,913.2048145574328,889.0849993532646,912.5607299804688,2721100
2024-09-12,915.9497152100195,929.139325303431,910.3210974437737,926.5628662109375,2510800
2024-09-13,928.5349163134185,933.8265830666057,913.7597408137146,915.355224609375,2045400
2024-09-16,922.7080828187053,924.1746771006727,912.104850511817,915.1867065429688,1760300
2024-09-17,913.1652053805611,913.1652053805611,894.138853681871,897.9837646484375,2248000
2024-09-18,898.1125745043857,907.2194549035721,895.2883764731868,896.78466796875,1777000
2024-09-19,904.5934165650551,908.5176208721413,895.6847391279113,906.7636108398438,2446500
2024-09-20,913.6507510244054,931.3591151417538,904.940276820527,913.1552734375,9921800
2024-09-23,912.6697076596023,913.6606628253564,901.2241875917622,910.212158203125,2292000
2024-09-24,913.7795605673725,917.3073584916539,900.9764369297811,916.0686645507812,2767400
2024-09-25,923.3620962917721,930.8041792974724,912.8579956806087,916.197509765625,1805100
2024-09-26,911.9364503555247,913.5120352673712,897.1117386542531,901.0953979492188,2693000
2024-09-27,885.5373623230197,893.0587387450762,867.6902498698433,869.8505249023438,4377300
2024-09-30,856.7006357673705,879.4033934998927,851.0422596237241,877.9268798828125,3244600
2024-10-01,880.7906716057885,883.2086045600811,870.9207366645414,876.47998046875,2455200
2024-10-02,872.0404956651662,885.2697221732103,870.7522661204627,883.0103759765625,1751600
2024-10-03,881.4942457142523,883.9320172217634,872.9126005004274,877.5403442382812,1974700
2024-10-04,877.8970482529221,880.9293685854446,868.9586739495179,879.1357421875,1970500
2024-10-07,882.4554584310689,897.0918849883801,881.5239581938331,890.2741088867188,2915700
2024-10-08,894.832495256636,913.630885311146,894.0694404409718,905.4555053710938,2200000
2024-10-09,908.0022741729994,913.0165048212536,903.7510983461433,911.4210815429688,1820100
2024-10-10,911.6787318595686,913.6606421462199,896.963072174424,902.4529418945312,1682100
2024-10-11,907.7545780756911,923.8080643847524,902.9385503279044,923.6296997070312,2293900
2024-10-14,927.5340728127455,928.525028018742,917.6245207527803,921.102783203125,1550400
2024-10-15,916.0785592304624,918.139762828107,899.5890514155076,905.0591430664062,2284200
2024-10-16,901.7989460611191,909.5085456929331,889.7192003381826,908.131103515625,1645400
2024-10-17,912.669678826713,922.0936718326108,907.7545195859338,908.8247680664062,2191200
2024-10-18,908.884220442523,912.5903829578169,897.4287815392956,909.6670532226562,2286900
2024-10-21,909.6770603893966,910.5491058282486,896.3784581715648,897.9342651367188,1592200
2024-10-22,893.5244741503225,902.8790936228078,892.0578798143782,900.9269409179688,1391800
2024-10-23,897.4288201550269,899.7377626465285,883.6644382673784,895.0802612304688,2646600
2024-10-24,890.2047226881184,891.8596007898716,880.2456359092515,883.2581176757812,1797100
2024-10-25,891.5920546154757,892.8109705741934,881.4050671605589,884.6256713867188,2228300
2024-10-28,886.7761048042298,890.0859218960926,882.723131770483,887.4896240234375,2084100
2024-10-29,890.0858631843765,899.7674540468039,890.0858631843765,895.4072875976562,3187500
2024-10-30,791.2777124058783,852.7169336571801,762.0445345524364,839.1705932617188,18257200
2024-10-31,828.9438930680304,845.7802112036815,817.7758092960207,822.235107421875,6582800
2024-11-01,820.510796879473,825.4655722229481,809.342713900689,811.5228271484375,5266300
2024-11-04,797.7189293779327,812.7715411603014,796.4108612668186,798.8486328125,3918100
2024-11-05,796.5595373974485,801.890881225792,790.2768548007433,798.7693481445312,3733300
2024-11-06,809.9374148351467,813.3066261599068,760.6670917959791,769.3577880859375,8257900
2024-11-07,777.5530290715392,795.2910910258882,771.1514366463576,790.2372436523438,4557600
2024-11-08,796.2324980103056,839.6066261861948,794.0127680540702,824.0188598632812,7212900
2024-11-11,823.7810021820895,836.3661446544344,817.1713482822337,824.9107055664062,3342800
2024-11-12,822.6910107115792,826.4467091071998,803.387162484755,811.4535522460938,3378600
2024-11-13,812.900323026434,821.6107968830089,803.9519691318219,804.46728515625,3059300
2024-11-14,801.8710044818021,801.8710044818021,776.4232833534072,779.11865234375,3998800
2024-11-15,769.4507737868009,772.2200958178214,738.6902223215004,740.6754150390625,7334600
2024-11-18,727.7617437088043,728.5657443548566,706.1330903559873,721.8161010742188,9148100
2024-11-19,711.0066452741735,724.5952908924601,707.1454311703919,724.3272705078125,5832500
2024-11-20,730.3424278231154,751.762673469999,730.0149146559729,747.8319702148438,5158900
2024-11-21,740.5960047666683,747.4250726945234,729.5583378890766,744.3678588867188,4143200
2024-11-22,751.4450955812109,755.6438195670365,739.5637457045184,742.4720458984375,4015500
2024-11-25,744.4472963446813,749.4102783203125,734.5312680506943,749.4102783203125,5690500
2024-11-26,779.3866432586107,801.0252309367789,768.2199346488973,783.4761352539062,6622600
2024-11-27,782.2850031754358,788.9453462611433,774.5228927197192,782.3544921875,2714700
2024-11-29,785.4712906654246,794.4046578615614,783.4860979551719,789.4614868164062,2206900
2024-12-02,792.2010498023493,799.387437605409,789.3324318418462,793.8785400390625,2895600
2024-12-03,796.985444570483,811.0803259984544,795.6752100123955,807.3084716796875,2782100
2024-12-04,821.9690593913379,840.1931754447097,814.4253509407367,823.6962280273438,3871100
2024-12-05,821.6514884694382,824.9766622222525,811.4078862093518,819.5074462890625,2423400
2024-12-06,821.5521448543216,834.7735355892959,819.576887798748,820.58935546875,3047100
2024-12-09,817.6016495340502,817.6016495340502,795.347655679232,797.630615234375,3176000
2024-12-10,803.2784166959026,807.973377747519,791.099240865814,793.66015625,2695200
2024-12-11,789.362220402823,793.5807547463778,780.547960268922,790.136474609375,3510900
2024-12-12,790.8312797841604,795.9034932351813,772.6270964392055,776.5577392578125,2823800
2024-12-13,771.3764280474157,788.3696731913562,767.267064502693,783.2776489257812,3059400
2024-12-16,786.1362962832959,793.8587248393828,769.5103076939712,773.2325439453125,3426200
2024-12-17,772.101024754012,782.1659668367967,766.7112335469444,772.8554077148438,3924800
2024-12-18,769.2621958368775,773.2325813637775,756.8547410653149,759.0484008789062,3354200
2024-12-19,759.4353606163513,767.2470881952119,746.8294368079802,751.9313354492188,4032600
2024-12-20,805.3430478997246,805.3430478997246,760.934295594858,762.0758056640625,9942300
2024-12-23,779.3568521620078,793.4417966652557,767.3464606682561,790.3846435546875,3622300
2024-12-24,785.5109616194028,791.8437311223612,781.2725558562058,789.7791137695312,1165400
2024-12-26,788.2406267327708,797.9581234126457,785.6400290826589,788.260498046875,1274200
2024-12-27,784.1510928961536,787.426648635901,773.4508754852712,777.3716430664062,2096500
2024-12-30,772.1605282579799,773.986932181186,765.2917785448624,768.1107788085938,1719100
2024-12-31,765.2918274242026,768.1802563029752,758.641419401267,766.284423828125,2327000
2025-01-02,774.810810427362,781.1733263653878,766.0561033625245,772.3094482421875,1938900
2025-01-03,772.4087009728927,780.021958757584,769.7882925970293,776.1904907226562,1799100
2025-01-06,777.9176260690699,778.9599007617752,757.6984421297038,759.4354858398438,3991100
2025-01-07,759.236921525034,778.155804266274,755.981176635002,767.5647583007812,3576100
2025-01-08,768.1008436329872,786.6921537160205,764.9642052683304,781.3916625976562,3478400
2025-01-10,786.0668802560815,794.0771406827116,779.0492162553046,793.9779052734375,3973100
2025-01-13,788.5185305878589,799.3775366107855,777.808377661034,791.57568359375,3683800
2025-01-14,778.4238562578316,778.4238562578316,723.602776411035,739.3949584960938,10373000
2025-01-15,743.4546421179037,749.013157264916,729.8263140595856,741.2113647460938,5736900
2025-01-16,741.9657679449085,759.8424378130654,740.8739361986333,751.990966796875,3070300
2025-01-17,742.2933988201013,749.6882542765975,719.6423412125021,720.3470458984375,5560100
2025-01-21,725.8559578136137,737.7770497617926,721.1510607718823,736.8538818359375,5122800
2025-01-22,740.0599932399239,754.7404712410071,733.5783100851573,748.3977661132812,3737800
2025-01-23,742.1245991666284,760.9243774414062,738.739872092888,760.9243774414062,3127200
2025-01-24,756.308820573064,783.4463715577738,754.8596080545789,779.5950927734375,4170600
2025-01-27,772.9446756272666,803.2585443896209,772.9446756272666,802.1865234375,3915200
2025-01-28,801.26349322533,810.1075609102086,794.1862761793096,799.0301513671875,2808800
2025-01-29,801.0153820750517,803.1296173142425,793.0845463053229,798.126953125,1827600
2025-01-30,802.4248456145956,818.5148554003758,799.0401184774389,817.1351318359375,2643000
2025-01-31,816.906866831192,821.2246370944974,805.0255165721993,805.0751342773438,2561600
2025-02-03,798.3155036097116,811.9041503676738,795.8141413652646,804.4298706054688,2808800
2025-02-04,805.0453444251634,822.9021449953086,799.9731910693012,819.9541625976562,4299700
2025-02-05,828.9669635946542,840.6299720811486,824.9072173882438,835.9448852539062,4578900
2025-02-06,833.3045130445648,881.1674803008151,829.4234273619252,863.9260864257812,7138500
2025-02-07,870.0405828945719,882.7755515450884,863.1817075970087,871.807373046875,4426100
2025-02-10,871.2315972441817,873.4848104031195,853.0075423307571,862.4471435546875,3065600
2025-02-11,860.6108860029823,867.7178495722483,854.1292024292698,858.5958862304688,1944200
2025-02-12,850.5855518403597,871.2812213312451,849.7716155931223,866.5067749023438,2533400
2025-02-13,870.5765394312355,876.9589270690566,861.3751513361203,865.4050903320312,2472900
2025-02-14,864.1522859547304,868.5272615185086,836.6994811831692,839.4636840820312,3222300
2025-02-18,851.5444187024759,857.8184937010393,846.5132275046396,852.3200073242188,4289400
2025-02-19,852.3000861458629,876.3126250109825,852.3000861458629,862.1138916015625,3205500
2025-02-20,861.9051970050147,875.3084373510894,859.0813381261833,868.1494140625,2990300
2025-02-21,875.6066701170569,889.3082504055518,868.4575999951419,868.7061767578125,3940400
2025-02-24,874.2842291733901,888.0255599659145,865.0670440345251,876.3822631835938,3017100
2025-02-25,885.6690432237222,906.808020607115,885.6690432237222,896.6660766601562,5111300
2025-02-26,893.2556793722855,917.1787061671571,891.4957363560645,909.8009643554688,3032800
2025-02-27,910.5068382071795,920.2311904519316,898.9132445092546,900.0069580078125,3085400
2025-02-28,896.705848365072,915.9754621232614,887.5283535203777,915.3888549804688,4071100
2025-03-03,907.6035256065481,930.3035741138883,904.8194778123559,924.4271850585938,3979800
2025-03-04,916.9896972621315,923.8702848543379,897.6504135677237,905.8733520507812,3343500
2025-03-05,899.6490686587472,925.1928209598806,896.5070848669495,924.4271850585938,3109500
2025-03-06,915.1800860709744,926.0777132830234,893.1661739117162,907.563720703125,3273100
2025-03-07,900.2357121565509,902.8308391003734,856.4862001296605,864.6295776367188,4818100
2025-03-10,849.0487345241462,858.275933384283,821.0789321126157,825.0362548828125,5962900
2025-03-11,822.49085226455,827.6114974605605,807.0194360842526,819.3687133789062,3796500
2025-03-12,810.3105780647314,829.8984399461377,808.6301966490443,817.1812133789062,3014800
2025-03-13,813.5818243641913,816.4354808601162,790.8519788308099,797.0863037109375,3566300
2025-03-14,798.5379779906579,810.5691305765534,795.4456974070337,808.8489379882812,3102300
2025-03-17,812.2991615853081,824.2805494732872,809.9327059368717,820.064697265625,2546600
2025-03-18,828.6753780370127,831.5290344617065,807.9938031996576,817.8275146484375,2354900
2025-03-19,817.0420007247128,837.3358426119466,814.8346680937686,832.2449951171875,3790500
2025-03-20,834.2535510274331,849.5260941734857,827.7209458177018,837.7733764648438,4402700
2025-03-21,833.0304290124745,845.588531828488,820.6214965280793,832.8017578125,5963800
2025-03-24,840.5076471563392,861.934952057652,832.9906882467837,859.9761962890625,3102400
2025-03-25,864.5997136285292,869.9391378199908,843.0928465248568,847.4976196289062,2670600
2025-03-26,840.8755083461664,846.5629153851879,821.6953477283248,822.0532836914062,2562100
2025-03-27,818.1357259061898,822.0632508515871,810.6485647651673,816.9922485351562,2128200
2025-03-28,815.3317942024951,825.0561464390488,812.776417760094,817.8275146484375,2124700
2025-03-31,804.3745183800064,823.296211153617,784.9060295401897,821.2081298828125,3737000
2025-04-01,813.9397548847265,815.9880250507558,792.4627461401931,800.6458740234375,2987700
2025-04-02,790.513859389362,815.1826150035735,790.513859389362,813.5618896484375,2683800
2025-04-03,805.8958183803802,814.1286492128717,782.5793058747787,784.5977783203125,2675100
2025-04-04,757.77134892381,763.8963144792807,730.5174187524118,734.0074462890625,5299400
2025-04-07,693.9566931934261,743.7416531113569,673.2353688217905,719.6098022460938,6274400
2025-04-08,750.6819041975815,759.1534195370324,709.2193494802846,722.1055297851562,4115200
2025-04-09,700.3899682250278,750.5328696213749,685.0776141134533,749.4192504882812,6619000
2025-04-10,734.6934814374786,737.7261057112902,687.8317867244801,716.8058471679688,4182700
2025-04-11,718.7746554021253,731.650944149991,707.9267312379715,728.2404174804688,3603400
2025-04-14,746.1777199673684,755.235842411225,730.3384163221415,750.0554809570312,3461200
2025-04-15,751.2685650228461,760.9531057216349,747.2117753744445,752.869384765625,2458100
2025-04-16,751.3382280397536,751.994444020053,726.1822706667969,730.71630859375,3302600
2025-04-17,836.013345548045,853.1154387419475,817.1613229446353,835.1781616210938,10853400
2025-04-21,836.719298988698,839.1055993923691,802.4057544745583,813.363037109375,3326600
2025-04-22,817.2010454456737,827.2634274729015,809.3659013977666,822.8287963867188,3086500
2025-04-23,832.1952339661161,841.1937004532122,813.9795218876517,824.6981201171875,2714600
2025-04-24,831.2406846717294,857.341244447606,824.489361723936,854.8355712890625,2939500
2025-04-25,854.7660286303748,880.5385127720025,846.2249644891173,879.50439453125,3398900
2025-04-28,865.484614375354,877.2273779823855,859.4889138491374,872.2955932617188,3457600
2025-04-29,872.703341387381,887.3892157777457,869.0542513748671,880.16064453125,2454400
2025-04-30,883.1435356180626,897.3621143224208,877.0981317500753,893.8323364257812,4374100
2025-05-01,839.1951060579066,846.0856462694384,787.5607509499225,789.5791625976562,12601100
2025-05-02,820.4226740371599,826.7962165685367,802.9925020353006,818.9312133789062,6059400
2025-05-05,812.3488769170449,824.9169328581381,807.407199904812,816.7835083007812,2889600
2025-05-06,812.2395645945508,813.7608229432365,765.9644720037728,770.7073364257812,5982000
2025-05-07,776.0566665854667,779.8748324292255,767.8635860550556,772.2981567382812,3807800
2025-05-08,760.6449067342704,765.5965365109904,734.872484533944,747.1720581054688,6162000
2025-05-09,747.7289020794519,757.6719732137377,728.8271141431444,730.38818359375,4072600
2025-05-12,723.7262383781223,760.9730008133116,718.0686290647747,751.2685546875,9176100
2025-05-13,751.2487087020095,755.1762338397672,736.6323823611214,741.812744140625,4523900
2025-05-14,744.9745812441332,755.1761809696312,709.965069943447,711.486328125,7558500
2025-05-15,721.5686003183953,734.4746857275878,708.1554086303815,729.1153564453125,5212900
2025-05-16,737.2954300069674,756.0964586071784,735.3027396555973,754.6218872070312,4645100
2025-05-19,750.2478850559364,755.9469500261906,744.8277651006055,752.3501586914062,4062700
2025-05-20,753.2369181433927,760.7095066170374,740.2844314557417,744.27978515625,3873500
2025-05-21,744.3196181141527,747.776967341762,721.3239554582537,722.3004150390625,4060000
2025-05-22,714.4790788577769,719.5505024010355,708.949375467741,712.5860595703125,4249900
2025-05-23,707.4050998745021,717.0098823043185,706.4087546634113,711.1015625,2635700
2025-05-27,714.4093886135125,728.6371656639085,711.7192445592033,722.5693969726562,3792700
2025-05-28,722.5694520771343,727.3220382417857,712.1277736195734,716.7608032226562,2948800
2025-05-29,716.6013185520093,724.6717509319448,714.3396563639301,719.9291381835938,2785500
2025-05-30,722.3502014937136,743.1738385236744,714.489024016352,734.973876953125,6106200
2025-06-02,729.8228426638947,744.6384905912995,728.0294335064548,744.389404296875,2946900
2025-06-03,743.5225988717789,754.2333096762969,738.7501272986742,748.0360717773438,3056500
2025-06-04,753.6255415582697,769.7962042896211,753.2369523450964,763.041015625,3135900
2025-06-05,766.6876377900471,767.1858103941993,750.2977469510267,762.881591796875,3636400
2025-06-06,765.6713155838802,769.7762528128916,762.4033350536761,767.0662231445312,2069900
2025-06-09,769.1286250130805,776.4417641150279,764.784574899088,770.8822021484375,2262200
2025-06-10,774.2499025750956,805.674607655545,774.1602047515913,804.2398681640625,4744400
2025-06-11,806.6909009950333,817.7203886460131,802.0877911187954,805.6546630859375,3125400
2025-06-12,807.3683958785816,815.5682971398354,803.4029007632962,809.0621948242188,2271100
2025-06-13,807.3783644461536,821.9847577477241,805.146500203574,816.3653564453125,2754600
2025-06-16,818.6768599918626,821.9847331244312,802.8150625327712,804.62841796875,2821800
2025-06-17,802.217252304579,802.217252304579,786.0565627969972,788.34814453125,2875600
2025-06-18,787.0628899478071,787.7403973752055,776.59129233823,782.160888671875,2442900
2025-06-20,783.1272930295742,783.1272930295742,752.7985440324342,759.9423217773438,6210600
2025-06-23,767.7138419236088,790.3109421661677,761.0383173926716,767.8234252929688,3951500
2025-06-24,770.0652332238006,781.5730077776875,760.2313112584716,775.2362670898438,2788500
2025-06-25,776.1529177586116,796.0300168392371,770.7726293055405,789.404296875,3023100
2025-06-26,791.0482214577652,795.8804709726994,785.3690421022218,792.2139282226562,3118200
2025-06-27,792.8915064736319,799.5670315474106,771.8088685735748,772.6159057617188,4115100
2025-06-30,775.6945364509405,782.1309480559545,771.1711513316035,776.6809692382812,3041500
2025-07-01,776.681007983959,787.1127131058264,770.1748445959543,773.0642700195312,2734000
2025-07-02,773.6620160335547,776.9898356222322,765.1930821812878,776.431884765625,1978300
2025-07-03,777.6075178747171,780.6861901759297,770.174761543668,777.8167114257812,1450800
2025-07-07,777.8266797935048,778.2949936094279,759.2448802989843,770.0452270507812,2576900
2025-07-08,772.0180215611803,789.7928459420449,765.9901455160593,774.8177490234375,3301800
2025-07-09,780.9353531631573,791.0980863338938,779.1319707892624,784.0439453125,2703100
2025-07-10,786.7838553449559,796.5679719876972,783.5557067980311,787.7603149414062,3130400
2025-07-11,783.4760014376809,792.8217240131485,774.3594796039199,790.1116943359375,2852500
2025-07-14,787.1126884078792,797.9529287790202,784.4823225504516,796.4185791015625,2401400
2025-07-15,798.7400126815335,802.4763070562867,761.5863233113371,768.9293823242188,4174100
2025-07-16,770.6729772521552,793.1305751494159,769.3378479873821,786.9133911132812,3255400
2025-07-17,783.9144057309352,787.1126956651653,757.2422864971314,758.7168579101562,4107300
2025-07-18,761.0681805666898,773.1239931928319,757.7204755064915,768.8895263671875,3357700
2025-07-21,765.362445933947,769.178464931131,757.7204955701103,759.3943481445312,3058000
2025-07-22,760.5501366927601,775.4454480969824,759.7131800059948,773.6022338867188,2496600
2025-07-23,777.149239812869,797.1658412212635,774.2399289168504,795.97021484375,2683600
2025-07-24,798.431135030768,807.1790746399961,794.7347334429743,802.4862670898438,2786400
2025-07-25,806.0432713563903,812.2106506117366,799.4374977780825,809.7197875976562,2976900
2025-07-28,809.679940207479,817.222219755334,799.5670122387534,805.156494140625,2587700
2025-07-29,771.669334616409,776.641087287684,752.4199386232984,760.1615600585938,7100700
2025-07-30,771.1711708948201,775.2561618163286,755.638122749583,757.3020629882812,4338700
2025-07-31,744.5687294207862,763.6487636496985,732.7520903622982,737.3651733398438,5810300
2025-08-01,744.0905000726788,765.19308327492,743.2635165620688,759.5438232421875,4859500
2025-08-04,757.1923665273911,771.6493438505925,749.8194491765831,766.1893920898438,3353400
2025-08-05,762.7719577115158,767.1259811173926,756.7440817644123,763.1505737304688,3615200
2025-08-06,753.7949107467501,760.2113761707666,737.4847449329286,743.6421508789062,4752100
2025-08-07,673.1904971873133,675.8108896406737,630.8857235582927,638.5177001953125,26101600
2025-08-08,652.606110831996,653.7817908792508,621.5002426474842,623.3634033203125,14125100
2025-08-11,627.1195259189933,652.0481001825167,623.6124324626994,632.8983154296875,11294200
2025-08-12,637.1627079992298,643.8182861426478,627.0996465526904,637.0929565429688,6897400
2025-08-13,648.0229605105721,659.3314545216971,642.1444993414941,658.0760498046875,6310000
2025-08-14,659.5805126246901,682.9746781141098,652.7057065217442,681.9285278320312,8395900
2025-08-15,693.1820010076055,705.7535042436771,684.794294828603,700.20166015625,8224600
2025-08-18,694.000781301463,706.7120934119016,692.4829908599842,697.0263061523438,4997300
2025-08-19,705.5737493415157,713.2225501627456,697.5255716834106,702.1787719726562,5941000
2025-08-20,700.4912830845185,704.7649750330614,684.1452935696531,704.405517578125,4139400
2025-08-21,704.1658935010245,717.346548959181,704.1658935010245,708.7791137695312,3617300
2025-08-22,713.9914106542157,718.4049728446456,708.3896520421141,710.6363525390625,3222700
2025-08-25,709.9573677348543,712.4537016579726,693.2119402759677,694.3103637695312,2898100
2025-08-26,715.1896654852553,735.1004270599866,712.054255487693,734.95068359375,7695600
2025-08-27,735.879331491697,745.4952147745608,730.4772306764598,733.0933837890625,4326200
2025-08-28,734.7209925144188,737.5069401947152,725.2749038973267,730.8866577148438,3117000
2025-08-29,731.24610882606,736.3386056375989,727.431703288065,731.5057373046875,2551200
2025-09-02,726.9224237473239,736.0590300381276,722.5788272163423,734.1118774414062,3222500
2025-09-03,730.9465692250046,736.748046875,727.9509684911897,736.748046875,2222500
2025-09-04,735.2402544643398,745.9045858073847,734.2517159693936,741.820556640625,2423400
2025-09-05,743.6079580226865,743.6079580226865,721.5104053542365,726.1436157226562,3958200
2025-09-08,728.6399265907702,741.6108674382078,718.1652586311583,737.5568237304688,4534600
2025-09-09,733.1033779052817,751.7360486746117,732.7938349326937,749.50927734375,2986900
2025-09-10,746.9929744472713,754.6916289498371,741.4011501180684,753.5133666992188,2477400
2025-09-11,751.376483341578,760.0138226645569,749.2695922421342,755.1709594726562,2197500
2025-09-12,759.0552463675327,760.4831420582617,746.9031098930134,754.2822875976562,2198300
2025-09-15,751.9656831718426,755.2309074496474,741.0217332998639,747.0928344726562,2790900
2025-09-16,744.3168765208011,769.2502912853754,743.4481571964786,763.588623046875,3881300
2025-09-17,760.3733108388368,775.8206567034861,755.2308995723243,759.0153198242188,3471200
2025-09-18,760.2635033990339,771.4071113560177,757.8969836857813,761.8112182617188,3464000
2025-09-19,763.8781377925952,763.8781377925952,748.1013204691459,750.88720703125,7349500
2025-09-22,747.4622516677877,760.922464057538,745.1756318401577,753.8428955078125,2527400
2025-09-23,749.4693448322305,751.895774080526,742.0801720765514,745.8845825195312,2910100
2025-09-24,744.8960284585067,745.8446475140819,735.0804266598776,740.7620849609375,2243000
2025-09-25,736.5882246446428,738.9148248742317,711.0058000428924,713.5421142578125,5136400
2025-09-26,723.0581110001692,727.9309596109399,716.0284567325639,723.4774780273438,3559700
2025-09-29,724.4860269358398,726.7926370683102,715.0299431851175,725.4446411132812,3309200
2025-09-30,725.8939760842337,765.2261665512272,724.2463713379511,761.881103515625,6234300
2025-10-01,762.180635350545,832.0779828256888,762.180635350545,824.2095336914062,10124500
2025-10-02,813.1657656500481,833.2363265353913,811.6180508395353,818.647705078125,4291800
2025-10-03,823.7302681301045,846.8862635630622,814.9032047432132,838.6383666992188,5088500
2025-10-06,838.7182941272816,855.3139173792704,837.4301468016871,843.810791015625,3651400
2025-10-07,843.7608694205209,847.2956563294927,835.3532337982967,842.3928833007812,2610800
2025-10-08,848.7534890326954,854.7446901317497,843.7508263636812,844.479736328125,2180900
2025-10-09,850.4410361365688,858.9884808314567,844.4598299620601,854.0956420898438,3071700
2025-10-10,856.741766708895,863.082430231103,828.8926519962619,832.2677001953125,3431000
2025-10-13,831.4589193080241,834.0950625393433,816.151382733817,818.1984252929688,2167500
2025-10-14,820.8844592150372,820.8844592150372,804.8180278479906,811.15869140625,1928400
2025-10-15,811.3085353445588,828.972596847302,807.3943007680485,825.35791015625,2355800
2025-10-16,823.8600639649304,833.4759467001016,814.1742765694312,818.1784057617188,2272900
2025-10-17,787.8030544471302,803.2603343553964,782.7005016691606,801.6527099609375,3983000
2025-10-20,804.4186235454866,808.2230340279552,798.5972166848031,807.7737426757812,2279700
2025-10-21,805.746653082525,811.7977638292376,797.5387367296865,798.3974609375,2099500
2025-10-22,797.2291927268249,814.7434488585775,792.6558921061355,811.2385864257812,2930600
2025-10-23,805.2174531183525,823.4906043046489,804.8380055059431,819.8359375,2632900
2025-10-24,814.0145285132201,832.9267557207232,811.3084807477693,824.239501953125,2211200
2025-10-27,823.7901536355398,825.2080541685307,810.2899609485048,825.1980590820312,2114800
2025-10-28,824.7887111824656,828.2436592012189,812.8562230870031,818.8973388671875,2493500
2025-10-29,826.0967968946908,829.0724074001939,808.4427308714526,812.3370361328125,3591200
2025-10-30,836.2718617160904,851.749131992627,811.0588891688291,843.2615966796875,6037200
2025-10-31,837.9294076208814,868.6343150389384,832.966725009177,861.5946655273438,5015000
2025-11-03,865.2593248889123,900.018276071912,861.3550244951288,895.21533203125,5401500
2025-11-04,890.102735309811,913.8778159047282,882.3441713280556,905.5300903320312,5911500
2025-11-05,909.6640522963718,954.0588752961877,906.5286423629277,924.4523315429688,7272900
2025-11-06,926.6391483257033,948.5070577775988,914.9163740238356,936.0653076171875,6417400
2025-11-07,929.8044813755482,930.6332812981392,899.5789118476746,923.0144653320312,4373400
2025-11-10,938.3618966122915,980.5499385641739,937.0338299428703,965.2224731445312,5696600
2025-11-11,965.1325844288768,998.4836291651543,963.8744224125696,987.1702270507812,4166400
2025-11-12,991.6636048447801,1020.9206248016233,988.6480141107444,1016.2874755859375,5185200
2025-11-13,1008.608768193551,1031.43516929915,1008.608768193551,1021.3699951171875,4153600
2025-11-14,1009.0,1033.6199951171875,1007.7899780273438,1025.280029296875,3862300
2025-11-17,1003.719970703125,1032.1400146484375,998.2999877929688,1021.7000122070312,4720000
2025-11-18,1014.010009765625,1040.719970703125,1014.010009765625,1030.050048828125,3430500
2025-11-19,1029.6400146484375,1055.5899658203125,1026.25,1049.5999755859375,3571200
2025-11-20,1045.5,1057.0,1038.25,1043.2900390625,3135700
2025-11-21,1041.0,1066.6500244140625,1038.0,1059.699951171875,4266700
2025-11-24,1056.77001953125,1075.719970703125,1049.3800048828125,1070.1600341796875,5497200
2025-11-25,1075.8299560546875,1111.1099853515625,1073.25,1109.93994140625,4181500
2025-11-26,1102.0,1111.989990234375,1098.0999755859375,1104.3399658203125,3093700
2025-11-28,1096.719970703125,1099.050048828125,1067.68994140625,1075.469970703125,2732200
2025-12-01,1074.3800048828125,1084.1500244140625,1055.0,1057.8900146484375,3070200
2025-12-02,1052.5699462890625,1068.1800537109375,1040.3599853515625,1046.1199951171875,3280000
2025-12-03,1046.3900146484375,1051.47998046875,1022.3200073242188,1033.56005859375,3447000
2025-12-04,1032.6300048828125,1032.6300048828125,1007.1799926757812,1014.489990234375,3854900
2025-12-05,1023.8400268554688,1027.3900146484375,1004.0,1010.3099975585938,2502100
2025-12-08,1010.739990234375,1014.2000122070312,988.8800048828125,997.5900268554688,3088600
2025-12-09,1002.8400268554688,1012.0,979.1799926757812,982.219970703125,2569700
2025-12-10,985.0,1003.0,977.1199951171875,993.6400146484375,2966300
2025-12-11,1008.1500244140625,1031.56005859375,987.0,1009.3800048828125,4517000
2025-12-12,1008.760009765625,1028.9000244140625,1003.5,1027.510009765625,3275200
2025-12-15,1032.550048828125,1065.0,1032.550048828125,1062.18994140625,4644400
2025-12-16,1063.5,1068.22998046875,1036.22998046875,1046.3299560546875,2394881
