Date,Open,High,Low,Close,Volume
2015-12-16,93.83629066991615,94.43895166174788,93.12062804800883,94.20353698730469,4493600
2015-12-17,94.67437946472396,94.91921277169602,93.46905731391801,93.53497314453125,4581200
2015-12-18,92.8852140232703,93.15829590964881,90.59698308430548,90.67231750488281,6039600
2015-12-21,91.25614226098068,92.03771347221057,90.61581409833823,91.37855529785156,2748400
2015-12-22,91.82113951176323,92.08480279156731,91.13372551717211,91.8493881225586,3341900
2015-12-23,92.22605943527573,93.11121376691165,92.00947476365944,92.969970703125,2054200
2015-12-24,93.01704458695248,93.32779368001101,92.57446385155741,92.83812713623047,932700
2015-12-28,92.42381134653726,92.8663921257485,92.15072943629444,92.7816390991211,1673400
2015-12-29,93.44078807903044,94.15644345796903,93.44078807903044,93.9021987915039,2362300
2015-12-30,93.85512935790211,94.13762986706003,92.96997498549435,93.101806640625,1856700
2015-12-31,92.51796148002103,93.09237382578485,91.67988586425781,91.67988586425781,3219200
2016-01-04,89.80598207074642,90.01314092518452,88.25224396460911,89.27864837646484,6378700
2016-01-05,89.81540458390668,90.23915531119665,88.90200167600236,89.44815826416016,4352500
2016-01-06,88.21212059393004,89.06131350172363,87.73091727841806,88.08002471923828,4370000
2016-01-07,86.39107495128398,87.15535215500107,85.5607570099985,86.46656036376953,6600000
2016-01-08,86.77791528260963,87.03266950145954,84.65493706368666,84.81533813476562,5912100
2016-01-11,85.15502823246524,85.95704090904512,84.24922491787899,85.46640014648438,5845600
2016-01-12,86.43823309286722,86.68355702154749,85.03235183756428,86.27783203125,4441800
2016-01-13,86.87227893693559,86.94776434375522,83.7397065407664,84.15486907958984,4895000
2016-01-14,84.35299991125045,86.51372075831134,84.12655092427373,85.58904266357422,6235800
2016-01-15,83.11697179283145,84.23979394594373,82.862217515401,83.70197296142578,6459800
2016-01-19,84.50397139155747,84.67380994731552,80.6637397351189,81.35253143310547,10175200
2016-01-20,79.92777098902364,81.10720334430734,78.80494908321474,80.32405853271484,11672100
2016-01-21,80.41840830154568,82.58855923058762,79.78622717127341,81.25816345214844,5989700
2016-01-22,82.77728921839099,83.81518832186703,82.4659173277429,83.03204345703125,4912500
2016-01-25,83.06033733852955,83.21130812501706,81.75824669914971,81.87146759033203,5110500
2016-01-26,82.08847045898438,82.56024327771416,81.52234451624501,82.08847045898438,4872500
2016-01-27,81.9847258876787,82.1356967297918,79.57868028197446,80.02214813232422,6750900
2016-01-28,80.52220839964797,80.81471254100425,78.64455396353968,78.72003936767578,9169600
2016-01-29,76.85181128482361,84.21147224264611,76.42721850593092,84.00389099121094,16410500
2016-02-01,83.52268184583252,84.1642933607231,82.3055139413264,83.62647247314453,5956400
2016-02-02,82.73010859906863,82.78671905208942,80.55051977355669,81.07890319824219,7096900
2016-02-03,81.6733403681965,81.86205388951406,79.69189518581321,81.58842468261719,5253600
2016-02-04,81.37140646088787,81.96584505854021,80.89963345255924,81.45632934570312,4490600
2016-02-05,81.18268948416161,81.44688118236857,77.54060176188808,78.08786010742188,8474000
2016-02-08,76.84238705266091,77.12544652795809,75.36102014935021,76.09698486328125,9213800
2016-02-09,74.4174843859693,78.5313460069227,74.08723748808268,77.34247589111328,7802700
2016-02-10,78.37093264023927,80.05044345811011,78.24827424521767,78.60681915283203,4858900
2016-02-11,75.62518449038289,78.11614440424138,75.46478345925671,77.47453308105469,6285400
2016-02-12,78.89928780829499,80.45613233167037,78.60678376924015,80.09758758544922,5213300
2016-02-16,81.25818599002432,81.70164657338093,80.54108899781501,81.3147964477539,4908000
2016-02-17,82.02245986444733,82.65463400143854,81.7016504584598,82.28665161132812,4143400
2016-02-18,81.6922168297887,82.51309726696891,80.98455730880721,81.18270111083984,3551500
2016-02-19,80.81470858096077,81.95639826750843,80.40898355196582,81.89035034179688,3490500
2016-02-22,81.89034678330181,83.24905513739357,81.89034678330181,82.86219787597656,3010800
2016-02-23,82.33380453475623,82.89049307441809,81.07888695387001,81.34307861328125,4236900
2016-02-24,80.33350676508019,81.86205389375,79.81455357978604,81.54124450683594,3361300
2016-02-25,81.66392170732281,82.49423972317324,80.69206313133738,82.48480224609375,3280500
2016-02-26,83.13582021742549,83.588718165824,82.55081923550406,82.62630462646484,3294900
2016-02-29,82.3715371795355,83.81516085568563,81.99411748412872,82.01298522949219,4302900
2016-03-01,82.81501011119794,85.04177873241034,82.76783714131203,85.01347351074219,4967500
2016-03-02,84.69267976253178,85.0040444303075,83.96614540745969,84.81533813476562,3898300
2016-03-03,84.66438258961564,85.0512326918709,83.900105463016,84.67381286621094,4202500
2016-03-04,84.91913604586753,85.44751947768505,84.44736306783493,84.96631622314453,3181300
2016-03-07,84.62666852959062,84.68327900306022,82.50368939023814,83.31513977050781,4939800
2016-03-08,82.52251634446192,82.80558296921869,81.90921012327776,81.94695281982422,4251700
2016-03-09,82.2866136277896,82.65459584803926,81.80540334027779,82.25830841064453,3477800
2016-03-10,82.71123744167384,83.22074589524863,81.07889985951061,81.98470306396484,3239100
2016-03-11,82.94712588346233,84.1265582920065,82.82446030581589,83.57929992675781,4003200
2016-03-14,83.53211880680733,84.09824491677297,83.05090837392872,83.8529281616211,4407400
2016-03-15,83.3717008568059,84.63604867324021,83.2207300854022,84.31524658203125,4468800
2016-03-16,84.18315631363272,85.22105524015959,83.99444283692043,84.92855834960938,3005000
2016-03-17,84.84364602583024,86.48542108311663,84.59832927365234,86.2495346069336,4568900
2016-03-18,86.81565729476596,87.22138230578719,86.2872667137974,87.09871673583984,5972900
2016-03-21,86.67414665827297,87.40067399905328,86.39107994443435,87.13648223876953,3176900
2016-03-22,86.5042723047905,87.00435038695555,86.37217647926323,86.57975769042969,3541300
2016-03-23,86.69300753305207,87.41954201485905,86.46655849916385,86.92889404296875,2816100
2016-03-24,86.14576501702619,86.77793919988005,86.14576501702619,86.72132873535156,2618700
2016-03-28,86.97604662757294,87.08927470793311,86.03250088728626,86.089111328125,2304300
2016-03-29,86.07026119918743,87.78751451008094,85.95703309564963,87.54219055175781,3326300
2016-03-30,88.26872133634653,88.8537151839538,88.03283486265099,88.5140380859375,3477900
2016-03-31,88.3913699491473,89.58023966090487,88.2403991672872,89.16507720947266,5647100
2016-04-01,88.36309025974977,90.68421271141456,88.22155691053061,90.457763671875,5276900
2016-04-04,90.58985482330502,90.67477050919963,89.12735562207406,89.68405151367188,4449900
2016-04-05,88.78770351786511,90.02375403990584,88.5895596628861,89.02359008789062,5378300
2016-04-06,89.06138239374462,89.66646978461323,88.7210198347297,89.58138275146484,3334200
2016-04-07,89.03299726781353,89.11809149239889,87.96464169456922,88.40900421142578,3046500
2016-04-08,88.95738248862396,89.49629588574804,88.32393275218749,88.67375183105469,2564000
2016-04-11,88.7966501180211,89.51519403939567,88.29556284070294,88.37120056152344,3858200
2016-04-12,88.64537040825437,88.86281981093668,88.05918896763278,88.73991394042969,2673700
2016-04-13,89.34500508520063,90.52681732177734,89.24100503132512,90.52681732177734,3698600
2016-04-14,90.49847008684097,91.49118820332914,90.2053829114793,90.92391967773438,3292200
2016-04-15,90.99954606759873,92.00172057840179,90.89554600932185,91.40608978271484,4127600
2016-04-18,91.36830477870464,92.45557392787782,91.33048590593548,92.34211730957031,3079700
2016-04-19,92.65409851255833,92.80537397247112,91.0941045949598,91.93555450439453,3635900
2016-04-20,92.33264146612356,93.03227237825755,91.75591644525855,92.5595474243164,3627300
2016-04-21,92.60683857122082,92.7392010141119,92.03956992837163,92.21920776367188,2913600
2016-04-22,91.13191960499014,93.11736304648846,91.13191960499014,92.13409423828125,7176300
2016-04-25,91.51009000708792,92.01117726339896,91.27372754934048,91.68972778320312,3276100
2016-04-26,91.85991248531786,92.2853620399303,91.45336875422174,91.96390533447266,2929200
2016-04-27,91.93554675503411,93.23081572181641,91.2831912254782,93.01335906982422,5211900
2016-04-28,92.59735089815106,94.54497507650002,91.45335756531051,91.8788070678711,6261400
2016-04-29,91.54791999194859,92.33264517820999,90.83883253252917,91.69918823242188,5338500
2016-05-02,91.85047111043309,92.59737749364639,91.22647063336457,92.4366455078125,3813100
2016-05-03,91.71809361024687,92.21918088560436,90.68754950442766,91.18863677978516,3362100
2016-05-04,90.49846258940684,91.13191227028872,90.03519417342561,90.99954986572266,3187500
2016-05-05,91.08464466862779,91.54792033737485,90.72537628458886,90.94283294677734,2848600
2016-05-06,90.57409652970945,91.48172750022708,90.43227761267643,91.40608978271484,2042700
2016-05-09,91.52902625972088,91.94502663188739,91.23593902290112,91.44393920898438,1972600
2016-05-10,91.50061058674673,92.37042248237566,91.41552358559537,92.3136978149414,1903500
2016-05-11,92.31372480210217,92.50281189096636,91.1035501216672,91.15082550048828,2540600
2016-05-12,91.46285671487469,91.53849446732727,90.0446813158478,90.62140655517578,4216800
2016-05-13,90.37555338264838,91.02791612840099,89.9501038086769,90.1581039428711,3371600
2016-05-16,90.38501368085686,91.25482590275763,90.24319474586613,90.90501403808594,2273600
2016-05-17,90.7442623679705,91.03734945701602,90.06353745245066,90.3849868774414,3463300
2016-05-18,90.12973759279619,90.92391201909237,89.69483151936589,90.41336822509766,2469900
2016-05-19,89.9501036612613,90.29046620516482,88.94792906710667,89.53410339355469,2268900
2016-05-20,89.97845476809565,90.65917977089542,89.84609237457451,90.26209259033203,2446700
2016-05-23,90.29991529752503,90.50791541427206,89.80827734644848,89.89337158203125,2231800
2016-05-24,90.31883630981802,91.46282993110968,90.12974919727151,91.2170181274414,2446500
2016-05-25,91.50063696704134,91.61409354782815,90.89554962926513,91.18863677978516,2689500
2016-05-26,91.27372721697476,91.45336499243581,90.8293646439141,91.12245178222656,1738300
2016-05-27,91.26426328723201,91.8788070678711,91.12244438197543,91.8788070678711,2724300
2016-05-31,91.87882249619194,91.89772832056988,90.38500990797156,90.66864776611328,4028800
2016-06-01,90.6686440467115,91.273731386929,90.0541001880878,91.15082550048828,2677500
2016-06-02,91.01845172491198,91.59517669677734,90.77263996325868,91.59517669677734,2662100
2016-06-03,90.96172330371418,91.33990466182972,90.12973008642756,90.79154205322266,2814800
2016-06-06,91.14134971392542,91.68025573778952,90.74426258333263,91.36825561523438,2160700
2016-06-07,91.32099554721113,91.86935817936025,91.17918384338788,91.40608978271484,2394900
2016-06-08,91.37771602277397,92.64461517333984,91.30207831471392,92.64461517333984,4365200
2016-06-09,92.19083000720045,92.3042793888841,91.68974266953515,91.72755432128906,2044700
2016-06-10,90.76317969704388,90.84826671566933,89.72318637232381,90.01627349853516,4080700
2016-06-13,89.56246178197864,90.41336082242502,89.02355569019821,89.05191802978516,3082200
2016-06-14,88.74937428275997,89.18428032007846,88.25773635312382,88.97628021240234,5338200
2016-06-15,89.2126539618958,89.34501637205683,88.248291015625,88.248291015625,4025900
2016-06-16,87.86066807787087,88.95738631813035,87.02867468135639,88.94793701171875,4976200
2016-06-17,88.85338969182463,89.07083914145774,87.63375838776057,88.2010269165039,6941700
2016-06-20,89.34502787053852,89.98793417972269,89.10866536294449,89.20320892333984,4949500
2016-06-21,89.51519393845928,90.10137545434203,89.3166503314369,89.92173767089844,4203000
2016-06-22,90.03519026431836,90.17700196790341,88.92900848388672,88.92900848388672,2876700
2016-06-23,89.95954883962813,90.48899841308594,89.44900508813261,90.48899841308594,2992400
2016-06-24,86.48977268219207,88.04975947490267,86.16831591828272,86.48031616210938,8356800
2016-06-27,85.34576448058658,85.84685901710502,83.97486492764246,84.21122741699219,7444800
2016-06-28,85.35520931744581,85.56320943371868,84.82575972199467,85.4875717163086,4820400
2016-06-29,86.07376446763347,87.17993917994265,85.89412666858455,87.10430145263672,3987900
2016-06-30,87.55812515729289,87.68103106064953,82.81196211354543,83.2563247680664,12706800
2016-07-01,84.29629865748741,84.59884227275502,83.45484178890285,84.00320434570312,8342100
2016-07-05,83.31304142081193,84.4664841516085,83.1239471273299,83.4264907836914,7077000
2016-07-06,82.58323466374601,82.98117874230314,82.10001272334077,82.27056121826172,9412800
2016-07-07,82.38426223556108,83.68232628960628,82.38426223556108,83.19910430908203,4707200
2016-07-08,83.78652740865127,84.03287679277885,83.32225940795892,83.90969848632812,5621800
2016-07-11,84.37397917290416,84.62032134419071,83.97602791779832,84.08972930908203,5274700
2016-07-12,84.40243483359356,85.34992510187698,84.2034627447073,85.27412414550781,6122200
2016-07-13,85.70996149566278,85.80470906865955,84.93301983104692,85.59626007080078,3996900
2016-07-14,86.52478575158437,86.83745918374665,85.75732117152698,86.64795684814453,4240100
2016-07-15,87.19752652522686,87.19752652522686,85.95631661130086,86.15528869628906,3262400
2016-07-18,86.39216354653612,86.82800820549653,86.07001309413585,86.79010772705078,3407300
2016-07-19,86.42054479614306,87.55753690663728,86.42054479614306,87.52910614013672,3423800
2016-07-20,87.6996927890474,88.53348881228804,87.31122555630944,88.40084075927734,3794100
2016-07-21,88.1165878931261,88.7514045871272,87.19752124989462,87.60494232177734,4305900
2016-07-22,87.79443798067591,88.74192810058594,87.27331552321502,88.74192810058594,4348200
2016-07-25,88.68507742741764,88.68507742741764,87.68074017219053,88.11658477783203,3773500
2016-07-26,87.90814720494582,88.75141297760054,87.87972365309095,88.52401733398438,4469600
2016-07-27,88.61875285299867,89.34832431891932,87.87971169026693,88.82720184326172,5696800
2016-07-28,90.01153905171579,91.43277387884814,89.5946411892159,90.968505859375,5209400
2016-07-29,91.02534804550776,91.05377158391842,90.12523559489249,90.23892974853516,4364100
2016-08-01,90.22947509847828,90.45687067245001,89.49042683271392,90.07787322998047,3512100
2016-08-02,90.03997176285012,90.38106873440691,89.53780322938454,90.24842071533203,3948600
2016-08-03,90.07787964273328,90.43792326288506,89.80310665810082,90.08735656738281,3006100
2016-08-04,90.09683803654204,91.00643497359461,89.82207224478039,90.87378692626953,2875600
2016-08-05,91.23383093938038,91.84970100645411,91.04432856478576,91.7928466796875,2632200
2016-08-08,91.90652328218796,92.00127082950748,91.55594940545379,91.69807434082031,2873000
2016-08-09,91.55596754579925,92.03918953027834,91.48017383019102,91.6222915649414,1937100
2016-08-10,91.64124672953096,91.73599429698184,91.17697858887843,91.23382568359375,2004700
2016-08-11,91.43278098666022,91.8307250342869,91.12010756547866,91.4612045288086,2971100
2016-08-12,90.92114439892926,91.34751925901517,90.49477676761875,91.07274627685547,1988600
2016-08-15,91.25279056487342,91.48966314528585,91.02539491173519,91.37596893310547,2081200
2016-08-16,91.14853774546694,91.20539206267878,90.44739714923956,90.5989990234375,2866200
2016-08-17,90.76008189515393,91.02537797926126,90.03998736059393,90.5705795288086,4054700
2016-08-18,90.29579527266985,90.83586425589306,90.07786940315626,90.26736450195312,3134200
2016-08-19,90.18211600467801,90.2863405032229,89.45255174364016,90.22001647949219,3090800
2016-08-22,90.19156306557637,90.9116501622752,89.96416029199082,90.76005554199219,2390800
2016-08-23,90.95905267784298,91.67914720226652,90.94957575246508,91.23382568359375,3099700
2016-08-24,91.23381206832754,91.40436055579775,90.38106963097647,90.51371765136719,2008100
2016-08-25,90.45688533777754,90.7790285174004,90.32423729572386,90.5705795288086,1983000
2016-08-26,90.80744218647077,91.90653410537817,90.74111817265913,91.40436553955078,3123100
2016-08-29,91.38540092876885,91.76439834682142,91.17695921617569,91.69807434082031,2590200
2016-08-30,91.7075557450322,92.08655318160265,91.28118091809985,91.9917984008789,2634100
2016-08-31,91.72651010830396,91.99180616766955,91.08221658036946,91.55596160888672,3499300
2016-09-01,91.59386808661894,92.56978175277439,91.44227342651297,92.49398803710938,4198100
2016-09-02,92.28554112039961,92.94878132716691,92.25711757279188,92.74980926513672,2572400
2016-09-06,92.67399567097604,93.71624046618919,92.56030149606197,93.6025390625,3879300
2016-09-07,93.31829227104531,94.3700067966269,93.10037360936285,94.34158325195312,4198200
2016-09-08,94.22788097259571,95.38381997046882,94.17103388377417,94.73005676269531,4605400
2016-09-09,93.87732086753849,94.4552904069922,92.99615478515625,92.99615478515625,5458500
2016-09-12,92.41818409912467,95.05220538853294,92.37080670318971,94.85323333740234,4264300
2016-09-13,94.13316580233356,94.80588309035224,93.78259899561805,94.17106628417969,4732200
2016-09-14,94.12368018523509,94.39845323166927,93.21409039123428,93.52676391601562,4400300
2016-09-15,93.39409133430007,94.57845386376455,93.2803899291124,94.24683380126953,3485700
2016-09-16,93.84887383941118,94.45526677354397,93.41302214102764,94.14259338378906,4498800
2016-09-19,94.70161989325427,95.1185177945092,94.1994513642562,94.44580078125,3056900
2016-09-20,94.9858765091856,95.62069310107408,94.75848092364464,95.21327209472656,3848700
2016-09-21,95.51645813829768,95.99020310631428,94.72057006184158,95.94283294677734,3251900
2016-09-22,96.23656798955764,96.86191491771346,96.17972089746192,96.7576904296875,3390600
2016-09-23,96.56821117367427,96.73875971953204,95.93339439750599,96.32186889648438,2759400
2016-09-26,95.52595597653047,96.48292304550286,95.45963195563789,95.84810638427734,3468900
2016-09-27,95.69648853815984,96.31235847450694,95.27959063132027,96.12285614013672,3547700
2016-09-28,96.10393232463305,96.24605730194041,95.53543964418026,96.17973327636719,3629500
2016-09-29,96.2460548575134,96.93771864538503,95.30803436837438,95.32698822021484,3010000
2016-09-30,95.48805037003575,96.86191534149079,95.39330280653644,96.42606353759766,5503900
2016-10-03,96.06602057177602,97.00403374585055,95.92389561115242,96.53028869628906,3696700
2016-10-04,96.67240232123007,96.84295080822493,95.73438925714575,95.90493774414062,2881900
2016-10-05,96.1802515890994,97.46176751169074,96.1802515890994,97.2054672241211,3768100
2016-10-06,97.20544041954477,97.9363765689151,96.84471247574653,97.71804809570312,3875600
2016-10-07,97.8224927813787,98.24016758047834,96.80677192428713,97.06307220458984,4225600
2016-10-10,97.49024643225549,98.12626427385396,97.34786140434778,97.44278717041016,2376500
2016-10-11,97.33833792452343,97.42376891605213,95.70558915763668,96.20870208740234,3412900
2016-10-12,96.40805981172598,96.7403107980726,95.92393631723372,96.21820831298828,3467800
2016-10-13,95.63913807703028,96.34159721221401,94.71834323155421,95.5442123413086,3657400
2016-10-14,95.9713913388287,97.0155890205825,95.69610160813876,95.7625503540039,3280200
2016-10-17,95.83848267506417,96.1232671197857,95.5157337305911,95.73406219482422,1975500
2016-10-18,96.61689436996679,96.93965058716613,95.93341743224578,96.5694351196289,2623700
2016-10-19,96.63589922303825,97.63263054699077,96.47451746760403,97.51872253417969,3305200
2016-10-20,97.57567023814138,98.12624973906988,97.15798823848934,97.34784698486328,2945300
2016-10-21,96.94913720427816,97.77500637019217,96.7877627183408,97.63261413574219,3018800
2016-10-24,97.9174115504163,98.64834782842166,97.73704754677553,97.95538330078125,2565600
2016-10-25,97.95535093484506,98.00281017534185,97.10100493984982,97.66107177734375,4869300
2016-10-26,97.35734079054508,98.21168709858729,97.32886378733886,97.9838638305664,3356000
2016-10-27,97.95536103718665,99.0090533326222,97.95536103718665,98.34455871582031,5096100
2016-10-28,99.72101369607377,102.35998835853755,99.3033317521317,101.47716522216797,9282800
2016-10-31,101.95179237083428,103.40417706039054,101.06896931058276,101.591064453125,5820000
2016-11-01,101.57209759722771,101.6860128373003,99.47420747855631,99.63558197021484,7076500
2016-11-02,98.99006099437695,99.67353784120999,98.7242660522461,98.7242660522461,3527500
2016-11-03,98.26862154918092,99.16093943138057,98.2591340449143,98.51543426513672,3127300
2016-11-04,98.62934351667292,99.13245642234183,97.80347442626953,97.80347442626953,3067200
2016-11-07,99.27486898303086,100.65131050667016,99.22740248537265,100.5848617553711,3067500
2016-11-08,100.3760302249151,101.06900204731159,100.1766839522077,100.33805847167969,2864300
2016-11-09,99.58811010910378,101.04998233856846,98.59137180119045,100.80317687988281,4775000
2016-11-10,101.24938329052331,101.70502992212643,97.2529406804295,99.1989517211914,6584300
2016-11-11,98.59137939734102,99.73050277211986,98.4015279156678,99.31282806396484,3300300
2016-11-14,99.69252578189862,99.76846926751999,95.26892275881053,96.00935363769531,7106800
2016-11-15,96.23718244702552,97.76551078275155,96.23718244702552,97.28138732910156,4633100
2016-11-16,97.23390963326752,98.7242660522461,97.23390963326752,98.7242660522461,4567900
2016-11-17,99.10399948506455,99.91087924665844,98.47747648090909,99.15145874023438,3096800
2016-11-18,99.3413265435468,99.76849609086757,99.01857026406579,99.46472930908203,3275000
2016-11-21,99.46472080546494,100.62283382525187,99.37928980025315,100.56587982177734,2650800
2016-11-22,100.62282234011744,100.74622508101724,99.42673770707889,100.5563735961914,4570100
2016-11-23,100.2431414652072,100.53742076789179,98.99959721821206,99.25589752197266,4952300
2016-11-25,99.31282377801759,100.36651611328125,99.22738554529296,100.36651611328125,1566900
2016-11-28,100.07223502668465,100.07223502668465,97.82246541466859,98.11673736572266,5401700
2016-11-29,98.4205158977297,99.07551585967035,98.097759669248,98.55341339111328,3356600
2016-11-30,98.28760725621653,98.99006639047865,96.23717660394524,97.01557922363281,6889200
2016-12-01,97.13898108465581,97.37629902501173,94.46203500713573,95.0980453491211,5452100
2016-12-02,95.16452521658312,96.00937678126084,94.75633793593435,95.97140502929688,3981100
2016-12-05,96.70234938610199,98.41103478448929,96.63590063020422,98.29712677001953,5427900
2016-12-06,98.55341939043309,98.70530638775752,96.63589312462136,96.82574462890625,4975200
2016-12-07,97.79398629588358,100.2146324968544,97.41428333620713,99.9108657836914,5423500
2016-12-08,99.84441637279623,100.13868833728549,98.591377784095,99.50267791748047,3024700
2016-12-09,99.49319788634006,99.76848764063712,98.72428986933942,99.11349487304688,2541000
2016-12-12,99.0470356197296,99.10399686374572,97.92690162805643,98.04080963134766,3827700
2016-12-13,98.31609912400408,99.2938481090513,97.71806038114998,98.07878112792969,4297700
2016-12-14,97.68958363137234,99.52167161309775,97.68958363137234,98.04080963134766,3515800
2016-12-15,99.1324849484701,100.3475520685687,98.72429765883965,99.0565414428711,3774100
2016-12-16,99.50269217031982,99.50269217031982,97.82248389298444,98.1832046508789,4659700
2016-12-19,98.43948501108103,98.91412092192013,98.20216705566149,98.28760528564453,2980900
2016-12-20,98.77174386871559,99.25586732211515,97.91739771217252,99.23688507080078,2354400
2016-12-21,99.17992219216252,99.64506335259074,98.62934280254674,98.8856430053711,1952500
2016-12-22,99.1324317377803,99.44569309845033,97.9268600135815,99.01851654052734,2463900
2016-12-23,99.00908710073561,99.82546172054009,98.73379731104605,99.39828491210938,1610700
2016-12-27,99.57864463349595,100.28110395889142,99.38878586827329,99.48371887207031,2160700
2016-12-28,99.38879429236108,99.46473780488704,98.2876423302226,98.42053985595703,2552300
2016-12-29,98.54392267630786,99.07551991396602,98.1926966761516,98.50595092773438,2858600
2016-12-30,98.5913855720122,98.78123706557561,97.75602886101488,98.0123291015625,3834700
2017-01-03,99.11347982637253,100.56586463460376,98.82869536726577,100.04376220703125,4711300
2017-01-04,99.99631865779828,101.33479578335934,99.54067210953546,100.99305725097656,3299000
2017-01-05,101.83012003651443,102.87648130196509,101.268885350873,101.77304077148438,3262200
2017-01-06,102.08697617065849,102.8384559029318,101.65892149433813,102.50552368164062,3044600
2017-01-09,102.50553021953898,102.87651289797908,102.07746825853832,102.30577087402344,2500700
2017-01-10,102.30577091930957,103.2760316347258,101.70648562511906,102.08698272705078,3162200
2017-01-11,101.82063441140576,102.59113576213717,101.62087507074867,102.55308532714844,2499000
2017-01-12,102.4198752502959,103.55185169377215,102.07742871709932,103.40916442871094,3288500
2017-01-13,103.33307939961789,104.06553741891281,103.23795696081224,103.39966583251953,4661900
2017-01-17,102.95261756149378,103.55189562011148,102.36284666917082,103.11432647705078,2898200
2017-01-18,103.40918326348533,103.89431715010458,102.64819647351368,103.36162567138672,2652300
2017-01-19,103.53285021513692,104.03701298590511,103.04772354605042,103.23796844482422,1885300
2017-01-20,103.91335802450091,104.63630177794174,103.59945463477469,104.59825134277344,4173300
2017-01-23,104.31289080546148,104.61728704939043,103.80872794945454,104.28434753417969,3678200
2017-01-24,104.45555904547174,104.75995525492807,103.8562810492422,104.56019592285156,2899600
2017-01-25,105.26410770720267,105.65411191033824,104.06554457517484,104.81702423095703,3848300
2017-01-26,104.60777419889412,104.94070646173313,103.68507102946957,104.04653930664062,2568700
2017-01-27,104.22725375410376,104.48408508300781,103.60894697152617,104.48408508300781,2591600
2017-01-30,104.03703017689723,104.21776068338279,102.82895237219098,103.97044372558594,4304400
2017-01-31,100.8028093831894,101.87770696201065,100.35572584148281,101.14525604248047,6470200
2017-02-01,101.43061341517605,101.54476470947266,98.93837184407748,99.88009643554688,6149100
2017-02-02,99.8040013900979,100.34620736920007,99.5091196010323,100.01327514648438,4112000
2017-02-03,101.12621043065379,102.29623753215118,100.45083164718255,101.38304901123047,7132600
2017-02-06,101.38307095875551,101.4211213958699,100.53646869075213,101.392578125,3445100
2017-02-07,101.78257377556626,101.92526107812904,100.86938519949324,101.4020767211914,3204800
2017-02-08,101.35451883317242,101.68745103327434,100.64108957979217,101.51622772216797,2993600
2017-02-09,101.51623461524267,102.2962503616073,101.30696085886075,102.06795501708984,2679200
2017-02-10,102.305743544211,102.39135155911478,101.97280413324746,102.03939056396484,2078400
2017-02-13,102.44843225381808,103.04771743845377,102.29623779529508,103.00015258789062,2337100
2017-02-14,102.74333424448736,103.88481822844383,102.50552447638158,103.57090759277344,2336800
2017-02-15,103.68504502358392,104.69335598310394,103.46625687294873,104.3128662109375,2920000
2017-02-16,104.39849844724725,104.82655316890855,103.58043218406347,103.97044372558594,2146400
2017-02-17,103.91332567393286,104.63626920230503,103.6660088084019,104.08454895019531,2850900
2017-02-21,104.11309664790116,104.86457626383138,104.00845978635537,104.78848266601562,3117200
2017-02-22,104.4460385179453,105.02629485195212,103.83724617691801,104.10359191894531,3049300
2017-02-23,104.47459376929453,105.34973201355048,104.25580557954129,105.34021759033203,4162200
2017-02-24,105.14996296172986,105.58753204345703,104.82653791857108,105.58753204345703,2471700
2017-02-27,105.01678080644557,105.57800829952981,104.40798846323881,105.1784896850586,2361200
2017-02-28,105.11191059974045,105.46387164607881,104.62677667259898,105.07386016845703,3367200
2017-03-01,105.98704656083682,107.41390504633235,105.3782541876156,106.83364868164062,3218700
2017-03-02,106.72900910794854,106.81462438874539,105.87289984424429,105.90143585205078,2690800
2017-03-03,105.86338822789817,106.38656531876194,105.54947761895338,106.29144287109375,2938200
2017-03-06,105.72069605794081,106.33900282536952,105.59703760740597,105.92996978759766,2175800
2017-03-07,105.93950340505856,106.25340679904495,105.34021811474759,105.54949188232422,2474200
2017-03-08,105.86340904464923,106.01560353937,105.38778945540598,105.56852722167969,2355400
2017-03-09,105.66363944173594,105.93949964763205,105.25460634435596,105.38777923583984,3195400
2017-03-10,106.01559546324269,106.11072517974767,105.21655809772555,105.78730010986328,2735400
2017-03-13,105.86338711061232,106.34852102319074,105.71118539004753,106.09168243408203,3123000
2017-03-14,105.90144631783319,106.03461920567597,104.75995509112326,105.10240173339844,2891400
2017-03-15,105.64461919611443,106.93830503931169,105.1024131631111,106.55780792236328,3305500
2017-03-16,106.64341014060703,107.46147630162376,106.13925460687351,107.17610168457031,2746400
2017-03-17,107.34729917100707,107.96560585424672,107.26169116091874,107.32827758789062,4119200
2017-03-20,107.31879913312599,107.48050804462564,106.39609600916647,106.92879486083984,2435400
2017-03-21,106.92877129737798,107.27121063440642,105.04531502814775,105.31166076660156,3734000
2017-03-22,105.57802536858524,106.45317085363688,105.38778045209222,106.01559448242188,2576200
2017-03-23,105.88241160648,106.96682349448092,105.84436117529323,106.15827178955078,3107000
2017-03-24,106.51022282240564,106.98584228146265,106.22484824402063,106.51973724365234,3221900
2017-03-27,105.3021781196625,106.82416666844018,104.95022425509555,106.48171997070312,2724200
2017-03-28,106.35802627318218,107.25219322196105,106.03460850886994,106.98584747314453,2986100
2017-03-29,106.56731969986937,106.8526943448392,106.08218570637216,106.59585571289062,1783800
2017-03-30,106.53877326484596,107.20463769480006,106.12974018433759,107.17610168457031,2029400
2017-03-31,107.1285347692612,107.66122626689422,106.95731146539667,106.98584747314453,2507700
2017-04-03,107.2046360395484,107.4614746424065,105.92997921978056,106.7670669555664,3170100
2017-04-04,106.75755452439138,107.34731805061612,106.44364391743964,106.62437438964844,2169700
2017-04-05,106.98655483446079,107.87294707183945,106.65296792182352,106.81499481201172,2486600
2017-04-06,106.81500674781535,107.32968687267434,106.47188666457602,107.15812683105469,2238500
2017-04-07,106.91983601417425,107.46310819934934,106.5957749665062,106.97702026367188,1995100
2017-04-10,107.02468393585148,107.76810830261587,107.02468393585148,107.05327606201172,1862800
2017-04-11,106.6529819813061,107.29156376562813,106.24314449985386,106.85313415527344,2045800
2017-04-12,106.41470885572565,107.03423166975936,106.1287730118176,106.24314880371094,2651200
2017-04-13,106.01439305719195,106.92937747869952,105.8047077638288,106.0048599243164,2690300
2017-04-17,106.5290559912236,107.45357345973378,106.30031172500586,107.38685607910156,1731200
2017-04-18,107.21530435784146,107.86341922198378,106.84359216960613,107.243896484375,2141000
2017-04-19,107.21528482244408,107.85387370915284,106.8531058329281,107.02466583251953,2242400
2017-04-20,107.60606205272349,109.51228101815119,107.38684367217405,109.21681213378906,3459600
2017-04-21,109.41700426074624,110.1890208457971,108.66404667152669,108.91184997558594,4067400
2017-04-24,110.37009705288497,110.55118293620662,109.60760644720122,110.2747802734375,3207800
2017-04-25,110.89433958519751,111.01824853071889,110.45590988729136,110.68465423583984,2873700
2017-04-26,110.60840216157479,111.09448295458559,110.51308535825395,110.72277069091797,2202700
2017-04-27,111.04680728602358,111.80929064254263,110.675095104495,111.60913848876953,3350800
2017-04-28,111.31367772917197,111.86648307550506,110.62743761257221,110.86571502685547,3536000
2017-05-01,111.07542567618731,111.79025808225126,110.77043080713274,110.91339874267578,3556600
2017-05-02,112.30491902743418,114.09676266688034,112.13335898853455,112.5813217163086,6802600
2017-05-03,112.62898552731188,112.97210564376599,111.08495227491926,111.82837677001953,3640900
2017-05-04,112.03803251979465,112.54317942688719,111.418509846858,112.39067840576172,2560400
2017-05-05,112.72427821410027,112.82912086022304,111.70445115134675,111.99038696289062,2335900
2017-05-08,112.19055495767644,112.19055495767644,110.93245029827519,111.14213562011719,2562400
2017-05-09,111.16117031392017,111.42804711078661,110.59883913887654,110.95149230957031,2350700
2017-05-10,110.6655491633153,111.29459767784512,110.5702396637379,111.18022918701172,1812500
2017-05-11,111.11354585138577,111.39947443771634,110.35105507786905,111.06588745117188,2239000
2017-05-12,110.87524250623852,111.72350947610401,110.703682485836,111.63772583007812,3195200
2017-05-15,111.85696476681996,113.00069359829355,111.59962105316552,112.66710662841797,2998200
2017-05-16,112.71476404356972,113.01022574693351,112.18101762477157,112.93397521972656,2375700
2017-05-17,111.7902333692454,112.38116397875146,111.18024376598416,111.32321166992188,4195000
2017-05-18,110.49402040295853,111.18026062862145,110.13184129348122,110.78948211669922,5088400
2017-05-19,111.4375716817234,112.36208914884884,111.04680053050542,112.0666275024414,4360500
2017-05-22,112.27631531838922,113.51535345228123,112.06663004006846,113.4200439453125,2578200
2017-05-23,113.45817376399371,114.30644077192356,113.3914563792683,113.99191284179688,2857100
2017-05-24,113.99192496467731,115.05941050545879,113.9252075728566,115.04034423828125,2509000
2017-05-25,115.34531730075548,116.73686367609487,115.27859992152543,116.20311737060547,4689200
2017-05-26,116.19358117156077,116.35560803932391,115.63124279238805,115.92670440673828,2141600
2017-05-30,115.60268069472808,116.07923556249183,115.35487012742888,115.94580078125,3405500
2017-05-31,116.18406727598895,117.21342743863678,115.46923504164732,117.11811065673828,4708500
2017-06-01,117.04186705288626,117.61373138427734,116.38421907237931,117.61373138427734,3279000
2017-06-02,117.60420422997858,119.42464723078761,117.56607896972787,119.32933044433594,3731900
2017-06-05,119.65339329101606,120.272916053869,119.37699060384628,119.99651336669922,4617400
2017-06-06,119.65337504670705,120.03462032507414,119.11963601998247,119.36743927001953,2712100
2017-06-07,119.59620400611232,119.9774420549277,118.91948974467078,119.3198013305664,3219700
2017-06-08,119.13871744596544,119.51996279612257,118.2427919638437,118.90997314453125,3332400
2017-06-09,119.06245043916792,119.08151670344395,116.00296947129345,117.2706069946289,3556700
2017-06-12,116.26032151888579,116.36515689336488,114.56378018682346,115.09752655029297,6574200
2017-06-13,115.55502085679956,116.95609331399919,115.41205294392508,116.58438110351562,3938200
2017-06-14,117.08953790462633,117.38500688843125,116.05065170921272,116.75595092773438,2940000
2017-06-15,115.39299842629984,115.92673756531384,114.26832861791293,115.7265853881836,3492600
2017-06-16,115.79331679687549,116.47002393622388,115.05942539189664,116.24127960205078,3804900
2017-06-19,116.87982303730297,117.34685195853802,116.52717715301598,117.31825256347656,2547100
2017-06-20,117.12764622515262,117.96638011309605,116.91796093525434,117.165771484375,3015300
2017-06-21,117.74717516732679,117.74717516732679,116.69875593423409,117.32780456542969,2384100
2017-06-22,117.10860274521069,117.72811829260753,116.55579732072829,117.51844024658203,2160600
2017-06-23,117.88059385664286,119.13869821896922,117.34685481554959,118.19512176513672,3381500
2017-06-26,118.34763404916681,118.73841253090697,117.41359058099556,117.72811126708984,2376700
2017-06-27,117.69953546436422,117.71860173383288,116.98470306396484,116.98470306396484,2516400
2017-06-28,117.4135931916067,119.0148178728669,116.82266252497662,118.95762634277344,2574900
2017-06-29,118.76700913580828,118.83372652890652,115.51690132658611,115.81237030029297,4147400
2017-06-30,116.06970833280488,116.67969801283677,115.5264360467874,115.75518035888672,3574000
2017-07-03,116.51766487843123,116.57484913549258,115.05940815016521,115.11659240722656,2314200
2017-07-05,115.6703886958247,116.64433859892368,115.65129492425662,116.47246551513672,3856500
2017-07-06,115.8613532280766,116.18600561757293,115.20251249086894,115.34574127197266,2702600
2017-07-07,115.90910798236956,117.17905877426003,115.60355662420004,116.68253326416016,2119000
2017-07-10,116.64435028589776,117.62784353086084,116.31969785736393,117.18861389160156,2886900
2017-07-11,117.26500425879715,119.07921882970462,116.96900339769975,118.62089538574219,3885700
2017-07-12,119.3561099709513,120.072246630777,118.97416896206049,119.62346649169922,2770400
2017-07-13,119.94811464813083,120.69289558236822,119.70940243664866,119.80488586425781,3330900
2017-07-14,119.89084746658739,121.7719013089952,119.89084746658739,121.27538299560547,2690800
2017-07-17,121.51408428073476,121.81963566556858,120.82659184362876,121.67640686035156,2291700
2017-07-18,121.37084354097244,122.37343779398563,121.26580957980272,121.96285247802734,3732800
2017-07-19,121.96287176847996,122.47849112716173,121.80054189423045,122.25886535644531,2550400
2017-07-20,122.60263293178599,123.02276891603152,122.16341045359671,122.66947937011719,2350300
2017-07-21,122.72672567376864,124.32132155879452,122.5262155675991,123.43331909179688,4375500
2017-07-24,123.54792306153098,124.03489085185164,122.79359869183729,123.67205810546875,3065400
2017-07-25,124.13035288797656,124.30221869076101,123.3855719362357,124.11125183105469,2476000
2017-07-26,124.05399567326938,125.25710031691408,123.90121631761382,125.07569122314453,3547800
2017-07-27,126.04008210608936,126.231049013494,120.83615738764708,123.10868835449219,4914500
2017-07-28,123.13732174670007,124.12081495763326,121.56181230454634,122.13472747802734,5257900
2017-07-31,122.22065283020085,122.65033189883958,121.647744977043,122.0296859741211,3347500
2017-08-01,122.85087568222556,124.11126878432357,122.69809634565628,123.64340209960938,4010500
2017-08-02,123.88213835047677,124.71285247802734,123.34741056888504,124.71285247802734,3578600
2017-08-03,124.51232028747694,124.6746574604682,123.40470637364015,124.02535247802734,2568100
2017-08-04,124.3404604525264,124.36910476212417,123.59567926330028,123.95852661132812,2208100
2017-08-07,124.1208193339261,124.60778704966795,123.70068346787181,124.49320983886719,1585600
2017-08-08,124.25449154853264,124.4263573563592,123.46196521615506,123.97757720947266,2062800
2017-08-09,123.2614395003935,124.15899978661693,122.955895432437,123.86299896240234,1789900
2017-08-10,123.3378213373897,123.56699030120082,121.82915844109942,121.90554809570312,2590400
2017-08-11,122.37346666491851,123.57657131047381,122.08700901506973,122.74585723876953,2484300
2017-08-14,123.39512298778483,125.36210944991502,123.17551181371822,125.171142578125,2793300
2017-08-15,125.48628160354734,126.03055264752534,125.03750130863861,125.6390609741211,2155600
2017-08-16,126.20235896746983,126.64159580816879,125.85861283078592,126.39332580566406,2000700
2017-08-17,126.19283223924475,126.51747736364324,124.91333822908292,124.97062683105469,2673000
2017-08-18,124.66508080037048,126.01142136220142,124.47411391787455,125.2188949584961,3167300
2017-08-21,125.4193622763152,126.12594087527523,125.20929443072369,125.98271942138672,1807600
2017-08-22,126.5270257902993,128.17892492061998,126.30741461713235,127.7587890625,2180100
2017-08-23,127.16676407741178,127.45322164914528,126.67979640435097,127.0617446899414,2006400
2017-08-24,127.21454774173839,127.43417353577657,126.02098630830285,126.95674896240234,2046600
2017-08-25,127.28138021422329,127.56783784079504,126.57478667799165,126.75621032714844,2215500
2017-08-28,127.13810514489586,127.94973240975769,126.71798393385413,127.80651092529297,2154700
2017-08-29,127.09038772862095,128.15027053462828,126.74664155992028,127.79696655273438,2122000
2017-08-30,127.88290951524394,128.17892492061998,127.453230413017,127.7587890625,3224500
2017-08-31,128.14073032520287,128.42718793344605,127.26227101113918,127.2813720703125,4374700
2017-09-01,127.79698359110158,127.85427219855009,127.12859222113707,127.22408294677734,2446600
2017-09-05,126.8421233754771,126.92805627903597,125.73449516348118,126.67025756835938,2726500
2017-09-06,126.98535277270425,127.62509974861486,126.60340449391182,126.88986206054688,3652100
2017-09-07,129.93589080950693,132.380302617048,129.52529804582576,130.36557006835938,7269000
2017-09-08,130.06954967356864,131.52092443094054,129.91677031598394,131.02439880371094,4451300
2017-09-11,133.06773758915438,135.57899475097656,132.89585721819816,135.57899475097656,5457600
2017-09-12,136.21873194313162,137.03990248571674,135.40710464331,135.98956298828125,3775000
2017-09-13,135.60764592257235,135.71267988519077,133.23961014169123,133.7743377685547,3613800
2017-09-14,133.20140522800386,135.39756034286293,133.07727022386675,135.08245849609375,4179400
2017-09-15,135.89406270696017,136.24735203431246,133.49738334403773,135.18746948242188,6152500
2017-09-18,135.26391031886484,135.2925546227445,134.16582524740167,135.01564025878906,2843500
2017-09-19,135.52169937144532,137.10675206545756,135.46441076777901,136.05642700195312,4179000
2017-09-20,135.82723123039753,136.61021417899,135.0347050396888,135.81768798828125,2749700
2017-09-21,135.29258371730418,135.7604504945121,134.8151591235215,135.32122802734375,2835300
2017-09-22,135.1111299902795,135.97048824002053,135.1111299902795,135.4835205078125,1860400
2017-09-25,135.65541787634206,135.68406218359553,132.1893110002629,132.31344604492188,5541200
2017-09-26,132.743158367015,133.0869047097245,131.53049563442246,132.12249755859375,3162600
2017-09-27,132.5331009835089,133.8507832614314,132.29438863107816,133.3638153076172,3716800
2017-09-28,133.14413209749148,133.87936982535405,132.57121693321244,133.86981201171875,2732000
2017-09-29,134.47135660676486,135.3402725008921,134.07986510679504,134.82464599609375,2603200
2017-10-02,135.49304683995373,136.47653999605754,135.08246882539112,135.4166717529297,2300700
2017-10-03,135.57903705142752,136.71529530962266,135.3021226367782,136.56253051757812,2514500
2017-10-04,136.28560232765432,136.5434156535485,134.9392762254078,135.67449951171875,3245700
2017-10-05,136.33436215230304,137.5010855747079,136.21003461948555,137.47239685058594,2723000
2017-10-06,137.23332598320152,137.5010971591886,136.53520931669482,137.25245666503906,3067400
2017-10-09,137.21416237415102,138.8399197217789,136.65948947344387,138.23744201660156,2557700
2017-10-10,138.4574264594271,139.97798733026838,138.4574264594271,139.2894287109375,2593400
2017-10-11,139.24166019928478,140.69527135914882,139.24166019928478,140.43707275390625,3341900
2017-10-12,140.41791432927744,141.6898347872347,140.04494626960843,140.33184814453125,3226200
2017-10-13,141.06815286978866,141.96710489365393,140.85775922197215,140.90557861328125,2337300
2017-10-16,141.57507710194375,141.57507710194375,138.8208568130665,139.83456420898438,2590100
2017-10-17,139.93971528673526,140.06404280712766,139.17464867093108,139.5571746826172,3002400
2017-10-18,139.46152221387982,140.36047421084373,139.24157053135536,139.80580139160156,2525900
2017-10-19,139.04078033626936,139.7388969606952,138.34266371184353,138.648681640625,4169900
2017-10-20,139.27027134256983,139.3658955382021,138.25656439580013,139.03118896484375,3547300
2017-10-23,139.62411069016773,140.1022754528053,138.95468294096125,139.2033233642578,2514500
2017-10-24,139.80582929572924,140.09273109983215,139.0025159181866,139.432861328125,2918400
2017-10-25,140.10227812334847,140.56131221834983,138.86861943289776,139.8536376953125,3439700
2017-10-26,140.58045313577023,140.9342904230644,139.95884472418345,140.1883544921875,2574900
2017-10-27,140.4179037262176,142.0341033935547,139.6815257077551,142.0341033935547,3491900
2017-10-30,144.69266223709897,144.86479454983302,142.09144472240362,142.44528198242188,6555700
2017-10-31,144.05192108399115,145.36208786424243,139.76755430354774,142.2731475830078,7613700
2017-11-01,143.4016313112541,144.87438717700644,142.2827273467822,142.38792419433594,4531700
2017-11-02,141.85240230084088,142.693977202226,141.02995808151493,141.77589416503906,3883600
2017-11-03,141.92887144082812,142.83738159114938,141.2594436770351,142.7704315185547,2338700
2017-11-06,142.69393190157683,143.88934378316074,142.45484952526007,143.53549194335938,3142900
2017-11-07,143.74589439911594,143.9084686738692,142.41659688913927,143.42074584960938,2683400
2017-11-08,142.94258106771227,143.6789589177145,141.72803843581295,143.42074584960938,3786800
2017-11-09,142.7513154341826,143.32510440639197,141.14467420864858,142.7704315185547,2716400
2017-11-10,142.49312512646358,143.2199304443025,142.2157959344719,143.00953674316406,1795900
2017-11-13,142.26360563935233,143.6407227878375,142.24448955126988,143.1529998779297,1750500
2017-11-14,142.76085709804104,143.91802213675098,142.54090541354975,143.40159606933594,3062300
2017-11-15,142.84694757842632,142.9808331386316,141.6324194938613,141.8523712158203,3058100
2017-11-16,142.49310979354806,143.96585095061013,142.11058379214876,143.76502990722656,2715400
2017-11-17,142.8087126732288,142.99041764697344,141.8045635920941,142.5122528076172,3186400
2017-11-20,142.83739299984637,143.7267725444012,142.71306547934353,143.02865600585938,2048700
2017-11-21,143.4207972327863,145.96463828604084,143.38253586476526,145.84986877441406,3999000
2017-11-22,145.7542436477813,145.8881292501634,144.3579955722798,144.6448974609375,2658600
2017-11-24,144.788300900041,146.3184341529929,144.59703789153008,146.06979370117188,1577500
2017-11-27,146.38540321717224,147.21740543793854,146.0506819645425,146.28976440429688,3260200
2017-11-28,146.80617013561078,147.89638543324583,146.66272651451413,147.45648193359375,3874500
2017-11-29,147.60949936451115,147.72425426230075,138.93558172655204,141.87152099609375,7217000
2017-11-30,142.7991222197324,144.56832296834935,141.73759593359043,143.89889526367188,6943700
2017-12-01,143.8319858156974,144.39623144766955,140.91519180785812,143.1529998779297,3933000
2017-12-04,143.37298369502423,144.0137230074917,137.1185922713955,137.16639709472656,7490100
2017-12-05,137.42457050201384,139.93016415737824,134.46951532730594,138.79212951660156,6807100
2017-12-06,138.73472072300302,141.6037090814225,138.3043607952966,140.98208618164062,3752000
2017-12-07,141.06818007592676,143.841544789997,141.06818007592676,142.9234619140625,3417900
2017-12-08,143.85110709734641,143.87023777661256,142.65569501078514,143.34425354003906,2521500
2017-12-11,143.6598193908054,144.6448376134397,143.5450645197972,144.29100036621094,3394800
2017-12-12,144.24320223857265,147.01655237464018,144.03280854908536,145.84027099609375,3360300
2017-12-13,145.84025263259122,146.73920472131215,145.03693933338846,145.0656280517578,3618700
2017-12-14,145.28557745621862,146.84439922761248,145.1516919084715,145.29513549804688,3016700
2017-12-15,145.98371103509072,146.911351936294,144.27188743151584,146.70095825195312,5067300
2017-12-18,147.40864202778798,147.89636486411857,146.3758043222366,146.4331817626953,3531500
2017-12-19,146.28016066643127,146.4714236400031,144.8169631671544,145.05604553222656,2712700
2017-12-20,145.8498123203165,146.0602059856861,144.44400673463355,144.8361053466797,1992500
2017-12-21,144.83613569351792,145.5820717206915,143.860675276278,143.95631408691406,2789000
2017-12-22,144.3483952652311,144.9030681962597,143.74590293468705,144.2623291015625,1892300
2017-12-26,144.0041256063045,144.73093091306293,143.34425578937888,144.67355346679688,1200700
2017-12-27,144.9413158029129,145.15170948805815,144.50141234665065,144.78829956054688,1730200
2017-12-28,145.2282170427394,145.95502230249477,144.59703598976574,145.14215087890625,1570600
2017-12-29,145.56296244509528,146.22281773660518,144.7500762939453,144.7500762939453,2258800
2018-01-02,145.37165569766532,146.71052587889432,144.5205229464087,145.27603149414062,3168900
2018-01-03,145.63943285705014,147.25563226570722,145.51511992806797,147.10263061523438,3732400
2018-01-04,147.79113388811524,150.5262364601851,147.580754852505,149.00567626953125,3247200
2018-01-05,149.3786627721196,152.09463500976562,149.3691047305358,152.09463500976562,2747700
2018-01-08,151.8935346160986,153.71341597158934,151.41461693145283,152.554443359375,3143100
2018-01-09,152.91843449608436,153.3590452648381,151.8552364872281,152.77476501464844,2573900
2018-01-10,152.516142089862,153.22494561916565,150.92614627260696,153.1195831298828,2416900
2018-01-11,153.34947018130433,154.3360395821227,152.71729524036928,154.1348876953125,2804000
2018-01-12,154.69039233031776,155.66738837419135,153.49309827203356,155.4853973388672,3041000
2018-01-16,156.74015061928057,157.02750410066747,154.50839286258986,155.4470672607422,4673400
2018-01-17,156.2421262046946,157.56394390649498,156.012255032493,157.39154052734375,3136000
2018-01-18,157.87997644793745,158.98148107255258,157.19033394047932,158.5025634765625,4150600
2018-01-19,159.2880027906426,159.91058984835226,158.196071205391,159.795654296875,2947800
2018-01-22,159.55620743485525,161.23241922463652,159.2784270107779,161.1845245361328,2275900
2018-01-23,161.3952342090382,161.8262571339931,159.62323320983907,160.14047241210938,3035300
2018-01-24,160.85884241280993,161.01209954925486,158.95274514371414,159.96804809570312,3912400
2018-01-25,160.92591430610605,161.80712108747667,160.08302912393853,161.48146057128906,2088900
2018-01-26,161.88373116575437,163.17681460600505,161.67300624044825,163.15765380859375,2191600
2018-01-29,162.9469087991748,163.60781738204645,161.1940687449426,161.443115234375,3082800
2018-01-30,160.35119732927055,160.9163166001093,159.28799965283216,160.14047241210938,4227100
2018-01-31,160.4469809515509,162.51590864419435,159.97765102271492,161.87416076660156,5815300
2018-02-01,165.2361843849233,169.26867796666042,163.78985815052138,165.6384735107422,6848400
2018-02-02,164.65191004664095,169.64223923368345,163.23431765541073,163.3588409423828,6556500
2018-02-05,160.31289705735585,164.7093723997574,157.0945697127037,157.65011596679688,7196000
2018-02-06,153.732585888829,162.21900834867913,150.1885977353458,162.1423797607422,7259900
2018-02-07,161.87417444685872,165.3319606513162,160.38952672855453,161.6155548095703,4364800
2018-02-08,161.65385421778868,162.10403794054943,153.69424587578487,153.8474884033203,6557700
2018-02-09,154.85323278436545,159.47000599308168,151.883952093175,158.23439025878906,6303000
2018-02-12,159.76693710316766,161.70176857584008,158.59837682302557,161.09832763671875,5227400
2018-02-13,160.27460600119574,163.56956225474437,159.9680916448615,162.94696044921875,3471000
2018-02-14,162.21897987495876,165.37983914935157,161.87415859747216,165.24574279785156,4203700
2018-02-15,166.61549147338118,167.33386813792472,164.13470089952276,167.3242950439453,3915000
2018-02-16,166.99860014374534,169.22077056937368,166.7974482882313,168.2437744140625,4213100
2018-02-20,167.506221933188,168.99085477853092,166.7016292695832,167.95640563964844,3750100
2018-02-21,167.95643924250808,168.91427461973277,165.01587761903255,165.05419921875,5999500
2018-02-22,166.03114791198777,166.5004924154607,163.5982529662459,165.6575927734375,5605800
2018-02-23,166.56753181702942,168.36826663085836,165.21699532206264,168.34910583496094,3093800
2018-02-26,169.05791811673922,170.628767309525,168.6364682770201,170.37014770507812,4088100
2018-02-27,170.22649631899648,171.61535462688036,168.511962890625,168.511962890625,3815900
2018-02-28,168.8567573107055,171.42376319097687,168.3395327447147,168.34910583496094,4145700
2018-03-01,168.9142289694225,169.87206408778522,164.89130977997598,166.17481994628906,4658500
2018-03-02,164.32623353492778,167.93727696766337,162.13279697112768,167.64035034179688,4190100
2018-03-05,166.78788001211882,171.71115329887945,165.61931967497182,171.00234985351562,4826500
2018-03-06,171.62487077935123,172.49650414971785,169.48890279061536,170.04444885253906,3820900
2018-03-07,168.34912777344536,172.13258891665967,168.1479905442285,171.65367126464844,2766100
2018-03-08,171.78774493031796,172.30496949538838,170.07321177797087,171.69195556640625,2235300
2018-03-09,172.6498003092228,175.59993457320965,172.38160761389724,175.51373291015625,4168900
2018-03-12,175.12102687718593,175.78193556217565,174.03866832841112,174.84324645996094,3589000
2018-03-13,175.73407403444162,175.98310599393832,172.55405327340554,173.37779235839844,3286600
2018-03-14,174.31646112050848,174.3260342124899,172.04638139585768,172.52529907226562,2820700
2018-03-15,172.95636021365826,174.48888821750447,172.42954777482595,173.32032775878906,2258200
2018-03-16,173.3777545000038,175.44668216153224,173.3777545000038,174.8528289794922,4605000
2018-03-19,174.1248998326157,174.6134052654386,171.55790784484412,172.96592712402344,3770000
2018-03-20,173.6651147310046,175.523317538913,173.57891306228473,174.81451416015625,2859300
2018-03-21,175.24554549868154,175.76277010800268,173.11915005348303,173.12872314453125,3238400
2018-03-22,171.6440585679597,172.65936150393972,167.72651625256333,168.11923217773438,4387300
2018-03-23,168.75141359001725,169.41232227550088,164.42200862249547,164.5848388671875,4324100
2018-03-26,167.93726308841107,169.9870300236486,165.76297288858876,169.69967651367188,5470100
2018-03-27,170.83949719671762,170.97359354821762,163.76109522491186,165.24574279785156,5069100
2018-03-28,164.9871019794057,165.63842285571553,161.44311490350947,163.16722106933594,5166600
2018-03-29,164.47948861470613,169.21119761506654,163.61744263987615,167.77444458007812,3719200
2018-04-02,167.2763451596134,168.35870365405918,161.91246198770847,164.36453247070312,4222400
2018-04-03,165.09248299768308,165.60013450702408,162.65000020599362,165.19784545898438,3612600
2018-04-04,162.04659263348202,166.67293955995245,160.85888604240574,166.36643981933594,4628300
2018-04-05,167.74570326516246,169.9583005026627,167.1805693220334,168.387451171875,3434100
2018-04-06,166.29636723577775,168.0037407088006,162.06630971902945,162.77610778808594,5005500
2018-04-09,164.28204697539294,166.9869810409411,163.1981472228986,163.38998413085938,3910700
2018-04-10,166.0757718916154,168.29152000853574,165.00147332249531,167.59130859375,3149900
2018-04-11,166.61291448398512,168.435401924792,165.09737784272372,165.3275909423828,2783000
2018-04-12,166.25802086440038,169.27949288558514,166.09495873539302,167.6680450439453,3065600
2018-04-13,168.819078678069,168.91500446362406,165.6537180256112,167.15966796875,3059600
2018-04-16,168.45458457440418,168.91501079887308,165.9127121602801,166.77598571777344,4668200
2018-04-17,168.5984339794946,171.87889322442422,167.5433090895097,171.06356811523438,4210200
2018-04-18,171.21711671986893,172.46407904059163,169.84546841243028,172.13795471191406,3150600
2018-04-19,171.7734192896256,172.2434322345154,170.98686880669408,171.70626831054688,3560400
2018-04-20,171.24584702104193,172.16668477372295,169.29867364519868,169.85501098632812,4233000
2018-04-23,170.8909791880446,171.07322942711406,167.5721426188033,168.27235412597656,4355000
2018-04-24,169.47134075177107,170.3058541714952,164.20534548177469,166.1717071533203,5369000
2018-04-25,166.29634831279358,166.77594787729834,163.68732551099026,165.43307495117188,3396200
2018-04-26,167.39944573061905,172.30095414750232,167.1116830481053,170.89093017578125,4784400
2018-04-27,171.25546065210878,171.69669883206174,168.0325499656782,168.7615509033203,3781000
2018-04-30,170.2482553084326,172.6558398055722,169.8741682409692,170.99642944335938,4323900
2018-05-01,170.9964651231733,173.00118816874783,169.69195347588547,172.8956756591797,4828300
2018-05-02,178.60290435562095,180.5692658216934,175.64856879459563,178.23841857910156,10133100
2018-05-03,177.06820565527624,180.22396507311055,176.4351305723313,178.87149047851562,5785700
2018-05-04,178.20960920270306,181.08720674254866,177.55736078572266,180.4925079345703,3593600
2018-05-07,180.61722019867545,181.7874444448313,179.97455846287164,181.38458251953125,4077300
2018-05-08,181.18312432855896,182.8809108984971,180.34862576329897,182.75621032714844,3396400
2018-05-09,182.73702848103602,183.85928975281223,181.2886430043781,182.85214233398438,2933900
2018-05-10,183.2454766985269,185.81613911888522,183.14956552468192,185.17347717285156,2821200
2018-05-11,185.125471278359,186.17099503868897,184.2046334786955,185.46119689941406,3301700
2018-05-14,185.60507183989293,186.77529620275268,183.77299759224297,184.2813720703125,2877200
2018-05-15,183.21666239978003,184.35811196698705,182.3917503741177,184.16627502441406,2747500
2018-05-16,184.82811115302778,185.0391361650093,183.62911205595972,184.53076171875,2109300
2018-05-17,184.2142664676045,184.58835368627294,182.81382876097067,183.39894104003906,2378300
2018-05-18,183.80175501387558,184.252579830832,182.62194403828823,182.63153076171875,4208500
2018-05-21,183.68670381660468,184.9624409049414,182.25749129593657,183.39894104003906,2632600
2018-05-22,183.37969257187635,184.7801298173986,183.05356836271977,183.80174255371094,2620200
2018-05-23,182.9577070151074,185.1254924871082,182.53565691841897,185.11590576171875,2529900
2018-05-24,185.0391554322186,185.50915376002743,182.24788173091005,184.0799560546875,2912900
2018-05-25,183.92645450375332,184.06074181207524,181.97928121497617,183.3701171875,2459600
2018-05-29,182.48769814970376,182.71791129025985,178.98662595821938,181.7970733642578,4545000
2018-05-30,182.660328757104,184.09912781016146,182.15195426258802,183.93606567382812,2764200
2018-05-31,184.06079382668156,184.58835648568225,182.07525844709016,182.36300659179688,4641400
2018-06-01,184.1950508622226,187.39877319335938,184.0703502625548,187.39877319335938,4194900
2018-06-04,187.94556062187482,190.02702187189615,187.26452250704185,189.6625213623047,3917200
2018-06-05,190.02701380684977,191.5617388635712,189.75843911735694,191.22601318359375,2655500
2018-06-06,191.70559097877208,194.9956378663705,191.6192665462265,194.91891479492188,3233100
2018-06-07,195.0819259115604,195.67662469518172,190.20919252064803,191.39859008789062,4084100
2018-06-08,191.07252610270956,192.34826311814174,190.8806891413697,191.8782501220703,2296700
2018-06-11,192.4249928015371,192.79907998321985,190.1708683502298,190.39149475097656,2616900
2018-06-12,190.9957532069412,191.9837272802544,190.1037049147381,191.9645538330078,2660500
2018-06-13,192.44416538822648,193.3937633534365,191.0821041021536,191.27394104003906,2686100
2018-06-14,192.48252065909142,193.17314532198637,190.9286224856876,191.17800903320312,2846900
2018-06-15,190.44902685569892,191.52332540454302,189.50901562546034,191.3890380859375,4162100
2018-06-18,189.5761711329367,193.23071854952545,189.35555936639935,192.9237823486328,2081300
2018-06-19,190.3627302724406,191.77274000591586,189.22128057923578,191.54254150390625,2666200
2018-06-20,192.31942542942318,195.1586612921572,192.07962564709223,193.31698608398438,3898600
2018-06-21,194.15152744531076,195.36969997819983,191.82066561207535,192.58802795410156,2678200
2018-06-22,193.3458147706981,193.63356285893184,191.46577765565672,193.2594757080078,2993600
2018-06-25,192.21396081555815,192.26192371121417,185.80651606112116,187.02468872070312,4780600
2018-06-26,188.17573138122376,190.55455643275192,187.77286938932494,188.44432067871094,4271200
2018-06-27,189.40351296635166,190.11331112894624,185.27895277149085,185.29812622070312,3233000
2018-06-28,185.56669700920003,189.68165543301902,185.32689719196483,189.0581817626953,2621100
2018-06-29,190.1132479083137,190.218760388777,188.17566173808532,188.50180053710938,3006900
2018-07-02,187.75371718276045,189.89272798993935,186.80410439969862,189.60496520996094,3018300
2018-07-03,190.23797878475114,190.47777858436342,188.13733019835274,188.2812042236328,1567400
2018-07-05,189.92151302862916,190.84235104688827,189.1061875475016,190.75601196289062,3101900
2018-07-06,190.2661994270471,192.33106826867618,189.6611384290969,191.62037658691406,2050300
2018-07-09,192.8496596632192,193.60837447423276,191.36102641388902,192.97450256347656,2377300
2018-07-10,193.36830262634223,194.7224797386804,192.19660515172063,193.5411834716797,2265100
2018-07-11,192.53270639687477,196.06699554275457,192.32141577895356,195.76927185058594,2827900
2018-07-12,196.88336955013082,200.90747588714223,196.64326787994773,199.5532989501953,3970800
2018-07-13,198.9002257511484,199.31319358197254,195.38513384777244,197.75733947753906,2590800
2018-07-16,197.47880613585065,197.84376534393175,195.69244922180226,195.99978637695312,2955000
2018-07-17,194.96257629764406,198.51607845194314,193.64682369881615,198.1991424560547,2919000
2018-07-18,198.46804956747303,200.12956380085276,197.24834354298685,200.1103515625,3595400
2018-07-19,200.1103359951962,200.44648419432136,197.613272770777,197.90139770507812,2264600
2018-07-20,198.02623450096203,199.14030964764683,198.01662105621938,198.52565002441406,2801000
2018-07-23,198.5160227843607,199.7261443665297,197.50759301743335,199.6108856201172,2717900
2018-07-24,200.47530532405165,202.0695693521846,200.06232281132688,201.28204345703125,3509100
2018-07-25,201.68541430504325,205.79595395755547,201.34926608601066,205.6807098388672,4967900
2018-07-26,201.82947552914467,203.41415548203184,196.46080523719098,199.1595458984375,7279900
2018-07-27,203.30844860619624,203.3660706498316,193.25299166190658,194.90489196777344,4913000
2018-07-30,194.91454299766502,195.27950224469163,188.43179756766747,190.03567504882812,5939300
2018-07-31,191.1401720517056,192.67681419207818,188.460628780407,190.16055297851562,4416600
2018-08-01,191.38030823099353,193.38755535685928,190.49673554383705,193.23388671875,4614200
2018-08-02,191.2073635043973,194.1846300913873,190.0356661756833,194.01174926757812,3615000
2018-08-03,194.01181404903735,194.41518323308827,190.42950001917126,193.23388671875,2722800
2018-08-06,193.04170493540906,194.44390486208601,192.5711004785528,193.56031799316406,3061300
2018-08-07,194.48236635342798,195.1066248773962,193.96375315786216,194.5976104736328,2422200
2018-08-08,194.40551320977636,195.5195884459068,194.0789784644203,194.82809448242188,2697900
2018-08-09,195.1450176222675,196.55681648378672,194.62638985638938,195.53878784179688,2444900
2018-08-10,194.93377153982493,195.8365562866246,194.15584436790243,194.62643432617188,2567000
2018-08-13,194.6264004643672,196.2494900367997,193.8964966908999,194.29986572265625,2014000
2018-08-14,194.7800666101934,195.97097610904942,193.41629095187747,195.80770874023438,2076600
2018-08-15,194.62644377830972,195.01061531403354,191.6011680395436,192.31187438964844,2955700
2018-08-16,193.94450938319613,196.14383402913253,192.86885869047353,195.53878784179688,2894000
2018-08-17,195.7885193858978,196.499225652013,194.0117610479318,195.1642608642578,2308900
2018-08-20,195.41397573777743,196.8641847521419,194.34792358739247,196.64329528808594,2469300
2018-08-21,196.8833763119937,197.77654752152168,194.6072170899702,195.0489959716797,1979600
2018-08-22,194.48236923118287,197.0946767952029,194.242267540774,196.220703125,1905300
2018-08-23,196.3935575302201,197.80535645218404,196.0958191642841,197.0946502685547,2247600
2018-08-24,197.84376937862626,201.20519264476795,197.43080155444292,201.10914611816406,2722600
2018-08-27,201.85824568473365,203.36609103263908,201.85824568473365,203.15480041503906,2550200
2018-08-28,203.3181177615472,204.59546057121932,202.58821386515376,204.2113037109375,2240200
2018-08-29,204.0863838584105,207.31335032583968,204.03836060186867,206.07443237304688,3172100
2018-08-30,205.76711045143534,206.75632805976406,204.40333486184278,205.33493041992188,3083000
2018-08-31,205.12365224903837,207.25575616552845,205.0468179591617,207.02525329589844,3020000
2018-09-04,207.14050440331792,208.74439644490022,206.18009772936787,208.23538208007812,3776500
2018-09-05,207.21736191411665,207.22697536090473,201.98314788553336,202.79949951171875,3869500
2018-09-06,203.06839099814778,204.82593698313195,202.13679534510192,204.34573364257812,3032800
2018-09-07,202.665048431063,204.79715271407642,201.39730441212754,202.73226928710938,3298500
2018-09-10,204.24012998333242,205.02765600206962,203.01081035312365,203.28932189941406,3326300
2018-09-11,202.18481013224087,205.1044398723418,201.78144110164655,204.99879455566406,2728500
2018-09-12,204.61469826132495,205.96887554241977,203.47181167605964,205.55589294433594,2291300
2018-09-13,206.26651377719736,210.0313056021097,205.88234237385493,208.6195068359375,3898000
2018-09-14,209.3686557907544,210.15619630089316,207.85121148105324,209.3302459716797,2638000
2018-09-17,211.2606387630574,211.2702375532859,207.55346873967554,207.8992156982422,2500900
2018-09-18,208.85002902106464,212.21145217477374,208.69636044549532,211.3374786376953,2851000
2018-09-19,211.89457309353443,212.64368928215248,208.56196007163166,209.55117797851562,2883000
2018-09-20,211.27028880493606,213.13348038616434,210.23304767761377,212.6244659423828,3108500
2018-09-21,213.34473016391274,214.52602622637602,212.144221865373,213.11422729492188,7177800
2018-09-24,211.68322921538208,213.34472858496463,209.5703375565179,212.5860137939453,2520000
2018-09-25,213.1333763719958,214.2090267992484,212.46109485496294,213.32545471191406,2181300
2018-09-26,213.80573845907665,215.47685142084345,212.92216603877898,213.45999145507812,2963600
2018-09-27,213.87293952954232,214.7565118075834,213.2678787062998,213.5079803466797,2645200
2018-09-28,213.33516667728682,214.8333989370589,212.29792557714197,213.79615783691406,2955000
2018-10-01,215.93784486206283,216.4276616715337,214.25713309074297,214.91021728515625,2955500
2018-10-02,214.65087694980664,214.87176636641053,212.259459219527,213.56561279296875,3060700
2018-10-03,214.91980596633178,215.44803257196895,213.73850985164717,214.29554748535156,2662400
2018-10-04,213.27747725329166,213.35429687676313,206.0936261235809,207.59185791015625,5664900
2018-10-05,208.12072919636233,208.8322583486748,203.69775177710181,205.05348205566406,4268300
2018-10-08,203.55350681804887,203.6496645571479,195.42867669895807,200.24588012695312,5611000
2018-10-09,200.0535924163098,202.87085003429092,198.73631639976568,201.68817138671875,5659400
2018-10-10,201.2747530940795,201.2747530940795,188.46731430392836,189.12115478515625,8455000
2018-10-11,187.1596364648897,192.0441539360117,185.48660307198207,187.0250244140625,9185200
2018-10-12,192.851806117252,196.95748026252093,191.86142839218218,196.36134338378906,6160300
2018-10-15,195.8806237158469,195.95754698539088,191.8518573371131,192.61146545410156,3969200
2018-10-16,194.88058157764632,200.1112450761444,194.7363596571989,199.78433227539062,4694900
2018-10-17,199.6401752588604,199.99593255936196,196.81330732618807,199.39979553222656,4431200
2018-10-18,199.0055327007169,199.24591238319144,194.47677302738833,195.78443908691406,6264500
2018-10-19,196.02483006590745,199.45745917183237,195.18831341760512,195.24600219726562,4832500
2018-10-22,195.88066206657965,198.3229139984032,194.11147053552506,196.63064575195312,4045100
2018-10-23,191.8134056212236,195.89023626066168,189.03461665983517,194.6402587890625,5076800
2018-10-24,194.8421751266392,195.6402375161422,187.86155370253735,188.1596221923828,4415900
2018-10-25,189.41922970612782,197.20753892817282,188.17887673868947,196.3421630859375,4940700
2018-10-26,191.53458542259293,194.6210679254217,188.19811325690333,189.89039611816406,6523600
2018-10-29,192.64027358196722,194.55368636707777,180.40975478750732,183.6885223388672,6623800
2018-10-30,185.16930811681863,186.17890587757216,176.6790946253834,180.5059356689453,9239200
2018-10-31,185.81356394970365,192.26536349242087,185.81356394970365,190.0634765625,7683500
2018-11-01,191.2364955709326,192.30378214872258,187.5057975023308,192.0249481201172,4439000
2018-11-02,191.26528488037255,193.25563549476828,187.73651325481885,190.11146545410156,4261500
2018-11-05,190.5730618418506,191.46728213628666,186.81351905086046,190.3615264892578,3110800
2018-11-06,190.86151451320438,192.948008906231,189.92883994361722,191.4864959716797,2916000
2018-11-07,194.40944832241345,200.36125081124777,193.97676788619907,200.2266387939453,4922800
2018-11-08,199.38052160810014,200.8227996826172,198.0728555670069,200.8227996826172,3922200
2018-11-09,199.39977147483498,199.97667394618497,195.5921506088304,197.70748901367188,3229700
2018-11-12,196.7460183462069,197.3517800273224,191.08267187162977,191.47689819335938,3507300
2018-11-13,192.09225077700813,194.4672037092633,189.94806766987278,190.54420471191406,2852000
2018-11-14,192.84218931136442,194.44792378965337,188.0826746513948,189.97686767578125,3218600
2018-11-15,189.43842839846747,193.40949086273895,186.85194061125108,192.98643493652344,3424600
2018-11-16,191.34226774407335,193.1787724280306,189.85191046300014,191.38072204589844,2939500
2018-11-19,191.38071108485826,191.7268584679172,181.29438744113767,181.9962921142578,4488100
2018-11-20,174.97722187734112,181.53478843845696,170.5734631378864,179.8617401123047,7892900
2018-11-21,181.28475575343202,182.77511289070287,179.0732741573155,180.43862915039062,3950200
2018-11-23,177.76561081728374,179.0636524700989,175.24642143751112,175.57334899902344,2601000
2018-11-26,178.438664842565,184.83275914363162,176.61177027682248,184.46739196777344,6917200
2018-11-27,183.40972630801738,185.61159808708325,182.1597488300489,185.5539093017578,3976300
2018-11-28,187.49617662780156,194.6787236446572,185.83275311756563,194.49603271484375,6203000
2018-11-29,194.27485507164664,194.27485507164664,188.75573248589123,189.09226989746094,5447700
2018-11-30,189.02501079355488,193.9095289218118,188.26541726275573,193.33262634277344,7944700
2018-12-03,198.0825090519628,201.83244167368593,198.01521035625035,201.78436279296875,6599900
2018-12-04,199.40939173296223,201.45743155802566,191.9383862346552,192.77491760253906,6628600
2018-12-06,187.303869438752,195.54407811312194,186.7461867614615,195.1787109375,6558900
2018-12-07,195.93825433123857,198.5728205124369,187.39996467762256,188.9384002685547,4968100
2018-12-10,187.15961782723963,191.07300616137923,185.57311776678998,190.4384002685547,4101000
2018-12-11,193.34220665169352,193.64988504575476,188.5153780531241,190.1307373046875,3582400
2018-12-12,192.74606693376663,198.0344203839832,192.55375143465042,192.5825958251953,5160100
2018-12-13,193.07297830529106,194.4190987589536,187.79423480246166,191.3037872314453,5246200
2018-12-14,189.03457887995336,189.6499502499925,185.75579665089006,187.81344604492188,3801700
2018-12-17,186.0538815131175,186.09233580830855,181.5059018508482,183.12124633789062,5459900
2018-12-18,184.66934445198234,186.87123126941367,182.78477534992172,184.23666381835938,4345200
2018-12-19,183.5827408501661,186.87114740174445,177.65017279723094,179.9193572998047,6100600
2018-12-20,178.4578964311207,181.0924485722217,173.294530461318,175.67910766601562,6562600
2018-12-21,174.22716187313995,178.14054949369313,168.26574967608062,168.4484405517578,8374300
2018-12-24,166.48701224322673,171.13115086481022,165.27550356127205,167.92929077148438,4351900
2018-12-26,169.2272876234789,179.32323376010692,169.2272876234789,179.25592041015625,5261400
2018-12-27,176.9002255703211,181.43859550196902,173.22723136582022,181.42898559570312,4695200
2018-12-28,182.4097480110047,182.78473977671328,177.0925352574044,178.99635314941406,4830300
2018-12-31,179.7270947501787,181.72705564164323,179.18864656240223,181.39051818847656,3658500
2019-01-02,178.67902638028772,183.47701009855427,178.1790325353682,182.43856811523438,4294000
2019-01-03,180.28478343770308,180.29439334437234,174.01567646024432,174.20797729492188,5070900
2019-01-04,177.73674823931032,183.89046242028556,177.34252202744466,182.45779418945312,4452900
2019-01-07,183.29435591948987,185.59238554521895,182.40976027607263,183.8616485595703,4219200
2019-01-08,182.90806399548111,185.4027139275541,181.5596164892056,185.200439453125,5069700
2019-01-09,187.1461037097552,189.31326133576297,186.16365480414444,188.56198120117188,5471500
2019-01-10,185.922818744574,189.97781703564647,184.27578754026484,189.698486328125,3693600
2019-01-11,188.85091802064125,189.45771209620617,187.54099118747283,188.68716430664062,2500100
2019-01-14,187.22315337921984,189.7466832452353,186.85713984556165,188.23448181152344,3336500
2019-01-15,188.0322092068099,190.08378958398518,185.99027004637648,189.2843475341797,3783000
2019-01-16,190.23784482237124,191.1047164075137,189.26503745258393,190.48828125,3546300
2019-01-17,190.18008613974905,193.02146715975363,189.84298160681928,191.9716033935547,2764100
2019-01-18,193.77273036767775,195.07303048804226,192.65545167054378,194.5625457763672,4866600
2019-01-22,192.43394094811455,193.5993965182024,190.37273403077495,192.11610412597656,4457700
2019-01-23,193.64753697376338,193.65716349255305,189.3613845963072,191.0469512939453,3086100
2019-01-24,191.1143155328838,192.82877602826716,190.6423516920533,192.43386840820312,2792000
2019-01-25,194.7455555829897,196.38296023295874,192.4339125209969,195.4679412841797,4677500
2019-01-28,193.34897577091863,193.58012982462822,190.76764282767152,192.7903289794922,3277200
2019-01-29,192.8192244167479,193.2815472239746,190.38237743912657,191.90420532226562,3661900
2019-01-30,193.04075144104868,197.28838355645144,192.53989316130858,196.50820922851562,4079500
2019-01-31,202.07536710358082,205.12864896435025,200.34163844685725,203.3563995361328,11316200
2019-02-01,204.1847697490193,206.73719382359397,203.42384843827463,205.89923095703125,6470100
2019-02-04,206.45782869720736,207.03572841035518,205.35016186063635,206.99720764160156,4397500
2019-02-05,207.0839256723223,208.7213305173128,207.03576368044506,207.91226196289062,3091500
2019-02-06,207.32471703734845,207.95077882905403,205.81251576329402,207.3728790283203,2698000
2019-02-07,205.60062562535296,206.5541654227321,203.80910835221601,206.0918426513672,2742900
2019-02-08,204.19435771439996,208.65389013543975,204.19435771439996,208.60572814941406,3248400
2019-02-11,209.00063215301364,210.59950130310244,208.37455573973077,209.10658264160156,2974400
2019-02-12,210.512841091819,211.40860708162162,209.62671631826785,210.84996032714844,3411400
2019-02-13,211.69755136385916,213.13269638436466,211.3604468227442,212.41993713378906,2996600
2019-02-14,211.42791584778263,212.84379349419785,210.57068510308727,211.7168731689453,2875600
2019-02-15,214.00915462002317,214.16326708272572,212.36210890595783,213.93209838867188,2758500
2019-02-19,213.27711643643508,213.7876157791294,212.24652062794922,212.46804809570312,2836700
2019-02-20,213.0748835941977,213.66242454133555,211.32188727104153,212.96893310546875,3103600
2019-02-21,212.10213188082366,212.8919327976775,210.57066265104794,211.23526000976562,3528800
2019-02-22,211.89981210071403,215.39616370340786,211.61085487209075,215.0975799560547,3295300
2019-02-25,216.7157169211848,217.1009834280324,214.7893549929965,215.0975799560547,3359200
2019-02-26,213.98031380385095,216.88911010461328,213.8743632964075,215.7525634765625,2852300
2019-02-27,214.8278790295659,216.34008022072229,213.5757555147955,216.3015594482422,2119500
2019-02-28,215.83921571247217,217.2936283540755,215.42505495822417,216.4941864013672,3240400
2019-03-01,218.52653175026867,219.74976116029097,217.06249236928377,218.88290405273438,3001400
2019-03-04,218.94065484048244,220.0868424986654,215.43467684326234,217.9582061767578,2977700
2019-03-05,217.90041936514334,218.56501656350278,216.99502693242027,217.8907928466797,2779100
2019-03-06,217.53442513731633,218.1701133995862,215.70437249982115,216.20523071289062,2849300
2019-03-07,215.38652534644282,216.176340802031,212.61257412697722,214.22108459472656,3879600
2019-03-08,210.33948107353817,214.00919849934417,207.9796757583614,213.7009735107422,2691800
2019-03-11,214.73156764265332,217.80411728617048,214.63524366693528,217.3321533203125,2670100
2019-03-12,218.2471398652688,219.7978615832152,217.89076766263247,218.58425903320312,2478700
2019-03-13,219.96165004753277,222.8126724009724,219.41264449554868,220.0868682861328,2690400
2019-03-14,220.27950282634748,221.7339156154744,219.03700574059994,221.05967712402344,2838700
2019-03-15,220.39508750395171,224.1900083678733,220.385446287711,222.65855407714844,3894200
2019-03-18,223.73734114860002,223.93961565521695,220.6744321696716,221.9073028564453,2734100
2019-03-19,223.01490977445994,223.55430344968923,221.84946906008346,222.50442504882812,3212000
2019-03-20,221.27157720289563,223.40021377757415,219.4511656169571,221.42568969726562,3747400
2019-03-21,219.79788972132593,228.35094125532723,219.77862198718427,227.18548583984375,4441100
2019-03-22,226.19342158494004,227.31071506763135,222.18658511410084,222.26364135742188,3709400
2019-03-25,221.9072324596308,223.40016569644996,220.13498324673586,221.93612670898438,3506500
2019-03-26,224.38264843819715,225.02797793366435,222.92823574668898,224.7004852294922,3046900
2019-03-27,225.3072638465825,225.57695331023493,221.19447748042256,223.9588165283203,2640700
2019-03-28,224.82573958734957,226.66541908917822,223.8143964525186,226.2127227783203,2712100
2019-03-29,227.78267653817412,227.92714780720027,225.35545633970625,226.7809600830078,3453900
2019-04-01,229.5259817279864,230.9225909129875,228.21605528550202,230.2483673095703,3475900
2019-04-02,230.4218045960298,231.0382398965224,229.30452571805853,230.45069885253906,3386400
2019-04-03,231.43311263400537,232.05917435957852,229.06369577702958,230.1328125,2911700
2019-04-04,229.9112506665174,229.97868037608055,225.1531352324161,227.3684539794922,3096300
2019-04-05,228.47614240008102,229.19852805814796,227.41663755612663,227.91749572753906,2590000
2019-04-08,227.358103259711,227.89823554416967,224.85032940472314,227.8885955810547,2714500
2019-04-09,226.9433351401935,228.83381273479847,226.66362905238205,227.54135131835938,2491300
2019-04-10,228.59271976943302,229.50901675749776,227.73429200119307,228.6505889892578,1984200
2019-04-11,229.55717963733807,229.55717963733807,226.70217630564505,227.6667022705078,1908200
2019-04-12,228.6216228840675,230.52174049989767,227.7053260222333,230.35777282714844,3452100
2019-04-15,231.02328173822406,231.3512170603574,228.7759342938995,230.66639709472656,3437500
2019-04-16,231.4862095092973,232.4218007834638,230.47345439919476,231.57301330566406,2564300
2019-04-17,232.13246454996505,232.6822514199078,230.47347869618827,232.4507598876953,2829200
2019-04-18,233.92651829020892,234.0422567148029,231.9299568784597,232.34469604492188,3016800
2019-04-22,231.2933602631514,234.51487388461123,230.58926033549707,234.42807006835938,2217700
2019-04-23,235.247907279845,235.82662882039205,233.84934739393984,234.8524627685547,3108400
2019-04-24,234.98750559869578,237.35059167205844,234.1965871082434,236.58860778808594,3255200
2019-04-25,236.0195098612155,238.093249597028,235.3636392439345,236.89723205566406,3152400
2019-04-26,237.3216645575125,238.3826345027704,234.5920537592333,237.92930603027344,3349300
2019-04-29,238.12224124435102,239.40506290105083,237.1384203652462,238.36337280273438,3274900
2019-04-30,242.18287927875366,248.2979718356904,241.62345231837907,245.2211456298828,7179600
2019-05-01,245.85764002076272,247.15975584097245,239.84864793136228,239.92581176757812,5146000
2019-05-02,238.7781041158546,239.46292419469876,235.61445935197287,238.42123413085938,4747300
2019-05-03,239.79084187692217,240.9868595769657,238.68164271391862,239.1542510986328,3194200
2019-05-06,232.92337798041504,240.2441264406676,231.5344582515533,239.81973266601562,3022000
2019-05-07,238.49836937942771,238.94204313713803,233.99403432441184,236.36676025390625,4257500
2019-05-08,235.86519817138594,238.76843105499952,235.10322905343574,236.62718200683594,3050700
2019-05-09,233.3092023602254,236.82007654408358,231.44767417434014,236.60787963867188,3891000
2019-05-10,235.2189539352141,239.89691098237012,232.76906433940903,238.6526641845703,2816200
2019-05-13,232.94266963222736,235.25754086939,231.83347061603405,232.81729125976562,4136900
2019-05-14,233.5310489769666,238.66233476932186,233.31885206269627,237.21554565429688,3862100
2019-05-15,235.66263787003086,242.1345990476945,235.54689946035538,240.3116455078125,4186900
2019-05-16,241.55592259700913,246.0988323568891,241.4498241356584,244.43020629882812,4911900
2019-05-17,242.20215971487863,245.26934577708107,241.94173353605927,243.59107971191406,3129800
2019-05-20,241.60413306159637,245.36577873065417,240.48527932297938,244.49771118164062,2951500
2019-05-21,245.9541463709615,246.8704431884514,244.78706335757977,246.30137634277344,2881600
2019-05-22,245.7129725933373,249.67715990657572,245.4718411187609,247.7866973876953,2936000
2019-05-23,245.713003225224,246.62929999934528,239.52074795224271,240.87107849121094,5072500
2019-05-24,244.16010714509983,244.38194400065112,241.44979148326067,242.55899047851562,2710800
2019-05-28,243.69717533064807,248.61626447646293,243.6875206501558,244.43984985351562,6252100
2019-05-29,243.3017045089373,245.23075667550964,242.35647306821687,244.5652313232422,4014300
2019-05-30,245.25003066755463,246.97652573556266,243.82252158789004,245.17286682128906,2817400
2019-05-31,243.04125761328726,244.66166894808134,241.9416985608372,242.5686492919922,5041400
2019-06-03,242.86767932136863,244.0058130755779,231.72739972113942,233.6660919189453,5452100
2019-06-04,236.43428775592025,240.523869003372,233.14525022058734,240.34060668945312,4862200
2019-06-05,242.54939089314576,247.85428469135866,241.2762093171742,247.1694793701172,4742400
2019-06-06,247.26589182241804,249.52290875317033,245.8191174194358,248.68374633789062,3443500
2019-06-07,250.77682280538073,257.40311337529135,250.41029812398747,256.3710632324219,3691800
2019-06-10,259.4575510360895,260.2774042033159,255.8695123499375,256.6604309082031,4469000
2019-06-11,257.9817567946377,258.3868706446759,249.9858284344446,254.30691528320312,3119600
2019-06-12,253.13987327613066,254.8374191061829,252.08851398016202,254.49020385742188,2295300
2019-06-13,255.59945306707488,255.82130469841405,251.0179534366273,251.93426513671875,4331000
2019-06-14,250.76713206174355,252.68655902222295,250.21737455371743,250.8732452392578,3158200
2019-06-17,251.7413540008284,252.42615940400998,248.89598975823446,250.00521850585938,3332200
2019-06-18,252.4165232213068,252.9470008676185,246.0217096813827,249.6290283203125,3921300
2019-06-19,249.64828230003747,251.37479229395336,249.13708463463232,250.65139770507812,4326500
2019-06-20,254.14291364743013,258.20358877857586,253.18804244939045,257.32586669921875,4667300
2019-06-21,256.3903424785109,258.6376754059564,255.04001178594697,255.08822631835938,4285800
2019-06-24,256.41922457427154,257.62488198769677,255.7247647267388,255.8887176513672,2538100
2019-06-25,256.60249871247333,256.8629101292074,249.92796601195033,250.51634216308594,3138000
2019-06-26,251.62560090257634,253.33280168768906,250.76715845189568,252.0306854248047,3869400
2019-06-27,253.130275997303,254.22982063604914,251.1626341698029,251.8378143310547,2186900
2019-06-28,253.75713735845957,255.4450578288638,252.0595622090254,255.14605712890625,4400300
2019-07-01,260.41241612834966,260.41241612834966,255.47404675445281,257.306640625,2646800
2019-07-02,257.41266843154557,261.00070583888254,256.97862001682995,260.9717712402344,2649100
2019-07-03,261.38649942419136,263.3927001953125,261.17430256460227,263.3927001953125,1896800
2019-07-05,261.8687732997334,263.09371055614,259.54426242443157,262.486083984375,2561000
2019-07-08,260.83475260208377,262.73717677615423,260.21669240691693,261.9259948730469,2291700
2019-07-09,260.5644403547118,264.2630478733503,260.2554101602078,263.96368408203125,2477400
2019-07-10,264.76510885512664,267.5945934513785,264.745776057552,265.93359375,2323000
2019-07-11,268.0774022947987,269.0913720130679,266.60952449070777,268.772705078125,2583900
2019-07-12,269.66126194293975,270.1441105165208,266.7835033056687,269.95098876953125,2299700
2019-07-15,270.8394105410881,270.9649558841002,268.994925474633,269.78680419921875,3349500
2019-07-16,269.4295286864357,271.0036198955137,265.8661035300203,267.13116455078125,2976000
2019-07-17,267.87467187581194,268.9176115398175,265.82736973337217,265.8370361328125,2318900
2019-07-18,265.566735178141,267.73955392050766,265.31564447060845,267.2856750488281,3241000
2019-07-19,269.8446940302745,269.8929965606371,265.97226926693685,266.1460876464844,3048200
2019-07-22,267.4111587168639,269.77709867478313,266.59997677665723,269.0528259277344,2092400
2019-07-23,270.3952407587158,270.8008465869805,267.4015732704529,269.40057373046875,2275400
2019-07-24,268.6280203767181,270.6849307896541,266.8994140256791,270.63665771484375,2805200
2019-07-25,270.395153194743,271.2642745787224,268.02918381599585,269.7674560546875,2312200
2019-07-26,270.9745892432581,272.60661956192894,270.47240793244606,272.3941650390625,2942100
2019-07-29,273.4081918914444,273.6109800556,270.8104640150221,271.78582763671875,3677700
2019-07-30,269.7578321884087,272.683893307304,266.0012856854202,268.6183166503906,3957900
2019-07-31,269.1108443752928,269.4102081414954,256.5760844505865,262.93035888671875,5513100
2019-08-01,264.53343322845797,269.7288890036155,262.3220078066789,264.75555419921875,4988100
2019-08-02,262.6696080725418,263.1524566167928,256.56639540023247,260.20709228515625,4438000
2019-08-05,251.0812851935681,253.64037701389276,245.19052606987844,248.02967834472656,6861300
2019-08-06,252.81938992280666,256.0544798342633,251.2549659491541,255.60060119628906,4918500
2019-08-07,254.3645958226155,260.7382022153602,251.32265602425,260.0718688964844,4476000
2019-08-08,262.6695925666365,268.54101755100277,262.2833196481854,268.5024108886719,4135500
2019-08-09,266.05919006227924,267.4014935683133,263.71252395309597,265.5184020996094,3410500
2019-08-12,263.49040119850804,265.5473402806868,259.6662497823437,260.7381591796875,3322600
2019-08-13,260.5740053363099,265.9239749022797,258.8067928151796,265.11279296875,3899800
2019-08-14,260.5643860136881,263.1234773109756,256.73056753297357,257.9859619140625,3750300
2019-08-15,260.04287016044213,263.7801125933833,258.8936884471176,262.5633544921875,3364300
2019-08-16,265.5473346929008,266.49369875985326,264.39815306526174,264.9485778808594,2718100
2019-08-19,267.4980692065386,269.0142205706853,265.7694633233985,268.5313720703125,2502300
2019-08-20,268.8501077921986,269.970320135714,266.3875915995318,267.5367736816406,2583600
2019-08-21,270.04754531389966,272.4231518764018,269.70954544210696,272.33624267578125,2492200
2019-08-22,272.43279400176294,273.18606602964263,267.2663381072584,271.1387634277344,2975800
2019-08-23,270.3951425096405,272.41344557259964,260.9409612393735,262.5633544921875,4415000
2019-08-26,265.45081317779386,266.9476318359375,263.61599465372683,266.9476318359375,2184400
2019-08-27,267.24699779059273,269.5163917998294,265.4797851191574,267.15045166015625,2169400
2019-08-28,265.788767981108,269.09143487033765,263.99255642513504,268.69549560546875,2306900
2019-08-29,271.360905115474,272.3072989527448,269.3136318277858,271.7278747558594,2297200
2019-08-30,272.8962910782664,273.2535942259575,269.1687150858087,271.7181396484375,2600300
2019-09-03,270.3854638614996,273.13770590294587,268.94658492038695,270.5013427734375,2350800
2019-09-04,273.07007133252705,276.39207065549425,272.471344036654,276.2858581542969,2631000
2019-09-05,280.3321537949975,283.39339638185675,279.66582059430357,282.06072998046875,3808300
2019-09-06,281.92558410408776,283.0168264277269,280.10040263094254,281.3847961425781,2783300
2019-09-09,283.4224396837554,283.61559089698096,270.49177050943604,273.6399230957031,4795900
2019-09-10,271.68919012278525,271.8437051790909,261.0665231353252,262.9882507324219,8683800
2019-09-11,265.4894571255545,266.53239701632043,259.9656685882709,260.68994140625,6342300
2019-09-12,264.0118820735097,269.2073064912569,263.81873091075084,266.9186096191406,5497900
2019-09-13,268.45415902502043,268.6086741157123,263.67397549930774,266.8414611816406,4631100
2019-09-16,264.08922252737307,266.3006774347118,263.3552832023239,264.67828369140625,2755100
2019-09-17,265.13204631717764,269.0721057895352,264.55265181012015,266.77374267578125,2929500
2019-09-18,267.2759359385169,267.3532081986174,261.16308717333897,265.6632385253906,2975900
2019-09-19,266.4937381500105,268.60861695577756,265.4218286167846,266.4454650878906,2623800
2019-09-20,268.2610132959792,269.0335592096725,261.61701234356156,261.86810302734375,5540800
2019-09-23,261.0278483981834,264.3498479406049,260.73815112966435,263.78009033203125,3092000
2019-09-24,266.1751591143212,267.92306891956923,259.8305205991868,261.8198547363281,4120300
2019-09-25,260.9796475726022,263.6256482598161,257.46449589782577,263.3938903808594,4083600
2019-09-26,263.8574178990529,265.9916001464967,263.27799376981545,264.4947814941406,2924600
2019-09-27,265.9433447064396,266.17510258519945,258.50746507502856,259.8980712890625,3175700
2019-09-30,261.6942432016839,262.73721255537515,260.08154557600733,262.2543640136719,3128700
2019-10-01,262.17711775402176,264.2630271976115,260.77687452660575,261.64599609375,3066400
2019-10-02,258.9613512115138,259.71459380948363,253.51480514101013,255.4075927734375,4308900
2019-10-03,255.1854890621177,259.32833836624843,251.47721529303024,259.0869140625,3948100
2019-10-04,260.2650256849262,265.06454128171345,259.9270258176834,264.658935546875,2671400
2019-10-07,262.00323982133614,264.11811852108315,261.13411845161073,262.8530578613281,2861900
2019-10-08,260.88072327506495,262.0989587232134,257.75772431492055,258.2218322753906,2818900
2019-10-09,261.0160589342449,264.09072609798375,260.5713072653003,263.22052001953125,2169600
2019-10-10,262.56306003395935,265.60869283696735,262.27301100758274,264.7578430175781,2194700
2019-10-11,267.04926016719395,270.7233509851047,266.005025004038,266.76885986328125,3493000
2019-10-14,268.3642569163236,269.33112627529766,266.43051819837547,267.2233581542969,2042500
2019-10-15,268.02580586820255,270.6846961999278,266.817219353782,269.3310852050781,3006600
2019-10-16,267.9194996123909,269.7855503542221,265.6956824298288,269.05072021484375,2689400
2019-10-17,270.0949963711132,271.14888056833786,266.7882897515659,267.3490905761719,2396600
2019-10-18,266.12116435531027,267.5134588618433,260.95808452129904,261.6639099121094,4052300
2019-10-21,262.92077412730737,265.2702595560877,260.57128869852704,265.2122497558594,2921200
2019-10-22,265.7923120877398,266.22741498926837,252.36251551090422,252.60423278808594,5619500
2019-10-23,253.97722837339276,255.437210502917,249.94539979331094,252.20787048339844,5367000
2019-10-24,254.8280462995449,260.40687101173194,254.8280462995449,259.8460998535156,3791900
2019-10-25,257.4386744214501,263.1625251579155,256.7618539901146,261.23846435546875,2760200
2019-10-28,264.20671402134565,266.7882385253906,262.379316883564,266.7882385253906,3796600
2019-10-29,268.40294143655035,269.0700836584521,264.03267302565644,265.2026062011719,4706700
2019-10-30,265.5409822271904,268.27720919342886,263.9553025105237,267.9678039550781,3485500
2019-10-31,267.2233523872699,269.84356003171905,265.94707777940516,267.63909912109375,5356000
2019-11-01,269.75653894231243,271.1005014535727,266.9719505934792,269.80487060546875,2880000
2019-11-04,271.34219073923265,272.88915787847475,266.6721959057876,267.1749572753906,3726600
2019-11-05,267.33938037063996,267.77448338903764,259.527088856598,260.0878601074219,4717500
2019-11-06,261.34476690479676,262.6694026663257,259.9718289861024,260.9193420410156,3742900
2019-11-07,261.0740721381384,265.96642907977287,260.91936948898825,263.7523193359375,4277800
2019-11-08,262.6984295935451,265.84075516520704,262.6984295935451,265.7827453613281,2241300
2019-11-11,264.032613864498,267.9484516164886,264.01328710388617,267.82275390625,2132600
2019-11-12,268.40291199737305,270.2399576867866,266.63352473109234,267.9581604003906,2217200
2019-11-13,267.3490167038762,271.1681324081095,265.8890347437465,268.8573303222656,3320600
2019-11-14,268.25789367121394,270.36566162109375,267.5327417108554,270.36566162109375,2365900
2019-11-15,271.3422537194859,271.5936197093776,268.9154019837639,271.47760009765625,2544200
2019-11-18,270.72343810101245,272.43478635523485,269.1764411248469,271.554931640625,2715900
2019-11-19,272.19303993109304,277.0853963223497,271.63226870920823,275.85748291015625,3013800
2019-11-20,275.5577558362809,278.19731969874044,273.4886413310872,275.9251708984375,2903900
2019-11-21,275.1709949454432,277.02736738513244,274.19444755910706,275.0259704589844,2777000
2019-11-22,275.39332563923426,275.90576510592035,271.89326405471735,273.2082214355469,2968100
2019-11-25,274.59088426175276,279.41555268046596,274.3008352711224,278.0812683105469,3760200
2019-11-26,278.9418746554144,281.02063835726204,278.2844104206332,279.792724609375,5712800
2019-11-27,279.4542127708651,282.32581556837914,279.3381931841385,282.0357666015625,2163500
2019-11-29,280.6144186134074,283.2926352940169,280.6144186134074,282.54815673828125,1754400
2019-12-02,280.9625929141851,281.11729556860735,274.4845852343975,276.9790954589844,3062300
2019-12-03,272.85057588723527,278.071665117247,272.17375545649605,277.57855224609375,2528300
2019-12-04,278.9417986029196,280.0246875194353,276.64064490206886,277.3367919921875,2743300
2019-12-05,278.4099942406499,281.3106018020812,276.9113292966735,280.2470397949219,2580300
2019-12-06,282.62565517192417,282.80936275953735,280.08278336008595,280.7789306640625,2425200
2019-12-09,279.60894358340727,281.3202916732061,278.7097621890982,279.4832458496094,1903000
2019-12-10,279.42518884080783,280.5564387473509,278.17791935544085,279.048095703125,2514300
2019-12-11,280.16002834709377,280.7014727376321,278.56467056466187,280.4403991699219,2298100
2019-12-12,280.2954039085003,283.0509873122442,278.7194022299218,282.52886962890625,2746400
2019-12-13,281.1559388603823,286.70575933554426,280.1987181656292,286.28033447265625,3565400
2019-12-16,288.23338423895757,289.55801992580626,287.02479765010577,287.1214904785156,4210700
2019-12-17,288.61053301836995,288.61053301836995,284.0372298627689,286.193359375,3354500
2019-12-18,285.41981772595835,287.4502195693935,284.97503662109375,284.97503662109375,2902700
2019-12-19,284.73337704494554,288.3011277029883,284.3659619301206,287.67266845703125,2536900
2019-12-20,290.5925745889089,290.5925745889089,286.9764926215623,288.6781921386719,5099400
2019-12-23,288.8425025529063,289.8963864663483,287.25685236883544,287.42120361328125,3590500
2019-12-24,288.08840705543935,288.42681725718853,286.7734787939736,287.62432861328125,641100
2019-12-26,288.2334094347134,289.4516742648526,287.93368229499833,289.2873229980469,1369200
2019-12-27,290.06086265080194,291.54017187006036,288.3011530024897,290.7763366699219,2042600
2019-12-30,290.8632417037106,291.0759541030349,285.4971295708328,287.8562927246094,2717600
2019-12-31,286.2900751016679,289.0263029017694,285.97099163159476,288.69757080078125,2478600
2020-01-02,290.50561185283834,293.47390840305707,289.57742536224976,293.33856201171875,3272400
2020-01-03,289.53872843454093,292.4006833619315,288.7072348385055,290.4765930175781,2501300
2020-01-06,287.5082217896275,291.3466938359506,286.21262055445777,291.2500305175781,3307200
2020-01-07,291.7430719662878,293.32875144892193,289.9447096084987,290.2637634277344,3182000
2020-01-08,291.20298133872467,297.17653779975313,290.9415889388675,295.38543701171875,3224400
2020-01-09,298.4641284575452,301.0394355739622,298.21239760119704,299.2580261230469,3292600
2020-01-10,301.6590958712703,302.01733967139546,298.9095266932541,301.2621765136719,2948000
2020-01-13,303.28559947621386,305.5898233960821,302.93704675550447,305.1734924316406,3236400
2020-01-14,306.1125737013861,306.3449520043278,299.9938003677045,300.7489929199219,4951400
2020-01-15,302.24970398478763,305.67699674380884,301.136326515687,304.2441101074219,4664200
2020-01-16,307.39063621006534,310.1305145499541,304.96054645022616,310.1014709472656,3323300
2020-01-17,311.1954253555885,313.7126453529358,309.07515420226576,313.35443115234375,4821000
2020-01-21,312.1442620402901,315.29077995260064,311.2535424310801,311.6795349121094,5998600
2020-01-22,314.60340083066853,316.38481053576356,313.79981200345514,313.9837646484375,3518500
2020-01-23,314.65173780125633,314.893777599565,312.05707825439725,314.63238525390625,4188300
2020-01-24,316.1717610309189,316.67519318476684,311.4180957533352,313.3641052246094,3634700
2020-01-27,305.0669870521004,309.19132538575053,302.5497670808129,305.71563720703125,4367500
2020-01-28,305.74465398952714,311.282525622347,305.415483417316,310.07232666015625,3486200
2020-01-29,312.715479134159,314.1096310023284,306.68383557192783,310.1208190917969,4389400
2020-01-30,308.84282562720415,314.36134561506964,307.88435734717996,314.12896728515625,3512100
2020-01-31,312.85103895598996,314.1289868938354,304.4861276580208,305.8802795410156,5586800
2020-02-03,308.6492598532695,315.11658825157537,308.29104553883417,314.1871337890625,4240100
2020-02-04,317.7885791073107,321.1771364433056,315.90068631906723,318.64056396484375,4158200
2020-02-05,324.3333551767504,324.3333551767504,313.8482032916696,317.8660583496094,3868000
2020-02-06,318.83417091026433,320.6833583890095,317.2463757593901,318.8147888183594,3422000
2020-02-07,317.55623297735093,319.347333493258,315.49404905415184,316.58807373046875,2584200
2020-02-10,315.25204571702983,319.763671875,315.1455623695729,319.763671875,3848100
2020-02-11,324.3333778757896,324.8368100944836,319.1634105620212,320.38330078125,3449300
2020-02-12,320.28646260896494,323.8008855502287,318.737401839658,323.5201110839844,2451000
2020-02-13,321.7289751993128,327.0732032439926,321.5547136376748,325.1465759277344,3001000
2020-02-14,326.7150671810683,330.181094424696,326.2987657245623,330.0939636230469,2716300
2020-02-18,330.74260011311725,332.17548662096414,329.55178299427973,330.37469482421875,3597300
2020-02-19,333.03713132739983,336.18364927135684,331.72044876979675,333.5889892578125,3040300
2020-02-20,334.7313565030317,336.1932863678351,327.402413723038,333.4824523925781,4316000
2020-02-21,331.6430199596349,332.9403796706598,324.92399076618983,328.8837890625,4997100
2020-02-24,307.4002516439447,318.8535625236342,303.8470942110343,314.332275390625,7816000
2020-02-25,311.1083425527704,312.93817802727375,291.1836348126127,293.2458190917969,12715700
2020-02-26,292.38416575578464,298.08663932953544,288.4050444369598,288.5502624511719,9403300
2020-02-27,275.9544147602946,287.9789649881438,271.994647189765,276.7192687988281,13814600
2020-02-28,266.1372691203457,281.14373516692467,264.839909926275,281.0081787109375,12846000
2020-03-02,289.373148159506,297.1861712772524,280.22403093084625,296.9731750488281,9688100
2020-03-03,304.573196737807,304.573196737807,281.569724875767,282.7024841308594,8051100
2020-03-04,289.5860573538287,293.15856683517177,283.4285795931904,292.7325744628906,6463800
2020-03-05,286.29440682792205,289.19888501703406,279.062254955198,281.4729919433594,6621300
2020-03-06,273.68891376944543,279.6527777071097,269.7484989193306,277.8713684082031,7061500
2020-03-09,256.5622679238497,270.348849771943,252.86389153672786,253.66748046875,8498300
2020-03-10,267.61867936781135,271.92697169503725,254.49040851312418,271.63653564453125,8131400
2020-03-11,264.25911561227855,265.31440579505795,254.92604497092879,261.1706848144531,8366800
2020-03-12,236.74400752382527,254.13214138631497,233.25862791268906,233.81048583984375,15031500
2020-03-13,250.54027941576277,261.43207227735553,237.68312422409107,261.4127197265625,9934900
2020-03-16,227.02369016147884,249.52371866092358,221.96020614985045,228.14674377441406,12111500
2020-03-17,232.8229611129492,242.52392213476278,224.5742539187744,230.30575561523438,12665200
2020-03-18,215.2605691106469,221.80533646384302,206.43095963170882,220.67257690429688,11352800
2020-03-19,216.87738421690565,230.90601939260142,204.81412623553075,219.9174041748047,9126400
2020-03-20,228.50499059643113,228.50499059643113,203.31347833489383,204.68826293945312,10518600
2020-03-23,196.80741490477124,208.81258392413753,193.62217741172677,196.8267822265625,11588700
2020-03-24,209.04498008301758,230.84793434630245,208.1542751898418,229.5215606689453,11654800
2020-03-25,240.00666901949575,257.8207930767892,232.7067548702854,248.31349182128906,12642700
2020-03-26,249.6882907071277,257.3464347188408,244.57641051581788,254.8001708984375,9957900
2020-03-27,242.27219229064673,247.9165628695416,236.9085814129935,239.7646484375,7819300
2020-03-30,238.0219674911295,246.15449962258222,236.8601645241176,245.18634033203125,5765800
2020-03-31,244.4215380388413,245.3509628257949,233.40387891511693,233.86859130859375,10373900
2020-04-01,223.58673049578195,229.5505958464915,219.86900200687464,221.33091735839844,6646200
2020-04-02,221.11788443352162,231.748268569652,220.11100534131398,231.2738800048828,6446600
2020-04-03,229.43437716837735,232.24204788454924,222.97675668058886,229.4827880859375,4163000
2020-04-06,243.9761179355089,258.6049892376384,242.0494758129196,257.4722595214844,8636700
2020-04-07,272.6433154569597,273.86320558116563,250.24981655634627,250.8306884765625,8627300
2020-04-08,254.5445804909523,263.6302587035135,251.05381058011196,262.7284851074219,5690100
2020-04-09,266.7815752832159,267.6251716330609,259.5964176677317,261.2254333496094,6662900
2020-04-13,260.0617718296688,260.5465998684329,247.98954182782148,255.34922790527344,7114400
2020-04-14,261.6908328790441,267.27606233541803,261.03147373254444,262.5053405761719,6354400
2020-04-15,252.60521620351014,254.97118035514885,247.86358186624147,249.3374786376953,10240700
2020-04-16,250.54953896402114,250.54953896402114,237.28463131774777,239.2724151611328,11455400
2020-04-17,250.41376330793312,252.7894333056604,243.87827389744191,252.08157348632812,10412100
2020-04-20,246.7872420868496,248.84292369140329,242.09410871795004,244.0915985107422,6042700
2020-04-21,239.16578461132366,241.82264891226887,236.6931722198933,237.90524291992188,5964600
2020-04-22,243.82983118522978,250.75317803704792,243.3837826829169,249.1144561767578,5083200
2020-04-23,251.51919907533897,254.45725691538698,247.52420446711474,248.09629821777344,4270600
2020-04-24,250.58829150065068,251.94580451606717,245.1582246432026,250.90829467773438,3824200
2020-04-27,252.32397666692276,257.65708659374593,251.63552894382516,257.0752868652344,4099900
2020-04-28,262.1951327907647,264.3768600914135,254.98088548262717,256.5711364746094,4344000
2020-04-29,270.0007977699454,276.3520344442324,267.87724819057536,275.081787109375,8505000
2020-04-30,269.9814064444467,273.08431855528283,265.11374229224094,266.62640380859375,5898900
2020-05-01,260.54674529508776,265.6762075023503,259.1019368108797,260.58551025390625,5067800
2020-05-04,257.4437134539378,261.87504925830154,255.0292790569452,261.0896301269531,3747100
2020-05-05,268.4396765123508,269.4190389539966,265.00708454146394,265.6664733886719,3926200
2020-05-06,268.5560234524637,268.5560234524637,263.31017887135204,264.1731872558594,3261900
2020-05-07,269.3801954550087,273.87941457561135,268.827484300773,270.0201721191406,4371400
2020-05-08,274.80073530312666,274.82014737802575,271.0190796450003,273.869873046875,3215400
2020-05-11,271.0190166510315,274.22857759359823,269.205763564082,272.696533203125,4056900
2020-05-12,271.9402029822572,273.7631325177563,263.8532409667969,263.8532409667969,4031400
2020-05-13,264.0375044661131,267.6931291207003,256.17360292561295,260.9927978515625,4802100
2020-05-14,262.001173399642,269.13783036187795,255.95049728865368,268.8954162597656,6294200
2020-05-15,267.66389417304515,270.66983418152824,264.9973397382155,270.47589111328125,3813300
2020-05-18,276.79808658160886,283.22691275873717,276.3520529572102,281.1033630371094,6037800
2020-05-19,280.3956326379518,288.78315692571925,278.7665869407009,281.9082946777344,5211800
2020-05-20,286.7758970462701,292.01203599372127,286.4268349258378,289.73333740234375,4592200
2020-05-21,290.28604596563787,290.82905120893537,283.8669250175684,285.33111572265625,3944100
2020-05-22,286.1068378169494,287.7940306181035,284.11905387516595,285.9613952636719,2897000
2020-05-26,295.37675014589325,295.7452243403779,292.77807789956705,294.1258850097656,5246900
2020-05-27,294.7755154479911,295.4833752005489,283.25599385964995,290.6738586425781,5147900
2020-05-28,291.847151423297,300.5934402246126,289.7720728255393,293.1270751953125,4520800
2020-05-29,292.8362838356747,295.19254219634917,289.80125404007754,291.7599792480469,4930100
2020-06-01,291.6725948496009,293.86402749413605,288.86059757845146,292.25439453125,2841800
2020-06-02,295.7354118253754,296.82142194973824,292.5355584524094,294.3778991699219,4131300
2020-06-03,296.2106303365865,298.7608016619699,293.0398351561193,297.75238037109375,3429700
2020-06-04,296.1719122693316,297.31609994762033,290.25700113099964,292.22540283203125,4147700
2020-06-05,297.50033786237225,302.70738904843233,296.37553265998235,302.41650390625,5058200
2020-06-08,301.62129853426137,304.064821856326,297.73296714438203,300.99102783203125,3724300
2020-06-09,300.3801951990994,303.9582301206646,298.8481509197422,302.0382995605469,3314800
2020-06-10,302.91096946020053,306.4695917883466,300.8746851525726,303.64788818359375,4089000
2020-06-11,295.75486356017416,297.1899358777785,282.22814697758196,282.4123840332031,6505300
2020-06-12,289.72368485691436,290.88725494589517,282.06340413607336,288.7540283203125,4512200
2020-06-15,281.2004415431335,289.8497922826148,279.9883706744131,288.15289306640625,5932900
2020-06-16,296.6276295535114,299.711130184816,291.00360398315183,295.24102783203125,4013100
2020-06-17,295.7452418258786,298.15000067467355,293.88348826688116,294.5428771972656,2566400
2020-06-18,292.67138067147727,295.84217606494457,291.381750668839,295.5997619628906,2776600
2020-06-19,300.10861370736393,300.10861370736393,287.5030822753906,287.5030822753906,4533500
2020-06-22,290.5090758459087,295.6967437272147,288.695823034616,295.20220947265625,3489200
2020-06-23,297.7136188187956,301.01044483224257,295.18282968689624,297.56817626953125,3801500
2020-06-24,295.74522997429966,296.2494406970292,284.1675290958492,285.0887145996094,5086000
2020-06-25,285.23416270730587,289.33582040008287,281.8500709546348,288.96734619140625,3294800
2020-06-26,287.87154959556386,289.06420783353144,280.39550826223797,280.5603332519531,4922500
2020-06-29,282.49972309409924,284.2547990037958,276.4975469506596,284.0414733886719,3642200
2020-06-30,284.19662858103754,287.60013246769745,282.17975602067133,286.7274475097656,4283500
2020-07-01,286.9795618985548,294.06774934757743,286.16505389745953,292.031494140625,3801300
2020-07-02,295.0955174282145,297.5778650216197,292.1671657706778,293.2434997558594,3290100
2020-07-06,297.34518973793706,297.99487267862514,293.9708037168694,296.2979736328125,3013300
2020-07-07,293.99010290305904,298.4505279066461,290.31509715368446,290.80963134765625,3633100
2020-07-08,292.1689933471096,292.7806974784943,288.76094440430103,291.4310607910156,4115000
2020-07-09,290.91644649114045,291.9844989307921,282.1196293964281,286.0325622558594,5042800
2020-07-10,285.4596902292348,288.3336978613701,283.03231191095904,287.09088134765625,3030900
2020-07-13,289.2075084097087,289.94544079906274,281.5952546047996,281.7506103515625,4853700
2020-07-14,283.51777634816847,290.41153642531634,280.2650836042591,290.2658996582031,4795900
2020-07-15,294.1981841781551,297.8586591688939,292.6349671254055,296.83917236328125,5257300
2020-07-16,294.1691051867211,294.712835523238,290.2270454314327,290.6542663574219,3312100
2020-07-17,292.96520460426444,296.3732241950216,290.7125900293956,295.2275085449219,3169800
2020-07-20,293.14964935942635,305.83996118905145,293.14964935942635,302.8979797363281,5279400
2020-07-21,303.907773717917,304.9272607869014,297.4023877954833,298.6646423339844,3562100
2020-07-22,299.17928307332767,304.46126147382796,299.17928307332767,304.2670593261719,3303100
2020-07-23,304.4418246410942,308.0246379720695,299.75214203130423,300.8978576660156,3118500
2020-07-24,297.57726499806506,301.7038094084873,295.69361647317317,298.0044860839844,2500300
2020-07-27,298.14036070235244,300.9949604395891,297.1305628609473,299.8880615234375,2311600
2020-07-28,299.5384038527884,301.1890325173731,297.14015353459115,297.4314270019531,2116300
2020-07-29,295.6546618192424,302.6066764706233,295.2856955955393,300.3152160644531,3542400
2020-07-30,295.1691697006472,303.7329665382896,294.2370648298738,300.02392578125,3941600
2020-07-31,300.9949573245501,301.0823394015913,296.7324661253224,299.5676574707031,4684400
2020-08-03,301.96589536860915,304.3932739487427,300.31526608168394,303.50970458984375,3907800
2020-08-04,303.42230345725443,306.5196407014328,302.0629774639828,305.2574157714844,3409200
2020-08-05,307.179906282608,320.1032677447344,306.69443055636407,318.4720764160156,5677200
2020-08-06,317.88949962876916,321.5985412888557,316.4330724499895,320.5499267578125,4839800
2020-08-07,318.47204671807634,318.7924476298413,314.5202675634986,318.491455078125,3662500
2020-08-10,317.68556070473045,320.16147468668214,312.51037364180655,313.5007629394531,3752100
2020-08-11,315.55916210514624,324.83173486226497,314.180398266888,318.996337890625,5273300
2020-08-12,319.1128716659186,321.77326886145596,316.72433966093917,318.11279296875,3125900
2020-08-13,316.4622952615152,320.2490011422933,316.1613025909338,316.7147521972656,2526700
2020-08-14,316.20976505806675,318.12254055927474,315.3747314205977,317.3069152832031,1444900
2020-08-17,317.50108460631606,321.60821939547753,317.1903730695533,320.63726806640625,2904100
2020-08-18,320.6081993775133,321.77332340694653,316.8700301503521,321.38494873046875,3021700
2020-08-19,320.452801148172,324.74438964627933,320.4139547963415,322.7442321777344,3421000
2020-08-20,320.5983838523277,328.1815104662842,320.5983838523277,327.5212707519531,2966000
2020-08-21,328.18162023441226,328.95836961330053,326.2105897951711,327.3077697753906,2680900
2020-08-24,329.502045022598,333.84219886233063,328.9097789056442,333.6577453613281,2753900
2020-08-25,334.69671609786076,338.3377845800041,333.35679815545745,337.56103515625,2862700
2020-08-26,337.89113182729983,342.05652218015166,335.4637530067014,340.8233947753906,3512000
2020-08-27,341.51276983086575,347.60062485598445,340.39615194000606,345.6587219238281,3811700
2020-08-28,347.0957658630658,356.58195170550687,345.8141027236908,355.4847717285156,3544700
2020-08-31,355.97992765765645,355.97992765765645,347.2996194996586,347.78509521484375,3948200
2020-09-01,347.31893878954475,348.99869500049533,343.2894973130937,346.532470703125,4409600
2020-09-02,347.0083515699889,351.09604886166477,345.93058005657406,350.2221984863281,4127200
2020-09-03,348.0569843729725,348.5133327618823,331.346917403516,333.8519592285156,6297400
2020-09-04,333.0362409552245,336.91032652112625,317.0640828529002,325.2783508300781,6571200
2020-09-08,319.20996358531545,325.95805744134896,317.40397873247474,320.29742431640625,4425700
2020-09-09,327.58928527657963,332.80328920675294,322.71509060893294,329.77392578125,3344900
2020-09-10,332.55084406478585,335.1044509076291,321.52085072982027,323.2102966308594,2845900
2020-09-11,324.9871678109383,324.9871678109383,317.8021326472675,320.55963134765625,2920400
2020-09-14,325.2395413432118,330.12342494464974,324.3171258034342,328.76409912109375,3416100
2020-09-15,332.7838532726439,333.9392877394075,328.6961564220145,329.2884521484375,2396400
2020-09-16,331.36625889879184,335.9879965745966,329.91955094190433,331.9197082519531,3049000
2020-09-17,327.3466107059612,333.73545868998934,326.2397117467549,329.570068359375,3713000
2020-09-18,328.3855296522832,331.23044033663416,323.68612750246695,325.521240234375,4006000
2020-09-21,319.899383179398,322.0354882736673,311.4909398626289,318.3264465332031,4466000
2020-09-22,319.9382560231352,326.2688494876794,315.666045480895,325.56976318359375,3375300
2020-09-23,325.1134133814546,325.43384398630104,314.07369900112985,315.1029052734375,2893900
2020-09-24,313.811457678639,321.1712551587934,311.85011717833345,318.6759033203125,3706300
2020-09-25,316.19030582807295,323.79287160322764,312.7434403375687,322.1422424316406,3077500
2020-09-28,326.83191984959046,330.6769085317237,326.0551706216698,328.56024169921875,3122500
2020-09-29,328.56020993005427,330.8225133201621,326.0648580892372,326.46295166015625,2679500
2020-09-30,326.9193494214872,333.6674438973799,326.6474842137418,328.3466491699219,3285200
2020-10-01,332.2984194702283,336.6288843329149,330.395362897992,333.3955993652344,2503600
2020-10-02,328.44378778384385,332.6577141813381,326.249457312182,328.9875183105469,2184600
2020-10-05,331.7546216169751,333.2790222167969,329.1233519815365,333.2790222167969,2081600
2020-10-06,332.1235914287192,336.2986700672431,326.4532395269638,327.6280822753906,2553400
2020-10-07,331.8518351610239,334.63846149943896,330.45366249286377,333.9102478027344,3068200
2020-10-08,335.3780230660827,337.98319572772715,334.62950093396154,335.51409912109375,1991800
2020-10-09,338.2748474106738,343.49492364803683,337.3124956049632,342.5520324707031,3116500
2020-10-12,345.08911593775366,345.08911593775366,341.02582022758,342.2117614746094,2942900
2020-10-13,341.6187799468199,341.6868328085147,335.3877305880798,336.1848449707031,2523800
2020-10-14,336.1071066079871,337.4971768507929,331.6646844205234,333.1325378417969,2234300
2020-10-15,328.85528624192335,330.1287111241353,323.5282965562075,329.1177673339844,3727300
2020-10-16,330.50781556628493,335.3487936621303,329.7593232518181,329.924560546875,3324600
2020-10-19,330.6245681127824,331.7716179022898,321.2050899339182,322.4104919433594,2937600
2020-10-20,323.74217014354946,327.3971779811235,322.42012330951013,322.4590148925781,2677800
2020-10-21,323.2075135189879,326.9306039478788,322.0507336415025,324.111572265625,2725300
2020-10-22,324.06300101625965,326.01689550664844,320.05802755912896,324.2865905761719,2256000
2020-10-23,326.318203541509,326.318203541509,319.1442337539896,320.4079284667969,2945400
2020-10-26,317.29727979739835,318.1040947806819,305.4573285072466,309.1803894042969,5173300
2020-10-27,309.9969933720533,310.6385711543811,303.63956777043535,308.2569580078125,4314900
2020-10-28,293.26743324210474,293.56877630148495,280.54288288877535,283.2452697753906,11518200
2020-10-29,285.0145167825889,287.05586569787675,279.5222285454152,284.99505615234375,9582300
2020-10-30,281.7579674797446,283.7021314372856,273.3494642964974,280.5817565917969,6892800
2020-11-02,286.0253515373175,286.6086065753084,280.0762154140941,281.87457275390625,5094900
2020-11-03,286.229642373071,291.9551916393878,283.63416960394653,287.1434020996094,4097700
2020-11-04,296.5725180949924,303.9895091085773,293.80207823511046,298.6236267089844,4790100
2020-11-05,306.3419974433923,310.43445518160433,304.825521925501,307.69317626953125,3794400
2020-11-06,307.1584264608673,307.65416802017927,301.4328502587581,304.8837585449219,2978500
2020-11-09,337.23468056837686,347.0332534965992,331.382728288145,334.9405517578125,10933700
2020-11-10,330.4981323987101,336.20424869373,324.13100749800867,325.43359375,5330400
2020-11-11,327.9901925431714,328.27210463070793,321.82719619742534,323.1103515625,2969900
2020-11-12,319.87333996473427,323.79082972086286,317.1903838211254,319.1248474121094,3207700
2020-11-13,321.0786771394842,326.726471263734,318.201322686367,325.6766357421875,2393700
2020-11-16,332.25762760805225,333.0839032706995,323.8685845673372,326.0849304199219,3312800
2020-11-17,323.86863126589697,328.3401855379841,321.4870180711427,327.10565185546875,3412700
2020-11-18,327.1348347757173,331.43145132590075,325.51144438336956,326.5613098144531,3203400
2020-11-19,326.12384546442524,329.6914001659013,322.1674934844291,324.5588073730469,2718700
2020-11-20,325.4336392014164,325.80303514017885,313.9825134277344,313.9825134277344,4142400
2020-11-23,317.10282650856334,323.8976991239323,315.3141993824967,322.77008056640625,3219000
2020-11-24,327.50412658441456,334.5030986808116,324.79200969344777,332.8311462402344,3529700
2020-11-25,334.1143067719755,334.1143067719755,329.86631304041464,331.7910461425781,2535200
2020-11-27,333.2588286148545,333.30745050977333,328.1845598509903,329.60382080078125,1402300
2020-11-30,328.23318368168304,328.6122802032403,320.9620002623009,327.11529541015625,4276200
2020-12-01,330.18717321341023,333.06452821282653,328.1943869083595,329.4192199707031,4210400
2020-12-02,327.3778366723056,330.74123272187455,324.67544938797556,330.7218017578125,2972100
2020-12-03,329.1081347560642,332.763173182201,324.7920875787816,325.78363037109375,3080300
2020-12-04,327.51391775098983,334.7364807128906,326.4251608680381,334.7364807128906,4323600
2020-12-07,333.7740306921403,338.27477468616837,330.55644194025996,331.4410400390625,2389800
2020-12-08,328.835912962978,333.2588744010483,327.30003638489165,331.2758483886719,2224600
2020-12-09,330.9064717244251,332.17016659011153,325.34616091734006,327.44586181640625,2962600
2020-12-10,325.3072085580934,326.1723757062768,321.9438134216378,322.26458740234375,3506800
2020-12-11,317.95824911079075,322.3131864832517,316.4418037963483,318.279052734375,4179400
2020-12-14,319.81505840455407,329.2928602873638,318.44441888009163,321.905029296875,3552400
2020-12-15,323.85886384241064,325.86135052001595,318.47352090414097,324.3351745605469,3104600
2020-12-16,324.63651910022963,324.67541068931223,320.0580208666349,322.8284606933594,3393300
2020-12-17,325.20031603479424,328.8844854040062,324.0921283308222,327.4944152832031,2725500
2020-12-18,327.11528304421813,332.06317625524855,325.0155826228263,330.82861328125,8443700
2020-12-21,323.9074459788736,326.7653695297523,318.10411505399827,325.0350646972656,3642500
2020-12-22,324.8309492080112,325.8613538325705,322.34242147334834,322.96453857421875,2403100
2020-12-23,324.80177018503923,325.85160571409017,319.84414594845697,320.03857421875,2760600
2020-12-24,321.4188929536086,326.9792029308931,321.1272802329206,326.6195373535156,1308900
2020-12-28,328.4276408522617,335.9418460913346,327.46528907566926,334.8531188964844,3449100
2020-12-29,338.0706606352845,339.01358131689693,335.1349838150334,336.98193359375,2822700
2020-12-30,338.94552015072685,347.8303632282605,337.5165585273488,345.62371826171875,4200600
2020-12-31,345.1182649226546,349.3759887507999,343.3879601811185,346.9749450683594,2881700
2021-01-04,348.00532575121395,348.1317011467235,337.66235993074696,341.67706298828125,4638400
2021-01-05,339.06218185230205,343.1449380236342,335.7960006477065,337.7207336425781,2990700
2021-01-06,340.6369765857782,344.14617825393236,334.9405608220696,337.8470764160156,3966800
2021-01-07,339.63802232194286,342.9667404516077,339.08322606593407,340.5237121582031,3100200
2021-01-08,341.98368437282835,345.5071069471506,340.1635914578793,344.4072570800781,3371500
2021-01-11,342.71359072372405,343.988659436943,338.50889666550586,338.907958984375,2403000
2021-01-12,337.8178200847431,338.71328206074276,327.0627119465604,333.76885986328125,4858100
2021-01-13,340.28035998264556,340.42638087381675,335.043954586906,337.087890625,4125700
2021-01-14,339.38485783384493,340.25109184001445,317.9719500358955,318.2055358886719,8712200
2021-01-15,318.79942110418176,320.89204121682593,313.2904577902221,314.6336364746094,7911500
2021-01-19,318.2640335637684,320.3469404240337,315.9962243133777,317.2420654296875,4625200
2021-01-20,321.1839073360153,328.9120235936541,320.34687147541115,325.9726257324219,5081000
2021-01-21,325.4859384868611,327.87053996628634,322.89691968102727,325.51513671875,3484900
2021-01-22,321.5733572751605,326.20631359795766,320.1328412771692,320.210693359375,3846600
2021-01-25,318.77017358926605,321.1450628403211,308.7645038458619,320.40533447265625,6257700
2021-01-26,321.19378111940745,321.71937925995366,317.1253336873298,318.9551696777344,3503100
2021-01-27,311.81092781081827,314.38049159719463,304.76414239582846,307.0708923339844,7449400
2021-01-28,318.3614149948171,320.2204491301389,313.3877924892676,315.62640380859375,6906400
2021-01-29,315.1591175867157,316.9889529859213,304.0438863560048,307.84954833984375,7627200
2021-02-01,312.34626406298617,314.8865998721435,309.10511113721526,312.9789123535156,4930700
2021-02-02,314.8185370152705,327.18935403290334,314.8185370152705,325.4471130371094,5686000
2021-02-03,324.9311852457288,327.0335473286529,322.23511580167366,323.93841552734375,4036800
2021-02-04,326.4204227577393,334.09014444611483,326.1186976910866,331.7347106933594,4537500
2021-02-05,333.37958913964536,335.14128557133495,328.3865119440529,329.710205078125,2964800
2021-02-08,330.92684682146063,332.3770755569209,326.576130911886,328.0361022949219,2652800
2021-02-09,326.9850211095897,327.2478053338107,321.19378790100313,324.5419921875,2993300
2021-02-10,326.06027790254626,326.51773679400003,323.3836636809582,325.2913513183594,4246300
2021-02-11,336.2800972909697,340.2609492922014,331.1701971150577,333.72027587890625,5110800
2021-02-12,332.2213271051165,333.96356786250016,327.71490725162613,331.900146484375,3025100
2021-02-16,334.0414688150539,334.82010834854026,329.04836186536835,332.10455322265625,2916900
2021-02-17,329.9924832950216,331.2967208717151,326.8778657037095,328.3280944824219,2267000
2021-02-18,325.56382873918795,330.87814519204363,323.95786639048106,329.4278869628906,2393700
2021-02-19,329.40846904777675,329.95352263812117,322.16700882955195,324.27911376953125,4095800
2021-02-22,321.1937402146622,334.9369342858811,319.9965528534384,331.56927490234375,4940300
2021-02-23,331.559546887418,344.825827010681,329.3793321202123,341.06884765625,6326600
2021-02-24,343.45341849518303,358.9485955006089,341.2148074460062,357.517822265625,7467400
2021-02-25,354.83140046144825,357.51775699256103,342.81096489318884,345.1080017089844,5207500
2021-02-26,347.5510431320105,349.79942640110556,337.8568414125933,344.4072570800781,4868500
2021-03-01,351.0550609698336,356.6711045527138,349.5950892437942,353.2158203125,4382900
2021-03-02,352.3397536152672,356.82671798802835,349.7507341817774,353.13787841796875,3559200
2021-03-03,350.39314603573905,355.6782355263447,345.9645778768432,350.636474609375,3692300
2021-03-04,350.49050856471456,351.97967835413414,335.4819879961041,340.1733703613281,4572000
2021-03-05,345.4487194786044,352.13538387134065,337.17554804707567,351.2496643066406,4643200
2021-03-08,352.72908702739846,372.2537689914819,352.13537957767323,361.4207763671875,7213300
2021-03-09,364.9928022054487,376.98403952933734,362.77364715616716,366.47222900390625,5832800
2021-03-10,366.55015988770407,373.75267954241383,363.0462225763551,371.5140686035156,4509500
2021-03-11,375.2126658665839,379.1059230999596,372.39006031302563,374.12255859375,3729700
2021-03-12,370.9689895882191,373.68451482828533,369.11966883996894,372.4970703125,2467500
2021-03-15,373.08104325925797,377.5096107462257,368.5356828271767,371.5724182128906,4216200
2021-03-16,372.48740154855864,374.9985394207297,368.58440162658854,372.1759338378906,3445100
2021-03-17,371.66003457323205,374.8233057348293,365.8396049427438,368.5746154785156,3240900
2021-03-18,365.0220727615353,365.4600760922374,355.2986720893532,357.20635986328125,7205200
2021-03-19,355.06499946940295,356.50551514281227,340.7962397902263,346.9962463378906,12224300
2021-03-22,346.4415010397066,351.9991174836375,344.5532688848167,348.8358459472656,4140400
2021-03-23,349.71176146864036,349.71176146864036,344.0762939384443,345.789306640625,3756300
2021-03-24,347.55106529615495,355.24998515344646,346.49989889699725,350.052490234375,3550000
2021-03-25,348.4562387803017,349.8772692465196,344.69923038750966,348.796875,2961800
2021-03-26,350.32493034329184,356.82666128113215,347.72619837859884,356.3692321777344,2741200
2021-03-29,354.51995869837174,355.6003529182076,349.0401949381048,353.2254638671875,4054900
2021-03-30,351.15228126082354,354.8411502420596,347.5704922827871,348.6411437988281,2885800
2021-03-31,349.9940328515188,351.85306644886805,346.2857083033752,346.5484924316406,4372600
2021-04-01,347.51214472383737,353.7024093917691,345.76016116829805,353.6050720214844,3701800
2021-04-05,357.01166268296106,360.6323929588178,354.6173178934541,358.4911193847656,2180300
2021-04-06,355.16240307103436,360.8562980024063,352.82645455393737,359.7077941894531,2661900
2021-04-07,359.2892876475267,363.9806404259157,359.1530093755944,361.177490234375,2958300
2021-04-08,363.4771540689351,369.6260547519903,363.23353667344657,368.09613037109375,3528400
2021-04-09,366.4785252894029,370.6395296412491,364.88041056053027,370.37640380859375,2429300
2021-04-12,368.42750188644055,371.21450077409963,366.5760153498809,370.142578125,2896600
2021-04-13,369.3825070692423,370.3959639525086,367.18019588208386,368.47625732421875,2652800
2021-04-14,367.3751002477254,371.22426770273296,366.0108485287144,368.6614074707031,2317400
2021-04-15,371.4386161877338,377.48031028221527,371.24371035888265,376.6227722167969,2942200
2021-04-16,379.06874100631586,379.1661939311298,373.8748302106107,376.3110046386719,2725500
2021-04-19,375.0733576034962,377.8408478059532,371.58476938544544,372.4033203125,3360900
2021-04-20,370.4836669119518,371.5750683040835,364.0229275320227,367.0145568847656,3135900
2021-04-21,368.92443805809455,374.2937750087296,367.05347310111677,373.3193054199219,2466300
2021-04-22,373.2998425424747,379.55595115085725,372.23767412969164,373.57269287109375,3713700
2021-04-23,374.53744851927934,379.92626496320247,373.67015618084554,377.1782531738281,2294800
2021-04-26,377.92858413668563,382.9081399451699,377.2172402629423,377.5777893066406,2255000
2021-04-27,378.3085967315104,380.4621662630399,376.2817130086214,379.13690185546875,2270000
2021-04-28,380.7252523741306,391.2495112675158,380.7252523741306,385.5488586425781,4065300
2021-04-29,381.5048747700491,382.3721670484544,374.01120064900175,379.0199890136719,4637100
2021-04-30,373.085441521861,375.17082087860524,366.0205364533678,372.3058776855469,4043200
2021-05-03,375.62884449528536,376.99309615681943,367.22892025949443,369.71380615234375,3344100
2021-05-04,367.44331572456963,368.55419577543563,362.09345657557657,366.31292724609375,3321200
2021-05-05,368.2813265273436,369.94769112577603,358.63408244651276,359.71575927734375,2993900
2021-05-06,361.6646954893974,366.13750780367485,356.36357798985625,365.8938903808594,3787300
2021-05-07,367.62847773628044,368.9732507872385,364.02292766453655,365.8159484863281,2935900
2021-05-10,366.1959633547827,366.4005936574519,356.08096348449084,356.9872131347656,3193700
2021-05-11,351.79331624516584,359.5110996229114,350.0977187434168,358.22479248046875,3073100
2021-05-12,355.4377930926659,356.0517137100325,346.56038914896226,347.5153503417969,3293200
2021-05-13,350.1561048911845,353.57650227962813,348.78212909528764,350.8284912109375,2626000
2021-05-14,353.76178551145284,355.3988877085962,352.261093628175,354.61932373046875,2959700
2021-05-17,353.05040201135887,354.7654784017365,348.91865951285865,354.0248718261719,2511600
2021-05-18,357.63044068467906,360.39793153444117,353.61562959645426,353.80078125,3421200
2021-05-19,348.2072305534403,351.9297117921959,346.2972783464398,351.7640686035156,3577900
2021-05-20,353.6739848556625,359.97880410499977,353.2354616578232,358.3124694824219,4087500
2021-05-21,359.71571834925913,363.0191547918947,358.07858683855517,358.21502685546875,2708700
2021-05-24,360.631748627853,364.19831144816675,360.20300930123636,362.873046875,2351500
2021-05-25,363.6039074662329,364.208073961206,357.4550056401049,357.84478759765625,3916300
2021-05-26,359.5793378362856,360.4661088776132,352.80676117677774,353.3914489746094,3101900
2021-05-27,355.2428811929441,357.04565590270664,351.33527831460003,352.75799560546875,5416300
2021-05-28,354.2197321565725,356.08097283225464,351.218378597635,351.374267578125,3624300
2021-06-01,355.17478877251284,356.071284398994,350.36090523768166,350.6045227050781,3119700
2021-06-02,354.2489455659613,361.69390785904733,353.61554625028697,357.48419189453125,3531000
2021-06-03,354.0832729127988,357.32827345650645,352.49491238529674,352.5826110839844,2605900
2021-06-04,355.0090800566568,357.2698570636428,354.41466777053387,356.6754150390625,2295200
2021-06-07,358.40994055040403,361.8693257974534,354.0053482517482,354.784912109375,2133400
2021-06-08,355.68147330902576,358.293045208695,353.9566724867693,355.9348449707031,3224200
2021-06-09,357.5718975490539,359.89114008587484,354.0540466308594,354.0540466308594,2520900
2021-06-10,355.3792944508217,356.3050523975553,352.71898193424767,354.9992370605469,2460200
2021-06-11,356.207688289469,357.4842413099414,354.5120906663903,356.168701171875,2708300
2021-06-14,356.655914629379,357.26983530615627,352.85548869987184,357.1626281738281,2515300
2021-06-15,357.96171653780374,359.3357224621382,353.4791497132965,358.7218017578125,3562500
2021-06-16,359.94960405033135,359.94960405033135,352.07587262534025,354.53155517578125,3081000
2021-06-17,354.21977599504925,359.7255244747909,352.00774023181935,357.91302490234375,3824900
2021-06-18,352.8749655610906,360.9240948576817,352.7580339543967,358.0396728515625,5009400
2021-06-21,359.20899981944325,366.83911387909365,356.85079990556983,363.56488037109375,3094600
2021-06-22,364.44192950423985,369.09016920887,362.5222229218556,368.3885498046875,3582700
2021-06-23,368.34949922668847,369.0511185099916,364.73422543141515,365.5625305175781,2241800
2021-06-24,369.3240219228183,370.35695744146796,363.379750714628,365.1825256347656,2788200
2021-06-25,365.86462857059604,369.95738310743104,363.79872800805737,369.91839599609375,3983900
2021-06-28,371.1949978535206,371.1949978535206,355.7983593044104,358.2929992675781,4800300
2021-06-29,359.58905173455486,361.9082942382412,358.5171291817855,358.6048278808594,3394300
2021-06-30,358.5561332907965,360.7194571858594,354.97006224077313,355.7691345214844,2884900
2021-07-01,356.7046641120831,361.73293192929407,356.26617053812964,361.2456970214844,3108500
2021-07-02,363.17506703658273,365.9035699418167,362.64884514112646,365.455322265625,2786500
2021-07-06,367.03404593186724,368.583449352469,362.01553238618385,366.517578125,2740500
2021-07-07,367.17041075201297,368.49567514020174,362.9412162354191,364.3736877441406,3176600
2021-07-08,358.53949598141395,361.5541510278676,356.7345973258574,361.1639099121094,2809000
2021-07-09,362.7834735146946,364.373735242613,360.8712710232029,363.8468933105469,2404800
2021-07-12,365.8566410836682,366.9005591785311,363.0078242714279,366.4029846191406,2648300
2021-07-13,366.3932640191913,377.2128919507882,366.3932640191913,374.35430908203125,5161000
2021-07-14,373.64208488460724,382.0811722025011,373.64208488460724,381.2713928222656,4140500
2021-07-15,380.62753000501675,383.71045594884475,378.00311582924303,380.71533203125,3773000
2021-07-16,383.56415739207483,383.8665965481261,375.9348185476653,377.6811828613281,2706500
2021-07-19,368.7834796067095,369.3688561639575,354.5101883174324,356.53948974609375,6814400
2021-07-20,358.0516465096382,367.4175810923803,356.3638174030046,365.261474609375,3542200
2021-07-21,366.8615658392517,371.61281983526476,365.905449661949,370.7933044433594,2393100
2021-07-22,371.02740709137373,373.52498607326515,367.8566495006493,372.8420715332031,4180300
2021-07-23,375.7006973645449,384.88126546986484,375.7006973645449,383.6715087890625,3720300
2021-07-26,382.120202726534,383.31045752725726,378.80307868375496,383.2226257324219,2285800
2021-07-27,380.49089692217933,385.64215710495546,376.48112253050493,380.7543029785156,2783800
2021-07-28,382.071396418392,382.17872984690644,373.0078997079266,374.0908508300781,3372600
2021-07-29,378.0517774540863,385.11523855564934,378.0517774540863,379.329833984375,3774000
2021-07-30,379.5153566027295,379.5153566027295,373.7396856332705,376.52996826171875,2533300
2021-08-02,379.8078776398451,380.47132016210134,364.6858065172836,366.1102294921875,3430300
2021-08-03,367.4761479790736,367.4859136830992,350.8028458971826,358.6370544433594,6328500
2021-08-04,358.32483676181135,360.2565703596677,354.5687029860562,359.03704833984375,3203200
2021-08-05,359.2224457014143,362.8907479732527,358.0516925629301,362.8712463378906,2562400
2021-08-06,362.36391473844714,366.34442158502856,361.9541422318125,365.3980712890625,2038500
2021-08-09,365.0663954836616,365.36883459370245,359.89563349894104,361.6419677734375,2400800
2021-08-10,363.2127574374318,363.66153328680144,355.23218124207654,358.8712463378906,3225000
2021-08-11,359.56388813816034,360.93951265540187,354.88093513037165,355.3589782714844,3267700
2021-08-12,353.7297246527601,354.36387021743667,349.1248078134392,353.15411376953125,3802900
2021-08-13,353.4272913085354,354.63704777618346,351.83702963177785,353.90533447265625,2304600
2021-08-16,351.7101387006979,354.9394305188171,347.9247377145859,354.6955261230469,2937300
2021-08-17,353.17363663776166,355.57364804187154,351.0175296788437,354.3736572265625,2812800
2021-08-18,352.37360397951784,356.7638837570891,351.7979930926106,352.14923095703125,2774500
2021-08-19,348.1979545920374,351.3589762170281,346.07111513080497,348.59796142578125,2727900
2021-08-20,348.6467122614523,349.58332665082236,344.7149742873832,346.3345031738281,4135900
2021-08-23,348.7540383779021,353.407723794456,348.05159248733855,352.2077331542969,3537900
2021-08-24,354.17844530253785,357.1735983885511,352.65648427497445,352.95892333984375,3032000
2021-08-25,353.1345207056456,353.56379481030757,349.75889231306326,350.3442687988281,2340400
2021-08-26,349.27119028419077,349.4663257635795,343.22234770506697,344.2565002441406,3946300
2021-08-27,343.8662294054117,347.8077335159143,343.0759813969743,347.0565185546875,3698300
2021-08-30,346.1491032147913,349.310124399325,343.6612903114271,344.4417724609375,4032100
2021-08-31,344.3344715723297,346.55887846705417,336.27586082218966,337.7880859375,6780400
2021-09-01,338.910056389683,343.4661740394419,338.8319903062876,341.0466613769531,4499600
2021-09-02,341.963794534362,341.9930618765604,331.05636522374186,332.9588317871094,7412000
2021-09-03,331.64168406255095,335.7490556009128,330.66606646125604,331.93438720703125,5171000
2021-09-07,336.4808095986275,339.5149664152588,334.6563794532737,336.30517578125,4764300
2021-09-08,336.58812589439566,343.41745018790516,336.58812589439566,342.4808654785156,5054500
2021-09-09,342.1588526207329,345.0174349206911,341.3881361255738,342.841796875,3716200
2021-09-10,346.27605951917695,346.3443599188845,338.55891823661557,338.919921875,3437700
2021-09-13,341.4662563262424,343.40772637040754,337.914992969172,339.33941650390625,3234200
2021-09-14,341.1540236370504,341.3491591055772,336.8320439479616,337.3686218261719,3281900
2021-09-15,338.53931690904864,339.05639306093855,334.4027076939295,336.34417724609375,3833500
2021-09-16,336.98806952360417,339.2027106962593,336.2856236799779,337.8661193847656,3771100
2021-09-17,335.61248797342876,337.56372336862313,332.46123209173373,334.6759033203125,5527500
2021-09-20,330.0709708377241,332.79292264715036,327.43679127058294,331.4075622558594,3956600
2021-09-21,333.8563535919299,334.8124397819276,329.0563019145122,329.15386962890625,2967300
2021-09-22,331.0270913094389,335.48567158124854,330.28564206397067,335.0368957519531,3238800
2021-09-23,337.3100687337318,346.1394271666476,336.783256589743,345.4369812011719,4783200
2021-09-24,345.3979099815733,351.1540480709338,344.1588863041045,349.4272155761719,3306200
2021-09-27,348.34430825565187,353.7492389664469,346.500406176988,348.0711364746094,4158000
2021-09-28,346.83204564758216,347.31985443189666,340.53930042053145,342.61737060546875,3266900
2021-09-29,344.20772115749946,348.4711662729024,343.8174799836707,344.5784606933594,2808800
2021-09-30,346.09064858764975,347.3199365422551,338.92961751378306,339.2027893066406,4393300
2021-10-01,341.3003304804243,354.32483286711243,338.69544786718046,351.3979797363281,5227300
2021-10-04,351.15400040626736,351.8564461987608,331.0660396096422,335.80755615234375,7901500
2021-10-05,339.08567870537576,340.07106209035027,334.5685640802009,334.84173583984375,4724100
2021-10-06,331.7198458280062,340.3735716838915,330.8417659147705,340.1882019042969,3712000
2021-10-07,340.92082356673404,349.61478703071214,340.92082356673404,345.7171630859375,3209200
2021-10-08,347.7586999731501,352.02753093057186,346.0101296233668,346.7427673339844,2336700
2021-10-11,345.7561554475194,346.6646190188793,338.86934334744376,339.1135559082031,2769800
2021-10-12,340.5788309004054,341.89758468928477,336.6421256177129,337.345458984375,3042900
2021-10-13,338.2343925566884,341.409155808123,329.1790016453628,334.4246826171875,3755700
2021-10-14,335.88019819046934,337.8045944430653,332.93986929504945,336.6030578613281,4083800
2021-10-15,340.9207755099522,348.354592437385,339.6899345172674,347.75872802734375,4053600
2021-10-18,345.76594212423356,351.6075179591212,342.1223093916737,350.1422424316406,3280900
2021-10-19,350.1031709589046,353.90313325435017,349.33145080998725,353.717529296875,2835400
2021-10-20,353.3267588028632,354.0984490613835,347.7587002729278,348.5108642578125,2796200
2021-10-21,346.39112199781613,348.1299143376431,339.2307926117164,347.9638366699219,2516300
2021-10-22,348.42299080694335,353.2681902172505,346.6841983009138,350.366943359375,2774400
2021-10-25,354.0691922083389,355.8665933902125,350.48416788827274,352.5062255859375,2447900
2021-10-26,354.96792924825354,358.84602681413503,348.5500144932139,349.0482177734375,3320100
2021-10-27,339.9439015430866,342.9916696836961,326.0726154752198,327.94818115234375,9652700
2021-10-28,336.20256056446675,342.376231431196,321.2567339903885,325.3204345703125,9505100
2021-10-29,323.5718894530076,330.3219287205909,323.4448941420248,327.7528076171875,5843700
2021-11-01,327.4891270446687,333.0083263555333,325.1739961512224,326.31689453125,5126200
2021-11-02,327.37190418329357,327.9970729849942,319.13706184058316,320.8758544921875,5375300
2021-11-03,320.8953083912364,321.9502935485137,315.85475750401423,321.80377197265625,3952500
2021-11-04,323.4058335084319,330.7908193352041,321.7060937278474,327.6648864746094,4819500
2021-11-05,334.512631608179,342.0539173982281,333.1059647387632,340.71563720703125,7201500
2021-11-08,339.95368127787907,344.9746763009025,339.6117777118294,341.57525634765625,3862200
2021-11-09,341.89766476991036,342.09304678850884,331.78725643520664,336.6715087890625,4247800
2021-11-10,341.99533545299244,351.2949406500196,341.40921924314296,349.6538391113281,6337100
2021-11-11,350.08362971791894,351.31447068622094,344.40813162580343,346.13714599609375,4472200
2021-11-12,347.8173443052093,355.4172390776275,347.69034898589064,355.0851135253906,4724200
2021-11-15,356.68724436607664,362.53856995288214,352.3109429218713,352.9947204589844,4693200
2021-11-16,356.32563989540705,362.47981409687696,353.6197755493057,361.0047607421875,4969000
2021-11-17,351.2558596342389,359.48095325773033,343.0894044619553,350.8553771972656,11727300
2021-11-18,352.3792519124478,354.0887400949271,336.6030942652516,340.1588439941406,6533700
2021-11-19,337.9902096174568,338.6251563611644,331.27925271072525,331.8555908203125,6954800
2021-11-22,331.9337629148997,333.5748942874407,312.35770183687237,313.8620300292969,11378200
2021-11-23,317.4372447220875,322.057757075876,314.24295517855455,321.38372802734375,7116200
2021-11-24,319.3812640427228,332.4808022405295,317.4959200325915,332.129150390625,6414400
2021-11-26,314.1355197601843,319.30306641477506,311.6152589955399,316.66558837890625,6613900
2021-11-29,322.3703614369509,324.13845800947075,310.88259292550765,315.53240966796875,6362200
2021-11-30,310.6384470495525,313.33456386538694,302.93108259172595,307.6297607421875,10237600
2021-12-01,313.35405803704566,314.56534294678545,298.9162108741939,299.1897277832031,8008800
2021-12-02,302.4231079869988,314.74120687915007,301.83699179208685,312.7875061035156,6717600
2021-12-03,312.82655384996133,315.2198491877953,306.731017063165,314.65325927734375,4732900
2021-12-06,317.23216221256615,328.9641448642775,314.5458236564936,325.613525390625,6055000
2021-12-07,329.4916820109783,334.4931819202333,329.4916820109783,331.6505432128906,4939500
2021-12-08,331.3770176906752,336.06588833381454,326.3657696767914,334.4150085449219,4226900
2021-12-09,332.1779419547899,338.5079428092331,331.162039078147,336.5444641113281,3389600
2021-12-10,338.96707237868867,342.14183602488674,336.847293996494,341.8194885253906,3405900
2021-12-13,341.10643848303664,341.43856408544303,332.4515272974483,337.3162536621094,4358300
2021-12-14,337.32597718354435,340.1490592532484,330.0386519537198,332.6663818359375,4518500
2021-12-15,332.1291171525175,338.5665573458761,327.7625949198622,338.3321228027344,4918700
2021-12-16,343.5583023382908,345.58036003771014,337.13060992350375,344.75006103515625,5369900
2021-12-17,341.1063240054449,344.6229906905784,336.1536863326778,341.2235412597656,5898200
2021-12-20,333.3404189869476,335.5774147368409,328.44641878341685,329.2181091308594,5013900
2021-12-21,332.4514380307992,343.8512937560167,331.51367012221016,342.6204528808594,3105100
2021-12-22,338.5568344689501,350.3181228810781,338.5568344689501,349.20452880859375,3456400
2021-12-23,349.26312310541323,354.0789887363328,346.78191458073877,352.23272705078125,2627000
2021-12-27,351.666111894004,352.72109711279955,347.36797648863177,351.96893310546875,2677100
2021-12-28,350.4841170512,355.71027196285337,350.11290917847293,352.42803955078125,1920100
2021-12-29,353.40491666079885,354.74319686382,351.85172818940964,352.92626953125,1535200
2021-12-30,353.61980704916425,356.2084543705904,350.7966953852147,352.6331787109375,1558000
2021-12-31,349.6636118146439,354.9679023199969,348.5206837323378,351.00189208984375,1984000
2022-01-03,351.4610167640219,363.70095118808695,350.9335091964075,362.3626708984375,4708200
2022-01-04,363.3785748900505,373.54759124706095,363.0464493276054,366.69989013671875,6854500
2022-01-05,365.34207577484574,373.64530476972857,363.8865781141216,365.244384765625,5976600
2022-01-06,360.62758467660564,366.03665487063495,358.48547264305324,361.908935546875,4781100
2022-01-07,358.3778984382548,363.65980675133585,356.14772819582674,361.56658935546875,4551200
2022-01-10,362.7990438091947,362.7990438091947,341.1431810255853,355.9521179199219,6009300
2022-01-11,355.58043561834245,360.0113737656805,348.3031288816214,358.28009033203125,4131200
2022-01-12,360.87213141345813,363.9825849484353,359.0430287972966,359.27777099609375,5783100
2022-01-13,360.54928822479906,369.4209542536556,359.83527083817074,361.43939208984375,3892900
2022-01-14,356.353135157465,366.58438975178166,356.18683954708393,364.00213623046875,4029900
2022-01-18,362.68165946906834,364.00214395525455,357.21390386203836,358.2898254394531,4933900
2022-01-19,354.4848992425043,361.2242146745565,351.8439303247275,352.8416442871094,4464800
2022-01-20,353.91760088426605,364.9118283558637,353.76112598273903,356.0401611328125,5043200
2022-01-21,354.5729711177085,360.07986093482856,346.3664265063496,347.3152160644531,4867100
2022-01-24,335.07874974503477,342.4440839033181,323.36071542385906,341.7789611816406,7472800
2022-01-25,335.8123309177481,339.4509836449149,326.0994860053886,331.35205078125,6994400
2022-01-26,335.85145710772747,347.0119490666269,333.7876124984826,337.123046875,7438600
2022-01-27,341.4463510115735,351.7656628994115,327.01890208539993,342.8646545410156,8416100
2022-01-28,351.19838109815777,374.39967983531477,347.608652368107,374.1453857421875,8813400
2022-01-31,370.3991251093223,378.09702138692336,368.06140447919273,377.9307556152344,6345200
2022-02-01,377.3243202849418,386.85131920066766,374.0573620309889,383.4865417480469,5841100
2022-02-02,380.77717618682266,391.1747285341298,374.38018183476834,388.07403564453125,6115000
2022-02-03,380.0435283701687,384.34730447675156,378.0383392652387,381.5400695800781,4209200
2022-02-04,379.09469761904705,379.6620011515214,368.17873886639865,373.8421325683594,6045400
2022-02-07,373.8422084689767,374.0378170353051,365.1465972618971,367.9049377441406,4767500
2022-02-08,369.2840110641062,371.4652266000926,362.43708618477604,366.1833190917969,5825300
2022-02-09,377.16781425784444,379.9554972341666,372.2771528433242,373.0303039550781,5492800
2022-02-10,363.59128539229636,371.6902184314785,362.45664851189963,366.2029113769531,3995000
2022-02-11,369.597077655357,372.5706083752215,359.6005936347376,361.6839904785156,4345600
2022-02-14,360.7547135926385,369.03949425481653,358.73976371330957,365.9779357910156,3678400
2022-02-15,366.3887421936192,374.69310477575016,365.2345533747412,373.1965637207031,5800400
2022-02-16,371.65109854550997,376.58089314105604,368.54064534543795,374.55615234375,3424800
2022-02-17,370.32091878287173,372.95209722864644,364.0315348497627,365.528076171875,3972500
2022-02-18,366.32029627046296,366.6137239875662,360.9307783479378,361.8600158691406,4083800
2022-02-22,357.01823447830805,366.1344332734244,355.8444639591115,360.2362976074219,3897900
2022-02-23,363.835818250752,365.3910447924453,352.25473713790615,353.3306884765625,3802500
2022-02-24,338.3750110646002,362.4370659837222,333.84625479936835,361.30242919921875,7425000
2022-02-25,359.1897571732726,364.4423230350242,353.7904774313494,361.01885986328125,3817900
2022-02-28,354.2697851805436,357.3704482497533,347.8825816432373,352.92974853515625,4952400
2022-03-01,350.0247088094802,353.6731238022736,333.7583611293775,336.94708251953125,5894200
2022-03-02,335.46019660788835,340.7030004977958,331.2835830385837,336.56549072265625,4997900
2022-03-03,340.02813802989664,341.85724066456885,333.2496883189717,333.5333251953125,3975900
2022-03-04,329.5328173468733,331.42060581654135,316.91491467700234,323.527099609375,4670900
2022-03-07,322.3727728665143,322.5879631281855,305.2848034358687,306.0771179199219,6874300
2022-03-08,304.580587226171,317.62886664122226,298.92695469266073,307.4562683105469,5048200
2022-03-09,316.08341962688576,322.2456704977539,314.08802154820427,320.95452880859375,4015900
2022-03-10,314.89995940448085,318.98854583031374,312.75784697774054,317.49200439453125,3771300
2022-03-11,322.8129951474333,323.7324418785748,316.9442014679234,317.6875915527344,2987700
2022-03-14,321.9033369917367,329.5132048811331,320.1035771915705,321.40447998046875,4122700
2022-03-15,325.15074823787853,330.98040831498247,323.96718667750037,327.67431640625,3738900
2022-03-16,334.5114608448659,343.26575700394824,329.3175806403881,337.14263916015625,4340800
2022-03-17,334.13003946327325,339.294577428644,332.3204885226106,338.86419677734375,3244200
2022-03-18,339.1184732662587,345.0263707426841,335.0005148771138,342.434326171875,6790800
2022-03-21,338.4532992650321,342.34627623804914,335.000493730126,338.0229187011719,6053800
2022-03-22,339.1967024587668,346.190342117412,337.95448524003234,341.8865661621094,4669900
2022-03-23,335.8905574644771,339.14775407645794,334.27664546810655,334.6972351074219,2527800
2022-03-24,334.7657951504001,341.8083599760521,333.24970195540635,341.7105407714844,2482700
2022-03-25,342.74734406008724,343.8526383391067,338.0914247432368,341.3877258300781,2173800
2022-03-28,340.8888787795145,342.89403794474697,336.0177694458666,342.8255615234375,3134600
2022-03-29,350.8756469818527,362.6523691425647,349.29107730936073,359.5125427246094,5512400
2022-03-30,356.0499779712998,360.22659249691264,351.75596248563704,354.31866455078125,2614200
2022-03-31,351.7167839445877,356.1575127507777,349.5453291393803,349.5649108886719,4095700
2022-04-01,351.36470506316056,359.84512569836306,350.33767803253113,356.0108337402344,3806800
2022-04-04,356.2847303692859,361.6742495008654,355.2087787481586,358.8865661621094,3027200
2022-04-05,355.36523964261187,359.5907782965027,354.0154123073221,355.3750305175781,2215900
2022-04-06,348.67479324633547,349.28123044598425,341.93544793037216,345.8186340332031,3864500
2022-04-07,343.97721889984496,345.66194254225366,338.71736348541293,342.3806457519531,2848500
2022-04-08,340.1767652546155,348.5906081911305,338.56061320703606,345.0448303222656,2235100
2022-04-11,343.4482812461242,344.29062803642745,338.72713373888257,340.2453308105469,1809200
2022-04-12,342.8214190338971,347.209543958527,337.4146462718442,338.7075500488281,4038500
2022-04-13,337.3461114633765,349.67788540363733,335.8376886860885,347.8560485839844,3048500
2022-04-14,349.85416076188943,355.5058360574807,349.55052131420484,350.4810485839844,3358900
2022-04-18,346.7295697659214,353.36073455626763,345.9753734134817,349.48193359375,1871400
2022-04-19,349.4917263208388,357.19053110156534,348.7669134898031,356.40692138671875,2999300
2022-04-20,359.1397478589067,364.2624904765065,356.40696283916174,357.7978515625,3377300
2022-04-21,361.9018770996315,367.5241385984565,356.00532977973756,356.9652404785156,3605300
2022-04-22,353.1060863442916,354.67327606229264,343.41891750546364,343.97723388671875,2968800
2022-04-25,342.11613439773515,347.7775832242,340.0298167176422,347.3270263671875,3380400
2022-04-26,340.8036164776458,342.88012966320315,336.5330262446263,337.0521545410156,3116400
2022-04-27,349.6778685991118,366.07451875464733,348.698378771103,354.1541442871094,5702300
2022-04-28,361.5590267282058,374.13567050604036,361.22600382735027,371.06005859375,6843300
2022-04-29,364.4191928739119,369.3852136710547,354.33045920564604,355.9270324707031,4741800
2022-05-02,355.55476576628877,357.44517373810163,343.3992948427624,351.6759948730469,3903800
2022-05-03,354.1737093997022,355.98577148861557,346.19087359357695,350.45166015625,2686900
2022-05-04,351.9992822378484,361.666842813706,346.406403252177,360.96160888671875,3346600
2022-05-05,354.67324010931094,360.22693018446284,341.87130205961125,346.1222839355469,3424800
2022-05-06,339.14833695373517,344.05559032596244,333.7905266515363,340.00048828125,3635200
2022-05-09,334.0060196829499,335.3675248443153,318.22645345296155,321.2628479003906,5777400
2022-05-10,325.49425936569315,326.8361556350792,316.42417407627977,318.65740966796875,5003500
2022-05-11,318.80438532997545,324.2111588494891,312.0164975644985,319.1863708496094,4263900
2022-05-12,315.1704040031514,318.9022575345321,306.3549963117031,314.6512756347656,3891500
2022-05-13,320.94945478608383,328.3543957180679,319.40184407177634,325.9742126464844,3536000
2022-05-16,321.8015374952853,326.7087603080604,318.3635192636423,322.9671325683594,2062300
2022-05-17,333.13427440670046,334.18233570720895,325.7097545880481,331.909912109375,2802300
2022-05-18,326.7773845534081,334.5937239724642,326.7186175563342,329.0106201171875,4521400
2022-05-19,323.23159858113746,329.314221202956,317.7758338189682,325.40606689453125,4380700
2022-05-20,328.81468465930465,332.6444628535113,320.968963064342,329.2848205566406,3428700
2022-05-23,332.0763726646872,344.094699830326,332.0078012156407,341.2835693359375,3420800
2022-05-24,336.8367411866046,336.94447071005834,329.0889737527556,333.7023620605469,2561500
2022-05-25,333.5946138385371,340.6077642023712,332.2527176317796,337.68890380859375,3033400
2022-05-26,340.86243410055965,346.0047553046629,338.91325905709584,342.71368408203125,2817400
2022-05-27,346.1418891361908,350.45163795869775,344.8881135890499,350.44183349609375,2658700
2022-05-31,345.848038880079,353.56642304092105,343.9380517659041,350.5299987792969,3873800
2022-06-01,350.85317420033164,356.9651795216608,347.57187817868436,349.7365417480469,2190000
2022-06-02,353.0961822647394,357.56265227138,350.4221948939772,355.633056640625,2484200
2022-06-03,352.10700524442956,353.54685645091877,348.4730765522645,350.4810485839844,2076600
2022-06-06,354.5752850504717,360.7558629040799,351.1764544649571,352.7534484863281,2196100
2022-06-07,349.6093144063534,357.0044809081031,349.0216145021868,356.55389404296875,2158800
2022-06-08,357.51377999295704,359.5902936036757,353.5762417249899,354.8985290527344,1709600
2022-06-09,352.38126956180463,354.78100170183626,341.7831824646307,341.8419494628906,2250600
2022-06-10,334.32924615345826,337.2481365697187,327.73729881434474,327.88421630859375,3300500
2022-06-13,315.39566297994514,324.1131147672096,311.39935841501034,313.1820068359375,4825100
2022-06-14,313.53469981354226,317.35470416309994,313.1037218980375,315.5328674316406,2788400
2022-06-15,320.6947450724831,323.84870328712634,312.878406047066,318.7161865234375,2357800
2022-06-16,309.606905931515,309.95953777884404,298.82271441231535,302.44683837890625,4528500
2022-06-17,300.70330792903036,307.6968780379779,297.4220117827451,304.317626953125,6235300
2022-06-21,309.5677280060687,313.66201793791515,308.42174172132866,310.8900451660156,3193700
2022-06-22,307.0406848222493,312.4964504669145,304.9739456927509,309.66571044921875,2671500
2022-06-23,312.3592453968681,313.4171109649334,307.1091951874103,310.2631530761719,2387600
2022-06-24,312.6727603891676,324.02504450047275,312.6727603891676,323.7214050292969,4318900
2022-06-27,325.1612139740894,325.1612139740894,320.4106827013783,322.0856018066406,2810800
2022-06-28,325.87619781464076,330.23490854531957,311.5952228853277,311.7617492675781,3394200
2022-06-29,312.5649671237796,319.42139553499334,311.8793422176516,315.9736022949219,3779500
2022-06-30,308.83306856290443,311.7617628846396,303.33814608338434,309.0093994140625,3411500
2022-07-01,307.657787414392,312.3985150026571,304.9250021895645,311.7128601074219,2287700
2022-07-05,306.65867448288014,313.7403969840157,303.11292594614,312.7119445800781,2112100
2022-07-06,312.45731604502805,315.7483881607015,309.2445899785388,313.60333251953125,2219200
2022-07-07,316.22251452068315,318.6847820379272,313.4462927017218,317.9098205566406,2202100
2022-07-08,316.6443300163744,318.80252257464247,313.27953747380286,316.91900634765625,1662100
2022-07-11,313.3089016368351,320.0188762973052,313.08326293563556,318.0274658203125,2073800
2022-07-12,314.12312757528167,321.1372074130213,314.12312757528167,316.7227478027344,2761500
2022-07-13,309.9441762017855,318.7534578639462,307.8448407004623,317.2231140136719,2442600
2022-07-14,310.1501458260251,321.3530472806348,309.3947934661168,318.8515319824219,2743900
2022-07-15,327.28804757700254,329.19117260188,323.49161701770157,326.2481994628906,3387400
2022-07-18,329.1225671956466,331.094369205038,323.52111549263464,324.7179260253906,2468500
2022-07-19,325.473259716583,335.50881048789864,325.473259716583,333.9097900390625,2689800
2022-07-20,333.9097094874594,336.7840058301818,329.8974600327359,334.78277587890625,2563600
2022-07-21,335.3714465982362,340.6295748384961,333.595854975003,340.3254699707031,2230800
2022-07-22,342.24815584082296,344.4161376378266,333.92934111667284,337.34320068359375,2253000
2022-07-25,337.90241990780487,338.9716966887925,333.64489189225554,337.6669616699219,2180100
2022-07-26,336.1365247599415,338.078897512856,332.8501992685699,334.7925720214844,2254200
2022-07-27,336.4897746772228,342.28743580659795,324.94348999963285,336.74481201171875,4580300
2022-07-28,341.384943322768,346.5449667012597,334.14522335540966,345.7503662109375,3635500
2022-07-29,347.39841378211895,350.0176434859691,343.3076673605486,347.06488037109375,3176800
2022-08-01,341.1985010379468,348.0948670499405,339.0893762287969,343.8766174316406,2289400
2022-08-02,340.482336043523,344.47497651568034,337.4412879565912,342.37567138671875,2878800
2022-08-03,343.3468785084485,349.703711493752,341.9146399120197,347.39837646484375,2921200
2022-08-04,347.9281624952951,351.79324028547,343.00356750538293,349.3015441894531,2339500
2022-08-05,343.7392495649278,351.028005704006,343.7392495649278,350.714111328125,1848700
2022-08-08,352.17579566810883,352.17579566810883,343.2389813513642,345.4658203125,2477600
2022-08-09,343.7392476889212,344.44556242137156,338.78525500904084,339.95263671875,2467400
2022-08-10,347.60440181648426,347.81040157627257,344.3769325382542,346.66265869140625,2443700
2022-08-11,349.0856745638672,349.0856745638672,343.69022373579344,343.91583251953125,2609400
2022-08-12,347.9967725800387,348.69329781471,343.60195162028003,347.53570556640625,2514200
2022-08-15,345.6325802569112,355.06973976362747,344.15130405696505,353.1077575683594,2526300
2022-08-16,347.53573468730383,353.1568249282359,346.38799177127305,352.42108154296875,2448700
2022-08-17,346.78039130659954,350.17461249672533,345.0636566961708,348.5755920410156,2439900
2022-08-18,347.58479451668,352.6859305791581,346.84905114769504,350.5669860839844,1934900
2022-08-19,349.85083662227225,349.988159799303,346.8391869682636,347.5455017089844,1740700
2022-08-22,343.34690141173496,344.3278925586256,337.73563085402134,338.9422607421875,2312400
2022-08-23,336.1758673506249,338.6479543282135,332.91896947243106,334.41009521484375,2240700
2022-08-24,333.7135389296458,335.78344567915804,331.9183384229348,333.2524719238281,2218400
2022-08-25,333.5370134636994,338.56950319213314,330.90796418962685,338.1182556152344,2228500
2022-08-26,338.4909812344907,339.0697923526703,325.39477345183224,325.6498107910156,1925000
2022-08-29,323.71720464747415,326.4836064023671,321.53940346941545,323.0893859863281,2308200
2022-08-30,324.70806898140125,326.6406227344693,319.3812942492681,321.5787048339844,2618900
2022-08-31,322.0495383551434,324.88458672996956,318.11575493132517,318.20404052734375,3129000
2022-09-01,317.6546923466525,319.4204641662819,313.1421277729149,319.06732177734375,2493200
2022-09-02,323.1482302284686,323.40329745371906,314.4370258618749,316.4284362792969,1936800
2022-09-06,316.3696333982551,320.7742739080565,314.46650824731114,317.9195861816406,2043400
2022-09-07,317.9195830318987,322.94228261953384,315.928172293163,322.373291015625,1998300
2022-09-08,318.361016662223,324.0115345553802,317.33098805929006,323.79571533203125,2114000
2022-09-09,324.25679073850705,330.6135935960332,323.87418985820796,329.4658508300781,1815700
2022-09-12,331.6632861927358,333.0268782278461,329.5541612593566,331.9870300292969,2097800
2022-09-13,323.7270089003976,326.47377154638366,318.4100248544569,319.2536926269531,2316900
2022-09-14,320.8233572167139,322.2359868815298,317.2034974428073,319.6559753417969,2657900
2022-09-15,317.4389124287989,319.744247544666,309.17898397638123,310.9349365234375,2486800
2022-09-16,306.9030511116349,309.6302049898756,303.23412428535426,309.13970947265625,3650900
2022-09-19,306.02015976702376,309.4536283269601,304.35246306292385,308.06060791015625,2369700
2022-09-20,305.2451866770273,308.3941596472198,303.5578808294918,307.3150634765625,2769600
2022-09-21,308.5020624968164,308.99255800005875,298.43708519029246,298.7117614746094,2366300
2022-09-22,297.19125184627376,297.31875553584456,290.95213317404745,292.6884765625,3176500
2022-09-23,287.5579615612284,288.97059131525003,284.72288256097727,287.9993896484375,3245900
2022-09-26,284.5364188157157,289.72586942845277,283.62410439879346,284.59527587890625,3635600
2022-09-27,289.85346388254936,292.2372652545144,279.38627486530635,281.03436279296875,4073300
2022-09-28,279.69030923750523,287.4107329917995,276.3353370272226,284.6639404296875,5611400
2022-09-29,282.86879989768556,286.51808811909956,279.4353309235719,281.3188171386719,3439700
2022-09-30,281.4071150682703,285.2330046140433,278.9350280761719,278.9350280761719,3804200
2022-10-03,282.3783015375365,287.18515206626626,279.504004724053,284.95831298828125,5285200
2022-10-04,290.5597306794461,298.1918395668692,290.35373094910557,295.54315185546875,3949200
2022-10-05,292.31568522897936,300.7718221725636,291.599551079622,298.4174499511719,2845200
2022-10-06,297.30716215020385,299.73412059432883,293.65198647698264,294.01556396484375,2494400
2022-10-07,291.4902942514005,292.01105707154153,287.8842358655342,289.8297424316406,2210800
2022-10-10,291.8637832984946,292.0701154381942,284.49447845144175,286.6954345703125,1783500
2022-10-11,284.77934373082235,285.3296126311844,279.463646000847,281.0652160644531,3554900
2022-10-12,281.54667845639597,282.48010548677166,278.274691219397,278.4417419433594,2646800
2022-10-13,272.4480776205532,290.281787111651,272.0452187412584,288.83740234375,3322800
2022-10-14,290.7042469998373,293.4161600680233,282.82401654421807,283.6592102050781,3106300
2022-10-17,290.27194238269897,293.52425900629845,286.2630248016521,289.8985595703125,3417600
2022-10-18,297.8869277719544,298.4076907138516,291.38226368656,295.1455383300781,3096000
2022-10-19,290.31122939428855,294.41841042473715,289.65292177922794,292.5711669921875,1914300
2022-10-20,292.5613586100761,297.4545870905237,290.4586362154755,291.1169738769531,2463800
2022-10-21,289.3778145340527,297.43490156617617,288.38540541740764,297.100830078125,3599600
2022-10-24,299.21337012830026,301.65016400701387,295.26343415018783,300.2745666503906,3184100
2022-10-25,300.57915105137687,306.66128519727073,300.530004370519,305.9833068847656,3012400
2022-10-26,306.84798504655026,318.7960862338484,306.84798504655026,313.9421691894531,5278000
2022-10-27,310.67018306408613,317.44993642172506,308.587131364395,313.8045959472656,4725800
2022-10-28,313.7456236987017,326.01796031840183,312.2815983973856,323.72857666015625,3644400
2022-10-31,323.1488732183994,323.6991121425599,318.1377408865774,322.4610595703125,3157900
2022-11-01,326.43066078358436,327.82592873805334,321.39005251928234,327.3837585449219,3660400
2022-11-02,325.6446274033548,327.1970808394233,314.0600737127533,314.24676513671875,3074900
2022-11-03,309.628644629972,311.2498853691583,303.22227438185496,303.7823486328125,2860900
2022-11-04,308.37093320711324,317.4990514773394,307.78138297696387,312.8219909667969,3414000
2022-11-07,316.8309427367821,320.1225410709646,312.17352240314915,319.4642333984375,2742100
2022-11-08,320.54510208904594,323.6598446367484,316.64428241051166,320.0734558105469,2387500
2022-11-09,316.6638613952864,318.0492939567741,309.6581058829661,310.13958740234375,3001200
2022-11-10,325.4087386310797,331.5203480165364,323.423950625993,331.3926086425781,3255000
2022-11-11,333.09248663523675,336.6592339889656,330.4984776558813,333.37744140625,3734700
2022-11-14,330.8718506001067,338.50646726596307,330.16439635280284,333.4560241699219,2348900
2022-11-15,340.55023980317304,345.09956116210367,333.5739600296535,337.52392578125,2983600
2022-11-16,337.18004135974365,339.115713017241,334.1733678186649,336.7870178222656,2579600
2022-11-17,333.09247505194395,335.96160337002345,331.12732770650473,335.3229064941406,2004500
2022-11-18,339.6364466369124,342.55469187911564,335.38188549969385,337.7007751464844,2737700
2022-11-21,337.0228164120242,338.25103367300096,331.73656452305653,332.3555908203125,1965100
2022-11-22,333.90809081143374,339.3024421642682,331.67765874932104,338.9486999511719,2510700
2022-11-23,338.6244141367814,344.6868777022973,338.1527679170048,342.5645446777344,1937300
2022-11-25,342.8789213716835,345.2764036783661,342.01425168917234,345.1683349609375,944400
2022-11-28,340.638627832785,344.126782302711,337.2487667113715,338.5850524902344,2226200
2022-11-29,337.66140965184576,338.71277059423045,334.8119522258007,337.1504821777344,1724200
2022-11-30,336.87543738119615,350.1893005371094,335.52931605672023,350.1893005371094,4252300
2022-12-01,351.7516041484248,355.279040683489,347.88026076754977,354.51263427734375,3374700
2022-12-02,351.2210192184809,355.9766728448769,349.855227233922,353.7855224609375,2015500
2022-12-05,349.7962765451897,352.64573459854364,348.2732991331926,349.88470458984375,2202500
2022-12-06,347.6542746495748,348.8137045554552,338.34929941594623,341.473876953125,2353300
2022-12-07,340.83518547307517,341.7882832051833,335.5194579141806,341.36578369140625,2454300
2022-12-08,343.9008210468301,346.03301933106013,341.16926715337473,345.0504455566406,1998600
2022-12-09,342.32866018700105,346.62250232161085,341.3067751755107,342.75115966796875,2301100
2022-12-12,344.20545107944906,352.1937814653055,343.01654508904045,351.9284973144531,2427100
2022-12-13,362.8055530751323,362.8252237427186,349.54080630865843,350.9262390136719,3072200
2022-12-14,350.7788460290871,355.78997839808574,347.6051218653743,351.27996826171875,2587200
2022-12-15,345.2960444402125,347.6345445335019,336.5904263297036,340.21612548828125,2774900
2022-12-16,338.7619019515336,342.1714336705282,337.39614018903376,339.8132629394531,5947100
2022-12-19,339.3416694158979,339.82315096288994,333.62311275243036,335.3131408691406,2457300
2022-12-20,335.421180087805,338.36890119585956,334.68424981079136,336.9736633300781,1895900
2022-12-21,337.65165986700094,341.54264354430694,336.4037720061277,339.6659240722656,2087000
2022-12-22,338.19208883459686,339.577521532731,330.5673063208736,335.568603515625,2276100
2022-12-23,333.112130788564,338.5359568980476,331.805320938512,337.6123352050781,1914500
2022-12-27,338.1035863025249,340.8646157567821,335.8534843322605,340.127685546875,1637700
2022-12-28,340.5108729725893,343.4193124515408,335.82400764196524,335.9910583496094,1854100
2022-12-29,338.3788143728874,343.6257555539989,337.55345587104955,342.1420593261719,1459800
2022-12-30,339.31220896558546,341.83743091602827,337.63201610514466,341.67041015625,1617600
2023-01-03,343.86149789819086,348.4796064737736,337.9464147740744,340.7565612792969,2933600
2023-01-04,345.2665724846236,350.7591556410234,343.59618526974805,348.9610290527344,2661000
2023-01-05,349.914186273015,351.3290949819461,345.1486972176409,345.6399841308594,2608500
2023-01-06,351.6532716127484,362.88263867303124,349.6947857568338,361.8492736816406,4432800
2023-01-09,365.74657024077703,369.063213514046,363.7093340939136,365.0970153808594,3913500
2023-01-10,362.97123057119853,365.79578973801824,361.3965547539514,365.13641357421875,3485900
2023-01-11,366.72089587739947,371.9370074346956,365.38244100906024,371.8779296875,3370200
2023-01-12,371.87791740105484,375.09616781201225,370.9528265869973,373.79705810546875,3291200
2023-01-13,369.1222115829138,371.8877224881622,368.3840852551549,369.5749206542969,4261000
2023-01-17,369.0632019042969,372.34046992205333,368.0593608075157,369.0632019042969,2814500
2023-01-18,368.5809352791462,369.86034224849203,362.66607329231397,363.0794372558594,2747100
2023-01-19,358.82784053615785,364.9296672057892,357.8436720377232,362.1149597167969,3111200
2023-01-20,364.36872935878597,370.65755071116956,363.55185265133935,370.32293701171875,3863400
2023-01-23,370.7756454298329,375.34220186311194,370.4016565798474,372.5766906738281,2743900
2023-01-24,383.82573058763745,383.82573058763745,369.27972076828354,373.993896484375,2756200
2023-01-25,369.16161528773006,376.5035039861517,369.16161528773006,376.3362121582031,3501900
2023-01-26,377.3400017912308,378.02890163585994,367.09480536185225,371.2676696777344,3718400
2023-01-27,370.2343586367149,374.49579512116276,367.4688474930775,368.1085510253906,3405600
2023-01-30,363.6108751216207,367.8231149788525,363.5518274160775,365.2445983886719,2688600
2023-01-31,364.13249072310015,366.58309069145747,361.2095091006508,364.73284912109375,3137400
2023-02-01,362.73493712380497,370.8149508934144,361.1897856011163,368.1576843261719,2951900
2023-02-02,373.51162903492747,374.44660115055564,366.89801532360565,369.004150390625,2761600
2023-02-03,364.92966834048974,372.2322118367343,364.6245785077815,367.9904479980469,2739600
2023-02-06,364.14235639690474,368.40379292012574,363.2073842788664,367.0653381347656,2068300
2023-02-07,365.6284973131033,371.1004724927106,363.00075385605834,369.1222839355469,2309100
2023-02-08,367.26214808348095,369.8406645775262,364.28011892697583,364.4867858886719,2193600
2023-02-09,367.3900745191514,368.6399876868033,363.404204265425,364.5556945800781,2287600
2023-02-10,363.78806312253084,364.3883914982049,357.17444952178005,361.02252197265625,2270700
2023-02-13,362.72520693806126,365.26437895623053,361.2588052132961,364.9592590332031,2286400
2023-02-14,363.7290079629534,367.4983904165069,361.90832013061276,364.1029968261719,1841400
2023-02-15,360.4812336723432,363.94549594817147,359.23135050120504,363.7880554199219,2203300
2023-02-16,359.1230994745855,367.1735910408839,359.1230994745855,361.73114013671875,2792700
2023-02-17,358.2962950079541,360.89451363577695,354.1037286014362,355.4126892089844,2718900
2023-02-21,351.1119377234146,356.0426011206139,349.5667860843378,350.3245849609375,2730900
2023-02-22,349.7340908446549,352.07641659377595,347.6181346545829,349.35028076171875,2109300
2023-02-23,352.0764629215702,352.0764629215702,346.09273109004783,349.9014587402344,1975500
2023-02-24,345.2659960255155,348.39564460779485,344.0554579733786,347.5295715332031,2016100
2023-02-27,350.0097044529644,352.3618515816172,349.20267906387033,349.85223388671875,2200800
2023-02-28,349.1928104926028,352.13546459048916,347.64765879504563,349.66522216796875,2732900
2023-03-01,348.3956181419621,349.684876360015,343.8586161753434,347.9035339355469,1968100
2023-03-02,348.0315066321705,350.9741607953257,346.12221736590345,349.9407958984375,2526000
2023-03-03,352.4504221332972,355.96391092363444,351.436729768979,355.77691650390625,2174900
2023-03-06,356.0918545343739,362.6956167718986,355.5407225761136,361.1209411621094,2789400
2023-03-07,361.35718777105365,363.30582232143456,353.85779802400884,354.24163818359375,1660800
2023-03-08,352.9326138420019,355.9737206139548,351.6236830913305,353.3459777832031,1634400
2023-03-09,353.5625531780247,358.25702637024443,348.30709670151555,348.8287048339844,2414700
2023-03-10,346.8308576602781,347.4607099422461,339.7645343667902,341.61474609375,3176400
2023-03-13,338.1897968750118,344.3211468715884,334.82392768431134,339.252685546875,3308200
2023-03-14,345.44312020735555,350.47220648672203,343.041746826521,347.23431396484375,3413300
2023-03-15,340.5714752140904,342.8842770452387,338.19965571398285,342.5693359375,3082600
2023-03-16,341.1325041919133,343.16974033568397,334.8928790757079,342.49066162109375,3768100
2023-03-17,344.7050149380427,346.3682620952455,341.3686693276792,344.1243591308594,8426800
2023-03-20,342.49059390812124,348.2381336040563,341.84103917761155,343.7897033691406,3864200
2023-03-21,348.75975830606603,350.5608033345505,345.2757936884632,348.95660400390625,3766800
2023-03-22,348.9959661516063,354.30064861264253,345.47265625,345.47265625,2596400
2023-03-23,346.83083423910716,354.1628717453311,346.2698509703951,348.7597961425781,2598100
2023-03-24,344.9018293601312,346.8406423183137,340.82735774909787,346.0631408691406,2971500
2023-03-27,349.9407703473809,352.22404827725535,348.67118468305057,349.00579833984375,2420300
2023-03-28,349.93090534644347,350.2655189901308,347.21459101782995,348.7203674316406,1695900
2023-03-29,351.722147952161,354.3301885045059,350.186847474764,353.8381042480469,2327000
2023-03-30,355.23563487611824,356.84965561087427,352.56851659539467,353.5723876953125,2480500
2023-03-31,355.412743947274,357.892837536719,354.67461763720195,357.6566467285156,3376600
2023-04-03,356.8693070576371,360.8552072987855,356.02293660759483,360.668212890625,2978000
2023-04-04,360.9929986975672,363.2762768568968,357.6271592010606,358.138916015625,2198700
2023-04-05,358.2868082252463,359.9132279151719,356.443500489667,358.5923767089844,2239600
2023-04-06,356.0491860936078,356.86734427381805,350.8840624751497,356.30548095703125,2357600
2023-04-10,354.5706580888721,355.77322862060544,352.4710855138199,354.9945373535156,1559100
2023-04-11,358.2276123381832,359.9723124504641,355.99989269620534,358.9274597167969,3033800
2023-04-12,360.8495741424681,363.3335885874991,355.87173866563654,356.61102294921875,2268800
2023-04-13,358.6219011158183,364.467168567249,358.19805199331216,364.36859130859375,2611700
2023-04-14,364.7136126444695,368.0551923454136,363.8363141100421,367.10888671875,2254600
2023-04-17,368.02557697440744,368.7550246251891,363.1266150949195,367.4341735839844,2432700
2023-04-18,368.6072351338863,368.6072351338863,364.6742214435698,367.0005187988281,2087800
2023-04-19,367.6608595404237,368.80428953760185,365.8570190789576,367.47357177734375,1795300
2023-04-20,366.1429141118874,369.82946917491654,364.40805051443476,369.6421813964844,2124800
2023-04-21,370.3518759409789,372.03743577589233,367.9270317824914,369.87872314453125,3537800
2023-04-24,369.7900505331912,372.2444951944579,368.2819115618015,369.3760681152344,1886300
2023-04-25,368.1635482752513,369.2281043355858,363.05756572222464,363.2645568847656,2245000
2023-04-26,364.35875404889197,366.9018788613602,360.8594569024187,361.5198974609375,2594200
2023-04-27,361.3424491610653,369.6224576339003,355.8421870404794,368.3311767578125,3859900
2023-04-28,367.2074976200968,376.47318963868014,366.2020816414165,374.600341796875,3107300
2023-05-01,375.05371238338654,376.99556707125726,373.5455735706838,374.4327087402344,1745100
2023-05-02,372.3725701706942,373.42728967994134,365.64016757623125,370.6574401855469,2478700
2023-05-03,371.2883399934364,374.12716672020656,368.98174627550105,369.5436096191406,1970900
2023-05-04,369.1492750736326,371.46570511243476,366.823008366787,370.7461242675781,2814900
2023-05-05,375.13262394121705,379.6471740828572,372.83589690566714,379.1641845703125,2683100
2023-05-08,378.52338469552126,381.92407403439137,378.2867932913495,380.001953125,1719600
2023-05-09,378.395291571015,380.65258145335815,377.23215812586403,377.4687194824219,2036400
2023-05-10,380.47512212624736,381.2341399313828,372.2542842665282,377.0744323730469,1940800
2023-05-11,376.74912898339255,380.2089891426941,373.84129544459023,377.91229248046875,1901200
2023-05-12,378.99654532124265,379.51897168208376,373.3878394434957,376.4632873535156,2044000
2023-05-15,376.4139708741342,378.17840440624735,375.09311993284086,377.9319763183594,1957400
2023-05-16,377.1336091580877,378.11932165976515,371.92904835249334,374.80731201171875,2762700
2023-05-17,376.7392654449123,381.9832321908686,373.71312136512046,381.4706726074219,3260300
2023-05-18,381.5791543262087,386.41900634765625,380.29774009912563,386.41900634765625,3729500
2023-05-19,386.39925004499634,386.5964045521308,379.637277608355,380.0611267089844,3369100
2023-05-22,379.4893994965101,381.8353997736275,378.6909748753472,379.0359802246094,1808800
2023-05-23,376.06900921140027,376.5717321951752,365.1473283236441,368.4100341796875,3979000
2023-05-24,364.0926420150105,364.32920340236325,360.3567830047455,363.2350769042969,2655700
2023-05-25,362.6534793782746,365.6894605577815,359.6963419606848,364.7530517578125,3752200
2023-05-26,365.69930268592515,370.3124295271878,364.76286386744954,369.0211486816406,2691300
2023-05-30,370.903851551707,371.2488568995376,360.9678840398231,362.2492980957031,3430100
2023-05-31,359.78504511546925,360.47505586475177,352.7372070973269,359.80474853515625,10695300
2023-06-01,361.9142030055574,365.7880458884602,360.8200464945087,365.5810546875,3389700
2023-06-02,369.2380180806958,370.4504552072858,366.83287732844724,368.39031982421875,2501500
2023-06-05,367.4243460633501,367.47361965729425,363.26463797776086,365.2261962890625,2316200
2023-06-06,367.6214569487379,374.9452929674719,366.4977303572802,374.5312805175781,2758700
2023-06-07,373.87092445960616,375.06362823167166,362.99851615066,366.08380126953125,3714500
2023-06-08,364.08274345531146,364.4868891777709,360.6229131413055,362.3380432128906,2594700
2023-06-09,365.16703703308065,366.79345660928186,362.50563138517623,363.94476318359375,2201800
2023-06-12,365.3740334338686,370.59829719116544,364.6544525428782,369.9477233886719,2407500
2023-06-13,369.94772564453484,371.79100305539544,364.5263073389186,366.0738830566406,2444100
2023-06-14,367.60167775606624,372.6780900424522,366.704675960755,369.4055480957031,2775400
2023-06-15,367.9368406147547,374.1468465118878,365.2261316333972,373.6244201660156,2558100
2023-06-16,376.1577358967009,377.42931345539125,370.78562077477994,371.15032958984375,5886900
2023-06-20,369.65198985459676,374.0876953318594,368.40998269486624,369.2675476074219,3961700
2023-06-21,368.61702363043696,372.9837526962817,368.32132192464934,370.7658996582031,2301300
2023-06-22,369.75053108237177,373.072406843818,368.60713127170095,372.402099609375,1933300
2023-06-23,369.6225054720526,375.6747649299297,367.887641745545,374.38348388671875,3739700
2023-06-26,372.65839761598676,374.56081517566463,369.987125649304,372.0275573730469,3327800
2023-06-27,374.9058794380062,377.37016062751945,373.5948950810704,376.3351745605469,2197300
2023-06-28,375.74373036098007,375.95072155216985,373.2597458220327,374.7974548339844,2012400
2023-06-29,375.4085383583532,382.4662420904161,375.0635330343896,382.131103515625,2524600
2023-06-30,382.5550078886459,389.52400213021747,382.5550078886459,387.6806945800781,4407100
2023-07-03,385.74870650505227,388.67627368429726,383.12670777872876,388.3312683105469,1304600
2023-07-05,383.2548102246123,389.6028000629015,381.59882072285507,389.0902404785156,2781800
2023-07-06,388.7645325412111,389.1396497889245,384.72714186856473,388.08343505859375,2156600
2023-07-07,385.6352995219863,387.40228481584023,383.40435820544644,383.6807556152344,2654400
2023-07-10,383.4833673521348,388.3696822021148,383.019411303747,387.11602783203125,2148600
2023-07-11,388.5572120059324,393.3349557854622,387.2936767099002,392.6834411621094,2106200
2023-07-12,393.8680503373621,397.9844289305008,393.58177189082187,395.53631591796875,2273400
2023-07-13,397.8166085992587,398.05351207602297,395.3092696782811,395.4079895019531,2354900
2023-07-14,396.9478570131777,398.3002310122066,395.1512589432748,397.3328552246094,1978500
2023-07-17,396.78004050754856,398.8036608952379,395.9606992846889,397.0268249511719,2344500
2023-07-18,395.26975958800654,396.7701983070091,390.12674958970206,393.038818359375,2676200
2023-07-19,392.88091401171954,394.7071252903037,391.2126484241273,393.1474304199219,1809700
2023-07-20,392.03200492740706,394.5788077458197,390.46242897674483,392.9401550292969,2570700
2023-07-21,393.5422870445952,396.34575511685426,392.3083646470309,392.37744140625,1868100
2023-07-24,392.3676114897365,399.7020393829741,391.5087761500656,399.5835876464844,3029800
2023-07-25,398.18185874554723,399.652684756946,395.8423464555827,396.1187438964844,2490500
2023-07-26,394.0456951516707,398.1225794517049,390.65981942369774,397.2341613769531,2572300
2023-07-27,399.9784099292884,399.9784099292884,388.88298952286766,389.4259033203125,3563300
2023-07-28,392.84142108864376,392.8809150427604,383.8782215080214,387.9057312011719,4501000
2023-07-31,388.9026993937544,390.9855457941438,387.4219926209465,389.2087097167969,3578300
2023-08-01,388.71516792403196,392.1898825483953,387.31341882624315,391.9628601074219,2344200
2023-08-02,388.81390826655866,389.1396505414839,384.56919692245543,385.0035400390625,2410600
2023-08-03,382.5751644866122,388.37954019461847,381.44984293866344,387.955078125,2190500
2023-08-04,386.57307214555846,390.99546093800967,385.05290141617195,386.3164367675781,2215800
2023-08-07,387.9451925451816,392.6340975441374,387.9451925451816,391.7654113769531,1559800
2023-08-08,391.0842841317862,391.28172376087025,385.11211191521613,388.13275146484375,1747000
2023-08-09,388.7940958576769,391.68643262879453,386.82970119278394,388.6065673828125,1806100
2023-08-10,391.36067525122814,395.47705346355457,390.6203218416416,392.0319519042969,2154500
2023-08-11,390.6598656926817,391.568045912806,387.7576775463875,389.8997802734375,1464600
2023-08-14,391.35082129647105,394.0950633748718,389.53446110244187,393.4533996582031,1638500
2023-08-15,392.37743392006473,392.37743392006473,388.5276021381269,389.3765563964844,1753200
2023-08-16,388.3795458682065,394.0654699305495,388.06365450361886,389.2975769042969,2002000
2023-08-17,391.04484375684183,391.1139205186117,385.96105919110374,387.5700988769531,2118600
2023-08-18,384.80610491069524,388.77438843917065,383.82881790083945,387.1258850097656,2001800
2023-08-21,388.1524900542394,389.90959433310286,385.99065561633245,388.14263916015625,1869400
2023-08-22,389.9194932412815,393.64099249630965,388.61646390727094,392.72296142578125,2422500
2023-08-23,394.1345648985486,396.7505046088865,393.23626573434746,395.90155029296875,1943200
2023-08-24,396.4246781759216,398.80368396507646,392.3872880596977,392.55511474609375,1970000
2023-08-25,395.4968591004618,399.41579841740275,393.86808732076446,397.70806884765625,2154600
2023-08-28,398.80370615101765,402.5548180697418,397.96463292247057,402.199462890625,1901300
2023-08-29,402.17974206706714,406.88837907054017,401.3604007286382,406.3553161621094,2188800
2023-08-30,409.44507839130824,412.4064922463373,408.201274932177,408.5862731933594,2516600
2023-08-31,408.882333476185,410.93559693894696,406.48359588872813,407.3325500488281,2535100
2023-09-01,408.51712470569,411.1527960232904,407.1844825816237,410.2248840332031,1841700
2023-09-05,408.0334866634442,410.05710745558486,404.43043909143125,406.207275390625,2045600
2023-09-06,405.4964758234994,408.0630402015806,403.63080099341215,407.8656005859375,2292100
2023-09-07,406.6219157701258,410.777758494529,406.4343571320234,409.28717041015625,2502700
2023-09-08,409.66224866529734,410.9751288818973,408.536896943875,409.5043029785156,1868900
2023-09-11,411.488451054482,412.2189234807264,409.30688466998276,411.33050537109375,1544700
2023-09-12,410.6000323134555,412.27814871239025,409.90902371532667,410.9158935546875,1997600
2023-09-13,410.8171624755031,413.0283415666621,409.6325850337789,410.9454650878906,2142200
2023-09-14,412.9197240387091,413.21588344968876,402.5350453698548,408.0235290527344,3557700
2023-09-15,406.5626703370139,412.9198419066678,405.85195984792125,408.9811706542969,4755500
2023-09-18,408.55663341085256,412.51506597695897,407.7274412009433,411.76483154296875,1808000
2023-09-19,411.5969962565276,411.7352100178232,405.8123828206118,408.21112060546875,1730900
2023-09-20,408.4480050447575,410.50126858093347,404.8054640779866,405.23980712890625,1580000
2023-09-21,403.08789371046794,403.5123557850774,396.92816274385746,398.17193603515625,2450700
2023-09-22,399.188672119827,401.6170226893446,396.39505525677646,397.04656982421875,1885000
2023-09-25,395.4474354484188,398.04361285800246,394.6972010296642,397.3131103515625,1846500
2023-09-26,394.8551893158067,395.6942626181148,388.54736320645776,390.29461669921875,2940400
2023-09-27,391.1139019393935,391.9233622536482,386.4447589164324,390.393310546875,1987500
2023-09-28,390.73881489488724,396.18783584581377,390.2847398573302,394.3023986816406,2216200
2023-09-29,396.8590278332928,397.0070924854841,389.17909658072244,390.8177490234375,3032300
2023-10-02,388.5374542960402,391.26193421046383,387.40225182127574,390.7585144042969,2856800
2023-10-03,389.42590821127783,392.7426771519846,383.9670367359041,386.0301513671875,2527900
2023-10-04,386.95806220203974,389.39629405408044,383.582037281884,388.6954345703125,1813400
2023-10-05,385.92743302298055,390.2079231486394,385.5418766653253,389.6938781738281,2116600
2023-10-06,388.73496931574965,396.4161390037836,386.0361652892207,393.4207763671875,2484000
2023-10-09,389.9509240513402,391.96761328319485,385.12670244547303,390.22772216796875,2475100
2023-10-10,391.01856033604577,398.11647796424063,389.3478764423126,395.7933349609375,2713800
2023-10-11,398.6403948859069,400.4989091794514,392.81770978897725,395.2397155761719,2055600
2023-10-12,399.18414840109375,400.7065531017354,392.77824061686687,395.3287353515625,1779000
2023-10-13,394.2511545449014,397.5431058258676,390.5637817437494,393.4800720214844,2235600
2023-10-16,395.66478317740433,399.8068890337456,394.2214811171178,396.57427978515625,2202100
2023-10-17,395.0716807611573,398.99627024360916,393.8952813832076,397.17730712890625,2176000
2023-10-18,394.54773008048795,396.78190551010454,388.0726156743818,388.7151794433594,1951400
2023-10-19,389.3479331799224,390.3167115578621,381.09337543443115,383.436279296875,3472800
2023-10-20,383.43624835497707,385.532009781482,379.7785612024625,380.01580810546875,2652500
2023-10-23,377.93977133947647,383.42631663205674,376.64474850221904,379.28424072265625,1771800
2023-10-24,381.09332730569565,384.97839600893946,379.4819551025425,382.4872131347656,2003300
2023-10-25,379.61054226666033,384.1876221215086,377.87065096060945,381.8941345214844,3504500
2023-10-26,366.7788235701574,371.2570394944847,358.8900630313469,360.4223327636719,6920100
2023-10-27,362.30063724442067,364.0800795166249,355.65745246606684,359.9181823730469,3624900
2023-10-30,362.33029120525305,368.9636107736859,360.5508791111205,368.1628723144531,3386400
2023-10-31,369.0525500289606,373.3626959641224,368.8449288378906,372.04791259765625,2978800
2023-11-01,374.3413882081479,376.05159304951553,370.7528783741266,373.5010986328125,2354700
2023-11-02,375.9527355671552,378.6614348316115,374.1634282956187,378.3154296875,2816000
2023-11-03,380.5990386152315,383.9997181529803,379.34356693300964,381.63702392578125,2269100
2023-11-06,382.67504579882325,383.8118940552602,379.8180670581555,381.74578857421875,2020500
2023-11-07,381.5876166137676,385.13657554181896,379.9070373228469,384.4248046875,2324200
2023-11-08,382.6848803739367,386.89619340960917,382.57615227934275,385.24530029296875,2838400
2023-11-09,386.4909451704558,386.97536451697414,382.84312298294105,383.5252380371094,2657100
2023-11-10,385.58141038010103,390.5736711045311,382.3191150088961,389.8717956542969,2807000
2023-11-13,389.8421936035156,391.10756072462055,388.52737993086475,389.8421936035156,1614600
2023-11-14,392.63980254592786,397.0883627555026,392.21472514417474,393.10443115234375,2733900
2023-11-15,392.9265218835762,394.71582936120166,390.24750833913816,392.2938232421875,2434600
2023-11-16,393.46033133124143,395.3781574779472,391.02843003053437,392.56072998046875,3060600
2023-11-17,395.397937121358,396.53478541744096,393.3614874309884,395.7241516113281,2365500
2023-11-20,396.1393561704854,400.56815598670244,393.7074849680724,399.77728271484375,2768300
2023-11-21,401.08214983223803,405.6592283754327,401.0524939738713,404.2752380371094,2567500
2023-11-22,407.5473955849371,408.1306475744974,405.4614996655147,405.6394348144531,1967900
2023-11-24,407.7747726258364,408.24929655476046,405.8371860446713,407.78466796875,1053500
2023-11-27,406.3018070343178,408.0021467035949,403.58324263202,404.2950134277344,2665900
2023-11-28,404.40380214742726,405.94599757660694,402.8023251591729,404.3346252441406,2645000
2023-11-29,406.3117449552997,407.36949083262215,404.73992390186777,405.1353454589844,2151400
2023-11-30,405.41217456352473,409.42576250416136,404.10725617340836,409.0995178222656,3203500
2023-12-01,408.1702152911679,411.8377973523059,406.8652971420306,409.6233825683594,2171400
2023-12-04,409.099468979507,410.1078286009049,403.36578122564293,403.5635070800781,3097900
2023-12-05,402.4365027484274,404.37408931084383,399.69817780470066,404.0182189941406,2755600
2023-12-06,406.72691966589775,409.0896139595084,402.50574107062073,405.6889343261719,2224200
2023-12-07,407.35960492699445,408.84245831726736,405.3033646646609,408.42724609375,2363000
2023-12-08,407.5078590817332,408.9412960046867,404.55204782687593,407.44854736328125,1959300
2023-12-11,407.74515858384495,411.4127712709655,407.6660863386123,410.9580078125,2236000
2023-12-12,412.2331747507242,416.18744980828507,409.9594786601164,415.9403076171875,2736500
2023-12-13,417.0376981881157,421.49615397148364,414.3586846817899,419.8254699707031,3694200
2023-12-14,420.15170299680744,420.9820973022744,411.1458240909009,413.7754211425781,3989700
2023-12-15,407.9032814882064,414.46739325273245,406.89495210358575,413.7852783203125,5566600
2023-12-18,414.7343263315781,420.23076722633675,414.7343263315781,419.57830810546875,2686900
2023-12-19,419.2026640860404,421.80260533158184,417.6901547527238,420.6064453125,2256200
2023-12-20,420.2208605623334,422.72193870725107,414.4476217265595,414.6552429199219,3058300
2023-12-21,416.9685071537933,419.0543731637362,415.80197286096046,418.5996398925781,2213600
2023-12-22,419.89466950888146,422.2870196876821,418.12512260743813,419.2521057128906,1759000
2023-12-26,420.1418098154273,420.85358067645205,418.1152555061627,418.8270263671875,1258200
2023-12-27,418.1646245624371,420.15165760974065,418.12507336109775,419.5090637207031,1324100
2023-12-28,418.9258474189255,423.4633752178527,418.8368798348755,421.44671630859375,1505000
2023-12-29,421.80256129901767,423.45348459824385,419.420106684629,421.634521484375,1706100
2024-01-02,419.2421551209203,419.42998561374316,414.76393948903257,417.06732177734375,2463700
2024-01-03,416.38521645263035,416.5236004054759,412.7274995982803,413.98297119140625,3093700
2024-01-04,413.7161163961703,418.6095448941551,413.49863001473256,414.9715881347656,2042600
2024-01-05,415.6833562204106,417.92742708856593,412.22336482808157,414.6256103515625,2415900
2024-01-08,415.2989114894873,417.91283130999506,412.4176380146873,417.8138427734375,2125400
2024-01-09,414.96222886389,419.51681907554195,414.40776016503963,418.42767333984375,2439300
2024-01-10,421.7941095592983,425.229851519524,419.96236853321466,424.04168701171875,2709300
2024-01-11,425.7546038296728,427.5269395945448,421.5663558025117,422.5069885253906,2320600
2024-01-12,425.70517000875435,426.8536908848521,423.47738397473864,424.8635559082031,1892400
2024-01-16,423.21992189250415,425.4873213684057,422.30899168287976,424.1209411621094,2398000
2024-01-17,421.2792549255869,426.13087127547266,421.2792549255869,423.2001037597656,2690400
2024-01-18,424.4080479331447,426.9625622748052,423.2297943965328,426.4674987792969,2075700
2024-01-19,428.279463902397,432.75485772115417,425.10116438023834,432.46771240234375,2400200
2024-01-22,434.6459992518262,436.5866398805495,432.9429794546214,435.40838623046875,2715500
2024-01-23,435.92320232271015,436.2499611530093,433.5369926327202,434.4281311035156,2328600
2024-01-24,434.20037849901735,436.5766771813187,431.457737672797,434.36871337890625,2725700
2024-01-25,431.6954286930358,434.29946787961956,430.17062445223075,432.4875183105469,2977800
2024-01-26,428.2794383681274,435.5469974202195,426.41802491763286,434.2004089355469,2725400
2024-01-29,431.4775356227725,436.6063861449417,430.37850917499804,436.2301330566406,2314200
2024-01-30,436.54699387160576,441.8144768312628,435.7053798675253,440.7946472167969,2663600
2024-01-31,445.5571562098749,457.43868037547156,442.2105220686273,444.7947692871094,4740500
2024-02-01,450.507789060059,456.5871833986611,449.56715631507063,456.3693542480469,3292700
2024-02-02,457.6466268103763,459.2605387770025,453.973263823205,456.03271484375,2050300
2024-02-05,454.97327655062224,456.8148983036896,451.03256013384436,452.25042724609375,2438800
2024-02-06,450.864223841056,456.0128964146399,450.864223841056,455.9534912109375,2201900
2024-02-07,456.6564778517225,457.67630748130483,455.0821795040923,457.3495788574219,2544300
2024-02-08,455.45843759806036,456.20103287675283,452.93362573701756,453.7356262207031,2081300
2024-02-09,453.5375600861469,454.45837092167045,451.86424307985897,453.3593444824219,2155400
2024-02-12,454.6465132471495,454.86434239802327,451.5771134725748,454.18115234375,1794500
2024-02-13,452.25042754848334,457.3198730587905,451.53753488507897,455.91387939453125,2407700
2024-02-14,457.43875143948054,460.85470225427565,454.90402830768136,460.5972595214844,2202700
2024-02-15,461.2308405183987,467.4488367808189,460.6367884999172,466.6270446777344,2354100
2024-02-16,469.4885236158441,469.4885236158441,462.458616011383,463.5081481933594,2237200
2024-02-20,448.32950777115997,451.34941334696515,445.67597457867964,447.2898864746094,5044200
2024-02-21,448.83450251716505,455.06241028733024,447.5374384645812,454.517822265625,2895800
2024-02-22,457.25055839400085,467.83501869457297,457.0228183006913,466.904296875,2572800
2024-02-23,469.0528475795554,470.4786327947602,467.20128481449575,468.74591064453125,1764100
2024-02-26,468.33006338003895,470.3895142113683,467.3399363961488,469.8251647949219,2066900
2024-02-27,469.86473717952464,470.3103063984128,465.31017733268783,470.0627746582031,2011100
2024-02-28,469.4885576184953,474.4094902763882,468.9934940924146,474.1223449707031,1931900
2024-02-29,473.28072533048925,473.666889380075,467.3894573533574,470.0727233886719,3072500
2024-03-01,470.2212052481364,472.78563048702375,469.22116733433734,471.9242248535156,1748300
2024-03-04,470.9737903765922,471.92430397123564,461.1715075092906,463.8646545410156,3212400
2024-03-05,462.75566179452863,464.6071944924924,460.0328124819281,462.9041748046875,2015100
2024-03-06,462.5477423051519,468.9439543940151,462.5477423051519,466.94390869140625,1917100
2024-03-07,468.52816486839083,468.5974508023573,461.2903380447054,462.9240417480469,2178100
2024-03-08,462.48833617521115,466.96369941894454,462.48833617521115,464.62701416015625,1596900
2024-03-11,464.3695301668105,464.7358722963038,460.10208551584185,464.5279541015625,1774500
2024-03-12,465.88449176663295,469.68657611174405,464.0824532367731,468.2013854980469,1853900
2024-03-13,469.54795670811507,471.4588946419879,468.1122604146703,470.914306640625,2103900
2024-03-14,476.27086753866814,477.24120285386573,472.4687835734205,474.74609375,2757700
2024-03-15,468.66670406902637,473.7361494042751,468.40926138337966,471.1321105957031,4179300
2024-03-18,473.9144250249702,476.0728947389166,471.9440516512724,474.1619567871094,2072300
2024-03-19,476.86495897936646,479.8254290282003,474.7758055216179,479.2214660644531,2049500
2024-03-20,479.5382842118668,483.62751328632197,478.8650051482528,483.2215576171875,1691100
2024-03-21,483.70674414520016,485.16223205000125,478.62738777913336,483.815673828125,2580300
2024-03-22,483.48891737374606,484.0632079601132,476.70654131847203,476.91448974609375,2277800
2024-03-25,476.84522272837836,477.5581154569908,469.72620638257496,471.3401184082031,2600300
2024-03-26,473.00348998492825,475.2609784237901,467.6468990813233,472.0925598144531,2515100
2024-03-27,475.756043559396,477.39965807464944,470.06281306935125,473.2312316894531,2309400
2024-03-28,473.1915918080456,477.66695490976974,472.56780697186196,476.8154602050781,2214500
2024-04-01,475.9144238732949,478.5085516501999,472.61728420549076,473.6767272949219,1648200
2024-04-02,472.2609205686089,475.6669601844737,471.5975221213998,474.6966247558594,3265100
2024-04-03,475.69662411472314,478.52837286553984,472.4985029877523,472.7064514160156,2265000
2024-04-04,475.23123448990367,477.2015774557134,464.3695406148457,465.1319274902344,2552600
2024-04-05,469.32022325704907,474.5777954926896,467.86473528006906,472.4391174316406,2462700
2024-04-08,472.34986935750254,475.6019831583904,470.2478974232635,474.779052734375,1961800
2024-04-09,473.90653891885313,474.8187308517839,463.85272961208744,468.14593505859375,2217200
2024-04-10,466.17283388717436,470.35695850567237,464.8640486871215,465.18133544921875,2710500
2024-04-11,464.2988695395753,466.3512784895172,460.24364471456926,464.32861328125,2299900
2024-04-12,462.0382776644485,465.52834131525265,458.1813341703422,461.4235534667969,2486300
2024-04-15,466.24218225722456,466.99573069849004,454.5325889675794,455.88104248046875,2070500
2024-04-16,456.089290096979,459.44055972203614,455.09779164024644,455.91082763671875,1787200
2024-04-17,458.8356905129738,459.4702639946729,454.2549728776765,456.2478942871094,1735000
2024-04-18,456.58502940680995,457.98304583140913,449.94197778775816,450.8343505859375,1998900
2024-04-19,454.98870747508494,455.95043185874067,448.74224950763255,451.5184631347656,2548800
2024-04-22,453.61053667240736,456.8229819380428,451.26069020897916,452.8669128417969,2157400
2024-04-23,454.5822153457953,459.0439583226709,453.42214885823,458.88531494140625,2029100
2024-04-24,461.3343127724508,464.16998375715235,456.4363081096657,458.5680236816406,4043100
2024-04-25,457.02126876381084,460.0552514063142,452.8371443618162,458.1813049316406,2006500
2024-04-26,458.9745635847633,460.8683293066677,457.0213103748939,458.4887390136719,1963300
2024-04-29,457.03126469325866,457.66580802543,451.80604801565596,453.2139892578125,2120700
2024-04-30,452.3811157364593,453.8286950756024,447.0468489599243,447.3641357421875,2698800
2024-05-01,442.00997622320676,445.16296414284477,434.65307501302124,438.31170654296875,4979100
2024-05-02,439.23381660326424,440.8797076734306,434.3258871361602,437.3499755859375,3866500
2024-05-03,441.12757828907024,441.47460879762116,433.1856660351362,439.8088684082031,3711500
2024-05-06,443.42780041365506,446.66998899691106,441.77198492111165,445.5495910644531,2536200
2024-05-07,447.9193465971782,449.4462324145831,443.7252972875061,449.2082824707031,2345300
2024-05-08,450.14030463089176,451.2408534068569,446.09500419360194,450.90374755859375,2332400
2024-05-09,449.6941053518726,452.15303237596225,449.6941053518726,451.61761474609375,1970100
2024-05-10,453.44197095268714,454.68134401006984,451.1119738113127,453.094970703125,1729900
2024-05-13,453.0453864971984,454.82017722240005,451.6374756209964,453.86834716796875,2069300
2024-05-14,454.0269986136738,455.0779845849216,445.4802562740464,450.338623046875,2991000
2024-05-15,448.9405640721053,454.70116729211617,448.9405640721053,454.10626220703125,2437800
2024-05-16,456.0893007113741,460.9773809548725,454.9193397671532,454.9689025878906,2412200
2024-05-17,456.53551788105284,457.76496639622263,454.2153846548718,456.3570251464844,1985900
2024-05-20,455.5737348002691,458.2904309666833,454.8796737574864,455.752197265625,1397200
2024-05-21,454.01704439311345,456.47597136363225,451.7564292095235,455.1969299316406,2166000
2024-05-22,454.9986260987755,458.56802651898187,451.30035629875596,452.63885498046875,1713700
2024-05-23,452.63884710128065,454.15583847119535,446.61055003063655,447.3739929199219,2084600
2024-05-24,448.66297869777003,450.58648813459575,446.49159464545784,447.3442687988281,2162100
2024-05-28,446.1742976955964,446.7989465536712,438.6389035051112,441.2961120605469,2670800
2024-05-29,438.35138831081616,440.78057174460946,438.0440261957658,438.7083435058594,1876900
2024-05-30,438.4505420100158,440.4137199275585,436.9236561100599,438.34149169921875,2189900
2024-05-31,438.9264881741769,443.5369503028883,435.5256554665463,443.2692565917969,3917100
2024-06-03,439.709753722822,441.21682050893617,434.16728088942716,439.4222106933594,2123800
2024-06-04,439.59072261796774,441.0978195735168,437.56808763783135,440.9887390136719,2096600
2024-06-05,443.00152599196355,443.7649992164647,438.54970732620563,442.86273193359375,2157000
2024-06-06,444.67709140589176,445.9561327672047,440.84992224631884,444.865478515625,1887100
2024-06-07,445.6289586351721,449.1487657780842,443.45757476407147,445.966064453125,1664700
2024-06-10,444.6077641507483,446.34288650025337,440.59217712987146,445.4306945800781,1954500
2024-06-11,444.0326628994501,445.43067934707443,441.3258612338627,445.22247314453125,1777300
2024-06-12,447.6516069754218,448.6530300510656,437.845703445108,439.2337951660156,2738900
2024-06-13,439.2338000351124,441.3655155863655,435.58509311167046,441.216796875,2916600
2024-06-14,439.5709036408326,441.1771262317065,437.44911276712594,440.8499450683594,2161500
2024-06-17,438.66868022471687,445.51993858645903,437.92505633932257,444.3003845214844,2351900
2024-06-18,443.25926721315494,447.36408506610456,442.90234231714,446.2833251953125,2636500
2024-06-20,447.22527904163593,450.6162169829814,444.5482211796194,448.6629638671875,3006800
2024-06-21,448.3457036529945,451.42924942638314,446.4321188333469,450.98309326171875,5007800
2024-06-24,451.06239358513545,459.1332056886562,451.06239358513545,453.07513427734375,2597100
2024-06-25,454.5822025660919,456.39663134543446,449.94196700441296,451.7762451171875,2299400
2024-06-26,448.9008766467336,450.8144611946739,447.55245341858756,448.5340270996094,2451400
2024-06-27,444.75642862220155,444.8853282508862,438.24227710553714,438.98590087890625,3313800
2024-06-28,440.8598798013451,444.48873745566567,434.9901957374021,437.4094543457031,4105000
2024-07-01,437.05246962497466,438.70828521733125,431.8471031797088,433.88958740234375,3149700
2024-07-02,431.3017976099448,440.97883153317395,431.3017976099448,440.8697509765625,2061300
2024-07-03,441.5341103653099,445.4703605411439,440.50294347385676,444.3697814941406,3192400
2024-07-05,443.3088689233738,446.1247512213723,440.50294155086624,445.66864013671875,2220700
2024-07-08,445.46042230451417,446.7791019291369,441.2168101498031,442.4462585449219,1802700
2024-07-09,443.50874690144025,444.43219902704095,439.6759084603271,441.5724792480469,1608400
2024-07-10,431.5533894135933,434.3337152990171,426.03249511200124,430.5902404785156,4760900
2024-07-11,428.9617801644979,434.6911893284661,427.08505783086196,433.3507080078125,4032600
2024-07-12,434.3237772788131,439.11982505214394,434.2443532489028,437.01470947265625,2645600
2024-07-15,437.23317788022376,441.27456113966684,435.65436387065427,440.87738037109375,1727700
2024-07-16,443.7966963300986,444.01515029350156,436.60762457566545,440.4106750488281,2846600
2024-07-17,439.28859881409215,448.3444530896193,438.95099366731444,447.98699951171875,2925000
2024-07-18,445.59399678596964,452.2270098999582,444.33293944786084,445.564208984375,3339900
2024-07-19,448.04659017929373,448.0664386110842,440.4503983639054,440.5695495605469,2121700
2024-07-22,442.2774673704155,445.693276523834,440.132654857598,444.7896728515625,2111700
2024-07-23,444.89890232230715,445.58405205368757,438.0077081421558,438.6134338378906,2385500
2024-07-24,430.9477478670157,432.7946522410284,425.8438821141411,429.4086608886719,3764800
2024-07-25,430.8881479152249,434.6217139265126,426.53894714738476,426.57867431640625,2384300
2024-07-26,429.2398276587733,437.6800482227656,429.0710099141947,435.09832763671875,2039600
2024-07-29,435.71393245535603,439.8049821843446,432.3577292574439,438.19635009765625,2248600
2024-07-30,440.6489892267989,445.5741277510409,439.89435485364197,444.3031311035156,2266900
2024-07-31,458.75079574663755,470.6664008309658,454.3221710084551,460.4487609863281,4313600
2024-08-01,462.18643533530354,464.2120966053163,455.96054283107054,459.15789794921875,2590100
2024-08-02,456.98327089835726,463.46734415290996,455.38457828150746,458.7705993652344,3808100
2024-08-05,451.7999895881204,458.0556696304689,436.4983643263755,438.89141845703125,4496700
2024-08-06,440.10286586314953,452.24686403515574,439.0006566582019,445.1471252441406,2758900
2024-08-07,447.3614803110228,453.70655482344057,445.88196898279824,446.67633056640625,2059800
2024-08-08,449.0594092150728,453.0610652164154,447.85792756881,452.37591552734375,1585400
2024-08-09,452.3759322569825,455.5732874899107,450.27084688057334,453.5675048828125,1760200
2024-08-12,454.5505266380262,455.235676343446,450.69783984468853,452.48516845703125,1760000
2024-08-13,454.9179732119549,456.40742389951725,451.69083005556985,456.1293640136719,1816100
2024-08-14,456.03007225811143,457.3010689122964,452.8625048389485,456.9237365722656,1654100
2024-08-15,461.82900802163005,465.70157368249335,460.73673814216824,465.4136047363281,2130500
2024-08-16,464.70858160432067,466.9526968449094,462.7623746619148,465.5823974609375,1921900
2024-08-19,465.70155282305893,466.84345888559585,462.24601653270855,463.6957702636719,1690800
2024-08-20,464.8376815215199,466.36685930136343,462.23611263431303,465.8207092285156,1763300
2024-08-21,465.24479834782557,465.79091811383694,461.2530513421023,464.7085876464844,2105900
2024-08-22,466.1880981129964,467.598124679995,463.4177418170184,465.5228271484375,1538200
2024-08-23,466.9923841053812,467.0321112715785,458.6514670779354,463.1595458984375,1986300
2024-08-26,464.80790549220166,467.22080827208646,463.7156356217956,465.3441162109375,1434400
2024-08-27,467.76687895575714,472.15580640962315,464.92700789374516,471.6493835449219,1635900
2024-08-28,471.6593487220069,473.05943589877774,465.5724558573962,468.4818420410156,1445300
2024-08-29,471.13308045042766,478.5306971416023,471.13308045042766,477.4185485839844,1893400
2024-08-30,478.45122330427694,482.3237886056922,476.2766231152229,479.940673828125,2982100
2024-09-03,479.07682309927054,483.267145343502,476.66392039377104,478.7292785644531,2063700
2024-09-04,478.69952330709,482.75084619457857,477.7959195763166,479.7421569824219,2156300
2024-09-05,479.7420944575397,480.75490989593527,469.7826062833824,474.0027160644531,2293500
2024-09-06,473.75448151265596,477.06107866690485,471.3713667194816,472.7714538574219,2116200
2024-09-09,477.12068765892286,485.76942254456327,476.19723553616217,483.6643371582031,2343600
2024-09-10,483.6742558388619,484.8955859157754,478.9377836191841,484.5877685546875,2234100
2024-09-11,483.09834455490187,485.67012571804554,474.4793973644284,484.7466735839844,2480000
2024-09-12,483.5253338453357,489.41362138282216,479.6031017409736,488.6490173339844,2299100
2024-09-13,489.63207743446264,493.35570401660016,487.9936877989123,489.8902282714844,2204700
2024-09-16,491.81657100143593,494.81535090618644,489.92003058996954,494.2096252441406,1589200
2024-09-17,495.09340761415484,498.2113085852166,494.34868228089135,497.4665832519531,2202800
2024-09-18,497.75456079193117,498.27089278951166,490.5654884809973,491.2804260253906,2193800
2024-09-19,496.48352406122905,497.6055816740793,482.83022714954524,489.5426940917969,3517200
2024-09-20,486.2063021515956,490.05901909209905,484.3097314802468,489.2745666503906,3470200
2024-09-23,489.69162653255387,494.18976598821064,487.84469209023865,493.6436462402344,2191300
2024-09-24,489.2150117634459,489.7810102695115,481.01312432114764,483.9820861816406,4143700
2024-09-25,481.3507334158824,486.4545684709468,480.13931236108533,486.00775146484375,3483200
2024-09-26,487.54682069470397,490.1583288800946,485.5608865981879,487.8149108886719,3073700
2024-09-27,487.57667485471734,492.51172296835307,486.9411916148747,490.1683349609375,2177200
2024-09-30,488.32133538491115,491.5087511354679,486.66306707557317,490.3271179199219,2862400
2024-10-01,493.7628234535241,494.52739720156796,489.641985799488,492.8890075683594,3748100
2024-10-02,489.47320845535734,492.4223219771123,486.23612598756563,492.084716796875,1736500
2024-10-03,492.06482969847553,493.59400750305207,489.53277573825113,491.4889221191406,1382200
2024-10-04,492.0747734104537,495.5402188908099,489.00650870931247,494.1997375488281,1935600
2024-10-07,493.83231699349733,495.0238896406709,487.29860677593365,487.8447265625,1990500
2024-10-08,489.0362513355201,494.03087417257507,488.07307212584794,493.5641784667969,1750100
2024-10-09,495.53292522989267,497.8893813511141,492.758855078329,497.0939636230469,1707500
2024-10-10,497.1436264420892,497.85951447789535,493.0073878289023,495.1749267578125,1491000
2024-10-11,493.6735649492886,500.04694976927505,493.63378496376663,499.3907165527344,1919900
2024-10-14,501.47871554357073,505.88343123346743,499.1819143653708,503.7655944824219,2127000
2024-10-15,502.7315485838126,506.9672222658995,501.12080798449523,504.3323669433594,2885900
2024-10-16,503.45734117476724,512.4556587442142,503.1093345782493,511.13323974609375,2956700
2024-10-17,513.3405273183873,514.0862427338983,508.59778819930347,510.82501220703125,2227400
2024-10-18,511.6005541746365,515.0408100036467,509.6517899491046,513.3903198242188,2604600
2024-10-21,514.0366016403005,515.856164462746,511.00403739387997,512.0679321289062,2217500
2024-10-22,508.2299820846877,511.6105530672402,507.58370136413606,510.0893249511719,1855800
2024-10-23,509.73130183706803,511.77953125291737,508.975664120513,510.7951965332031,1759700
2024-10-24,508.97565893270627,510.4074654045229,506.5495955116872,507.7029724121094,1911900
2024-10-25,509.57226036518597,511.78950170768576,502.7315586296576,504.46160888671875,1582200
2024-10-28,504.50136190503844,507.94158741206286,503.24858056042257,505.3067321777344,2186400
2024-10-29,504.6405986075032,508.4686108863593,502.81111356641105,503.3877868652344,2066300
2024-10-30,509.59216345879287,513.4997053961015,504.1036779595587,510.7554626464844,3121000
2024-10-31,518.2722591584346,524.8842940294849,496.17919396676655,496.7359924316406,5523300
2024-11-01,497.5811207987017,507.63335047248347,495.6820284833681,505.1774597167969,3753700
2024-11-04,506.23143252152335,507.086505004423,500.156321555633,502.6917419433594,2165100
2024-11-05,502.69174982203964,505.247075414783,500.73300266612296,502.671875,2132900
2024-11-06,517.8844771064339,520.0122665284954,512.9926005014783,518.1529541015625,3673700
2024-11-07,520.9965895920326,521.0363999231491,513.6389000266429,514.9215087890625,2382300
2024-11-08,517.3675347309756,525.8189776687583,516.5621643608347,521.7622680664062,2215600
2024-11-11,525.8287885057185,530.9792498708703,525.500717407097,527.091552734375,2213400
2024-11-12,526.0774262927179,527.8671921184534,524.2877211534676,526.1470336914062,2577600
2024-11-13,526.9823045523982,527.469495696266,513.4699113159179,518.8987426757812,2681500
2024-11-14,517.6458380952048,519.3758882500164,514.6928340074703,517.4271240234375,2480400
2024-11-15,515.5677182152183,520.3999389482434,515.0407169236101,518.9085083007812,2408100
2024-11-18,515.6274739259422,520.4994452492534,514.0465304281834,518.6500854492188,2493400
2024-11-19,515.8163846072878,519.6642715286503,513.807904880615,516.4924926757812,2716000
2024-11-20,518.5506934665038,519.5151230343002,508.0808188909616,509.61199951171875,2409400
2024-11-21,510.29809710593446,517.1487517791444,508.6575289831538,512.1574096679688,3077300
2024-11-22,513.9769187034411,518.7296410529468,513.2312032400527,517.8844604492188,3130400
2024-11-25,518.6599881107761,525.2322119194966,518.0435349034317,523.5916137695312,4503900
2024-11-26,524.8842335870248,527.6185233684403,522.060431256169,525.4608764648438,2326800
2024-11-27,526.0276296870691,530.5715294619085,523.5717694388126,529.338623046875,2086300
2024-11-29,529.9650541668709,532.7092966729052,527.002097596446,529.8954467773438,1760600
2024-12-02,529.8855011681939,531.7647186507269,523.2237644017372,528.324462890625,2355100
2024-12-03,531.615561539715,531.7647289058956,522.9553581941382,523.174072265625,2319400
2024-12-04,520.6486211047952,523.2735541655894,515.2098379670174,518.1629028320312,2630000
2024-12-05,521.6030832297185,524.4566828706777,519.1869724197677,521.7721557617188,2538600
2024-12-06,519.9426808106223,527.9665870716601,519.5151445290818,525.5504760742188,2122700
2024-12-09,525.9978448581005,528.5531702974032,518.898619538308,519.833251953125,2942000
2024-12-10,519.5251081107237,526.634226458677,517.2481511734649,525.9879760742188,2003200
2024-12-11,526.1669502014893,532.8286879006566,524.257935390901,531.3969116210938,2181100
2024-12-12,533.2263087774627,533.6837027778845,528.9309804033284,529.3684692382812,1860400
2024-12-13,531.118414506957,531.6255107249551,525.8884537521616,525.9779663085938,1608200
2024-12-16,528.960804382847,531.9436660616976,525.9779427039963,527.2804565429688,2923000
2024-12-17,526.3757743491918,528.7421832184243,521.8716232932749,527.9765625,4055800
2024-12-18,527.2904254417324,534.0615192347915,516.7410522091747,516.9896240234375,3190300
2024-12-19,521.1655663424998,526.1966572850145,519.2168022164002,520.2906494140625,3050500
2024-12-20,519.8829933751628,529.0404012144143,516.4526900681805,525.0135498046875,7317100
2024-12-23,522.8261083157864,526.3757212616393,518.1529458652317,525.938232421875,2270300
2024-12-24,526.2465060228974,532.6795163029914,524.8147297546599,532.6497192382812,955000
2024-12-26,530.581474048416,534.6282301635374,529.8755083017157,533.0870971679688,1109600
2024-12-27,530.5615862398731,534.489032876481,527.7676415931376,529.15966796875,1541800
2024-12-30,523.9893971519559,525.550435465697,518.3518052602013,522.5476684570312,2101600
2024-12-31,524.655581443128,526.1669176130853,522.5576497295307,523.5618896484375,1942600
2025-01-02,526.1668375491238,527.5290061368573,514.7026771832877,519.4156494140625,2818800
2025-01-03,519.5449515864346,521.4639187176638,514.7226219590077,518.381591796875,1627500
2025-01-06,517.9938285611538,518.3816151751622,508.0907658349623,509.0054931640625,2920800
2025-01-07,510.7454894395487,513.3803750408678,508.1603364088289,508.478515625,2211800
2025-01-08,509.11487323599016,514.4940017880324,508.6078073205071,513.4500122070312,2456700
2025-01-10,509.9448899972015,511.57793908230883,501.22208624242165,502.52655029296875,2815500
2025-01-13,498.872106198826,504.0002265621997,497.79670664598643,502.7655029296875,2885500
2025-01-14,504.9163630804046,507.22651679398336,502.0684943637771,506.8580627441406,2704800
2025-01-15,513.3802368570532,521.5454213116817,511.5480251118695,520.1314086914062,3024800
2025-01-16,521.3960326760513,524.8811671846328,518.5083254871432,520.9180908203125,3275600
2025-01-17,522.3519500891334,525.8868598951474,518.7971057815228,522.471435546875,2374800
2025-01-21,525.4188742928941,527.729027987854,524.6720597233309,525.8171997070312,2706900
2025-01-22,525.7573813720163,528.0476002341733,523.4372607589324,524.9408569335938,2037600
2025-01-23,526.80296422571,532.0804414851718,526.4345405814782,531.9509887695312,2196500
2025-01-24,530.7262447222923,533.7832129361533,529.889846452761,531.22412109375,2472900
2025-01-27,531.3137452795305,545.6625150152405,529.4018563275245,545.3140258789062,3074600
2025-01-28,544.2186927271108,549.207423789456,540.3551671480298,545.0352172851562,2727800
2025-01-29,544.6767733532602,548.2714263206122,544.1788969607984,546.4691162109375,2549000
2025-01-30,552.6427706753475,574.4895882210099,552.1747960600119,563.6060180664062,6005200
2025-01-31,561.4253027113806,563.1379682076608,552.2843000865392,553.0709228515625,4505100
2025-02-03,550.2928477159253,562.6003378660283,548.7295085105136,561.5548095703125,3195500
2025-02-04,568.4553818486836,569.5706201589484,555.2118813323415,556.7353515625,2638900
2025-02-05,558.9657449342881,564.4623191990618,557.4223404290478,563.884765625,2404700
2025-02-06,563.7255049116309,567.3301249770107,562.1422313098233,564.7510986328125,1738400
2025-02-07,565.6472463720127,567.6287844159149,559.3939513506915,560.3598022460938,2008300
2025-02-10,562.8492248721747,564.8606648144847,558.6172758129854,563.0881958007812,2357700
2025-02-11,562.5903211173041,564.0242074691391,556.8448084585888,562.3015747070312,1847800
2025-02-12,559.6229998037182,562.3513525514447,557.0639080023167,562.2019653320312,1722200
2025-02-13,563.1977787645687,564.9802152345445,559.0853146968728,563.90478515625,1709500
2025-02-14,563.6060190521214,566.8222809595072,561.7339990356569,562.361328125,1927400
2025-02-18,562.5007425503723,566.2148807919957,559.135093454538,566.1949462890625,2064100
2025-02-19,565.0797291978369,568.2761174658987,564.2433309063329,566.08544921875,2459100
2025-02-20,565.7369452739207,566.0854344236183,556.6655915950377,560.8876342773438,2181900
2025-02-21,559.045423356651,562.4011050472905,554.216047138634,555.14208984375,2256100
2025-02-24,556.0582070900911,559.0753671286798,554.4251579756587,556.6257934570312,1752500
2025-02-25,560.0511868136214,563.6358724523609,550.3425973681157,561.6344604492188,3609500
2025-02-26,560.200570366095,564.2731651081727,557.2232185705475,558.8861694335938,2028000
2025-02-27,563.167896113429,572.2591236799066,561.6045569861544,562.4210815429688,2436500
2025-02-28,564.8904419022816,573.9816680679767,561.6044704537461,573.8621826171875,3205400
2025-03-03,574.877947556803,579.7570995270543,567.5790629406755,572.4781494140625,3092600
2025-03-04,568.0371748813301,570.7655278806423,549.6655232196288,552.7125244140625,3318100
2025-03-05,550.233095171232,558.6073494158802,548.9784369283642,555.9287719726562,2795400
2025-03-06,546.1704012798933,553.3198989661615,542.3765856090591,547.4848022460938,3133200
2025-03-07,544.7464675778978,548.0424067695831,534.00231721881,544.44775390625,3161300
2025-03-10,535.8643385330191,546.2300973738079,529.7603696345525,534.8386840820312,3893400
2025-03-11,534.9183778755743,535.7647433843828,520.0318624301442,523.5667724609375,4582600
2025-03-12,528.2568070095821,530.4474752391634,517.0545884473286,522.4117431640625,2810800
2025-03-13,522.2723409176701,526.2852538535057,515.5112013197286,517.6221923828125,2375800
2025-03-14,520.3803541436796,526.1656750934656,518.7373985991894,525.3989868164062,2369500
2025-03-17,521.0275998827002,531.2141305477354,519.2650981567323,529.73046875,2544800
2025-03-18,530.0790641843388,530.3280023805305,523.2780556471198,527.9381713867188,2363300
2025-03-19,529.3122885418762,535.3365804323581,527.3307503237304,533.8131103515625,2804300
2025-03-20,531.3335851251732,538.1943354104393,530.2880570069173,534.101806640625,2598600
2025-03-21,533.1657957268428,535.764695529727,528.5056806670761,533.4147338867188,5973400
2025-03-24,537.0591809942919,543.1432760287329,535.9539101111734,541.36083984375,2758700
2025-03-25,543.6312270275845,544.8559834640638,539.6979915025928,542.8445434570312,2138200
2025-03-26,544.8161805375494,548.6896733661787,542.8047405109338,546.7379760742188,2681600
2025-03-27,546.7380053702254,559.4438210124973,545.4733798470053,555.201904296875,2901200
2025-03-28,551.8760520116449,556.2175803866614,537.7961536829304,538.3139038085938,2656400
2025-03-31,529.8997564263325,549.0879313572696,528.7646444816185,545.7919921875,4741800
2025-04-01,544.4775997791345,548.8091607726969,541.6895041921541,546.1803588867188,2714900
2025-04-02,540.5542931189182,547.1960073495139,539.3494712552322,545.0551147460938,2994600
2025-04-03,526.1756725534765,537.6965396329952,524.7617206081865,528.296630859375,3443500
2025-04-04,517.4130453611111,518.6677035654585,486.21612469638035,487.6898193359375,6125100
2025-04-07,476.46771206596503,500.06706544573433,463.61253984517407,483.4578857421875,6009400
2025-04-08,498.8721383968823,503.4227358546117,469.6567557349258,477.8816833496094,3555400
2025-04-09,468.85577309089206,517.1266704795172,468.74608117061314,514.0548706054688,4698400
2025-04-10,505.4778202695026,507.27303633044244,482.83839961851805,498.0078125,4105300
2025-04-11,496.9307089144982,514.533584205093,494.5869723591148,508.3900451660156,3736200
2025-04-14,514.493710180395,522.0235554285932,507.1433774071315,511.09283447265625,3005500
2025-04-15,512.0303324833867,519.8992366122822,512.0103663619324,515.9996948242188,2210700
2025-04-16,514.6731857322981,520.3280413401787,508.5096810457664,512.0601806640625,2501000
2025-04-17,509.58684547368114,522.5820510015774,507.7716937583861,515.9498291015625,3329800
2025-04-21,515.6207156783007,516.2690059173476,502.1966336142945,507.9612121582031,3345600
2025-04-22,514.2443758577217,527.389205716048,511.3820375819972,525.9231567382812,2384000
2025-04-23,536.3053042078279,542.488774831493,526.2123091573028,528.595947265625,3051800
2025-04-24,527.279536016253,534.609902958672,523.8686771126926,534.031494140625,2209100
2025-04-25,534.0314605832426,535.4875264702443,528.4663305001588,532.0567016601562,2006100
2025-04-28,534.599956275483,536.3253213341615,529.0846805283585,533.0640258789062,1735400
2025-04-29,532.9144540844321,539.0380268348796,531.9868816759973,538.2401733398438,2041500
2025-04-30,537.0932959036822,547.6051545364303,528.1372120712131,546.5978393554688,3783500
2025-05-01,548.5326350443156,551.3551018288837,538.2900152708008,545.171630859375,2839900
2025-05-02,554.147665432537,560.8796574214479,553.509358249416,557.8976440429688,2632600
2025-05-05,556.3218190074696,563.043827655022,554.3670261678016,559.6229858398438,2130900
2025-05-06,554.9953439322139,564.2306488579359,554.6163528668843,557.4986572265625,2341700
2025-05-07,557.7779297733185,565.7166541421244,556.9999815351166,564.819091796875,2493700
2025-05-08,567.9307955439987,572.3389865294143,565.487319642683,565.6069946289062,2004300
2025-05-09,565.9360972024965,568.0604193885384,563.0936642700296,567.1229248046875,1528000
2025-05-12,578.452598883557,579.2404693024845,564.9187954291377,576.7272338867188,3000300
2025-05-13,576.457969327557,581.30498885476,574.263826473991,575.0517578125,2370200
2025-05-14,576.7272265278672,577.0962345181783,570.7532172620913,571.7505493164062,2237500
2025-05-15,572.5983118005049,581.4845144677698,572.1196118479401,580.6467895507812,2034200
2025-05-16,578.8814440402759,582.7311312075187,578.8814440402759,581.723876953125,2225900
2025-05-19,579.4699459873623,586.8801165663295,578.9313476674105,584.8455200195312,1875500
2025-05-20,579.6892893880539,582.4319526125412,575.3109869403339,579.5596313476562,1964300
2025-05-21,574.9220898393064,577.455291483766,565.5870150300763,568.0205078125,2505300
2025-05-22,567.1428645679504,571.6308591711983,565.4174994551782,568.6189575195312,1869900
2025-05-23,562.9839614009097,566.0357950511379,561.0092634132086,562.076416015625,1948800
2025-05-27,565.3077931578009,573.0271339395646,564.9786565176801,573.0171508789062,2655200
2025-05-28,573.0470929661066,577.2957374361368,571.4114537187327,574.3834838867188,1702900
2025-05-29,574.3436310326946,577.0364399541199,571.4114721399999,576.2385864257812,1347800
2025-05-30,575.2412430575192,584.0376586914062,574.9719439089419,584.0376586914062,4581100
2025-06-02,578.9513226174739,580.2678083818515,573.2466118441623,579.6693725585938,2089100
2025-06-03,578.3229852457843,580.9759228362899,571.9101468670458,580.4173583984375,2116900
2025-06-04,582.6114656075474,585.2843082840507,580.6666558721492,582.5715942382812,1530200
2025-06-05,584.7457868587043,585.1247779302118,581.0756119993391,583.8781127929688,1480000
2025-06-06,586.3415282908596,589.5828578378868,584.4765220058947,588.545654296875,1528600
2025-06-09,587.1693262063455,588.425974467662,578.4526528665151,582.7711181640625,1936000
2025-06-10,583.0901946953477,588.2962386643693,581.604118840433,587.9671020507812,2133700
2025-06-11,588.7450780023062,593.1233804222784,586.0323031038542,589.1639404296875,2238100
2025-06-12,587.8574490329389,589.0941310902879,583.0004466035301,587.7078857421875,1984000
2025-06-13,571.3316412207097,573.7052964428947,551.0359577245412,560.5305786132812,5905400
2025-06-16,562.3955387526199,573.4658995958931,561.1388906939351,567.1527709960938,3108200
2025-06-17,563.2133638267828,569.765843139375,562.4953139213422,567.9307861328125,2246600
2025-06-18,569.3569126000066,569.5563911799246,532.7348489048983,537.2926635742188,6966800
2025-06-20,535.4975529975594,536.9038254412028,525.9231885455255,531.548095703125,8202800
2025-06-23,530.0021830912021,541.6809633575494,526.1624790322381,540.9030151367188,3681100
2025-06-24,555.693499775894,562.6149870794812,551.0160097280074,556.0426025390625,4503200
2025-06-25,554.516639435683,556.9900035281244,547.1563237762655,548.2334594726562,2889200
2025-06-26,544.0745994716534,547.4455259035502,540.6238085566924,544.3538208007812,3764100
2025-06-27,545.3112898725781,555.2147902859655,544.0945130612636,548.851806640625,3837500
2025-06-30,551.0259785539532,561.1289574739678,550.4276036501528,560.4407958984375,5054600
2025-07-01,557.8277730315468,564.7991143654774,555.5538267244818,563.1036376953125,3827000
2025-07-02,561.4381672758963,564.4800181823372,555.9029859752704,560.02197265625,2502300
2025-07-03,559.2839228894738,568.1401759132888,559.2439906472864,567.7213134765625,1528700
2025-07-07,569.1474856013057,569.2272892125933,558.8550111487097,563.6123046875,2478300
2025-07-08,563.0737583688718,565.1082938821321,558.924822860007,560.939453125,3083800
2025-07-09,561.2590441357063,564.6745180487219,558.5126698094194,564.3649291992188,2454300
2025-07-10,564.904235121903,565.3136677315309,560.2703381665459,562.7770385742188,2577200
2025-07-11,559.0818942991236,560.0805758163694,545.1302818067645,549.45458984375,3221400
2025-07-14,549.7741965282959,558.3329047770043,547.0677475680941,552.2908935546875,2500900
2025-07-15,552.3807125172377,554.1284051507213,547.9266320166129,549.6343383789062,2449100
2025-07-16,551.6916482589371,554.78759765625,548.7755151818793,554.78759765625,2424200
2025-07-17,552.2509040531864,556.645127255376,549.7841898827578,554.87744140625,2722000
2025-07-18,554.5279441312841,555.6164729193854,550.1537139323973,551.9313354492188,2579600
2025-07-21,552.6704102332073,557.3442327086418,551.3121569601253,553.9187622070312,2194400
2025-07-22,555.0771926514734,559.4714158753877,554.507936850556,558.0233154296875,2010400
2025-07-23,556.275618658459,561.748374034566,553.7689182208865,561.3489379882812,2180400
2025-07-24,561.2590576821761,567.0913850304662,561.1592139043212,562.757080078125,1874700
2025-07-25,563.6159288776373,569.208582368087,563.1065915127454,567.4708251953125,1513300
2025-07-28,566.6219274036903,570.8963135545453,565.4734192773083,567.53076171875,2492400
2025-07-29,569.2784453238025,572.2445001237887,562.2576851129023,562.5772705078125,2393800
2025-07-30,559.5912258693162,564.8642325296975,554.4779814299907,558.372802734375,2833200
2025-07-31,567.8203512316901,578.6760143265051,561.768343742977,565.7230834960938,4568300
2025-08-01,563.1165921611927,564.1252703296101,555.366813194998,559.15185546875,3316700
2025-08-04,563.5459743113621,569.1685561586487,561.7583563300155,569.0587158203125,2984700
2025-08-05,568.8490051683766,571.0761065471579,561.3888830032757,565.293701171875,2883200
2025-08-06,568.2398086249526,569.6079974798868,563.2264077098399,568.379638671875,2245200
2025-08-07,572.2145499523851,573.1433774526861,553.1297597772177,560.4800415039062,2979600
2025-08-08,563.006733692475,575.4003451254042,561.9481336690853,573.5628051757812,2907700
2025-08-11,574.2419154944205,575.8298460460239,568.689248280175,572.8338012695312,2116600
2025-08-12,574.4216551977353,577.5575299407174,569.7079074695487,573.4229736328125,2593800
2025-08-13,576.5688057555608,579.5049317950567,573.2831046192911,577.1380615234375,2352900
2025-08-14,576.7086104302435,583.6295272719893,574.7412370179011,582.9903564453125,2642300
2025-08-15,584.2286812136059,588.7826664443658,580.3437955247884,580.9330444335938,2263800
2025-08-18,581.2526729726462,584.7180687986396,579.9244094033044,583.369873046875,1812000
2025-08-19,583.6394508446854,589.7913632538327,583.4496989142643,584.738037109375,2334500
2025-08-20,585.1374661331635,593.0969895925608,585.1374661331635,591.8985595703125,2884600
2025-08-21,588.2633795578776,591.4292440733246,583.1601312818125,591.1395874023438,2349200
2025-08-22,594.5151403546583,600.9766419603347,592.2980964755803,598.1703491210938,2388900
2025-08-25,597.0318248999013,598.2501871599253,592.078342357333,592.4279174804688,1984300
2025-08-26,592.2980495771651,595.2141825316535,585.5169630839706,590.8299560546875,4774600
2025-08-27,590.4305492097124,593.8360265218156,589.0423672070661,589.8812255859375,1480900
2025-08-28,590.0410556064296,592.7475046190563,588.9424693008381,589.7014770507812,2159800
2025-08-29,591.2194865475861,596.0431355743995,589.4817903770371,594.505126953125,2111200
2025-09-02,594.8347165617148,594.8347165617148,585.2274046585416,591.0896606445312,2284500
2025-09-03,591.0497023362843,593.2168241720934,588.1834912440161,592.497802734375,1959400
2025-09-04,592.2481311544936,595.104345673007,588.5130110671886,594.8546752929688,1653700
2025-09-05,594.684874490866,597.7908204430402,578.2666082930443,583.44970703125,2432100
2025-09-08,581.8518658793352,589.0123958466568,579.9344142846536,585.8265991210938,1948200
2025-09-09,582.7706260343771,590.4005679187926,582.5309522084267,583.2300415039062,2266000
2025-09-10,581.3624629756737,581.3624629756737,570.2471330711351,578.6160888671875,2535200
2025-09-11,580.1141702416052,589.1921518127542,579.2453221296388,587.9537963867188,2407000
2025-09-12,585.6667931808989,588.4331604975245,579.2352817522215,579.6447143554688,2242800
2025-09-15,581.9616680490822,585.7267169199486,580.7333092735721,582.19140625,2222600
2025-09-16,577.2479049359341,587.3345637279689,576.0694680777028,585.6467895507812,2537000
2025-09-17,586.9351734880356,598.1004262409655,586.6655099558614,597.8407592773438,2930800
2025-09-18,595.294087449424,600.8267610330452,585.1075239266236,585.2772827148438,3294600
2025-09-19,587.8439120353149,588.0935824155737,580.743301049879,583.3897705078125,6745300
2025-09-22,580.2039818445973,586.57557491113,579.3751200583281,583.7193603515625,3241700
2025-09-23,584.6781380302148,586.0862522254974,567.5008028152182,569.218505859375,3223000
2025-09-24,570.5268337559287,570.9062766723478,564.205162381674,568.06005859375,2867200
2025-09-25,564.2550466973288,571.6353176009536,563.8256209675014,566.552001953125,2700600
2025-09-26,565.8729133952914,568.9088832477759,563.3162911630197,564.3848876953125,2106500
2025-09-29,565.2537371060093,568.5693670481188,561.7683483737762,567.3909301757812,2615600
2025-09-30,565.0640138985165,569.8776663567539,562.9068885380098,568.06005859375,2379200
2025-10-01,564.934189000415,574.7112597273609,564.2650894089608,573.0135498046875,3685100
2025-10-02,571.9748758631848,579.0755481487469,570.0174989977277,576.56884765625,2483500
2025-10-03,575.6699732229577,582.450998705412,575.6699732229577,579.6846923828125,2331600
2025-10-06,578.466304190569,580.3738201169845,568.5094782319787,578.046875,2573500
2025-10-07,578.2266455968416,585.3073249090517,578.1467340021144,579.0755615234375,2120700
2025-10-08,580.5535634954622,582.3012562005413,575.3204819484321,575.6799926757812,1934700
2025-10-09,577.239990234375,579.4000244140625,562.510009765625,564.5499877929688,2579800
2025-10-10,567.5800170898438,569.4199829101562,556.6900024414062,557.47998046875,3553900
2025-10-13,558.0,565.0,553.010009765625,559.239990234375,2996500
2025-10-14,556.0,569.8099975585938,556.0,567.9199829101562,2627300
2025-10-15,564.2999877929688,568.6900024414062,559.4000244140625,562.8099975585938,2262400
2025-10-16,562.7999877929688,564.6500244140625,547.3900146484375,549.8800048828125,3210600
2025-10-17,552.489990234375,562.7999877929688,552.010009765625,560.969970703125,2756700
2025-10-20,561.7000122070312,567.4199829101562,553.7899780273438,566.3599853515625,2046400
2025-10-21,562.1599731445312,575.97998046875,560.77001953125,572.030029296875,2722400
2025-10-22,571.0499877929688,576.4299926757812,568.5800170898438,571.3599853515625,1820500
2025-10-23,574.3599853515625,576.989990234375,571.6699829101562,573.77001953125,2187500
2025-10-24,577.239990234375,580.8200073242188,573.0800170898438,573.6699829101562,1839600
2025-10-27,575.719970703125,575.719970703125,566.47998046875,572.3599853515625,2981000
2025-10-28,573.0800170898438,573.989990234375,565.4500122070312,565.9299926757812,2916000
2025-10-29,561.6300048828125,566.8099975585938,551.22998046875,554.5800170898438,3763400
2025-10-30,551.5599975585938,562.9199829101562,545.6400146484375,553.6799926757812,4284700
2025-10-31,548.8900146484375,554.4299926757812,543.530029296875,551.989990234375,3567100
2025-11-03,550.0,551.0,540.3599853515625,544.0700073242188,3175500
2025-11-04,544.8300170898438,554.030029296875,542.47998046875,552.75,2653900
2025-11-05,553.0,556.3300170898438,549.3699951171875,553.3099975585938,2198500
2025-11-06,550.1799926757812,555.0,547.8599853515625,553.280029296875,2593600
2025-11-07,553.7999877929688,558.6699829101562,550.6699829101562,551.969970703125,2510400
2025-11-10,552.280029296875,554.7000122070312,548.5800170898438,552.9600219726562,1978300
2025-11-11,553.0,558.530029296875,548.010009765625,558.3499755859375,1832400
2025-11-12,560.0,565.9099731445312,558.4099731445312,561.22998046875,1761500
2025-11-13,559.8800048828125,563.5999755859375,554.8599853515625,555.5700073242188,2031300
2025-11-14,556.0399780273438,557.0,544.0499877929688,545.72998046875,2567800
2025-11-17,546.0,549.3200073242188,536.2100219726562,536.8499755859375,2557900
2025-11-18,533.5599975585938,536.0,524.7000122070312,527.5800170898438,3594700
2025-11-19,528.1500244140625,531.0,524.97998046875,530.3599853515625,2723100
2025-11-20,533.2899780273438,538.4600219726562,527.1799926757812,527.8800048828125,3240300
2025-11-21,532.5399780273438,544.4099731445312,531.6699829101562,540.4000244140625,3807500
2025-11-24,543.4400024414062,544.0399780273438,535.1099853515625,537.8499755859375,5941000
2025-11-25,541.5,550.4000244140625,539.0,546.469970703125,3132600
2025-11-26,548.47998046875,548.6699829101562,544.1699829101562,544.9299926757812,2185300
2025-11-28,548.1300048828125,551.4000244140625,545.4199829101562,550.530029296875,1254800
2025-12-01,547.6400146484375,549.780029296875,543.3900146484375,543.969970703125,2227000
2025-12-02,547.280029296875,554.75,541.0399780273438,545.9099731445312,3076000
2025-12-03,547.3200073242188,555.0700073242188,546.5,553.72998046875,2687900
2025-12-04,557.030029296875,559.0,539.5599975585938,542.3099975585938,2878800
2025-12-05,541.7100219726562,550.4400024414062,541.25,545.52001953125,2126700
2025-12-08,546.719970703125,547.3300170898438,537.3900146484375,540.4400024414062,2453800
2025-12-09,538.7100219726562,541.9000244140625,535.9199829101562,537.5499877929688,1965300
2025-12-10,538.0900268554688,544.9500122070312,537.5,538.8599853515625,3023400
2025-12-11,542.77001953125,565.1300048828125,542.6500244140625,563.3699951171875,3659900
2025-12-12,566.0,573.7100219726562,565.8900146484375,571.9299926757812,3515400
2025-12-15,572.8800048828125,573.2999877929688,567.1599731445312,569.1300048828125,2713300
2025-12-16,570.7000122070312,571.0,562.530029296875,564.27001953125,1106146
