Date,Open,High,Low,Close,Volume
2015-12-16,104.63906933587963,106.34713163033607,103.46725448790427,106.0492172241211,22680500
2015-12-17,106.7443718703256,107.00257044943469,105.39380517779271,105.48318481445312,21675700
2015-12-18,105.34414043925848,105.8505971891079,103.24877659322652,103.31829071044922,35994200
2015-12-21,104.1822563282029,104.42058935735795,102.88133847935944,104.04322052001953,16138800
2015-12-22,104.49009460958763,104.92704477303187,104.08293512520191,104.77808380126953,14597100
2015-12-23,105.15545169857137,105.3739267941481,103.13953480542821,103.90419006347656,19599700
2015-12-24,104.01343978683471,104.58941827414694,103.7751067348842,104.29149627685547,6501800
2015-12-28,104.29149167116292,105.24483898980569,103.80489283511561,105.19518280029297,13069700
2015-12-29,105.68177609798596,106.99261912183532,105.5129571848431,106.51595306396484,17179900
2015-12-30,106.25777297530868,106.50603880001735,105.32429104993317,105.48318481445312,13115000
2015-12-31,105.26467597745327,105.43349486585693,103.89425179131347,103.93397521972656,18391100
2016-01-04,101.24279397616914,101.53078322406036,99.058057885474,101.51092529296875,37912400
2016-01-05,102.17625828218615,102.99056969346704,100.96472012910414,102.01737213134766,23258200
2016-01-06,100.42846677608372,103.0501527069931,100.2000665099993,102.25570678710938,25096200
2016-01-07,99.80284255724968,100.72639155262931,96.62504363576616,97.24073791503906,45172900
2016-01-08,99.18712939934676,99.80283118493205,96.3569013735754,96.65482330322266,35402300
2016-01-11,97.23082207331635,97.91603053301314,94.72829855299021,96.8335952758789,29932400
2016-01-12,98.31325086134918,99.2665905665858,96.87331233891761,98.6806869506836,28395400
2016-01-13,99.88230637667647,99.88230637667647,94.54955384323902,94.77796173095703,33410600
2016-01-14,95.18510619318617,98.18416129964695,91.8086897983006,97.68762969970703,48658600
2016-01-15,93.32807266385076,95.7114180220457,92.8911224791623,94.31120300292969,46132800
2016-01-19,95.86038424917929,96.74420984279912,93.26848883259555,94.59919738769531,30998300
2016-01-20,92.18605063612823,94.3409957738733,88.75005317290886,93.69550323486328,59051400
2016-01-21,94.25162565839805,95.32412808470184,91.97751017299491,93.50682830810547,30518900
2016-01-22,95.74121948983004,97.38970033708118,94.82759565698095,97.26060485839844,30495400
2016-01-25,98.03519611097732,98.78992623201475,96.25761215005097,96.3370590209961,32482000
2016-01-26,97.08184902750155,97.20101174841271,94.99641807038569,96.66475677490234,26877100
2016-01-27,97.1116579499084,97.1712393215562,93.57635513800537,93.7948226928711,58699400
2016-01-28,106.45636467839648,109.57458230554575,104.08294439995746,108.35311889648438,107475300
2016-01-29,108.23395310741599,112.05724480829751,108.08499211616693,111.4316177368164,62739500
2016-02-01,111.4911809580335,114.91725289330057,111.23299003012336,114.29161834716797,46132700
2016-02-02,114.003641068841,116.77428030857482,112.41473412908324,113.81495666503906,59778600
2016-02-03,114.47036076496535,114.53987486710224,108.98865671746881,111.90826416015625,56919300
2016-02-04,111.0244590901014,111.16348731983648,108.49214512076767,109.72354125976562,38890200
2016-02-05,108.75034152133671,108.81985563484255,102.464250319352,103.34807586669922,76894700
2016-02-08,99.71346971767962,101.96771962577968,96.78392902062856,99.05804443359375,71229700
2016-02-09,96.46614959177985,101.68966365514068,96.14836970065164,98.84950256347656,62709000
2016-02-10,100.84556520063578,102.53376951312075,99.5446473313265,100.29937744140625,45179400
2016-02-11,98.90908305621565,104.38086284819977,98.194076413343,101.20306396484375,43670600
2016-02-12,103.02037858843359,103.51691020936016,100.3887594822285,101.30238342285156,36176800
2016-02-16,103.07996997213169,103.20906546909524,99.54465959554639,100.90515899658203,45687200
2016-02-17,101.31230408976839,104.98664246692557,99.70354655853008,104.47024536132812,44073400
2016-02-18,105.06608194803556,105.26469154300024,102.31529284130544,102.75224304199219,29593500
2016-02-19,101.83863539686297,104.29149516568141,101.35202896804006,103.84461975097656,32404500
2016-02-22,104.75822767614306,107.49908404195,104.6092666910449,106.4166488647461,35709700
2016-02-23,106.10878877930001,106.72449061756997,104.39079389054021,104.72843170166016,25319300
2016-02-24,103.48710369055341,106.20809443550067,102.02729973614754,106.13858032226562,34412400
2016-02-25,106.36698810222684,107.32032775878906,104.87739346826022,107.32032775878906,29906300
2016-02-26,107.94595949121238,108.69075684071882,106.41664893418645,107.17137145996094,26686200
2016-02-29,106.85358980175266,108.15450763614403,106.00948766816671,106.17830657958984,32779000
2016-03-01,107.08200343468418,109.05819702148438,106.85359557194724,109.05819702148438,26817300
2016-03-02,108.91917028042253,109.78313797768496,108.01547914663958,109.18729400634766,25670200
2016-03-03,109.48520518531464,109.53486137018172,107.7870682181474,108.81985473632812,21353100
2016-03-04,109.28661115196952,109.28661115196952,107.18131438339195,107.63812255859375,24938900
2016-03-07,107.32033083127041,107.32033083127041,103.99357090213029,104.99656677246094,31436400
2016-03-08,104.05315862973761,106.62519620178635,103.67579734944165,105.19518280029297,25617000
2016-03-09,105.95982731739853,106.76421356201172,104.75822190304106,106.76421356201172,20493300
2016-03-10,107.16144984275631,107.90624721699909,105.03628769789724,106.5755386352539,24854300
2016-03-11,107.72749768743516,108.66097192972482,107.17137715160275,108.65104675292969,20697600
2016-03-14,108.5219317232412,109.56465098353499,108.01546743311535,109.12770080566406,17249400
2016-03-15,108.35311434841738,110.06118407533279,108.08498307131293,109.90229034423828,17618500
2016-03-16,109.72355331041025,111.71961250864327,109.33625925983131,111.4018325805664,24744800
2016-03-17,111.37202882937943,111.90828381568119,109.96188103751382,110.24986267089844,24241200
2016-03-18,110.78614034111719,111.64017539307937,109.50508776317392,110.6769027709961,36256900
2016-03-21,110.88544270819686,111.59051668475165,110.25980803107123,111.0741195678711,18448000
2016-03-22,110.5875183538905,112.0969710814557,110.39883392176826,111.47134399414062,19001100
2016-03-23,111.23300847840443,112.40482332928266,111.22307572523142,111.75933074951172,18562000
2016-03-24,111.3521765521017,112.30551633772983,110.90530113200047,112.26580047607422,17839100
2016-03-28,112.53390823117947,113.79509501259162,112.16647216304251,112.9013442993164,21351800
2016-03-29,113.04038467219853,115.5131098924899,112.85170024173443,115.33435821533203,29825300
2016-03-30,115.92026725217077,116.1784582214999,113.56670481002723,113.90434265136719,33235200
2016-03-31,113.90433856301918,114.21219328689371,112.98078954433652,113.30850219726562,21207500
2016-04-01,112.9609472249145,115.36415852554414,112.56372040069743,115.25492095947266,24760500
2016-04-04,113.27871692494733,113.75539058619546,110.83578240516884,111.7692642211914,48487900
2016-04-05,111.33231365264052,112.53391919058107,111.12377129413555,111.4415512084961,22962400
2016-04-06,111.68980749700185,113.02050840747843,111.64015131166819,112.92120361328125,20814600
2016-04-07,113.00066082226692,114.09302881136153,112.28565411624984,112.85169982910156,20714500
2016-04-08,113.45746298660839,113.53690985563026,109.13763987177778,109.8625717163086,48497800
2016-04-11,109.93208478662167,110.1406347099374,108.01547265441006,108.23394775390625,39762300
2016-04-12,108.58151799605224,110.38890014939444,108.23394741905196,109.84271240234375,26248100
2016-04-13,111.45148574064761,111.8685704643149,105.78108822826746,109.74341583251953,88227400
2016-04-14,109.85265367652327,111.26280159915355,109.4951503191704,110.07112121582031,28473300
2016-04-15,110.02147212491259,110.20022380281422,108.44249770736977,108.87944793701172,20922800
2016-04-18,108.9787562800748,110.04133362864336,108.44250122895546,109.68383026123047,21167200
2016-04-19,110.32931504274761,111.66994878715967,108.40277767339208,111.51106262207031,30210500
2016-04-20,111.65009999010572,112.48426947211446,110.78613224676418,111.64016723632812,21027900
2016-04-21,111.7692582223964,113.2489201634973,111.53091761632898,112.65308380126953,20875200
2016-04-22,110.43854519635434,110.97480017348316,108.25380943158075,109.79305267333984,38458200
2016-04-25,109.10785002557684,109.90229599246817,108.31339648221501,109.33625030517578,21017900
2016-04-26,109.72354151692136,109.73347426948865,107.3997774632144,108.00554656982422,22521500
2016-04-27,107.19122904950898,108.18429210884786,105.57253141384588,108.13463592529297,52213100
2016-04-28,118.75048585319327,119.9520912802115,115.42372602447728,115.92025756835938,87110100
2016-04-29,116.00964362003572,117.02256475823881,115.036438342846,116.76437377929688,37140600
2016-05-02,117.01263294796854,117.90639129952383,115.76137125579115,117.74749755859375,28095200
2016-05-03,116.70476663033082,117.34033395446919,116.20823510393541,116.61539459228516,24117500
2016-05-04,115.80109689507566,117.47937607735727,115.76137345908707,117.24103546142578,23448400
2016-05-05,117.22118283653221,118.15466468333194,116.43666198731323,116.9927749633789,22056700
2016-05-06,116.3472860966389,118.81007854637784,116.29762990692633,118.66111755371094,26395600
2016-05-09,118.71077140573657,119.44563602489241,118.07521158757952,118.41284942626953,21138100
2016-05-10,118.79021544138035,119.66410827636719,118.17451356753274,119.66410827636719,23220000
2016-05-11,119.57472049915506,120.24007089654727,118.59158266560833,118.69088745117188,22038400
2016-05-12,119.14771853928164,120.0017458669522,118.07520853271332,119.44563293457031,22035500
2016-05-13,119.54493513821168,119.80313366970057,118.84979398782275,118.97888946533203,18124300
2016-05-16,118.55187568253743,118.78028353984266,116.53595870770255,117.8468017578125,31247800
2016-05-17,117.99575363163814,118.18443803934024,116.38698873129117,116.53594970703125,21328600
2016-05-18,115.98979057546107,117.44958718803136,115.92027645105297,116.83389282226562,21642300
2016-05-19,116.23804306123378,116.67498568893043,115.07615343437762,115.99970245361328,20544100
2016-05-20,116.14865571598901,117.17150946548364,116.13872296388102,116.53594970703125,18944800
2016-05-23,116.60547351324975,116.78422518370499,115.13574429081376,115.16553497314453,20441000
2016-05-24,115.43365837402311,116.91332792180557,115.3144956450268,116.88352966308594,20183600
2016-05-25,117.31054524990125,117.84680025124577,116.56574789966784,117.07221221923828,20019800
2016-05-26,117.41978720589107,118.9292474684838,117.10200729426167,118.6412582397461,18481300
2016-05-27,118.73062391764759,119.01861313093255,118.18444374884122,118.55187225341797,13493600
2016-05-31,118.63132478692792,119.26688460643815,117.30062378247547,117.98583221435547,23547600
2016-06-01,117.67797534828142,118.25395375483679,117.00269214870927,117.9560317993164,15029500
2016-06-02,117.86665508905223,118.61145237187671,117.39991424624706,118.10498809814453,13228300
2016-06-03,118.15466535282542,118.15466535282542,117.0424318179208,117.64820098876953,14135100
2016-06-06,117.797146364191,118.60152504194359,117.53894783959666,117.9659652709961,12744700
2016-06-07,118.41284441043057,118.47243334968225,116.85373561373265,116.943115234375,17103000
2016-06-08,116.94312899130315,117.77729847425312,116.45652254977777,117.56875610351562,14505600
2016-06-09,117.3105466313595,117.85673439188413,116.89346192867008,117.73756408691406,13859200
2016-06-10,116.72463611886405,117.29068177521926,115.45351658013449,115.81101989746094,18510800
2016-06-13,114.20226526404535,114.67893892227285,112.52398607178135,113.1595458984375,31718200
2016-06-14,113.27870209453846,114.15259485320101,112.79210332022963,114.14266967773438,17618500
2016-06-15,114.50016419322755,114.63919240378624,113.27869339878275,113.80501556396484,19819400
2016-06-16,113.08010706195135,113.7057341379758,112.1565580012653,113.59649658203125,19236300
2016-06-17,113.62628233900163,113.63621509178526,111.77918429770938,112.23599243164062,24644300
2016-06-20,112.98079158773491,113.92420612900544,111.96787050528098,112.58357238769531,20785400
2016-06-21,113.32837975223248,114.41081504785124,113.17941875083845,113.5865707397461,19166300
2016-06-22,113.85469188150772,113.94406392847353,112.82190529434727,113.11982727050781,14846300
2016-06-23,113.57662626239443,114.29162530993811,112.75238209435257,114.28170013427734,16176900
2016-06-24,110.23993591762756,112.89141255379141,110.23000316530013,111.3025131225586,40643100
2016-06-27,110.79605101377312,110.79605101377312,107.47922385906344,108.2140884399414,36130400
2016-06-28,109.8625650038273,111.9678614454528,109.78312571612952,111.91820526123047,26813800
2016-06-29,112.5835594293799,113.4574521759412,112.25584680824328,113.36808013916016,20968300
2016-06-30,113.87455294491814,114.38101728774156,112.8814897656797,113.48725891113281,23192700
2016-07-01,113.40780573038056,114.33135473876075,113.02051171813761,113.39788055419922,14980000
2016-07-05,113.14962304981117,113.4078140258789,112.18635053683349,113.4078140258789,14207000
2016-07-06,112.57362272762276,115.97982913404043,112.18632876222138,115.89044952392578,24337600
2016-07-07,115.820959552177,116.1586049836259,114.55977260806358,115.04637145996094,16630200
2016-07-08,115.62234852844041,116.68492584799739,115.04637005483771,116.42672729492188,18142600
2016-07-11,116.8934591690645,117.87658953832869,116.68491682264302,117.05235290527344,17711600
2016-07-12,117.8070719816005,117.89645159972476,116.75442752761121,117.11193084716797,15217700
2016-07-13,117.56874189351718,117.57867464610545,115.87060487149694,115.96990966796875,16207700
2016-07-14,116.6849141067042,116.82394233441585,115.89046059709176,116.47637176513672,14579700
2016-07-15,116.92323966745755,117.45949461575393,115.7712904861492,116.04934692382812,16646000
2016-07-18,116.5061640008732,118.7802794366095,116.0791465596394,118.54194641113281,20868400
2016-07-19,118.16457340567196,120.01167133492912,117.83686834839344,119.7733383178711,21541300
2016-07-20,120.40889882028482,121.352305718598,119.72368286850723,121.07424926757812,20046500
2016-07-21,121.07424852421404,121.25300018112505,119.41583500404907,119.7733383178711,17801700
2016-07-22,119.06827655080552,120.17057728444125,118.48236533605362,120.16064453125,18422400
2016-07-25,120.54793710319593,121.00474525033616,116.9629784681581,120.78627014160156,18487400
2016-07-26,121.15369258411782,121.2232066948368,119.91236376665759,120.37910461425781,17612000
2016-07-27,121.57078166370442,124.13288625434697,120.66709819153724,122.4843978881836,52654200
2016-07-28,126.63541228158725,127.43979860241059,122.77239715101058,124.13289642333984,78955800
2016-07-29,123.78532755340642,124.96706759182224,122.85184573482564,123.08025360107422,35058800
2016-08-01,122.9908694729982,123.71580890532472,122.00773907702272,123.44767761230469,25006900
2016-08-02,123.19940215175328,123.93427427927986,121.22320876206794,122.23612976074219,23968400
2016-08-03,122.23612706028212,123.06037120927505,121.4615390943253,121.66015625,18525300
2016-08-04,122.08717436326783,123.92433949907827,121.6601569467091,123.49732208251953,21066000
2016-08-05,124.11303380775884,124.96706113255514,123.75553047343925,124.28185272216797,20184000
2016-08-08,124.38115764030616,124.57976723668853,123.68601647649741,124.3910903930664,15233900
2016-08-09,124.47053083332148,125.21532819132787,123.66615211114515,124.19247436523438,19621000
2016-08-10,124.20241734752868,124.60957690681212,123.67609505009099,124.01373291015625,10670100
2016-08-11,124.33149133566319,124.51024298844982,123.88461599193153,124.03357696533203,11729500
2016-08-12,123.83498122645372,124.13290322478166,123.31859168268593,124.01373291015625,12159000
2016-08-15,124.04352325924363,124.05344843580932,122.84191016537615,123.04052734375,19295100
2016-08-16,122.64329648494683,123.0603811809557,121.92828981951997,122.44468688964844,14222400
2016-08-17,122.80218927630476,123.51718835975292,121.99780299566126,123.50726318359375,13794200
2016-08-18,123.14976561696125,123.39803140902549,122.7823295171767,123.05046081542969,12400800
2016-08-19,122.74259666283912,123.29871714639022,122.42481677643998,122.70287322998047,11688300
2016-08-22,122.47448396560074,123.96407873752055,122.25600885348383,123.2887954711914,14386400
2016-08-23,123.64629141452565,124.22226226704191,123.38809288145055,123.50726318359375,13309500
2016-08-24,123.60658171127365,123.82505683457025,122.23614960203906,122.62345123291016,12243700
2016-08-25,122.26593099311519,123.50725986195846,122.24606548839041,123.03058624267578,10730800
2016-08-26,123.18947906652899,124.32157038045146,123.05045084036097,124.0931625366211,17504800
2016-08-29,123.48739039483472,125.8508853342146,123.48739039483472,125.66220092773438,15925900
2016-08-30,125.7217940237168,125.7217940237168,124.28185547822632,124.9670639038086,17804300
2016-08-31,124.72872014798173,125.34442197926276,124.232188612698,125.2451171875,14200600
2016-09-01,125.50331927065723,125.75158506033556,124.72873121909616,125.2947769165039,13536100
2016-09-02,125.97005359111434,125.97998634359469,125.12595146556922,125.63241577148438,12118800
2016-09-06,125.79130731239712,129.03862805366188,125.59269771311126,128.830078125,26278400
2016-09-07,129.13792668608923,131.0644716413624,129.0485546383765,130.14093017578125,27990800
2016-09-08,130.01181795528956,130.1707116864329,128.90951731901043,129.3663330078125,15676600
2016-09-09,128.81022571495706,129.04855116911745,126.21832275390625,126.21832275390625,27100700
2016-09-12,125.08625138337668,127.8668240558102,124.87770900117953,127.79731750488281,21252800
2016-09-13,127.14187957057257,127.45966706620207,125.78138784314554,126.32756805419922,18016200
2016-09-14,126.0097817820722,127.90653602451091,126.0097817820722,126.88367462158203,15691100
2016-09-15,127.09223489964003,128.2044684394365,126.7843801478158,127.45967102050781,15077200
2016-09-16,127.31069211851924,128.2838897574908,127.31069211851924,128.17466735839844,24119200
2016-09-19,129.0088299238347,129.03862060436072,127.37026673020185,127.75756072998047,14958800
2016-09-20,127.75759058345461,128.2739877548075,127.14189617145864,127.74766540527344,11083800
2016-09-21,128.2342413188317,129.108126531703,127.49936917913202,129.0386199951172,14068300
2016-09-22,129.5947121751129,129.82311240585565,128.66123059781063,129.17762756347656,15538300
2016-09-23,126.67513041052747,127.70792455114766,126.41693945184284,127.07235717773438,28326300
2016-09-26,126.48645356380833,127.27097434548742,125.92040788290954,126.42686462402344,15064900
2016-09-27,126.72480733089324,128.1150898788742,126.54605563522831,127.79731750488281,15637100
2016-09-28,128.3136915179713,128.57188247233285,127.50929766784618,128.3335418701172,12047600
2016-09-29,128.2838893501657,128.39312690185227,126.66520673346244,127.20145416259766,14532200
2016-09-30,127.14187788729274,127.69799084433997,126.56589942379621,127.38021850585938,18402900
2016-10-03,127.48944549945801,128.1945118141064,126.91346708368111,127.87673950195312,13156900
2016-10-04,128.27396362291285,128.38320117413025,126.66520618947528,127.30076599121094,14307500
2016-10-05,127.36035941057628,127.90654721836411,126.94327467179531,127.5788345336914,12386800
2016-10-06,127.53908443221526,128.16471902322994,127.1915214450494,127.8469467163086,11682700
2016-10-07,128.1448558764441,128.3534057949327,127.43978956043189,128.09521484375,12804400
2016-10-10,128.78040457562892,129.793333094254,128.30373857101557,129.33653259277344,15138700
2016-10-11,129.32661097535535,129.73377050731926,127.34048465702348,127.9859848022461,17537900
2016-10-12,128.11506940405022,128.76056953262136,127.56889680295117,128.15480041503906,11073000
2016-10-13,127.32063595804527,127.36035181763371,125.87075705953274,126.93333435058594,17139300
2016-10-14,127.5986889936971,128.05548955488467,126.69499789477503,126.99291229248047,13345300
2016-10-17,127.31069116833827,127.57882245822654,126.43679833506377,126.6552734375,11351700
2016-10-18,127.78734586268119,128.4924272947137,127.121995438252,127.6781234741211,13504000
2016-10-19,127.84693651279781,129.56493126585724,127.70790829843934,129.20742797851562,16752300
2016-10-20,129.1677119911935,129.75361552588427,128.60165880643405,129.0981903076172,13167500
2016-10-21,128.87973132513474,131.21343573322753,128.80028445667404,131.1538543701172,19088800
2016-10-24,131.79934055978467,132.48455654777095,131.2332872991209,132.35545349121094,17470200
2016-10-25,132.57394290289798,132.57394290289798,131.3028231644539,131.37232971191406,13336800
2016-10-26,130.72682536414706,131.34251963478658,130.03168422746694,130.1309814453125,13084700
2016-10-27,130.82615744007845,130.88573881034804,128.37329001102964,128.79037475585938,16741400
2016-10-28,129.59475913043144,132.04762666490572,129.0287057826559,130.3792724609375,24545500
2016-10-31,131.09427346263956,131.20351102566164,129.97212230025917,130.08135986328125,15669000
2016-11-01,130.49843892153052,131.02476120599218,127.75757478801786,128.6016845703125,22077800
2016-11-02,129.32660486651906,129.32660486651906,125.40400860368858,126.28783416748047,39640900
2016-11-03,121.15369822184245,122.42481777783638,118.67104047139485,119.16757202148438,63766300
2016-11-04,118.76041194699766,121.08418353009239,118.42277413125363,119.91236877441406,30545500
2016-11-07,121.97795662972776,122.35531792424753,120.50821973651983,121.30267333984375,23008900
2016-11-08,121.18350363588796,123.74560856419889,120.69690477905206,123.35831451416016,19460800
2016-11-09,120.65716939801426,122.95114278678994,119.67403902803474,122.32551574707031,31916000
2016-11-10,123.07032118351115,123.31858698049423,114.47039033931125,119.9620361328125,67846700
2016-11-11,118.7008307558903,119.86271276086805,117.33040640974755,118.19436645507812,32840100
2016-11-14,118.30360102964923,118.30360102964923,112.7623148464833,114.28170013427734,51377000
2016-11-15,115.92026011095152,117.6680457286939,115.02650179706606,116.38699340820312,34681400
2016-11-16,113.68587607109288,117.06228481868037,113.4177447699262,115.53296661376953,32397900
2016-11-17,115.99970281041848,116.97290802001953,115.20525684531788,116.97290802001953,18597800
2016-11-18,117.568735822808,118.30360037051885,116.02948503932845,116.20823669433594,22879300
2016-11-21,117.38005052241247,121.1040369930026,116.98283136005877,120.92528533935547,35415400
2016-11-22,121.55092939085414,122.12690782822521,120.06133468649678,120.62738037109375,26089200
2016-11-23,120.38905638332166,120.46849568207057,119.10800393216641,120.00175476074219,15672100
2016-11-25,120.17058709469865,120.29968259084077,119.23710520675462,119.54495239257812,8658600
2016-11-28,119.28674832610199,120.84585716881205,118.98882635046238,119.57473754882812,18101300
2016-11-29,119.73361795567821,121.25300329014503,119.56479904661971,120.03153991699219,18891000
2016-11-30,119.48535508615306,120.94515909445,117.13179274864673,117.5985336303711,30188900
2016-12-01,117.55879730457939,117.6283114127577,113.20918401470146,114.30155181884766,43277000
2016-12-02,114.31149808633492,115.67199730893768,113.50711937138252,114.5994873046875,25070400
2016-12-05,115.14565794050802,116.75442281355829,114.27176518158123,116.61539459228516,20201500
2016-12-06,116.87359991006757,116.98283745835033,115.52303347354454,116.49623107910156,19131200
2016-12-07,116.18838324231746,117.13179016113281,115.76136580426552,117.13179016113281,21913700
2016-12-08,117.16159500071369,118.6710476709142,116.82394958640408,118.08514404296875,22442800
2016-12-09,118.3929919622957,119.10799865465215,118.12486066442668,118.84980010986328,17464700
2016-12-12,118.39298715599696,118.4128450848804,116.83387835041876,116.95304107666016,17805500
2016-12-13,117.04242402173251,120.67703122825282,116.79415823305185,119.47542572021484,29768000
2016-12-14,119.16758678269744,120.84586605435786,118.0255625607357,119.37612915039062,25913100
2016-12-15,119.24701328573079,121.65022405691046,118.80013036576229,119.73361206054688,20139600
2016-12-16,120.06132880460082,120.6571651418592,118.44263112289264,119.0384750366211,25324300
2016-12-19,119.01861856177402,119.52508289627971,117.68791756015477,118.41284942626953,15918100
2016-12-20,118.67103736577607,118.93916106216075,117.97589624443066,118.26387786865234,13684400
2016-12-21,118.09507834124122,118.37313483540245,117.65813566890411,118.21424865722656,10767600
2016-12-22,118.03548837689374,118.16458386079118,116.11887616572791,116.58561706542969,16258600
2016-12-23,116.18838873389457,116.74450167430416,115.49324755838256,116.45651245117188,10890000
2016-12-27,116.1486715949477,117.85674152047899,116.04936678970144,117.19139099121094,12051500
2016-12-28,117.3701345509431,117.4297159146745,115.84081641124996,116.10894012451172,12087400
2016-12-29,116.18840034315555,116.71472265384212,115.25491846293629,115.54290771484375,9934900
2016-12-30,115.7911582680298,116.01956611925965,113.9738509402131,114.25191497802734,18684100
2017-01-03,115.22510278608723,117.02254445570436,114.70871334132205,116.04934692382812,20663900
2017-01-04,116.7345621944232,118.82992579361346,116.47636368523972,117.86665344238281,19630900
2017-01-05,118.03548208117354,120.11098034824424,117.49922709159554,119.83292388916016,19492200
2017-01-06,120.14078832976108,123.02066552605446,119.19737375125904,122.5539321899414,28545300
2017-01-09,122.69294335766722,124.55989917173993,122.18647907869347,124.03357696533203,22880400
2017-01-10,123.95414477250286,124.62942803223035,123.41788975067773,123.4874038696289,17324600
2017-01-11,123.48739670498578,125.24512265950915,123.19940749276246,125.21532440185547,18356500
2017-01-12,124.73865001351392,125.85088335434043,123.93427136943883,125.74164581298828,18653900
2017-01-13,126.60561254065145,128.37327122348765,126.48644981755184,127.44971466064453,24884300
2017-01-17,127.15179778918635,127.44971976180004,126.51624556212009,126.98298645019531,15294500
2017-01-18,127.51922963962915,127.5390799904741,125.96011338074513,127.03262329101562,13145900
2017-01-19,127.34049024301729,127.4596681313452,126.56590215712463,126.66521453857422,12195500
2017-01-20,127.21139691408264,127.58875061105137,125.90054626888444,126.15874481201172,19097200
2017-01-23,126.42687176039774,128.35341676533062,126.06936840739019,128.03562927246094,16593600
2017-01-24,128.4825202858308,128.99890223416986,127.48945709649017,128.4725799560547,15162700
2017-01-25,129.09821807094224,130.82615352172016,128.86981777410205,130.5679473876953,18731300
2017-01-26,130.7169309855081,132.21645115884772,130.52824652832456,131.85894775390625,20020100
2017-01-27,131.75960834545714,132.02773963242507,130.17071643488373,131.26307678222656,19539500
2017-01-30,130.6672551022605,130.6672551022605,128.70099424778869,130.0714111328125,18956100
2017-01-31,129.26703179805006,129.75363820933578,128.62154679484425,129.41600036621094,19790500
2017-02-01,131.33261887808786,132.56402280126707,129.7735022539107,132.30581665039062,50139800
2017-02-02,132.29586808617762,134.55012557779128,129.49542285611918,129.932373046875,54366400
2017-02-03,130.3296172576127,131.9284495842585,129.85293602087768,130.0714111328125,24804900
2017-02-06,130.07141084754824,131.1439208984375,129.39613515973363,131.1439208984375,17058500
2017-02-07,131.32269522410144,132.07741787116277,130.7467166962349,130.9254608154297,14596400
2017-02-08,131.68016643992127,133.50739881450454,131.5212727152776,133.26905822753906,22390600
2017-02-09,133.55705077379832,133.5669759489223,132.385228532785,133.20947265625,16470600
2017-02-10,133.16978322077475,134.00395268484465,132.75268333579768,133.2591552734375,15061900
2017-02-13,133.7656021684869,133.7656021684869,132.7725390266972,133.1201171875,13526200
2017-02-14,133.16978986403885,133.29887778445507,131.63053877308909,132.92152404785156,14364900
2017-02-15,132.524298957582,132.77256479120538,131.73978559062738,132.51437377929688,13226500
2017-02-16,132.14691239096575,132.94135073899795,132.0972562059787,132.91156005859375,12831100
2017-02-17,132.5739233086147,133.15982689851637,132.2462106686001,132.6037139892578,12276500
2017-02-21,132.57392907196393,132.98108859570726,131.97808512731805,132.7924041748047,14759100
2017-02-22,132.67325748818558,135.8411165565112,132.5342292380175,135.17576599121094,27360100
2017-02-23,134.9473580519656,135.17575834583596,133.3981818797286,134.42103576660156,18422500
2017-02-24,133.22936854032034,134.6792323918764,133.22936854032034,134.50048828125,12625700
2017-02-27,134.32171342662122,136.2283928167026,134.08338797344905,135.4637451171875,14306700
2017-02-28,135.8410908015193,135.86095630576054,133.81524880417086,134.59976196289062,16112100
2017-03-01,135.5233137274959,136.52630193874103,135.35449482973814,136.4667205810547,16257000
2017-03-02,136.13902246959267,136.86396947320787,135.36443443124136,135.81130981445312,12294800
2017-03-03,135.68221269018088,136.37735381160098,135.13602496872934,136.2184600830078,11160600
2017-03-06,135.93047320893834,136.87388006249714,135.5630295816403,136.4667205810547,12748200
2017-03-07,136.07944865008548,137.41014969713854,136.0397327895065,136.3475799560547,13527100
2017-03-08,136.19859520911928,137.03277971162456,136.0992979929939,136.7646484375,10184500
2017-03-09,136.76465456874377,137.60876428482155,136.44686709583988,137.2810516357422,15535300
2017-03-10,137.94641788267032,138.52239637845958,137.26120182469788,137.82723999023438,16314100
2017-03-13,137.74779671379844,138.711054032159,137.70806570200432,138.63162231445312,10955500
2017-03-14,138.4926049064226,138.4926049064226,137.55912304451613,138.35357666015625,12944000
2017-03-15,138.32373797187242,139.12813172667254,137.52929969784657,138.75076293945312,19344800
2017-03-16,139.22744040022508,139.27709658467572,138.76069954168116,139.01890563964844,13612900
2017-03-17,139.36648092326286,139.36648092326286,138.73092110385406,138.8699493408203,20592800
2017-03-20,138.74085326838062,139.21751931664969,138.28403757212322,138.96925354003906,12099500
2017-03-21,140.17084978275525,141.32280660953504,137.4399262718037,137.54916381835938,29894800
2017-03-22,136.9731701347487,138.8202678914439,136.64547268455476,138.6216583251953,17055400
2017-03-23,138.51244708226218,139.41613820610485,138.12515305103554,138.56210327148438,13022800
2017-03-24,139.10827938871515,140.04176111726997,138.79049192667938,139.36647033691406,16664700
2017-03-27,138.0854545393514,139.67434672348625,137.8073980283042,139.34664916992188,12800500
2017-03-28,139.38632913100187,140.9652957305073,139.03875100525133,140.776611328125,14679400
2017-03-29,141.00503603253932,141.8689960867775,140.44890796409192,141.6604461669922,16527600
2017-03-30,141.41219406949958,141.95838186182863,140.86602143011245,141.42213439941406,12404000
2017-03-31,141.32281193101508,141.64059940675793,140.90572723380828,141.0646209716797,11478300
2017-04-03,140.94545160668204,141.48171421615984,139.84316601007697,141.29302978515625,13564000
2017-04-04,140.8759444940805,141.1043447845589,140.29004084970728,140.74684143066406,12948600
2017-04-05,141.27315694470494,142.44497933029163,140.3098844859649,140.8660125732422,17158100
2017-04-06,141.12418600651407,141.23342354454383,139.93251341624145,140.19070434570312,15103400
2017-04-07,140.2205363098388,140.56811452943796,139.26720401810186,139.80345153808594,11818300
2017-04-10,140.0219143874138,140.448924299722,139.65448584399118,140.06163024902344,9039400
2017-04-11,139.82330232500027,140.0517026193762,137.8471010915613,138.94940185546875,16638100
2017-04-12,138.75079887914276,139.42607461756464,138.47274238062286,138.6117706298828,11612500
2017-04-13,138.6514960241226,139.60484347954377,138.36351432833814,138.423095703125,10965600
2017-04-17,138.7905068192461,140.56809842575078,138.78058164234508,140.43899536132812,11519700
2017-04-18,140.29004015553377,140.92559998676398,139.63461481781277,139.98219299316406,14807500
2017-04-19,140.36946488845516,142.04772867514785,140.2900180279646,141.2830810546875,15563900
2017-04-20,141.95836529025655,143.24935033425555,141.7001743426328,142.80247497558594,15968200
2017-04-21,142.90177893474345,143.1699102237719,141.28309633017236,142.6833038330078,12382000
2017-04-24,143.95443499294305,144.6595013149068,143.33872556117097,144.4608917236328,14407200
2017-04-25,144.77867482609412,146.12924136150053,144.77867482609412,145.4738311767578,17767500
2017-04-26,146.06965722587375,146.5661888081111,145.07659406139908,145.5433349609375,12395000
2017-04-27,145.65256127085263,146.72507122404107,145.12623904654814,146.6754150390625,11275100
2017-04-28,148.46295100004227,150.4788681191118,148.03594108997612,149.20774841308594,30652200
2017-05-01,150.6874285243339,151.5116728703495,150.36964099929227,151.40243530273438,25218300
2017-05-02,152.27631257118807,152.37562495570396,150.60797361250664,151.72019958496094,21870400
2017-05-03,152.5344953365494,152.5344953365494,150.29016307511085,150.74697875976562,29782500
2017-05-04,149.12828282577297,150.46892406221426,147.68834437181695,149.80357360839844,36225500
2017-05-05,150.3993975003212,150.5781567307615,148.75090918298633,149.1977996826172,17148500
2017-05-08,149.6645524713391,150.03198098413574,148.701280013467,150.01211547851562,15827500
2017-05-09,150.43913010876204,151.53149039530075,149.16801058988136,149.43612670898438,17453900
2017-05-10,149.18788567133845,149.47588249536807,147.82739388723468,149.24746704101562,12080700
2017-05-11,149.26730729651976,149.6049451028661,148.37355659667585,148.99917602539062,11841900
2017-05-12,149.35669221015388,149.41628872782846,148.5920444921537,149.2871856689453,9598200
2017-05-15,149.128297335185,150.42920768884002,148.73107812059814,149.14816284179688,15064700
2017-05-16,149.06869467972123,149.16800704565597,147.99618476997222,148.74098205566406,14550800
2017-05-17,146.97334236465397,147.63869283943836,143.418174562075,143.84519958496094,28300100
2017-05-18,143.7161184736394,147.12231823592748,143.5075685184444,146.63572692871094,23031600
2017-05-19,147.42023779053756,148.35371967861136,146.9336464914364,147.03294372558594,16187900
2017-05-22,147.05279144171797,147.55924818755005,146.66549742362497,147.21168518066406,12586700
2017-05-23,147.48973730728926,147.77771894183152,146.22854291504584,147.04286193847656,12817800
2017-05-24,147.4797907438921,149.18786043274298,147.3904187044957,148.99917602539062,17862400
2017-05-25,149.25739531409565,151.53150327307716,148.90981714846654,150.9058837890625,19891400
2017-05-26,151.17400425788526,151.19386976438898,150.1014942008095,151.07470703125,14996200
2017-05-30,150.91580800140486,151.8393494567812,150.58809534380453,151.32296752929688,13226000
2017-05-31,151.64075149463565,152.28625168293928,150.0419190955539,150.40936279296875,18023900
2017-06-01,150.69731113308566,151.233558488935,149.2573728052354,150.4788360595703,14530600
2017-06-02,150.79664787598009,152.5642990999012,150.25046010388283,152.54443359375,16854400
2017-06-05,152.57421045402606,153.6367952191995,152.34581018927418,152.5642852783203,12520400
2017-06-06,152.34581340201132,153.4481140461935,151.42225684194173,151.74996948242188,13457100
2017-06-07,152.20679938081847,152.68346546921575,151.28324273454814,152.05783081054688,12066700
2017-06-08,153.01116045757777,153.65664539533412,152.03796288662605,153.6367950439453,17799400
2017-06-09,153.69635904270106,154.51066279291987,145.5929616270529,148.56222534179688,35577700
2017-06-12,147.142147059894,148.1650007666343,143.55718892222166,147.4102783203125,33170200
2017-06-13,149.10842810121636,150.13128194850327,147.86709914548547,149.63475036621094,20483400
2017-06-14,150.21073680759227,151.34282826930098,148.01607558280446,149.20774841308594,20808800
2017-06-15,146.64563488007298,148.99918971810456,145.3546497427064,148.7608642578125,18994200
2017-06-16,148.55231240417723,149.78371616053087,147.56918958731606,149.59503173828125,22882400
2017-06-19,150.65761334506806,152.50471136348983,150.65761334506806,151.80955505371094,19026500
2017-06-20,151.81948221963026,152.77281425122555,151.1541318019916,151.19384765625,14743900
2017-06-21,151.3030953474221,153.01116510097424,150.82642929964538,152.84234619140625,15039800
2017-06-22,151.94858245436978,153.47790814399355,151.84928523418765,152.33587646484375,13005500
2017-06-23,151.66061905786412,154.12341164752556,151.59109735772836,153.99432373046875,18027000
2017-06-26,155.16611828477656,155.4143840740322,152.13727262526947,152.52456665039062,18049700
2017-06-27,151.7797633592169,152.2465042370376,149.34676175005097,149.5354461669922,19360800
2017-06-28,149.8730881809172,152.40540223388905,148.820443670593,152.177001953125,16719100
2017-06-29,151.22366765586327,151.44214277899295,147.88697459245103,149.9922637939453,23973500
2017-06-30,150.8462945515296,150.8661600584235,149.0190618937829,149.93267822265625,17666000
2017-07-03,150.6675308488081,151.09454069735662,146.77472541580732,147.4003448486328,13862700
2017-07-05,147.96640295505324,149.80357576432908,147.10244290083384,149.29710388183594,14334300
2017-07-06,147.99620873831557,148.99919712375873,146.9733548458803,147.7876739501953,14951800
2017-07-07,148.21466994405515,150.9356683347701,148.15508858161346,150.3894805908203,13615900
2017-07-10,150.63773893868301,152.91184669302274,150.45897970723553,152.4351806640625,13378700
2017-07-11,152.3061028981342,154.3418855523877,151.84930229749614,154.19293212890625,13667700
2017-07-12,155.40444377411396,158.05592032697902,155.11644700095712,157.79771423339844,22739400
2017-07-13,157.63883053784087,158.6716094197859,157.3210430954336,158.15521240234375,13929200
2017-07-14,159.0191995193055,159.2078839333305,158.22474600638247,158.8603057861328,16371200
2017-07-17,159.1383758602951,159.6646981376445,157.70836244525452,158.62197875976562,12858800
2017-07-18,158.55245627576127,162.59421516462118,158.3141156795693,161.73025512695312,23722900
2017-07-19,162.45518556660878,164.55054927083134,162.03810089149994,163.00137329101562,26273600
2017-07-20,163.6568184406949,163.85542805016732,161.68061721703077,163.38868713378906,18523100
2017-07-21,163.0212515334372,163.905077137286,162.6140920022524,163.28936767578125,14744000
2017-07-24,163.49789862263336,165.01728386460124,163.17018600043292,164.8484649658203,17367000
2017-07-25,163.86533734700834,164.3916595799285,162.72332083850765,164.1334686279297,15383200
2017-07-26,164.85841611761248,164.85841611761248,162.96167692483195,164.46119689941406,35236900
2017-07-27,173.4881184714125,174.27264679670745,166.33806726723006,169.25767517089844,68910700
2017-07-28,167.8971802767594,172.22692070890795,167.87731477256483,171.25372314453125,24557600
2017-07-31,170.80685122784342,171.5218578638231,167.38078660298925,168.075927734375,25478900
2017-08-01,168.64197054757364,169.287455454059,167.87730777382905,168.6816864013672,14385000
2017-08-02,169.11864289838718,169.36690866448788,165.75215971617925,168.12557983398438,17433800
2017-08-03,168.12559848902808,168.5228176976883,167.0828791251181,167.42051696777344,10793800
2017-08-04,167.79787441657024,168.88030956658835,167.51981795882136,168.443359375,10777700
2017-08-07,168.77108550721096,170.86644943674585,168.48310385043376,170.78700256347656,12787800
2017-08-08,170.68769065921134,171.84957266909922,169.43642145399332,170.0421905517578,14393500
2017-08-09,168.800880884643,170.26068502155996,168.38379615308702,169.9925537109375,10815000
2017-08-10,168.88030571375126,169.4066279362641,165.69258169837636,166.23875427246094,20832700
2017-08-11,166.78492894261203,167.6489040624288,165.6925687270189,166.91403198242188,13791200
2017-08-14,168.91012636907018,169.89326445218367,168.11567272995305,169.5655517578125,12954200
2017-08-15,170.3004186934062,170.31034387064258,168.83067420352938,169.81381225585938,8729200
2017-08-16,170.062068714815,170.19117177650332,168.06601718817015,168.82073974609375,15779900
2017-08-17,168.16531830444666,168.6817154102053,165.69260063942954,165.75218200683594,17216000
2017-08-18,165.68266494962145,167.4999724711211,165.0570454213914,166.24871826171875,15093600
2017-08-21,166.00044033746792,166.83460974950958,164.6697393487908,166.6161346435547,11907500
2017-08-22,167.11267501153276,168.69164187159274,165.99050874036135,168.46324157714844,11391000
2017-08-23,167.66877601385337,168.18517308668328,167.0332162138092,167.53968811035156,9856500
2017-08-24,167.70850738541677,168.11565175525436,165.25564022537776,166.576416015625,14030400
2017-08-25,166.69558565111055,167.21198274645053,165.02723163268192,165.16627502441406,12614500
2017-08-28,165.75216711650512,166.5366803051159,165.17618869508303,166.0798797607422,8553700
2017-08-29,164.1036672848572,167.26160047720026,163.8554015249709,166.88424682617188,11121000
2017-08-30,167.003411631706,168.99946291111058,166.4671642509348,168.74127197265625,11138300
2017-08-31,169.21795269138102,170.95581318326467,168.8803148610923,170.77706909179688,17226500
2017-09-01,171.20409016339514,171.72048727186143,170.12165490865814,170.8267364501953,11677600
2017-09-05,170.08195444332813,171.19418048260115,168.37388436704836,169.5357666015625,13210900
2017-09-06,169.72440263866403,171.28350368449455,168.39370184226058,170.89620971679688,13906300
2017-09-07,170.74728937734764,172.10778111515418,169.088875648351,172.00848388671875,18049500
2017-09-08,171.88929946283218,172.28653382029586,169.6151914840004,169.76414489746094,10998500
2017-09-11,171.2040805260125,172.68375007048493,171.00547092714922,172.30638122558594,12372000
2017-09-12,172.5546465230831,172.79298713280784,170.5585950578146,171.7602081298828,11186300
2017-09-13,171.80984784630212,171.96874158489928,170.86644089691058,171.84957885742188,9119300
2017-09-14,171.06504830816147,171.08491381346752,169.31726266474533,169.77407836914062,15615700
2017-09-15,169.69461835947652,171.14448192278508,169.07890896619546,170.4493408203125,15660500
2017-09-18,170.7969338744533,170.87638074352748,168.16530747754663,168.83065795898438,12954000
2017-09-19,169.4364283853233,171.36297330466243,169.178237423544,171.32325744628906,13168600
2017-09-20,171.3033901419022,171.84957789468197,169.51587347505074,170.97567749023438,12264100
2017-09-21,170.49901310811978,171.07499154827082,168.830659151658,169.92303466796875,11161400
2017-09-22,169.02926664283672,170.538711552959,168.0461287785441,169.35696411132812,12097100
2017-09-25,168.06599524243387,168.12557660068182,160.43926317496485,161.74017333984375,41251600
2017-09-26,163.3588892408583,164.3519523973377,161.65081939947848,163.07090759277344,23363300
2017-09-27,164.74917915694348,167.17225579438713,164.4214816348598,166.51683044433594,19242500
2017-09-28,166.77501139227604,167.89717749007715,166.0004234238819,167.5595245361328,12178700
2017-09-29,167.65886533903188,170.46923607146135,167.6389998317976,169.68470764160156,15340400
2017-10-02,170.2010823906376,170.67774843101898,167.5793964391297,168.29440307617188,13392300
2017-10-03,168.1255805971883,169.5456535123196,168.02626822912126,168.781005859375,8190300
2017-10-04,168.65193178882757,169.486101273332,167.12260591429364,167.251708984375,12127900
2017-10-05,168.0064315397276,170.12166108823172,167.43046819556287,170.05215454101562,14580600
2017-10-06,169.0690022560824,171.17429129720227,168.5724706782378,171.03526306152344,13124500
2017-10-09,171.5020153754917,173.66690107856107,170.80687415081522,171.30340576171875,14570400
2017-10-10,171.79991128755583,171.99852087117313,169.61517556188588,170.39968872070312,11341100
2017-10-11,170.75720441941772,171.58144864651447,170.21101666014383,171.54173278808594,11283700
2017-10-12,171.41262396464822,172.64402767568606,171.09483649614538,171.35304260253906,10351000
2017-10-13,172.24677801844288,173.43845061344652,171.99851226311134,172.53477478027344,13658300
2017-10-16,173.27959652441825,173.78605328178057,172.8525714853964,173.30938720703125,11498800
2017-10-17,173.49805395818913,174.90820168567274,173.15047582585638,174.88833618164062,15990100
2017-10-18,175.4245778956243,175.51396508440905,174.53082723129128,174.8088836669922,12752400
2017-10-19,173.7165496528155,174.8089253053655,171.4325162659357,173.34912109375,14048400
2017-10-20,174.28255605913378,174.6599248471196,173.4185961002597,173.7661590576172,12602200
2017-10-23,173.98467082716962,174.12369907002503,170.06207419030287,170.08193969726562,13852700
2017-10-24,171.10476210292808,172.038243770161,170.3103086529678,170.6082305908203,12267900
2017-10-25,170.70753480348756,171.0551129373955,167.71842043305062,169.41656494140625,15868200
2017-10-26,170.19116269794813,171.09483862273663,169.20802475210576,169.4463653564453,11833100
2017-10-27,172.94195098397785,176.9738003222873,172.69368518287942,176.64608764648438,30285300
2017-10-30,178.0164995330815,179.4365877547568,176.37795135332073,178.6222686767578,24353200
2017-10-31,179.31741549441264,179.54581577000775,177.69871775407086,178.81094360351562,20174200
2017-11-01,181.09497661692254,181.63122399133698,179.31740044225856,181.3928985595703,40918300
2017-11-02,179.37699283712175,180.6779030753569,176.10980674819155,177.67884826660156,35529900
2017-11-03,178.04627676514238,178.6123300062959,175.48418729837076,177.67884826660156,17822100
2017-11-06,177.32133391584753,179.19822245446113,177.07306815596246,178.920166015625,13312700
2017-11-07,179.2478995779516,179.49616536684076,177.7185889856887,178.9996337890625,12928200
2017-11-08,178.5428228965504,179.09895100716585,177.86754720592984,178.31442260742188,10494100
2017-11-09,177.07309064860945,178.15552586249888,175.8615523742399,178.0562286376953,12610300
2017-11-10,177.11282360168667,177.857620984111,176.72552956894367,177.22206115722656,11070200
2017-11-13,176.2687127572504,177.79802337246977,176.070103153746,177.5299072265625,9523400
2017-11-14,176.89432867390178,177.72849801206272,175.95090663949853,176.83474731445312,9585900
2017-11-15,175.4345465843028,177.33130091177023,175.17634045731123,176.71559143066406,10253700
2017-11-16,177.51994834120168,178.5825330959397,177.26175739892824,178.3441925048828,15607600
2017-11-17,178.056222751695,178.73149840862558,177.65898840678804,177.75830078125,13018000
2017-11-20,177.62920998249183,178.25484464830473,176.86456222754487,177.5001220703125,10052400
2017-11-21,177.90724213209737,180.62824038676257,177.74836355784365,180.59844970703125,14504000
2017-11-22,180.04235095899685,180.46936083731828,179.18831604941295,179.61532592773438,10376300
2017-11-24,179.1485897679096,181.8795134848164,179.0393522131157,181.5120849609375,9426300
2017-11-27,181.29360457054588,182.4554866269967,180.7275664597862,181.76034545898438,12344500
2017-11-28,182.23700669132907,182.97187885113578,180.82685888705717,181.15457153320312,14379700
2017-11-29,180.62824698739723,180.7076938538972,172.79297972000433,173.91514587402344,41933500
2017-11-30,175.6232302181195,177.04330329836557,173.98466687213366,175.950927734375,25307600
2017-12-01,174.80890215841455,176.24884067124194,171.14449677173474,173.88536071777344,20182500
2017-12-04,175.0670891518852,175.34516076364028,169.6052420419783,170.28053283691406,24459400
2017-12-05,169.26759335568448,174.16340205764968,167.83758014332193,171.63108825683594,20184900
2017-12-06,171.30339687897697,175.5437808590367,170.70755291561267,174.8386993408203,20255800
2017-12-07,174.58049077142067,179.13864662692453,174.58049077142067,178.890380859375,20404500
2017-12-08,180.27074929514077,181.0155466447829,177.5001098217661,177.75830078125,19883800
2017-12-11,178.05624080657557,178.9698571630909,177.55970918979924,177.79803466796875,13168600
2017-12-12,177.36109066648527,177.93705397843124,175.3749642991246,175.7324676513672,16854100
2017-12-13,176.0700930146524,177.9171910114658,176.02043682840042,177.0631561279297,14615700
2017-12-14,177.0532144837025,179.10886238632793,176.4474453829856,177.15252685546875,13591000
2017-12-15,177.77818814536826,179.23799234239164,177.12276276038986,178.9301300048828,28463100
2017-12-18,179.7543736349491,180.04237046342945,178.50311939356402,179.56570434570312,17265400
2017-12-19,178.7016901501842,178.8307931936983,176.98369534214456,178.26473999023438,14920600
2017-12-20,178.56265447133333,178.56265447133333,176.12965316737507,176.65597534179688,11860500
2017-12-21,176.70567688144666,177.44053398753192,175.82185119630492,176.2190704345703,11600700
2017-12-22,175.91121331065597,176.2985073496074,175.00752216878868,175.97079467773438,8509500
2017-12-26,175.404740075275,175.77216857306874,173.4583297333868,174.76918029785156,8897300
2017-12-27,175.32529352058748,177.20218217545033,175.037296735637,176.3878631591797,9496100
2017-12-28,176.71556643605342,177.69870430904916,176.4474351701565,176.68577575683594,12220800
2017-12-29,176.76522659940787,177.60933627074954,175.2359161376953,175.2359161376953,10261500
2018-01-02,176.4474526579683,180.32040802242759,176.3183647528784,180.16151428222656,18151900
2018-01-03,180.61833742444432,183.49821460754387,180.07214964063118,183.38897705078125,16886600
2018-01-04,183.6173380652008,184.9182632912654,182.8228998073401,183.05130004882812,13880900
2018-01-05,184.3025942053248,185.60350456264763,183.64716886176097,185.55386352539062,13574500
2018-01-08,185.90142791447593,187.58963232302543,185.03746777985856,186.97393798828125,17994700
2018-01-09,187.39103203465706,187.49034442072295,185.80213992820117,186.56678771972656,12393100
2018-01-10,185.6432364884832,186.58664349513037,184.34232612476595,186.5369873046875,10529900
2018-01-11,187.09308772995047,187.09308772995047,186.0801742469312,186.46746826171875,9588600
2018-01-12,176.82480697209243,180.22108083685907,176.16938171232874,178.12571716308594,77551300
2018-01-16,180.24095372093686,180.48921949741197,176.8049487072274,177.15252685546875,36183800
2018-01-17,178.01646929224836,178.07606580117474,174.580479771503,176.3679962158203,27992400
2018-01-18,176.89432094671662,179.72454146747577,175.8516017430941,178.552734375,23304900
2018-01-19,179.59547461560447,181.1049196756431,178.92018380205798,180.03240966796875,26826500
2018-01-22,179.54581584820178,184.10397195061574,179.15852183596283,184.0841064453125,21059500
2018-01-23,184.759417836102,188.23513915735595,184.26288621877998,188.03652954101562,25678800
2018-01-24,188.57276298915235,189.33742586575525,185.22614498635804,185.2559356689453,24334500
2018-01-25,186.6461994695323,187.31154990270963,185.30557342761614,186.17945861816406,17377700
2018-01-26,186.4475844935367,188.68197631835938,185.51410281780716,188.68197631835938,17759200
2018-01-29,187.44066953907347,187.53004158585642,184.34231736040186,184.68988037109375,20453200
2018-01-30,186.3185072935063,186.87462024479393,180.57860337737924,185.8219757080078,20858600
2018-01-31,187.0632960772574,188.5131749075935,183.93515329351402,185.59356689453125,43275100
2018-02-01,186.91433689422146,193.96509092767525,186.58662425462194,191.75054931640625,54211300
2018-02-02,190.70782275631595,192.86278292411072,188.66211528382402,188.9600372314453,26677500
2018-02-05,185.6332908601518,189.2877712006641,179.35713951321085,180.00262451171875,33128200
2018-02-06,177.33128526926728,184.48133656790674,176.5070410768507,184.02452087402344,37758500
2018-02-07,182.87259233930067,183.79614904594163,178.70172969906648,178.9301300048828,27601900
2018-02-08,179.7543644742594,180.57860874905867,170.29047338537103,170.38978576660156,38478300
2018-02-09,173.54769498885972,175.67284933210118,166.02027517231002,174.88833618164062,39887600
2018-02-12,175.83176430297976,176.31837071645086,170.64797328888466,175.186279296875,32092100
2018-02-13,174.40175031635505,174.74932848952264,171.899242020138,171.94888305664062,21809400
2018-02-14,172.24680328249755,178.56268563062287,172.00847782030428,178.2747039794922,28929700
2018-02-15,179.2479021073594,179.2479021073594,175.6132872700278,178.71165466308594,20922100
2018-02-16,177.7483668653608,178.63219240402876,175.07702474485308,176.12966918945312,20645300
2018-02-20,174.550691296675,176.7155614072171,173.8952660666628,174.7890167236328,21204900
2018-02-21,175.48420002533416,180.01256567121982,175.17633771313297,176.67587280273438,23200800
2018-02-22,177.46038576290178,178.95992085014174,176.17934093862578,177.74838256835938,18464200
2018-02-23,178.65204095511,182.11783653849992,178.26474696235962,182.01852416992188,19007300
2018-02-26,183.29960799091424,184.37211806945996,181.9490414275169,183.6471710205078,17599700
2018-02-27,183.17048181729038,183.41874758694053,180.20123291015625,180.20123291015625,15849800
2018-02-28,181.03542565076677,181.61140412912914,176.90427907330402,177.08303833007812,18783000
2018-03-01,177.7682241048076,178.8705247769073,173.2001428330427,174.7195281982422,23201600
2018-03-02,172.08790385306338,175.88141229900526,171.78999703516504,175.39480590820312,20025900
2018-03-05,174.97772779793522,179.89338746655915,174.66988063922287,179.14859008789062,16189300
2018-03-06,180.5190243165728,181.11486828795566,177.86754743450814,178.53289794921875,15086800
2018-03-07,177.50009850119213,182.54486071271018,176.83474806296604,182.4356231689453,19097300
2018-03-08,182.28667255360858,183.12084197738199,180.1913086646202,181.07513427734375,17225900
2018-03-09,182.63421783541125,184.22310952510597,181.93907677411113,183.94505310058594,18526300
2018-03-12,183.94508868540132,184.80906395645638,182.94210032813234,183.4783477783203,15301200
2018-03-13,184.32245324330077,184.69982209203795,179.85366903519062,180.6183319091797,18067500
2018-03-14,181.33334093538332,182.97188910499779,180.58854355775105,182.9123077392578,16821700
2018-03-15,181.9689004111685,182.7236229640044,180.92618105388345,182.5845947265625,15614300
2018-03-16,183.21021676402341,184.04438613127203,182.13770679772932,183.80604553222656,24403400
2018-03-19,175.78210409554964,175.9409978374931,168.88031817988215,171.36297607421875,88140100
2018-03-20,166.30829060073853,169.0193488170456,160.82657764934302,166.9835662841797,129851800
2018-03-21,163.65679476815947,172.19712796367182,162.16720018316943,168.21495056152344,106598800
2018-03-22,164.97758908714604,169.08886999999646,162.5843032135529,163.74618530273438,73743000
2018-03-23,164.29238310287468,165.4443400857302,157.9169189882288,158.2843475341797,53609700
2018-03-26,159.70441416352784,159.9824706178094,147.98626661544586,158.94967651367188,126116600
2018-03-27,155.22570250912426,161.7203441613361,149.70427367883968,151.16407775878906,79117000
2018-03-28,150.59801289868955,154.7986807174794,149.75391835632328,151.96844482421875,60029200
2018-03-29,154.07373680754304,160.300246804713,153.07074851269897,158.68154907226562,59434300
2018-04-02,156.71528361031537,158.09564069755277,153.04095321254837,154.31207275390625,36796000
2018-04-03,155.4640345480855,156.29820393261704,149.7638467812387,155.02708435058594,42543900
2018-04-04,150.97538262253934,154.48089417052745,149.46592246029974,154.0240936279297,49885600
2018-04-05,160.43928160179667,160.4492219312727,155.56333785263115,158.23468017578125,41449600
2018-04-06,156.63584985674814,160.30025538543117,155.7222335569777,156.10952758789062,41644800
2018-04-09,156.725250244978,159.41644318153854,154.95758370960976,156.83447265625,34915200
2018-04-10,156.83446174076977,164.82862342116601,155.92084542771616,163.8951416015625,57889300
2018-04-11,164.21292770632033,167.48009889436995,162.11756379479976,165.16627502441406,56144600
2018-04-12,165.82165715786823,166.2883979847777,161.9685829832784,162.7332305908203,38263000
2018-04-13,163.4383197622783,164.5505455373332,162.6339411104661,163.3787384033203,19990600
2018-04-16,164.57040998170174,164.6299913402761,162.25657125511307,163.68658447265625,18119400
2018-04-17,164.67966545280353,167.8276738480501,164.51084653414958,167.4900360107422,22743000
2018-04-18,165.7223754498516,166.9537639994837,164.62007479958842,165.2059783935547,20969600
2018-04-19,165.04708519135187,167.16231445613354,164.05402208532334,166.9339141845703,22235000
2018-04-20,166.62604565783647,167.26160541579353,164.65978502430374,165.12652587890625,19119400
2018-04-23,166.10967864929586,167.281485902097,163.94479308574589,164.68959045410156,23088100
2018-04-24,164.28241722573094,164.94778282057578,157.09265026052972,158.58224487304688,35079900
2018-04-25,159.02912022621402,159.94273643687174,155.10652411050685,158.58224487304688,41083600
2018-04-26,172.01839203733653,175.04723753424813,169.61518114470482,172.95187377929688,77556900
2018-04-27,175.58349839134146,175.87149519912316,171.4027108901409,172.38583374023438,29804700
2018-04-30,172.58443054066007,174.50105021494917,170.5188726145736,170.80685424804688,20750500
2018-05-01,170.80684800689198,172.81283965072635,169.04912213050952,172.65394592285156,26025900
2018-05-02,173.04125064000766,176.84468425148097,172.99159445285136,174.8486328125,30424500
2018-05-03,173.9151516378394,174.89827444336046,170.92602190435747,172.81285095214844,24026100
2018-05-04,171.87937590474584,175.75231622060258,171.85951039845025,175.3848876953125,17677800
2018-05-07,176.11974883522183,178.25482846315865,175.94098959567398,176.73544311523438,18697200
2018-05-08,177.01349780708208,177.79801098981687,175.8814064777154,177.67884826660156,15577200
2018-05-09,178.4236346143152,181.74046153187652,177.5398091146551,181.3928985595703,23282800
2018-05-10,181.87950118265704,184.83884013856513,181.23401622713382,184.2429962158203,21071400
2018-05-11,183.5677317892861,187.01366217802422,182.90236613531536,185.69288635253906,21207800
2018-05-14,186.4078912443324,186.55684465620774,184.90835618439513,185.34530639648438,15646700
2018-05-15,183.5975100039146,184.0046543569657,181.92915612341014,183.04139709472656,15429400
2018-05-16,182.4257002834092,183.04140974938363,181.39292125964974,181.92916870117188,16975500
2018-05-17,181.41278043917686,182.78321252176937,180.95597984694072,182.48529052734375,14840700
2018-05-18,182.217144041086,182.91228514374905,181.34324371034413,181.41275024414062,13130500
2018-05-21,182.495198479535,184.01458371330392,181.85963874222602,183.210205078125,13532900
2018-05-22,183.6471448529775,184.13375120860323,182.1575502594038,182.52499389648438,12731400
2018-05-23,181.23401358089419,185.61342543618474,180.91622611928628,185.60348510742188,16628100
2018-05-24,184.5905872352443,185.5042035350073,183.7464774779823,184.64022827148438,12354700
2018-05-25,184.7296130849338,185.0374602397614,183.17049665185036,183.63723754882812,10965100
2018-05-29,183.06124071118006,185.51410767983967,182.43562128783196,184.4515380859375,16398900
2018-05-30,185.24599782684075,186.69587672830158,183.96495299956314,186.3681640625,13736900
2018-05-31,186.56676551829625,191.38312776343545,186.17947150343542,190.44964599609375,30782600
2018-06-01,191.73071657307693,193.2004458453696,190.73765338718755,192.6443328857422,17307200
2018-06-04,190.50922617812193,192.6343806585542,190.14179767097724,191.93923950195312,18939800
2018-06-05,192.95215941205805,193.64730053724477,191.28380555866988,191.60159301757812,15544300
2018-06-06,189.70483293316178,191.19442750583673,187.7981536984906,190.01268005371094,22558900
2018-06-07,189.42681359691304,189.64528872260226,185.4744261327083,186.8746337890625,21503200
2018-06-08,186.22915244707383,188.1656227788041,185.1367767968963,187.78826904296875,12677100
2018-06-11,187.50026067214586,191.2639786919079,187.49033549518882,190.21131896972656,12928900
2018-06-12,190.83695310064772,191.93925385746576,190.23118394324425,191.0653533935547,11562700
2018-06-13,191.4029842424792,193.1507698150531,190.5787400645043,191.0752716064453,15853800
2018-06-14,191.76052222087148,195.91151938840932,191.57183777635743,195.4447784423828,19120900
2018-06-15,194.4318280429011,195.7029628193445,193.2898114782196,194.49142456054688,21860900
2018-06-18,193.44871038469225,198.19555117016031,192.78335987282324,196.93435668945312,16826000
2018-06-19,194.87871199437944,196.58678177187983,192.4456952296434,196.1200408935547,19994000
2018-06-20,197.71887782933467,202.13800578502625,197.43088103222226,200.5987548828125,28230900
2018-06-21,201.35347270374544,201.97910731812365,198.7019959923883,200.1022186279297,19045700
2018-06-22,199.76458248044904,200.8370924771239,197.92740963233234,200.34056091308594,17420200
2018-06-25,198.61261980694115,198.61261980694115,191.77041566070966,194.98794555664062,25275100
2018-06-26,196.22927036364538,197.71886498132608,194.86876364216448,197.6195526123047,17897600
2018-06-27,197.79830298084718,199.35741933699376,194.44175997297106,194.48147583007812,18734400
2018-06-28,193.82603991631777,195.97105975309407,191.91936066794094,194.86875915527344,18172400
2018-06-29,195.95121996703992,196.2292764253612,192.61452731424384,192.97203063964844,15811600
2018-07-02,192.0286090096052,196.08030832262045,190.88659249262903,195.99093627929688,13961600
2018-07-03,193.2004333018475,194.0445278632857,191.1845163776106,191.39305114746094,13489500
2018-07-05,193.38913868124402,197.27200439061318,192.68405712132028,197.07339477539062,19684200
2018-07-06,197.0733504741098,202.22734989877844,196.32855321974586,201.8201904296875,19740100
2018-07-09,203.50843246141565,204.3724077415996,200.71792731913249,203.31976318359375,18149400
2018-07-10,203.08141430852248,203.48857383699604,200.85694739600112,202.12806701660156,13190100
2018-07-11,200.81723742762458,203.08142026529077,200.35049652089202,201.135009765625,12927400
2018-07-12,202.01880839249557,205.643497606073,201.78048295907954,205.48460388183594,15454700
2018-07-13,206.36844242220712,206.98413670133957,205.0178759867671,205.88185119628906,11486800
2018-07-16,206.0605964940054,207.27213470731385,205.40517120098139,205.79246520996094,11078200
2018-07-17,203.47862251531816,209.00006606314045,203.4190411539683,208.5333251953125,15349900
2018-07-18,208.3645000043138,209.52638197442332,206.9940681228278,207.90768432617188,15334900
2018-07-19,207.32177512178768,208.53331324292898,206.31877175341856,206.646484375,11350400
2018-07-20,207.40122275589275,210.03283376074998,207.05364462939184,208.48365783691406,16163900
2018-07-23,209.11923254417522,210.15201151632886,207.35158141197147,209.4469451904297,16732000
2018-07-24,213.6178432129191,214.70027855367272,211.1252598299745,213.18089294433594,28468700
2018-07-25,214.22359020850868,217.1034673667331,212.78365162939647,215.99124145507812,58954200
2018-07-26,173.6768160542366,178.88047248591084,172.5447246539914,175.0373077392578,169803700
2018-07-27,178.62225354520353,178.68183490626512,171.79991495072542,173.6768035888672,60073700
2018-07-30,174.0839445687122,174.0839445687122,165.40456861141126,169.87335205078125,65280800
2018-07-31,169.48608873369108,173.03133150994935,168.82073823078153,171.38284301757812,40356500
2018-08-01,172.72347239910673,173.86550415299672,169.7144921624389,170.45928955078125,34042100
2018-08-02,169.49598404870986,175.56359953049036,169.08883973858946,175.14651489257812,32400000
2018-08-03,176.45738088930472,177.60933769737173,174.92805526236816,176.5467529296875,24763400
2018-08-06,177.72850086792843,184.50118320269152,177.1425972866821,184.40188598632812,49716200
2018-08-07,185.20628503395105,186.9938018074944,182.4455705765114,182.53494262695312,33398600
2018-08-08,183.46845207332657,185.5538911485988,182.4853139116221,183.8954620361328,22205200
2018-08-09,184.5608105491563,185.27581729935966,181.2141771021664,181.8199462890625,19732100
2018-08-10,180.77721854730927,180.83681506787494,178.17539780812575,179.0095672607422,21500400
2018-08-13,178.8506663162982,181.34324918572818,177.6589785009637,178.80101013183594,17423300
2018-08-14,179.4564490129401,180.7275686363112,177.38093550731628,179.85366821289062,19102000
2018-08-15,178.0959225309153,179.61530777477728,173.56755747839023,178.28460693359375,33020200
2018-08-16,179.16845107229676,179.2478979423693,172.80291266655718,173.48812866210938,31351800
2018-08-17,173.28950145287726,174.99757110350183,170.8465596934688,172.5943603515625,24893200
2018-08-20,172.83271645600703,173.35905390427163,169.72443887575164,171.30340576171875,21518000
2018-08-21,171.61123079899346,172.96179721255226,170.20108302428272,171.42254638671875,19578500
2018-08-22,171.0154127998616,173.03132979475197,170.9359659290111,172.43548583984375,16894100
2018-08-23,171.88929171697956,174.33223365823537,171.63110076096905,171.7006072998047,18053600
2018-08-24,172.4950695816798,173.60731063597208,171.72048152139024,173.4384765625,14631600
2018-08-27,174.76916951059414,177.43057117899147,174.57054478064495,176.22897338867188,17921900
2018-08-28,176.86455547628944,177.00358371305845,174.61029785237488,175.0373077392578,15910700
2018-08-29,175.07704393923842,175.56363520587774,173.53779295965174,174.6798095703125,18494100
2018-08-30,174.67979483756682,178.5428097260263,174.48118524632577,176.40773010253906,24216500
2018-08-31,175.9211342088032,176.38787511015445,173.76618895187613,174.510986328125,18065200
2018-09-04,172.29645082499624,172.6837448345659,167.6290572049937,169.97268676757812,29809000
2018-09-05,168.31429831995518,169.942921469212,165.5138526379108,166.0203094482422,31226700
2018-09-06,165.82166981524483,165.82166981524483,158.8900937195526,161.4025421142578,41514800
2018-09-07,159.19795364174527,163.48799379024945,159.0490002280922,161.9090118408203,24300600
2018-09-10,162.37575665912632,163.8653514433675,161.0351304450743,163.04110717773438,20197700
2018-09-11,162.80276843626777,166.03022353897816,162.58429334015673,164.7888946533203,20457100
2018-09-12,162.11756494310168,163.3489687474988,160.6776263555124,160.87623596191406,24078100
2018-09-13,160.87622139579904,162.18707195465765,159.74413007357586,160.24066162109375,25453800
2018-09-14,160.5981715601755,161.710397423513,159.22773958360546,161.1940155029297,21770400
2018-09-17,160.7967960595179,160.9358243053203,158.66171618049336,159.46609497070312,21005300
2018-09-18,158.28432773636385,160.6378824468161,157.76793067882136,159.18801879882812,22465200
2018-09-19,158.96952480760055,162.3062170506738,158.37368095411156,161.92884826660156,19629000
2018-09-20,163.35888694847847,165.29535704585095,163.32909626643743,164.86834716796875,18936000
2018-09-21,165.4840451786803,166.08981431533522,161.68061143908528,161.79977416992188,45994800
2018-09-24,159.91298166556047,164.55058544889206,159.76402823203702,164.26260375976562,19222800
2018-09-25,160.86630958600753,164.44132793341424,160.03212500063188,163.76605224609375,27622800
2018-09-26,163.16028917744478,168.12560525008192,163.07091712484342,165.79190063476562,25252200
2018-09-27,166.3877629627647,170.57849140217883,166.05012506931936,167.66880798339844,27266900
2018-09-28,167.1623175329473,167.6191180844817,161.4323390628726,163.3191680908203,34265600
2018-10-01,161.89907497537462,164.72931085397505,160.14134905646677,161.31317138671875,26407700
2018-10-02,160.45915416978957,161.15429538134754,157.56933661216087,158.22476196289062,36031000
2018-10-03,158.89011679836528,162.52473185683405,158.4233758680347,161.30325317382812,23109500
2018-10-04,160.33997265513239,160.33997265513239,156.25848276244213,157.74807739257812,25739600
2018-10-05,158.10558039164562,159.78384427641726,155.1164508086418,156.23861694335938,25744000
2018-10-08,154.4610350407743,157.24161487978859,153.3190184842043,156.1591796875,24046000
2018-10-09,156.59613745615854,159.47601465702692,156.3280061510065,156.80467224121094,18844400
2018-10-10,155.73214483232692,156.59610478173025,150.2603580782695,150.3298797607422,30610000
2018-10-11,149.08857507906976,153.73610333271458,148.12530261443172,152.28623962402344,35338900
2018-10-12,155.64274074117597,155.8016344384783,150.25041658305946,152.67349243164062,25293500
2018-10-15,152.25645326180265,154.49084540551436,151.49179037424213,152.45506286621094,15433500
2018-10-16,154.32201514506139,158.35386446360545,153.93472110336418,157.67857360839844,19180100
2018-10-17,158.45314565938952,159.37670222103174,156.85431346380702,158.31411743164062,17592000
2018-10-18,157.41044549475907,157.55941406947483,152.2167290987112,153.84535217285156,21675100
2018-10-19,154.77882618949516,156.25849576696672,152.4848526926415,152.98138427734375,19761300
2018-10-22,153.6864485809688,156.24855334202624,153.38854175649567,153.70631408691406,15424700
2018-10-23,150.1710072100987,153.69638433996218,149.80357870221385,153.3190155029297,19095000
2018-10-24,153.20976122855268,153.57718969632913,144.58998150438737,145.02691650390625,27744600
2018-10-25,146.7052132876706,151.15414706069078,145.9802814389943,149.9028778076172,22105700
2018-10-26,144.80847807125647,147.9664116642357,142.80248623405868,144.36158752441406,31303300
2018-10-29,147.46989398636813,147.79760668024653,138.06558370981685,141.10435485839844,31336800
2018-10-30,138.9692533871976,145.6227731624568,138.7706437967156,145.2056884765625,50528300
2018-10-31,153.92480017258245,155.31508262909338,147.92670494928095,150.737060546875,60101300
2018-11-01,150.46894162377004,151.6904051276369,148.31399627926237,150.6973419189453,25640800
2018-11-02,150.7469757620623,153.06081451364523,147.9266803041869,149.30703735351562,24708700
2018-11-05,149.05876819647037,149.14814023326375,146.41721687635462,147.6486053466797,15971200
2018-11-06,148.27423727386287,149.92272552579317,146.97332714053513,148.89987182617188,16667100
2018-11-07,150.51856706544888,151.94856506536004,148.7906319802652,150.4788360595703,21877400
2018-11-08,149.4460894812828,149.89296489983917,145.72210240507616,146.84425354003906,24145800
2018-11-09,145.7320290293817,146.73501743680745,143.0706268459031,143.95445251464844,17326900
2018-11-12,143.47776789856263,144.03388086998876,139.51545540068048,140.56809997558594,18542100
2018-11-13,141.0149649045714,143.87499157692912,140.6375960650406,141.17385864257812,15141700
2018-11-14,142.70316167101495,144.57012511173735,140.56808210861098,143.2195587158203,22068400
2018-11-15,141.34265188538092,143.8352344417631,139.85305745623359,142.85211181640625,30320300
2018-11-16,140.09142904305526,140.78657023334137,136.81431754263056,138.56210327148438,37250600
2018-11-19,136.65542697239982,136.79445521368626,130.29982858081726,130.63746643066406,44362700
2018-11-20,126.14880267400333,133.22934733014625,125.97005101536298,131.51133728027344,41939500
2018-11-21,133.4676658157978,136.23832016853282,133.19954970651847,133.884765625,25469700
2018-11-23,132.7228718834502,133.5669815454711,130.34945177660364,130.81619262695312,11886100
2018-11-26,132.077416478328,136.04966960549575,131.85894134409833,135.43397521972656,24263600
2018-11-27,134.8083043416341,135.66233914100255,132.78246245749503,134.06350708007812,20750300
2018-11-28,135.33464374922332,135.84110049647117,130.93538130456,135.81130981445312,29847500
2018-11-29,134.97713828744196,139.01891248426867,134.71894732970262,137.71798706054688,24238700
2018-11-30,137.30092352857665,139.99213168253192,136.4071726384645,139.63462829589844,25732600
2018-12-03,142.0080366851191,142.68331238335657,139.78356967639107,140.1112823486328,24819200
2018-12-04,139.75378567197114,142.3953375299049,136.20855778090638,136.97320556640625,30307400
2018-12-06,132.8917132022535,138.730914009161,132.74274464337415,138.66140747070312,28218100
2018-12-07,138.2840277551847,139.89278502447317,135.71199812879553,136.4667205810547,21195500
2018-12-10,138.6316205066074,142.0576853115259,138.04570173734353,140.8660125732422,26422200
2018-12-11,142.88190727452718,142.88190727452718,140.12119338568408,141.09439086914062,20300300
2018-12-12,142.08748693760182,146.16897736647678,141.52143363037652,143.4976348876953,23696900
2018-12-13,144.5602174766294,144.83827396073877,142.19672220875788,144.00408935546875,18148600
2018-12-14,142.34566229516082,144.99713897574813,141.5214180969876,143.0606689453125,21785800
2018-12-17,142.0874657007703,143.91469811063763,137.45978816350515,139.21751403808594,24334000
2018-12-18,140.10134746804738,144.917694531663,138.8600185620216,142.6634521484375,24709100
2018-12-19,140.23043292848797,143.90476299871756,131.58084752927073,132.3157196044922,57404900
2018-12-20,129.7933570281225,134.62958510936798,129.09821581968183,132.47462463378906,40297900
2018-12-21,132.46469204620433,133.96421193716105,122.5638512976946,124.08323669433594,56901500
2018-12-24,122.24607735958473,128.84002392156424,122.16663048591093,123.19941711425781,22066000
2018-12-26,125.12595722808128,133.30880306059558,125.0167196751772,133.24920654296875,39723400
2018-12-27,131.52129497498996,134.05360921068126,128.77050561917207,133.5868682861328,31202500
2018-12-28,134.4011708937167,134.97714937253704,131.2829530276493,132.27601623535156,22627600
2018-12-31,133.517341699094,133.70602612801716,129.04855738311358,130.18064880371094,24625300
2019-01-02,128.09520584026163,136.55609195535607,127.66818085734813,134.73878479003906,28146200
2019-01-03,133.7556589409655,136.21845095741136,130.21041672981713,130.8261260986328,22717900
2019-01-04,133.08038605151967,137.04271343860773,132.82219508995496,136.99305725097656,29002100
2019-01-07,136.60578549439273,137.90669599645358,134.9672371061217,137.09239196777344,20089300
2019-01-08,138.91961913603413,142.14707473802136,138.57204093310452,141.5413055419922,26263800
2019-01-09,141.95835745939883,143.69621776620173,140.2900188382789,143.22947692871094,22205900
2019-01-10,142.08746598215473,143.5571950840508,139.8629992486024,143.19969177246094,16125000
2019-01-11,142.15697487711634,144.35165096720868,141.58101162110495,142.80247497558594,12908000
2019-01-14,141.01497090922715,145.5532768942952,140.2900390339963,144.38145446777344,20520300
2019-01-15,144.99715501997423,149.63475843015624,144.97730466573054,147.91676330566406,24069000
2019-01-16,147.9664040832414,148.61188904658937,145.98027785393614,146.5165252685547,18025700
2019-01-17,145.9306445347086,147.96642726933842,145.48376909367838,147.2712860107422,15787900
2019-01-18,148.71119440302223,151.37259615131458,147.51952175225043,148.99917602539062,31029600
2019-01-22,148.16502362395156,150.47886265480508,145.35465300243268,146.5463409423828,22378700
2019-01-23,147.25141388444857,147.76781100460093,142.06762263441516,143.2990264892578,20098400
2019-01-24,143.63662727583218,145.4241436511897,141.53133862982133,144.81837463378906,20955500
2019-01-25,146.4569482202253,148.79065266957753,145.52346644048444,147.97633361816406,22237200
2019-01-28,147.02299992005916,147.92669100809505,145.1957673914382,146.447021484375,15508500
2019-01-29,147.06271366266958,147.07265399174207,142.43503589121408,143.1897735595703,17632100
2019-01-30,145.20569421963796,149.90287865090156,144.68929714160828,149.37655639648438,44613200
2019-01-31,164.45124109943382,170.48905088702503,163.85539723014855,165.53367614746094,77233600
2019-02-01,164.68957373325244,167.92696899689642,164.51082965640668,164.56048583984375,30806500
2019-02-04,164.55055073949134,168.12558391938973,162.48497769698787,168.075927734375,20036000
2019-02-05,167.97662020423076,170.7869906441095,167.5198196559899,169.97268676757812,22557000
2019-02-06,170.0124088827765,171.27360333079847,168.0958042695481,169.30734252929688,13281200
2019-02-07,167.03322774597922,168.06602196294438,164.10369432715694,165.22586059570312,17517600
2019-02-08,163.32908941365235,166.20896634502262,163.07089846248257,166.16925048828125,12561400
2019-02-11,166.73531772860952,167.13255213017828,163.93488717402911,164.63995361328125,12811200
2019-02-12,165.7025238740615,167.17225314697893,163.3588941482486,163.8951416015625,16292300
2019-02-13,164.232779738706,165.06694910301255,162.59421653781064,162.93186950683594,14205100
2019-02-14,162.0579910228651,163.72632997682763,161.1245091616489,162.81271362304688,12755200
2019-02-15,163.36880837362978,163.55749279085117,159.74413404774924,161.3727569580078,15504400
2019-02-19,159.38662359154245,163.01129775534545,159.217804687088,161.16419982910156,14345400
2019-02-20,161.1244801489309,162.58428404726115,160.13141709716552,161.4323272705078,11770700
2019-02-21,160.80671363518204,161.11457594978071,158.48294942821414,158.92982482910156,15607800
2019-02-22,159.46608794412768,161.28339538964576,159.19795664155836,160.76699829101562,15858500
2019-02-25,161.93880692055532,164.91799621927018,161.76997285904065,163.47804260253906,18737100
2019-02-26,163.1999898481178,165.08681887185963,162.66374242948132,162.991455078125,13784100
2019-02-27,161.77000560526875,162.79285959264308,159.2972876846783,161.68063354492188,12697500
2019-02-28,161.24366391596246,162.36583015989265,159.74414396709827,160.33004760742188,11114200
2019-03-01,161.47206908746014,161.9983913278936,160.56837801315342,161.15428161621094,11097800
2019-03-04,162.7630239440391,166.33805689977717,162.6935174117288,166.20895385742188,18894700
2019-03-05,166.20896097648483,170.6876851146643,165.39465713959575,170.0719757080078,28187900
2019-03-06,171.70060271596694,172.36596832285446,170.08192017840042,171.3133087158203,21531700
2019-03-07,170.31032661728906,170.54866722329905,166.44731165173755,167.95677185058594,18306500
2019-03-08,165.04706910839386,168.44334278170976,164.818668859087,168.42349243164062,13184800
2019-03-11,170.40966286036985,173.0909306535448,170.38979735218462,170.87640380859375,18884000
2019-03-12,170.89625118525132,172.59439601133246,170.03229100603852,170.72743225097656,12155300
2019-03-13,171.12465418342126,172.82278373291857,170.92602942537857,172.1673583984375,11973300
2019-03-14,168.58240343942427,169.96276068181822,166.99351141060052,168.98956298828125,18037400
2019-03-15,166.00043564853922,166.41752034277886,161.38268302450012,164.82861328125,37135400
2019-03-18,162.43534381210173,162.76304131114932,158.17509448919265,159.35684204101562,37524200
2019-03-19,160.3598315511945,162.68361081425897,159.704421395247,160.44921875,25611500
2019-03-20,160.37968743832016,164.9676340195034,160.12149649254908,164.2923583984375,20211500
2019-03-21,163.7461699955581,165.23576460955843,162.61407869503546,164.92791748046875,16223000
2019-03-22,164.50092265073184,166.2586488604745,162.9517463924947,163.20001220703125,16389200
2019-03-25,161.86928835717367,165.38472513027486,160.87622523841802,165.13645935058594,12631200
2019-03-26,166.18913292225227,168.27455655476712,165.19606972021415,166.51683044433594,15437900
2019-03-27,166.68563606602558,167.76807113474334,163.64685045811154,164.7193603515625,10620300
2019-03-28,163.42838332443972,165.563462688978,162.19697976338875,164.40158081054688,10443000
2019-03-29,165.2357542128183,166.03020765421897,163.66671283311027,165.53367614746094,13455500
2019-04-01,166.66577934502337,167.72834896626037,166.11959161777997,167.5297393798828,10381500
2019-04-02,168.95974366288,173.68671824026822,168.37384011068977,172.9915771484375,23946500
2019-04-03,173.28951363992826,176.72551868655825,171.7502627804468,172.33616638183594,27391100
2019-04-04,174.79901123046875,176.76527237700668,174.31240474470823,174.79901123046875,17847700
2019-04-05,175.6530097136569,175.77217243925097,173.8853585702884,174.5010528564453,9594100
2019-04-08,173.9946243941828,174.2826060788129,173.02141146721337,173.716552734375,7297400
2019-04-09,174.40176439723479,177.94700749919105,174.33225784875435,176.34817504882812,19751000
2019-04-10,176.94397498376352,177.54974407779716,175.3153521141725,176.58648681640625,11701500
2019-04-11,177.0035724616547,177.1624510414762,175.77216876216067,176.27862548828125,8071000
2019-04-12,176.7652446884336,178.38394250839818,176.71558849922496,177.8576202392578,12329800
2019-04-15,177.26177674484026,179.2479030949225,175.64307892058193,178.40379333496094,10834800
2019-04-16,177.7583144919515,178.92019662865758,177.06317327592333,177.62921142578125,11215200
2019-04-17,178.35415980948073,179.48625127058503,177.12275596551345,177.5398406982422,9973700
2019-04-18,177.55967093880707,177.63911779872944,176.10979226286733,177.04327392578125,11655600
2019-04-22,177.01349234688985,180.40976623022775,177.01349234688985,180.18136596679688,13389900
2019-04-23,181.47236321612658,182.94209241691908,180.22109396489566,182.50514221191406,19954800
2019-04-24,183.21021544768485,183.85570039683563,180.38990474786817,181.31346130371094,37289900
2019-04-25,195.61356856649695,197.1031632421695,190.78728121120022,191.91937255859375,54148800
2019-04-26,191.16463985107282,191.56185901556145,187.77829116557683,190.16165161132812,22075000
2019-04-29,189.62541440438395,194.0544829295468,189.32749241474613,193.42884826660156,19641300
2019-04-30,192.8429237118389,196.02072256661867,190.94616957480432,192.0583953857422,23494700
2019-05-01,193.42883951977552,194.8191218712945,191.6711134980442,191.69097900390625,15996600
2019-05-02,191.66119892728008,192.6542621341572,188.4337435049295,191.1944580078125,13209500
2019-05-03,193.03162422743932,194.79927546141104,192.3662737205346,194.1140594482422,14575400
2019-05-06,189.91339396075503,192.93229913751748,189.22817799273233,192.5350799560547,13994900
2019-05-07,191.2043720349844,191.56187537473048,186.5469185947955,188.45359802246094,16253000
2019-05-08,188.0762052991483,189.39698093794564,187.24203599662556,188.22515869140625,12505700
2019-05-09,185.9014309963586,188.45361073477753,184.9679491488893,187.34136962890625,12967000
2019-05-10,186.94412100331766,188.68198135793017,183.30950656782252,187.0334930419922,12578500
2019-05-13,182.22708052722422,184.14368505445333,179.5855290202056,180.28067016601562,16833300
2019-05-14,181.25386384693192,182.21713617365302,176.86452718484318,179.4762725830078,17628100
2019-05-15,179.16847890287542,185.98089375213488,178.77125964375298,184.9779052734375,16746900
2019-05-16,183.76634139134933,187.27185314541222,183.76634139134933,185.69288635253906,12953100
2019-05-17,183.55777172905456,186.27876995895696,183.00165884187794,184.01458740234375,10485400
2019-05-20,180.61832998306934,182.95201928620904,180.11185808033548,181.45249938964844,10352000
2019-05-21,183.28966756928773,184.41181859234194,182.61437676728363,183.53793334960938,7502800
2019-05-22,183.44853562154393,185.44460207862736,182.33630983849153,184.03445434570312,9213800
2019-05-23,181.15457683084898,182.6243060405023,178.4236531860441,179.61532592773438,12768800
2019-05-24,181.06521058886167,182.35619574746875,179.5756158257631,179.80401611328125,8807700
2019-05-28,180.280674501749,183.4286979680207,180.1913024564827,183.03146362304688,14843300
2019-05-29,182.22710365088653,183.27974825567972,180.09202375648093,180.9261932373047,12797700
2019-05-30,181.81003073759885,182.2072499963237,179.63521968666325,181.74050903320312,8581500
2019-05-31,179.02939620359822,179.28758712821696,175.93104449641817,176.2388916015625,15226500
2019-06-03,173.7860640540099,173.83572024575662,159.89310410686156,163.01132202148438,56059600
2019-06-04,162.57437114738372,167.11266175709775,159.7242696696142,166.33807373046875,46044300
2019-06-05,166.31820201241834,167.5496056986477,163.48798129866876,167.00341796875,19758300
2019-06-06,167.13251705950924,168.52279929090898,166.06993230534383,167.1623077392578,12446400
2019-06-07,168.98955795129433,172.66388865254888,167.66878211581948,172.1475067138672,16917300
2019-06-10,173.53777811371978,176.62620498555225,172.59437119175834,173.6072998046875,14767900
2019-06-11,177.24190141108465,178.73149609105363,175.56362231384912,176.8645477294922,15266600
2019-06-12,177.14261773709185,178.0264433753427,171.6807701595337,173.82577514648438,17699800
2019-06-13,174.31234695950457,176.79500445639596,173.39873081900117,176.2388916015625,12253600
2019-06-14,179.25782449489844,180.57860030822917,178.75136774135675,180.0721435546875,16773700
2019-06-17,183.72661504396743,188.1854742152614,183.13078622264982,187.69886779785156,29459900
2019-06-18,192.65426662359522,193.18058892326965,185.9808805056353,187.16262817382812,37571400
2019-06-19,185.7027925912343,186.79516802059396,183.2697911199585,186.17945861816406,21417100
2019-06-20,189.62540357794163,189.83395350466373,186.33836700856963,188.2152557373047,14635700
2019-06-21,187.44066662882705,190.66812181581346,187.44066662882705,189.8140869140625,22751200
2019-06-24,191.08521779649487,192.6343939532484,190.2411231741314,191.26397705078125,15509000
2019-06-25,191.542043815578,191.80023480458402,186.82499339515329,187.53005981445312,16750300
2019-06-26,188.2251789710033,189.43671720169758,186.01065243418444,186.3582305908203,12808600
2019-06-27,188.56283943432734,197.50040795796585,186.9640071256477,188.1854705810547,11159000
2019-06-28,189.2281770207883,191.85978817857844,188.62240792275767,191.6611785888672,16378900
2019-07-01,193.85585471046872,193.92536124804448,190.59859379685432,191.6611785888672,14181800
2019-07-02,191.66116700783755,193.6472930908203,191.37318539309842,193.6472930908203,9050000
2019-07-03,192.81315627976903,196.03067137877287,192.81315627976903,195.83206176757812,10246100
2019-07-05,194.8191225498302,195.70296330494557,192.82307106256712,195.03759765625,11164100
2019-07-08,193.83600045304996,195.31565486225594,192.29674952582613,194.40203857421875,9723900
2019-07-09,193.61750174592126,198.07636024194088,193.53805488452244,197.82809448242188,14698600
2019-07-10,198.61264163566875,201.55211539917116,198.28492895861686,201.32369995117188,20571700
2019-07-11,201.84999273342012,202.38625527309466,198.82116251357547,199.83407592773438,13678500
2019-07-12,198.29485211662364,203.87587759376112,197.7784701637469,203.4488525390625,15366300
2019-07-15,202.83313647168552,203.90564642903183,200.4200004323615,202.49549865722656,16030300
2019-07-16,202.47563580007818,204.0446773237711,201.69112261470192,202.4259796142578,12132700
2019-07-17,202.7636110360768,202.94237026880234,200.19158131289618,200.40013122558594,12083700
2019-07-18,198.76158764327712,201.0655014737429,197.99693991161416,199.38722229003906,11937900
2019-07-19,200.777517728855,200.9264863059817,196.69604237678112,196.98402404785156,12098300
2019-07-22,198.5232487070883,201.16480019976527,197.43087323178867,200.91653442382812,13589000
2019-07-23,201.43291910530678,202.82321656149048,199.56597074851473,200.9562530517578,14583700
2019-07-24,196.25906310745273,203.38924881231455,195.85190360429974,203.24029541015625,32532500
2019-07-25,205.26612585710185,207.21253606875837,196.88467143547578,199.31768798828125,39889900
2019-07-26,198.80131483540052,201.472657138913,194.88864359181278,198.36436462402344,24434000
2019-07-29,197.61956609094344,198.24520072198155,193.94523548064475,194.58079528808594,16530800
2019-07-30,194.03460859919787,197.33158553616275,192.15771984865424,195.67315673828125,11903600
2019-07-31,195.58377753933155,197.38121935366053,191.34339379392603,192.8826446533203,14593500
2019-08-01,192.82306446676884,197.09323891944084,189.5558934646079,191.39305114746094,17777000
2019-08-02,189.7743744444367,191.28381952564587,186.7653943055402,187.70880126953125,15297000
2019-08-05,183.4088339158982,184.38203155114934,178.09594005094718,180.4693603515625,23086700
2019-08-06,182.41576813725678,184.50119161121094,181.81992420016087,183.23007202148438,18035700
2019-08-07,182.32641051675984,185.07718468475687,179.96291523969046,183.8656463623047,15833200
2019-08-08,185.3254145390614,189.01961015770186,182.77325047653008,188.8408660888672,14828900
2019-08-09,188.6820005104404,189.65519816498647,185.82197375902513,186.5469207763672,11058800
2019-08-12,185.55385077893683,186.28870779280828,183.18043051871544,184.0841064453125,10930900
2019-08-13,184.23309326225248,190.05244435162726,184.08412468712731,187.14276123046875,13577000
2019-08-14,184.51112963455034,184.6998140507041,178.06614456883665,178.46337890625,18903700
2019-08-15,179.6948020782602,181.92919451536943,178.7811856556621,181.32342529296875,12925900
2019-08-16,182.4753611461386,183.81600251369508,181.09500391828004,182.4257049560547,12654600
2019-08-19,184.71966156532704,186.1993310376985,183.56771988687515,184.87855529785156,9691200
2019-08-20,184.1635656533056,184.70975343868577,181.12479471475274,182.53494262695312,10083400
2019-08-21,183.71667184991637,184.61042257071284,181.86957389438876,182.2767333984375,8398200
2019-08-22,182.1575943229764,182.83288524827674,178.66202240793464,180.77723693847656,10821400
2019-08-23,179.5855446701736,181.85966787392957,175.43454778564075,176.51698303222656,17323400
2019-08-26,178.15553934027696,179.2479149663458,177.00359749717276,179.10888671875,8773600
2019-08-27,180.6679625889237,182.76332633696146,179.75434635487537,180.04234313964844,14399600
2019-08-28,179.27768212473174,180.6878299232763,177.67884991072336,180.4991455078125,9386100
2019-08-29,182.4951983485579,184.78917153699635,182.19727640720262,184.28271484375,10128700
2019-08-30,185.48435036072166,185.50421586830333,182.18738829045938,184.38204956054688,10774500
2019-09-03,182.72360325274315,184.38201674652126,180.8467146732755,181.12477111816406,9779400
2019-09-04,183.36909482564212,186.44759648795088,182.6143723268746,185.84182739257812,11308000
2019-09-05,187.2221748006599,190.03254503844983,186.63627124038027,189.5757293701172,13876700
2019-09-06,188.89054021135885,188.89054021135885,185.05731601300062,186.1894073486328,15226800
2019-09-09,186.42775339899964,187.66908241967977,184.5608048558974,187.4506072998047,14722400
2019-09-10,186.13974967623687,186.79517495819528,183.26979792662678,184.87855529785156,15455900
2019-09-11,185.1665477681105,188.1258714909659,184.7891789503919,187.18246459960938,11761700
2019-09-12,188.54297605938436,189.60554578300966,185.93121504567904,186.1695556640625,11419800
2019-09-13,186.03052298681473,186.66608280106655,185.24599460727404,185.89149475097656,11441100
2019-09-16,185.6333043303632,186.48733932357362,184.48136248726507,184.92823791503906,8444800
2019-09-17,185.36516651218918,187.01365493606576,184.25292550841158,186.7753143310547,9671100
2019-09-18,186.78522845966341,187.7683663501272,184.7196554638932,186.8348846435547,9681900
2019-09-19,187.35128528109814,189.7743616333345,186.84481340979,188.82101440429688,10392700
2019-09-20,189.3374348448153,191.7605114964327,186.8150458112364,188.61248779296875,19934200
2019-09-23,188.0265713133327,188.781308997705,183.92523084864314,185.52406311035156,13327600
2019-09-24,186.67598006271112,186.73556141874056,179.13863546620547,180.0224609375,18546600
2019-09-25,180.19129540719746,182.1476309149545,176.6361277117034,181.5319366455078,18068300
2019-09-26,180.07214926056363,180.14165580402496,176.43753436461486,178.86061096191406,16083300
2019-09-27,179.2379739614707,179.5060901026951,174.44147711355396,175.87149047851562,14656200
2019-09-30,176.6361156245446,177.43056907610725,175.623202247918,176.84466552734375,10740000
2019-10-01,177.90726629549687,178.59248232826286,173.66689733978754,174.59043884277344,17073000
2019-10-02,173.62714991057808,175.30542898509952,171.88928947413478,173.38882446289062,16151700
2019-10-03,174.35209786100668,178.59246643946403,172.4255529991042,178.1356658935547,16086300
2019-10-04,178.30447623198512,179.72454914057343,176.86453781928694,179.19822692871094,10430200
2019-10-07,178.75136597079293,179.92317320763422,176.85461172850813,178.43357849121094,9178300
2019-10-08,177.0234398069646,179.11880375596834,176.4871923485915,176.51698303222656,9466900
2019-10-09,177.91718578091115,179.4663617676093,176.7056476060954,178.60240173339844,7556900
2019-10-10,179.0691246809064,180.35016926392214,177.92709315669748,178.7811279296875,8605000
2019-10-11,180.8864503864508,185.19635606125178,180.87652520980797,182.9123077392578,14930500
2019-10-14,182.92222220172795,183.33930689041946,181.30353963315056,182.00860595703125,7006000
2019-10-15,182.52499404164328,189.05935081566932,182.38596581891676,187.57968139648438,15039100
2019-10-16,187.01365925179357,188.38407609164543,185.6034962474449,188.23512268066406,10516900
2019-10-17,188.97991811545484,189.51616554246363,187.46053272716543,189.0692901611328,9603000
2019-10-18,188.91039727390913,190.16166653080458,182.6441712718929,184.560791015625,16874200
2019-10-21,185.74251643498474,188.5926178494608,185.45453480191676,188.4436492919922,8122600
2019-10-22,188.68200177508743,189.32748677261512,180.24096485357035,181.07513427734375,19537600
2019-10-23,180.7474376021545,185.08713433085762,180.73751242466307,184.8587188720703,12300400
2019-10-24,183.33932672147424,185.43469072058065,181.53195954164897,185.08712768554688,11413500
2019-10-25,184.54088641313135,187.68889408821607,183.8060143886278,186.5865936279297,8061200
2019-10-28,185.9014152634276,188.21525417913656,183.79612627271422,188.08615112304688,13657900
2019-10-29,190.3602755149658,191.19444491491296,187.1626109955606,187.9967803955078,13574900
2019-10-30,188.24503250741665,189.12885803070074,184.68986491012234,186.94412231445312,28734600
2019-10-31,195.33551318146772,196.71587031574032,186.94413282623037,190.32054138183594,42286500
2019-11-01,191.5122230579954,192.76347709692703,188.59261514754806,192.27687072753906,21711800
2019-11-04,193.20042852840683,196.00085858207677,192.46555638165782,193.36924743652344,16371300
2019-11-05,194.01473478188305,194.3921036122936,192.25702398883925,192.97203063964844,9942000
2019-11-06,192.68402939344588,193.02166720603125,190.02262759597522,190.2212371826172,10973000
2019-11-07,190.57872942603848,192.09811464732778,188.1556532121566,189.09906005859375,13473000
2019-11-08,188.68198968728436,191.0057537130431,188.3840677256111,189.5161590576172,10760800
2019-11-11,188.61248058679345,188.76144915404416,187.23212338674205,188.29470825195312,8631200
2019-11-12,188.6820084699735,193.70690585001896,188.4238174923895,193.12100219726562,17615500
2019-11-13,193.34938864772855,194.3424517791015,191.4029933958844,191.84986877441406,10860700
2019-11-14,191.5916597898336,192.68403527914217,190.12193062026077,191.8101348876953,9040500
2019-11-15,192.91244324029518,193.94523740824005,192.03855796696632,193.7466278076172,11524300
2019-11-18,193.2103442283279,197.25211810780843,191.7108244806429,196.0306396484375,16167200
2019-11-19,196.03063778436965,198.61260774624662,195.49439041074814,197.9373321533203,19056800
2019-11-20,197.20246205499495,198.2054502792549,194.074304359417,196.13987731933594,12355400
2019-11-21,196.0505195815734,197.7089331757313,195.4944066581361,196.55697631835938,12131000
2019-11-22,197.0038609724258,197.91747719840004,196.24912332488253,197.44081115722656,9959800
2019-11-25,198.1359671072724,199.57590566726876,197.86783580965027,198.40408325195312,15272300
2019-11-26,198.61263658100057,198.76158999725968,196.66622607521245,197.58978271484375,11735500
2019-11-27,198.51331622136922,201.73084625969688,198.0366501555603,200.5987548828125,12736600
2019-11-29,200.20154085441672,202.3862767947864,199.81424682477365,200.2412567138672,7985200
2019-12-02,200.72787935766326,200.77752039775626,196.67617948362528,198.31472778320312,11503400
2019-12-03,196.2292729731663,197.55003355048652,193.72674973936017,197.44081115722656,11595300
2019-12-04,198.61261820646615,198.6424088869619,196.67614820954114,197.33157348632812,8456300
2019-12-05,198.47359760463056,199.89367060595066,196.83504950265495,197.97706604003906,9740400
2019-12-06,199.109161967281,200.17174681328623,198.67221175594955,199.6553497314453,12270600
2019-12-09,199.25809766024378,201.7308301437912,198.82116264070712,199.9433135986328,11954800
2019-12-10,200.261121403233,200.64841543129637,198.76158632685477,199.47659301757812,9475700
2019-12-11,198.8906729333959,201.224377238242,198.8906729333959,200.85693359375,8036800
2019-12-12,200.9463060084077,202.24721612622002,192.75353618105578,195.38514709472656,23734800
2019-12-13,195.03761215591953,195.43484653936943,191.8300221683909,192.7635040283203,18798000
2019-12-16,193.91543174757714,197.73871551131217,193.45861606378233,196.5470428466797,14911500
2019-12-17,197.46066932365696,197.6195630613166,194.76947672439846,197.0137939453125,10175700
2019-12-18,198.70200527065927,202.88280786728532,198.70200527065927,201.0952911376953,23274400
2019-12-19,201.37335390124366,204.86894059795554,201.10522259519556,204.63059997558594,16514600
2019-12-20,206.04073422338502,206.26914965368377,202.01882551134253,204.86892700195312,27306900
2019-12-23,205.26612235288013,207.14301084678556,204.25319383385428,204.74972534179688,13348900
2019-12-24,204.86893545986018,205.35552671636611,203.57795030538406,203.69711303710938,6046300
2019-12-26,204.14400076498254,206.37839287159358,203.88579464589174,206.3485870361328,9350700
2019-12-27,207.22250178297034,207.48069276696006,205.15692845222566,206.65646362304688,10284200
2019-12-30,206.4181151435534,206.45783100383287,202.48557824644934,202.99205017089844,10524300
2019-12-31,202.58487351077193,204.1340495307956,202.18765432977014,203.82620239257812,8953500
2020-01-02,205.31580323726652,208.33470850149027,204.8391371751135,208.3247833251953,12077100
2020-01-03,205.77262467099823,208.940483432474,205.51441855073767,207.2224884033203,11188400
2020-01-06,205.26616212003222,211.30398824470248,205.0874180159547,211.125244140625,17058900
2020-01-07,211.34372103468303,213.09150684087672,210.28113611948638,211.58204650878906,14912400
2020-01-08,211.52246449364458,214.73999476071972,211.13517044646403,213.72706604003906,13475000
2020-01-09,216.03095261005296,216.86513717856823,214.77969848669196,216.7856903076172,12642800
2020-01-10,217.67943940712337,218.35473022852156,215.91178821270205,216.54734802246094,12119400
2020-01-13,218.07666265158258,220.43021734781135,217.68936864900138,220.37063598632812,14463400
2020-01-14,220.0727192673675,220.83738211480784,217.113395404011,217.5404052734375,13288900
2020-01-15,219.07965833729054,220.1422280098775,218.6129174526304,219.61590576171875,10036500
2020-01-16,221.02606668863191,221.0856480515762,218.86118119969814,220.2316131591797,10015300
2020-01-17,220.4897919973083,220.7479829401893,219.00019739381185,220.59902954101562,15905900
2020-01-21,220.61892211491747,220.82745689934762,217.6000015291001,219.90391540527344,14275800
2020-01-22,220.7678670861368,221.20481729786243,219.74501325093416,219.7847442626953,12212800
2020-01-23,219.21868788922464,219.95356006699245,217.74895868662998,218.2355499267578,11195000
2020-01-24,219.26833798403877,220.2415355901936,214.61086956802987,216.4281768798828,11905800
2020-01-27,211.62177512063826,214.5612337228181,211.02593113625323,213.37948608398438,13810700
2020-01-28,214.64067241586744,217.22264271252638,212.03885176597643,216.2792205810547,13413800
2020-01-29,219.9038813504916,222.6447298777122,216.93461741463136,221.68145751953125,33181300
2020-01-30,205.0973333453647,209.96333677110164,203.3296821317416,208.07652282714844,48775500
2020-01-31,206.9841134769551,207.24231955441226,199.66524402790486,200.5093536376953,31359900
2020-02-03,202.02877743792925,203.71698182733147,201.09529561652263,202.77357482910156,15495600
2020-02-04,205.18671118087346,209.1391135816442,203.77656327140565,208.37445068359375,19628900
2020-02-05,211.03584180570505,211.25431690809782,207.2622140071557,208.65249633789062,12538200
2020-02-06,209.01000602542967,209.72501271809213,207.88783979748473,209.3873748779297,10567500
2020-02-07,208.84116933586483,211.34369254725343,208.47372569124286,210.85708618164062,12242500
2020-02-10,210.05273582248736,212.31691874414776,209.19870085007565,211.58204650878906,11856400
2020-02-11,208.73193588881574,209.3972863489781,205.0774557929644,205.75274658203125,25030800
2020-02-12,206.40818657433556,209.7548046184871,205.9612960241213,209.29798889160156,13813700
2020-02-13,208.06656993354235,212.843200675225,207.7289169876844,211.6614532470703,15396600
2020-02-14,212.51548505681615,213.4390263866897,211.17484392635689,212.69422912597656,10741700
2020-02-18,212.0686207636686,216.46788287240472,211.91965221201255,216.2891387939453,15609200
2020-02-19,216.4778395538806,216.80555220875178,214.6108759999265,215.98130798339844,12135100
2020-02-20,215.01802123029682,217.25241314892705,211.47277877932567,213.0914764404297,13109200
2020-02-21,211.99908046502125,212.7538180267672,207.38134367491563,208.7219696044922,14092300
2020-02-24,200.40014673931017,202.23730447540046,196.79532265517247,199.32763671875,23080100
2020-02-25,200.8470264942419,202.08835545897765,194.5907254813855,195.40504455566406,21433500
2020-02-26,195.8221365905481,199.8142549332128,194.1339321659799,195.83206176757812,16524500
2020-02-27,190.48937905519435,194.52121298477465,188.1854652937536,188.43373107910156,21682600
2020-02-28,181.43264087587727,191.4030037393074,180.55875557704405,191.13487243652344,32568900
2020-03-02,192.68404566651745,195.20643460401246,187.53998571923182,195.07733154296875,24949000
2020-03-03,194.85883776670886,195.87176634591756,182.69381509933396,184.60049438476562,27984100
2020-03-04,187.85774920031216,190.499300744771,185.09703493000848,190.42977905273438,23062500
2020-03-05,185.4843302930154,187.6790064786015,182.61437845213564,183.885498046875,19333400
2020-03-06,177.0929374184928,182.50512806827697,175.0372896096009,179.8337860107422,24559600
2020-03-09,168.4235311349233,173.7860665560472,164.0441186210047,168.32421875,29949000
2020-03-10,173.45834701525177,177.05323094387748,168.32421209879206,176.9539337158203,24517800
2020-03-11,172.80290373103875,174.6599420229584,166.49696216863526,169.05906677246094,20373900
2020-03-12,158.43330613461868,165.4443454920333,153.2693802033798,153.3984832763672,43266300
2020-03-13,162.3955947443829,169.60522682766666,156.50673829845934,169.09877014160156,35028600
2020-03-16,151.26340379575458,158.02616220582382,142.10735928036794,144.99716186523438,39120400
2020-03-17,149.69431903471653,152.8721175395866,139.02881717627844,148.3834686279297,34255600
2020-03-18,138.78057504637806,147.1520901174455,136.14896376320456,145.94056701660156,37553100
2020-03-19,145.602898898625,158.8205656112444,143.79553203514052,152.0677490234375,39862300
2020-03-20,154.93770518257426,158.16516017587122,146.97333507936904,148.6913299560547,32568400
2020-03-23,148.6218230633172,151.2534341442,141.26322205957172,147.07264709472656,29830800
2020-03-24,154.13334793934374,160.19102444618358,151.51166166344214,159.86331176757812,30440400
2020-03-25,157.81761202597167,161.8593867820573,151.99826069541558,155.1264190673828,35184300
2020-03-26,157.1522368550116,162.8623497265207,155.93077347488602,162.20692443847656,26556800
2020-03-27,157.10260011173537,158.97948901218527,153.67653499541476,155.70237731933594,24879900
2020-03-30,158.07578629902892,165.59328168240037,156.96356041043316,164.798828125,22515200
2020-03-31,164.33209364212337,169.7442850366798,163.06097396184765,165.6429443359375,23676300
2020-04-01,160.49885066352596,163.0112990518757,156.94368300719125,158.4928741455078,19507600
2020-04-02,157.99634240851967,160.23073434303583,154.83839392820795,157.0926513671875,20886300
2020-04-03,156.0598724860615,156.81461019982638,149.78372107562265,153.1104736328125,25983300
2020-04-06,159.0390315797817,165.04706569202907,157.41040888442456,164.40158081054688,28453600
2020-04-07,170.5982867406986,172.18719360781623,164.85838379146801,167.65882873535156,31411900
2020-04-08,170.06206478348858,173.78605160356497,166.57641857495588,173.071044921875,21664200
2020-04-09,174.67979777903207,175.8516201470857,170.37984777861084,173.9747314453125,23534300
2020-04-13,172.46527352296636,173.78604931612182,168.27454586436517,173.57749938964844,19355400
2020-04-14,177.73844553201988,179.97283770987997,175.39481579712452,176.93406677246094,21011800
2020-04-15,173.97473467958628,176.9539241125753,171.62117987646607,175.7423858642578,17423000
2020-04-16,176.71557853489006,176.81489090770748,171.3133127571394,175.02737426757812,23593200
2020-04-17,177.95691205507052,179.02942206702005,175.4345383411281,177.99664306640625,20974800
2020-04-20,176.17932637386727,179.24788768422115,175.54376660260039,177.00357055664062,16110700
2020-04-21,174.03430091743022,174.16340396391308,167.17223154982912,169.61517333984375,24850500
2020-04-22,177.21211504555205,183.49820656646574,176.90426789533163,181.0155487060547,33242000
2020-04-23,182.8030752893421,185.7524741993656,181.87951863575748,183.84579467773438,21426600
2020-04-24,181.95896221208622,189.0891637233697,179.57561664147886,188.75152587890625,28792000
2020-04-27,191.32353463768214,192.40596974690754,186.10995352195948,186.19932556152344,29197800
2020-04-28,187.35128711181537,187.88753451574266,181.29359617203133,181.64117431640625,21731000
2020-04-29,189.60554562057973,195.54407434511168,188.68200413690053,192.8429412841797,45954500
2020-04-30,205.48460840647414,208.23539735025793,200.17173007941523,203.28994750976562,46230100
2020-05-01,200.20154705777097,205.84213875688195,197.66923286874353,200.8668975830078,30415600
2020-05-04,198.8112387706745,204.48163600083174,197.38122541616488,203.8361358642578,19250700
2020-05-05,205.5839497659938,208.9206427542864,205.0675526545001,205.63360595703125,21071200
2020-05-06,206.67630183463817,210.13217257206165,205.226438093887,207.0238800048828,21857000
2020-05-07,209.69522791873723,210.13217814906176,207.58992364107746,209.79452514648438,15152000
2020-05-08,210.7677003281482,211.73097266753607,209.38734333968608,210.87693786621094,12506000
2020-05-11,209.42707927255074,213.5085692726715,208.91068221102137,211.70118713378906,12911900
2020-05-12,211.81042141907403,213.7866224383497,208.54325049527515,208.64256286621094,14704600
2020-05-13,207.9772271064908,209.31786854183994,200.7080120682876,203.67727661132812,20684600
2020-05-14,201.15487815397768,205.49455946285534,199.29785483012236,205.37539672851562,17178900
2020-05-15,203.84610491248,209.87399117756303,202.70407304208055,209.4171905517578,19383200
2020-05-18,210.67834170021413,213.15107440451104,209.47674377157279,211.7111358642578,20151900
2020-05-19,211.7906056021845,218.96052354820614,211.3536553435217,215.3755645751953,31843200
2020-05-20,221.94960578752458,229.7352169578622,221.64175864692064,228.37472534179688,50162900
2020-05-21,233.0917836984901,235.55457606680287,229.59619716889247,229.78488159179688,47782600
2020-05-22,229.90404794790888,234.35298183865513,227.15327389009346,233.2804718017578,33925600
2020-05-26,238.10674359332853,239.22889459168582,230.0629264267635,230.58924865722656,33178300
2020-05-27,227.48098479150323,228.96063919848814,219.5960608954578,227.5504913330078,34697600
2020-05-28,222.74405452930415,230.02320881081164,222.44613257116544,223.89601135253906,29377200
2020-05-29,223.63780199775556,225.91192493062624,221.33390353773837,223.528564453125,23241500
2020-06-01,223.03205506808072,230.82760706110014,221.94961984291297,230.30128479003906,18223800
2020-06-02,229.33800070372604,231.38370831846598,224.98837936364816,231.10565185546875,20919000
2020-06-03,230.49987022820005,231.0361176197403,226.9447026123932,228.5634002685547,15380300
2020-06-04,227.96759694494853,230.02324514315058,223.05193689451846,224.72027587890625,17041500
2020-06-05,225.1373554519171,229.74516790371774,223.7470579375046,229.169189453125,16750400
2020-06-08,227.4412450602746,229.9437683643857,225.83248765553066,229.7947998046875,15466500
2020-06-09,229.9140081134303,238.10677993414774,228.81170729870695,237.014404296875,27462900
2020-06-10,239.28851305464434,239.53677885227395,233.64790625296925,235.0878448486328,20720700
2020-06-11,228.3449256634376,231.27445870119334,221.99925322660053,222.87313842773438,26708200
2020-06-12,228.3052049440834,230.05300573100092,222.9426701639008,226.99436950683594,22091400
2020-06-15,223.52857512227231,232.14837092497856,223.24059348337713,230.88717651367188,15340300
2020-06-16,235.49497398328725,236.80582449890977,231.38369351155995,234.0153045654297,15236700
2020-06-17,233.36984167994,235.94187161749386,230.122520916719,233.8961639404297,19578100
2020-06-18,233.35992247593597,234.5019390734853,230.53961152423804,234.30332946777344,15782500
2020-06-19,236.14049695838526,239.1594176397605,233.91604503836373,237.13356018066406,30081300
2020-06-22,236.9051520508348,239.03030667014116,235.2666038494182,237.56057739257812,18917800
2020-06-23,239.60625362629182,243.48913382308788,238.19610590108232,240.55960083007812,24017900
2020-06-24,239.52680720640186,241.53279883180676,231.06590568655074,232.39662170410156,20834900
2020-06-25,232.9924908954566,235.65390823963156,231.12554232127368,234.04513549804688,18704300
2020-06-26,231.02620838632845,231.47308376893918,213.9057943900482,214.58108520507812,76343900
2020-06-29,208.29499427138418,219.21868884580718,205.6733081796403,219.1094512939453,58514300
2020-06-30,219.05981245951153,225.92188295883548,216.95452327824324,225.494873046875,33927100
2020-07-01,226.91493586523242,237.34209922008992,225.98145405470788,235.90216064453125,43399700
2020-07-02,237.34209065284438,238.33515379365124,230.99641778920605,231.80079650878906,30633600
2020-07-06,232.13844402385732,238.73238294777047,230.65878958021196,238.61322021484375,26206200
2020-07-07,237.74925517175492,245.9320859260207,237.16335154307643,239.18919372558594,27887800
2020-07-08,236.45824835678053,245.27665327302586,234.9487882465809,241.8903045654297,29791300
2020-07-09,243.30048668360175,244.8198721841252,237.58044804356885,242.803955078125,22174900
2020-07-10,241.99956311182402,243.7870798247022,237.65988196542796,243.3699951171875,22982700
2020-07-13,245.29650119521995,248.41471860004066,236.76609313958147,237.34207153320312,24674900
2020-07-14,235.11763300398982,238.66287582943255,230.42044840616765,238.06703186035156,23378100
2020-07-15,239.87441469910402,243.1217355478314,236.3986935612866,238.61322021484375,19133600
2020-07-16,236.34902975302458,240.08294174280346,234.69061611050546,239.25869750976562,18880700
2020-07-17,239.32822038122322,242.46630358807295,236.2100026802992,240.35107421875,18152400
2020-07-20,238.39474065095692,244.34319445651906,234.00540328579996,243.71755981445312,20872200
2020-07-21,244.51200673910438,245.197222727922,238.41459968566969,240.07301330566406,19364200
2020-07-22,238.59334871272105,240.22197168454048,236.46819416226228,238.2060546875,15427900
2020-07-23,237.96772874083234,240.73836827667793,230.14238622854305,230.9864959716797,21771800
2020-07-24,228.59322203019198,231.87033364368529,225.32603559370898,229.109619140625,18325800
2020-07-27,229.8543917086879,233.32017222853034,229.22875710697724,231.88023376464844,13163100
2020-07-28,233.00240603548232,233.33011868532122,228.23570000146154,228.523681640625,14170100
2020-07-29,229.53659709915772,232.07883613062532,228.71235293376256,231.6716766357422,13588300
2020-07-30,228.62301222875573,233.26061557697008,227.4114739066248,232.87332153320312,20615300
2020-07-31,254.0453881563561,254.0751788346162,247.2726911103643,251.91029357910156,53005100
2020-08-03,250.89742014163204,253.62834403657655,248.59352131706348,250.21221923828125,23124900
2020-08-04,249.8149646182432,251.0463683843728,245.71360894291308,248.0969696044922,17183500
2020-08-05,248.45447634230445,250.52004954939835,246.05126529491073,247.3918914794922,13050100
2020-08-06,247.3124666036528,264.7506701072526,246.94503804787936,263.4398193359375,45241600
2020-08-07,262.2480796396627,276.95537144468835,261.60259471161845,266.5778503417969,72766400
2020-08-10,266.1806447086891,271.96024898116696,257.8885616722018,261.17559814453125,30248800
2020-08-11,258.3850899803572,264.0753524439361,253.36019312725054,254.35325622558594,28238300
2020-08-12,257.1735573160089,262.0693512226244,256.319507274025,258.0871887207031,21415700
2020-08-13,259.73563148791175,263.32060489725797,257.7693860228514,259.48736572265625,17374000
2020-08-14,260.490410846681,260.8280487048176,256.8855865086835,259.4278259277344,14792700
2020-08-17,260.6790590475865,262.26796604010025,257.6005574319438,259.3483581542969,13351100
2020-08-18,259.1398301580622,263.31067702818365,257.46155108105154,260.5201721191406,18690400
2020-08-19,259.5767750952255,266.05153551827203,259.5370440860627,260.7684326171875,23291500
2020-08-20,259.68606646458505,267.7596763626938,259.64633544486907,267.14398193359375,20299700
2020-08-21,266.8261452466396,268.61364682810836,264.57190276360427,265.1578063964844,15538600
2020-08-24,269.1896282983901,275.32675113135093,266.9055649296417,269.5074157714844,23685600
2020-08-25,270.52034430293725,281.1262517841795,268.3852645286732,278.87200927734375,42127200
2020-08-26,282.0299568520352,302.5565871166652,282.0299568520352,301.8018493652344,69015200
2020-08-27,298.0778659533257,299.14045089424474,289.99431662752545,291.1860046386719,30301300
2020-08-28,292.9536257731887,295.1681674815239,288.9615228676851,291.6229248046875,17157400
2020-08-31,291.9108738920913,294.82054113810705,289.52749850519757,291.16607666015625,17345100
2020-09-01,292.66561699351473,299.3985835826731,290.6794907984133,293.39056396484375,17295900
2020-09-02,296.8066973205317,301.4939562564885,291.0171226099811,300.4015808105469,24341400
2020-09-03,293.93676837981997,295.53561589909145,281.6625217116018,289.1005554199219,32294100
2020-09-04,285.25743405173534,286.9952948335997,269.25919877236976,280.768798828125,30333700
2020-09-08,269.3981544213337,277.36250951011533,267.5510716167908,269.27899169921875,24864000
2020-09-09,273.85702596930236,276.5482490440014,269.4677036252001,271.8212585449219,22918800
2020-09-10,273.5987958964542,277.223469772939,265.1776107750069,266.2302551269531,24814700
2020-09-11,268.1866082526648,269.50739909717294,260.8180972997023,264.7605285644531,18913900
2020-09-14,269.070493648813,274.7210258385008,263.8569117037533,264.30377197265625,24093800
2020-09-15,268.79244326722164,272.61571253579757,267.43192115749895,270.5303039550781,18478500
2020-09-16,265.4358225396444,270.55009102064423,259.9739759412045,261.69195556640625,29183400
2020-09-17,256.48837376569855,259.6860386275737,248.4544957484963,253.05238342285156,31281400
2020-09-18,256.60752004517167,257.4019887739225,248.31545157119356,250.7782440185547,28130800
2020-09-21,245.82281980285393,248.21610538103576,242.4364863313559,246.4285888671875,24709400
2020-09-22,251.5528356947217,253.5489024160918,246.49814766498469,252.98284912109375,30293100
2020-09-23,253.4892915738525,256.20034970229335,246.42861204477177,247.29258728027344,19641300
2020-09-24,244.79007674829106,250.490264923574,243.91617629067426,247.79905700683594,20006800
2020-09-25,247.66996729911696,253.97592496750278,244.89932751222076,253.05238342285156,18351300
2020-09-28,257.60058764247265,257.799212404536,253.0523715277064,255.0384979248047,18826300
2020-09-29,256.021596951166,261.50329438654944,255.1179058879375,259.9739990234375,20200200
2020-09-30,260.162683455331,264.2342179457792,258.2957199668565,260.0832214355469,20142500
2020-10-01,263.5093064368688,266.46861515536716,262.9631035342646,264.7804260253906,20009800
2020-10-02,259.3979894595772,263.3106602807558,257.3820726907672,258.1368103027344,16367600
2020-10-05,260.3811312601421,263.032592504327,259.03054981829627,262.8141174316406,12822300
2020-10-06,259.96407489128376,263.8469555146379,256.44862279112647,256.86572265625,18696900
2020-10-07,257.4119030223598,258.3751755364846,253.05237134297118,256.3294677734375,23133400
2020-10-08,257.9481357099618,262.7843480733694,257.3522917992151,261.9303283691406,16312800
2020-10-09,262.6850614584868,262.91347690000043,260.3513872302378,262.6155700683594,14107800
2020-10-12,268.32569985520615,278.23645160516094,266.0118455322542,273.8371887207031,31019300
2020-10-13,275.6544704349761,277.16394589864916,271.49356349761814,274.2244873046875,18063300
2020-10-14,275.6941715525807,276.8163376987398,269.6166302608354,269.9344177246094,15577800
2020-10-15,265.743712457179,267.1737258577717,261.8409814415914,264.86981201171875,15416100
2020-10-16,265.525219748102,269.4875318672881,263.4596315037506,264.08526611328125,16622700
2020-10-19,263.68808708326907,266.687127228219,258.077285706983,259.58673095703125,13587000
2020-10-20,261.23519522464017,267.8291492240227,261.05645112735016,265.7039794921875,18763200
2020-10-21,277.6207378870773,281.086518658816,274.4528639445289,276.7965087890625,28998600
2020-10-22,277.9285954791895,280.49071552993775,273.1321135138718,276.19073486328125,16720000
2020-10-23,276.8660143313567,283.2613439092059,274.8997685464257,282.8144836425781,17535200
2020-10-26,281.1957326512578,283.25138040729377,272.3574777001807,275.18768310546875,21322900
2020-10-27,276.82628489987553,282.5363978372104,274.3932681346586,281.3248596191406,16287200
2020-10-28,276.8560582534552,276.8560582534552,265.4060424140643,265.8132019042969,23121800
2020-10-29,274.6315881178936,281.6327011547713,271.88081424165927,278.88189697265625,32368100
2020-10-30,272.59582393637925,274.7805749026662,257.3026580900136,261.2848205566406,47247800
2020-11-02,262.76451171981944,268.59378747638186,255.55486365806064,259.5469665527344,27165700
2020-11-03,261.3344859939097,268.1766749142908,259.07030336447286,263.4596252441406,17961900
2020-11-04,279.0507571094763,286.9356812828767,276.6872618622412,285.3865051269531,35364400
2020-11-05,289.8751194712088,295.3171162940273,286.9456014426084,292.6358337402344,23823600
2020-11-06,291.91095747039725,292.5564425283772,286.0618003207486,291.37469482421875,13891000
2020-11-09,287.8591877997786,290.55038023895384,276.59785620125297,276.836181640625,25117700
2020-11-10,271.2054655298014,272.0992160175898,262.16858769577993,270.54010009765625,29067700
2020-11-11,271.57297357212764,276.4687674971447,270.58985077783035,274.5621032714844,14957000
2020-11-12,275.2572220125929,277.80940144584633,272.52629849525215,273.1717834472656,12899500
2020-11-13,275.79351739465017,275.83324840891396,271.2055701884182,275.02886962890625,10391200
2020-11-16,273.14199149739846,277.4717623401943,272.72492196979937,277.0248718261719,12970400
2020-11-17,275.7537787794999,275.7537787794999,271.39424714309587,273.0923767089844,15040300
2020-11-18,272.6157036238992,275.46582051575615,269.9543014737679,270.0834045410156,12152900
2020-11-19,269.13993647182775,271.57295306280076,267.32264442781167,271.046630859375,12963700
2020-11-20,270.6692780192734,271.1062282108236,267.5411352934016,267.8291320800781,18114700
2020-11-23,269.0109200775067,269.0705014484208,262.6950220076369,266.5679626464844,20990800
2020-11-24,266.6275383660327,275.89283532331035,266.01184400904623,274.99908447265625,16930400
2020-11-25,276.21058223535215,278.23640911751494,270.75864526649195,273.6782531738281,12467000
2020-11-27,275.46583445147934,277.1937548398791,272.9136545793611,275.8829040527344,7808400
2020-11-30,274.1152242550069,275.7736530753407,269.13005807623745,275.0487060546875,16693300
2020-12-01,277.2235640941028,287.29321054681213,277.02493930484883,284.5622863769531,20738900
2020-12-02,283.3804926041417,289.7559715117229,278.88191764104107,285.5255126953125,17361600
2020-12-03,284.2642769423867,284.6614960716985,279.1202179989882,279.8948059082031,12921700
2020-12-04,278.35554866676335,281.4936314047659,277.3624856600237,277.7597351074219,10880300
2020-12-07,277.2533105694201,286.4887859851163,276.2701877229296,283.5989685058594,13007700
2020-12-08,284.0259617338094,284.44303122751927,279.5968788804657,281.4340515136719,10747700
2020-12-09,281.6922992992284,285.634761252422,269.8649134396478,275.99212646484375,25189700
2020-12-10,273.628575183602,276.7964484354165,269.97408047570417,275.1976013183594,20065100
2020-12-11,272.6256481813288,274.56213360830316,268.37533875573064,271.6524353027344,14391400
2020-12-14,271.47370573414327,275.2970054476777,269.67626361036315,272.28802490234375,16376900
2020-12-15,272.92354309585454,274.16487208300316,265.6146125663476,273.6385498046875,23979500
2020-12-16,272.8540298801992,275.93250127738247,270.6196378820546,273.7577209472656,15885000
2020-12-17,275.14804953883356,278.49466793468355,271.71202877883894,272.5760192871094,16377800
2020-12-18,273.85700089446664,276.0715425233864,269.25914418635875,274.4826354980469,26693200
2020-12-21,271.0864200398628,272.76469937630253,265.93241928810284,270.8977355957031,16553700
2020-12-22,269.6166559548355,269.6166559548355,262.7943166917705,265.23724365234375,17312900
2020-12-23,265.03867499000484,270.2820479286929,264.383249584433,266.25018310546875,14329000
2020-12-24,267.01481880298417,268.5242638479774,264.35341689238487,265.5450744628906,6702000
2020-12-28,266.87577993398537,275.37639803213443,263.81715878146275,275.0784912109375,23299700
2020-12-29,275.028849938261,278.5641523075244,274.363484296987,274.8600158691406,16383000
2020-12-30,276.0219418599705,276.1510146252463,269.825206585436,269.9841003417969,11803800
2020-12-31,270.1131798151852,275.1678676684032,267.9383690679379,271.26513671875,12900400
2021-01-04,272.8739181053437,273.09239323216485,263.3603855229727,267.0744323730469,15106100
2021-01-05,266.4289601887683,270.5104357887981,266.34949815378604,269.0903625488281,9871600
2021-01-06,260.18254915137,265.89266234839437,258.2063631514997,261.48345947265625,24354100
2021-01-07,264.05549761855696,269.72587997913473,262.94327168855403,266.87579345703125,15789800
2021-01-08,266.44875469224866,267.08432961533265,261.35433620233744,265.7138977050781,18528300
2021-01-11,258.67309874273616,261.6423478463724,254.12485257045407,255.05833435058594,30412300
2021-01-12,254.8497991205477,257.9183605943093,248.56370760987795,249.3482208251953,26383500
2021-01-13,249.80503713335122,252.188382619965,247.4713326816302,249.8944091796875,19528900
2021-01-14,251.64216837714716,253.26086598194598,242.91315091929113,243.93600463867188,29739400
2021-01-15,246.1803582278421,252.09902149522745,245.44550116665312,249.61636352539062,24942900
2021-01-19,255.1179706503225,260.3812246321077,250.96697308662377,259.2888488769531,28028500
2021-01-20,267.0644042540832,268.444776262039,261.77139221611213,265.6244812011719,25199900
2021-01-21,267.39219883730624,271.70208935816214,265.6344576307383,270.9771423339844,20838700
2021-01-22,270.1231077356851,276.5382869759463,270.1131674066485,272.5958251953125,21954000
2021-01-25,276.21064604914125,278.1570416684203,269.6266313962863,276.08154296875,19087000
2021-01-26,276.21062473395097,283.41033323994316,275.88289689272744,280.0934753417969,19373600
2021-01-27,280.57010675992376,281.4837381150198,266.2600643454643,270.252197265625,35346200
2021-01-28,275.25724544437986,284.800598380068,262.8638363318904,263.1617431640625,37758800
2021-01-29,263.45964586527754,264.71091515254716,253.08215396222317,256.5379943847656,30389500
2021-02-01,257.71975684833694,262.33752508224313,253.14174993490226,260.1925048828125,22914300
2021-02-02,262.16864356397065,266.9850053875906,261.4436966318781,265.2272644042969,17320800
2021-02-03,263.7774086978428,267.3325914717765,262.00975763949117,264.8002624511719,14223400
2021-02-04,265.1578001708641,266.2998167269826,262.16867040510544,264.6413879394531,16060000
2021-02-05,264.94923410714415,267.3028192101267,263.82709821386266,266.240234375,12454400
2021-02-08,266.8857343995216,267.98802000221724,263.16174740790035,264.73077392578125,13755200
2021-02-09,264.5917116964451,271.4935117614484,263.9064957927763,267.5808410644531,14613400
2021-02-10,270.56009399684086,271.900705136719,265.86289392443064,269.9841003417969,14687200
2021-02-11,270.00396858253924,271.68221751277923,266.62752945048277,268.5143737792969,12828600
2021-02-12,268.6434160254985,269.2988413011865,266.4785457640893,268.6235656738281,9097600
2021-02-16,268.9214652817526,274.68124922947464,268.17666798465854,272.0694885253906,15417200
2021-02-17,269.3583875430994,272.06946033371884,267.7098993929743,271.6722412109375,12763200
2021-02-18,267.70001482832095,270.0635097465597,264.1845631303574,267.5212707519531,15249100
2021-02-19,267.9880178207571,268.3951773652327,258.34538273459236,259.74560546875,25622600
2021-02-22,256.1606743548885,261.24515328431704,255.7435744603547,258.5241394042969,17434900
2021-02-23,257.6998801611626,265.6046541267021,253.19138025453864,264.0157470703125,21924600
2021-02-24,260.5101953582652,264.53211856678286,256.59755514128494,262.4764709472656,15736100
2021-02-25,260.48045979713754,265.0882874957207,252.27776339152175,252.9232635498047,19053100
2021-02-26,254.69089973234236,263.7078995320883,254.69089973234236,255.83291625976562,26619500
2021-03-01,259.0107326162491,264.8002773245595,256.11097494456624,263.0723571777344,22157300
2021-03-02,263.9363364333064,264.8598779371174,256.85579095898794,257.203369140625,15191700
2021-03-03,258.48439730307683,259.17952327480714,253.33039749890509,253.63824462890625,15513500
2021-03-04,254.6909316482942,264.64141445272037,251.74153259851408,255.8528289794922,31626500
2021-03-05,258.8617730445713,263.6086134766132,253.83686100228493,262.44671630859375,26820100
2021-03-08,263.7078811170442,263.7376717963443,253.28073423265133,253.53892517089844,18391800
2021-03-09,259.3682706480934,266.66729211138085,258.00777874861495,263.8966369628906,22039700
2021-03-10,266.77648503964184,267.1041825272053,261.04649157172383,263.0624084472656,14210300
2021-03-11,266.2501394394714,275.9722359021643,265.96217295395087,271.9801330566406,21834000
2021-03-12,267.2730037197899,267.86881730485464,262.18849544883045,266.5381164550781,20600200
2021-03-15,267.2134253470967,274.0457048286008,266.63746204114943,271.8510437011719,16844800
2021-03-16,274.16486760719044,280.18285832005444,272.8937479573369,277.3426818847656,22437700
2021-03-17,273.7974438086778,284.24448797008944,273.49953697383603,282.0398864746094,21315000
2021-03-18,277.92858482314426,283.2116881663582,276.3496180179357,276.687255859375,18728300
2021-03-19,279.26921858795276,290.76887646170974,279.2493682351889,288.0975341796875,38930500
2021-03-22,288.4351922903145,297.63093607672175,284.76084666263773,291.5037536621094,28273100
2021-03-23,291.1164916858374,295.9328546089386,287.7996639990744,288.6139831542969,23000900
2021-03-24,288.98135511711854,289.69636174407646,279.2096180859463,280.1828308105469,18675000
2021-03-25,279.0309091806208,286.06178331046056,275.82330413065733,276.8064270019531,24505600
2021-03-26,276.3694427158467,282.5264459269405,275.84312049630233,281.05670166015625,17629200
2021-03-29,283.7876855406201,291.14628815797516,282.7251308525413,288.80267333984375,21718800
2021-03-30,287.819489559495,290.44119091458725,284.7112272475432,286.002197265625,17474500
2021-03-31,287.9783924701882,294.44324370782823,286.60796038240426,292.4869079589844,19498200
2021-04-01,296.33005070789403,300.3023034795974,294.54254908298094,296.5882568359375,17616000
2021-04-05,298.80279507741744,308.6142338487392,298.5942299891719,306.76715087890625,28237000
2021-04-06,306.697587369966,309.1901853123323,303.132494672926,304.135498046875,17335200
2021-04-07,304.21494543454486,312.07007816687496,303.3807760699453,310.9181213378906,22855200
2021-04-08,312.6659247488208,313.688778534992,307.8992036600971,310.8486022949219,20894100
2021-04-09,309.23983603188884,312.55666307145435,308.1772512663788,310.29248046875,15988600
2021-04-12,308.8922542226104,309.984629655204,305.79390230898474,309.3788757324219,10881900
2021-04-13,310.04425375074237,312.2488552709909,307.17431685657766,307.61126708984375,14036900
2021-04-14,305.16832536202276,305.8932724464454,299.85546120601055,300.71942138671875,17421400
2021-04-15,304.2149480766785,307.9886060607909,301.99049641842674,305.6846923828125,14558300
2021-04-16,306.03227702070234,306.8068650471184,302.4969444090367,304.0560607910156,13059200
2021-04-19,302.8942064698286,305.56554881533964,298.4750632513306,300.1434020996094,14553500
2021-04-20,299.8951118354893,302.9835537939867,295.1482714936018,300.550537109375,16796400
2021-04-21,299.8554348915821,299.8852255743065,295.3270692821806,299.3787536621094,14863500
2021-04-22,299.2397360604261,300.8187332985432,293.9864532833794,294.4631042480469,16375400
2021-04-23,296.687582670293,300.4910015370838,295.08873509812,299.0411376953125,17536800
2021-04-26,301.23580358211467,303.67873069928305,299.4681522036944,300.9378967285156,16172600
2021-04-27,302.1692386782204,303.2218831391314,299.0212153184825,301.46417236328125,15309300
2021-04-28,305.2278718530595,308.7632045092743,303.25168590435214,304.9696960449219,33907200
2021-04-29,327.82999712931587,329.50827625117904,319.3790201563974,327.2242431640625,56526800
2021-04-30,323.8776259782797,327.53209104824134,322.248987887127,322.824951171875,26332400
2021-05-03,323.907470109946,326.2709353085652,319.6074890468037,320.34234619140625,18719500
2021-05-04,317.80006933320976,319.9550297777541,310.9479394226379,316.1515808105469,24032600
2021-05-05,315.98274005728,318.8328262137328,312.30839458302705,312.834716796875,15577600
2021-05-06,312.33820166682153,318.0185239268124,311.09687276652534,317.800048828125,19012200
2021-05-07,320.143703732976,320.69981667352516,316.5388796429248,316.8665771484375,15916700
2021-05-10,312.1693768985715,312.3977620050916,302.7153972344073,303.8475036621094,24239200
2021-05-11,298.66372208325555,304.71147261940786,297.6110776402006,304.40362548828125,18920100
2021-05-12,299.0411610087724,302.8445801720804,296.1215524370896,300.4512939453125,24645500
2021-05-13,303.9567753757269,306.71748989994825,300.66973856002795,303.1424865722656,18079200
2021-05-14,307.39275439730136,314.6520430906645,306.93592356007673,313.74835205078125,19245700
2021-05-17,311.37497404625395,313.490203645759,309.4186382055632,313.271728515625,15401300
2021-05-18,313.4007953447419,314.304486446428,307.66089155963004,307.8098449707031,14522400
2021-05-19,302.0798852044265,312.4772577066652,301.46419089388326,311.4146728515625,19106200
2021-05-20,311.40476482317183,317.03544686161547,310.987695223812,316.3998718261719,17320200
2021-05-21,317.07517863974135,317.71072337082643,313.61930756445526,314.0364074707031,13600900
2021-05-24,316.00266360216654,323.68899413744924,315.8239194819217,322.3781433105469,16445400
2021-05-25,324.8110776685687,326.8965163184287,322.5468949273761,325.51617431640625,16437000
2021-05-26,326.0722398154271,327.5419536493177,323.5597916553514,325.38702392578125,9686900
2021-05-27,325.72469228376224,331.4645957099421,324.4933037547175,330.4417419433594,20477700
2021-05-28,328.7038883383271,330.56091149903165,326.05239650868407,326.44964599609375,12037400
2021-06-01,327.85980685651253,329.1210165064215,324.37417565975466,326.8468933105469,11765900
2021-06-02,328.0881776892321,329.5678319465902,324.85078242485343,326.86669921875,11654300
2021-06-03,323.520114193703,325.1090213066614,321.23608105411955,323.7783203125,12610800
2021-06-04,323.63926759923044,330.1537592993756,322.92426093429344,328.05841064453125,13289400
2021-06-07,327.19442430172865,335.3474634485492,326.6482214412393,334.2451477050781,20136700
2021-06-08,334.3643962293605,335.9532731268308,329.93531247530376,331.3653259277344,14580500
2021-06-09,333.41101346017734,334.463657978423,327.710840656936,327.9591064453125,13727900
2021-06-10,328.49537952813114,331.6235225004314,326.2708973852136,330.1537780761719,13240200
2021-06-11,330.2729174472799,330.52118322602627,326.64824313875914,328.96209716796875,13587900
2021-06-14,329.59762560722135,334.4835092274623,327.5221274355902,334.433837890625,12250800
2021-06-15,334.65235745209895,337.5620556551971,332.7059620693409,334.4140319824219,15795200
2021-06-16,334.3643653995588,335.2084448088056,326.439710773516,328.7833251953125,17232200
2021-06-17,328.1974001777303,335.6354630864585,327.8597623748833,334.1756591796875,17794100
2021-06-18,332.20938115350015,333.8181384467664,326.71774369511525,327.3731689453125,23039500
2021-06-21,328.7932669596741,330.61058945270315,325.3771273795917,329.9849548339844,11337500
2021-06-22,330.3822054708277,337.56206346990325,330.2928334176298,336.67822265625,15345300
2021-06-23,336.995997823339,341.0377722588904,335.85398122199473,338.2273864746094,14817800
2021-06-24,339.47861689152836,342.50744713580673,339.41903553173717,340.79937744140625,12329100
2021-06-25,340.2134913461353,341.7328767106353,337.3236740242663,339.001953125,14594400
2021-06-28,340.0843790089774,355.65563137017324,339.39916304899543,353.1729736328125,29156100
2021-06-29,353.79862714859274,354.265368080388,346.6287093933313,349.44903564453125,21417300
2021-06-30,349.72705702806195,350.4718543781205,344.76174136100525,345.2979736328125,15107500
2021-07-01,344.41417567697727,352.2097276177686,344.0963881893645,351.9316711425781,17137000
2021-07-02,352.63675169325717,353.9674527570495,350.17394402400754,352.2395324707031,11521300
2021-07-06,354.02699008079225,356.30111303287634,346.7577610194668,350.3327941894531,13488500
2021-07-07,352.79561580909495,354.0170640582016,347.57209406891997,348.0586853027344,14218900
2021-07-08,343.33168979632217,345.91362941100147,340.1836666793353,343.2522277832031,14406500
2021-07-09,342.924598805808,348.2771938088227,342.8749274612191,347.9892272949219,13018700
2021-07-12,348.79360036608597,351.7330589669335,347.21463350700583,350.710205078125,10018600
2021-07-13,349.0616794159111,356.00318078237416,346.38039692535693,349.6475830078125,11456000
2021-07-14,352.1004565076469,352.73603144965426,344.3247856324014,345.2185363769531,13894200
2021-07-15,346.807456771449,346.807456771449,337.8599480408071,342.0705261230469,14781600
2021-07-16,342.5174133110356,343.5899081740883,337.7805130149065,338.7934265136719,11026100
2021-07-19,335.22830411094054,337.4329053142274,332.21932425430794,334.61260986328125,14372300
2021-07-20,336.44977124178934,341.0675389712737,332.1796119696146,339.2899475097656,11024300
2021-07-21,339.1310778108753,344.11624409141785,338.88281201452764,343.8282775878906,9279700
2021-07-22,344.2750906471809,349.10139282568565,342.81528675252025,348.7538146972656,12385400
2021-07-23,358.4064175626375,372.7263709130637,354.712221510125,367.2248229980469,33694300
2021-07-26,367.01625509949724,371.8425576289156,365.6657038011167,369.87628173828125,14925200
2021-07-27,369.33014064595517,370.5615293237317,362.02117968943355,365.2585754394531,15705400
2021-07-28,371.96173241744225,374.93098154905937,364.3846557059322,370.69061279296875,29676900
2021-07-29,358.4957829668107,362.984417317109,354.26532441729825,355.8343811035156,33413200
2021-07-30,351.54436646173724,358.22769258735656,350.49172191318684,353.8283996582031,15976200
2021-08-02,355.61590753540196,356.9068774625231,348.30694725009323,349.5085754394531,13180400
2021-08-03,350.2831820422814,351.3159459164224,345.2880755211377,348.8034973144531,12406100
2021-08-04,349.97532638335207,357.9794128958687,349.0716352860186,356.43023681640625,14180600
2021-08-05,357.14523110122803,361.3756593379675,354.4242175743126,360.4521179199219,10247200
2021-08-06,358.893024268515,362.6170111631922,358.893024268515,360.9884033203125,8925000
2021-08-09,361.2366111867871,363.24258756226476,358.2474818207688,359.10150146484375,7798900
2021-08-10,359.3200344847057,361.5743072827586,356.5494100527903,358.6249084472656,7469900
2021-08-11,359.5881517418357,359.8463275378054,355.3279025907099,357.4629821777344,8400300
2021-08-12,355.96346124829,360.4818859888844,354.6327300964026,360.1343078613281,7170700
2021-08-13,360.4521707685684,362.13045009347235,358.97251621695744,360.66070556640625,7195700
2021-08-16,360.00522845589376,364.4045210745695,354.90089981921847,364.0172119140625,11222100
2021-08-17,360.462075868413,362.1403550292865,352.60694265481555,355.9635009765625,12328700
2021-08-18,353.7787829603999,357.36372674757365,352.6864073237661,352.9843444824219,10042400
2021-08-19,348.9127484779295,355.08960256573675,348.56517030960663,352.6565856933594,12004500
2021-08-20,352.14020531327213,357.49280002789834,350.85914534134406,356.8771057128906,8697700
2021-08-23,356.9466479627438,363.1532931180248,356.6090101030027,360.82952880859375,10942000
2021-08-24,361.13728422675456,365.40744288628036,359.32990234334056,362.9744567871094,9235100
2021-08-25,363.06390941492083,368.2874012019985,362.8652846539713,365.8345642089844,9684500
2021-08-26,365.82463941522815,366.87728402002136,361.6041206658207,361.8523864746094,7888700
2021-08-27,362.5673411067195,371.1473904662414,361.55439735667915,370.04510498046875,11219100
2021-08-30,369.97562175122965,378.843668815076,367.94976434643246,378.0194396972656,13547300
2021-08-31,377.3143442669874,380.10484920750287,376.17229743518845,376.748291015625,12345400
2021-09-01,376.9568533074591,381.66396313831876,376.18226523015454,379.3997802734375,11567200
2021-09-02,378.8536121507582,379.10187795164336,371.46521949194505,372.6767578125,14832900
2021-09-03,372.1504282729059,374.54371418349507,370.5217901040204,373.64996337890625,7509600
2021-09-07,373.2725538548956,380.303427098371,370.56148074730555,379.5288391113281,10793800
2021-09-08,377.5228659344318,378.22793223895627,372.19012201827695,374.9508361816406,11067200
2021-09-09,375.0203804671173,377.1951608723424,373.9577956290019,375.37786865234375,9098900
2021-09-10,378.71454142479524,381.1277078677201,375.63606996069,376.0630798339844,11549600
2021-09-13,379.03231255851546,379.1018342481609,371.75317345030254,373.898193359375,13026300
2021-09-14,374.7819897915199,375.9637372479582,372.5078669166244,373.91802978515625,8711600
2021-09-15,374.38482369186454,374.94093665537116,365.11955743747427,371.3262023925781,17940300
2021-09-16,370.2040213099669,370.9686690276953,367.14536982728856,370.4721374511719,11934200
2021-09-17,368.8335664300614,368.8335664300614,359.0816795986663,362.1899719238281,26299000
2021-09-20,356.8075775570263,358.5255877160873,347.3734776350834,353.2325744628906,19822800
2021-09-21,356.0131576959178,357.5424835116956,352.72612092380973,355.000244140625,11751900
2021-09-22,344.82129547424677,347.4131755007979,338.3266546093435,340.82916259765625,43692900
2021-09-23,342.9642756764454,347.24440574358306,340.6206611842172,343.56011962890625,21806300
2021-09-24,340.85896131085076,351.8919078702435,339.9950012816375,350.51153564453125,18801900
2021-09-27,347.3834211027895,352.6863747332731,344.67234776955803,351.12725830078125,15205800
2021-09-28,345.5561863357287,347.1748841230016,336.56897692930727,338.2869567871094,21710300
2021-09-29,340.76960230808635,342.83519056135003,336.52923371146676,337.254150390625,14452200
2021-09-30,338.0883500451467,340.422024123598,335.80428669427346,337.03570556640625,16547100
2021-10-01,339.24033291368795,342.62668233898466,336.29096406243747,340.6306457519531,14905300
2021-10-04,333.2024545158559,333.6096140159672,320.46146851508894,323.96697998046875,42885000
2021-10-05,326.30064749528105,332.8548697640081,323.89745185713826,330.6502685546875,35377900
2021-10-06,327.4526518109316,332.06047963306645,323.5399803552705,331.32562255859375,26443000
2021-10-07,334.66231004958246,336.48954276448234,326.6979538184617,326.936279296875,28307500
2021-10-08,329.21036149099893,331.087235010964,326.42976659780624,327.7604675292969,15946100
2021-10-11,325.3572837172374,328.1676390888034,323.05336994266753,323.1924133300781,14708200
2021-10-12,320.78919081230543,322.12983213718235,315.168449699641,321.5240478515625,31658700
2021-10-13,324.7018630148336,324.73165369743293,320.4217632147295,322.2887268066406,14761500
2021-10-14,326.08220352646043,328.22722358123883,324.8309645572515,326.25103759765625,14302200
2021-10-15,326.3999927716936,326.78730195164854,320.27281003421854,322.5072021484375,21596400
2021-10-18,326.668106223406,333.5599662951216,325.2281526617883,333.0137634277344,21585000
2021-10-19,337.29392341439353,340.0844286944019,334.94036838446834,337.6315612792969,18786300
2021-10-20,341.0675379865776,341.5938602237762,337.0952855380206,338.4160461425781,13639500
2021-10-21,337.919515805233,339.93543271791094,335.4567083681282,339.5084228515625,16354400
2021-10-22,324.08613514392806,327.3433807629827,318.8824641103329,322.3581848144531,35224500
2021-10-25,318.07809817024844,327.2738721557028,317.5021349079901,326.409912109375,38409000
2021-10-26,325.9829424293362,327.91939752560313,307.45237909979846,313.6192932128906,65654000
2021-10-27,312.0105042608327,317.0354012261963,309.8952749651828,310.0541687011719,29971800
2021-10-28,310.81879676750776,323.26187566968946,305.9726441964319,314.7215576171875,50806800
2021-10-29,317.9688510760738,323.7385448028444,317.3829475304673,321.3254089355469,37059400
2021-11-01,323.77830788954685,331.1369092399776,323.73857687912965,327.69097900390625,31518900
2021-11-02,329.08129551893205,332.467644744342,321.55385932113387,325.8041687011719,28353000
2021-11-03,325.2182246298572,329.84590230841843,320.95800575490676,329.319580078125,20786500
2021-11-04,331.69306147017886,334.9304270146207,330.3424797088723,333.5202941894531,22495300
2021-11-05,337.94935273525687,344.3844135158908,337.28401732796544,338.763671875,26872800
2021-11-08,342.03081085258987,342.3982393556077,335.99297015181077,336.2710266113281,18342500
2021-11-09,337.6414353317068,338.94234549630863,332.14979790457625,333.0435485839844,17556700
2021-11-10,330.1835809161458,330.87873729375485,323.2520190237952,325.36724853515625,21872600
2021-11-11,327.53204921361885,330.15371980081824,324.73160425216196,325.4664611816406,12376600
2021-11-12,327.8895713138474,339.48854119804446,327.49235212990004,338.5252990722656,25414300
2021-11-15,341.9513226240939,351.1967370768033,340.8192465206391,345.14898681640625,25076600
2021-11-16,341.4448621218174,344.24530725343476,338.5054039194174,340.5809020996094,18181100
2021-11-17,341.85199670958383,344.89076705877983,337.7407316572095,338.40606689453125,13602800
2021-11-18,337.3633994408119,340.0843826522268,332.9740471795485,336.3405456542969,17487200
2021-11-19,339.82625232654686,349.6575723262159,337.54218869453655,342.90472412109375,26488500
2021-11-22,346.6286760200637,351.3755166050516,338.1479386460966,338.64447021484375,27116800
2021-11-23,336.5788918252043,339.0317590592541,331.1865661032912,334.9105529785156,17225000
2021-11-24,333.6692250990394,339.40912900904357,330.5013511624678,338.6941223144531,13566200
2021-11-26,333.47057540699547,335.40706056592376,329.59763539501955,330.8091735839844,14750700
2021-11-29,334.55304345009216,338.30682076869596,332.98398677543236,335.68511962890625,16650900
2021-11-30,332.6761845595874,333.4805633574845,321.1864356284006,322.20928955078125,25390000
2021-12-01,327.99885131334366,328.20738609874235,308.1375874041913,308.4454345703125,30329600
2021-12-02,309.2398812049933,312.41769563708294,305.0690338569957,308.2369079589844,24396200
2021-12-03,311.55367511809095,311.5735254685623,297.4223772998706,304.7114562988281,27471000
2021-12-06,305.99255266304647,317.87951975765236,304.2149611423583,315.66497802734375,21758300
2021-12-07,319.3393510353418,324.27487651444534,318.77329771925037,320.57073974609375,18794000
2021-12-08,322.7455088217183,330.4417478782362,320.82890430428074,328.2669372558594,19937700
2021-12-09,327.2540480147095,333.79833071804273,325.7247222356388,327.5321044921875,16879200
2021-12-10,330.2530597986271,332.7059268506838,324.1059968282071,327.4625549316406,14528000
2021-12-13,328.65425606299516,338.72390047483293,327.30367444275134,332.169677734375,22948700
2021-12-14,325.77436431738806,333.3713218947086,325.3771451062712,331.4248962402344,20461000
2021-12-15,330.18354541056993,339.73680772798974,321.7325989098653,339.2899475097656,24681300
2021-12-16,336.62855788973843,342.07052456232094,331.4248863696693,332.57684326171875,22635000
2021-12-17,330.4913952399913,334.77149487601264,328.4556279600217,331.47454833984375,40012600
2021-12-20,327.4923634222205,327.61152615092544,320.2926556061012,323.1924133300781,17901800
2021-12-21,324.1457435126229,333.6692153987566,321.50419192067693,331.8817138671875,16116800
2021-12-22,331.4844828244456,332.1895795141013,325.982934536817,328.1577453613281,16764600
2021-12-23,327.81016077558,334.33459312161733,326.0822102396696,332.91448974609375,13987700
2021-12-27,336.49942552370055,345.4568434568832,335.6652561860855,343.778564453125,17795000
2021-12-28,344.2254883901896,350.26329907524985,342.80541534319065,343.8183288574219,16637600
2021-12-29,344.50352743630526,347.2642416723502,339.2700957520207,340.5610656738281,10747000
2021-12-30,341.6137642117308,344.821369477675,340.8391760748815,341.97125244140625,10593300
2021-12-31,340.64049867127704,341.05759851401064,333.9373226475047,334.01678466796875,12870500
2022-01-03,335.9532641001233,338.71397854824414,334.85097850917924,336.1916198730469,14537900
2022-01-04,337.5918769383609,340.71007990417786,329.5679085985887,334.1955871582031,15998000
2022-01-05,330.70987981234885,333.43089345554057,321.5935673547167,321.9212951660156,20564500
2022-01-06,320.58066472960667,336.8172538693063,320.4813523499069,330.1537780761719,27962800
2022-01-07,330.43179504996147,334.6622534111411,326.59858616008637,329.4884033203125,14722000
2022-01-10,323.05338636520554,326.0623666414972,313.2419171246315,325.79425048828125,24942400
2022-01-11,324.51313141350875,332.30868215646444,323.02353688832784,332.05047607421875,16226800
2022-01-12,332.85493719862586,334.0366849059946,327.74066745566495,330.9482727050781,14104900
2022-01-13,332.6563391580305,333.3018242108338,323.50029475979665,324.2153015136719,14797100
2022-01-14,319.5578022642355,330.4219156428618,318.9818086610025,329.59765625,16868500
2022-01-18,321.04738263480675,321.9609837284619,315.4365821014618,315.9430236816406,22645600
2022-01-19,317.3631065456677,324.83096079185947,317.1148407594168,317.373046875,20814700
2022-01-20,321.65312351378554,325.5459440973195,313.78808094128794,314.3640441894531,16925000
2022-01-21,312.6261943760006,316.10191525145456,300.9378525135199,301.06695556640625,28710700
2022-01-24,295.77392053287866,307.38283100711567,287.00518638419567,306.5685119628906,38878100
2022-01-25,297.8693376599705,304.10577373520374,295.5157522712907,298.06793212890625,25108500
2022-01-26,304.8803074843086,305.37683902690725,288.83240439081436,292.586181640625,28348800
2022-01-27,295.68457294761424,299.6170948024286,292.2187920171608,292.5961608886719,21629900
2022-01-28,293.5693146659942,299.8057498469455,290.9972848220705,299.6170654296875,21871600
2022-01-31,298.5942235776512,311.61329736004865,297.2436722273169,311.08697509765625,21579500
2022-02-01,312.37793715110746,317.4425651980272,309.95486067855575,316.7871398925781,18023800
2022-02-02,325.54594012680275,325.7246842044795,314.67188747994163,320.7593688964844,58458300
2022-02-03,242.95290740109166,246.27967520393452,234.11465092470792,236.11070251464844,188119900
2022-02-04,233.34003882664075,240.92704033727873,228.51375153368647,235.44532775878906,89342200
2022-02-07,236.05110936639238,236.64695332171354,222.4560723238542,223.34983825683594,88613800
2022-02-08,219.31799930165315,224.20386810473175,214.65059044744515,218.6526336669922,94729700
2022-02-09,222.6447597583816,231.75114721199498,220.6685737472987,230.39065551757812,86563300
2022-02-10,226.68653990638668,233.36985097006743,225.12742341585542,226.48793029785156,49310400
2022-02-11,226.8751722159431,228.82156714654275,217.25238963666942,218.0269775390625,46156900
2022-02-14,217.7886667974301,219.46694586676406,213.29009215094842,216.18983459472656,38184000
2022-02-15,218.94062722166285,219.6159028696756,213.5681521071551,219.46694946289062,42685500
2022-02-16,210.93653210494622,215.95150368110467,210.8868759204417,215.03787231445312,45817500
2022-02-17,212.5353757176675,215.99123117362203,205.72296202717726,206.26914978027344,38747500
2022-02-18,207.93749393051652,209.28806043075434,203.75669137039452,204.7299041748047,37128400
2022-02-22,200.93639836684068,206.04074245924153,198.67221554938297,200.67820739746094,39852400
2022-02-23,202.74379248058972,205.50450704512744,196.67617554494552,197.07339477539062,44481400
2022-02-24,189.73463943279745,206.90470945781502,188.90047003925045,206.159912109375,49957200
2022-02-25,203.5183647840356,209.8541125423845,201.77056393873042,209.01992797851562,37627600
2022-02-28,206.23934870344502,211.67140537212006,205.39525411367887,209.5661163330078,34239800
2022-03-01,208.41414716725657,210.28111063720308,200.81722054189382,202.0784149169922,27094900
2022-03-02,203.35946456811018,207.6991455549935,200.61861581106922,206.66636657714844,29452100
2022-03-03,207.57007772587977,207.62965909439046,200.0227912203855,201.56204223632812,27263500
2022-03-04,200.96618413763912,204.46177065665356,197.41101625429653,198.67221069335938,32130900
2022-03-07,199.39714934904097,199.49646172826948,185.9808712352933,186.1695556640625,38560600
2022-03-08,186.5468944035454,195.33549304044826,184.81895929335968,188.96995544433594,37508100
2022-03-09,194.3821677815155,197.71886025141615,192.5747857485553,197.12301635742188,31894700
2022-03-10,193.4884065766853,194.91841983418425,189.74456968088708,193.85585021972656,24853000
2022-03-11,191.30368493188337,192.21730121306823,185.37509670416912,186.30857849121094,34694500
2022-03-14,185.73260739881346,190.95611432836714,184.53100942336172,185.33538818359375,31010500
2022-03-15,189.4764431200351,190.94617226993915,184.62036515153324,190.69790649414062,31721700
2022-03-16,193.34939124128513,202.31675022563442,193.17064714865197,202.2174530029297,40640300
2022-03-17,200.3008320695021,206.5968487329181,199.71492845430384,206.3982391357422,29499700
2022-03-18,205.26615383037955,215.2960978900843,204.57101264324805,214.98825073242188,52128000
2022-03-21,213.01203315188104,213.22058306841436,206.189694561412,210.02291870117188,30142300
2022-03-22,209.90376791475666,217.93766087896697,208.72202025875447,215.1471405029297,31998800
2022-03-23,211.85014499977373,215.29607503983217,210.6882630346818,211.979248046875,23717300
2022-03-24,213.5085543588696,219.1392199973298,213.30000445243496,218.04685974121094,31502300
2022-03-25,218.98032469389216,223.93571470041402,217.37156742392068,220.28125,40039000
2022-03-28,220.58912249182504,222.48586159323668,218.01707741553452,222.0389862060547,26224100
2022-03-29,224.50177013419827,229.28832613748915,223.72716701743596,228.26547241210938,31417900
2022-03-30,227.3220995178845,229.54655137595753,225.13736352030202,226.2694549560547,25588000
2022-03-31,226.86525534326952,226.90498635172153,220.7181925146224,220.8175048828125,24192300
2022-04-01,222.99233071349855,225.7033888379623,221.15515784665132,223.29025268554688,19544800
2022-04-04,224.41241418163085,232.72436333956819,224.29325144843688,232.26754760742188,28054800
2022-04-05,232.45621733585187,235.2169316018234,229.4174466080516,230.23175048828125,29727200
2022-04-06,225.33596570060982,227.40153889568887,219.8741183102283,221.75100708007812,28995100
2022-04-07,222.3766247719894,223.95560670287298,217.04388048466566,221.40342712402344,21037200
2022-04-08,220.83740643634152,223.56833032502462,218.5037017793808,220.78775024414062,18375700
2022-04-11,216.90484555322809,219.07965621752902,213.72704658954345,214.9584503173828,20516600
2022-04-12,218.7122165607691,220.48979279339932,211.65153750858536,212.65452575683594,20128800
2022-04-13,210.35066381723541,215.10743009321757,209.864057372154,213.49867248535156,19231800
2022-04-14,213.39930290179237,213.4986152608448,208.54322554172404,208.7219696044922,18379500
2022-04-18,208.54325950228275,211.89981776607013,206.85505519404293,209.30792236328125,16580800
2022-04-19,209.0596739126116,216.91479248894638,207.55021357108893,215.8025665283203,20089900
2022-04-20,212.1282301137777,212.67441790270703,197.5401293256184,199.02972412109375,43036500
2022-04-21,200.20153948544436,201.56203116820575,184.29266339015666,186.76539611816406,49954100
2022-04-22,189.04942502299562,191.3831294620627,181.99868582411173,182.83285522460938,36426800
2022-04-25,181.46242757918057,185.88155562508723,180.39985787402478,185.69288635253906,29281100
2022-04-26,185.33540089231528,185.89151389293303,178.25485500608454,179.69479370117188,31747400
2022-04-27,173.2200225237452,179.95300557541287,167.82769612864584,173.73641967773438,71062900
2022-04-28,201.51236675769346,207.08345147435523,191.5618700393527,204.30287170410156,100890600
2022-04-29,203.04170375030583,211.00605951633852,198.51332293664208,199.07937622070312,49193400
2022-05-02,199.77451976842804,210.41023318222747,199.59577566794923,209.66543579101562,49915300
2022-05-03,208.99013202513237,213.4092599092411,206.64650243953506,210.55917358398438,41556300
2022-05-04,209.18873471344116,222.74405503982925,205.52434462463904,221.8602294921875,41375900
2022-05-05,217.22265296779887,218.64272609094522,204.72991591258807,206.835205078125,41129200
2022-05-06,205.90168775625787,207.92754485018818,199.6255372022785,202.35646057128906,34747200
2022-05-09,198.45374711598748,201.1648205739182,194.22330332061387,194.84893798828125,36303200
2022-05-10,198.12602877743515,201.55210885679355,192.84294056094515,196.2789306640625,34452500
2022-05-11,194.9681017385989,199.27799243110317,186.96401469453613,187.43075561523438,31153400
2022-05-12,185.76240936095664,196.67617994764143,183.49822636026158,189.91342163085938,38262200
2022-05-13,191.24410785549279,198.503397232515,189.953122698784,197.24220275878906,24549800
2022-05-16,195.6831247223341,203.9454034323764,194.57088353127477,198.65237426757812,27112600
2022-05-17,200.717915455325,204.0347578335047,196.98400353286522,201.21444702148438,24872700
2022-05-18,198.61262813981287,199.60569128051193,190.3006945011028,190.90646362304688,23960000
2022-05-19,189.87365591452544,193.93528023328804,188.2847640946148,189.96302795410156,24446900
2022-05-20,193.6175216415817,196.5371296980073,186.56676728554785,192.1974334716797,31465600
2022-05-23,193.83598024475504,195.62349677540197,189.91338420576912,194.86875915527344,25059200
2022-05-24,179.29752918424333,182.4058060963121,174.8883270027959,180.0224609375,50406300
2022-05-25,179.14859492045568,184.16356710269176,178.07610000083076,182.5548095703125,28030200
2022-05-26,181.61138743549637,191.49236240543442,180.99567799980568,190.30068969726562,23056500
2022-05-27,190.0325607294829,193.97502255882603,188.48338467468687,193.7764129638672,22562700
2022-05-31,193.53808190056003,196.22928977670594,190.67805510272842,192.2967529296875,26131100
2022-06-01,195.1468225764307,198.1458773543672,183.7166718529617,187.3314208984375,36623500
2022-06-02,187.14275367920058,199.5461182815414,186.4277469756888,197.4805450439453,31951600
2022-06-03,194.6205141545029,195.2461487952102,188.46352558358373,189.4565887451172,19465000
2022-06-06,192.6443358781859,195.55400378462718,187.09310106659834,192.90252685546875,30574200
2022-06-07,190.5985897727242,195.16668600433854,190.16165474576064,194.29278564453125,18828700
2022-06-08,193.3196194022274,200.628565465701,193.0614284144997,195.2759552001953,22267200
2022-06-09,192.9323054091504,198.0664400188012,182.40583007585803,182.72361755371094,23501600
2022-06-10,181.77026400868175,181.829860523431,173.8059088194691,174.3520965576172,27450800
2022-06-13,169.40662002400506,171.38282092477996,162.89212891887655,163.1205291748047,31749300
2022-06-14,164.87827126596156,165.59327793615202,160.24066823896615,162.59422302246094,27244300
2022-06-15,166.04018250042162,170.96578318825397,162.84251742807936,168.17527770996094,30008300
2022-06-16,162.58431031260895,163.93487688731022,158.50281990437463,159.7540740966797,26944100
2022-06-17,160.55843379168454,164.74916126130907,158.79078269630057,162.60415649414062,31374200
2022-06-21,164.77896178821595,166.59626917748903,154.88806126492062,155.9605712890625,50724900
2022-06-22,157.28133881462222,159.67460937224337,154.36173087266783,154.76889038085938,47267800
2022-06-23,155.1859958737986,158.64185168649269,153.18000389759936,157.64878845214844,40499200
2022-06-24,160.60808476606041,169.06898629668228,160.1810749228338,168.9796142578125,68736000
2022-06-27,170.1315618845961,170.55857170482776,166.8445105980896,168.3142547607422,29174600
2022-06-28,168.72144374416592,170.11174141584627,159.49589262045652,159.56539916992188,27744500
2022-06-29,162.43533639936211,165.17618506417662,159.20788136690297,162.80276489257812,28595200
2022-06-30,161.02519001781133,164.08382645795453,157.3905902626989,160.13143920898438,35250600
2022-07-01,159.19793253588242,159.50577965191306,153.92477025048137,158.9198760986328,31423900
2022-07-05,157.0430120915462,167.08288153776365,155.930786168884,167.02330017089844,28618600
2022-07-06,167.0332296710171,170.39971336251205,164.31224616080019,168.59234619140625,23085900
2022-07-07,168.274530960028,171.52185137959535,166.6161174832239,170.9955291748047,24083400
2022-07-08,168.800875159169,171.20408623734986,166.98356772070983,169.69464111328125,19249200
2022-07-11,165.9110745220636,166.3281592437503,160.7868648220126,161.75013732910156,21885600
2022-07-12,163.6568214250222,164.7591222035781,160.975553765896,162.13743591308594,16639700
2022-07-13,159.0489939667087,163.83555035660143,158.50280621658072,162.35589599609375,16555100
2022-07-14,160.10165236475422,161.46214411722048,156.18898088222045,156.95364379882812,23765200
2022-07-15,159.42636371697952,163.8355668671646,158.71137213459764,163.55751037597656,23342800
2022-07-18,165.5932954350005,170.4990302699595,164.49099463138444,166.06996154785156,23574300
2022-07-19,169.18817796538053,175.2657352484484,168.33414297985146,174.56065368652344,25933700
2022-07-20,176.25880119663285,182.3264182430064,175.4742727457146,181.8199462890625,24784300
2022-07-21,179.37699465061837,182.57465908137436,177.6291938767748,181.8993682861328,27195800
2022-07-22,171.86945307838997,174.38190172971616,167.2417749894323,168.09580993652344,42583900
2022-07-25,167.8276927849411,169.3868093936931,163.66675525532875,165.49398803710938,26166300
2022-07-26,164.788912991952,164.84849436062365,156.854332416764,158.04600524902344,28468400
2022-07-27,161.462138917526,169.68470084170153,160.89610078404186,168.40365600585938,43846600
2022-07-28,159.94275564720272,160.38963105404298,153.77584169633522,159.60511779785156,73214300
2022-07-29,156.5961304718885,159.0291321576182,154.09360709228082,157.99635314941406,42065400
2022-08-01,156.15917010521343,164.04409342402658,154.15317843083196,158.82057189941406,40596700
2022-08-02,157.2118176426038,161.11456352266092,156.91389568067768,159.0787811279297,27374500
2022-08-03,161.56144252689967,168.3639158538557,160.44921667380174,167.62905883789062,31721900
2022-08-04,167.13255242283134,170.95583694461354,165.642957508462,169.38681030273438,23938200
2022-08-05,165.83161242349757,170.4195590937745,164.64986491074373,165.95077514648438,25832700
2022-08-08,166.83462322756057,176.27864912306143,165.9706630633594,169.0690155029297,27299100
2022-08-09,167.77800080416407,168.35397919679417,165.44431170704559,167.3609161376953,18655100
2022-08-10,174.7691854949126,179.2280292454022,172.74332822648657,177.10287475585938,30262100
2022-08-11,178.46335963241475,181.82984261959618,175.1465176732258,176.25875854492188,24079100
2022-08-12,179.5557567167697,180.20125689554231,177.66894267746338,179.24790954589844,21274000
2022-08-15,177.71857316609862,180.18136532983021,176.96383553717615,179.6351776123047,15878700
2022-08-16,178.19526119642512,179.73451217115374,175.8119004492171,178.2250518798828,21156700
2022-08-17,175.5338239205312,176.90425581483473,172.96179418949083,173.6370849609375,20118100
2022-08-18,173.13062255896347,174.54077038611848,170.66783023780124,173.4484100341797,18844500
2022-08-19,169.01934308908173,171.12464724604104,165.89120026496457,166.79489135742188,26240800
2022-08-22,164.34202175823924,164.34202175823924,161.13441695931127,161.9189453125,19499700
2022-08-23,161.3528927591669,163.90507227097777,159.58524160395055,159.99240112304688,18111800
2022-08-24,159.48593566456427,164.31222280787034,158.66169149521016,162.12747192382812,20891500
2022-08-25,164.03417354079855,167.70851953536783,162.88223173493446,167.6092071533203,15550500
2022-08-26,167.31128091921585,169.73435751151283,160.54852306381065,160.6577606201172,24023600
2022-08-29,159.54551105399935,161.91893110471815,157.90694795228592,158.0658416748047,20052700
2022-08-30,159.23769841502485,160.5386088498215,154.82849515456346,156.06982421875,19567900
2022-08-31,165.91107021908033,166.67571794587022,161.0152609370121,161.79977416992188,40953000
2022-09-01,162.4452699687775,166.19904741902297,159.2376802751425,164.21292114257812,30145700
2022-09-02,166.28844731724544,166.76511346060795,158.11554056357707,159.20791625976562,22634200
2022-09-06,158.9894072176834,160.56837389852208,156.59612152734138,157.44021606445312,19339800
2022-09-07,156.6656587494042,159.84347339111912,155.72225165705777,159.2774200439453,16831200
2022-09-08,157.60903898172938,161.1046099111117,156.64576663758697,160.935791015625,22530800
2022-09-09,162.11754236242328,168.3639022584355,161.88914210452134,167.9766082763672,22086800
2022-09-12,166.228832262736,170.20108467611442,166.11959471525049,167.78794860839844,23220400
2022-09-13,160.41939772079658,160.50878491113568,151.61093335516279,152.0677490234375,44444100
2022-09-14,152.2663636796208,152.47489844050713,148.01605491490287,150.4192657470703,43064200
2022-09-15,148.76086955837675,153.1303415527559,147.66849398331107,148.51260375976562,34606300
2022-09-16,147.02299299091143,147.5493152145355,143.28906608768818,145.2751922607422,40122800
2022-09-19,144.2325254735865,147.54935340436737,144.09349721160598,146.9932403564453,22169500
2022-09-20,144.76876718025122,147.80753846466357,144.21265415473044,145.0766143798828,23217400
2022-09-21,145.37450849074926,148.56224775043975,141.01496203125282,141.13412475585938,38338600
2022-09-22,140.56807511655674,143.57705488927735,139.8927843757181,141.8292694091797,34418500
2022-09-23,140.4389929946804,141.63066577922177,137.92654436335064,139.43600463867188,31710700
2022-09-26,139.14799788660858,141.25330198021248,135.24526714438548,135.42401123046875,30497000
2022-09-27,136.96325277251074,138.4528473337513,133.18961018678016,133.46766662597656,30826500
2022-09-28,133.68618257329447,141.04478559195599,133.33861949452324,140.62770080566406,32658500
2022-09-29,138.39327831830832,138.86994437759347,134.26213206332815,135.4637451171875,38985400
2022-09-30,135.10622841555517,140.0119622137979,134.56004071784687,134.73878479003906,33166400
2022-10-03,136.18867923947806,138.65147159879163,135.15590023490822,137.6484832763672,27723100
2022-10-04,139.5154652386649,141.40227940375894,138.37343337836646,139.30691528320312,34670700
2022-10-05,137.2810426926311,139.2373781305464,133.84503784216344,138.01589965820312,27979300
2022-10-06,136.76465957644757,140.46878091958473,135.6524336864408,138.1053009033203,36231100
2022-10-07,135.8112977576115,137.33068301741045,131.5212732455144,132.52426147460938,33214800
2022-10-10,132.62358250842252,135.1658216673534,130.9552285897862,132.86190795898438,24024000
2022-10-11,130.70696701014188,131.73976117223205,126.10908735119844,127.64833068847656,38481400
2022-10-12,127.42986620800094,128.77049232167374,125.37421828625249,126.61554718017578,34605200
2022-10-13,122.6730980553919,130.23030974729153,121.68003483781214,129.38619995117188,34325700
2022-10-14,130.09126942927062,130.87578263105397,125.64234329376768,125.88068389892578,23559400
2022-10-17,129.39613707206735,133.85498111053334,129.27695918491287,133.1101837158203,29612200
2022-10-18,136.13903401056328,136.88383143003554,130.48850183036296,131.87879943847656,25445000
2022-10-19,131.9681787716448,136.04966946161085,131.30282819190106,132.30581665039062,30691000
2022-10-20,132.0078664636755,135.82124016414522,130.39910914114193,130.61758422851562,26356300
2022-10-21,125.43380828954469,129.21737659439395,124.56984816879879,129.10813903808594,46348600
2022-10-24,126.36727762009004,132.55405639945275,123.70586824809732,128.8201446533203,63563400
2022-10-25,129.97209374739708,137.39027576702426,129.68409698408797,136.55609130859375,38433200
2022-10-26,130.76653152754133,134.60969572856067,127.63838906788622,128.91944885253906,82791500
2022-10-27,97.30032829256321,101.78897028259763,95.71142123185368,97.26060485839844,232316600
2022-10-28,98.88923256309111,100.15041945886574,96.83359209850978,98.5118637084961,95928300
2022-10-31,97.53866036503508,98.63102827621302,91.95764293134883,92.51376342773438,121361400
2022-11-01,93.67565169773323,96.81372741045269,92.90106362865914,94.53961181640625,110189600
2022-11-02,93.55648159280648,94.53961202289622,89.85236016179088,89.91194152832031,71821100
2022-11-03,89.45512541093512,89.8324866594847,87.79671186073098,88.29324340820312,60664000
2022-11-04,89.72325182690423,90.75603838606281,87.47892704303133,90.16020202636719,55638100
2022-11-07,94.1225197898974,96.20795079311442,92.45417347202974,96.04906463623047,81987300
2022-11-08,95.25460878437805,97.12157222311384,94.13245023187092,95.80079650878906,52088300
2022-11-09,101.01437140636327,104.17231210676108,100.04116631504613,100.76610565185547,107677300
2022-11-10,106.37692885293671,111.96787173860783,103.88433818993818,111.09397888183594,80671000
2022-11-11,108.47228980898205,114.10295597850015,108.05519753324442,112.23599243164062,59961700
2022-11-14,110.22009088345791,115.46346376858001,110.03141401301576,113.42768859863281,53395000
2022-11-15,115.26484160335141,117.9163184434814,113.61636068428409,116.26783752441406,50670500
2022-11-16,113.7057364919192,115.27477816754063,111.87850383914812,112.44454956054688,33287800
2022-11-17,109.64412359680496,111.5508033319649,109.03835437212314,110.6769027709961,35093800
2022-11-18,113.01060395995165,113.52699353037508,109.85266243584381,111.27274322509766,33357700
2022-11-21,110.74641198847677,111.59052182497499,108.43258033895025,109.09793090820312,24351100
2022-11-22,109.09792004891445,110.84571334290337,107.56860186373298,110.66696166992188,29029000
2022-11-23,110.94502099638954,111.88842799797938,109.96189055795254,111.46141052246094,21343100
2022-11-25,110.52793133194992,111.94801193573602,110.24986728645337,110.63716888427734,12007600
2022-11-28,110.0115321403808,111.26279380344529,107.62817911717663,108.02540588378906,23309400
2022-11-29,108.78013809330255,110.17042801518582,107.78707494573887,108.70069122314453,23899200
2022-11-30,108.75034544287803,117.34034302913078,108.62124238709019,117.28075408935547,43348600
2022-12-01,118.37311900070078,120.35924520927946,117.57867306315146,119.60452270507812,36551400
2022-12-02,117.01262853139106,123.17954955964963,116.7941534340937,122.63336181640625,39950500
2022-12-05,120.90544335144975,123.80518604715203,120.50821656025758,121.58072662353516,35474900
2022-12-06,119.07821369134132,119.71377354252466,112.95100789955556,113.32837677001953,43689200
2022-12-07,112.97086004692484,115.07614896382506,112.09695967254044,113.13967895507812,29461100
2022-12-08,115.58262041467984,116.52602738469093,113.79510369874546,114.52997589111328,30619400
2022-12-09,114.50018716954466,116.7246465613268,113.08010652547362,115.09602355957031,26033400
2022-12-12,114.38101702846627,114.91727205321595,112.35516723823551,113.91427612304688,24747100
2022-12-13,121.28280444893988,122.44469413726709,117.8170160434879,119.31654357910156,44701100
2022-12-14,118.56180050957236,123.27885013935314,118.56180050957236,120.74653625488281,36922000
2022-12-15,117.50916975653068,117.80708416933531,113.21913705449421,115.34429168701172,34531000
2022-12-16,119.39598553083218,122.45461426632954,117.9957628564649,118.60153198242188,67064000
2022-12-19,116.01956408518664,116.98283650686149,113.53690632889901,113.68586730957031,29769900
2022-12-20,112.4743297898754,116.51609633840275,111.67987627248904,116.27775573730469,28742500
2022-12-21,115.89045916890343,119.50520819779996,114.81795679355497,118.92923736572266,20392800
2022-12-22,116.3869954443798,117.79715084272303,113.58655772952558,116.30755615234375,23618100
2022-12-23,115.22511707731186,117.3602043835439,114.7385182510215,117.22117614746094,17796600
2022-12-27,117.11193316595197,117.77728363300687,115.24497724188932,116.0692138671875,21392300
2022-12-28,115.44359736633466,117.33041896761625,114.70873271741459,114.8179702758789,19612500
2022-12-29,115.59254934920521,120.19042889376358,114.96691473106002,119.42577362060547,22366200
2022-12-30,117.34034806387496,119.58466537798836,116.92325577343314,119.50521850585938,19583800
2023-01-03,121.96800788854041,125.49338487353471,121.43175291305995,123.87468719482422,35528500
2023-01-04,126.49637537128699,128.1547965119214,124.97699003546767,126.4864501953125,32397100
2023-01-05,125.25504671628343,127.6284745077786,123.67608001591103,126.05943298339844,25447100
2023-01-06,128.0753531918348,129.42591965584387,125.16567791552465,129.11807250976562,27584500
2023-01-09,130.25014780497702,132.027723922536,128.38318450043766,128.57186889648438,26649100
2023-01-10,126.38714433308007,132.51434975414818,126.26798160348737,132.06747436523438,28684400
2023-01-11,130.05156543257846,132.92151752065496,129.43585593466761,131.96817016601562,25423000
2023-01-12,132.5143372630711,136.72491494315477,130.84598344132982,135.76165771484375,30757700
2023-01-13,134.0337637626122,136.43697529072043,133.90466067605018,136.02981567382812,22423800
2023-01-17,135.23533971354632,135.80139301267857,133.31873500513416,134.42103576660156,21147600
2023-01-18,134.86789893919627,136.29791224625038,131.87878442440996,132.09725952148438,20215500
2023-01-19,131.57093643512005,136.49652095770875,131.2233582866692,135.20553588867188,28625200
2023-01-20,134.9473578036574,138.96926679906724,133.67623811836893,138.40321350097656,28688600
2023-01-23,138.3237663794459,142.76276009307352,137.69814686781393,142.2761688232422,27470100
2023-01-24,140.7071256161139,143.99416234588372,140.37941294552542,142.14706420898438,21970200
2023-01-25,140.2403761535725,142.17684622265583,139.33668507035335,140.5184326171875,26622000
2023-01-26,143.3983061489729,146.48673300837004,142.3059458263939,146.2781982421875,25482100
2023-01-27,147.21168740816768,152.12734699001797,146.3675776660674,150.68740844726562,35771900
2023-01-30,148.3735757881808,150.07170536811816,145.9306336581153,146.0398712158203,28040100
2023-01-31,146.92368635959087,148.84030607097574,146.4966764891175,147.93661499023438,29842100
2023-02-01,147.00314280993058,152.51464654526134,146.03987030335287,152.05783081054688,55661000
2023-02-02,182.1079160131573,195.79232431037187,178.91025162092004,187.4605255126953,150475700
2023-02-03,182.1972979017333,195.40504086784406,181.6213194546132,185.23606872558594,76809700
2023-02-06,185.23607379267708,189.37714543580742,184.2330854357221,184.7693328857422,42483800
2023-02-07,184.2926762361429,192.4357917001437,183.12085374397685,190.290771484375,47080700
2023-02-08,188.68199427880654,189.50623849321948,181.65110551574864,182.15756225585938,36139100
2023-02-09,184.8388300516715,185.35521192673428,176.04029083653768,176.68577575683594,37118800
2023-02-10,175.12670679631503,177.64908073501556,172.14751710419472,172.94195556640625,33433600
2023-02-13,176.9837048826787,179.7444190570658,174.6003595309434,178.185302734375,31463200
2023-02-14,175.93105640050777,180.25087164562885,174.65993688832626,178.23495483398438,24034600
2023-02-15,175.1962190389193,176.9539452572414,174.11378371896294,175.93109130859375,25308900
2023-02-16,171.5516826433843,174.63018489092622,170.59833522160218,171.24383544921875,25827500
2023-02-17,169.03920410116666,171.97866242641902,168.5228070402124,171.68075561523438,24171300
2023-02-21,173.10083331965035,176.9340576419765,170.68769716550068,170.8863067626953,34592600
2023-02-22,169.88332710252644,171.5615911643237,168.51289505206418,169.93296813964844,22433200
2023-02-23,170.8068722736244,172.4851515245046,168.20505151002578,170.84658813476562,20017800
2023-02-24,167.47016262504536,169.53573571664788,166.49696501797226,169.20802307128906,19791300
2023-02-27,170.68767049982438,171.91905890182207,167.88722561217432,168.3638916015625,19277000
2023-02-28,170.70752047990644,176.3183354178424,170.6777298026928,173.7264404296875,46051100
2023-03-01,173.37887720914978,176.61627250504657,171.8495667534545,172.2169952392578,30998400
2023-03-02,171.1842257694203,173.7959714755196,170.24080368144263,173.31930541992188,17352000
2023-03-03,177.67884419711405,185.32542687141702,175.82182108915276,183.96493530273438,45877700
2023-03-06,186.6958724355289,188.34436090331448,183.35917964120182,183.61737060546875,33209400
2023-03-07,187.68893091467473,189.0394973728768,182.73354045821804,183.23007202148438,36701500
2023-03-08,181.6014509997279,183.97487129085047,180.08206561247465,183.6868896484375,19432400
2023-03-09,185.05731952586282,187.6194090554493,179.04928458509838,180.4296417236328,26582800
2023-03-10,179.75433454300546,183.4882612531662,177.5596737209021,178.26473999023438,25665000
2023-03-13,176.7255182601782,182.50513769842044,173.60730069141576,179.64511108398438,24728000
2023-03-14,186.27878888385163,192.97204001980109,185.26586022047786,192.6741180419922,41642600
2023-03-15,191.61151389829584,196.40801028397956,189.5161502410254,196.3782196044922,42123600
2023-03-16,196.88469349861998,204.3326670795369,194.7297482942276,203.5084228515625,50447100
2023-03-17,199.16875745432947,200.49945853560095,194.07433827462287,194.2530975341797,50141100
2023-03-20,197.10318624110985,197.97708673508296,192.2967638301425,196.43783569335938,25186300
2023-03-21,201.7904236343113,202.13800178866043,196.5768422367192,200.7576446533203,31827000
2023-03-22,201.09529255545812,205.93150535957898,198.28492195719429,198.4239501953125,28477800
2023-03-23,201.432932150443,206.43797907213462,200.7477161305615,202.86294555664062,27389700
2023-03-24,203.75670358752612,206.1400644000549,202.13802084784157,204.58094787597656,27716400
2023-03-27,203.38925794851974,204.4319772692873,199.9631931685185,201.43292236328125,18527200
2023-03-28,198.76158058225792,199.63548099076047,196.52718852656108,199.28790283203125,19127300
2023-03-29,202.14793034442258,204.29295036342754,201.13500169884674,203.92552185058594,18851100
2023-03-30,201.9691860222498,206.6465049204473,201.4130730889809,206.3982391357422,22608300
2023-03-31,205.80240916140227,210.69820313423787,205.33566827660388,210.4698028564453,25440300
2023-04-03,207.39129684433962,212.00904941071065,206.75573705825332,211.5919647216797,17924600
2023-04-04,211.90973875725146,214.73997471291952,211.06562904333202,213.2305145263672,21026400
2023-04-05,212.66446195233036,213.69725608698042,208.48367468576205,210.0129852294922,19396600
2023-04-06,207.79847830477047,215.43513687339265,207.20263431297062,214.60096740722656,26104400
2023-04-10,213.22058382610507,214.16399073590577,209.19867526017546,213.2602996826172,16106100
2023-04-11,213.98524452930243,214.52150711898213,211.92961167670683,212.36656188964844,16710100
2023-04-12,213.34967229513575,215.3357984907403,211.1053551491611,212.5155029296875,18972200
2023-04-13,214.23349515104934,219.61589525507537,214.1937792949306,218.8214569091797,23310400
2023-04-14,216.3686088464835,220.5692618228154,216.04089618124604,219.9535675048828,21591200
2023-04-17,218.26533831094628,219.4470858581435,215.62380190579213,217.341796875,15481900
2023-04-18,218.38451654561058,218.91083879225266,214.71018599535682,216.37852478027344,12281000
2023-04-19,211.98919349384875,215.82241788882212,211.45293090302494,214.20372009277344,15898100
2023-04-20,211.9991090817005,215.24642970344084,211.294042757246,211.5919647216797,16475400
2023-04-21,208.7518211737734,211.9296203715316,208.12618651112626,211.41322326660156,17717200
2023-04-24,212.1977294176344,212.43607003183712,209.24834576393567,211.31390380859375,15750900
2023-04-25,209.3575652569926,209.79450028259174,205.6931600768092,206.11024475097656,19198200
2023-04-26,211.0259200488981,212.6247523316215,207.43103628335922,207.94741821289062,41992700
2023-04-27,238.22592722369822,240.0134439901391,235.12757493049514,236.9051513671875,71196500
2023-04-28,237.35201341308866,238.762161240327,234.11463306207162,238.65293884277344,39554000
2023-05-01,236.9647072896465,242.30739150873902,234.81970255318063,241.49307250976562,29143900
2023-05-02,241.49310059756277,243.22103601271516,237.33217853707353,237.5804443359375,24350100
2023-05-03,237.80883395896282,240.07301673078624,231.13544837265977,235.38575744628906,34463900
2023-05-04,234.42247432943262,236.54762876971571,231.3141819593542,231.9001007080078,17889400
2023-05-05,230.62898999634135,233.0520513390073,228.25556968851794,231.1652374267578,27000500
2023-05-08,229.81466736120282,233.98552946998953,228.67265082469316,231.65184020996094,16400500
2023-05-09,229.8544052930158,234.24374263445586,229.4770364439114,231.7511444091797,16865600
2023-05-10,234.53171137808388,235.10768979657198,229.11952049360835,231.46315002441406,19119000
2023-05-11,231.43335944398112,236.55756869790676,230.68856211589681,234.1543426513672,20449000
2023-05-12,235.09776258207017,235.31623767522092,229.84445032350018,232.18807983398438,16161400
2023-05-15,235.27651903465465,238.59334630985595,233.69755226718914,237.20306396484375,20653200
2023-05-16,234.15436516028703,237.97766453982413,233.88624900652016,237.16336059570312,18163800
2023-05-17,236.79589317705327,242.1485026802214,236.4880460405073,240.80787658691406,21193100
2023-05-18,239.62616082865472,245.37599027263568,239.5169232670551,245.13766479492188,22943300
2023-05-19,245.75331182096357,246.96484994249136,241.72147830139446,243.93600463867188,21733600
2023-05-22,243.70762529469803,251.8110240364493,243.4196285026219,246.59744262695312,27738500
2023-05-23,245.09790314444322,249.8646090911643,244.93900941053306,245.0283966064453,17748100
2023-05-24,243.57853135653195,247.85863116367986,243.2508186944588,247.4812774658203,17724300
2023-05-25,251.64218484946718,253.84678615571042,247.44153215641037,250.93711853027344,22371400
2023-05-26,251.1754390496481,260.4903756445673,250.9569791114495,260.2222595214844,25727200
2023-05-30,263.4099867418485,266.7863952138384,259.4774653594547,260.69891357421875,23816500
2023-05-31,258.19640791321996,263.16172345001263,256.6571722191666,262.8836669921875,25473700
2023-06-01,264.0555175636678,272.0993361158613,264.04560753896527,270.7189636230469,25609500
2023-06-02,270.7686349701032,273.4399775922079,269.23930904789154,270.7189636230469,19416900
2023-06-05,268.42495029713945,273.65841235642824,267.69009328325524,269.5074157714844,20742900
2023-06-06,268.26607538837465,274.6514637291308,267.81918487933905,269.2392578125,19419000
2023-06-07,269.785480795916,272.3475704025808,260.97698514947285,261.7714538574219,26163600
2023-06-08,258.81213746831133,265.79337085238586,257.0842171238647,262.7446594238281,20899400
2023-06-09,260.6592541295037,266.09131134756825,259.8846660026995,263.11212158203125,16949800
2023-06-12,265.3166493515672,269.86486445938795,263.48938680160325,269.1697082519531,15442500
2023-06-13,272.9732299782747,273.80739946841885,267.2233852968365,269.43792724609375,16164000
2023-06-14,270.00399349857275,273.08246546464875,266.45875026628784,271.453857421875,19175100
2023-06-15,270.41110852132726,282.0200202382132,269.53723832580494,279.875,25973500
2023-06-16,282.77473761942036,285.85323950718237,278.18679062357944,279.0507507324219,43127700
2023-06-20,276.79650603592376,282.8243763963911,274.30390780158746,282.3576354980469,20701600
2023-06-21,281.5631833397857,282.0299242153351,276.4290337087428,279.6863098144531,20556200
2023-06-22,277.14399478201034,283.2811468461537,275.86296539659975,282.9037780761719,17563100
2023-06-23,279.55722497559066,287.66062414590505,277.0149856640273,286.7271423339844,51092000
2023-06-26,286.69734660419147,287.7797818126023,275.674339459716,276.5382995605469,24232700
2023-06-27,280.05370022953184,287.34277885410216,278.7031188198852,285.0587158203125,26108300
2023-06-28,282.84423326201266,287.54140222706,282.08949562455047,283.31097412109375,16722100
2023-06-29,282.5264555414938,284.5821034580367,278.7428875068673,279.5770568847656,15395700
2023-06-30,282.78462624864164,287.04484464825396,282.446988469322,284.9892272949219,19694900
2023-07-03,284.71122518279316,287.3924775791837,282.87405224278217,284.0359191894531,8629300
2023-07-05,285.6545575178564,296.05192803540166,284.3734977997515,292.32794189453125,33865500
2023-07-06,293.8375405514123,296.0520525118572,289.2892932610733,289.9645690917969,47600500
2023-07-07,290.1531659549426,294.14529896689464,286.657594793173,288.5146179199219,25586000
2023-07-10,293.4997988575209,296.06191872960335,285.0587621688762,292.05987548828125,37058300
2023-07-11,291.86120314040255,298.0976374293104,289.87507718462456,296.22076416015625,27585900
2023-07-12,299.6568071198081,307.30340553817604,298.01825897469564,307.19415283203125,36677100
2023-07-13,311.4444661763027,314.0462868298362,308.1375791585091,311.2359313964844,30281000
2023-07-14,309.6271439820355,312.69570524056013,305.2278515366638,306.7273864746094,23054100
2023-07-17,305.4066800417555,309.54773681822905,302.5962940761703,308.4653015136719,25323100
2023-07-18,308.72347853869013,312.02045548737846,305.4860829548435,309.8853454589844,20731900
2023-07-19,310.8585322289493,316.46933252480835,308.3659342202433,313.81787109375,21763700
2023-07-20,311.32529185234506,313.35114912707894,300.12354093668733,300.42144775390625,23836900
2023-07-21,302.45725946043933,303.34106992998585,289.1800096167301,292.2187805175781,42139300
2023-07-24,293.7282143136056,295.45613447918595,286.30009111687883,289.5871276855469,24915700
2023-07-25,293.1422832172786,296.23069474608803,289.835366300053,292.4272766113281,19585600
2023-07-26,299.1006606584719,299.6766238894275,289.8750964937067,296.49884033203125,47256900
2023-07-27,322.86467915054084,323.0930945799738,307.690675775202,309.5476989746094,64229200
2023-07-28,314.68181979529624,323.9371745671294,312.07005916085666,323.22216796875,39220300
2023-07-31,321.4445798465396,323.40091525977414,315.3868892035892,316.389892578125,25799600
2023-08-01,315.33722538760486,321.8914470800485,312.47719917229296,320.4713439941406,22817900
2023-08-02,315.794074554509,316.1813837210688,308.49505450598787,312.1296691894531,20461100
2023-08-03,307.7800604286639,313.7583200966404,307.7800604286639,311.0174560546875,15180200
2023-08-04,312.775192593197,316.20127292650494,308.0482321333323,308.5745544433594,17612800
2023-08-07,311.05715748858296,314.87051605492724,308.3063533786406,314.3640441894531,16236500
2023-08-08,312.2190842136099,315.68489561378465,307.95883432440326,310.4713134765625,15183500
2023-08-09,310.70958057750164,311.4543778857234,300.749159121118,303.0927734375,19955800
2023-08-10,305.8038611045428,310.1733327929032,301.7620869128098,303.6191101074219,14358900
2023-08-11,300.4711183412435,302.60619800831466,298.2764270049962,299.5475769042969,14046300
2023-08-14,298.8921889735428,304.0858903940154,296.1811153811423,304.0660400390625,15641900
2023-08-15,304.0163444248996,305.09877954029145,297.9487132756446,299.85540771484375,11623600
2023-08-16,298.11754145231623,298.9914114844194,292.2385948278113,292.24853515625,18547700
2023-08-17,291.0171397972553,293.9963292043832,282.9733526427155,283.11236572265625,23950100
2023-08-18,277.0944282615069,283.7082329242501,272.4766903630633,281.28515625,35347900
2023-08-21,281.4837682910043,288.4848515328741,279.8948611542594,287.8890075683594,20181500
2023-08-22,290.5205940494777,290.8681721911875,284.7608402658425,285.6049499511719,12980200
2023-08-23,286.49877028386,295.33702784669055,285.6745410557622,292.1989440917969,18287000
2023-08-24,296.42932474789876,297.3826568041552,284.65161134996356,284.7608337402344,18360900
2023-08-25,284.1451964726094,286.38952914630624,274.1152514487264,283.5195617675781,23701400
2023-08-28,286.0021582885092,289.4282379320253,283.81740745700915,288.2464904785156,14239300
2023-08-29,286.57815408473397,297.074838985224,286.1809348809312,295.9228820800781,20844500
2023-08-30,295.1085960366547,296.2208219398968,291.39451916689933,293.0529479980469,17717000
2023-08-31,293.7480610282445,299.0113137881702,293.6090479494358,293.83746337890625,17229900
2023-09-01,297.2933153323232,299.646870188194,292.42731187722154,294.3240661621094,12842300
2023-09-05,294.95963926885355,299.2993511822049,293.46013435072877,298.06793212890625,14956000
2023-09-06,299.61702368027,301.1959901842422,293.6090047641939,297.09466552734375,15418100
2023-09-07,295.93280942459444,304.92001852805595,290.1929058097352,296.5981750488281,33748700
2023-09-08,297.144338453534,303.13250766294516,294.72126209393633,295.8235778808594,17548000
2023-09-11,299.319151179612,306.89622744540156,299.190048128287,305.4264831542969,19489300
2023-09-12,304.20500095756546,306.51885491283224,298.1473403944411,299.5674133300781,13480400
2023-09-13,300.26256497984866,305.04913672382065,299.22980110519165,302.94384765625,13210900
2023-09-14,304.61218228599614,310.6996642714737,302.9140527776012,309.5576477050781,19343100
2023-09-15,309.44840865844526,309.83571785258516,296.67763047583276,298.226806640625,28131100
2023-09-18,296.1215524370896,301.494028609992,295.73424319726615,300.4512939453125,14234200
2023-09-19,300.3817360880637,304.0461413355526,297.7302442880401,302.9537658691406,15924400
2023-09-20,302.93390184979273,305.92303162981295,297.3528917945429,297.59124755859375,19379500
2023-09-21,293.64879818364386,298.17716391757523,291.23563159307656,293.6785888671875,21319600
2023-09-22,297.223785161248,303.261626013211,296.20093134106725,297.00531005859375,25369600
2023-09-25,293.58919436823385,298.86235709344436,291.6626494973639,298.7431640625,18987000
2023-09-26,295.5951993800877,298.21687050123535,293.95665114113496,296.88616943359375,19417200
2023-09-27,298.3658446206744,299.20992407915827,284.80059794210763,295.67462158203125,36429800
2023-09-28,296.8663347859658,304.20505655333676,294.64188277083076,301.85150146484375,22167100
2023-09-29,305.2477791028233,308.48517491583306,297.2833926385552,298.12750244140625,25373700
2023-10-02,300.63993566847256,305.0491385865239,299.53765009190124,304.691650390625,16265600
2023-10-03,302.14939381555854,304.64196163237807,297.561447061845,298.8524169921875,17362300
2023-10-04,296.65774717044013,304.7710556276171,296.429331750097,303.460205078125,16880500
2023-10-05,302.5167959756038,304.0858222299616,297.42237777774886,302.6756896972656,19130000
2023-10-06,299.3489685961365,314.1158132926194,298.8226463208752,313.2419128417969,21803900
2023-10-09,310.33224509730616,318.1079164958756,309.6569694053864,316.1515808105469,22503700
2023-10-10,316.9063193123349,322.40789785267475,315.9529871386854,319.6074523925781,19038000
2023-10-11,320.7693282869798,326.55887294556385,320.70974692421356,325.54595947265625,22036300
2023-10-12,325.7246743221075,328.24706290768694,320.45151204947297,321.91131591796875,20530500
2023-10-13,321.28572429519977,322.7951693946369,310.20313574623543,312.5070495605469,21341000
2023-10-16,316.42964290324574,319.58757630951493,313.3312605530342,318.9222106933594,16536100
2023-10-17,315.9728369140066,322.1496911366315,315.0989364623092,321.7524719238281,16387800
2023-10-18,319.16053097814495,323.67895548967334,313.370956737509,314.77117919921875,16851000
2023-10-19,317.6610080881102,319.6570744838491,309.58740077470026,310.6400451660156,18709200
2023-10-20,311.9608480064677,313.112774500893,304.344040909114,306.5089111328125,22312300
2023-10-23,307.35300219253065,315.15846291948395,305.12855074368696,311.83172607421875,17796800
2023-10-24,314.58256529909806,316.141681826323,308.4752325634926,310.38189697265625,19525500
2023-10-25,307.84958205293754,308.723482489642,296.76699346232584,297.45220947265625,42192500
2023-10-26,292.95359454940296,292.95359454940296,277.46180518324184,286.3497314453125,66684100
2023-10-27,292.43726912288247,297.23375116036493,290.93773395671207,294.6716613769531,29596300
2023-10-30,297.015243248038,307.2537215329918,296.97551223781545,300.56048583984375,28435100
2023-10-31,301.20597199311294,301.5734004979503,294.8007027575976,299.18011474609375,19434200
2023-11-01,299.7561059558693,310.57054746980504,299.7561059558693,309.6867370605469,20434600
2023-11-02,315.0989201697946,316.60839552863507,306.1911426491428,308.7135314941406,21631800
2023-11-03,310.3818963136612,313.3610859643028,308.8625108040693,312.4176940917969,16764300
2023-11-06,313.788118889779,316.1217931505225,312.2687334154871,313.6093444824219,12887700
2023-11-07,314.86062795752827,318.7732995414801,312.9340828504703,316.6084289550781,14055600
2023-11-08,315.9331292322415,319.1009728408857,312.69573362289094,317.5617370605469,13609700
2023-11-09,317.2042495782576,321.9312096368401,316.588524958862,318.3263854980469,16103100
2023-11-10,317.7206153955323,326.81707716443447,317.24393419027814,326.4893493652344,19096200
2023-11-13,323.9371842361514,330.02463537350303,323.44065270317503,326.90643310546875,16908900
2023-11-14,332.21930963664073,335.75461154677186,331.0176815678501,333.9770202636719,17179400
2023-11-15,335.58579853385356,336.05253939255226,327.7306659534748,330.4020080566406,14531200
2023-11-16,327.0851635671059,332.259013439682,324.11591482140085,331.8717346191406,18932600
2023-11-17,327.9690708551846,333.1727124637397,327.0653796824367,332.7159118652344,14494400
2023-11-20,332.5669165974887,339.4984776499727,331.87176030410876,337.6116638183594,16960500
2023-11-21,335.983036522229,337.5421529147705,333.56990038195556,334.6424255371094,12027900
2023-11-22,336.85694150534493,340.5412275998249,336.2313068739848,339.1211242675781,10702700
2023-11-24,337.77057245981536,339.4885523054197,334.4338645325488,335.8837585449219,5467500
2023-11-27,333.84794886953887,337.5421448490172,331.8817033085443,332.37823486328125,15684500
2023-11-28,331.0872690473393,337.02579796930206,331.0872690473393,336.63848876953125,12637200
2023-11-29,337.3336016539062,337.5421364160391,328.4854059328464,329.89556884765625,16024500
2023-11-30,329.58772438421056,331.18654141664064,320.16353502645495,324.8805847167969,23146400
2023-12-01,323.2222283416098,324.592630130751,318.534968722478,322.5668029785156,15276400
2023-12-04,315.08900590564207,318.6342182124183,311.4841819302408,317.800048828125,19037100
2023-12-05,316.76727772927734,319.6471546506567,313.20218484619875,316.0820617675781,16952100
2023-12-06,319.69682854269684,320.01461603995,314.8407652561851,315.2479248046875,11294300
2023-12-07,315.5656987672494,325.963072230868,315.5656987672494,324.32452392578125,15905100
2023-12-08,320.84874889366245,330.85884177416375,320.7593768526073,330.4417419433594,14087400
2023-12-11,327.1150364460528,327.6016580583921,317.78024773015665,323.02362060546875,25802500
2023-12-12,322.3482881257028,332.1498160678182,322.3085571160803,331.90155029296875,18485500
2023-12-13,331.61352908803747,336.0227313491347,330.33249960438513,332.41790771484375,16353300
2023-12-14,331.5341318558429,332.3782415771225,326.3602814366217,330.8588562011719,19607300
2023-12-15,329.6869517585077,336.3106948226453,328.9223042140868,332.5966491699219,31776900
2023-12-18,335.138945860617,345.1490085729094,334.682115014434,342.2294006347656,18993900
2023-12-19,343.18281543318403,351.14720280949973,342.7260147827913,347.9296569824219,17729400
2023-12-20,346.23145156558394,352.49767744349367,345.37743182713814,346.8570861816406,16369900
2023-12-21,350.53144247490695,353.9376418145249,346.787574994267,351.63372802734375,15289600
2023-12-22,353.1133790344546,354.72216678296945,348.7836382780297,350.9385986328125,11772800
2023-12-26,352.5274545211747,354.5036706665009,350.99815919191883,352.3685607910156,9898600
2023-12-27,353.59997739376473,356.50964493837427,352.84523975673784,355.3477478027344,13207900
2023-12-28,357.2048130452383,359.38953370527474,355.32790921917086,355.8343811035156,11798800
2023-12-29,356.4997453113809,357.5027488323767,349.3794992017642,351.504638671875,14987100
2024-01-02,348.8829543501039,350.71018691578075,337.65141250884125,343.8878479003906,19042200
2024-01-03,342.5869162104764,345.5363148044209,340.79938446227584,342.0804443359375,15451100
2024-01-04,342.1102764024705,345.7349510637001,341.0179008085137,344.71209716796875,12099900
2024-01-05,344.5829605689194,351.04781114531914,343.8580438907482,349.5085754394531,13920700
2024-01-08,352.2395060594666,356.4898150644595,349.60786450736515,356.1720275878906,13890200
2024-01-09,353.92767724109865,358.13828532721635,352.89488314761167,354.9505310058594,13463900
2024-01-10,357.671577377967,370.35298322336445,356.58911184712105,367.9001159667969,22117200
2024-01-11,369.54857861141966,370.19406356936474,360.41238591073494,367.10565185546875,17205400
2024-01-12,367.59226177945345,374.44439150060066,366.97656747114235,371.8922119140625,19310000
2024-01-16,371.05801257675466,373.00440772159226,364.68256459513566,364.91094970703125,15306900
2024-01-17,363.758988413489,365.9834702860252,356.12233102281436,365.81463623046875,12724800
2024-01-18,368.9130159917957,374.2358501785285,368.37678371670535,373.5208435058594,16354300
2024-01-19,376.3709265262171,381.69373035981744,375.3480727138561,380.7900695800781,21670800
2024-01-22,385.25883486628504,387.6421802024165,378.51592805242285,379.1316223144531,17680500
2024-01-23,381.9519604782741,385.6858877821844,379.42957148217187,382.5279541015625,15506100
2024-01-24,387.2945898357956,393.401921537415,385.1197793299396,387.98974609375,15698500
2024-01-25,387.4634458217214,392.7465185188865,382.9847215109349,390.4525451660156,15091100
2024-01-26,391.6144796109066,394.0375562472737,388.8736154766164,391.40594482421875,13163700
2024-01-29,392.2499898127957,400.13491336467393,390.3731162858589,398.2381591796875,18742400
2024-01-30,400.7903320803033,403.54110595161325,396.79822933650826,397.2848205566406,18614700
2024-01-31,386.30157872571164,395.23914738517544,384.41476473655706,387.4336853027344,20180800
2024-02-01,391.20730397034777,397.7217958803975,390.32346321045657,392.0414733886719,29727100
2024-02-02,456.4118123081212,482.5889413919977,449.86753003715205,471.6950378417969,84707600
2024-02-05,466.6204856916062,468.6264622065812,456.034429603673,456.2231140136719,40832400
2024-02-06,460.7812985876426,463.879650746446,449.8576040090562,451.565673828125,21655200
2024-02-07,454.82289153063925,468.24909348841373,453.0155094480888,466.3324890136719,23066000
2024-02-08,465.07131581521656,467.32555813022316,461.8041297477829,466.7396545410156,18815100
2024-02-09,469.6692146200597,470.30475925765757,464.227217813574,464.8627624511719,18413100
2024-02-12,464.9422419936449,475.82620571090297,463.34339455149507,465.6473083496094,19382000
2024-02-13,453.7007370395461,464.64431187911475,451.93308592056786,456.9281921386719,20916600
2024-02-14,464.6839937366196,470.82111621817603,462.85676132977494,469.99688720703125,16858400
2024-02-15,471.9830605741492,485.23051957889754,468.94428970905085,480.67236328125,24212300
2024-02-16,474.7934022206939,475.6375119489184,465.9551463563073,470.0366516113281,23324600
2024-02-20,466.46159170236916,472.87677072112166,463.3235087291464,468.4775085449219,18015500
2024-02-21,463.7554917524033,466.2407837767999,459.0732100730906,465.2764892578125,12921800
2024-02-22,477.41462669114475,487.1072651737646,473.25922588434,483.2699890136719,21625800
2024-02-23,485.1787118236024,491.45158665950396,479.5122640361267,481.182373046875,18374300
2024-02-26,480.6256863855537,483.2799917884191,477.7725758106708,478.9058532714844,12101400
2024-02-27,477.1561876658758,484.40327721976644,477.0965430855337,484.1845703125,10809600
2024-02-28,482.1466391666725,488.16103356126894,479.90987640765184,481.1723937988281,12715500
2024-02-29,485.5664001835374,488.8072305793803,479.77068239389234,487.2464599609375,17732000
2024-03-01,489.2147662749882,501.28335786141463,488.95631655672304,499.3448181152344,16273600
2024-03-04,500.040763224294,501.45242246523446,493.49948786126953,495.2590637207031,12324100
2024-03-05,492.0878145767347,492.6643889703307,485.0196587114357,487.3359375,15325300
2024-03-06,494.7023350451915,500.0109149772021,491.3819886609617,493.17138671875,11757900
2024-03-07,500.3190822784107,516.7915739517953,498.430266500058,509.1766662597656,18586400
2024-03-08,511.1649631248428,520.4897843529259,496.41227220356205,502.97344970703125,18597100
2024-03-11,494.0859947316571,494.3941685090311,473.199591298322,480.74493408203125,20428300
2024-03-12,490.3580671035689,499.3548120932543,481.87825193306827,496.80987548828125,15448200
2024-03-13,492.47554623392085,498.032655619547,488.1411811210766,492.65447998046875,12090700
2024-03-14,497.31692129542745,498.400505056674,485.28810095083196,488.9364929199219,12620000
2024-03-15,486.1331011230377,488.93648764423443,478.4684381990813,481.2519836425781,29153600
2024-03-18,489.01597315025106,494.4935661399137,483.94597166783353,494.05615234375,11755300
2024-03-19,485.2980263600341,493.7082462490932,478.4485468375205,493.3205261230469,10903100
2024-03-20,496.5613264063082,505.21015443688776,492.25681414275317,502.5458984375,11711100
2024-03-21,511.68185921058966,512.0098740545075,503.03303126628924,504.7727355957031,9712500
2024-03-22,504.0172232261066,506.9697513685857,501.37286886802445,506.58203125,8120600
2024-03-25,502.81433078593295,504.2359104892771,497.2969644965207,500.06060791015625,8380600
2024-03-26,502.158224751726,506.9995687205203,492.2965727329748,492.97259521484375,11205400
2024-03-27,496.362495999964,496.94905159749567,485.1985839795798,490.9544982910156,9989700
2024-03-28,489.9405339648192,489.99025800905156,482.2957731289916,482.7232360839844,15212800
2024-04-01,484.33368069090426,494.50347537416116,478.94555469115943,488.4592590332031,9247000
2024-04-02,482.2460757075962,494.60294050567774,481.79871100314176,494.4438781738281,11081000
2024-04-03,495.99470843998273,504.25581696566337,495.815774689645,503.7587585449219,12099200
2024-04-04,513.3817659558945,526.8818886970938,507.5761276530795,507.9141540527344,26476300
2024-04-05,513.8191641240741,527.5777665151929,511.38356597372723,524.237548828125,19263300
2024-04-08,526.1662118700644,528.363171344258,515.837322914807,516.1951904296875,13260600
2024-04-09,519.1575460910624,522.7761454501457,503.7586880786701,513.8589477539062,10863800
2024-04-10,506.2937294481195,519.4856478339971,502.8242413515318,516.771728515625,11418500
2024-04-11,518.0442258786559,520.778047262265,514.2466921664769,520.0821533203125,10369500
2024-04-12,514.7039249844655,517.1295721762829,506.333448963844,508.8883361816406,11984500
2024-04-15,513.6800255378373,515.4794352711156,494.3544220379405,497.2870788574219,13512900
2024-04-16,495.1794768031054,501.8002979588637,494.18536005908226,496.8197937011719,9847900
2024-04-17,500.1401507465026,500.19979532538446,484.2740556651734,491.2626953125,12193700
2024-04-18,496.87947694788414,509.1965989271546,496.1040670407221,498.8478088378906,14808700
2024-04-19,499.8418833789234,499.8418833789234,472.93116635713545,478.23974609375,25215400
2024-04-22,486.8388571664129,489.11539302390713,470.6148644871972,478.8958740234375,17271100
2024-04-23,488.35986304921715,495.8256896968282,486.0932780281285,493.18133544921875,15079200
2024-04-24,505.0709875978213,506.99957664976733,481.72911381389923,490.5966491699219,37772700
2024-04-25,418.9207710665425,443.14739017723923,412.06137190817486,438.7832336425781,82890700
2024-04-26,438.8628170424118,443.8135298876652,429.41870694726816,440.68206787109375,32691400
2024-04-29,436.97397149750554,437.1728069896792,426.0386868647591,430.0747985839844,21502600
2024-04-30,428.5140490387037,437.0336375847917,427.19188699859626,427.6392517089844,18429500
2024-05-01,426.0784473398745,447.3127666683678,424.5971927447846,436.60614013671875,20344900
2024-05-02,436.2581939843876,441.34806692594435,429.7367904857635,439.08148193359375,15221300
2024-05-03,443.30647212359105,451.49801471944727,441.2387226459596,449.3009948730469,16489100
2024-05-06,452.89972179422654,463.41749460646207,450.67290985368646,462.9403076171875,15094600
2024-05-07,463.54671998178384,468.75588217992066,458.59600751554564,465.4852294921875,13406800
2024-05-08,460.7731714847008,472.78208998393586,460.27611304728475,469.81964111328125,11683900
2024-05-09,467.2348900216278,473.2791067395544,464.8788380898599,472.6230163574219,9437700
2024-05-10,474.2832162605614,474.6908078198825,466.8372905748682,473.3984680175781,10750000
2024-05-13,469.96872632982064,470.56520248901546,460.12697588623786,465.2566223144531,14668800
2024-05-14,460.64391394438604,469.75997868916056,457.3732610557371,469.07403564453125,10478600
2024-05-15,472.1855971099574,479.66134434257765,468.4278369108054,478.7070007324219,13100500
2024-05-16,472.2054681039629,474.8796446556367,469.9687053603125,470.4458923339844,16608200
2024-05-17,468.060003849129,470.0184151764491,465.6642090368279,469.1336669921875,10807300
2024-05-20,467.18524210961726,470.4161219849589,464.2923583345159,466.0817565917969,11745100
2024-05-21,464.37182544918653,467.93078051111434,459.55035299827114,461.896484375,11742200
2024-05-22,465.11745149618025,470.93304120806755,462.9105108484193,465.0279846191406,10078600
2024-05-23,470.097969417188,471.5692429029614,458.824688253689,463.03973388671875,11747900
2024-05-24,464.8688807910191,477.0269398531673,463.556639368811,475.4065246582031,12024300
2024-05-28,473.7762110460061,478.03103009437024,472.0464573766832,477.0965881347656,10175800
2024-05-29,471.86746709937256,477.02693553440264,470.91312350005967,471.5692138671875,9226200
2024-05-30,468.8950912608571,468.95473584268626,461.9760163883006,464.30224609375,10719600
2024-05-31,463.05961798385624,466.3600932168862,451.7863365116036,464.08355712890625,16919800
2024-06-03,468.08978738058096,476.7783882019674,465.4852064106632,474.6807861328125,11279400
2024-06-04,474.1937277319372,476.0726231021899,470.4459182059382,474.18377685546875,7088700
2024-06-05,481.59989624411645,493.72810301008064,481.06306467707714,492.1474609375,15690500
2024-06-06,490.07969267755135,499.8617979835521,488.00199228373344,490.8551025390625,10667300
2024-06-07,492.99247117957646,495.97482161134235,487.28625039496967,490.059814453125,9380700
2024-06-10,490.95452567185265,499.70277202447545,490.5071912988335,499.64312744140625,11220900
2024-06-11,497.2174749867736,504.6137065941105,495.3385796246827,504.4844665527344,9673700
2024-06-12,510.96610064522395,510.9860023982034,501.50211932861663,505.8464050292969,11983200
2024-06-13,502.7347908052071,506.36331100254307,498.4103767232153,501.13427734375,9954600
2024-06-14,500.1889118858626,504.6668789222054,498.29822076637157,501.6915283203125,10243300
2024-06-17,499.2137382202111,508.2492673895921,493.5814470509708,504.1494445800781,11266600
2024-06-18,502.08955596287245,503.522507821699,492.5962574901857,497.04437255859375,13060400
2024-06-20,499.5421103029458,501.2039470199272,494.3377064682487,499.24359130859375,11801200
2024-06-21,500.9850156207208,500.9850156207208,489.97917012403093,492.3574523925781,22359200
2024-06-24,496.75584325197343,505.31371188112524,491.86987981067074,496.4672546386719,13525300
2024-06-25,494.6163313992583,508.2094529447459,493.07393265728075,508.1000061035156,12063200
2024-06-26,504.1693431011828,511.294290079205,502.20898736583194,510.607666015625,8882300
2024-06-27,511.7321146820941,520.3198650922028,511.3838526564667,517.01611328125,10121200
2024-06-28,514.6179980416158,519.3248199785614,501.37313740335526,501.75128173828125,15855100
2024-07-01,502.4776818397667,504.0996755435027,490.75536015325986,502.208984375,10328200
2024-07-02,498.30820385105653,508.00050544177236,497.0046202626273,507.0054016113281,7739500
2024-07-03,503.89071570148445,508.776679094368,503.542423291387,507.463134765625,6005600
2024-07-05,509.09512300088096,538.2218010293692,509.09512300088096,537.2664794921875,21354100
2024-07-08,539.6946280782491,540.1523977816078,524.0715439259956,526.7284545898438,14917500
2024-07-09,531.1366686551077,534.8483865011414,525.6038937960874,527.405029296875,8753200
2024-07-10,528.1910320115911,536.2414470734433,525.772937487705,532.0719604492188,10983300
2024-07-11,528.2906998418636,532.8383317448535,505.8809416050376,510.18975830078125,16458300
2024-07-12,495.32290900460265,505.6023185565317,491.81019357981927,496.4274597167969,19750500
2024-07-15,496.18862053037293,504.19919410028524,490.95436474146356,493.730712890625,12539200
2024-07-16,499.0445951724543,501.482611822555,483.4115217410242,487.3919372558594,14075800
2024-07-17,476.8239032636759,476.8239032636759,456.87205376676457,459.7279968261719,28076600
2024-07-18,472.67429731168903,476.8935276372503,462.2655202360778,473.5201416015625,19267200
2024-07-19,473.7290992026768,484.3269482993647,473.3808068088941,474.4555358886719,15149400
2024-07-22,484.19761839377304,489.6507984290717,481.5307473618028,485.01361083984375,12023100
2024-07-23,487.4416350090635,492.7952982379557,485.3320198411337,486.2972717285156,9455500
2024-07-24,469.9975217485186,473.9679766015823,458.3249420399487,459.0115661621094,17649700
2024-07-25,460.99181179623156,461.28037004297926,440.4827059887369,451.1900329589844,18240500
2024-07-26,461.9272051107502,467.4699103049838,457.1706100687651,463.41986083984375,14222400
2024-07-29,467.57937523258846,471.63938534707097,462.74315500593724,463.4297790527344,11339600
2024-07-30,464.7134928556887,470.41544878621977,454.4639354603108,460.9221496582031,11390400
2024-07-31,468.7137838808179,474.166963671529,464.46470156072644,472.505126953125,24285800
2024-08-01,518.4491036879097,524.5888774106356,489.6906086164732,495.302978515625,43083100
2024-08-02,486.6057747203378,498.6962802271807,473.81868438258266,485.75,24044700
2024-08-05,449.1401205576873,481.11281153240685,448.5927952293006,473.4007568359375,21396200
2024-08-06,476.6546653958678,500.0993057988302,476.30637303228167,491.6707763671875,20955000
2024-08-07,500.6665697776355,507.6521873819174,484.47621183859076,486.5261535644531,20105300
2024-08-08,495.0641514061811,507.4631365242445,492.2977639959644,507.134765625,16156800
2024-08-09,505.22421179778416,515.8022018845128,503.22407353299633,515.2349853515625,13696600
2024-08-12,514.3293458773064,515.4837003209536,506.60736088372124,513.423828125,9767400
2024-08-13,517.46388442956,528.8976162175638,515.6130061254378,525.9520874023438,13743800
2024-08-14,525.474592232972,531.3855121572074,520.5687370214526,524.1809692382812,11444200
2024-08-15,529.186243628135,537.1272134882921,524.1211991482853,534.6991577148438,13482100
2024-08-16,529.2958145095787,531.0471464404519,522.0912109038183,524.8377075195312,14776700
2024-08-19,524.2903035676547,529.0568286256623,520.2004417656934,526.6885375976562,9879700
2024-08-20,525.7630030379831,528.4896381293336,523.3051261111399,524.1509399414062,7944400
2024-08-21,524.5690033025425,536.759025104398,524.3500488791344,532.5397338867188,13423300
2024-08-22,534.3708067373781,541.5653886662076,526.0020094675776,529.3256225585938,15708300
2024-08-23,534.2911036177962,537.2266719109294,522.4891873843347,525.414794921875,11323900
2024-08-26,525.0167963537939,525.4148622106036,512.4287683884583,518.5685424804688,9584000
2024-08-27,516.4388809932385,521.4442815851747,512.7868675462582,516.5582885742188,6282700
2024-08-28,515.1353520558432,518.5386506823367,509.9409395253756,514.249755859375,9106100
2024-08-29,516.5086314086758,524.6187519270367,513.1551363566217,515.6826782226562,8317400
2024-08-30,518.797350646977,520.9766304354436,512.677498614824,518.757568359375,9157500
2024-09-03,517.0957563465828,522.9170893173817,506.12969296841686,509.25433349609375,12459100
2024-09-04,503.5921671144299,514.0606781053099,501.6019595944186,510.2294921875,8335200
2024-09-05,509.2145278610141,519.0760103589896,508.6473113953943,514.329345703125,8640900
2024-09-06,519.324796934376,522.0115894499307,495.8104883337226,497.8205871582031,14744500
2024-09-09,503.6817688622659,508.826438765725,499.6217281440494,502.3184814453125,11047800
2024-09-10,505.67197656424986,511.66249081468396,497.5817773967797,502.3184814453125,9899000
2024-09-11,504.52759727884006,510.6076670397068,493.1734590533484,509.323974609375,10782500
2024-09-12,514.5184246686891,524.1311617071216,512.6973676482601,523.0265502929688,11970500
2024-09-13,517.7923785867389,524.9969209454283,514.5781517601987,522.0513916015625,10321400
2024-09-16,522.469676680895,531.9919419852342,515.3579036757625,531.1752319335938,9527600
2024-09-17,535.4781635235854,539.9604028191319,528.4759413037808,534.2032470703125,11690800
2024-09-18,534.9503115622812,542.0521759030291,531.7928398690025,535.8268432617188,10323500
2024-09-19,547.8291908534814,559.8515587553402,544.3629456091518,556.8932495117188,15647000
2024-09-20,557.7897520081747,562.2719910868118,554.1043432735547,559.1343994140625,22066800
2024-09-23,567.2521875320701,571.7144855496283,560.1901449624024,562.1822509765625,12830700
2024-09-24,564.4434434938287,565.509227757349,552.00274823687,561.106689453125,12993000
2024-09-25,561.8236989002396,574.6030762858749,561.4949843782488,566.06689453125,16543400
2024-09-26,573.457566746547,575.1210190066828,560.1303729170586,565.5987548828125,14400800
2024-09-27,567.8499035731115,568.587034006437,562.2820002439122,565.1207275390625,9398400
2024-09-30,565.4593818880203,572.4118133775064,562.5708034533277,570.1806640625,12792300
2024-10-01,575.6987520585425,580.7387783195545,567.8498487564399,574.1947021484375,15259300
2024-10-02,572.5911523592456,573.7266676462524,567.0929798010694,570.5492553710938,6524700
2024-10-03,567.8997835788119,581.0576080745672,566.4853441949952,580.469970703125,11581000
2024-10-04,581.4260603106362,594.4942722022978,579.1351503249019,593.587890625,14169500
2024-10-07,595.8588807132597,600.5702534093805,581.7348544719052,582.4719848632812,12014200
2024-10-08,587.3624840287788,591.2172041966629,583.6571353312996,590.5498657226562,7857400
2024-10-09,591.6456279911163,592.0440735871042,579.3144845647184,588.1793823242188,9529700
2024-10-10,585.2509246510792,587.900399135785,580.2208686773732,581.5256958007812,7740400
2024-10-11,582.5217341395787,588.8765575917819,580.4101064940337,587.6215209960938,8587100
2024-10-14,591.8746503066451,597.731447461574,587.631515121897,588.0896606445312,8252000
2024-10-15,587.8307163787997,588.2789524674469,577.8503048821323,583.9561157226562,9564200
2024-10-16,579.1053401086986,579.7826489722071,571.7644330744417,574.5134887695312,11268400
2024-10-17,581.0277187741455,582.6611997864444,572.9298015535481,574.6529541015625,8701200
2024-10-18,578.8064328711839,581.6651004084903,572.9795465460454,574.1947021484375,7694300
2024-10-21,573.7565147335716,574.9617001148115,566.8637832891501,572.889892578125,8171900
2024-10-22,572.0233288655415,581.2269108333847,569.8619106006562,579.712890625,8544500
2024-10-23,577.6808610458894,582.6910370930768,560.2798433587277,561.4651489257812,14248400
2024-10-24,564.8916036624881,566.6346966004356,559.3037603206038,565.5390625,7184700
2024-10-25,571.6647355552979,578.9956716161158,569.463436367779,570.9874267578125,11337900
2024-10-28,579.7029839727812,581.4460771376479,571.8540796011549,575.8781127929688,10925100
2024-10-29,577.860233390468,591.3268300347977,573.128981140023,590.9384155273438,13019100
2024-10-30,598.6079938865262,598.8271571893389,587.0538018330492,589.4642333984375,26864900
2024-10-31,582.6911348906162,587.5718199962945,560.7879342651435,565.3399047851562,26838400
2024-11-01,565.3697448899991,571.4058248782926,560.339688365465,564.9215087890625,15303200
2024-11-04,561.8734641646195,566.445374112341,555.6880140400102,558.4669799804688,12064600
2024-11-05,565.0609576479214,571.2165590136462,564.4334392801001,570.1707153320312,9775400
2024-11-06,560.5288934332871,570.7384379160791,552.9787937592303,569.7921752929688,18305400
2024-11-07,574.6130802295621,592.4523642769371,572.9397183378987,589.3646240234375,14653700
2024-11-08,589.2051840334042,590.759024319344,582.2129331438006,587.013916015625,9415700
2024-11-11,584.0456980456348,584.6831866387249,574.2345990441023,580.8682861328125,10209100
2024-11-12,586.2171295500698,597.2932362914636,578.0893621721831,582.5118408203125,16287700
2024-11-13,580.3104381986861,583.3285080451261,572.899801262269,577.7107543945312,10757600
2024-11-14,574.7226772857438,578.4678469202681,570.7484348770021,574.8820190429688,11053700
2024-11-15,568.965368719872,570.3100767540825,549.3232326292208,551.89306640625,17712900
2024-11-18,554.8414482862169,557.690206619492,547.9189272359731,552.2119140625,14327300
2024-11-19,549.6818763732618,559.2141123072212,548.4268396780825,558.87548828125,9522400
2024-11-20,560.7081596102355,564.1146441614266,552.012635573936,563.2879638671875,9797300
2024-11-21,567.27222943096,567.7503155056431,546.8829891189956,560.8676147460938,11154700
2024-11-22,561.325795612175,561.6047197027932,552.4011974206409,556.9332275390625,9164000
2024-11-25,559.8815086561405,570.3301583372638,554.1940834953002,562.879638671875,13599800
2024-11-26,563.7660872296004,575.2206985425693,562.9692568623328,571.2763061523438,10356600
2024-11-27,572.62091303625,572.7105237597915,561.8734624592141,566.953369140625,7200200
2024-11-29,566.7542733482691,576.1769585485704,564.6625859365694,572.0532836914062,7130500
2024-12-02,575.2206623708795,592.1535649861262,573.2982871928123,590.4901733398438,12522400
2024-12-03,592.6515529773995,611.7757833163611,588.9163541140966,611.2279663085938,14907200
2024-12-04,610.5407730504924,615.3417566258435,602.7117489296108,611.3575439453125,14697000
2024-12-05,614.6444684702592,617.453345528134,604.6540266228751,606.526611328125,8081200
2024-12-06,607.6920148593949,627.3043042136323,606.1282648810326,621.30810546875,16935500
2024-12-09,621.4574408246348,623.9276938833166,603.7774980807178,611.1483154296875,11426000
2024-12-10,615.1226080382442,623.1209443670939,610.3216243479825,616.8756713867188,10938900
2024-12-11,620.909669634273,635.880378199676,619.0769658169937,630.1829223632812,10837200
2024-12-12,629.007573636922,634.1471812183523,624.7345274454173,628.3003540039062,7474700
2024-12-13,624.7444306032417,628.5892419845969,614.455245285517,617.9015502929688,8453300
2024-12-16,627.999656702773,629.1660226489364,616.6355287775485,622.2777099609375,10885600
2024-12-17,624.2016843799404,630.3822075101276,614.6019503899752,617.4928588867188,12897800
2024-12-18,619.0479587782994,625.387952256149,594.4455447869857,595.3128051757812,17075500
2024-12-19,608.4712976770209,609.5977504710141,593.1296604292414,593.6978759765625,14958100
2024-12-20,588.723602198965,601.2141840625833,578.1768420780382,583.4103393554688,48989400
2024-12-23,587.746636194458,599.2005698155671,584.4071908696653,597.9644165039062,10205800
2024-12-24,600.8253211686514,606.0787743995681,597.3961932142544,605.8395385742188,4726100
2024-12-26,603.576678438532,604.3941081026211,597.0572585697707,601.453369140625,6081400
2024-12-27,597.5257935657311,599.9581261267912,587.9460161502445,597.924560546875,8084200
2024-12-30,586.8993065979166,595.0635643540043,583.7392883016993,589.3814697265625,7025900
2024-12-31,590.4083164544484,592.102924110321,582.0147395278991,583.6695556640625,6019500
2025-01-02,587.866169129129,603.0084213639393,585.9721783393792,597.3562622070312,12682300
2025-01-03,602.8590273821567,607.5841180897974,594.5352379868413,602.7294311523438,11436800
2025-01-06,609.9068039022728,629.0065500033512,603.7163023778119,628.2190551757812,14560800
2025-01-07,629.7143414477341,630.1130475912898,606.3180848477177,615.94775390625,12071500
2025-01-08,611.4718611566152,614.5022833089956,600.895166417742,608.8002319335938,10085800
2025-01-10,608.112381815468,627.9298324702991,595.4622707729309,613.9240112304688,19256600
2025-01-13,605.1916106669787,607.0557276203978,596.5688376806378,606.4177856445312,10785000
2025-01-14,603.1680144738151,603.586677198732,586.6999244030517,592.3820190429688,13598000
2025-01-15,608.2918626953108,620.5033555415417,604.5935029582943,615.1801147460938,15524300
2025-01-16,609.5778014543201,614.3128702309481,607.7934500715568,609.37841796875,8355300
2025-01-17,622.0883213436317,623.0054123386464,601.7723798733631,610.8438110351562,17280600
2025-01-21,615.8879054164239,619.5463519549992,607.0956232572347,614.522216796875,11674000
2025-01-22,621.3406555902126,631.7079877162228,617.4828257324606,621.5400390625,12274000
2025-01-23,625.3878883324852,634.5988327915112,619.197448317166,634.4493408203125,9910200
2025-01-24,634.3995455880619,649.9504837452617,632.2064489650473,645.4546508789062,19065300
2025-01-27,624.6403451579879,661.7832345224654,623.13508184709,657.8057861328125,28399200
2025-01-28,663.9064946462431,680.434394086623,657.3969918528114,672.2103271484375,20950100
2025-01-29,672.8782187611764,678.9091891458575,663.5775294568425,674.363525390625,21377800
2025-01-30,694.6295927845299,708.5556496697027,673.9746933017885,684.8404541015625,29322900
2025-01-31,688.8278359211887,703.0828715870788,683.4248907710689,687.0135498046875,19303900
2025-02-03,673.7853303532094,701.7870595426608,673.1274317559399,695.2676391601562,21415700
2025-02-04,700.291750368734,705.4853950757674,689.435967564897,701.9764404296875,13826300
2025-02-05,701.338438880343,715.8826032404849,696.8127318836921,702.654296875,17778200
2025-02-06,703.6611131134636,716.6402049884904,701.2885896343017,709.7518920898438,13080700
2025-02-07,714.5468494223469,722.7310645927636,709.5127354037381,712.2740478515625,16427100
2025-02-10,716.3013465299549,718.9330628152472,709.0940920727812,715.14501953125,12904300
2025-02-11,711.077742352479,721.3852053088176,707.8080235680292,717.537353515625,12998000
2025-02-12,713.0515218383842,724.8144176821432,710.3599968194253,723.099853515625,12016500
2025-02-13,719.2519879198333,726.7084557601091,715.7828856053137,726.2698364257812,12569100
2025-02-14,723.85738092295,738.5809097984375,723.3389960821124,734.354248046875,16901200
2025-02-18,733.6864014553627,734.6832579790791,704.2193250480339,714.1181030273438,21938700
2025-02-19,701.886719169158,704.7776276936228,693.2041369812721,701.5578002929688,17535500
2025-02-20,695.088155137264,703.4118828816584,691.4595827411689,692.6558227539062,12587400
2025-02-21,694.3903766528952,701.6574392501641,680.2150443830811,681.4013061523438,15660400
2025-02-24,684.122756243814,685.1096345134455,660.3676471383606,666.02978515625,15677000
2025-02-25,663.8765120828333,665.9001600374287,639.8423158192022,655.4331665039062,20579700
2025-02-26,657.5764529173535,680.8630075132187,655.9316152590968,671.582275390625,14488700
2025-02-27,680.3047560748793,686.485278775033,655.5029605584499,656.1708374023438,12500000
2025-02-28,655.9714518798419,667.5250458825946,640.579984557629,666.0995483398438,17534200
2025-03-03,671.5623491469186,679.1085609343871,648.7941784019307,652.9909057617188,10843800
2025-03-04,643.4809097831836,647.7075720071792,621.6896392388619,637.9882202148438,21495200
2025-03-05,638.9850308732081,657.4268765380355,635.6555033172657,654.4063720703125,13770000
2025-03-06,645.9630966353535,648.5150471759833,622.1481771276858,625.9561767578125,13446500
2025-03-07,623.4041708110899,632.7945424007281,598.7219930959255,623.6932373046875,21375700
2025-03-10,606.1585603987916,608.1921258261364,585.0251896930085,596.1102294921875,21999900
2025-03-11,593.1795048947525,612.9970188777876,591.4649407555324,603.8060302734375,17401500
2025-03-12,627.9199500067502,631.3391605894193,607.4344997247063,617.6124267578125,15747000
2025-03-13,618.300295022882,618.549509168397,584.666363679096,588.7833862304688,16480300
2025-03-14,601.43972556622,607.4860482974414,593.4378646925935,606.2288818359375,12364500
2025-03-17,606.0892549627374,611.7164817099355,596.6505800508986,603.5350341796875,15473900
2025-03-18,598.6959836433429,598.8955445257114,573.3632611970426,581.0458984375,20297700
2025-03-19,582.9616006660708,590.9834364727485,573.473050249603,582.7420654296875,20537500
2025-03-20,581.4449335433823,608.8230139342973,578.2022676048324,584.6776123046875,24336500
2025-03-21,582.1034155863823,596.1915469952162,579.6390187113977,594.9044799804688,25015900
2025-03-24,613.5822418688982,621.1351668672481,610.818534005287,617.4534912109375,15741300
2025-03-25,625.3457252697278,632.4496541118687,619.7782994932003,624.896728515625,15312500
2025-03-26,623.479902445872,625.3356905979604,605.2411234358802,609.6012573242188,12609800
2025-03-27,600.6416285927081,612.8639873140713,598.7458914524616,601.2203369140625,10436500
2025-03-28,598.9554211422102,600.3921742735024,572.6249545466391,575.4385986328125,17602800
2025-03-31,562.2284810192266,577.3941949049992,552.0514847999954,575.0594482421875,21124700
2025-04-01,569.5518496754252,588.5787620697387,568.713718453365,584.6776123046875,12836600
2025-04-02,573.612639602056,591.3225852084037,572.0661494891557,582.6123046875,13470800
2025-04-03,544.9873786131755,551.3130986556911,529.1033205063213,530.4203491210938,34777500
2025-04-04,505.4767837476822,516.8311091249631,493.0848271014097,503.591064453125,38589800
2025-04-07,484.0053216518451,538.1528441381656,480.8125306436679,515.0850219726562,36606100
2025-04-08,542.0241297513288,546.1946900687835,501.72525715038495,509.29815673828125,28034200
2025-04-09,508.1207792653783,586.563392325636,500.9769327422793,584.4481811523438,39216600
2025-04-10,574.1913720884271,579.9882591353082,534.0920601322453,545.0572509765625,28173500
2025-04-11,534.3015744722139,546.1647580379857,527.3972072394978,542.3433837890625,17642300
2025-04-14,554.9149903570471,556.5114165099282,527.0879701726936,530.2807006835938,14130900
2025-04-15,530.9092700648307,536.7261316213554,516.3322523952014,520.3432006835938,15558700
2025-04-16,507.36253528750194,512.2115538752881,494.5115946838527,501.176513671875,18735100
2025-04-17,504.109870459736,506.1552323217004,496.8862177349848,500.348388671875,14593500
2025-04-21,490.22127698998224,492.38639367876976,478.71729620364266,483.56634521484375,16166000
2025-04-22,490.7600964557397,505.73623631689287,485.2625199601335,499.151123046875,17399400
2025-04-23,527.3374410103529,534.1320723212986,515.3545309290855,519.0960693359375,18173900
2025-04-24,517.5595150131655,532.6953291798529,516.3323098797614,531.947021484375,13910000
2025-04-25,545.566124111354,548.6192167322417,535.0399425493104,546.0350952148438,17098900
2025-04-28,554.3862228326028,557.2297674992926,539.3701950695558,548.49951171875,15179000
2025-04-29,544.7679463052672,555.3141023170735,542.8921836696377,553.1889038085938,11835000
2025-04-30,537.1851129255415,547.8609194224242,528.305171612182,547.7611694335938,29244000
2025-05-01,590.7439814787114,591.6120134415539,569.2126599544815,570.9188232421875,31159000
2025-05-02,582.1434519633877,602.976341384666,577.025022870384,595.6728515625,24739300
2025-05-05,589.8858412822701,601.8488361583287,586.7230116613694,597.917724609375,13887700
2025-05-06,591.1929324469492,594.685034384837,585.256346973055,585.9846801757812,10600700
2025-05-07,589.0277995025451,601.7191276587725,585.3461237925522,595.4632568359375,13139100
2025-05-08,604.9218677784463,609.9205723172726,595.2737054544873,596.6605834960938,14622800
2025-05-09,602.3576547482705,605.6003210056944,590.3748069015998,591.1530151367188,10427300
2025-05-12,629.4963146177121,638.944977269137,619.628677643235,637.9871215820312,21965100
2025-05-13,644.083302386897,659.4286019389394,641.3794565378789,654.5496826171875,18570800
2025-05-14,659.7179933381154,661.1746598556101,652.8335389149222,657.8721313476562,12348200
2025-05-15,652.8036193165813,655.8267503294444,637.1390348372435,642.4270629882812,14341800
2025-05-16,636.5203854269974,638.9947695097792,624.7370386043494,638.89501953125,18519000
2025-05-19,626.832294867769,641.5490101074022,626.3832981555494,638.9848022460938,9592400
2025-05-20,634.5748472134089,637.9072763695222,630.8333091235804,635.662353515625,6743500
2025-05-21,630.3642681060018,645.150832304797,628.7479287022497,634.06591796875,11464600
2025-05-22,632.619272775214,641.7985254271919,629.2868434888497,635.1336059570312,8228400
2025-05-23,622.5919269408028,631.0228714642786,621.2449976116812,625.64501953125,8454100
2025-05-27,633.9761034753569,641.6288391569669,631.322132840975,640.8705444335938,9508400
2025-05-28,641.1499165908115,649.4112615873161,641.1000415977985,642.1277465820312,9042900
2025-05-29,650.1795649115138,651.8457794764735,638.0569572367845,643.5944213867188,8858800
2025-05-30,641.0501397655987,647.9445199213626,631.3521030687026,646.0288696289062,16241000
2025-06-02,642.9359196596392,671.7407683371362,642.8062081386795,669.3861083984375,15766300
2025-06-03,669.9348713872049,674.0555568287034,663.5293753010757,665.34521484375,11585000
2025-06-04,667.8096780088563,687.4452625248051,667.0613703936261,686.3976440429688,14031900
2025-06-05,690.0991647687987,692.8130584501095,680.7104262850396,683.0750732421875,13083100
2025-06-06,694.5989952947568,701.2240259866394,690.3087109186762,696.1355590820312,11728000
2025-06-09,696.883869686411,703.5986632099265,692.3740500791279,692.4937744140625,12773200
2025-06-10,699.7673231326536,701.6430856337115,689.9994369756769,700.8150024414062,10850100
2025-06-11,702.1220199077359,707.2703489833287,690.4284357601101,692.5736083984375,9582500
2025-06-12,691.7355479828731,693.8108714889893,685.4497761885773,691.79541015625,7322700
2025-06-13,686.3976556130428,693.00271273635,679.4733132608307,681.3291015625,9274400
2025-06-16,698.2888218186604,706.097186349852,692.4774795938313,701.0746459960938,13720300
2025-06-17,700.9548121157454,704.9188720421186,695.0236535754563,696.19189453125,10066100
2025-06-18,697.1404546983404,700.5454115912661,693.8653700649246,694.7340698242188,10068300
2025-06-20,699.7067372671455,700.7751515856344,677.6595924698036,681.3341064453125,22538600
2025-06-23,682.6721183845542,698.009235646563,677.7394706648903,697.4900512695312,11080100
2025-06-24,703.840534417847,712.1281647182683,701.0646441862544,711.1396484375,13823200
2025-06-25,712.2579843149763,715.5131404309827,704.329803307428,707.6248779296875,9320400
2025-06-26,713.296455236712,727.1358060173088,709.9913855606367,725.009033203125,13964800
2025-06-27,725.4383202717177,734.335027558332,724.7792688020234,732.5377197265625,18775700
2025-06-30,743.4414316060685,746.7864803769392,733.1567794055785,736.9910888671875,15402100
2025-07-01,735.7829112020786,736.6516110389775,714.3049263192432,718.149169921875,13431200
2025-07-02,714.2650188208597,719.227590127805,711.7387562844411,712.5076293945312,9336700
2025-07-03,725.5281745483136,727.9446154194361,713.3563211505465,717.9395141601562,8601700
2025-07-07,716.5315731843128,725.9176023238477,712.4476967305745,717.2804565429688,9457100
2025-07-08,720.4957303517299,721.8337012243448,713.7457849218606,719.5970458984375,7770700
2025-07-09,721.6439452565418,736.4319538163115,721.6439452565418,731.6890258789062,11418000
2025-07-10,730.4608071076664,734.704479422628,718.5285868802704,726.1572265625,9913600
2025-07-11,721.4242720797871,724.0802847988808,708.6433421473682,716.4417114257812,10873900
2025-07-14,716.5316151789124,726.9161560719408,715.4831906042045,719.8466796875,8939400
2025-07-15,722.82223154618,723.3913292594382,708.7631777682402,709.3323364257812,11529500
2025-07-16,712.3079132030501,712.9069955313189,698.2289299901618,701.8634643554688,13067600
2025-07-17,703.3412662167694,704.8490277671435,696.0720759709156,700.3656616210938,11803300
2025-07-18,701.1445302429636,703.6607977835126,690.6202449112741,703.2314453125,12779800
2025-07-21,705.7477111980942,715.9325377312456,704.7092814794039,711.9085083007812,9404400
2025-07-22,715.1237435600664,715.5331063393245,700.3657186718685,703.7606811523438,8921100
2025-07-23,705.3183514682154,713.5660637312985,703.8804929024444,712.5176391601562,8771600
2025-07-24,715.9823677348465,722.5425929354744,712.9369210871259,713.7357177734375,10920800
2025-07-25,715.8526352732038,719.5771235060619,710.8401504714777,711.6189575195312,8271700
2025-07-28,714.1352096135126,723.6609843506268,711.6189419324959,716.5615844726562,8715700
2025-07-29,718.9280482700893,723.3913639831756,698.8679318855118,698.9578247070312,13267000
2025-07-30,707.0358168226334,707.4451795959043,690.1709481616012,694.1749877929688,27077300
2025-07-31,774.0458414913344,783.5816106103192,764.3702661872821,772.2884521484375,38831100
2025-08-01,759.5973820600149,764.8595554226001,744.2003568990668,748.8933715820312,19028700
2025-08-04,758.8684286204626,775.6933161141383,757.280769171418,775.2140502929688,15801700
2025-08-05,775.2940146810766,781.9640620224704,761.8640271769766,762.3233642578125,11640300
2025-08-06,768.853609707056,772.488205034118,759.327834976083,770.8406372070312,9733900
2025-08-07,772.3383525306105,773.8461140652291,758.4191051508143,760.6957397460938,9019700
2025-08-08,761.6144268371896,768.7538063796192,757.4506521481833,768.1546630859375,7320800
2025-08-11,768.9334288760205,772.3084011990011,763.5314498091643,764.7296752929688,7612000
2025-08-12,771.849102319645,792.4883102810505,771.2799436630941,788.8237915039062,14563100
2025-08-13,789.9721665216805,794.2757473900336,777.0713578354987,778.9186401367188,8811800
2025-08-14,776.7218428333804,786.6370510429252,771.3598429397638,780.9655151367188,8116200
2025-08-15,782.9825648931883,795.0645257736991,779.6575056048304,784.0609130859375,13375400
2025-08-18,773.9360156125421,774.6549143701418,755.4335751910228,766.2274780273438,16513700
2025-08-19,765.977874147037,766.0277875160474,748.2443062415024,750.3611450195312,12286700
2025-08-20,746.4570103778062,749.083099657565,729.911672806752,746.6067504882812,11898200
2025-08-21,743.6012666698691,744.3900685450179,732.0185006665147,737.9995727539062,8876300
2025-08-22,738.1293678852983,755.7731035460037,733.2966081137474,753.6661987304688,10612700
2025-08-25,753.6961621486424,757.7501148109367,749.0131426125197,752.1784057617188,6861200
2025-08-26,749.6821592803592,753.7461069744401,746.8264320177999,752.9772338867188,7601800
2025-08-27,751.1799307743298,753.0272129802489,741.7340542390842,746.2672729492188,8315400
2025-08-28,742.8922995313089,751.9288132977724,739.6970516455432,749.99169921875,7468000
2025-08-29,744.1703787664815,746.0275947781304,734.2551099537487,737.6001586914062,9070500
2025-09-02,724.9589996576248,734.9041924629622,720.655419120511,734.0155029296875,9350900
2025-09-03,734.9042121918441,739.1478846127889,732.8971950134412,735.95263671875,7699300
2025-09-04,747.4555024338443,760.0267237435045,744.7095967582477,747.535400390625,11439100
2025-09-05,751.499502790698,756.8215846100361,743.9208368275713,751.3297729492188,9663400
2025-09-08,754.8744351124396,765.3687971294402,750.9003802075373,751.179931640625,13087800
2025-09-09,756.3621991005824,765.1590798691678,752.3082462809408,764.5599975585938,10999000
2025-09-10,763.990858904295,764.5600175863916,749.8818911499914,750.8604125976562,12478300
2025-09-11,753.5264602522736,755.9727638030715,747.2557810059183,749.7820434570312,7923300
2025-09-12,747.6152548910696,756.4421205211297,742.6526835890741,754.465087890625,8248600
2025-09-15,756.3421855933647,772.9175066813722,750.8703641812288,763.5614624023438,10533800
2025-09-16,765.8580156945753,780.1966205012909,763.960820221922,777.8401489257812,11782500
2025-09-17,778.828725718326,782.1238004242355,765.1691000860621,774.5650634765625,9400900
2025-09-18,779.5875734416616,787.6056471582369,772.2085614820411,779.0883178710938,10955000
2025-09-19,785.2490765825911,789.6225600448605,768.0447499547826,777.2210693359375,23696800
2025-09-22,781.2128396094075,785.0896826443245,763.8469978355404,764.5364379882812,11706900
2025-09-23,768.6231126086477,769.9719880546131,750.4579354131178,754.784423828125,10872600
2025-09-24,756.8827020619125,760.4897455830934,751.9167814613187,760.0401000976562,8828200
2025-09-25,752.8360219788784,756.1533238123261,743.9432502397539,748.2996826171875,10591100
2025-09-26,749.3888277967437,751.3172477286904,736.7491118404043,743.1439208984375,9696300
2025-09-29,748.1098002440084,750.1681799899285,738.5476529969768,742.794189453125,9246800
2025-09-30,741.6451369970716,742.3645209926972,725.7081225297242,733.7815551757812,16226800
2025-10-01,720.9020135039985,721.2617054862658,709.6212362201944,716.7554321289062,20419600
2025-10-02,721.9911913779041,727.176964520395,717.5548070653372,726.45751953125,11415300
2025-10-03,729.0354240673363,730.4043027655052,709.6012618171895,709.98095703125,16154300
2025-10-06,704.6153434967972,716.2958197616522,689.9473135389625,715.0767822265625,21654700
2025-10-07,717.135073707775,717.9144673294414,705.1748577839295,712.4989013671875,12062900
2025-10-08,712.8686286502683,719.063588526951,707.233209995552,717.2550659179688,10790600
2025-10-09,717.694662739213,732.9122314453125,711.8593952481671,732.9122314453125,12717200
2025-10-10,730.3243364156914,734.6708280741015,703.9358854737135,704.7252197265625,16980100
2025-10-13,712.4289500007787,719.353295154282,707.0633311027989,715.1167602539062,9251800
2025-10-14,707.2032236513401,714.966850016347,698.7600977854659,708.072509765625,8829800
2025-10-15,716.4756800447307,723.3101331023296,708.9318445822669,716.9652709960938,10246800
2025-10-16,716.9652609619593,724.898793146875,703.3064176322127,711.48974609375,9017000
2025-10-17,706.5038073054051,717.9544293541486,705.5445676686097,716.3357543945312,12232400
2025-10-20,720.602270855396,733.1720358988009,719.5930841941394,731.5733032226562,8900200
2025-10-21,735.4202444049121,737.898203963144,728.156149137632,732.6724853515625,7647300
2025-10-22,733.2320185457676,739.9964601984101,723.4400167690366,732.8123168945312,8734500
2025-10-23,734.1012972282697,741.8049752352916,732.5025644943078,733.40185546875,9856000
2025-10-24,736.1895728454068,740.6060149267306,730.5542151922721,737.75830078125,9151300
2025-10-27,749.1189913399045,755.1341048828856,747.4004223192904,750.2081298828125,11321100
2025-10-28,752.0166693998259,757.7819868095911,744.9124781386814,750.82763671875,12193800
2025-10-29,754.1349412128479,758.5413205942342,741.9049255575367,751.0574340820312,26818600
2025-10-30,668.6047496805471,680.405123547836,649.6401745693712,665.9268798828125,88440100
2025-10-31,673.9603724515775,674.3400676801817,645.0439523217459,647.8216552734375,56953200
2025-11-03,655.4654426520216,658.792746197499,635.6615861365713,637.1903686523438,33003600
2025-11-04,627.528160823027,641.2170082918374,625.4998468710925,626.8087768554688,27356600
2025-11-05,631.7947143740674,641.7066132741587,626.0293969573662,635.4317626953125,20219900
2025-11-06,635.3318005623231,635.4817027165644,617.4963715076051,618.4356079101562,23628800
2025-11-07,615.9875913853423,621.6230097922952,600.7100736857968,621.203369140625,29946800
2025-11-10,630.5757412925083,634.4825281361091,617.606277436272,631.2451782226562,19245000
2025-11-11,627.4882640088713,629.0469903781388,618.8852946435945,626.5690307617188,13302200
2025-11-12,627.6181473129036,628.4774318700306,607.2747531328254,608.5137329101562,24493300
2025-11-13,612.5704066192014,617.1466913787408,602.5086055074847,609.3930053710938,20973800
2025-11-14,601.2995852054279,613.1799107961393,594.7149894844074,608.96337890625,20724100
2025-11-17,608.54364845602,611.1915132655756,594.914810553651,601.5194091796875,16501300
2025-11-18,591.1178778321469,603.1680476389258,583.3043040560937,597.2029418945312,25500600
2025-11-19,593.236120814011,594.8448550993957,580.7763124672824,589.8389282226562,24744700
2025-11-20,603.0082035639184,606.225550290049,582.8745995478572,588.669921875,20603000
2025-11-21,588.0204327318114,597.6325885375659,581.38582901572,593.7657470703125,21052600
2025-11-24,598.2320754408486,616.1974650582393,597.1429978306941,612.5504150390625,23554900
2025-11-25,623.4914651316196,636.5308177101258,617.7960982049689,635.7014770507812,25213000
2025-11-26,637.1703200291516,637.8397569399452,631.1152610365342,633.0936279296875,15209500
2025-11-28,635.5616748244524,647.5218911860414,634.9821303911365,647.4219970703125,11033200
2025-12-01,639.028785702615,644.7941029489796,637.2402664201815,640.3477172851562,13029900
2025-12-02,641.8165621493692,647.3420238521164,637.5500224020741,646.5726318359375,11640900
2025-12-03,643.8848130159247,648.3211970895987,637.0304181904862,639.0787353515625,11134300
2025-12-04,675.4491463216154,675.5490404402168,659.512131337801,660.990966796875,29874600
2025-12-05,663.4589092143041,674.1402004180294,661.8502358329807,672.8712158203125,21207900
2025-12-08,668.7945609027437,676.1585499822719,664.528021142878,666.256591796875,13161000
2025-12-09,663.2291308887899,663.9385132978894,652.807637338328,656.4246826171875,12997100
2025-12-10,649.4203737252112,653.9766553823684,642.8757234590145,649.6002197265625,16910900
2025-12-11,642.7657334383907,654.7460135009795,640.2777724038347,652.1781005859375,13056700
2025-12-12,649.2704855848336,710.4206277669183,638.0896015354143,643.7050170898438,14016900
2025-12-15,645.7000122070312,653.0,638.7000122070312,647.510009765625,15520500
2025-12-16,643.239990234375,654.5999755859375,643.2000122070312,654.1300048828125,6870954
