Date,Open,High,Low,Close,Volume
2015-12-16,60.75013399508216,61.69959216345656,60.613411787034934,61.51729202270508,14102600
2015-12-17,61.509683058825146,61.54765789775424,60.91721646221376,60.98558044433594,9864200
2015-12-18,60.72731612255638,60.85644678237536,59.344905853271484,59.344905853271484,21342100
2015-12-21,59.7247009892417,59.99055385210659,59.36011238050767,59.9677619934082,9105800
2015-12-22,60.127262558956915,60.57540383076124,59.91457915730572,60.46146774291992,9872200
2015-12-23,60.72733394784526,61.09192838518419,60.38553137130351,60.70454788208008,8254600
2015-12-24,60.50705908796124,60.8792449821753,60.46148116568808,60.60580062866211,2498000
2015-12-28,60.56782569245698,60.74252852171004,60.36274530553832,60.70454788208008,4150000
2015-12-29,60.93241087405176,61.228641274065204,60.6513692505639,61.03874969482422,4406100
2015-12-30,61.114704211296505,61.14508755890341,60.76530440636364,60.81847381591797,3793200
2015-12-31,60.69696389668514,60.79570545888983,60.241219344890716,60.31718063354492,5077700
2016-01-04,59.51960913613163,59.62594794274556,58.8967650709513,59.52720642089844,11529800
2016-01-05,59.58038750272566,59.97535946256408,59.405684689027154,59.71710968017578,8133700
2016-01-06,58.99548926176407,59.466422263444876,58.57773144279935,59.139808654785156,9551000
2016-01-07,58.372678481453214,58.94235329902438,57.7802175983843,58.62333679199219,11973900
2016-01-08,58.76005863861365,58.85120869510695,57.47638953606786,57.704261779785156,9676400
2016-01-11,57.85617108605393,58.51699593785377,57.423218471435206,58.23595428466797,10209200
2016-01-12,58.48660388645395,58.501792662325165,57.53714603115437,58.114418029785156,8774700
2016-01-13,58.46380667748507,58.47899545046015,57.56751840118172,57.61309051513672,9310100
2016-01-14,57.80297701992434,58.44860702323243,57.63587155659135,57.84095764160156,12835100
2016-01-15,56.587695169987036,57.48398372797064,56.564909105848464,56.95228958129883,17023900
2016-01-19,57.575127768500124,58.4182468237918,57.514361073787164,58.281524658203125,13457300
2016-01-20,57.686207292243516,58.29915325061947,57.05027081864881,58.09994888305664,17795000
2016-01-21,58.24550711069005,59.134286438937764,57.77813862767599,58.78184127807617,12712900
2016-01-22,59.30285352316493,59.739579721408056,58.65159597779055,59.2722053527832,9465800
2016-01-25,59.14961867892421,59.27221137290251,58.65925959409382,58.88145446777344,9870400
2016-01-26,59.76256173410789,60.97313810549775,59.4101165586793,60.38317108154297,16374800
2016-01-27,60.16866030740984,61.18002684858316,59.877511370518704,60.37553405761719,10816100
2016-01-28,60.83524253927584,61.29495352157923,60.229954171785174,61.157039642333984,9895100
2016-01-29,61.27961185253422,62.82730633909365,61.16468268402537,62.58979034423828,19895000
2016-02-01,62.22200726538353,62.36758457634155,61.70100019228777,62.153053283691406,9657200
2016-02-02,61.36391200218348,61.70869964814839,61.14938058453921,61.46352005004883,9116400
2016-02-03,61.662693927086444,62.24499147562717,61.310242982523285,62.137725830078125,10149600
2016-02-04,61.946201313801225,62.137748012882575,61.54778675175021,61.83127212524414,8295100
2016-02-05,61.73932347294612,62.21435546875,61.73165996946981,62.21435546875,9957600
2016-02-08,61.51711408938946,63.37894749711384,61.51711408938946,63.302330017089844,16530200
2016-02-09,62.69707844005885,63.593515753167296,62.07646304629404,63.31768798828125,14308900
2016-02-10,63.52454491834935,63.59349891854598,62.41357064678516,62.536163330078125,10585400
2016-02-11,61.59375262624801,62.05346350909073,61.01144905702536,61.21832275390625,12343900
2016-02-12,61.570782576218186,62.07646291373448,61.13405625700494,62.0534782409668,9306100
2016-02-16,62.81963714321626,62.81963714321626,61.93852139187922,62.42122268676758,9352600
2016-02-17,62.559139016495315,63.46323946660494,62.451873356782315,63.17208480834961,10892900
2016-02-18,63.00352402838251,63.072478013610336,62.22201045589611,62.81197738647461,7702600
2016-02-19,62.79665886999247,63.02651720956828,62.367596204694046,62.66640853881836,7709600
2016-02-22,62.66642872760511,63.340671111081306,62.6051323712321,62.92692947387695,6916500
2016-02-23,62.827301874475424,63.17974701279427,62.52848956491074,62.681724548339844,5840600
2016-02-24,62.260317080793705,62.55146584852288,61.80060634654902,62.490169525146484,6759800
2016-02-25,62.59745527759492,63.08781433105469,62.42123559820148,63.08781433105469,6789700
2016-02-26,63.225709289526556,63.32531727863586,62.02279668255007,62.137725830078125,9281100
2016-02-29,62.13773346517851,62.32928011941491,61.455827843740146,61.51712417602539,11065300
2016-03-01,61.70868353346827,62.336956454876855,61.70102002897003,62.23735427856445,9483900
2016-03-02,62.505519952200835,63.3330030912574,61.94620102148445,63.248722076416016,12096600
2016-03-03,63.2410489935819,63.5398613298389,62.965221322338444,63.47090148925781,8747100
2016-03-04,63.30235811795994,64.160483628026,63.026530390998246,63.968936920166016,9406700
2016-03-07,63.73140512946921,64.1298196113596,63.59349130005712,63.670108795166016,6792400
2016-03-08,63.57051133499845,64.16813602477855,63.340652987141205,63.63946533203125,7788400
2016-03-09,63.82336131254482,64.12217369003943,63.34832340305893,63.5628547668457,8954800
2016-03-10,63.693104821923455,63.769728176242054,62.635769171496705,63.041847229003906,10385600
2016-03-11,63.40196338851882,63.44027507017276,62.39826046103834,62.63577651977539,11109500
2016-03-14,62.49785159481748,62.71238294483214,61.81594586989622,62.191375732421875,12389300
2016-03-15,62.06113658934245,62.41358184875517,61.87725337694059,62.29865264892578,9297800
2016-03-16,62.29862483647404,62.674060444677586,61.66269445966628,62.32160949707031,9490300
2016-03-17,62.28331143596298,63.769715358755334,62.27564793296321,63.40194320678711,12061500
2016-03-18,63.48623257721807,63.976591614162395,63.16443555526226,63.70842742919922,33635200
2016-03-21,63.68545286545278,64.26009300104943,63.52455432895073,63.838687896728516,8625600
2016-03-22,63.80802863659416,63.83867680663344,63.20274043078506,63.394287109375,7205900
2016-03-23,63.3789679749571,63.9689291918522,63.27170229915799,63.45558547973633,5594600
2016-03-24,63.179736812937655,63.68542269858663,63.15675215368797,63.50919723510742,6645700
2016-03-28,63.585815277732536,63.93826036227415,63.22570669152682,63.302330017089844,4988500
2016-03-29,63.33299997745528,63.66245467040302,62.949906599935346,63.44026565551758,6731400
2016-03-30,63.66246503243101,63.86933876346658,63.325346780310284,63.348331451416016,6925400
2016-03-31,63.40194332205964,63.59348997862175,62.942232515418574,63.0648193359375,6819200
2016-04-01,62.827296828663506,64.06852113869716,62.77366400421671,63.99956130981445,8028600
2016-04-04,64.09152621916786,64.09152621916786,63.61648830447966,63.75440216064453,5593400
2016-04-05,63.71608352661133,64.0225535049207,63.585827355735695,63.71608352661133,5259100
2016-04-06,63.70075245830845,64.23708073168945,63.65478313360144,64.21409606933594,6292100
2016-04-07,63.77738952636719,64.11451359914822,63.493904142930006,63.77738952636719,6655900
2016-04-08,63.93062364607633,63.93828130470961,63.417274086140345,63.746734619140625,5453000
2016-04-11,63.616475867546434,63.85399185568583,63.33299055151945,63.38662338256836,7081500
2016-04-12,63.37129707481956,63.75439039954622,63.17208690921043,63.46324157714844,7081600
2016-04-13,63.63181705254868,63.92296593661187,62.704725866276625,63.17976379394531,11738600
2016-04-14,63.303360569596485,63.62779961149688,62.986653703732365,63.34971237182617,6904400
2016-04-15,63.38060704202258,63.67414093233505,63.22611086810042,63.57372283935547,7299300
2016-04-18,63.573711674405345,64.10670717390833,63.35741706890043,63.983116149902344,5628000
2016-04-19,64.04488866367362,64.6551290426467,63.99853689170151,64.33069610595703,6606100
2016-04-20,64.33846536763255,64.37708499441732,62.94030875868751,62.994380950927734,9124200
2016-04-21,62.60040565430666,62.80896808261754,62.22190041374417,62.415016174316406,8802100
2016-04-22,62.106032632337886,62.5308837890625,61.72752737438399,62.5308837890625,8027700
2016-04-25,62.50770409939677,62.94028738383797,62.121472602153695,62.88621520996094,7672800
2016-04-26,62.95574064202767,62.95574064202767,61.18679949223693,61.449440002441406,13742300
2016-04-27,61.38764879362484,61.91292398265823,61.101835300344845,61.71208190917969,7689700
2016-04-28,61.395397882493185,62.00563882459288,61.32587310708949,61.61168670654297,7615900
2016-04-29,61.542109124855244,61.91289385752289,61.310373823683435,61.88972091674805,9391000
2016-05-02,61.8124898886839,62.80124753069692,61.8124898886839,62.54633331298828,7862600
2016-05-03,62.4150008253758,63.11021267773084,62.33002944014594,62.64673614501953,7617500
2016-05-04,62.469087162736905,63.16429917282664,62.469087162736905,63.032981872558594,7365900
2016-05-05,63.03296670072089,63.41147184297533,62.50769173265556,62.801231384277344,6399500
2016-05-06,62.8939574908871,63.535103413924254,62.7008416750393,63.442405700683594,6297200
2016-05-09,63.504188342155445,63.905872439282774,63.31879885532581,63.434669494628906,6718800
2016-05-10,63.457835282188135,63.86723972055308,63.434662335627834,63.71274948120117,6222400
2016-05-11,63.72820468230283,64.02946481478148,63.442391218458056,63.45784378051758,5975000
2016-05-12,63.71274831959075,63.91358444840162,63.42693489923331,63.65867614746094,4925000
2016-05-13,63.666408030923755,63.666408030923755,62.56951183053897,62.7471809387207,6579000
2016-05-16,62.5772442001437,63.25700968058385,62.376402122098916,63.05616760253906,6497200
2016-05-17,63.06387627907785,63.38830931143729,62.05195167620328,62.27596664428711,10188200
2016-05-18,62.252815506333995,62.391859138278214,61.341314455555334,61.68119430541992,8344100
2016-05-19,61.51896386988437,61.96699390457267,61.37219398769398,61.94382095336914,6242500
2016-05-20,62.13691600066709,62.18326188760687,61.63481394959787,61.812477111816406,6526800
2016-05-23,61.8356885662599,62.05197734396725,61.68119237259237,61.95155334472656,5620600
2016-05-24,62.028784490434596,62.86304009491468,62.028784490434596,62.54633331298828,6293300
2016-05-25,62.63131734540836,63.16431294311245,62.57724515742602,62.940303802490234,6049800
2016-05-26,62.940267624854286,63.03295938330172,62.63900172963084,62.73942565917969,4622300
2016-05-27,62.778060205907536,63.079326172851495,62.69309470491121,62.90165710449219,4322200
2016-05-31,63.0175335632724,63.202923034904565,62.36866157242226,62.60040283203125,6705000
2016-06-01,62.53087656025039,63.18747481520004,62.46135772013096,63.17974853515625,6184100
2016-06-02,62.97888888840495,63.303321838378906,62.82439869130019,63.303321838378906,5186300
2016-06-03,63.28789020121923,63.72046757054938,63.172019579170176,63.705020904541016,6306700
2016-06-06,63.650963803315015,63.98312318867088,63.51964648416703,63.936771392822266,5292300
2016-06-07,63.929023551952,64.02944159522086,63.535065870257476,63.58913803100586,6327500
2016-06-08,63.627789333254455,63.92132319730057,63.35742252644055,63.844078063964844,4712600
2016-06-09,63.78998490623526,64.3152598909966,63.67411429761862,64.24573516845703,6144900
2016-06-10,63.93677674407031,64.3770805342145,63.81318569612404,64.26893615722656,6840800
2016-06-13,64.08354778083906,64.42343348224597,63.75138836176229,63.78228759765625,6167400
2016-06-14,63.76682166227397,64.40024107317564,63.550527076359494,64.3847885131836,6868600
2016-06-15,64.42341756189754,64.50066268583026,63.97538759229248,64.0758056640625,7082200
2016-06-16,63.85952538568855,64.58564261199982,63.851804997674236,64.43115234375,6630100
2016-06-17,64.35391025629487,64.4543342486916,63.61234625751035,64.2148666381836,11741700
2016-06-20,64.5160959528709,64.6551395044397,64.13759079882068,64.14531707763672,6164300
2016-06-21,64.18395848506874,64.71695992935476,64.18395848506874,64.43115234375,6594700
2016-06-22,64.50065347859584,64.7014954868916,64.33843697346538,64.55472564697266,4940100
2016-06-23,64.74013161809052,65.04911804199219,64.55474212111986,65.04911804199219,7361300
2016-06-24,63.81315791338419,64.74783727522926,63.33422881421876,63.54279708862305,12401100
2016-06-27,63.210657625446935,63.257003526091815,62.56951183053897,62.7471809387207,9601800
2016-06-28,62.90940157207901,63.72048435319534,62.53089038079852,63.69731140136719,9257100
2016-06-29,64.08353177413238,64.81737518310547,64.04491215898128,64.81737518310547,7927500
2016-06-30,64.81736662653239,65.50485815577281,64.74784189895811,65.40443420410156,10969300
2016-07-01,65.28857598173842,65.65163456702177,65.28085559431679,65.48941802978516,9531100
2016-07-05,65.25769595860646,66.39321195092256,65.23451711133629,65.99925994873047,11403100
2016-07-06,65.94516611010063,66.04558417493251,65.45851066544084,65.68252563476562,8356500
2016-07-07,65.83704740120747,65.84476779067587,65.29631957363803,65.52806091308594,7905700
2016-07-08,65.64390979326504,66.35457435465078,65.48168737344263,66.254150390625,6827300
2016-07-11,66.13057937124695,66.3932140476692,65.58985745306765,66.23872375488281,6156800
2016-07-12,66.03788165951897,66.38549365842871,65.80614622033937,66.23872375488281,6649800
2016-07-13,66.28504145659801,66.54768191468118,65.97606100251107,66.34683990478516,7572100
2016-07-14,66.77172471187684,67.11933081438221,66.31596833323508,66.3314208984375,11342600
2016-07-15,66.62494945005115,66.80261857502556,66.26961709352871,66.43955993652344,8491300
2016-07-18,66.4472730613643,66.47045190476953,66.20008510587334,66.37775421142578,4781300
2016-07-19,66.17690175167503,66.57085951966647,66.09193035282541,66.5631332397461,6078200
2016-07-20,66.46970558850659,66.74219098793581,66.27507655440385,66.4229965209961,6289000
2016-07-21,66.18946403678562,66.4619495380326,66.08047221213042,66.37631225585938,5407000
2016-07-22,66.56313862356895,66.93682903277772,66.52421043566537,66.73441314697266,6165600
2016-07-25,66.58651201189666,66.79671478271484,66.29067789474094,66.79671478271484,5605300
2016-07-26,66.70327349759779,67.01468119000118,66.30622854129327,66.38407897949219,5379300
2016-07-27,66.36072840294835,66.40744342034222,65.64449482539521,65.75348663330078,7744700
2016-07-28,65.72234196004908,66.1583151093343,65.70677424810678,66.02596282958984,5911600
2016-07-29,66.08826531230352,66.78893135131183,66.01820167820746,66.63322448730469,7520900
2016-08-01,66.51643702671988,67.40394516629482,66.50086337396483,67.27159881591797,10420600
2016-08-02,67.74647731891778,67.84768822657767,67.13923563138745,67.5440673828125,13083200
2016-08-03,67.34942310970165,67.5129107624996,66.53197890610592,66.92902374267578,8192100
2016-08-04,67.04584418488416,67.36503286636514,66.79671913850524,66.99134826660156,5564100
2016-08-05,67.01466988570557,67.29493616763145,66.58648363842806,66.78111267089844,6729700
2016-08-08,66.6487624760519,66.87453285333282,66.27507214202676,66.76554107666016,5388200
2016-08-09,66.84340562158086,67.21709009496125,66.7032724591613,66.94461059570312,4158800
2016-08-10,67.1548262179496,67.59079350056626,66.95241029118813,67.1937484741211,5981400
2016-08-11,67.4973685839885,67.730925876648,67.26381723093769,67.5207290649414,7387100
2016-08-12,67.66863035602353,68.08124301411027,67.55963855726883,67.76205444335938,8063400
2016-08-15,68.13575632855678,68.17468452646507,67.72314356500881,67.74649810791016,6871200
2016-08-16,67.7153613104,68.04233678363755,67.31831627026355,67.4039535522461,8071100
2016-08-17,67.30274589510614,67.81656961203907,66.92906131879968,67.69979095458984,6762100
2016-08-18,67.68421289705402,68.08903878279955,67.68421289705402,68.07347106933594,7082800
2016-08-19,67.88662986897933,68.05012354504866,67.7698571569426,67.9722671508789,6199900
2016-08-22,67.83989851463282,67.89439440889713,67.40393136051834,67.61412811279297,5921100
2016-08-23,67.83211754144989,68.12017068718583,67.76205393118325,68.04232025146484,5420100
2016-08-24,67.98005397821767,68.08125897518582,67.38837983225945,67.9722671508789,5713300
2016-08-25,67.96446345026462,68.46271331974245,67.76204758466207,68.43157196044922,10595500
2016-08-26,68.40821974865699,68.89868281006328,67.86325485193174,68.18244934082031,16408200
2016-08-29,68.03455103568463,68.8208543010862,67.98005512261376,68.74300384521484,8934500
2016-08-30,68.29146223560541,68.74300319081352,68.08904630057953,68.15132904052734,11619400
2016-08-31,68.31481627847718,68.39266673303798,67.75428350226507,67.9722671508789,11407800
2016-09-01,68.01118248102817,68.75077056884766,67.71534843382193,68.75077056884766,29793300
2016-09-02,68.88312015368278,69.18674101486927,68.54057110430003,68.66513061523438,17470400
2016-09-06,68.7040695211367,69.0076904296875,68.41601632652839,69.0076904296875,14472100
2016-09-07,68.75076343735863,68.82861980872285,68.28365490720942,68.47049713134766,17556400
2016-09-08,68.47050399502298,68.64956535166019,68.22137902466326,68.3381576538086,23465700
2016-09-09,67.80877627854063,67.86327218817388,67.13925170898438,67.13925170898438,21955000
2016-09-12,66.98352823009854,68.80525311491473,66.92124551447918,68.70404815673828,16105700
2016-09-13,68.15914823163313,68.439414754867,67.73874844678234,67.76988983154297,19682700
2016-09-14,67.82433049069601,68.19801492403367,67.62970144928062,67.73869323730469,25397900
2016-09-15,67.53626769593318,68.71960948478682,67.53626769593318,68.55612182617188,13833600
2016-09-16,68.21361566893161,68.59508707854162,67.96449063454823,68.54837799072266,23518300
2016-09-19,68.44714946409083,69.24902027690513,67.92554498541074,68.7974853515625,19173900
2016-09-20,68.89870816214281,69.24903820068285,68.64958312727649,68.96099090576172,33986500
2016-09-21,68.9298296109867,69.12445867383467,67.29494667098535,68.35372924804688,55409800
2016-09-22,68.33035317751016,69.52148775958031,68.33035317751016,69.28014373779297,52692700
2016-09-23,68.99987596877916,69.24121998529435,68.11236813928758,68.32257080078125,48281400
2016-09-26,68.05789217895972,68.84419528955061,67.42729588906438,68.39265441894531,60276600
2016-09-27,68.55616890485445,69.14005634641869,68.24476702104168,68.78972625732422,65150800
2016-09-28,69.27236509819429,69.85625217240843,68.87532022463884,69.64604949951172,89806000
2016-09-29,69.41251217633128,69.49814349997865,68.15131370443616,68.68849182128906,74587500
2016-09-30,68.74301012713866,70.23776039905576,68.73522329895724,69.87185668945312,123735700
2016-10-03,69.56043426323834,69.63828470984511,68.82863293760468,69.02326202392578,26789500
2016-10-04,68.73520468010727,69.03882556123342,68.4705060501259,68.78191375732422,23317600
2016-10-05,68.88311826414508,69.2879440880864,68.67291555702353,69.1711654663086,64580300
2016-10-06,68.9843406522678,69.85628118346631,68.8753488283191,69.45923614501953,61462800
2016-10-07,69.2957302626384,70.10538784252454,68.74298446032917,70.06645965576172,20518800
2016-10-10,70.2143983835119,70.32339020801717,69.11668737149726,69.33467102050781,15492400
2016-10-11,69.15561054786288,69.38138100783512,68.6651414335889,68.92984008789062,11723100
2016-10-12,69.08554002004693,69.29574276311348,68.76635140152042,68.95319366455078,17118000
2016-10-13,68.54836736473777,68.95319325550342,68.19803144157463,68.69628143310547,11158100
2016-10-14,68.89869604045383,69.25681284384329,68.6807124157479,68.84420013427734,7369000
2016-10-17,68.84417601803142,69.0154505030478,68.2836434996528,68.37706756591797,7610600
2016-10-18,68.67292714623729,68.71963622698803,68.07347216470498,68.08125305175781,10749500
2016-10-19,67.97926971351498,68.11263787478484,67.02999270638294,67.10844421386719,12788800
2016-10-20,66.98289458250561,67.09272785329622,66.52002665352579,66.6298599243164,10175100
2016-10-21,66.22192802624943,66.5749627878378,66.0885538851136,66.15916442871094,13974100
2016-10-24,66.20621986279822,66.44942126900305,65.94732456785866,65.97870635986328,10573200
2016-10-25,68.63826758054871,69.10114163665695,68.23031616210938,68.23031616210938,20761200
2016-10-26,68.18324852302511,68.83440142303515,68.08125617622377,68.56766510009766,8464100
2016-10-27,68.6539418272173,68.72454636607432,67.8223393505152,67.92433166503906,6598300
2016-10-28,68.15186725539967,68.434297473344,67.82236134415366,68.12832641601562,7021100
2016-10-31,68.26169666979973,68.62257837537072,68.01064826655617,68.0969467163086,8207100
2016-11-01,67.92432695805319,68.24597981077511,67.84587548071595,68.13614654541016,8564500
2016-11-02,68.07340820543035,68.57551101454847,67.90865824630707,68.04987335205078,7773200
2016-11-03,68.09693429390967,68.23814936906501,67.8380389918807,67.94002532958984,6899900
2016-11-04,68.01064754253501,68.04202934078964,66.73971164781985,66.74755859375,9378100
2016-11-07,67.48500039135868,67.91649257470691,67.1555005343283,67.90864562988281,8878500
2016-11-08,68.07342042696797,68.79518997783312,67.93220529587124,68.61474609375,7674600
2016-11-09,66.88878930539109,67.89298314205959,66.14348489018398,67.41442108154297,11972500
2016-11-10,67.08489656529346,67.23395260544468,64.4724205646188,65.0843505859375,22095000
2016-11-11,64.85685534337964,65.94734755746656,64.84116743464084,65.5707778930664,8905700
2016-11-14,65.55508646061531,65.72768339055804,64.92746833455749,65.11575317382812,12862500
2016-11-15,66.35527201495938,66.35527201495938,65.0215729876044,65.60212707519531,9464000
2016-11-16,65.88457805446433,66.05716896133116,65.24910713401539,65.26480102539062,8542900
2016-11-17,65.32753435132578,65.50797812227255,65.06079815175462,65.1706314086914,9083700
2016-11-18,65.0529706034321,65.19418568808938,64.3233603302804,64.33120727539062,14565500
2016-11-21,64.33123131079904,64.91962671912952,64.10371770132181,64.83332824707031,11482100
2016-11-22,65.12358382499137,65.25695197004016,64.84900058945985,64.92745208740234,7426500
2016-11-23,64.79408214544955,65.06082443825609,64.7391654947932,64.86469268798828,7693300
2016-11-25,65.10789488278836,65.47662353515625,65.076513084133,65.47662353515625,3882900
2016-11-28,65.217701094389,65.39814486533577,64.92743005196904,65.1706314086914,6990100
2016-11-29,65.44524018123278,65.49231587083013,64.87253882941408,65.0294418334961,6183100
2016-11-30,64.73916259811689,64.98237002768383,64.53518989650041,64.69209289550781,12115500
2016-12-01,64.4959500761575,64.58224850642863,63.68788839767755,64.22136688232422,12516900
2016-12-02,64.60577554145776,64.86467080096514,64.38610901295357,64.64500427246094,9079400
2016-12-05,64.77054045380844,65.1784978031492,64.70778284930363,65.1078872680664,8597500
2016-12-06,65.3040171955709,65.31186414046698,64.8097674054916,65.04512786865234,7327200
2016-12-07,64.91175275943702,66.11992488004316,64.88821791057215,66.04147338867188,8567700
2016-12-08,65.73550912283339,66.04147413245285,65.50799560546875,65.50799560546875,7522800
2016-12-09,65.52368384775428,66.21407134827477,65.48446109415713,66.19053649902344,8004500
2016-12-12,66.06501790802464,66.8260100551956,66.06501790802464,66.78678131103516,7494100
2016-12-13,66.42587086759548,66.9671961783593,66.3160376140294,66.82598114013672,11795900
2016-12-14,66.91229980823556,67.26533451793611,66.03362752823914,66.19053649902344,12292200
2016-12-15,66.01794040555869,66.52788409208136,65.59429515762287,66.4337387084961,8768100
2016-12-16,66.6063355856698,66.7789324628435,66.01794040555869,66.4337387084961,21172400
2016-12-19,66.48864955302159,66.66909335945435,66.151302773098,66.45726776123047,6431200
2016-12-20,66.3474349975586,66.45726827694746,66.04931695142666,66.3474349975586,7485400
2016-12-21,66.04932952561052,66.4729748205328,65.9944128754613,66.11993408203125,6099300
2016-12-22,65.90026854167742,66.37883049444832,65.7982821856069,66.26899719238281,7864800
2016-12-23,66.43374526731361,66.82600875944809,66.33175891412637,66.65341186523438,5284200
2016-12-27,66.60633213372023,66.63771392662225,66.22975660436086,66.3709716796875,3782600
2016-12-28,66.21404964678824,66.39448742222064,65.86100906733063,65.95515441894531,4298800
2016-12-29,66.08855201605888,66.2846837637203,65.97871871620578,66.17485046386719,3718300
2016-12-30,66.03361723205762,66.25328377143929,65.83748553825767,65.9630126953125,6209800
2017-01-03,65.80610346686453,66.20621379643106,65.50798544833387,66.0571517944336,8792700
2017-01-04,66.25328225428073,66.37096246495877,66.08853235351715,66.29251098632812,8096700
2017-01-05,66.22192716585612,67.02214207494374,66.19838632798546,66.73186492919922,6852400
2017-01-06,66.63770082783442,66.88090219318852,66.38665251943104,66.70830535888672,4799900
2017-01-09,65.94734611348721,66.41806716188087,65.70414462782612,66.2140884399414,11000600
2017-01-10,66.16698387610116,66.23759439674053,65.3040056396626,65.50013732910156,10918200
2017-01-11,65.42170189916531,65.70413208007812,65.33540345580498,65.70413208007812,9572300
2017-01-12,65.67274815162183,65.8061162923157,65.40601187023408,65.77473449707031,6545400
2017-01-13,65.7825615410761,65.91592964142218,65.46090871168475,65.90808868408203,6762800
2017-01-17,65.82181232100297,67.13981783680023,65.8061184301377,66.84954071044922,13145100
2017-01-18,67.05512623923028,67.45049843160098,66.8890646094818,67.15792083740234,10520400
2017-01-19,66.92070708443973,67.21328473099582,66.64394770683367,66.97605895996094,14074500
2017-01-20,68.70778167716452,69.56969622587602,68.33613083717248,69.15059661865234,22944400
2017-01-23,68.86594770738591,69.07154300271682,68.6761706832589,68.76315307617188,9408900
2017-01-24,68.96872420094711,69.54596420663242,68.96872420094711,69.47480010986328,8704700
2017-01-25,69.45898795838794,69.50643672664478,68.84220826716009,68.9212875366211,8082900
2017-01-26,68.88966035117673,68.97664272544942,68.47056071472578,68.47846984863281,6542300
2017-01-27,68.35985225796092,68.6761512305151,68.01983191822288,68.57335662841797,9332300
2017-01-30,68.62079778265327,68.68405878228761,68.39939031683403,68.59707641601562,7350000
2017-01-31,68.5022028434021,69.31667485281221,68.42312958961641,69.26922607421875,9712400
2017-02-01,68.81851451865813,69.2613296474303,68.59710695427204,69.05574035644531,8291000
2017-02-02,69.2771390494206,69.862288399352,68.99247049369119,69.395751953125,8997200
2017-02-03,69.68040059363078,69.71993419496464,69.10315451146585,69.11897277832031,7161900
2017-02-06,69.19014196696786,69.41945859000657,68.89756433766296,69.11106872558594,7483000
2017-02-07,69.30085190995578,69.80692793954698,69.17433591900905,69.59342956542969,6646100
2017-02-08,69.64086318967433,69.85436153583777,69.43526794429008,69.8464584350586,6815800
2017-02-09,69.84647564536473,70.20230832094876,69.60924983970682,70.11532592773438,9914100
2017-02-10,70.02832679758897,70.16275793954729,69.5617904663086,69.5617904663086,11057600
2017-02-13,69.6171519523577,69.87018997084502,69.30085292102302,69.83065032958984,6905100
2017-02-14,69.5855038378824,69.75946856274122,68.97663333377724,69.47480010986328,20123400
2017-02-15,71.01677843828253,72.07637945640998,71.01677843828253,72.05265808105469,25847700
2017-02-16,71.8944968956786,72.05264943390573,71.59401612240076,71.79170227050781,12408500
2017-02-17,71.64934623585073,72.24240450000386,71.52282424370576,72.02890014648438,12152400
2017-02-21,71.62563265692275,72.5903418367488,71.62563265692275,72.48754119873047,9018700
2017-02-22,72.31358242263376,72.59034782514468,72.15543593511478,72.30567932128906,6749900
2017-02-23,72.44008389528297,72.59032723884891,71.88656531304014,72.0605239868164,7611600
2017-02-24,71.93403817760357,72.22660982241119,71.6968123813085,71.99729919433594,6643400
2017-02-27,71.58608958991637,71.8865763230703,71.21443875653186,71.87075805664062,11840300
2017-02-28,71.87868978679188,72.58245204163367,71.68100362458009,72.01311492919922,10535600
2017-03-01,71.99726740517767,72.66148968888372,71.72841121922526,72.47962188720703,8792200
2017-03-02,72.27405218580489,72.42428954607976,71.8628616464476,71.88658905029297,7031200
2017-03-03,71.88657840960067,71.88657840960067,71.0800157195042,71.56237030029297,8334900
2017-03-06,71.08004223674152,71.57030613387334,70.84281640811889,71.45960235595703,9533800
2017-03-07,71.2776960384942,71.55445535756743,71.21443504187727,71.39630889892578,5363000
2017-03-08,71.18281844747725,71.44376558481655,70.97722921766618,71.2777099609375,5503700
2017-03-09,71.2777055709895,71.5544649270758,71.24607506845085,71.43585205078125,5587400
2017-03-10,71.79961652848775,72.08428508470497,71.68100362458009,72.01311492919922,6797800
2017-03-13,72.00521755306158,72.3452380489126,71.83916187363256,72.2029037475586,7397500
2017-03-14,72.16336662277187,72.4243078018247,71.81543700683,71.95777130126953,6686400
2017-03-15,71.95774884784875,72.57452858699462,71.74425048926047,72.2740478515625,7855300
2017-03-16,72.30567932128906,72.52708681697636,72.03682305302463,72.30567932128906,6601200
2017-03-17,72.31360402091657,72.74851604084391,71.89451027420671,71.95777130126953,37010100
2017-03-20,71.9261262167298,72.28196489719356,71.91031397961918,72.13172149658203,7772900
2017-03-21,72.19499173585778,72.55082442888725,71.98148729371759,72.1080093383789,8211000
2017-03-22,72.20285940440556,72.59032845134762,71.76004453121482,71.94982147216797,7798000
2017-03-23,71.88660397392786,72.3215099416127,71.64146901318576,71.77589416503906,6831400
2017-03-24,71.77587567399085,71.89448855567609,71.33306068412786,71.61772918701172,9252000
2017-03-27,71.52283574443622,71.73634013228678,71.30933738948727,71.5544662475586,10072000
2017-03-28,71.30144002596518,72.00520224613587,71.26980951762123,71.76798248291016,11855800
2017-03-29,71.6098260973578,71.85496101563953,71.47540096878858,71.6414566040039,4252800
2017-03-30,71.56238294757523,71.6177348256661,71.24608391581214,71.32515716552734,3691900
2017-03-31,71.19071221373612,71.43584102946463,71.04046885808286,71.04837799072266,6942400
2017-04-03,71.0562822723784,71.21442871697428,70.73207421818663,70.91394805908203,6967400
2017-04-04,70.96931843908585,71.13537405911768,70.70837130779223,71.09584045410156,5680800
2017-04-05,71.16700902977033,71.56238130215793,70.97723202823686,71.1432876586914,6320100
2017-04-06,70.98512222650629,71.01675272649584,70.62138052597794,70.69255065917969,7231500
2017-04-07,70.74000384701912,70.85861673128389,70.51859634727258,70.55813598632812,4739100
2017-04-10,70.47904917272874,70.91396102423228,70.17856845989981,70.76371765136719,5956000
2017-04-11,70.89815398090848,71.02466996239896,70.60557634730284,71.00885772705078,5186000
2017-04-12,70.92978522422902,71.4991222775527,70.81908146751633,71.41213989257812,6286300
2017-04-13,71.20654550250372,71.59400862299445,71.0009502407956,71.19072723388672,5040100
2017-04-17,71.34890968272111,71.6335722753081,71.26983037227012,71.47542572021484,6931700
2017-04-18,71.48330730207992,72.06054743526666,71.43585852751926,71.79960632324219,7087800
2017-04-19,71.79161098852157,72.07048950934524,71.31353265581016,71.3932113647461,6919000
2017-04-20,71.47292017044789,71.47292017044789,71.16216881937538,71.17810821533203,6983500
2017-04-21,71.05059407283653,71.13824248457077,70.60438839789596,70.61235809326172,9061200
2017-04-24,71.01078473173986,71.4410572585091,70.9231362867073,71.35340881347656,8338500
2017-04-25,71.37730548526936,71.91115972730849,71.28965704802734,71.71195983886719,9088400
2017-04-26,71.59242583168049,71.7119469590984,69.80759685395677,69.91117858886719,11951300
2017-04-27,69.78368947461333,70.30957389158668,69.50481091416559,69.871337890625,8517500
2017-04-28,69.73589859403666,69.79167432309413,69.44108663148934,69.58451080322266,8295400
2017-05-01,69.62435266204639,69.79964956131147,69.38531640958412,69.39328002929688,4546600
2017-05-02,69.55262553229724,69.55262553229724,68.54068681468428,68.7000503540039,13197500
2017-05-03,68.76380411045915,69.02674334380931,68.44508307225796,68.86738586425781,6122000
2017-05-04,69.20202939901358,69.51278069092167,68.76379335921621,68.88330841064453,5986200
2017-05-05,68.95502944776756,69.01080516959416,68.62833873485619,68.92315673828125,4506200
2017-05-08,68.78769296823877,69.01876552140332,68.71597786183057,68.9629898071289,4634600
2017-05-09,69.1621886805207,69.17812199333305,68.70004358070392,68.84346771240234,9577600
2017-05-10,68.90722803180972,69.15423394797695,68.83551291089456,68.91519165039062,6178500
2017-05-11,69.01080337188051,69.02673668665973,68.42913707732866,68.66020965576172,6064700
2017-05-12,68.71599905415289,68.77974448415358,68.46102341324894,68.67616271972656,5892400
2017-05-15,69.04266475731826,69.09047077291318,68.72394380212675,68.78768920898438,5820700
2017-05-16,69.22593936013443,69.32155748997513,68.67615183106943,68.71598815917969,6554500
2017-05-17,68.71598657020168,69.0267378861259,68.46898067269721,68.73192596435547,7805800
2017-05-18,68.66820195841387,68.70007467756248,68.14231121111138,68.42119598388672,6985600
2017-05-19,68.52475797859611,68.82753960444492,68.26181268085756,68.71598815917969,7320700
2017-05-22,68.72394271024663,68.84346382643159,68.54864588372158,68.69207000732422,4260000
2017-05-23,68.7478584415721,68.95502800936268,68.5088222440577,68.5885009765625,4394200
2017-05-24,68.88331433164893,69.04267787908049,68.69208415382882,68.92315673828125,4878800
2017-05-25,68.98689621637895,69.30561720469734,68.96299320609708,69.20999908447266,4368000
2017-05-26,69.26578397391948,69.62434133382335,69.17813553854778,69.52075958251953,4337000
2017-05-30,69.52075291298397,69.80760120502723,69.40123177811637,69.64027404785156,4594500
2017-05-31,69.8553863739294,70.39721008836482,69.68008957233329,70.1900405883789,10146600
2017-06-01,70.13430589365683,70.22992404473439,69.61639095950946,70.22195434570312,6251300
2017-06-02,70.43707506257435,70.660177943732,70.12632375251941,70.58846282958984,6136400
2017-06-05,70.35739728307865,70.72392431838492,70.11835500483221,70.7079849243164,4115300
2017-06-06,70.7239180042554,70.89124515245011,70.47690605102757,70.75579071044922,6503000
2017-06-07,70.66019402480754,70.82752122375662,70.4370910928754,70.73190307617188,4781600
2017-06-08,70.73191759823878,70.755826699368,69.60843300917387,69.99886322021484,7712100
2017-06-09,69.99880721057684,70.28565540360341,69.7597711024516,70.24581909179688,9696900
2017-06-12,70.24584623195322,70.64424597851622,70.19006443150063,70.30958557128906,7867700
2017-06-13,70.4052105156117,70.4370832279144,69.93509560801978,70.16616821289062,6419300
2017-06-14,70.50878469102976,70.7159542591758,70.16616066948336,70.46894836425781,6183900
2017-06-15,70.30161913766761,71.40916990242656,70.30161913766761,71.21793365478516,7047500
2017-06-16,71.48886132870324,71.52869766138012,70.76377077226064,71.44105529785156,13855000
2017-06-19,71.39323326197957,71.60040283203125,71.07451224938414,71.60040283203125,5246200
2017-06-20,71.52867330727891,71.87926695841706,71.40118857538097,71.41712188720703,5674200
2017-06-21,71.40915301383593,71.672092153736,71.14620779483984,71.23385620117188,4164500
2017-06-22,71.1302865686333,71.24184408807585,70.83547465304905,70.93905639648438,4536700
2017-06-23,70.93906554505202,71.55260462517137,70.8354837882584,71.24981689453125,8782100
2017-06-26,71.4171366682119,71.45697907466784,71.13028836320275,71.2020034790039,4373300
2017-06-27,71.20202331165778,71.20202331165778,70.60442352294922,70.60442352294922,5180400
2017-06-28,70.97888136168044,71.08246307966466,70.32550619487333,70.41315460205078,4875000
2017-06-29,70.13430128522864,70.29366485988635,69.26579259996458,69.3135986328125,8123500
2017-06-30,69.36138420994843,69.6960384700565,69.32154181175136,69.4410629272461,6070300
2017-07-03,69.64026970721052,70.11834813778509,69.46497286421052,69.91117858886719,3607400
2017-07-05,70.00680155867242,70.11835299756802,69.71198356782119,69.85540771484375,4974300
2017-07-06,69.83948933908744,70.07852558252354,69.60841671506338,69.61638641357422,6038900
2017-07-07,69.87134261574552,69.97492435117474,69.54465193777347,69.83946990966797,5142200
2017-07-10,69.82355257864779,70.01478887553642,69.23392252765537,69.39328002929688,5356400
2017-07-11,69.50483886702779,69.68012969045141,68.77177854019634,69.1383056640625,5838600
2017-07-12,69.5127986655653,69.69606525697324,69.18611397535827,69.2896957397461,4374200
2017-07-13,69.1382952573756,69.36140424097623,68.9231620506335,69.08251953125,5448900
2017-07-14,69.28969365762997,69.55263898905785,69.1064331508277,69.4012451171875,4577700
2017-07-17,69.37732213399329,70.0466367778021,69.1143768782435,69.7597885131836,5227800
2017-07-18,69.80759351734402,70.72391401162095,69.68807239563888,70.6282958984375,7492300
2017-07-19,70.5640933953483,70.99774166945544,70.34726619489828,70.94955444335938,6008500
2017-07-20,70.92542301454165,71.72044132878494,70.91739079368968,71.15027618408203,7285000
2017-07-21,70.79693204801887,71.21451559469689,70.51585948339014,71.1583023071289,5714800
2017-07-24,71.11014213491055,71.15029099394864,70.64437125717608,70.8130111694336,6202000
2017-07-25,71.20650379097674,71.63211967985168,71.10210940607232,71.58393859863281,6766700
2017-07-26,71.47149998334007,71.808779748787,71.36710561597494,71.71241760253906,6987000
2017-07-27,72.5074436722995,72.87684623480378,71.47150760217671,72.82063293457031,11089200
2017-07-28,72.7242580037964,73.07760221684615,72.24242888486744,72.44319152832031,6137500
2017-07-31,72.44319830638133,73.13382235461981,72.44319830638133,72.93305969238281,7835700
2017-08-01,73.10170753094387,73.66384672231953,72.85276376331217,73.15792083740234,8662100
2017-08-02,73.05352027983028,73.31852847081454,72.7001760251846,73.10973358154297,7167700
2017-08-03,72.9651870727539,73.67990170542073,72.93306430954758,72.9651870727539,6413200
2017-08-04,72.8286559946603,73.14184521753174,72.70016496641075,72.81259155273438,5824400
2017-08-07,72.81260154308097,73.52731613711138,72.69214271926668,73.43095397949219,5011300
2017-08-08,73.39882375937988,73.8324718049707,73.26230663209842,73.54337310791016,5623400
2017-08-09,73.49518479957494,73.83247069225551,73.49518479957494,73.81640625,5572800
2017-08-10,73.76820509996402,73.8806316579962,73.63168801189465,73.67183685302734,6338200
2017-08-11,73.83249764638197,73.94492427605604,73.31051336472846,73.35066223144531,7094200
2017-08-14,73.51125805358551,73.8405056378155,73.27837262728123,73.59959411621094,5398400
2017-08-15,73.8083804929619,74.16975079709805,73.7842838294685,74.041259765625,5293400
2017-08-16,74.11354995850887,74.643560235438,74.03324611373665,74.2340087890625,7965500
2017-08-17,74.20190554941952,74.41872660003241,73.93689727783203,73.93689727783203,5711400
2017-08-18,73.86460168352953,74.50703852920132,73.76020117760004,74.25809478759766,6815000
2017-08-21,74.18582202776389,74.65159290775608,74.16976370942895,74.5712890625,4334300
2017-08-22,74.61145161314045,74.65160047644372,74.35446947940133,74.51508331298828,4731500
2017-08-23,74.2821898705677,74.41068092363577,74.10551773599445,74.2340087890625,3631900
2017-08-24,74.23399639732415,74.33839076542262,73.91277494506554,74.09747314453125,5173700
2017-08-25,74.40264113518089,74.57128103009089,74.20991070196803,74.29021453857422,4933000
2017-08-28,74.29824364413263,74.45082522862018,73.86460168352953,74.25809478759766,5386500
2017-08-29,74.26613296224569,74.4347728775061,74.07339637898457,74.13764190673828,3676300
2017-08-30,73.94490791256337,73.94490791256337,73.60762809817882,73.7762680053711,4709600
2017-08-31,73.79231613461985,74.19384141824573,73.75216115554142,74.09747314453125,5864400
2017-09-01,74.2179459742301,74.41068255806564,74.08946104513052,74.30628204345703,4960700
2017-09-05,74.02523694390712,74.47494351611012,73.91281030085636,74.4588851928711,6532100
2017-09-06,74.51509851439647,74.6114668342082,74.16978636022844,74.4588851928711,6747200
2017-09-07,74.47491784145055,74.97281146531066,74.14567025081968,74.65962219238281,7735400
2017-09-08,74.4909897829439,74.80417908739206,74.29022709410323,74.55522918701172,6070100
2017-09-11,74.7559748778062,75.63933540927907,74.60339943519786,75.47872161865234,10177300
2017-09-12,75.26189395940769,75.4706888052391,74.85233648825852,75.09325408935547,5804000
2017-09-13,75.0852341167918,75.30205509171574,75.0450791344625,75.1253890991211,5369300
2017-09-14,74.86841314186785,75.20569293698959,74.82825815953855,75.1253890991211,5492300
2017-09-15,75.34220824182236,75.34220824182236,74.53915762908633,74.90052795410156,12428800
2017-09-18,74.8202346492938,75.08524285922674,74.57129088487903,74.8041763305664,6177700
2017-09-19,74.95673470664312,75.84812129908676,74.95673470664312,75.6232681274414,6587200
2017-09-20,75.62330188358582,76.02482733412218,75.35026751808134,75.8080062866211,5941500
2017-09-21,75.60722342653396,75.88828994170068,74.24203358219626,74.39461517333984,9376700
2017-09-22,74.32237527849236,74.6837457912813,73.94494031409897,74.07342529296875,6837700
2017-09-25,74.22599968175382,74.75601012373698,74.14569581197364,74.4588851928711,6436200
2017-09-26,74.53917371837856,74.5632642616742,74.04128002536741,74.40265655517578,4885200
2017-09-27,74.2982573741181,74.2982573741181,72.54760638377627,72.97322845458984,9631200
2017-09-28,72.96519015895754,73.17398506523482,72.78048579440632,72.9892807006836,4999800
2017-09-29,73.0535217327336,73.42292431230521,72.83669461696495,73.06155395507812,6634500
2017-10-02,73.28640196051977,74.20187918546884,73.27033751697186,73.69595336914062,7302400
2017-10-03,73.8485444646811,74.15370153672191,73.52732294702238,73.97703552246094,5909900
2017-10-04,73.97703736442483,74.52311212000419,73.89672738791737,74.21794891357422,6140700
2017-10-05,74.2741418888893,74.40263291469468,73.83246777295928,73.90473937988281,6912800
2017-10-06,73.88065984469517,74.16172634700716,73.78429156099239,74.14566802978516,5241900
2017-10-09,74.20188874678477,74.37856088783661,73.8244539230451,73.97703552246094,5149000
2017-10-10,74.17779614904474,74.71583865330457,72.16213715522859,73.57550811767578,17125600
2017-10-11,73.14986770311434,73.66382566396875,73.13380938877005,73.4469985961914,7115400
2017-10-12,73.40685816409653,74.12959880145597,73.39079372112109,74.00111389160156,5984900
2017-10-13,74.44279515573352,75.09327036899766,74.3544590913,74.71583557128906,6956700
2017-10-16,74.6596178124969,74.9808392888271,74.45082293386376,74.79613494873047,4159100
2017-10-17,74.71582459552053,74.75597344731672,74.201872728929,74.5230941772461,5316100
2017-10-18,74.50705566137003,74.64357283320217,73.88870921279454,74.4990234375,7399700
2017-10-19,74.1915599566789,74.42619050223915,73.73848368812186,74.1025619506836,8585000
2017-10-20,72.58961530769028,72.78378998857156,70.86629572517579,71.40028381347656,19997800
2017-10-23,71.70773977600814,71.8938282491855,70.28378364361045,70.63168334960938,13358200
2017-10-24,70.68830839928924,70.72875811570756,70.21095483301744,70.37277221679688,11519000
2017-10-25,70.30802111945084,70.47792468454769,69.80639666104591,70.2756576538086,9024300
2017-10-26,70.54267831106272,71.01193330870409,70.4698589426359,70.79348754882812,6233800
2017-10-27,70.81775219076347,70.81775219076347,69.94395688511003,70.42131042480469,7433800
2017-10-30,70.3161340133841,70.45367415290661,69.70933274439474,69.79832458496094,5387100
2017-10-31,69.97631142357527,69.98440383445573,69.35333158519914,69.85494995117188,7119000
2017-11-01,69.84687333747317,70.50221673697266,69.66887730978151,70.2999496459961,4884100
2017-11-02,70.21096133642344,70.42132086847059,69.7659773783922,69.99251556396484,5021200
2017-11-03,70.21093684099894,70.51838670504279,69.95203526599911,70.04912567138672,5106500
2017-11-06,70.02487264081799,70.0976858340788,69.6041536151932,69.6203384399414,5186700
2017-11-07,69.61224594478861,70.38895086882381,69.11062131412541,70.37277221679688,6875100
2017-11-08,70.38086174346554,70.87439398481376,70.22714293757348,70.85821533203125,6910000
2017-11-09,70.67211989013916,71.3355556972922,70.63167017582963,71.02001953125,5280000
2017-11-10,71.18992256098312,71.51355113630918,71.02001894779481,71.32746887207031,7227300
2017-11-13,71.74007085035555,72.33878572128734,71.70770738387004,72.00706481933594,6873500
2017-11-14,71.79672603498958,72.0475414292562,71.57828028922378,71.90190887451172,5035500
2017-11-15,71.78862836228835,71.95853195364724,71.19800582524961,71.38409423828125,6688100
2017-11-16,72.68670563167352,72.73525393547436,71.82100264843702,72.20935821533203,7205100
2017-11-17,71.96661116942671,72.07988021928006,71.26272581286662,71.5458984375,5941800
2017-11-20,71.54591966763762,71.65109633865376,70.96338942542057,71.41646575927734,4926200
2017-11-21,71.3436428441768,72.17698220441471,71.21418895345572,71.7805404663086,6196400
2017-11-22,71.60252880780888,71.93424970077491,71.24653685881117,71.4649887084961,6006900
2017-11-24,71.67535707984528,71.97471457028519,71.53781695154906,71.56208801269531,2196700
2017-11-27,71.46502052363199,72.08800053901928,71.31938794990862,71.9747314453125,6199700
2017-11-28,72.39543067765064,72.42778797609921,71.93426201599645,72.33070373535156,4841300
2017-11-29,72.33071424322182,72.66242906846786,72.03135672112508,72.31452941894531,5158900
2017-11-30,72.29024886276657,73.11550195685189,72.1769797985119,72.80805206298828,9789900
2017-12-01,72.96177408619056,73.24494673547996,72.10416372757103,73.10740661621094,7953200
2017-12-04,74.24010472225709,74.36146619490847,72.67860274498474,73.9569320678711,9003700
2017-12-05,74.04592151711356,74.30482310318841,73.68184328356168,73.94883728027344,8683000
2017-12-06,73.94076084283704,74.25629702613318,73.68185920083245,73.8274917602539,6737400
2017-12-07,73.66565979054276,73.68183843805193,72.72713774480316,72.89704132080078,7273600
2017-12-08,72.83233017245841,73.11550903320312,72.47634429579071,73.11550903320312,5883400
2017-12-11,73.00222778320312,73.08313337019378,72.61387232386716,73.00222778320312,4856000
2017-12-12,73.18020277989282,73.22875106041229,72.6704921296837,72.69476318359375,6558900
2017-12-13,72.83233785858131,73.95694866298012,72.79188814042166,73.52813720703125,7141000
2017-12-14,73.57668675014564,73.97312856192194,73.54432327145132,73.62522888183594,5853500
2017-12-15,74.08639711212079,74.6527425533961,74.01358391511499,74.34529876708984,15924000
2017-12-18,74.41810812170715,75.35662417990228,74.28056181359193,74.33719635009766,7405700
2017-12-19,74.43430145145736,74.53947813350925,74.09449416541023,74.17539978027344,5644400
2017-12-20,74.2724526942191,74.40999278726218,73.9083683522408,74.05400085449219,6938500
2017-12-21,74.15921112377752,74.49901836399141,74.05402828320996,74.16729736328125,4860400
2017-12-22,74.33722259107294,74.78221280120019,74.20777482166555,74.53948974609375,4919400
2017-12-26,74.71745663528964,75.05726384150054,74.55564544358005,74.82263946533203,3431900
2017-12-27,74.8307262716297,75.04108576060881,74.37764999324517,74.51519012451172,4276700
2017-12-28,74.67701710116081,74.87119179221591,74.36148091343298,74.49092864990234,3005400
2017-12-29,74.62846144432756,74.80645746554599,74.33719635009766,74.33719635009766,4346700
2018-01-02,74.36956275430718,74.37765516632727,73.26114304292395,73.34204864501953,7558900
2018-01-03,73.4067843704554,73.69804333827479,73.2368745612322,73.25305938720703,5863600
2018-01-04,73.48767845214867,74.24819849067396,73.30968243056779,73.7708511352539,6322500
2018-01-05,73.84366040442553,73.86793763829057,73.27731506826564,73.81938934326172,5949700
2018-01-08,73.5685912536388,74.24820575962612,73.5685912536388,74.20775604248047,4860700
2018-01-09,74.00549484113095,74.15112741441524,73.63332408111613,73.66568756103516,6630100
2018-01-10,73.55241849815575,73.55241849815575,72.82425563143248,73.19642639160156,6564700
2018-01-11,73.13976705148491,73.23685128566932,72.75141159664564,72.9375,5469700
2018-01-12,72.856625376915,73.0912498243729,72.29027368844598,72.5006332397461,8111000
2018-01-16,72.9294136816698,73.43912447181776,72.52487954490762,72.994140625,9465300
2018-01-17,73.2692222407693,74.2158368296896,73.16404558542312,73.78702545166016,8345500
2018-01-18,73.56691755583562,73.90116740426231,73.10223314151095,73.51800537109375,7699800
2018-01-19,73.59953100720399,74.3984653052884,73.56692080934756,74.24356842041016,9364000
2018-01-22,74.08867318872304,74.93651969263102,73.99899669755666,74.91206359863281,8658000
2018-01-23,73.22450024906945,73.54244180441879,72.22991129346084,72.59677124023438,18756300
2018-01-24,72.60491145738675,72.68644002790094,71.49619007176574,71.99348449707031,15141900
2018-01-25,72.29513546543437,72.59677505265446,71.74892878727916,72.01795196533203,11264400
2018-01-26,71.87937536324307,71.87937536324307,71.11305755293047,71.52067565917969,11503100
2018-01-29,71.48806416277306,71.52882224080071,70.67282796511711,70.81141662597656,11685800
2018-01-30,70.77881765918481,71.2842664210228,70.62392076673649,70.88479614257812,9662900
2018-01-31,70.77064365053076,71.25979028495368,70.1755247822782,70.38748168945312,11798100
2018-02-01,70.2326104942619,70.51794196345693,69.75161782925353,69.988037109375,8606300
2018-02-02,69.7516122935699,69.7923765944024,68.65104458844206,68.68365478515625,12846300
2018-02-05,68.47168042612695,68.78147413440288,65.30041239611866,66.08303833007812,17462200
2018-02-06,65.6509710534515,67.21622308527587,65.31672744133422,67.1591567993164,19955500
2018-02-07,67.09393958939707,67.98254403332528,66.70262348929246,66.71892547607422,11851800
2018-02-08,66.8738144457744,67.02871129083022,65.34117285910442,65.39823913574219,14596100
2018-02-09,66.01783353901948,66.05859161921792,64.0694132006699,65.15367889404297,18838800
2018-02-12,65.71619056208861,66.58033894353585,65.6917344712565,66.30316162109375,10769000
2018-02-13,66.15641055319836,66.71077134826454,65.96075563133905,66.44174194335938,9278700
2018-02-14,66.08304956511185,66.24610054975643,65.43901217022369,65.77326202392578,9412000
2018-02-15,66.00968953979422,67.18363189697266,65.62652745267295,67.18363189697266,8910700
2018-02-16,67.02058217355702,67.8684287566479,66.95536177029771,67.3385238647461,10371700
2018-02-20,67.00427327243277,67.02872936619283,66.0912063802477,66.31131744384766,7087700
2018-02-21,66.28685326425648,66.69447136322695,65.3737927032081,65.41455078125,9134500
2018-02-22,65.60205313250552,66.26239241509516,65.3574798027829,65.9036865234375,10277700
2018-02-23,66.04229519674551,66.13197168840198,65.61022094772405,66.07490539550781,10321800
2018-02-26,66.40097911322668,66.59664025915372,66.0748896428642,66.54772186279297,9422200
2018-02-27,66.7597016983757,66.84937819109085,65.63467781671223,65.65913391113281,8919600
2018-02-28,65.77325755635047,65.86293403687405,63.996042372873944,64.01234436035156,16862000
2018-03-01,63.91452860051879,64.6319343215301,63.506910441357014,64.15909576416016,13504200
2018-03-02,63.97974862315496,64.94172772192016,63.93083021490624,64.81128692626953,9317700
2018-03-05,64.63193940719037,65.5368522893147,64.52596091658266,65.45532989501953,8177000
2018-03-06,65.55315448617849,65.56130237102852,64.70530797981827,65.2352066040039,9085300
2018-03-07,64.83572915501709,64.9254056279092,64.32213262643718,64.53409576416016,9089500
2018-03-08,64.54225882578228,65.21075236834204,64.41997213219314,65.19445037841797,7951700
2018-03-09,65.36565339536685,65.83033788458529,65.13738820343639,65.45532989501953,7662200
2018-03-12,65.40642182412881,65.72436353574777,65.0232597050597,65.10478210449219,7182000
2018-03-13,65.21891155759465,65.37380846286717,64.6971607627147,64.99064636230469,9620200
2018-03-14,64.96620172516832,65.08848223010007,64.28955390566041,64.4036865234375,8898100
2018-03-15,64.4770336662558,64.51779796769578,64.02865744921185,64.13463592529297,6996900
2018-03-16,64.34658597644152,64.72159383813745,64.27321149276302,64.37919616699219,17715400
2018-03-19,64.3792013248567,64.8683417827895,63.80853227413645,64.12648010253906,8368200
2018-03-20,64.19170788200717,64.48519346295694,63.55582452986924,63.841156005859375,8465500
2018-03-21,63.629218797874344,63.78410952165738,62.675387253652886,62.80582809448242,9822800
2018-03-22,62.6345997124303,63.19710846973894,62.259591800971634,62.29220199584961,10481600
2018-03-23,62.60199970844793,62.91994138556711,61.80306535327683,61.88459396362305,11728300
2018-03-26,62.42263655560281,62.667209907308276,61.974254150729024,62.29220199584961,12937000
2018-03-27,62.39003678696495,63.94714119886883,62.20253590978097,63.417236328125,11288200
2018-03-28,63.54765655846488,64.51778958490273,63.54765655846488,64.2732162475586,12857800
2018-03-29,64.75422181283939,65.61837033061013,64.55041273074178,64.6319351196289,10036400
2018-04-02,64.61562890978625,64.7053053976333,62.8221053726045,63.09928894042969,12017200
2018-04-03,63.22972224974962,64.24061968900877,62.91993471048192,63.963436126708984,11933100
2018-04-04,63.44168417475655,64.82758329980632,63.25417710219246,64.44442749023438,9030800
2018-04-05,64.47701355732819,64.66452057781004,64.0041813947896,64.2406005859375,7864700
2018-04-06,63.8900564819385,64.69713849312284,63.50689451326532,63.938968658447266,8300800
2018-04-09,64.24062280372318,64.28138088678877,63.23787941996741,63.7188720703125,9031200
2018-04-10,64.16726072261763,64.27323922281228,63.53953138802373,63.89008331298828,6779000
2018-04-11,63.74332616942217,64.15094430587887,63.62103948453333,63.80854034423828,7143500
2018-04-12,64.11018598074705,64.15909817135856,63.417236328125,63.417236328125,8282300
2018-04-13,63.63735578212324,63.947149616133174,63.360178372493884,63.89008331298828,6198500
2018-04-16,64.0449519508841,64.28952529141426,63.621031876357996,64.0857162475586,5962200
2018-04-17,64.34658671537483,64.3547408180456,63.66993924813317,63.938968658447266,6492400
2018-04-18,64.06123939717507,64.14276174434677,63.60470305745206,63.75144577026367,7349400
2018-04-19,62.029395117921275,62.300914074465254,61.05028472891901,61.6673698425293,16955600
2018-04-20,60.91864162115128,61.64268587622535,60.67180507105268,60.72117614746094,14085000
2018-04-23,60.54837971201727,60.86926970052794,59.865477054295354,60.06294250488281,13653400
2018-04-24,60.11232430730337,60.334478494723264,59.363597528424904,59.65156936645508,16551700
2018-04-25,59.57752492097498,59.85726721167063,59.199040456492355,59.48701858520508,14208800
2018-04-26,59.70914193911317,60.07116713324247,59.544588456679655,59.857242584228516,11204300
2018-04-27,59.676242590647476,60.12877417888272,59.412953196759965,59.906620025634766,8144800
2018-04-30,59.988903428941384,59.99712671073108,59.37181831974,59.51991271972656,13076500
2018-05-01,59.28130979168577,59.511687219496125,58.96042604904791,59.20725631713867,8103800
2018-05-02,59.19079915891318,59.24839351166428,58.195236045750605,58.368019104003906,10830900
2018-05-03,58.261057146543564,59.0097900541792,58.20346279036498,58.71358871459961,9386500
2018-05-04,58.730045755950144,59.75029767740378,58.69713379616314,59.59396743774414,8107400
2018-05-07,59.7914384615701,60.24397010394609,59.149670879520556,59.223724365234375,6633600
2018-05-08,59.28131151751963,59.33890587614894,58.50789617822807,58.779415130615234,8084100
2018-05-09,59.05093589699801,59.69270976620905,59.02625349381974,59.54460906982422,7528400
2018-05-10,60.01360298171579,60.34271011216875,59.80790788652463,60.18638610839844,7618500
2018-05-11,60.58130036954702,60.968008045597465,60.10409265184962,60.36738204956055,7586200
2018-05-14,60.704713558611644,60.704713558611644,60.13699329223421,60.2933235168457,8646900
2018-05-15,60.31800614294636,60.40028917346162,59.733833034708574,60.02180480957031,11502800
2018-05-16,60.046498121296096,60.828136753030165,60.03003900299668,60.4990234375,8325000
2018-05-17,60.49078847820727,60.88572567704946,60.39205888648209,60.852813720703125,8053600
2018-05-18,60.869279598220004,60.94332680023824,60.15345859213786,60.43320083618164,7042700
2018-05-21,60.68002930198558,61.091419331151585,60.408510376180736,60.935089111328125,6428400
2018-05-22,61.26419603007154,61.6591331790891,60.745846906966946,60.910400390625,7744200
2018-05-23,60.90218851774195,61.13257224999921,60.655358220581434,61.033836364746094,6592500
2018-05-24,60.951557366353775,61.17370525339238,60.548390557657804,60.69649124145508,6508900
2018-05-25,60.80344106425032,61.39584364727165,60.680022813235375,61.140777587890625,7546500
2018-05-29,60.93510316562662,61.461682022226114,60.69649614039949,60.9268798828125,8905600
2018-05-30,61.15724519190439,61.72495918167739,60.92686777259779,61.61800003051758,8128600
2018-05-31,61.43700557479879,61.45346469665281,59.89841037918145,60.20283508300781,15526000
2018-06-01,60.33447123349067,60.67180783820903,59.947763550112306,60.43320083618164,7209300
2018-06-04,60.50725753135919,61.39586166669267,60.43320404809064,61.033836364746094,8743800
2018-06-05,61.11611332453377,61.198390090515204,60.556622527619226,60.861053466796875,6910100
2018-06-06,60.943332405497515,61.231304235356575,60.655360575638454,61.173709869384766,7002900
2018-06-07,61.03383378608724,62.85217722413247,60.968009865366206,62.33382797241211,13476100
2018-06-08,62.40788273226861,63.5268644107665,62.31737639964633,63.50218200683594,13625300
2018-06-11,63.3293947725533,63.92179753751992,63.255341288275005,63.7901496887207,9049400
2018-06-12,64.02876208012407,64.08635644947844,63.444588826010964,63.55154800415039,8786000
2018-06-13,63.68318892160456,63.68318892160456,62.69584891232978,62.91800308227539,8022400
2018-06-14,62.99205963765204,62.99205963765204,62.284468056366755,62.523075103759766,8895200
2018-06-15,62.66295743068222,63.773709700215306,62.46548561768188,63.666744232177734,14943500
2018-06-18,63.23890926633204,63.43637482722862,62.02942093587108,62.3996696472168,7384900
2018-06-19,62.19395261296002,63.09078629960606,62.177499770897015,62.80281448364258,8514000
2018-06-20,62.819245949599,62.819245949599,62.152796219817766,62.40785598754883,6603500
2018-06-21,62.14457767021517,63.39520689165903,62.14457767021517,62.893310546875,8691200
2018-06-22,63.18127274715274,63.87240488803211,63.16481363295305,63.70785140991211,11446400
2018-06-25,63.584431688511984,64.12746945288114,63.5021549513595,64.0040512084961,11300500
2018-06-26,64.00406629329798,64.43190919371465,63.650270590576554,64.17684936523438,9558500
2018-06-27,64.26734572289836,64.76101246298595,63.81481421605204,63.92177963256836,7873300
2018-06-28,64.06165683829683,64.44013491772674,63.897103335001646,64.21798706054688,5714400
2018-06-29,64.11925239643223,64.62114875141675,63.592673643221254,64.22621154785156,7679900
2018-07-02,63.765479356545065,64.43192945462715,63.69965541968567,64.28382873535156,6092800
2018-07-03,64.62114506841411,64.80215768151015,63.9958304806224,64.09456634521484,5897200
2018-07-05,64.29201957484483,65.20530574743555,64.2755667391973,65.17239379882812,7956100
2018-07-06,65.31230170964486,65.50977351266673,64.91737065823288,65.25470733642578,7244000
2018-07-09,64.55531220769772,64.85974303999473,63.99582160721109,64.0616455078125,9095900
2018-07-10,64.2344510322792,65.77305229172705,64.16862710862782,65.67431640625,12773500
2018-07-11,65.51798038512631,65.69076346150376,65.0243135558601,65.13127899169922,7851600
2018-07-12,65.2793594967662,65.4274601417556,64.64582168489174,64.90911102294922,8556800
2018-07-13,65.06547137184134,65.38635520510702,64.91737065823288,65.25470733642578,6021300
2018-07-16,65.17241768424371,65.51798385530161,64.85976347385531,65.43570709228516,6931200
2018-07-17,65.54266704938563,66.23379933366967,65.45216073444642,65.84709167480469,8983400
2018-07-18,65.5920639038086,65.9952246000073,65.27118000395207,65.5920639038086,9105100
2018-07-19,65.10799833712629,65.74729237004581,64.66796823706431,65.3653793334961,8010600
2018-07-20,65.02498581192931,65.63936720595339,65.02498581192931,65.3238754272461,8234700
2018-07-23,65.1660926217648,65.53970761456159,64.95853084830524,65.18270111083984,5881600
2018-07-24,64.3773816436655,65.59784628752016,64.3773816436655,65.58123779296875,8297100
2018-07-25,65.35705857677176,66.08767380984051,65.35705857677176,65.97974395751953,6208400
2018-07-26,66.05448433537819,67.0590829782107,65.97976510619446,66.49451446533203,9771100
2018-07-27,66.14581604256529,67.10890617192464,65.97146482968866,66.9013442993164,7492900
2018-07-30,66.47791605426023,66.83492272716808,66.28695634509693,66.58584594726562,7090700
2018-07-31,66.74358644076635,67.23343568930314,65.94654971525286,67.15040588378906,9878200
2018-08-01,66.76849769890562,67.10059794223189,66.51112301911327,66.95945739746094,7556700
2018-08-02,67.08398229386033,68.26293190308029,66.90962479209595,68.08027648925781,9261700
2018-08-03,68.1965066762677,68.99354325357379,68.01385127295687,68.35425567626953,7102800
2018-08-06,68.24632216804247,68.85240545430356,68.20481360565554,68.51200103759766,5669200
2018-08-07,68.42069519383143,68.64485921758693,67.85612667611959,68.61164855957031,6418000
2018-08-08,68.16331064642193,68.74448763017558,68.16331064642193,68.3708724975586,4891300
2018-08-09,68.44559609763827,68.44559609763827,67.49911459030342,67.58213806152344,5167400
2018-08-10,67.49911814981883,67.88103120499868,67.25004138873905,67.60704803466797,5566000
2018-08-13,67.8311998287783,68.14669784719678,67.37456762813243,67.68175506591797,5068100
2018-08-14,67.57384472229099,67.84782792240141,67.44100841375268,67.5074234008789,6226900
2018-08-15,67.49912866679075,68.38749329610555,67.09230280468766,68.32937622070312,8753500
2018-08-16,68.46220650780228,69.74078838836999,68.33766811882306,69.48341369628906,12368000
2018-08-17,69.5166243556359,69.90683535081854,69.40868812918731,69.48341369628906,8409300
2018-08-20,69.64947169312605,69.69928452289521,69.16792655773546,69.44190979003906,6795800
2018-08-21,69.38377744808211,69.74078409623186,68.98525589473245,69.65776062011719,8534500
2018-08-22,69.58303160659138,69.61624226224717,68.96034606518614,69.23432922363281,5132600
2018-08-23,68.91885647075114,69.40869952439449,68.77770956178286,69.10980987548828,4323200
2018-08-24,69.09318512882264,69.36716827315645,68.93543610615447,69.20941925048828,5356000
2018-08-27,69.32566884295811,69.59134779952375,68.92714724096665,69.2758560180664,3941500
2018-08-28,69.50832440658115,69.62455855434179,69.17622412685681,69.30906677246094,5405200
2018-08-29,69.33398368346383,69.54154559793474,69.15132818524351,69.31737518310547,4520400
2018-08-30,69.2343222928251,69.52490758286774,69.06827536545337,69.25093078613281,4549700
2018-08-31,69.20111111178336,69.35055587898982,68.40407446477695,68.86901092529297,6674900
2018-09-04,68.4788041510402,68.8773193314681,68.13839969740195,68.66145324707031,5800700
2018-09-05,68.17161397481782,69.30075093651838,68.17161397481782,69.15130615234375,7651900
2018-09-06,68.83580778648441,69.16790164437853,68.4870991008407,68.61994171142578,7541100
2018-09-07,68.16331216106303,68.24633563650553,67.457603118374,68.00556945800781,11110900
2018-09-10,68.56183576083744,68.99356164661599,68.36257181267626,68.39578247070312,6783000
2018-09-11,68.18823344663785,68.42900601194917,67.77310964457416,68.08860778808594,5210300
2018-09-12,67.99725546513518,69.05997100078031,67.83120220376298,69.0018539428711,5925200
2018-09-13,69.13468914535794,69.31734456289213,68.61993987879883,69.28413391113281,5328400
2018-09-14,69.30074281400796,69.46678973950245,68.88561916598758,69.41697692871094,5004100
2018-09-17,69.32565583814853,69.96494353004975,69.1928132176427,69.9483413696289,7098800
2018-09-18,69.9815485490066,69.9815485490066,69.39207370192993,69.74077606201172,6022800
2018-09-19,69.67435475505772,69.9815485490066,69.5498163880901,69.74077606201172,6157600
2018-09-20,69.98155435544847,71.10238708258484,69.93174153824218,70.86991882324219,10053000
2018-09-21,71.24350392163694,71.6337210847067,71.0027314947581,71.2518081665039,17402500
2018-09-24,71.09407210711748,71.16049340955979,69.93173098579726,69.96493530273438,6389400
2018-09-25,69.97323825458103,70.08117445262393,68.97694407351435,69.0101547241211,5657200
2018-09-26,69.11810718905018,69.73248859046389,68.9354517181279,69.12641143798828,6581000
2018-09-27,68.94375633368807,69.43359934077905,68.75279661281222,68.7943115234375,6277600
2018-09-28,68.9354557771288,69.15132192222795,68.73619813088376,69.10150909423828,5125800
2018-10-01,69.16791490754933,69.50831941173406,69.05168076814125,69.46680450439453,4899900
2018-10-02,69.30904230275395,70.10607889212532,69.21771459971605,70.03965759277344,7390900
2018-10-03,70.1060919286776,70.1725069060959,68.78599527928675,68.93544006347656,7958700
2018-10-04,68.49541528512721,68.49541528512721,67.33306757706796,68.01387023925781,7029900
2018-10-05,68.06368581477089,68.45389677871175,68.06368581477089,68.20482635498047,5454600
2018-10-08,68.06367407018335,68.69465743551932,67.87271441075012,68.4123764038086,7192300
2018-10-09,68.40410222723492,68.67808546735951,68.13011898711031,68.24635314941406,6268100
2018-10-10,67.92251330114222,68.64483055930403,67.61532592773438,67.61532592773438,9295800
2018-10-11,67.78138771798805,68.0553708417704,65.31555227251522,65.48160552978516,12560300
2018-10-12,65.89675484476938,65.90505276015266,65.16613289670106,65.63937377929688,9878700
2018-10-15,65.59783709349848,66.86811437439917,65.52311154705994,66.5277099609375,9691500
2018-10-16,66.34506811916195,67.32475390150587,66.33676387214486,67.25833892822266,9462600
2018-10-17,67.05077945177722,68.22972919830238,66.73528139687278,67.96405029296875,10375300
2018-10-18,67.60136792985023,68.12904326879465,67.00668437287165,67.20770263671875,9869500
2018-10-19,71.07735685706754,73.50635098690958,71.07735685706754,73.12106323242188,30276400
2018-10-22,72.64364186998498,73.07080498397427,71.3872662377077,72.53475189208984,14124100
2018-10-23,72.0405392475307,73.1210224387438,72.0405392475307,73.0037612915039,16269500
2018-10-24,73.10431154360502,75.96884654724713,73.05405856151705,74.93024444580078,26703500
2018-10-25,73.79948072057097,74.82133358565625,73.12941138240707,74.54492950439453,14647000
2018-10-26,74.28529144085712,74.68732798983751,73.19643020604508,73.59009552001953,14335900
2018-10-29,73.95026797289269,74.8967352832605,73.23832308348278,73.90838623046875,12878900
2018-10-30,74.41929694512724,74.90509693652001,73.8832439857474,74.7040786743164,13844000
2018-10-31,74.35230360035956,74.81297719990752,73.0959280273269,74.27692413330078,13362400
2018-11-01,74.38579412023816,75.2401329322957,73.85811877650058,75.03910827636719,9732400
2018-11-02,75.28200400350688,75.34063459392785,74.52818395245329,75.22337341308594,11336000
2018-11-05,75.29038658687065,76.58864367631406,75.23175599258805,76.38761901855469,12270100
2018-11-06,76.10284720824964,76.66402669249503,75.7426860008485,76.64727783203125,8857800
2018-11-07,76.71429161233368,76.73942449232746,75.90184075305837,76.46302032470703,9019800
2018-11-08,76.17823981546312,76.66403992609573,75.94371738695273,76.52165222167969,6614400
2018-11-09,76.51324969426129,77.6188596333249,76.36248441210468,77.40109252929688,10713500
2018-11-12,77.23359060657059,78.2721925837343,76.84830287940107,77.64400482177734,12522100
2018-11-13,77.03256502462844,78.37269751197361,76.71427916558314,78.2889404296875,13438700
2018-11-14,78.24706397949141,78.64910694798334,77.8869027500998,78.30569458007812,11623000
2018-11-15,78.17169274508393,78.64911522589829,77.66076614751421,78.59048461914062,12506000
2018-11-16,78.58210754394531,79.41131367112573,78.45646870279509,78.58210754394531,13013500
2018-11-19,78.4983525024038,78.89201789953106,77.81991168878447,78.13819122314453,9458300
2018-11-20,78.09630149979255,78.55697508559251,76.94043830758957,77.1414566040039,12074000
2018-11-21,76.77290294489805,77.36758643415607,76.42111303540703,76.56350708007812,8911800
2018-11-23,76.42950902921415,77.04931914878206,75.91020485915355,76.67240905761719,4399600
2018-11-26,76.34575440897414,77.39273401855894,76.34575440897414,77.0074462890625,8171400
2018-11-27,76.99906710546357,77.77802017484912,76.93205887814398,77.66075897216797,9023400
2018-11-28,77.58537013346672,78.07954780311297,77.23358653895951,77.90365600585938,8093700
2018-11-29,77.77801857830408,78.14655743074061,77.61050440369993,77.74451446533203,6126900
2018-11-30,78.04603132454478,79.27728010048777,77.68587016144754,79.16001892089844,16291800
2018-12-03,79.29404385714835,79.29404385714835,77.27547055187992,78.1633071899414,13934700
2018-12-04,78.30571071901059,79.45320287014344,78.03768414819399,78.15494537353516,11123600
2018-12-06,77.64399821996733,78.42295123417243,76.28711685927547,78.35594940185547,14199200
2018-12-07,78.38946106445317,78.54860402380316,77.17496716803886,77.43461608886719,7996800
2018-12-10,78.1046795916687,78.23031842402295,76.53002454489736,77.92041015625,9307600
2018-12-11,78.49834301883193,79.16840612446808,78.23031649852621,78.65748596191406,8743800
2018-12-12,78.90873799760183,79.19351970053543,77.9790198340248,78.75797271728516,9644000
2018-12-13,79.46155439564203,81.06971329228206,79.40292380223083,80.81843566894531,18541300
2018-12-14,80.78493361324381,81.16185005782955,80.42477241877594,80.94407653808594,12657300
2018-12-17,80.40804276540192,80.82683465480504,77.39274243975076,77.70264434814453,12427600
2018-12-18,78.00416214963006,78.15492746055033,76.94043373776648,77.46810913085938,12250600
2018-12-19,77.51835832101331,78.1884213114083,76.46300128307854,76.8566665649414,10825600
2018-12-20,76.64727981293487,77.25034104930914,75.49141031313219,76.20336151123047,14439200
2018-12-21,75.89345381566997,78.0376658802615,75.6840579065417,76.19498443603516,24030000
2018-12-24,75.75944091555142,75.93533911088464,72.76926744873155,73.17131042480469,7396300
2018-12-26,73.22156920198174,75.45791625976562,72.65201200173365,75.45791625976562,8630900
2018-12-27,75.05586685088937,77.09957287823737,73.87487090845299,77.0744400024414,11360100
2018-12-28,77.52673555892099,78.12979677015552,76.08609075213974,76.3708724975586,9611800
2018-12-31,76.74776167764361,77.20843508595489,76.34572523971192,76.99066162109375,7239500
2019-01-02,76.24523970468512,76.5467703341278,75.32389895483524,76.45463562011719,9843900
2019-01-03,76.16987205393758,77.47650072396759,75.70082078526083,75.91859436035156,9820200
2019-01-04,76.08609484579966,77.46810913085938,75.69243590252746,77.46810913085938,10565700
2019-01-07,76.98232656076436,77.47649791255895,76.55515705327181,77.15821838378906,9012500
2019-01-08,77.64398087905172,77.97063790331907,76.90690976613516,77.44296264648438,9551300
2019-01-09,77.63563821057902,77.86178300664184,76.06097670370919,76.17823791503906,15015600
2019-01-10,76.12796543039853,76.67239599508233,75.89344306782831,76.36248779296875,11102300
2019-01-11,76.78128655875466,77.04094181837145,76.31224179081055,76.86504364013672,7166600
2019-01-14,76.6389018928515,76.9823142473445,76.09447125709153,76.34574890136719,7952000
2019-01-15,76.34575569132136,77.56862712902567,76.33737806503217,77.06607818603516,7834500
2019-01-16,76.83991587305597,77.1833282083267,76.21172818778514,76.53001403808594,7964500
2019-01-17,76.57813729456777,77.29571309115445,76.27422177870542,76.51904296875,8044500
2019-01-18,77.13532182692124,77.53209435436362,76.85673151635207,77.17752838134766,9100300
2019-01-22,77.15220752542932,77.45612307400816,75.20208812271437,76.35021209716797,13518500
2019-01-23,79.50755354514175,81.39014125731762,79.04323631275773,80.06472778320312,22869000
2019-01-24,79.60040468500326,79.82833810151614,78.67177680460512,79.60884857177734,12146400
2019-01-25,79.71015683017094,80.10693581491086,78.56203287293171,79.01790618896484,10618000
2019-01-28,78.78149361082946,79.33023012203306,78.48602208658019,78.95033264160156,9765600
2019-01-29,79.1782914394482,79.45688170386597,78.59578569399245,78.96723937988281,9769800
2019-01-30,79.02632955672622,79.91275073675777,78.99256045607007,79.7945556640625,7750200
2019-01-31,79.71859483096318,81.72780838736337,79.42312319631588,81.44078063964844,16044400
2019-02-01,81.3394651966707,82.40316941598292,81.03554970543863,82.28498077392578,12720800
2019-02-04,82.06548567786596,82.91813783943435,81.65182542634781,82.75773620605469,11887500
2019-02-05,82.72396951400003,82.74929473247245,82.06548807052437,82.25965881347656,9772300
2019-02-06,82.09925322780585,83.00255580774464,81.98950847276953,82.66487121582031,8693900
2019-02-07,82.32719792594064,82.39473614175687,81.331031785447,82.00640106201172,8732500
2019-02-08,81.89664377899228,82.49603086098423,81.63493484289039,82.48758697509766,7483200
2019-02-11,82.30185342983928,83.06164207782986,82.25120300023899,82.96033477783203,8494100
2019-02-12,83.05321224584642,83.86365146056959,82.71553407031054,83.7961196899414,11238800
2019-02-13,83.82144883416163,84.16757091253339,83.58507152389825,83.77923583984375,11587200
2019-02-14,83.3233433246715,83.4246506231773,82.59732378737274,83.12073516845703,7930100
2019-02-15,83.53439909300612,83.74545114371185,82.94345592734908,83.13762664794922,12069100
2019-02-19,83.20516593632352,84.42082791941851,83.12919028277909,84.41238403320312,10098200
2019-02-20,84.2351000451186,84.60655374451113,83.52596819078518,83.81299591064453,8947400
2019-02-21,83.66102275888505,84.30262272856197,83.23047481758111,84.2350845336914,7444800
2019-02-22,84.15911954216324,84.75850660567627,83.91429838538228,84.63187408447266,7925400
2019-02-25,84.72474853491227,84.80072419304773,83.85521498532604,84.05782318115234,7436100
2019-02-26,84.28575830791496,84.57279249522945,84.10847532786713,84.2773208618164,7115300
2019-02-27,83.86365955759888,84.10848076705871,83.42467402253921,83.50065612792969,6013600
2019-02-28,83.50065473165937,83.74546949622652,82.79996022397033,83.19673919677734,10575400
2019-03-01,83.2473727988615,83.3908866499691,82.58889142008776,83.1038589477539,7733200
2019-03-04,83.21360811406767,83.47531061418945,82.63110235232783,83.46687316894531,6895300
2019-03-05,83.50065182805578,84.15068943012787,83.50065182805578,83.65260314941406,6274600
2019-03-06,83.4584380217467,83.66104622238497,83.07010295352396,83.51753234863281,4622300
2019-03-07,83.55130517387342,84.08315413951752,82.94347410410938,83.19673919677734,8408600
2019-03-08,83.42465902064491,83.7285745059571,82.52135645063306,83.07853698730469,5144500
2019-03-11,83.39933598356986,84.15068083056434,83.16295869788144,84.0662612915039,7544400
2019-03-12,84.23511097325083,84.85982336989527,84.19290441880658,84.46305084228516,7597500
2019-03-13,84.41238983455494,85.76312188593685,84.38706461496629,85.41699981689453,9883300
2019-03-14,85.21437472294349,85.92350649401178,85.02864789505497,85.53517150878906,8590200
2019-03-15,85.90663574800205,86.86058877873865,85.88131053031493,86.48069763183594,30802700
2019-03-18,86.15988252171341,86.35405323195295,85.43386299076101,85.69557189941406,8442800
2019-03-19,86.0332623059858,86.22742658864279,85.50985089385418,86.02481842041016,7334100
2019-03-20,85.88131528555502,86.37095121647897,85.30725336993537,85.87287139892578,7513800
2019-03-21,85.50142729131277,86.87749113068918,85.50142729131277,86.52291870117188,8221000
2019-03-22,86.51448578676597,87.08010390899115,83.58508140098567,85.82223510742188,11035900
2019-03-25,85.82221897426766,86.39627443580162,85.4845343656961,86.07547760009766,6955500
2019-03-26,86.48070099122944,87.35867840301025,86.44693188606884,86.9703369140625,6909400
2019-03-27,86.75084516884202,86.97033468556441,86.1430141731226,86.86903381347656,6037100
2019-03-28,87.21514814849343,87.5275075050039,87.04630908274574,87.41776275634766,6793700
2019-03-29,87.67948786396106,87.92430908102335,87.04633154284106,87.83988952636719,7535400
2019-04-01,87.9918454667199,87.9918454667199,87.07165494999296,87.49375915527344,6626500
2019-04-02,87.46841262390343,87.8145346386936,87.17294104035147,87.58660125732422,6088800
2019-04-03,87.44309391171754,87.70479641364189,86.74239950375458,87.53595733642578,5226500
2019-04-04,87.35866501154653,87.51906018547413,86.77615930821716,87.31645202636719,4786100
2019-04-05,87.46842815853623,87.53596637271377,87.09697442135828,87.502197265625,4281800
2019-04-08,87.73858433011362,88.76007578013412,87.37557443954441,88.61656188964844,8468600
2019-04-09,88.26198733342248,88.43927031757104,87.9158588114191,88.35485076904297,5820300
2019-04-10,88.35484128608849,88.64186900843752,88.00026891504825,88.34639739990234,5394300
2019-04-11,88.28730278968509,88.68408170876344,88.11001982514331,88.43081665039062,5078400
2019-04-12,88.43081002807175,88.69251251220703,87.94116772031107,88.69251251220703,6707900
2019-04-15,88.624984380313,89.30034711172964,88.46458275273257,89.25814056396484,5639200
2019-04-16,89.46922036145736,89.90820595092784,89.19063000849353,89.84066772460938,8136100
2019-04-17,90.34733382996717,90.55137878241739,89.56518097103901,89.99026489257812,6778100
2019-04-18,90.13482123400752,90.7214393124495,89.97329370185979,90.16033172607422,7248900
2019-04-22,90.22832826550837,91.13800777372568,89.89676326161486,90.12631225585938,9057200
2019-04-23,88.4259724716821,88.51098797152085,86.82765253513921,87.70333099365234,15979800
2019-04-24,87.83933572939365,88.97006044584536,87.38874783887549,88.15390014648438,10094800
2019-04-25,87.65231313958832,88.05189310838337,87.21872567491,87.80534362792969,6085300
2019-04-26,88.37495540634693,90.01577980184038,88.34095439641617,89.998779296875,7747400
2019-04-29,89.752222696974,89.90525317459416,89.0295812973156,89.0805892944336,4787600
2019-04-30,89.14862714266445,90.64492480907525,88.97859611782434,90.5259017944336,8251300
2019-05-01,90.2453204604992,90.44935893260829,89.10609214483586,89.20811462402344,6733800
2019-05-02,89.43766004690036,89.91375847922673,89.31014005153878,89.74372100830078,6270300
2019-05-03,90.10931066450729,90.46638617848309,89.76074513353518,90.18582916259766,4793400
2019-05-06,89.36965692663686,89.96477189504976,89.30164193417062,89.84574890136719,4890400
2019-05-07,89.29316080927718,89.76075589179645,88.50250416100626,89.01260375976562,6021700
2019-05-08,89.25913344312815,89.92226342258652,88.55349895688751,89.3271484375,5392600
2019-05-09,88.98707821709291,89.3016426952301,88.23042925669093,88.62150573730469,6901700
2019-05-10,88.40047223911444,90.24533525796129,88.34945774802279,90.12631225585938,5815800
2019-05-13,89.3866701646236,90.6194112689097,89.14012064651286,90.21133422851562,7575500
2019-05-14,89.92227512505892,90.54290067850316,89.75224410326834,89.77774810791016,7004000
2019-05-15,89.78624115501698,90.9679741318471,89.69272215803616,90.71292114257812,5535600
2019-05-16,90.74692679329128,92.39625472145732,90.6194003012523,91.91165924072266,9284200
2019-05-17,91.19750967649821,91.81813511036813,91.18901266743318,91.35054016113281,6370200
2019-05-20,91.34204652015089,91.92865799432512,91.08699354093308,91.24852752685547,6565300
2019-05-21,91.36754884703609,91.42706034292782,90.36435042609948,90.43236541748047,5226400
2019-05-22,90.19430192039138,91.01046874464467,90.06678193497598,90.72991180419922,4889700
2019-05-23,90.69590865869493,90.99346611603242,90.02427526283829,90.76392364501953,6175600
2019-05-24,91.09549848147839,91.34204796896175,90.57689550543866,90.70442199707031,4372100
2019-05-28,90.71290688016313,91.18050179154925,88.77452522253694,88.80853271484375,7615500
2019-05-29,88.38345328184198,89.1060946928531,88.16240781374773,88.57899475097656,7137300
2019-05-30,88.7320192831328,89.58218711822025,88.7320192831328,89.54817962646484,4729200
2019-05-31,89.1741203155502,89.1826238116396,87.06570732406871,87.49079132080078,10282300
2019-06-03,87.69482605418217,88.38346002368696,87.05720008648758,88.2474365234375,8532900
2019-06-04,88.42596402179005,89.35264390813366,88.28993404603342,88.99557495117188,6906400
2019-06-05,89.47167132009255,90.75542671317359,89.1741138412371,90.7384262084961,6481700
2019-06-06,90.84044291427203,91.54608385979742,90.39835844029305,91.29103088378906,6681600
2019-06-07,91.59709868697003,92.99137369085615,91.59709868697003,92.47277069091797,8063400
2019-06-10,92.09019883181489,92.6853138459111,91.35905382234401,92.43026733398438,4767000
2019-06-11,92.61730925360492,93.1784167926008,92.55779774967706,92.99137878417969,8074400
2019-06-12,93.17839919684882,94.07958156849297,93.16139869305157,93.24641418457031,7687800
2019-06-13,93.50148063688074,94.32613815849666,93.39945814057752,94.2921371459961,8611400
2019-06-14,94.34313840478055,95.00626836766493,94.0710849203596,94.5386734008789,6438100
2019-06-17,94.50468670112257,94.54719121327871,93.72252713949096,94.36015319824219,6020000
2019-06-18,94.75120740938411,94.84472639486617,93.03387114976688,93.17839813232422,7731200
2019-06-19,93.09342657381312,94.13913641120345,92.8893880029574,93.87557983398438,7028000
2019-06-20,94.18160413658471,95.23581057477415,93.9435581492129,94.99776458740234,7044200
2019-06-21,94.89574886927309,95.61839032917872,94.38564291050045,94.5386734008789,13799400
2019-06-24,95.06578688716938,95.6439013950524,94.70871787866531,95.49937438964844,5518100
2019-06-25,95.31233128456421,95.75441577337858,94.63219431656242,94.98076629638672,6805600
2019-06-26,94.70020823642831,94.74271922879628,93.22942130273788,93.28893280029297,7170300
2019-06-27,93.45047442911944,93.74803196187898,92.91487087015228,93.33145141601562,5613300
2019-06-28,95.09977935065419,95.18479484119976,92.68529920430947,93.22090911865234,12152000
2019-07-01,93.45044792298307,94.11357780397744,93.18689796675862,93.93504333496094,6775900
2019-07-02,94.03706217895699,94.79371101253246,93.7650087386407,94.7767105102539,6578200
2019-07-03,95.1848238318485,97.14871015254106,95.08280132036089,96.9871826171875,6223300
2019-07-05,96.04347219852315,96.45154917307539,95.41434974576627,96.19650268554688,8694800
2019-07-08,96.35803730893582,97.11469279082317,96.32403629709704,96.96166229248047,5317800
2019-07-09,96.83413427210226,96.84263776806165,95.49086730626509,95.99246978759766,7537700
2019-07-10,96.4600697407284,97.34424532376802,96.40906173144825,96.70661926269531,5600700
2019-07-11,96.63010247763657,97.25922501067691,96.44306447115413,97.24221801757812,4625300
2019-07-12,96.97866546232727,97.94785648303163,96.97866546232727,97.76081848144531,7058600
2019-07-15,97.82881910301131,98.51745302013744,97.59077313098086,98.1773910522461,6240700
2019-07-16,98.38141298073779,99.06154328837678,98.15186405613244,98.52593994140625,7644300
2019-07-17,98.38994694103873,98.86603895243545,98.38994694103873,98.5684814453125,7861700
2019-07-18,98.3425810148072,99.0613438068702,98.22278721613003,98.77897644042969,5828700
2019-07-19,98.83031957550291,99.21537015734512,98.41104125976562,98.41104125976562,6547000
2019-07-22,98.43670269878751,98.78752551918777,98.04309358230985,98.6591796875,4018800
2019-07-23,99.00999525146659,99.30092768127162,97.40988320821828,97.41844177246094,8194600
2019-07-24,97.41846158204957,97.44413075172554,96.0750539667317,96.34886932373047,9635900
2019-07-25,95.39051036283854,96.67402095878039,95.30493776715777,96.49432373046875,7809400
2019-07-26,96.87082758542573,98.29980122733141,96.58845367201266,98.17145538330078,5559600
2019-07-29,98.17146056955218,99.43785417155696,98.07733592677536,99.25816345214844,7768700
2019-07-30,102.52681116528265,104.18682004924894,101.654026959981,103.03166198730469,18788800
2019-07-31,102.38993234062406,103.26271676378134,100.1737337541598,101.00373840332031,12641800
2019-08-01,101.44866745451937,101.97062891151101,99.8827896118164,99.8827896118164,11308600
2019-08-02,99.69454045005433,100.18227417754777,98.9928883064976,99.6346435546875,12266100
2019-08-05,99.33513996345391,99.51483715505813,96.54564887178314,96.75956726074219,12974800
2019-08-06,97.2473201155437,98.40247833820729,96.84515242042048,97.78639221191406,9490600
2019-08-07,97.33288772393267,99.46351350421497,96.41731708515493,98.84742736816406,9507600
2019-08-08,98.84742738850304,100.53310569769127,98.69340585445862,100.49032592773438,7416600
2019-08-09,100.64434457066507,101.0037259636876,99.12979844135643,99.92557525634766,6939500
2019-08-12,99.92558407737438,100.68713322764627,98.90733017898418,99.28382873535156,4996200
2019-08-13,99.6945392250283,101.02938803581388,99.54906974240606,100.3277359008789,6722000
2019-08-14,99.65176051822853,100.91816049462167,98.96722546008209,99.07846069335938,10148300
2019-08-15,99.94271108992665,101.0465246424553,99.63466797303889,100.44755554199219,7758000
2019-08-16,101.02083772049068,102.2872377038751,100.62722859102222,101.97919464111328,8302400
2019-08-19,102.6551557088633,103.06587535251376,101.91927594169596,102.88618469238281,5867100
2019-08-20,102.72363486910734,102.9033255707137,101.64548413119665,101.73960876464844,6744300
2019-08-21,102.0562119076944,102.38137213187325,101.55136749602961,101.9963150024414,4037400
2019-08-22,101.89362151202383,102.50114903028654,101.56846134149451,102.1845474243164,4558400
2019-08-23,101.94495234125516,102.77495677907733,99.62607766501931,100.38762664794922,7336800
2019-08-26,100.75555375420626,102.33854840987087,100.30204784764906,102.09896087646484,5661500
2019-08-27,102.67226947410619,103.57928789433024,102.49257880843277,103.15145111083984,6996300
2019-08-28,103.07444127566157,103.9044457138201,102.36423061947731,103.87877655029297,4600300
2019-08-29,104.21248262895303,104.39217329138992,102.95464146362355,103.69052124023438,5011500
2019-08-30,104.35796692059365,104.39219465305293,102.26156890157493,102.87765502929688,6007100
2019-09-03,102.50115882501717,103.9985878806382,102.36424789207526,103.84456634521484,4959300
2019-09-04,104.26383456520654,105.48744816483008,103.93012235878848,105.42755126953125,5586900
2019-09-05,105.45321541051288,105.61579548783718,104.54620345969667,105.04249572753906,7491900
2019-09-06,105.24787006272719,105.57302373388107,104.8542609255601,105.13663482666016,5306900
2019-09-09,104.99974628128544,105.05964319474927,104.20396927196647,104.53768157958984,7662400
2019-09-10,103.56217382491992,103.690526169411,102.32144972747288,102.5781478881836,9582200
2019-09-11,102.56105861556995,103.82745213959782,102.13322173048189,103.7675552368164,7565500
2019-09-12,104.94839448750994,105.42756973382201,104.06705150449747,105.05107116699219,6194300
2019-09-13,104.23818355067118,104.88849747591954,103.9643681918729,104.49488830566406,6777400
2019-09-16,104.22960456421828,104.35795691656824,101.8422743122877,102.4669189453125,9626700
2019-09-17,102.36423758369396,104.3836279433204,102.20166402753783,103.67342376708984,6377100
2019-09-18,103.7675440394434,104.35796096620135,103.33970720052245,103.88734436035156,5684200
2019-09-19,103.87022995116686,104.588999254079,103.74187759047481,104.30662536621094,4525800
2019-09-20,104.503424810854,104.90559248737365,104.17827116069468,104.59754943847656,15362000
2019-09-23,104.56332064443774,105.90672805525058,104.36651935469872,105.43611145019531,6060400
2019-09-24,105.84683629743026,106.7281857106536,105.55591036690261,105.76982879638672,7633200
2019-09-25,105.72705641213682,105.9580920022149,105.20509485324723,105.2649917602539,5812600
2019-09-26,105.79548989235604,106.95920658223248,105.70136526830193,106.36878967285156,6984800
2019-09-27,106.4543584325821,106.85651955112098,105.86394154443286,106.59126281738281,5589800
2019-09-30,106.59128341673049,107.26726649205156,106.2147848612927,106.42870330810547,5206900
2019-10-01,106.4116076177406,106.65119526722397,105.41902275185366,105.97521209716797,5415700
2019-10-02,105.41898913662035,105.80404618902632,102.8605267979268,103.60496520996094,6755100
2019-10-03,104.10979610760954,104.85423442373367,103.39958551584098,104.16969299316406,5171000
2019-10-04,104.55477872744744,106.15488447908372,104.38364005864095,106.10354614257812,4377900
2019-10-07,105.70138657183325,106.00942967113622,104.97406512614081,105.11096954345703,4749700
2019-10-08,104.9569264706156,105.18795546920992,103.43382198523753,103.47660827636719,5545300
2019-10-09,104.2296068097364,104.72589910110335,103.904453167947,104.37507629394531,3775600
2019-10-10,103.81889695323547,104.55477689552815,103.36539091332143,104.34085845947266,3943400
2019-10-11,104.42641163483785,104.44352223516974,103.38248875125535,103.61351776123047,6292200
2019-10-14,104.06703256410471,104.06703256410471,102.32145751960033,102.72362518310547,7360200
2019-10-15,102.84341919795169,103.16001427379138,99.85711342670749,100.28495025634766,11113900
2019-10-16,100.68710792609546,100.77267397787546,99.69452997455926,100.56731414794922,7973100
2019-10-17,101.02029049729165,101.30446815931172,100.36582909200038,100.4347152709961,5956900
2019-10-18,100.36581140290342,101.39917617542814,100.03857418795796,101.1580581665039,9016700
2019-10-21,101.11498483983493,102.57892573385591,101.05470534578521,102.54447937011719,6731600
2019-10-22,106.78130882019326,106.97076058058616,104.71457249677543,105.21403503417969,14410500
2019-10-23,105.05044348630487,106.5488314847178,104.92127120092785,105.92019653320312,8249300
2019-10-24,106.57464373767897,108.30552968453709,106.21296009552329,107.46161651611328,6725600
2019-10-25,107.48746431576376,107.48746431576376,106.06658240126703,106.1354751586914,6093300
2019-10-28,106.3335189819336,106.8846477914372,105.5757119413859,106.3335189819336,5459500
2019-10-29,106.09242477193123,107.2635754701258,106.00631210264717,106.43688201904297,5659800
2019-10-30,106.77271075817744,107.78885587834692,106.35075414004866,107.5907974243164,4734500
2019-10-31,107.4616151764629,108.0299639156668,106.23018524321812,107.22049713134766,6399500
2019-11-01,107.49605047069771,107.76300162599358,106.13544841923962,106.66935729980469,6010200
2019-11-04,106.71241428601641,106.71241428601641,102.16559839276708,102.535888671875,10351400
2019-11-05,102.32921634270694,102.98367768336948,101.82114058169488,102.38949584960938,9239600
2019-11-06,102.56173609926371,103.63816071527188,102.18283910201147,103.6123275756836,6756300
2019-11-07,103.62952112797151,103.62952112797151,102.31197878419637,103.00950622558594,8909700
2019-11-08,103.20757954133626,103.8448210044799,102.61339768609672,103.07840728759766,4249900
2019-11-11,102.8889760432229,103.3367658042525,102.55312550998242,102.75980377197266,3850400
2019-11-12,102.89755109553056,102.99227696067865,102.08808447968224,102.70809936523438,4759600
2019-11-13,103.25063731713553,104.24094915159407,103.22480418084095,103.89649200439453,7262800
2019-11-14,103.87064256572988,104.3442653200678,103.43145960773036,103.76730346679688,5188300
2019-11-15,104.1892679658352,104.1892679658352,103.31090855228798,103.8017578125,7108600
2019-11-18,103.55204874187284,105.54127934296314,103.4831559892008,104.96431732177734,7493700
2019-11-19,104.99872270929227,105.73068985326162,104.30980859145525,104.55953979492188,5989000
2019-11-20,104.5595829359533,105.38627627646622,104.13762631391512,105.30877685546875,6480000
2019-11-21,104.86959037487073,105.52405837872544,103.57788084014335,103.62954711914062,7094200
2019-11-22,103.5348205410302,103.8620512350352,102.81145983589546,103.58648681640625,4414900
2019-11-25,103.7156680543185,104.1290114330614,103.35398438545029,103.77594757080078,5134300
2019-11-26,103.965401008701,105.3604431465911,103.689836561836,105.28294372558594,8235200
2019-11-27,105.42071232799684,105.43793879984766,104.16344925182098,104.85236358642578,3751400
2019-11-29,105.05042300255641,105.6015518473903,104.80930495418835,105.11070251464844,2927300
2019-12-02,105.00737399483721,105.73072816771874,104.16345422316778,105.67906188964844,6146200
2019-12-03,105.32599969205162,105.88574183808312,104.88682315422022,105.87712860107422,6396200
2019-12-04,105.70489671062998,107.28078391659251,105.65323043173758,107.23772430419922,6857300
2019-12-05,107.01382717354315,107.32383798982397,106.48853800315149,107.31523132324219,7029200
2019-12-06,107.40993954881499,108.02995450942304,106.68657890647883,106.9449234008789,7150900
2019-12-09,107.04825208908615,107.76299947055293,106.93630631619514,107.5304946899414,7452800
2019-12-10,107.45299987578761,107.53050585735616,106.88465114750493,107.0138168334961,4740100
2019-12-11,107.01381230148633,107.87495187815225,106.84158701414256,107.34966278076172,4823300
2019-12-12,107.45298664041117,108.29690624812329,106.6779597700578,107.27214813232422,5897800
2019-12-13,106.96214250533689,108.27968496303265,106.60046547184656,108.04718017578125,5471600
2019-12-16,108.04719540753408,108.80499595167286,107.94385628198022,108.12469482421875,8281900
2019-12-17,108.15051132978147,108.48636179368482,107.04825377329576,107.90939331054688,8832200
2019-12-18,107.9093944605605,108.39163707414232,106.51435260012933,106.7899169921875,8607600
2019-12-19,106.91910880677865,107.81468831739917,106.69521064413625,107.57357025146484,6629100
2019-12-20,108.63276231797828,109.02027251164388,107.66828359666833,107.95246124267578,16250500
2019-12-23,108.0902454542467,108.34858997598643,107.37550454138511,107.55634307861328,6619500
2019-12-24,107.46161886342063,107.90940859543038,107.28078032337972,107.8319091796875,2022100
2019-12-26,107.72857005538947,108.28831214788231,107.53051161295265,107.8319091796875,4760400
2019-12-27,108.12468228426903,108.76193029631713,107.97829013419319,108.58108520507812,5192000
2019-12-30,108.29692132217424,108.48637309129444,106.90187276135876,107.18605041503906,3884300
2019-12-31,107.15160639387562,107.63384249315074,106.73825647308688,107.55634307861328,4798900
2020-01-02,107.21190121835386,107.40996625597197,105.86852528138337,106.27326202392578,8130800
2020-01-03,105.19683271635225,106.37658994330536,104.93848816900389,105.55850982666016,7970500
2020-01-06,105.54989723356626,106.0838062353546,105.3862785812493,105.70490264892578,6674400
2020-01-07,105.81682873612223,106.10100637300242,104.9470824947232,105.0504150390625,7583400
2020-01-08,105.22266553014163,106.2904769539124,105.05904687933108,105.49822998046875,5385100
2020-01-09,105.49824403754383,106.67800141802752,105.49824403754383,106.65216827392578,5944000
2020-01-10,106.69517552045006,107.05685250028876,106.17849318211304,106.75545501708984,3927100
2020-01-13,106.78132296318896,107.5563500083683,106.61770431754707,107.53912353515625,8409200
2020-01-14,107.34106479307707,107.81468768553675,107.19467262104267,107.3755111694336,7829700
2020-01-15,107.694097024862,108.6069093052923,107.65104399454135,108.46912384033203,4843700
2020-01-16,108.59831966473932,109.17528164216985,108.15052337630517,108.56387329101562,6233700
2020-01-17,108.80498609246506,109.36472814103993,108.40024943318826,108.85665893554688,11315200
2020-01-21,108.85665617459526,109.03749469586074,107.50466074280251,108.58108520507812,8553100
2020-01-22,108.78776480087643,109.08916234011079,108.35719501054918,108.77053833007812,7396700
2020-01-23,107.67559580782637,109.62467130758102,107.11252823054028,108.27330780029297,11096500
2020-01-24,108.4725384304394,109.83255959776425,108.08271940499843,108.40323638916016,9508600
2020-01-27,108.06541709460231,109.4860761573458,108.06541709460231,108.87969970703125,9338400
2020-01-28,109.08761583609821,109.99718725878786,108.905702873362,109.17424011230469,6200200
2020-01-29,109.07027661285487,109.20887411136657,108.3079672395139,108.33395385742188,5271000
2020-01-30,108.10006610481875,109.20020810386649,107.77954906762795,109.10491943359375,5894400
2020-01-31,109.1395785431954,109.9711834107063,107.8142080790684,107.95281219482422,6612900
2020-02-03,107.98745345563746,109.10491764504927,107.84018494371625,108.37726593017578,6052300
2020-02-04,108.89700755177412,110.31766642712297,108.59381936660945,108.85369873046875,6512200
2020-02-05,109.07027433500458,110.06646324871262,108.62848201277279,109.84989929199219,6125400
2020-02-06,109.92787314317222,110.95871315233629,109.6679937340339,110.13577270507812,9102700
2020-02-07,110.17908142887592,110.24837687261656,109.19155030874084,109.21753692626953,5915100
2020-02-10,109.54670905784207,109.8672260871309,108.94033263379004,109.29549407958984,5216100
2020-02-11,109.38212267164572,109.38212267164572,107.44171142880977,107.55432891845703,6105700
2020-02-12,107.13851939421006,107.38973437347833,106.41952548206369,106.93927764892578,6031700
2020-02-13,107.18183872248822,108.52453131824517,106.99991917892028,108.24732971191406,7159000
2020-02-14,108.53319981624747,109.27818040051861,108.10007187697393,109.26951599121094,5889100
2020-02-18,109.00096202224992,109.30415021131743,108.13470627691028,108.16935729980469,6767600
2020-02-19,108.15203734555547,109.555374147234,107.97878882589474,108.66313171386719,4734000
2020-02-20,108.68912077673157,109.80659159800952,108.39459035587167,109.65066528320312,6094600
2020-02-21,109.26085020350904,110.94139531057967,109.13091711057245,109.7546157836914,8723900
2020-02-24,108.5072097347494,109.65932499360582,106.6707449515903,106.8093490600586,7533900
2020-02-25,106.56678909028905,107.38107168377944,104.71300214643396,105.18944549560547,8903200
2020-02-26,105.18077192368735,106.02104106138339,103.82075065608862,104.08929443359375,6894200
2020-02-27,103.18839804192856,103.8813987485367,98.25940019735606,98.32003784179688,13298900
2020-02-28,94.82034817270608,98.08613586425781,92.40349397550922,98.08613586425781,22784300
2020-03-02,98.05151112887592,103.76879896240914,97.49710786071562,103.5695571899414,12399800
2020-03-03,103.71681929270343,105.54461311696645,101.47321312958088,102.3654556274414,12510900
2020-03-04,103.84675697752006,108.01345243349104,103.60420637813876,107.84886169433594,9459300
2020-03-05,105.07681916936205,106.46282696908767,104.193234653345,105.36267852783203,9363500
2020-03-06,102.24418905407097,106.2116429041551,101.82838989776141,105.38870239257812,9817400
2020-03-09,99.85332330762506,103.97670359821169,99.72339019861143,100.53766632080078,13116500
2020-03-10,103.04978912422041,104.6610254401483,99.13431581810995,104.42713928222656,11419100
2020-03-11,101.87169685745377,102.59935528113277,95.87720736027862,96.66549682617188,16456000
2020-03-12,89.22434226436003,96.65681818671789,87.4918307640812,88.219482421875,20988000
2020-03-13,92.25624097784132,99.29889812113254,91.31202534579059,98.81379699707031,17378700
2020-03-16,88.14153477892897,100.44236549022307,87.49184287638158,93.98876190185547,17367400
2020-03-17,96.54421579930991,103.69082685497642,95.95516153278557,102.42609405517578,19451400
2020-03-18,97.90421670531744,105.2500679792387,97.09859863667164,101.74172973632812,23139200
2020-03-19,101.01408300575767,102.21817796321398,95.10621908614236,96.00712585449219,16428100
2020-03-20,94.58645807157104,95.02824370174773,88.00290973765082,88.7305679321289,19922900
2020-03-23,86.79016014877533,89.87402830638213,81.72255904863198,84.6331787109375,17776800
2020-03-24,87.69108809499158,90.09061404179508,83.22120445674788,89.45824432373047,14625500
2020-03-25,87.06736969726519,90.6969768962839,85.41281799656373,87.42253112792969,13789100
2020-03-26,89.98663694343118,93.82414983966902,88.81719310653385,93.0185317993164,15796000
2020-03-27,92.24757286623066,99.00437035245403,92.24757286623066,95.43539428710938,16073100
2020-03-30,98.66653524142609,100.30375814649034,95.46138487125788,99.61941528320312,14571600
2020-03-31,98.32005043029784,99.00439342461176,94.37858320997329,95.28815460205078,21691000
2020-04-01,93.51231117663367,97.17657612683496,92.68937080838643,94.70774841308594,11095800
2020-04-02,93.28708727673047,99.6107505198088,93.12249656327126,99.09966278076172,9168800
2020-04-03,98.52794955630802,100.39906557405804,97.89558641607448,99.68873596191406,7768700
2020-04-06,101.3519313941205,103.08444304188325,99.25559388648936,102.05359649658203,16848400
2020-04-07,101.10071795990646,104.0026736925348,97.45378167861433,97.68766784667969,14438400
2020-04-08,99.09099861507708,101.61180611914673,96.89937253873198,99.70603942871094,12564500
2020-04-09,99.84464227888591,102.78991322984261,98.92640666508329,99.32489013671875,12747300
2020-04-13,98.41531699759321,101.13535954353387,98.0255045508783,100.44235229492188,7926700
2020-04-14,102.87654270218982,105.22409517374366,100.7022387504747,104.78230285644531,10474200
2020-04-15,104.69566998574078,106.91328258052243,103.59552148732465,105.00752258300781,14192900
2020-04-16,105.98639237831553,106.11633206591193,103.86406838060012,105.25007629394531,12020200
2020-04-17,106.07303264202457,108.2733234279638,104.41848730455156,108.0134506225586,15899800
2020-04-20,105.22410398771714,106.74871620423333,104.4184857458714,104.470458984375,10832000
2020-04-21,103.51757374417318,104.21058106556148,102.59068025199569,103.67350006103516,9465400
2020-04-22,103.94203411216853,104.19324909334159,102.89386536183034,103.43094635009766,10259400
2020-04-23,103.46669529547795,104.3561658434201,102.9434769347424,104.12071990966797,17277000
2020-04-24,103.85911311749649,104.43465800313201,103.44054106710955,103.58006286621094,12751100
2020-04-27,103.93759180474257,103.93759180474257,101.9406358896894,102.42024993896484,10635700
2020-04-28,102.11504137610918,102.82139248084097,101.30405059147814,101.93191528320312,9958000
2020-04-29,102.4812850979224,102.94346804060744,100.3535297276879,102.09759521484375,8707900
2020-04-30,101.08606874476114,103.1440672584256,100.85934494380857,102.78653717041016,10026400
2020-05-01,102.55108006520062,103.22254920482875,101.43487888320895,101.87089538574219,7366400
2020-05-04,102.1063291343093,102.2022532856187,100.28378356559702,100.95524597167969,5636000
2020-05-05,100.98141703297102,102.25458432598909,100.46691413917662,101.16454315185547,5425200
2020-05-06,100.7546694880291,101.27788783210363,98.44378126086083,98.62690734863281,7892200
2020-05-07,99.46405943506609,99.53382365608363,97.51070781815115,97.81591796875,8762800
2020-05-08,98.99316543032283,101.41742232294982,98.87980355581931,101.1122055053711,9279900
2020-05-11,100.93780425610524,101.16453466416571,100.2140153804663,100.55410766601562,6947500
2020-05-12,100.45819642339907,101.06862349996491,99.53384359553071,99.8913803100586,6734400
2020-05-13,99.65592764352837,100.5890026636982,99.17631349756431,99.34199523925781,9312600
2020-05-14,99.01060205178668,99.80414841727304,97.0136461990719,99.24604797363281,9310000
2020-05-15,99.35070482316377,100.10065362117932,97.71128542798799,99.94368743896484,10694800
2020-05-18,101.18198490939547,102.01913576607097,100.03090164983121,101.33895111083984,10020800
2020-05-19,100.36225808600041,100.84187881747168,97.96416773480942,98.05137634277344,8047600
2020-05-20,98.53973683437775,99.21119937040534,97.78106566894961,98.78390502929688,6593800
2020-05-21,98.36531039301119,98.71411821852996,97.17062296605265,97.33631134033203,6552700
2020-05-22,97.92058224971261,99.06294330267671,97.45840584364572,98.19091033935547,5571900
2020-05-26,99.54255208110708,99.54255208110708,97.38862985714199,97.69384002685547,10432400
2020-05-27,98.10370121766182,99.38559064473255,97.51071857973396,99.31582641601562,8279700
2020-05-28,100.74597632302195,102.01914376654376,100.19659790142545,101.2081527709961,6586700
2020-05-29,101.26918569434655,101.78368860260908,99.95242070918496,101.0860595703125,7868000
2020-06-01,101.15580856876333,102.46385781749734,100.51050613558432,102.245849609375,5105600
2020-06-02,102.0889138330704,103.02198897555841,101.87090556003034,102.95222473144531,6327900
2020-06-03,102.9870861265891,103.93760546534861,102.85627985847391,103.362060546875,6171000
2020-06-04,102.899894062852,103.62368305003422,100.78085360543433,101.19943237304688,6895800
2020-06-05,101.37382259546415,103.62366902916143,101.19941868018898,103.18765258789062,7337800
2020-06-08,102.41154771418519,103.87656327818942,101.88832264247549,103.81552124023438,6926700
2020-06-09,104.12074010669006,104.43467251464352,103.03069887159717,103.19638061523438,5563200
2020-06-10,103.77191028886821,104.54801900163918,102.99580157609724,103.97248077392578,6678200
2020-06-11,103.60621754809192,104.26896435628436,101.15580744500532,101.38253784179688,8937500
2020-06-12,101.67031396747741,102.94348787309544,100.51051525142095,100.82444763183594,7998500
2020-06-15,99.89135021600816,102.27199580346041,99.20244357243301,101.75749969482422,8786000
2020-06-16,103.36204381091807,103.74574036110724,101.96679270079663,103.01322937011719,8165200
2020-06-17,103.23996333277246,103.86782801735866,102.41153482860486,102.83882904052734,6320800
2020-06-18,102.42897564619405,104.60905772614815,102.35049588479531,104.01607513427734,6274400
2020-06-19,105.07123979224582,106.23104511876656,103.62366867182168,103.7021484375,17506200
2020-06-22,103.5800468979953,103.84165937896826,102.32431763425596,102.68185424804688,5695600
2020-06-23,103.48414274300187,103.93760357715229,102.59467211152689,102.66443634033203,5340400
2020-06-24,102.21969315989777,102.86499561498887,101.39998014053694,101.52206420898438,6547800
2020-06-25,102.01910901788722,102.92602387144107,101.18195838070255,102.80393981933594,5489300
2020-06-26,102.54234359642425,103.30973679202053,100.31866373493395,100.4843521118164,23201700
2020-06-29,101.60055439545124,102.94348585127709,101.4610259388591,102.6033935546875,6866900
2020-06-30,102.87370793061005,104.63521121559229,102.72546395502427,104.26895904541016,7818000
2020-07-01,104.3387381654125,104.98404065071263,103.68471348821988,104.62651062011719,6501200
2020-07-02,105.5159775165121,106.88506885948733,105.10612100216132,105.41133117675781,6150900
2020-07-06,106.18744509876413,106.74555228502493,105.41133633690511,106.06536102294922,6023300
2020-07-07,105.77760338459643,107.4780650383717,105.42006666847342,106.57987213134766,6866300
2020-07-08,106.51879829572027,107.46931076897839,106.38799205683733,107.16410064697266,6494100
2020-07-09,107.10307519704564,108.11463650432827,106.22232014888856,106.80658721923828,5341000
2020-07-10,106.88508008422899,108.56810397013025,106.79787811848415,108.03616333007812,6752600
2020-07-13,108.13208538869812,109.51861458044414,107.55654045040727,108.17568969726562,7681500
2020-07-14,108.1233533722227,109.57965331720658,107.69605913003554,109.08258819580078,6272100
2020-07-15,109.85871164160818,110.66098034187654,108.35881393488187,108.56809997558594,8145000
2020-07-16,109.07388059403111,109.45757055953162,108.05360366161511,108.79483032226562,3959300
2020-07-17,109.08257593241656,109.93717097379759,108.85585220258821,109.55347442626953,4868600
2020-07-20,109.41396465137359,109.73661255349582,108.8209820369672,109.21339416503906,4242100
2020-07-21,109.43140725221055,110.43424642235489,108.93434876308969,109.06515502929688,5162300
2020-07-22,109.44013704482956,110.22496804349683,108.31521372225372,109.99823760986328,5929200
2020-07-23,110.67481292717711,111.60499869427032,110.21849058081952,110.70991516113281,6664800
2020-07-24,111.43825398860096,112.12273074693063,109.97277101165761,110.53439331054688,6014200
2020-07-27,110.31502154995704,111.13113008908759,110.16584207491739,110.8503189086914,6464600
2020-07-28,110.89418710338373,112.7282401694402,110.82398264165413,112.2192611694336,7644400
2020-07-29,111.93846678891866,113.41273392586052,111.76296230336543,112.59661865234375,6702000
2020-07-30,114.65882987636347,115.86104962739967,113.7725101561395,115.32575225830078,10400700
2020-07-31,114.65881818684272,115.14146550160011,113.43904409507343,115.0624771118164,8487000
2020-08-03,114.49209752480016,115.76452176374823,114.49209752480016,115.211669921875,7769400
2020-08-04,114.75536890465806,117.5283720637153,114.69393496679557,117.405517578125,7773700
2020-08-05,117.23000605839191,118.16019187785645,116.81756315502422,117.09838104248047,5680000
2020-08-06,116.58062576647312,117.0369347000107,115.94001504993149,116.45777130126953,3974100
2020-08-07,116.61572371186105,117.27387551550015,116.22960584463821,117.19490051269531,4934900
2020-08-10,117.32651371669412,117.97589491808452,116.87897535568062,117.67753601074219,5812700
2020-08-11,117.82674545365244,118.2391883853017,116.5279827203108,116.91410064697266,5329900
2020-08-12,117.38797212650834,119.31854828102989,117.3265381909356,118.87100982666016,5920400
2020-08-13,118.53752972117437,119.23077706619304,118.40589132570031,119.15180206298828,4989500
2020-08-14,119.002622636972,119.02894763804987,118.0724368918669,118.55508422851562,5845200
2020-08-17,118.414671923082,119.08159424827909,118.16896299326558,118.90608978271484,5603800
2020-08-18,119.17811662799167,120.67870850814384,118.83587825394035,119.79238891601562,8670700
2020-08-19,118.94119301958067,119.62568324281763,118.90609748024883,119.14303588867188,6827700
2020-08-20,118.6779338823014,120.2048374434037,118.63405441890751,120.09076690673828,4352200
2020-08-21,119.87138607882048,121.18768967387282,119.26588428267517,120.60851287841797,5706600
2020-08-24,120.65237813564313,121.78439320243048,120.39788530542631,121.54745483398438,7420500
2020-08-25,121.97744034193032,122.10906531718267,120.92440036952233,122.03009033203125,4718300
2020-08-26,121.6001555017425,122.25830742355717,121.31933758783673,121.44219207763672,4746200
2020-08-27,121.83707156149637,122.58298237389445,121.25789469940851,121.28423309326172,6156100
2020-08-28,121.38076918636423,121.89851214123873,120.17853592708202,121.7756576538086,4166300
2020-08-31,121.2666490282569,121.74051236967227,120.94196513488212,121.3895034790039,5596800
2020-09-01,120.9770690811195,121.29298246074323,120.28382178729252,121.25787353515625,5671800
2020-09-02,121.19644069505419,124.1186358123395,120.75767290068937,123.30252075195312,8384800
2020-09-03,123.5043618350701,124.34678848988717,120.30134894733716,121.32806396484375,7277900
2020-09-04,120.93318858070901,122.144192090556,119.45015115549214,121.06482696533203,7437700
2020-09-08,121.55628063171277,121.6615806583471,118.50244595796055,119.292236328125,6847500
2020-09-09,119.71343417339463,122.46889609453946,119.58180915731043,121.2315673828125,6002900
2020-09-10,121.2052438568944,121.73177070791647,119.7924106431237,119.95914459228516,5242500
2020-09-11,120.82789754681284,121.67910828134148,120.36280467827235,121.22278594970703,4398000
2020-09-14,121.48605231866287,122.48644254584948,121.3895228498057,121.65278625488281,4767400
2020-09-15,121.79318179947532,122.65317648206943,121.44217285279451,121.65278625488281,4046500
2020-09-16,122.47765541127914,123.00416875995036,120.74890913337299,120.83665466308594,6049900
2020-09-17,120.27502342370607,120.99460902041425,119.51157176047732,120.67869567871094,4648500
2020-09-18,120.1434448610086,121.03852184987028,119.57303848443381,120.54710388183594,10192800
2020-09-21,120.22239787209607,120.63484074622556,118.2040629670197,119.9679183959961,7092600
2020-09-22,119.77484845879023,122.00378316967746,119.55546454121689,121.06482696533203,4722800
2020-09-23,121.46849857654473,121.46849857654473,119.42383864414553,119.61689758300781,6373700
2020-09-24,119.93280722848222,120.35402063180922,119.0903804218282,120.15219116210938,5708200
2020-09-25,119.24831608572043,121.091146262619,119.24831608572043,120.76644897460938,4969900
2020-09-28,121.59132797272048,122.80233135945952,120.90685129068459,121.10868072509766,5810800
2020-09-29,121.44218128233392,121.4685062856556,119.92404806686996,120.4505615234375,4492100
2020-09-30,121.24031757607155,122.72335483192987,120.93317477049101,121.96867370605469,8727800
2020-10-01,122.48646171254721,122.84625464278193,121.28424182240225,122.18810272216797,5713400
2020-10-02,121.03851963850833,122.08278949657029,120.17853821016003,121.20525360107422,6077900
2020-10-05,121.73175482923065,122.54785661271512,121.36319143764422,122.3197021484375,6333900
2020-10-06,122.34603004568984,123.53070863894618,121.8107327140149,122.51276397705078,6042900
2020-10-07,122.92521614788924,124.07478590044792,122.30215983986722,123.46928405761719,4640900
2020-10-08,123.34640685088237,124.54862638733256,123.17090240171268,124.30291748046875,4569800
2020-10-09,124.469648841773,126.0492156321774,124.34679439085991,125.41738891601562,6551700
2020-10-12,125.77719089341228,127.53226225721046,125.77719089341228,126.79513549804688,5791500
2020-10-13,126.20715441147945,127.10223092650352,125.89124111496263,126.54939270019531,4509400
2020-10-14,126.52308486434724,127.33042945379616,125.5578036737017,126.40023040771484,3860700
2020-10-15,125.54025142315251,126.70737547678932,125.39107196533708,126.21595764160156,4997100
2020-10-16,126.73368430962532,128.0061081970254,126.2949165284439,126.70735931396484,6806100
2020-10-19,126.77759448303968,127.58492578920827,123.84662820822764,124.5311050415039,6427600
2020-10-20,127.7779948845628,127.84819935895612,124.52233100901087,125.03130340576172,7582100
2020-10-21,125.04008594767498,126.66351920831949,125.02253148173767,125.7070083618164,5649700
2020-10-22,124.85193136780843,125.96376076623825,124.49014080243381,124.8166275024414,4502900
2020-10-23,125.09018868369482,126.07849507962831,125.09018868369482,125.63729095458984,4278100
2020-10-26,124.86077462164306,125.34610188020665,123.54598140562209,124.68429565429688,5315500
2020-10-27,125.24903430056396,126.48440051548097,124.99312835744993,125.61964416503906,6806700
2020-10-28,123.93421024967401,124.36659504948051,121.16344945938403,121.47229766845703,8192200
2020-10-29,121.19876768477246,122.73414928519884,119.83103232668954,121.39289855957031,5476900
2020-10-30,121.04878364645894,121.76354579485744,118.84276254080558,120.97820281982422,6422000
2020-11-02,122.22238124840446,123.53717459668322,121.27821127266122,122.21356201171875,6682800
2020-11-03,122.93712296027125,125.88436326239501,122.93712296027125,124.61369323730469,6244200
2020-11-04,123.9430559289117,126.18436672824501,123.77539622439654,124.10188293457031,5820600
2020-11-05,125.69023329527744,126.65205505638579,125.10784061875113,125.63729095458984,5673100
2020-11-06,125.89316743978247,127.12854691173953,125.63727500411916,126.38731384277344,4702300
2020-11-09,128.9639765365399,129.64343474436592,121.41939582378868,121.76353454589844,12664700
2020-11-10,121.86058705072395,124.08424618899542,121.0222884255421,123.7665786743164,7854000
2020-11-11,125.16961575074899,126.18437985328707,124.11071507829715,125.3637466430664,5554300
2020-11-12,125.55788569785926,125.78732049983456,124.48135983387269,125.4343490600586,5631700
2020-11-13,125.48728752211149,127.49034462486388,125.19609117374408,127.3138656616211,6466800
2020-11-16,127.75506119001723,127.75506119001723,124.64898048129385,125.681396484375,7976600
2020-11-17,125.20491756373417,126.5991243426383,125.08138093595697,125.19609832763672,6396800
2020-11-18,125.29316061662523,125.39022606917477,123.23714764133578,123.2724380493164,6097100
2020-11-19,123.42244448425585,123.64304655902687,122.1694263152943,123.12242889404297,5284100
2020-11-20,123.12242186787535,123.84600309478344,122.32825982981258,122.91947174072266,4726900
2020-11-23,122.93712257149777,123.49303060735585,121.64880061555498,122.44296264648438,4770600
2020-11-24,122.5047086074865,123.39593587193377,121.83408335087573,122.04585266113281,7101800
2020-11-25,121.91354047159344,122.99889896851381,121.80764231408895,122.37238311767578,8411300
2020-11-27,122.2929712317116,122.55769643228521,121.35762052557013,122.31062316894531,4252200
2020-11-30,121.77233296970965,122.83122012872401,120.66050347241666,122.54002380371094,11640400
2020-12-01,122.79591826398308,123.13122419661326,121.91351013641403,122.98121643066406,7169700
2020-12-02,122.98125449293272,123.48423374426754,121.32233585551944,122.09002685546875,6963000
2020-12-03,121.8517552406856,122.0811900090348,119.60161145064963,121.18994903564453,8742500
2020-12-04,121.07523569640317,121.64879564369028,119.89279846904962,121.30465698242188,6617200
2020-12-07,120.54575205337528,121.54287735762843,120.50162896244359,121.48992156982422,6918000
2020-12-08,120.90759539490894,122.46062923737358,120.38696423752116,121.81647491455078,6493500
2020-12-09,121.62234965426609,121.80764787551422,120.22814278639956,120.36933135986328,6773400
2020-12-10,120.46639826477508,120.81935623818093,119.16042414130948,119.57515716552734,6800500
2020-12-11,118.64859377821298,120.71342540898709,118.41915906514133,120.45751953125,6548000
2020-12-14,120.90760698337554,121.71058842256234,119.80459644464653,119.87519073486328,6485300
2020-12-15,120.35167913090622,121.36644338819453,120.21932325890633,120.58110046386719,5397000
2020-12-16,120.6340350032186,122.01058968719437,120.6340350032186,121.12818145751953,5382500
2020-12-17,121.78118282739261,122.76065672528517,121.72824047580124,121.99296569824219,7405300
2020-12-18,122.00177079787456,123.59894118454513,121.28702220524745,122.69004821777344,19988800
2020-12-21,121.737085450823,122.15180506826174,120.20168977745557,121.34882354736328,6732400
2020-12-22,121.14580941456113,121.83410016129967,120.34282822824595,120.49283599853516,5023100
2020-12-23,121.23405689821725,121.37524543568188,120.12222746076331,120.30752563476562,6004200
2020-12-24,120.18401175353807,121.88706683055813,120.18401175353807,121.52527618408203,2588200
2020-12-28,121.90470777085307,122.99889896851381,121.72822879432272,122.37238311767578,3714700
2020-12-29,122.8488812791275,123.48421631509525,121.94882106742624,122.14295196533203,5139300
2020-12-30,122.30178981234755,122.58415345307186,121.37525844955312,121.56938934326172,3261400
2020-12-31,122.04588929333664,122.9106456535593,121.23407527656894,122.77828979492188,4076400
2021-01-04,123.23716125614614,123.41364024451055,120.31639158559129,121.61353302001953,8330900
2021-01-05,121.76351236653981,122.58414552959808,120.24576918536482,122.3900146484375,6856400
2021-01-06,122.45179023225609,124.4548471607975,122.30178245332219,123.67833709716797,10578000
2021-01-07,123.31656967875992,123.65188916791638,121.80764544203899,122.52240753173828,7355400
2021-01-08,122.1870882270676,122.70770593455637,120.88994684435276,122.46945190429688,7448500
2021-01-11,122.43413850054094,123.04300231659028,121.41937445011251,121.63997650146484,7239900
2021-01-12,121.63998079581744,121.99293870464963,120.21930299637391,120.93405151367188,6333500
2021-01-13,120.97815629639989,121.83409323339257,120.97815629639989,121.11933135986328,6078800
2021-01-14,121.26937111892133,121.46350202994454,119.37219858285579,119.8310546875,6172800
2021-01-15,119.34573276944421,120.18401803315363,118.82511505944905,118.93099975585938,7757600
2021-01-19,119.74276586920347,120.32515839508484,117.85441324107005,117.88971710205078,9184900
2021-01-20,116.94555748268381,118.06621966495447,115.82489530041315,116.41610717773438,12506600
2021-01-21,115.98203681715599,117.17160651942982,115.85775503282272,116.30162048339844,8761600
2021-01-22,116.3105033256418,116.70997951124939,115.39614160576514,115.40501403808594,7202800
2021-01-25,115.36060558446925,118.06818701846805,115.31621633885696,117.39351654052734,9640000
2021-01-26,117.40238836055549,118.48542092852026,116.67444266424978,118.14807891845703,5996700
2021-01-27,117.52668418388474,118.15697903405324,113.36322441884225,113.96688842773438,10826700
2021-01-28,113.48750858202675,116.86976095229105,113.13242166040288,115.72459411621094,8242000
2021-01-29,115.57366681149335,115.66243175777122,113.69168198377132,113.81596374511719,8344100
2021-02-01,114.51727720357995,115.10318280303079,113.80708982961205,114.49064636230469,6534200
2021-02-02,115.04990669643152,116.04416076791637,114.24206849050219,114.3308334350586,6825600
2021-02-03,114.47288513183594,114.69481783412554,113.4076108699853,114.47288513183594,7309400
2021-02-04,114.85461072219351,114.92563080888443,114.14442340098081,114.54389953613281,6613700
2021-02-05,114.62379522022597,115.49378114694859,114.54390270012803,115.02328491210938,5063700
2021-02-08,115.34284521008756,115.49377135173475,113.72718235378099,114.66817474365234,7011200
2021-02-09,114.92562669351241,115.35173365270296,113.8337081386486,114.22431182861328,5917800
2021-02-10,114.29534060111203,114.65931348040131,113.5940324557498,113.82484436035156,8594100
2021-02-11,114.1089088597528,114.81022376374729,113.81596962164517,113.92249298095703,6139200
2021-02-12,113.6295334202685,113.74494274977117,112.3689574093709,113.29219818115234,8407300
2021-02-16,113.60291433567332,113.78045779087239,112.73293515036104,113.55852508544922,8246000
2021-02-17,112.91048849397158,114.95227214934367,112.83946840079281,114.03791046142578,8845200
2021-02-18,113.46087954049469,115.27185808832581,113.26557766679333,114.98777770996094,6936400
2021-02-19,114.82797781669974,114.90787033315327,112.75955677292298,112.84833526611328,8277900
2021-02-22,112.55539544434362,112.95487161827228,112.19142254435842,112.36897277832031,6975500
2021-02-23,113.43425737321883,115.3428734581657,112.91049937446397,113.20344543457031,10145300
2021-02-24,113.05251948014312,113.84260614730759,112.66192252174406,113.32772064208984,7263000
2021-02-25,113.17680433108796,114.50840738083096,112.11153001871224,112.36897277832031,7790800
2021-02-26,112.33344837021143,112.67966281611405,108.14335820427934,109.661376953125,17718800
2021-03-01,110.22064938560662,111.4013260951935,110.07860921951767,110.33605194091797,7740200
2021-03-02,109.96322206361431,110.84207370260967,109.57261832501689,109.98985290527344,10206500
2021-03-03,109.87443342291162,110.25615792145159,109.00446106902402,109.33292388916016,7537000
2021-03-04,109.27965129718369,110.76215998793437,107.89479352837209,108.43630981445312,10228100
2021-03-05,108.97783240502403,112.14703101742548,108.7914097540414,111.8363265991211,10490900
2021-03-08,111.64101970834626,114.4284869160107,111.2504160156114,113.01699829101562,9224700
2021-03-09,113.31885100779157,114.44626627340644,111.90735535156898,112.01388549804688,8859700
2021-03-10,111.9872375011729,114.00238336022224,111.38358030929432,113.04363250732422,9070900
2021-03-11,112.85722136880307,113.49638866925321,112.49325523945443,112.66192626953125,6941500
2021-03-12,113.3188361381072,114.35748630463954,113.3188361381072,113.75382232666016,6521900
2021-03-15,113.97575060578598,114.55277017579276,112.91047641347545,114.12666320800781,7172600
2021-03-16,114.0822884600946,115.38725391387511,114.0822884600946,114.46401977539062,6485200
2021-03-17,114.61491675097045,115.26295640045478,113.94024626285636,114.00238037109375,6192900
2021-03-18,113.81596664198817,114.55277125220168,112.77731650595025,114.25094604492188,6871300
2021-03-19,114.60605701661375,115.17420421315094,113.5407759434699,113.63842010498047,20262100
2021-03-22,113.63842211379054,116.1950913162515,113.63842211379054,115.5647964477539,8077600
2021-03-23,115.76897171544742,118.32562709434167,115.39612642156068,117.71310424804688,9503800
2021-03-24,116.23947743117493,118.19248255448159,115.9553970627025,117.67759704589844,8318000
2021-03-25,118.14810159376664,118.61859788457699,117.22486742284592,118.49431610107422,7517300
2021-03-26,118.26349766369299,120.38517372317338,117.60657199855248,120.24313354492188,10821200
2021-03-29,119.84367007076918,122.15177580152262,119.84367007076918,122.1251449584961,11176000
2021-03-30,121.27290451869986,121.61911898712731,119.96793916562018,120.24313354492188,8090600
2021-03-31,120.4473202950822,121.39719884649271,120.07447494787476,120.22538757324219,9202600
2021-04-01,119.88805484310875,120.26977260935301,118.36115668673595,119.20449829101562,9117800
2021-04-05,119.80817939746865,121.84107738795021,119.60399151852305,121.13088989257812,8279100
2021-04-06,120.73138181805174,121.63687097448208,120.41179820670553,121.17524719238281,6180600
2021-04-07,121.72562648192581,121.91205588479333,120.95330512510722,121.38829803466797,10244500
2021-04-08,121.53036138519283,122.17841473025507,121.25516695857428,121.84994506835938,6190300
2021-04-09,121.18412674098748,121.85881081884287,120.34078518936528,121.05984497070312,5855400
2021-04-12,121.17526561627088,121.6546343333269,120.47396417830593,121.54811096191406,6440900
2021-04-13,120.74914533429757,121.07760139057561,119.70161596279686,119.9413070678711,9161200
2021-04-14,120.30526166069168,120.54493918364987,119.4707926811327,120.37628173828125,7584000
2021-04-15,120.70475433356977,122.29378645772702,120.61597583795795,121.8321762084961,7945300
2021-04-16,122.16064811482998,122.41808411240143,121.51260835898596,121.841064453125,7708500
2021-04-19,121.56586387561465,121.69014565187615,120.18987835905676,121.27291107177734,9149400
2021-04-20,119.70161234851109,123.03060269631622,118.53868722098926,122.284912109375,10040500
2021-04-21,122.4092190216001,123.0128831057809,121.26405206679858,121.4859848022461,8465900
2021-04-22,120.94099184623741,121.31622267255071,119.77062610961073,120.27987670898438,7338300
2021-04-23,120.54786637003151,120.68188611794356,119.04694334642076,119.66339874267578,6708300
2021-04-26,119.26137347321847,119.50258449477946,117.1886545536854,117.26905822753906,9910600
2021-04-27,117.25120214222464,117.83191353020057,116.4024512380653,117.19758605957031,8296800
2021-04-28,117.67110322831621,117.79618015331411,116.92957087569927,117.39413452148438,6262800
2021-04-29,117.31371350511378,118.81465001556154,117.31371350511378,118.38580322265625,6786800
2021-04-30,118.60026142199061,119.42219756771316,118.16248530457088,119.19884490966797,9188600
2021-05-03,119.74377305898815,121.21789449813465,119.74377305898815,120.61038208007812,8070300
2021-05-04,120.59254279488958,121.35194715597012,119.90462654046733,120.1994400024414,9624000
2021-05-05,120.04755120971475,120.5836029032131,119.15414080879141,119.23455810546875,8295900
2021-05-06,119.72591557931284,120.94095419536517,119.64551191992615,120.7354736328125,9771100
2021-05-07,120.68190651768028,121.53064386847804,120.39600857969653,120.74443817138672,6299100
2021-05-10,121.40553446718185,123.6658616095871,121.22685511989944,122.99580383300781,8852700
2021-05-11,123.72840594835276,123.99641815108042,121.92371319994507,122.38829040527344,10973700
2021-05-12,121.94160827109137,122.39724273420312,121.04819774018478,121.09285736083984,8853700
2021-05-13,121.40556148103983,123.76416483411546,120.9588561972576,123.0405044555664,8753600
2021-05-14,122.99581190272406,124.27339590271781,122.99581190272406,123.29956817626953,5989500
2021-05-17,123.26386957152256,124.24662674824195,122.94224118935665,123.04944610595703,7690700
2021-05-18,121.91481081962291,123.13877892249674,121.63784209528353,121.78973388671875,9239100
2021-05-19,121.55742194544644,122.24535179938475,121.13751794923124,122.03987121582031,9806800
2021-05-20,122.20959401969625,123.92495386348953,122.14706238492332,123.2906265258789,8768200
2021-05-21,123.46930586683574,124.13043442397189,123.09407516111843,123.2906265258789,10161000
2021-05-24,123.29066664513596,124.00539787389947,123.04944195855086,123.25493621826172,6981300
2021-05-25,123.33530276236212,123.71946267312427,122.17386656941665,123.67478942871094,8142400
2021-05-26,123.9964334170084,124.05897869358535,123.17449741860962,123.3978500366211,8122900
2021-05-27,123.39785295903128,123.54080190971092,120.30666028666704,120.59254455566406,33095700
2021-05-28,120.74440686022476,121.61995884398087,120.28877247612672,120.47639465332031,10477100
2021-06-01,121.31619113857961,121.50381331914937,118.35900492206332,118.71637725830078,9993900
2021-06-02,118.82358332280523,119.38643623774242,118.39475014742307,119.23455810546875,8254100
2021-06-03,119.02909735100741,121.42344498723948,119.00229612203611,121.36984252929688,11249800
2021-06-04,121.23580721669109,122.05774327533746,120.96778132895874,121.45915985107422,6894400
2021-06-07,121.82544113696231,122.25427430643697,121.21791498387593,121.87904357910156,8418000
2021-06-08,122.11136350655269,122.17390879682114,120.38708746158427,120.46749114990234,6911500
2021-06-09,121.10179120516344,121.89692597337715,120.37813091000241,120.42279052734375,6200700
2021-06-10,120.62829160419764,121.81652922554176,120.27091921862652,121.31620788574219,6515500
2021-06-11,121.28047107522643,121.38767596906972,119.62765625587896,120.48533630371094,10641400
2021-06-14,120.59250751760362,120.63718075501562,119.68123890971758,120.52997589111328,6302000
2021-06-15,120.78906973629114,121.18217244915218,120.20835849470234,120.29769134521484,5543400
2021-06-16,120.7712088825765,121.1285812147554,118.5108817069421,118.62702941894531,8936400
2021-06-17,118.66276515118497,119.85993170726277,118.51087340042979,119.70805358886719,7875600
2021-06-18,119.12735873517681,119.1363015653344,117.87658942578724,117.95699310302734,13997600
2021-06-21,118.54663096422665,119.05586781545716,118.28753430796947,118.8861312866211,8014800
2021-06-22,118.85932691572171,119.73487902097813,118.71639159632437,118.93080139160156,6550900
2021-06-23,118.77890412867679,119.14520564648016,118.21606487428348,118.76103210449219,5796000
2021-06-24,118.77893115773101,119.10055950444196,118.55557851785849,118.84147644042969,6056700
2021-06-25,119.05585315326518,121.09282757204822,118.77889813799302,120.5389175415039,24504900
2021-06-28,120.52108732977828,121.64679343704314,120.39601038812266,120.89633178710938,6065400
2021-06-29,121.06605758435947,121.35195550120521,119.55620522024296,120.07437133789062,5792300
2021-06-30,120.23516612050409,120.86947983267524,119.97606948578401,120.5478515625,5776600
2021-07-01,120.9945885491019,121.62891606041708,120.53895406003683,120.8248519897461,5922300
2021-07-02,121.14645464611472,122.07559545584722,120.98563368667675,121.41446685791016,5572000
2021-07-06,121.07500830167378,121.77186747892702,120.93205933393877,121.48596954345703,6534400
2021-07-07,121.53063797645517,122.92435627564598,121.53063797645517,122.39724731445312,5532700
2021-07-08,122.38830684320408,122.75459478024797,121.40554986000807,122.37936401367188,7585200
2021-07-09,122.61165631330063,122.97794424093301,122.25428395024717,122.42403411865234,5948700
2021-07-12,122.30789255038339,122.8171430812212,121.88798852289473,122.5223159790039,6807300
2021-07-13,121.85222750636873,122.90645872527067,121.85222750636873,122.37040710449219,5603800
2021-07-14,122.40616448979559,123.49612636182302,121.83438233007317,123.27277374267578,5903600
2021-07-15,123.29959596471822,124.41635925064288,123.0226408509872,124.3270263671875,7357100
2021-07-16,124.45206974894919,125.77431330585277,124.28231959408683,125.53308868408203,9346300
2021-07-19,125.36334565848826,126.74812078187753,124.01428731815943,125.47055053710938,9544100
2021-07-20,125.47054908133535,126.84639499299624,124.75581808998069,124.80049133300781,8136300
2021-07-21,125.03278977120186,125.2561423837379,124.17512337318597,124.36273193359375,6954700
2021-07-22,123.42773958596511,124.36273783876759,122.90631460886748,123.8862533569336,6013800
2021-07-23,123.59856010367459,125.84613364063893,123.23895382500038,125.6753158569336,7906000
2021-07-26,125.52245164873234,126.60129765577125,125.1628454584506,126.11581420898438,5925800
2021-07-27,125.99894157240279,127.32051564293423,125.86409267463323,126.6282730102539,7075400
2021-07-28,126.46649372126303,126.46649372126303,124.70440336600711,124.74934387207031,8520000
2021-07-29,125.6483335589356,126.02592422937029,124.72233445137225,125.3966064453125,5430500
2021-07-30,127.66215411452514,129.94568238455435,127.25759369369725,127.86892700195312,14394300
2021-08-02,127.45539699255187,128.04874594804747,126.5833374105378,127.55429077148438,7009500
2021-08-03,127.53631499405404,129.649039633603,127.23064828138324,129.415283203125,8455700
2021-08-04,128.59714499380948,129.5411285021192,127.97682630021588,128.04873657226562,6628000
2021-08-05,128.8758594922166,129.05566261396825,127.18567996793345,128.11167907714844,5363300
2021-08-06,128.58818298368928,128.66909234300763,126.96094185070415,127.13175964355469,6030100
2021-08-09,127.61718648490714,128.19256459843237,127.3924291949661,127.82395935058594,4743800
2021-08-10,127.58124850741504,128.12065784493782,127.35649118725601,127.90489959716797,5253500
2021-08-11,128.32743629215005,128.7769509038694,128.08469456075437,128.21954345703125,4205000
2021-08-12,128.69608430787886,128.69608430787886,127.97687158808212,128.5162811279297,4956100
2021-08-13,128.51626413051943,129.4512624915587,128.28252139931035,129.1365966796875,4888800
2021-08-16,129.16358469674714,130.08059875616215,128.9028721412221,130.03564453125,6040800
2021-08-17,129.81984454524056,130.8986908385504,129.3613444732542,130.2513885498047,7577000
2021-08-18,130.08956845460133,130.2514009011841,128.72303974676504,128.8309326171875,7162000
2021-08-19,128.7050402080036,130.6109779686814,128.7050402080036,130.3502655029297,5787200
2021-08-20,130.58403355776832,131.24032124507977,130.16148859958253,130.440185546875,5273800
2021-08-23,129.72093380286742,130.66491732707328,129.66699423887258,129.77488708496094,4522200
2021-08-24,129.46920315927898,129.59506671119868,128.54320408770576,128.72300720214844,4560400
2021-08-25,128.62419227261572,128.67813186244857,127.88698129661955,128.2645721435547,3861500
2021-08-26,128.1656432442825,128.30050590005837,127.18570438224481,128.03977966308594,4749400
2021-08-27,128.09369790626786,128.35442409982065,127.33851654485142,127.94086456298828,4741200
2021-08-30,128.20159287965532,128.5522137831266,127.70712398550369,128.49826049804688,3845800
2021-08-31,128.5971657760295,129.03769514259298,127.70713540506951,128.01280212402344,9642400
2021-09-01,127.9588765777761,129.63107207747876,127.86896813618154,129.31640625,6214200
2021-09-02,129.43326763272339,130.11652505835818,129.0826467051068,129.415283203125,5392500
2021-09-03,129.2444465517243,129.7928549705724,129.02868830043877,129.5051727294922,5466400
2021-09-07,129.74790905985168,129.9097277415556,128.82189630374285,129.01968383789062,6520600
2021-09-08,128.63310550111572,130.30530043878423,128.57016686953313,129.9996337890625,6897800
2021-09-09,129.97271750731798,130.25141449196087,129.14559819288306,129.45127868652344,6354700
2021-09-10,129.5141640228895,129.87378398835335,128.84889109345468,129.5771026611328,5750000
2021-09-13,130.2244291557939,132.36411004723738,130.2244291557939,130.97061157226562,9952500
2021-09-14,131.37518121464626,131.5819541522662,130.31431930361563,130.745849609375,5831800
2021-09-15,130.67393447519723,131.05152519348982,130.1255259685602,130.46714782714844,6237100
2021-09-16,130.21543076678466,130.53009658211627,128.39940103597857,129.55914306640625,6142100
2021-09-17,129.792869442621,131.51001888042393,129.66700587597103,129.76589965820312,18737400
2021-09-20,129.65800614185042,130.22439898801395,127.63519022623605,128.46229553222656,10238700
2021-09-21,128.54321700556616,129.93671528920768,128.45332229836006,128.66009521484375,6651300
2021-09-22,129.29843456820186,129.77491912526114,128.4353601769027,129.10064697265625,6332500
2021-09-23,129.5142100117958,130.08060308470868,129.00177024143488,129.63108825683594,5171200
2021-09-24,129.28043668210006,129.86480033296837,128.64211974143257,129.05567932128906,5009400
2021-09-27,128.69605135567946,128.7140357845005,127.23064278210845,127.35650634765625,5749700
2021-09-28,126.80808312680095,127.09576536398626,125.46852455644625,126.39452362060547,7015300
2021-09-29,126.10687412729057,128.2735248364145,126.0259510450439,127.68017578125,5460000
2021-09-30,128.23755886150087,128.32746729280322,125.44157675244453,125.68431854248047,6934900
2021-10-01,125.80117090285951,126.07088245264148,124.35374681249816,125.48651885986328,5587200
2021-10-04,125.31569872415551,126.22371341592617,123.7064422470374,124.77627563476562,5816000
2021-10-05,124.78530285595042,126.33163476170701,124.71337884660103,125.26178741455078,6902700
2021-10-06,124.95612060627438,126.99690778345924,124.62347034842276,126.9339828491211,5332900
2021-10-07,127.43740632120394,128.5881627552632,127.43740632120394,127.94985961914062,5334600
2021-10-08,127.9228878651173,128.21956921462305,126.7991011100653,127.41943359375,6131800
2021-10-11,127.99480011073611,128.35442007019137,127.45539074870139,127.94985961914062,5995600
2021-10-12,128.20159960173478,128.59716101969738,127.39246490030634,127.76107025146484,6734800
2021-10-13,128.0218009116807,128.34545209455936,126.79013483260736,128.05776977539062,5689800
2021-10-14,128.40835589179605,129.738915407751,128.39037146482278,129.5051727294922,6777800
2021-10-15,129.92773802074552,130.24239009270062,129.17254286823206,129.83782958984375,6923700
2021-10-18,129.0557044941042,129.19055344965332,127.75211429075027,127.9678726196289,9119000
2021-10-19,125.03703588699824,126.60135229789829,124.78530870153423,126.45750427246094,9555300
2021-10-20,125.99897493967067,127.62622980624131,125.72927707270969,126.95195770263672,7352700
2021-10-21,127.42237148076545,127.69375512509887,125.90263135438552,126.038330078125,6545500
2021-10-22,126.09257251220599,127.5580245007118,126.02925749947828,127.39520263671875,5265000
2021-10-25,127.01527975790837,127.47662220695956,125.7850194239622,127.4133071899414,5382100
2021-10-26,128.1098172543841,129.52099511795737,127.7660776486037,129.2224884033203,6234900
2021-10-27,129.4848166355773,129.97329597005748,128.1731456158353,128.29978942871094,9643500
2021-10-28,128.3540954212563,129.24965719505116,128.19127353682657,129.0687255859375,4538500
2021-10-29,128.5982993353841,129.79236750067426,128.47165553295727,129.34912109375,6239500
2021-11-01,129.68381613087428,130.0818434429943,128.89681636572533,129.03250122070312,5038900
2021-11-02,129.10488295932004,130.78744433158596,128.70685561056936,130.31704711914062,9954300
2021-11-03,130.38036803062658,131.26687465170713,129.82855993111804,131.2126007080078,7620100
2021-11-04,129.21343889852304,131.52017841103276,128.7611375746247,131.4568634033203,6402500
2021-11-05,131.56546181685488,132.4067359767941,130.98651645211228,132.10821533203125,6062700
2021-11-08,131.61971143992338,132.16247865784035,130.28090311971025,131.12217712402344,5854400
2021-11-09,131.19451462938756,131.9181994736322,130.7874462179813,131.52017211914062,4873100
2021-11-10,131.83677882353624,133.2569976302006,131.70108016098735,132.81375122070312,7334900
2021-11-11,132.8499765382928,132.94948340499352,132.26199020069845,132.43385314941406,4096300
2021-11-12,132.7413878885316,133.04894945374306,132.0538810920118,132.57855224609375,5687400
2021-11-15,133.00369567916712,133.65501054036613,132.49712052115407,133.33839416503906,5510200
2021-11-16,133.32938578933533,134.4149062230198,132.98563236079778,133.14846801757812,7603900
2021-11-17,132.94947485550477,133.6822009162984,132.45194055399574,133.06707763671875,4900200
2021-11-18,133.01278942149875,133.95358406172332,132.53335104253281,133.0851593017578,5509300
2021-11-19,133.835942702247,134.08923030857108,132.7866004456819,132.81375122070312,6274300
2021-11-22,132.9494497664282,134.7315180535364,132.82280595022894,133.7002716064453,6625400
2021-11-23,133.72742690321945,135.2381118474121,133.58268714969208,135.183837890625,7912800
2021-11-24,134.57774781612383,134.67725466545082,133.5917203807414,134.47824096679688,5665200
2021-11-26,134.40587348503328,135.43712003133717,133.25702416839422,133.40176391601562,6299800
2021-11-29,133.6912530838607,135.38286984955133,132.7866502070947,134.80392456054688,7113300
2021-11-30,133.7093075903988,134.3696636210151,130.37132180055582,130.78744506835938,11696400
2021-12-01,131.03172975928229,133.76362045753095,131.03172975928229,132.43385314941406,8313500
2021-12-02,132.98564131148447,134.2973263020758,132.9223262985215,133.2117919921875,9468800
2021-12-03,133.899271612027,135.69038077335628,133.57361414604537,135.5818328857422,11200800
2021-12-06,135.8622710014846,137.85239402382845,135.8622710014846,137.63528442382812,11935100
2021-12-07,137.45435525008048,138.02425927581663,136.8392321391789,137.2734375,7913400
2021-12-08,137.20108725242585,138.09664887758444,135.94369007538137,137.88858032226562,8329300
2021-12-09,137.78005264928936,139.48071035979308,137.1377923799096,138.69371032714844,8334300
2021-12-10,139.17312106432382,140.93709344382555,138.793175810455,140.62953186035156,7172300
2021-12-13,140.48481890562192,143.2257643108317,140.13202436247047,142.62872314453125,8944000
2021-12-14,142.83676487239194,143.49713480044127,141.71506632649078,143.15338134765625,8677500
2021-12-15,142.60155340079498,144.41075860192313,142.60155340079498,143.70516967773438,9152600
2021-12-16,143.5876258374302,145.93055802459543,143.30720112469803,145.74058532714844,10852900
2021-12-17,145.33344604369861,146.29232251871932,142.30302204149766,142.438720703125,24349400
2021-12-20,141.66077331498468,143.34333471063732,141.63363634111448,142.80056762695312,9202600
2021-12-21,142.61059143052609,143.0628927212073,141.83263265842882,142.71009826660156,6946000
2021-12-22,142.71915533086073,144.35648381991442,142.2668540331933,144.1212921142578,6626300
2021-12-23,144.28412192963344,145.56865602962066,144.22984797941638,144.82688903808594,5640900
2021-12-27,145.34250743606003,146.5365895703872,145.28823348507083,146.51849365234375,4548600
2021-12-28,146.50945524832622,147.79398938985258,146.49135932995506,147.3054962158203,5929400
2021-12-29,147.64019619906156,149.24133286041123,147.52259344423217,148.52670288085938,5346100
2021-12-30,148.71671135963828,148.8885881192812,147.0974782407057,147.24221801757812,5911500
2021-12-31,147.3236298715743,148.11062998304587,146.96179423031367,147.97494506835938,5327000
2022-01-03,146.26521021044047,147.39596356564132,144.62788156061234,147.35977172851562,9317300
2022-01-04,146.8079887180743,148.70766020188077,146.70848185362456,147.87542724609375,9253800
2022-01-05,147.84829749584105,149.54895533392047,147.81210565073812,148.5448455810547,9330200
2022-01-06,148.66240815501806,149.4403670487665,147.09744930942418,147.2964630126953,7556000
2022-01-07,147.5678518955035,147.92968747638216,146.50041346656897,147.21505737304688,6098500
2022-01-10,147.00698346957023,147.55879168244053,144.89021641159908,145.2068328857422,8055000
2022-01-11,144.93542400812964,144.93542400812964,141.94119172773026,143.5242462158203,11957900
2022-01-12,143.16241408400273,144.15748254572716,142.77344156005495,143.8408660888672,7127500
2022-01-13,144.11225858521843,144.23890241518504,142.72821751374704,143.18955993652344,6551000
2022-01-14,142.99054492916483,145.17968164626078,142.52918875198483,144.56454467773438,10708000
2022-01-18,143.40663814663606,143.40663814663606,141.15417287513597,141.77835083007812,10988400
2022-01-19,142.57443369282151,148.52672118173314,141.99548851047575,146.54563903808594,14088300
2022-01-20,145.62704366539825,149.45598976986977,145.62704366539825,147.33688354492188,10799100
2022-01-21,148.24639689141807,150.38369712159619,147.42786405474277,147.90078735351562,10900400
2022-01-24,148.63746968735845,149.26501800507873,144.35379322950814,146.7002716064453,14838100
2022-01-25,145.9271694859109,146.70023889750956,143.59888525579692,145.0995330810547,9369600
2022-01-26,143.09866026567929,145.12682597019602,142.2255606452041,143.83534240722656,10707100
2022-01-27,144.36286618853936,146.74573154165714,144.22644869096416,144.72666931152344,9083000
2022-01-28,144.25372646048064,146.381922604139,143.08049439492626,145.97265625,9494200
2022-01-31,144.92677284839706,146.10909495922826,144.49020905476206,145.9272003173828,8950100
2022-02-01,146.2364139054003,146.70026117386192,143.4533858053138,145.28146362304688,6284100
2022-02-02,145.64525464296932,148.10086688576163,145.03589998892733,147.88259887695312,7558800
2022-02-03,147.31870777566132,150.04716891274137,146.99129188410487,149.283203125,10474500
2022-02-04,148.36460847843958,149.60151126790615,146.80028983653568,146.909423828125,8959900
2022-02-07,147.21866909055336,147.57336849638583,145.21780029155812,145.80897521972656,6430500
2022-02-08,146.53656190630483,146.6729933023724,145.19961471534177,145.4815673828125,5048700
2022-02-09,145.84533414415552,146.09998939091955,144.85399665656197,145.1541290283203,8077400
2022-02-10,144.69027454592072,145.06316752348695,142.47112418281455,142.94406127929688,7033000
2022-02-11,143.7080413439353,144.2264556149492,141.49799451109698,142.1437225341797,9341400
2022-02-14,142.0072808367549,142.8440071007322,139.47890842148243,142.552978515625,9472200
2022-02-15,143.48975749260893,144.8994650161344,141.980005851216,142.62574768066406,6659200
2022-02-16,142.63485031301857,144.40834721779441,142.12553980474146,143.70803833007812,9315700
2022-02-17,144.04455404213243,145.8635280237119,143.10778355183263,145.35421752929688,7925500
2022-02-18,145.06319739300858,146.48199509692645,144.44475280521766,145.42698669433594,8063200
2022-02-22,145.61795795745073,146.3182668035368,142.48023071588338,143.63526916503906,8179500
2022-02-23,143.9718091309821,144.24465803353246,141.51619676337236,141.84361267089844,6273000
2022-02-24,141.55252539292957,141.86174757515457,136.9323307706831,138.02371215820312,13145100
2022-02-25,138.54216451180972,144.55387448998027,138.4694038822161,143.917236328125,8888800
2022-02-28,142.14371172045458,142.96225831594097,139.89729168330538,141.77992248535156,8669200
2022-03-01,140.34295882273176,141.3342964780086,138.55126804072077,139.4334716796875,8311900
2022-03-02,139.11513314385914,141.04324108088065,138.78771727930175,139.8699951171875,6111300
2022-03-03,139.85183368204284,141.75265836905302,139.85183368204284,140.388427734375,7451200
2022-03-04,139.2606412614517,141.28880720893923,138.7422409017539,141.09780883789062,8639100
2022-03-07,140.50662780874916,140.53391130391074,137.4598413241404,139.00596618652344,8374500
2022-03-08,138.40572001376282,139.1060288642875,133.31260132380373,133.5035858154297,9517200
2022-03-09,135.3589493227625,136.85050741952833,134.43126871450875,135.30438232421875,7044100
2022-03-10,134.42214711647452,134.85869687946703,130.91152763609023,131.82101440429688,9221000
2022-03-11,132.23941961385125,132.93063869587309,130.08393961426017,130.25674438476562,7086100
2022-03-14,131.37536864000555,132.82144935609918,130.37494146257634,131.9210662841797,7964600
2022-03-15,133.7036583145579,136.91414582067074,133.59452433219383,136.66859436035156,9868400
2022-03-16,136.9960054091999,138.0509995831662,134.6404239765055,136.20474243164062,6908900
2022-03-17,136.41394942605584,136.8504992660665,135.05880890638772,136.63221740722656,6003800
2022-03-18,137.21426456810272,137.21426456810272,134.82232379948394,136.55943298339844,15570300
2022-03-21,136.82322561124357,137.71451897970357,135.73184399387029,137.077880859375,6937500
2022-03-22,139.54258252949217,139.697207530491,136.8959859296457,138.1328887939453,7292100
2022-03-23,138.42392114703276,139.16060341003043,137.05060074796737,137.16883850097656,5531900
2022-03-24,137.23246871749203,137.8418232349053,136.5685472101116,137.4052734375,4203100
2022-03-25,137.90549054305524,139.98820924842306,137.7963426881693,138.9968719482422,5047700
2022-03-28,139.73359188808422,139.97005352864448,138.81501494986452,139.95187377929688,4234000
2022-03-29,141.3069906035237,142.30743185356081,140.07919148139118,141.38885498046875,5643400
2022-03-30,138.69675027028288,140.4520533009472,138.18743983397962,140.41567993164062,5779300
2022-03-31,140.15194026661953,140.3702082462464,138.60580139669426,138.9696044921875,7538600
2022-04-01,139.62445025113735,141.38885727842273,138.29659310474955,141.05233764648438,5742600
2022-04-04,139.8881931693151,140.37932392052866,137.5689985451116,140.13375854492188,5992000
2022-04-05,139.70630103977223,143.125967222916,139.64263028739003,140.6248779296875,7653000
2022-04-06,140.4429900341435,143.0532134535235,140.00644013142008,142.63485717773438,8884700
2022-04-07,143.58069730303353,144.96312132338983,142.76216461650384,144.48109436035156,6889700
2022-04-08,145.2450531196673,145.99992890141218,144.53565445781905,145.60885620117188,6045400
2022-04-11,145.47246397520271,146.61842664313323,144.2719481774568,145.05410766601562,6158400
2022-04-12,144.89035678191817,146.09088615918125,144.33556921412276,144.6175079345703,7221500
2022-04-13,144.68116973102806,145.89078890657825,144.34466403745694,145.0267791748047,5247700
2022-04-14,145.4997275838265,145.79077008752776,144.10821357247215,144.2173614501953,7806500
2022-04-18,144.1354945207552,144.59023801648496,142.3619976629432,142.84402465820312,6034500
2022-04-19,142.58027816297724,145.54520073060453,142.15281817089658,144.9813232421875,7897000
2022-04-20,145.9726462536105,149.59240020019578,145.51790280733758,148.8375244140625,10196100
2022-04-21,149.8280645084541,150.81580892661566,148.5567716559174,148.72140502929688,9365700
2022-04-22,149.2975924187636,149.55367635788699,147.16659724600035,147.47755432128906,9394600
2022-04-25,147.88911254365334,149.34330643231226,146.15139815594452,148.66651916503906,6986800
2022-04-26,148.78540539036857,149.66341740494295,146.10566499398348,146.14224243164062,7769500
2022-04-27,146.5263996285608,147.66048175204537,145.5203455297962,145.74899291992188,6754900
2022-04-28,146.82819776912655,149.72745887516504,145.6666791079685,149.4530792236328,9306800
2022-04-29,148.59333596440783,149.03233495417703,146.51721418830084,146.8373260498047,10637000
2022-05-02,147.7976554320315,148.1634856167757,142.8497233346386,144.85267639160156,10351600
2022-05-03,144.7063619926002,145.41059986472075,141.77052335050845,142.8680419921875,10344000
2022-05-04,142.52044880876744,144.09354348274428,141.89852084310164,143.91976928710938,7771000
2022-05-05,142.95034317984224,143.85577786305038,140.06023697940597,141.2675018310547,8217100
2022-05-06,141.55100802096499,142.89545558081815,140.727869172091,142.6759490966797,7304800
2022-05-09,140.81022288270086,143.37106263330904,139.7035633111288,142.3192901611328,8540800
2022-05-10,142.26438705177077,143.24299047415684,140.79189752756017,141.5692901611328,7447400
2022-05-11,140.8742004687482,142.58447813609868,139.33769701572183,139.5754852294922,7692200
2022-05-12,140.40777408945138,140.4900837893456,137.07866910141055,139.00845336914062,9600800
2022-05-13,139.54805494832024,140.59982719586893,137.57253845788026,140.4992218017578,5675500
2022-05-16,140.36202692339123,142.58447231772698,139.04501604281043,141.87109375,5971000
2022-05-17,141.88026538042018,143.36189581880748,139.9962133524641,141.46868896484375,6509100
2022-05-18,141.45953883840204,141.54184853392067,132.19474388063543,132.65203857421875,9670700
2022-05-19,131.16127463584925,131.17041550623824,128.59128054828784,129.59732055664062,9694100
2022-05-20,130.0089098061359,130.28328948515264,127.29257749937767,129.67965698242188,7786900
2022-05-23,130.6399301284565,133.19164204886422,129.94484729580088,132.6611785888672,7134500
2022-05-24,132.51487839161697,135.30437929023196,132.45086438045084,135.02085876464844,7207400
2022-05-25,134.54527073418848,134.57270730454704,131.24360186426014,132.80755615234375,8217800
2022-05-26,133.96905517578125,134.79219403226926,132.65204416982215,133.96905517578125,5702600
2022-05-27,134.41721441239602,136.0177459716797,134.10625734449042,136.0177459716797,6028800
2022-05-31,134.70986286387983,136.2646759653457,133.67638636019032,135.24948120117188,12416700
2022-06-01,135.35923730361145,135.46898357079158,132.35024418236185,133.2008056640625,7036000
2022-06-02,133.50263794100564,134.68245232193814,130.44791218850318,134.63673400878906,6479800
2022-06-03,133.85931679001038,134.63672342986723,132.7252208113372,133.42945861816406,4720700
2022-06-06,134.78302377475032,135.02996679897618,132.2404665787228,132.9081268310547,4751100
2022-06-07,131.3990741405613,134.60927831898937,131.17956763264502,134.38978576660156,4918600
2022-06-08,133.80444342362765,133.92333056600967,132.6063334403221,132.71607971191406,4369600
2022-06-09,132.99046980628214,134.34405843264702,130.1826731893086,130.3198699951172,4625700
2022-06-10,128.85652604254085,130.92349348017078,127.53951480756159,129.82598876953125,6630800
2022-06-13,127.58521851823953,128.49066702848754,125.87494084329754,126.35051727294922,8549500
2022-06-14,125.76521067001173,125.82923864056319,121.21969924887011,122.4086685180664,9980200
2022-06-15,122.95741815552549,123.37812152255094,118.4393436624665,121.19225311279297,12178100
2022-06-16,119.83864225115829,123.5335910660629,119.4453755265637,121.93305969238281,9683300
2022-06-17,121.2379840819323,122.79278346897375,120.20449346245358,121.05506896972656,17113300
2022-06-21,123.122048147459,125.29877587291868,122.03368428472916,124.72257995605469,9017000
2022-06-22,124.0915125082499,127.75902580314178,124.08237163607276,126.67066192626953,8374500
2022-06-23,127.17365688390812,130.31069177848312,127.03646010272512,130.1460723876953,6418300
2022-06-24,131.883799299396,132.8349801670167,130.89604099326428,132.02099609375,19440600
2022-06-27,131.8106267080491,132.39596339622852,130.52106619327384,131.0149383544922,5618500
2022-06-28,131.28017704949664,131.7832040899717,128.572999813442,128.8839569091797,6077300
2022-06-29,129.50583554499923,130.65821290627287,129.09425924298674,130.05458068847656,5174600
2022-06-30,129.5881899812617,132.103311135246,129.1674726659809,131.50881958007812,7410100
2022-07-01,131.92041338431596,133.75873351842444,131.15214748816098,133.6306915283203,5937200
2022-07-05,132.23137919113813,133.62155942891954,130.36560840651785,132.34112548828125,5760900
2022-07-06,133.08190429293987,134.8928014307932,132.5880321361336,133.57579040527344,5485200
2022-07-07,132.88072553313376,133.70386460027976,132.2496703905117,133.53009033203125,6623400
2022-07-08,133.52094210005882,134.2708983228899,132.2222265293767,132.6337890625,4294200
2022-07-11,132.7526510917804,134.0605212425148,132.32279294029325,133.56663513183594,5482900
2022-07-12,133.40202042975002,134.37148303344736,132.03927709773467,132.38682556152344,5204400
2022-07-13,132.07587717683765,134.40808326591548,131.89296206222008,133.2556915283203,5075600
2022-07-14,131.48135741661864,133.10018444269588,131.21613265062413,132.86239624023438,4867000
2022-07-15,132.92641822237405,133.2556709600764,131.79233631347546,132.6794891357422,6264600
2022-07-18,132.56059419639698,132.6977770286647,130.941766998002,131.06980895996094,6047500
2022-07-19,132.22221783437124,132.62462551339883,131.37164229668952,131.7374725341797,5943600
2022-07-20,131.7009010069507,131.9021118332648,128.627879425234,129.4601593017578,8635300
2022-07-21,129.4261079133613,130.1257034097007,127.90722986415818,129.5825958251953,8310200
2022-07-22,129.57334799017588,131.79182096086734,129.49050394881172,131.65374755859375,5292700
2022-07-25,131.4512473505179,132.94249647030162,131.2027011485119,132.5466766357422,5262100
2022-07-26,131.34996363874183,133.0069145908248,130.44785136054463,132.8043975830078,5375700
2022-07-27,132.4453840707589,134.59021293458161,132.1231941122237,134.0655059814453,5500000
2022-07-28,134.5258028980231,136.7995055034832,133.5500466147651,136.293212890625,7115700
2022-07-29,130.19010169456098,131.17507213625018,127.24441867335783,127.8703842163086,18694700
2022-08-01,127.34567397077,132.50062966233162,127.28124439884071,131.54327392578125,12590000
2022-08-02,131.73660731666763,132.298129296446,130.5031046221138,130.66879272460938,7495000
2022-08-03,130.40180882025143,133.7249105939525,129.71141383163865,133.36590576171875,6811000
2022-08-04,133.3383219320531,134.82037074564062,132.56506869087139,133.15420532226562,6124700
2022-08-05,132.32573104486644,133.32910191267587,131.4236186896146,133.21864318847656,4580300
2022-08-08,133.50398309128403,134.82954375602253,133.2278222784431,133.72491455078125,4486800
2022-08-09,134.00107683465808,134.34166721476478,133.0069063251904,133.41192626953125,3977300
2022-08-10,134.29566106622292,134.8571830044002,133.8353976429997,134.67308044433594,4641300
2022-08-11,135.14254822474848,135.58439719168092,133.41195320558538,133.71572875976562,5954300
2022-08-12,134.31409170288742,135.06891650384358,133.43959390272872,135.01368713378906,5038700
2022-08-15,135.19778623879128,136.9467958402517,135.0873275015232,136.75347900390625,6008000
2022-08-16,136.56936751492736,138.6313527681819,136.56936751492736,138.01458740234375,7093000
2022-08-17,137.25055185833517,137.84888866145437,137.0480348381142,137.37942504882812,4834600
2022-08-18,137.03884214886128,138.0698418811963,136.71666614498437,137.86732482910156,3829000
2022-08-19,137.35184143876967,138.65898810835154,136.9007781469473,137.83050537109375,6502500
2022-08-22,137.14010547095555,138.19871992504102,137.01123225567255,137.46229553222656,6380700
2022-08-23,136.63381196031082,136.64302621956878,134.2404502564342,134.81117248535156,5268200
2022-08-24,134.9584417189262,135.55677855155116,133.58685165908776,134.23123168945312,5903200
2022-08-25,133.68813973638837,134.19443242386308,133.00695870790244,134.12078857421875,5097600
2022-08-26,134.3969267088016,134.88480483960242,130.73323359855908,130.9817657470703,6086600
2022-08-29,130.07045368925742,131.34998551752736,129.81270728112574,130.42945861816406,5272100
2022-08-30,131.09224441031387,131.09224441031387,128.7909270688483,129.03945922851562,5203700
2022-08-31,129.24195071889258,129.68381367428051,126.9038189426567,126.97746276855469,8406900
2022-09-01,126.87620718178043,128.65281711676317,125.8912367896302,128.5423583984375,7446500
2022-09-02,129.26037278890126,129.9323534263207,125.69793853408075,126.25946044921875,7077800
2022-09-06,125.08118302494782,126.97746593927087,124.53806155115349,124.8510513305664,8217200
2022-09-07,125.21924991776024,126.81175722723131,125.21004970706757,126.73811340332031,6609400
2022-09-08,126.1213932095196,127.48378321787615,125.2468954103746,126.90384674072266,7380500
2022-09-09,126.9866465359484,129.87709960907156,126.38830984142601,128.8369140625,6434300
2022-09-12,128.3306748907746,130.5307339009264,128.05451397627746,129.88636779785156,5818700
2022-09-13,129.5917935487416,130.1901304969696,126.90385631934939,127.19841766357422,6350200
2022-09-14,127.64027711382329,128.5608041132662,126.72895032776898,127.50218963623047,6137800
2022-09-15,127.75073762750493,127.85199616069052,125.78081038327166,126.5172348022461,5320700
2022-09-16,126.51719670469186,128.0084455206196,126.21342119660969,127.29043579101562,9321500
2022-09-19,127.21683186187343,127.45617787754917,126.32391952522399,127.02352905273438,6056000
2022-09-20,126.48963517815551,127.00512811898507,125.67956681620667,126.57247924804688,5589800
2022-09-21,127.10633583582553,127.21679455150947,124.92469192432645,124.9430923461914,6413900
2022-09-22,124.95235327669633,126.1766560019601,124.4920897279263,125.38500213623047,5061600
2022-09-23,124.89709034924685,125.65192919350244,123.3045826520908,124.80504608154297,6523600
2022-09-26,124.80503251962102,125.94649087490039,124.26192504696697,124.9247055053711,7396400
2022-09-27,125.15481818953262,126.05693043614933,121.24257965585166,121.4911117553711,7722200
2022-09-28,122.44846740355952,122.44846740355952,120.76390183175744,121.4911117553711,10455100
2022-09-29,121.38987016145785,121.38987016145785,118.06676769994692,118.4718017578125,7128500
2022-09-30,118.74795562441986,118.78477051563671,116.17968504372891,116.21650695800781,9431900
2022-10-03,117.13703913877781,118.84001939303704,116.61233912650499,118.2968978881836,8477700
2022-10-04,118.84003215302602,120.4693547041544,118.47181295374818,119.76055908203125,7211600
2022-10-05,118.93206024169922,119.751328535236,117.91027492763655,118.93206024169922,5071100
2022-10-06,118.64671949891985,118.80320739683046,116.30858017407961,116.42825317382812,5530800
2022-10-07,116.44665320548464,116.52029704324455,113.92441145824243,114.39387512207031,6095400
2022-10-10,113.56539543440813,114.37545650144799,112.46996627969041,113.92440032958984,6923300
2022-10-11,113.85997790983953,115.71023197750883,113.77712683437171,114.35706329345703,5516200
2022-10-12,114.91857295436012,115.81148515651593,114.52275313594339,114.5411605834961,6823500
2022-10-13,113.69427281715645,116.67677783439473,113.15115832554034,116.27174377441406,6910500
2022-10-14,116.67677394704538,116.92531309725855,114.85412776092046,115.13949584960938,5516800
2022-10-17,115.99558384590792,118.08517658836396,115.85750342151994,117.21987915039062,6664600
2022-10-18,119.05175713338792,119.73295216162758,117.51447874780345,118.16804504394531,7114200
2022-10-19,121.17815581460002,122.43007291147971,119.21742909952827,119.26345825195312,9993700
2022-10-20,119.23842268375518,120.30454990310194,117.43993154566903,117.7273178100586,8168000
2022-10-21,117.3101445647514,119.54435494054384,117.25452324168168,119.20134735107422,6394600
2022-10-24,120.04496497344483,120.92566885435272,118.9881174871937,119.93370819091797,6946000
2022-10-25,120.14696549678604,121.61170765144118,119.09938331104114,121.31505584716797,6776000
2022-10-26,121.12036370499585,122.90033106473348,120.88859874257082,122.1679458618164,6612800
2022-10-27,122.37189328381902,123.41019573047711,121.90836338501668,122.26065063476562,6676700
2022-10-28,123.45656478724192,125.62588155124914,123.22479981298957,125.35704040527344,6996400
2022-10-31,125.33847033788287,125.77418953455134,124.46703194454594,124.84712982177734,8346300
2022-11-01,124.87496146744476,126.33971775728536,124.07768941464066,125.04183959960938,6428300
2022-11-02,124.893489487742,126.58073086119728,123.12280198674941,123.24332427978516,7318100
2022-11-03,122.1215984350904,122.96522635130502,121.40777248673497,122.39971923828125,5204000
2022-11-04,123.59564660130974,125.15310061902287,122.85399576847884,124.63394927978516,5555400
2022-11-07,125.47755747560699,127.18334421983515,125.20870219505369,126.54367065429688,6746800
2022-11-08,126.84034196918907,127.48928106829341,125.89473691288765,126.83106231689453,5266200
2022-11-09,126.88666871845989,127.90644014407853,126.3953281622463,126.52511596679688,5690700
2022-11-10,129.28774881167797,131.29946661378608,128.11964456504174,130.8822784423828,8068700
2022-11-11,130.90082658132323,131.29946960744465,128.96327520671446,130.68760681152344,7175200
2022-11-14,130.26116492590285,133.08870009124087,130.02939998031465,130.69688415527344,8516200
2022-11-15,131.72591712462787,132.75495401797644,129.51024487715952,130.2426300048828,7732400
2022-11-16,131.17895929981387,132.48611698889115,130.69688425180763,131.40145874023438,6193700
2022-11-17,130.81742439753367,131.35512084254992,129.65859951063956,130.5949249267578,5186300
2022-11-18,131.5683315680525,132.34705844323173,130.96574832683754,132.17092895507812,5671400
2022-11-21,132.62519678153197,134.59983904037117,132.41197694968287,133.8489227294922,6377200
2022-11-22,134.8222847392357,135.15602679547936,134.27532291383335,134.99842834472656,5372900
2022-11-23,135.25804326711554,135.93480722671032,134.95212592690825,135.76792907714844,4296000
2022-11-25,136.08309056016253,136.46318844171273,135.72153783390493,136.01820373535156,2411100
2022-11-28,135.71226315141254,136.59296699983403,135.4804982362591,135.90695190429688,6628200
2022-11-29,135.11896244426762,135.40634871169433,133.9879483851105,134.86865234375,5634200
2022-11-30,135.02623907460182,138.2802276611328,134.54417821762624,138.2802276611328,12396800
2022-12-01,138.62326888357236,139.3927303156558,137.7332992808865,138.3636932373047,6927400
2022-12-02,137.64055869395438,139.77279889358334,137.2790059665336,139.6244659423828,4938300
2022-12-05,137.8630741721836,138.75304369138848,137.45516558179364,138.21534729003906,5402500
2022-12-06,138.79938804888846,139.13313012747932,137.46441973452502,138.3914794921875,6866700
2022-12-07,138.14116993172374,139.45759309520497,138.14116993172374,139.28146362304688,6175500
2022-12-08,138.55838281492524,140.3383361760005,138.14119453142277,140.28271484375,5187100
2022-12-09,139.70792618046318,140.8667510727129,139.26294138266655,139.91188049316406,5868200
2022-12-12,140.18999110992206,141.43224790915355,140.0231129817418,141.34881591796875,6142400
2022-12-13,142.22026324843463,142.98044501379002,139.7913566811307,141.13560485839844,7680600
2022-12-14,141.6454471637567,143.17510417594934,141.07067466901023,141.69180297851562,7385600
2022-12-15,140.6535350827482,140.9131107340143,138.8179603642772,140.08802795410156,7117200
2022-12-16,139.3927219409978,140.05094066965293,138.15046511623504,139.46688842773438,19966400
2022-12-19,139.26294557079996,140.3383384981434,138.35443078878117,139.4298095703125,5881800
2022-12-20,138.42858021902896,139.89332229802554,138.38222439849633,139.4854278564453,5646100
2022-12-21,139.75423317347648,141.4971097290974,139.7264225174448,140.7647247314453,5024700
2022-12-22,140.1065522725614,141.29318768635252,139.87478732227703,141.0892333984375,5904900
2022-12-23,141.20048297357647,141.76599004583994,140.60716523757958,141.4878692626953,3401800
2022-12-27,141.56203094395548,143.06387746364635,141.52495477550602,142.72085571289062,4215100
2022-12-28,143.02679385502586,143.3698014760529,140.82038686486936,140.8760223388672,4197500
2022-12-29,141.66399149855673,142.06263452820485,141.04286319264781,141.4600372314453,3809100
2022-12-30,141.31171018121645,141.54347511753346,139.4668703414509,140.5051727294922,4532000
2023-01-03,139.93969381420618,140.64426841538247,138.24317244226447,140.5144805908203,6447300
2023-01-04,140.9038269526647,142.20170504066763,140.19925243705435,141.12631225585938,7313400
2023-01-05,141.10775668641534,141.3580526089484,139.17947090139785,139.3741455078125,5373800
2023-01-06,140.77403256106024,143.19365914082837,140.681320925191,142.6930389404297,7882200
2023-01-09,142.2480723927435,143.50887441436325,140.91310388210948,140.95018005371094,5727000
2023-01-10,141.0058002309608,141.56202761950107,139.93040747564916,140.8111114501953,4716400
2023-01-11,141.20976011535365,141.43224542126615,138.45639128820343,139.67083740234375,8691300
2023-01-12,140.6349547811251,140.66276544068197,138.61397140901414,138.8828125,7801600
2023-01-13,138.69741647663886,140.0323848445842,138.5212728522836,139.87478637695312,5535800
2023-01-17,139.79135089316952,141.0336218637432,139.42979811146063,139.46688842773438,9611800
2023-01-18,138.74377944962896,138.99407542216738,135.3878131999968,135.7308349609375,10461200
2023-01-19,133.69062694556703,136.40530296698162,132.69245576078563,132.86036682128906,12683700
2023-01-20,132.76706397711743,133.54133937529883,130.74270832250537,133.37342834472656,8603300
2023-01-23,133.73726504557058,134.05443985138402,131.24648483302053,131.5823211669922,7473100
2023-01-24,131.2464730517125,132.82303752704354,130.42553670134515,132.30062866210938,6822500
2023-01-25,130.96662335896485,132.23533686048373,129.41804386373613,132.2073516845703,6902600
2023-01-26,132.2166532540125,132.22599113414157,131.29311413393205,131.6755828857422,5398600
2023-01-27,131.6010059049342,131.87153405535136,129.94047123579907,131.1345672607422,6870800
2023-01-30,131.49838095377183,132.58050772517166,130.86401703370458,131.54501342773438,6369300
2023-01-31,131.7502266355076,132.90699934453477,131.31177326710232,132.8230438232422,9373400
2023-02-01,132.54318016532656,134.42759589427538,131.86218386754933,133.57867431640625,7207900
2023-02-02,132.6271209716797,133.13088252148282,131.73156702581042,132.6271209716797,6444300
2023-02-03,133.1962003247552,133.75593231693344,131.69426752147197,133.03761291503906,5993100
2023-02-06,132.477884389613,133.06560157332225,131.5450072012878,131.90882873535156,6108100
2023-02-07,130.57481325743936,131.33976510342265,129.46468719323,130.6214599609375,6278300
2023-02-08,129.72588422756357,130.1736612394553,129.11951982051383,129.26878356933594,7123800
2023-02-09,129.55797396155435,129.97776580237647,127.80416048883347,127.8508071899414,6547400
2023-02-10,127.75753212132827,129.0169220590956,126.71271419253422,128.97959899902344,8108900
2023-02-13,129.61395036998198,131.0225897080338,129.4273777914005,130.66810607910156,5081600
2023-02-14,130.733412057506,130.82670547263456,129.31543470809635,129.93113708496094,5253500
2023-02-15,129.77254001344966,129.9684504768157,128.80235404733483,129.6326141357422,5530300
2023-02-16,128.16800324520295,128.92363153095627,127.38438978105705,127.93478393554688,7595700
2023-02-17,127.42168351204903,130.64010675710847,127.42168351204903,130.61212158203125,8034700
2023-02-21,129.5486292582201,131.43304485406017,129.5486292582201,130.51882934570312,6899500
2023-02-22,130.58412906096825,132.07673807580562,130.49084989415,131.06922912597656,6126300
2023-02-23,130.8173403520667,131.66626185541674,129.7631990004019,130.64942932128906,5835400
2023-02-24,129.60459395217077,130.0710324492008,128.81165704796368,129.91244506835938,5260700
2023-02-27,130.23899054589174,131.04126553243546,129.2314814301454,129.800537109375,5820900
2023-02-28,129.1568439912675,129.2874462283658,128.06537938810806,128.3265838623047,6709900
2023-03-01,128.78369762968643,129.04490210149024,127.34705880018929,128.4198760986328,7101800
2023-03-02,128.73707490099724,131.00396003948222,128.53184074427284,130.5375213623047,5924600
2023-03-03,131.7129092820577,131.75955598016745,130.57479817413306,131.489013671875,5259400
2023-03-06,131.28378964700659,131.66627267240992,130.54682300487008,130.92930603027344,4943100
2023-03-07,131.00393684010837,131.18118578357956,128.121349741925,128.3265838623047,5606800
2023-03-08,127.9907474744698,128.44786242149362,127.43102970185673,128.34524536132812,5518800
2023-03-09,128.87697138178734,129.25945442603336,126.96458462970821,127.40303802490234,4467200
2023-03-10,127.75752677697938,128.72772701419706,127.19780901050096,127.9814224243164,5928000
2023-03-13,127.84145959676577,131.8341863081653,127.84145959676577,128.8676300048828,8337100
2023-03-14,129.00757505243578,130.70541830121897,128.1773149567604,130.46287536621094,9219700
2023-03-15,129.49265914658665,132.60846503189944,129.49265914658665,132.30995178222656,8823500
2023-03-16,132.41258243743272,133.51337062096084,132.10473127562182,133.29881286621094,7063400
2023-03-17,132.93499027442974,133.76525034605896,132.03009832467288,133.33612060546875,16018800
2023-03-20,133.86786402193616,135.6403248203827,133.6159832189317,135.38845825195312,8379200
2023-03-21,135.18324060203466,135.48175390876665,133.252177934958,134.40895080566406,7753200
2023-03-22,134.3716294218988,135.9668557421908,134.17573317572592,134.3249969482422,5729100
2023-03-23,134.5581880094095,135.37911011677372,133.57866428042863,134.1383819580078,5788400
2023-03-24,134.6141736567437,136.909043441391,134.6141736567437,136.87173461914062,6144800
2023-03-27,137.03031862943595,137.5247423608134,136.0787799880071,136.15341186523438,5917200
2023-03-28,136.71313759288515,136.96501838771925,136.0134797896816,136.535888671875,4213800
2023-03-29,137.207569286054,137.4034655109888,136.4426032107744,136.9556884765625,4987700
2023-03-30,137.05831061903825,137.63668990308955,136.47993133498696,137.552734375,4117700
2023-03-31,137.8232879057527,138.7095184326172,137.6647004838571,138.7095184326172,7685900
2023-04-03,138.4669477626304,139.99687994521278,137.21689580496368,139.47445678710938,5721700
2023-04-04,140.0061922974685,141.52678647580385,140.0061922974685,140.1461181640625,6714300
2023-04-05,141.1723181288,142.1238569241629,141.00439281922894,141.1070098876953,6094800
2023-04-06,141.6760507743349,142.6928977044783,141.2562588961679,142.0025634765625,5399700
2023-04-10,141.47079109167683,141.48945261732248,139.47443488479215,140.82711791992188,4891800
2023-04-11,141.10698946539773,141.2749147506651,140.4166694997856,140.54727172851562,6311800
2023-04-12,140.2207832021048,142.17983120521166,139.86628527679,140.92977905273438,6137900
2023-04-13,140.7711357313235,141.6760275737501,139.76364108253844,141.58274841308594,5489500
2023-04-14,141.19095359405884,141.41483498605226,140.40732601835757,140.86444091796875,4478800
2023-04-17,141.02304300257686,141.30290900629052,140.2487532272854,140.91110229492188,4296400
2023-04-18,140.8457460638422,141.41480152480148,140.0248240964864,141.06031799316406,4158400
2023-04-19,141.02304015414143,141.70403650291456,140.59392462708064,141.08834838867188,3837600
2023-04-20,141.15496552699523,142.0843011378011,141.15496552699523,141.60556030273438,5370900
2023-04-21,145.44493584806392,148.42066950661405,145.03189773101906,146.5056915283203,14876900
2023-04-24,145.7077685416465,147.61336440524298,145.7077685416465,146.76852416992188,8109800
2023-04-25,146.91870233163334,148.26107609334113,146.24282444053625,146.80606079101562,8341800
2023-04-26,145.78284190958865,146.43994134576042,144.88166673734347,145.10696411132812,4843700
2023-04-27,145.78288166878275,147.01259973264666,145.5106454771763,146.8811798095703,4805600
2023-04-28,146.7027838884314,147.72598262432706,146.21464673076716,146.79666137695312,5754700
2023-05-01,146.46812104369812,147.75415970436185,146.25221998413087,146.97503662109375,3844600
2023-05-02,146.99379567614656,147.31295624445445,146.13017714347498,146.84359741210938,5262900
2023-05-03,147.0407462414148,147.91376118806,145.9048914734282,146.65586853027344,5775000
2023-05-04,146.53385009963677,147.00320898615232,145.58573598170958,145.97999572753906,4892600
2023-05-05,145.87674284092037,146.73097949095688,145.21026121299525,146.4681396484375,3989200
2023-05-08,145.8298061832333,146.18650918320648,145.37921135637882,145.78286743164062,4950700
2023-05-09,146.29915369028893,146.42117724651848,144.1682605819897,144.29029846191406,4472100
2023-05-10,144.04622501061104,144.86291913163964,143.0981253111354,144.59068298339844,4754900
2023-05-11,145.32286378399422,145.39796290795377,143.98988656202212,144.92860412597656,3495300
2023-05-12,145.21964170019777,146.48691646757356,144.9286414721759,146.40243530273438,5252900
2023-05-15,147.01259247803333,147.14401239462453,145.16331730076655,146.44935607910156,5414900
2023-05-16,146.31794643172776,147.30360303718763,145.4355493625294,146.1959228515625,5591500
2023-05-17,146.68401971013986,146.9656378792434,144.46864540952444,145.5763397216797,4286900
2023-05-18,143.9148005494068,144.23396111254203,142.30960139007146,143.18260192871094,6997600
2023-05-19,143.12628671507775,143.92420247757084,142.53488998937826,143.78338623046875,4754100
2023-05-22,143.15443257786166,143.2483100664066,139.70934073892948,140.0191192626953,7876200
2023-05-23,139.67181339008738,139.75630887702656,138.0572319723435,138.5078125,6116000
2023-05-24,138.5453278536337,139.11794616550486,137.137251446445,137.362548828125,5755400
2023-05-25,136.57402580286046,137.24990360602007,135.50388833514,136.4801483154297,6510300
2023-05-26,136.42386019031588,137.06218142173694,135.8606237783704,136.48956298828125,4716400
2023-05-30,135.04392935858345,135.21289166978977,133.62647078324733,134.4055938720703,5561000
2023-05-31,134.38681474268242,135.15655572458024,133.20402140225562,133.7672576904297,19854800
2023-06-01,134.47132145919213,135.28800134101584,133.72034437338925,135.1378173828125,6091100
2023-06-02,135.6540621927144,137.69107747025814,135.54142067511333,137.5408935546875,6124400
2023-06-05,137.0997347485609,138.78942961871536,136.79933818333495,136.99647521972656,4753700
2023-06-06,137.1185059350191,137.34378902344568,134.75293324066888,135.6353302001953,4635900
2023-06-07,135.18473553626697,136.2267127925632,134.67783426301014,135.92633056640625,6194400
2023-06-08,136.43322512779946,137.66294300540955,136.03896541828522,137.4658203125,4863700
2023-06-09,136.75238455255172,137.7849797285613,135.86060562255892,137.57846069335938,5569500
2023-06-12,137.9915203067498,138.00090232847094,135.6916644997101,136.49896240234375,5354000
2023-06-13,135.6540972688027,136.75239532047775,135.43819619634425,136.17039489746094,5321200
2023-06-14,136.40505957758666,137.88823518503796,135.95447911573268,137.44703674316406,5693300
2023-06-15,138.15108831068628,139.84078311028415,137.559691549903,139.35264587402344,5863000
2023-06-16,139.79383884017068,140.89213683563054,139.77506047544531,140.37583923339844,11244900
2023-06-20,140.57298690273572,141.0705061779315,139.03349032362692,139.08042907714844,5340700
2023-06-21,139.17428803194773,140.43218069910176,138.80818868351753,140.281982421875,4649700
2023-06-22,141.13623793090784,141.8402763356373,140.31954364130704,140.7607421875,6666800
2023-06-23,141.04231289458065,141.30515266456194,138.89265599215645,139.3620147705078,13843300
2023-06-26,139.02408205730586,139.84076178435996,137.72864718788722,139.50282287597656,4353100
2023-06-27,139.3432707096691,140.96724847189125,139.2963319555408,140.82644653320312,5445400
2023-06-28,140.17873685490267,141.08929430617567,138.89269799687065,140.7982940673828,6733300
2023-06-29,139.38079249445124,140.52602917197535,138.0853718791149,140.22564697265625,7343000
2023-06-30,140.64807058812934,142.75080333103878,140.61051385996055,142.44102478027344,7058300
2023-07-03,142.19693824010213,143.1825945862462,141.24883861928018,143.15443420410156,3996100
2023-07-05,142.3377819702468,143.11691944870873,142.15942329974752,142.910400390625,8279800
2023-07-06,141.93412514905714,142.86346090567824,141.52108703500332,142.67572021484375,7958300
2023-07-07,142.4128545368512,142.60997721315843,139.63424411621415,139.68118286132812,9169500
2023-07-10,139.8126021788928,141.10803705550694,139.6248615229023,139.7375030517578,5529200
2023-07-11,139.61550144756575,139.9158980341396,137.95398117055868,139.00534057617188,5150300
2023-07-12,138.95839394734534,140.24443274198126,138.59229458050828,139.7281494140625,6764600
2023-07-13,139.86896024181314,140.3570975365139,139.11798309389607,139.822021484375,5561400
2023-07-14,140.12241549110183,141.39907232192763,139.6154998380268,140.8546142578125,6128900
2023-07-17,140.47908558759678,140.95784073920277,139.84076448371428,139.8595428466797,4625300
2023-07-18,139.53097883642766,141.2582157251221,139.28691742509912,140.12237548828125,5351200
2023-07-19,140.38523781547983,141.5774133298755,139.73752029723576,141.0798797607422,6203600
2023-07-20,141.26975778037783,142.40331361291564,139.93782283052232,142.2238311767578,6445400
2023-07-21,142.78118664603434,145.16166441582814,142.3561049334865,144.46263122558594,9938400
2023-07-24,144.3775876470728,145.4261300067248,143.86749258121637,144.92547607421875,5549500
2023-07-25,144.9821561434781,145.34112101700475,144.0091860626559,145.2655487060547,5883800
2023-07-26,144.64209684609293,146.26686559657477,144.4248354474661,145.4167022705078,7013800
2023-07-27,145.62450241964015,146.04014289104057,143.50852111703037,143.68800354003906,7191600
2023-07-28,146.09684755630016,148.760703376407,146.04017191965158,147.7499542236328,9397300
2023-07-31,147.74046592136438,148.9495939482955,146.47466227034943,147.64601135253906,7955200
2023-08-01,147.24929131168128,148.46786066778748,147.23983576351404,147.5988006591797,5718800
2023-08-02,147.33431543915853,148.99686326125172,147.33431543915853,147.91998291015625,5636000
2023-08-03,148.08054930176795,148.96850594087314,147.5610130849653,148.30726623535156,5792700
2023-08-04,148.7134641659595,148.99685675417578,146.5597035578288,146.68251037597656,4785900
2023-08-07,147.05091428971176,148.44896611369452,146.8808873876085,148.23170471191406,4107400
2023-08-08,148.5717553784215,148.90238242315746,147.86328120879628,148.39227294921875,4625500
2023-08-09,148.60009769918616,149.33690970482866,148.09000262371995,148.20335388183594,4293200
2023-08-10,148.46781460478692,149.61082570460175,147.1736733345846,147.4665069580078,4307800
2023-08-11,147.76882784802174,148.7418124047009,147.16426373589647,148.326171875,3862300
2023-08-14,148.4300637210505,148.80791083934903,146.89030860679387,147.16424560546875,4297600
2023-08-15,147.16423664435703,147.33427792699777,145.90788856624118,146.2196044921875,6921100
2023-08-16,146.19129567024626,147.10759019266592,144.4059411251705,144.7271270751953,6356800
2023-08-17,144.72710471854015,145.05771733792258,143.38571431940477,143.68800354003906,6419500
2023-08-18,143.22514775886685,144.42483484127985,142.80006609761756,144.09420776367188,5448200
2023-08-21,143.6691113640182,144.32090990424305,142.885064889106,143.36683654785156,4504700
2023-08-22,143.0362050316898,143.72578249714476,142.57333006778532,143.4235076904297,4195600
2023-08-23,144.02808057488858,144.98215396011926,144.02808057488858,144.764892578125,4522500
2023-08-24,144.10366331179773,146.11572035209656,144.037532130698,144.09420776367188,4088900
2023-08-25,144.90660092068129,145.5489584325347,144.01865859368235,145.03884887695312,3541500
2023-08-28,145.1994319426887,145.8228782836238,144.5759711878091,145.2655487060547,3614700
2023-08-29,145.4261277273724,145.51114116802535,143.61243559039085,145.35055541992188,4034600
2023-08-30,145.56785948565158,146.2952160600075,145.19945342398213,145.51116943359375,3712200
2023-08-31,145.58673539077608,146.56916112157475,145.31279834723273,145.7945556640625,5451400
2023-09-01,146.32354519997392,146.68251010531526,145.05774131074867,145.95513916015625,4126300
2023-09-05,145.28442562531055,146.27629225244007,143.96193198449035,143.99972534179688,5097000
2023-09-06,143.85805872024125,144.00920336029608,143.14958443567377,143.71636962890625,3877400
2023-09-07,144.04698792360918,145.652859987694,143.93362224352347,145.08607482910156,4824800
2023-09-08,144.92550630730744,144.9632996764811,143.91475709809134,144.46263122558594,3384700
2023-09-11,144.8404478207411,146.51245074519386,144.60428978563536,146.18182373046875,4288500
2023-09-12,146.40857541748989,146.5597056412673,143.1779344593683,143.61245727539062,4537800
2023-09-13,143.5651967025459,145.08605511032422,143.26292189593894,144.61373901367188,4040600
2023-09-14,145.33166947733466,146.34241843428802,144.87823564410107,146.2007293701172,4606800
2023-09-15,145.50170905616457,146.72029277018598,144.7460003487478,144.97271728515625,10262400
2023-09-18,145.8984464954242,145.92678430949124,145.01048988413962,145.52059936523438,3536500
2023-09-19,145.23720909209214,145.5300427846809,143.3385034500545,145.09552001953125,4704200
2023-09-20,145.25610985218063,146.21018326675315,144.86880715771213,144.97271728515625,5446400
2023-09-21,144.9538357397194,145.19944938329505,143.65025285759864,143.71636962890625,5096400
2023-09-22,143.99974700790915,144.84991029396804,142.9984390977681,143.18736267089844,6327000
2023-09-25,142.80951204358686,142.90398104435653,141.71374946996602,142.3183135986328,5527000
2023-09-26,141.67595187220576,142.03491676767322,140.5518371007748,141.05250549316406,6366500
2023-09-27,141.14696595098013,141.4114618595067,138.51144800032407,139.18212890625,5403700
2023-09-28,139.63556939287466,139.78669962347254,137.61404220347163,138.2375030517578,6237100
2023-09-29,138.4263852848429,138.64366105167767,136.80163129032385,137.78404235839844,6683300
2023-10-02,136.7638508970629,137.53845623184336,135.93256993562898,137.15115356445312,5153800
2023-10-03,137.13226580663274,138.37918732991338,136.98112118309365,137.43455505371094,4670600
2023-10-04,137.5290051051021,138.20914147469134,136.90554436398796,137.88796997070312,4727800
2023-10-05,137.61404923980226,138.00135200602074,135.73423987772003,135.83815002441406,5205700
2023-10-06,135.64919995874484,136.55603886761443,133.61823192656675,136.112060546875,7406700
2023-10-09,135.42250061035156,135.9987269473769,133.75995278556456,135.42250061035156,5062200
2023-10-10,136.00814630332388,137.17949547359564,135.76254710917806,136.76385498046875,5988900
2023-10-11,137.10392517268076,137.5006689908556,134.6667722205117,135.08241271972656,5469100
2023-10-12,134.88405142555786,135.96093176401627,133.81662663584098,135.3847198486328,5965600
2023-10-13,135.26191493302946,137.00003508031202,135.26191493302946,136.67886352539062,7078900
2023-10-16,137.78407325966015,138.91762918133918,137.40622609041566,137.98245239257812,6509800
2023-10-17,138.02023717856125,138.69093250836042,137.19841162304274,138.16192626953125,6160100
2023-10-18,141.7514976013194,142.92284665202982,140.53292847443683,141.72315979003906,10508500
2023-10-19,142.21845310637303,142.85534972279422,139.90850077644242,140.92564392089844,8146000
2023-10-20,141.68611391446976,142.47510909445106,140.61193748191724,140.7355194091797,7284200
2023-10-23,140.5549003892225,142.1138747561838,140.269719144246,140.83056640625,5981800
2023-10-24,140.80203797595053,142.65570866106466,140.75451985985586,142.4940948486328,6322000
2023-10-25,142.2469535812274,143.72037788658332,141.75264040354432,143.15953063964844,6172900
2023-10-26,143.5872908835266,143.9009887845555,142.3420145068154,142.3990478515625,7582100
2023-10-27,141.61955492064263,142.54163268334904,139.0529528461168,139.8894805908203,8131800
2023-10-30,140.59291785511564,142.16140745079412,140.2507032619604,141.88572692871094,5412800
2023-10-31,142.0758597200088,142.8363237126884,141.29636527111504,142.61769104003906,6762100
2023-11-01,143.23557340451993,143.23557340451993,141.83821282324882,142.21844482421875,5896900
2023-11-02,142.1518849479333,144.15763977921011,141.5530203192502,143.95802307128906,5859200
2023-11-03,144.29072505034932,144.76602227491128,142.22793683634092,142.6557159423828,6587700
2023-11-06,142.93135013484707,143.77737842604998,142.68420085486,143.48269653320312,6480800
2023-11-07,143.46372234434313,143.77742027462375,142.70324383198897,143.1500244140625,6003800
2023-11-08,143.50175498595203,143.72988838738715,142.1233813293157,142.5986785888672,4832600
2023-11-09,142.3420270279859,142.92189025878906,141.7526485689413,142.92189025878906,6581500
2023-11-10,143.38767381493858,143.95803632850658,142.5131285977432,143.9295196533203,5387200
2023-11-13,143.96753310093905,145.3458922151598,143.96753310093905,144.92764282226562,6297500
2023-11-14,145.01319433118576,145.91625620803632,144.18616725024344,144.60443115234375,7982600
2023-11-15,144.54740581433796,144.86110375829955,142.95041392317543,143.93902587890625,7672600
2023-11-16,144.48084684336996,145.3363759940928,143.8344351143346,145.2793426513672,7590500
2023-11-17,145.1747984216296,145.2888651241573,143.43520868347443,143.6063232421875,8495600
2023-11-20,142.7887918518417,143.56827172080833,142.26596202849365,142.8458251953125,6856500
2023-11-21,142.44659272775337,142.59867682518868,141.47698226888264,142.21844482421875,7310400
2023-11-22,142.68424687425875,143.99605748179653,142.68424687425875,143.5587921142578,4372700
2023-11-24,143.71085523277534,144.24320028388271,143.5682718739463,143.90098571777344,2132500
2023-11-27,144.03409439837003,144.14816110605867,143.2926317885496,143.76792907714844,6021300
2023-11-28,143.68235978536748,145.22233281279946,143.68235978536748,144.7660369873047,6110400
2023-11-29,144.76603926234026,144.91813787322877,143.53027793740614,143.66336059570312,5342700
2023-11-30,143.44470475465434,146.03983819236302,142.66522480446025,145.93527221679688,9771300
2023-12-01,145.75464861547735,145.90674720850834,144.70898891953956,145.1177520751953,5685400
2023-12-04,144.2717277827643,144.99417436324794,144.1671618101358,144.54739379882812,6578300
2023-12-05,144.62344999607822,145.07023058180943,138.95790026282438,139.50924682617188,11895800
2023-12-06,139.74689294669503,139.88949082538585,138.44458311652772,139.40467834472656,7610000
2023-12-07,139.32866406602207,139.83247806742762,138.80583411033993,139.26211547851562,6119600
2023-12-08,138.71076747271167,139.01496471843723,137.3799407849699,137.9788055419922,6385300
2023-12-11,137.64608172096555,138.66321025808494,137.50348384796496,138.61569213867188,8471200
2023-12-12,138.6537175433612,139.00543287488642,137.91225497667918,138.72976684570312,6069200
2023-12-13,138.653730857021,141.3058834455964,138.26398358444027,141.23934936523438,9055500
2023-12-14,141.12526240092706,141.2108124226539,137.24683519518405,137.51300048828125,10565200
2023-12-15,136.10611813532373,137.12326124697032,135.4597208158979,136.84759521484375,14550000
2023-12-18,137.0472057965854,140.20318646376407,137.0281898454195,138.94839477539062,8421800
2023-12-19,138.4730975306893,139.10999409799857,138.20693223405024,138.94839477539062,5233600
2023-12-20,138.3780390737831,138.85333629199914,136.73350025521316,136.800048828125,7663800
2023-12-21,137.37993059368017,137.63658068268356,136.05860472854144,137.1327667236328,6104700
2023-12-22,137.36090864787255,138.43508510101898,137.1612774157691,138.1023712158203,4413800
2023-12-26,137.92175570012643,138.94839952436033,137.8076889990742,138.72976684570312,3634900
2023-12-27,138.45409429510403,139.0814901969106,138.17842825002535,138.84384155273438,4569400
2023-12-28,138.78680069160336,138.7963014150845,137.8742235651644,138.53013610839844,5023000
2023-12-29,138.78679522202248,139.6993723124968,138.5301306489327,139.30010986328125,5300900
2024-01-02,139.12898409395493,142.02829964673523,139.0814514773681,141.3914031982422,7238400
2024-01-03,141.0111859261805,141.82869778378284,139.90849281501065,140.535888671875,7697500
2024-01-04,140.73551444664767,141.89524086260167,140.4693491549455,141.3058624267578,7067400
2024-01-05,141.37240284020598,141.51498620077152,139.30961469614604,140.13662719726562,5294200
2024-01-08,140.6024400169753,141.56253526779608,140.35527615672262,141.34390258789062,8255300
2024-01-09,141.22982195593562,142.01880257145842,140.73550878910834,141.9237518310547,9786800
2024-01-10,141.9713029608258,142.58918362121568,141.8857384269125,142.5321502685547,8591100
2024-01-11,142.63670925713032,143.34965514028332,141.91424814571909,143.073974609375,6659400
2024-01-12,143.492229995748,143.82494385676782,142.48460219483576,143.15953063964844,5684700
2024-01-16,142.73177151647528,144.01508001161702,141.52452683384934,142.38955688476562,8120100
2024-01-17,141.79068767411812,143.15954615766927,141.6480897875438,142.5321502685547,6541400
2024-01-18,141.79649374482213,141.9591136260491,140.54335290978966,141.7104034423828,6526200
2024-01-19,141.8156407078043,142.16957726498947,140.9164363334709,141.1651611328125,7848100
2024-01-22,140.59122470567883,141.77741161101815,139.93116967756777,141.44259643554688,11084100
2024-01-23,146.46471573115772,149.61191662913933,146.25426301009222,147.2969512939453,19101600
2024-01-24,147.24910956271495,147.53609185557116,145.48897290810132,145.51766967773438,11592700
2024-01-25,145.78552186331888,148.90404052470396,145.46028206321319,148.8657684326172,10352500
2024-01-26,149.04754110407268,149.3823562630345,148.59793884902246,149.36322021484375,8356600
2024-01-29,149.87975990238098,150.50155732822293,148.655315693264,149.38233947753906,8987400
2024-01-30,149.55450575514683,151.06593212377047,149.05708537802383,150.65460205078125,7794700
2024-01-31,151.13290775629144,151.62076743144783,149.89888828894647,150.31979370117188,8870000
2024-02-01,149.96585048686134,152.38604190312597,149.8223520500539,152.271240234375,7601100
2024-02-02,152.07037224036216,152.67303359978138,150.6928689025616,151.2285614013672,7937700
2024-02-05,151.30511169303824,152.0990898254715,150.72158629915486,151.3433837890625,6931900
2024-02-06,151.4390088910348,152.1660326256613,151.01810348604587,152.06080627441406,6185400
2024-02-07,152.1947304803662,152.89304285461174,151.8503546553296,152.21385192871094,7209300
2024-02-08,151.90774360953435,152.19472588782594,150.9224489780691,151.7546844482422,6121600
2024-02-09,151.39116991337934,151.46769949267275,150.1476043903049,150.58763122558594,5978000
2024-02-12,150.530256669482,150.7694061612296,148.7414231420983,150.29110717773438,5482000
2024-02-13,150.90332495029202,152.07037560415898,148.73184354068363,149.48756408691406,6046800
2024-02-14,149.382346722864,149.382346722864,148.18659922654857,148.87535095214844,5727300
2024-02-15,149.51624302954212,150.58762792310387,149.37274459781727,150.19541931152344,6249200
2024-02-16,150.22411915859777,151.57292562323408,149.87018262683037,150.67372131347656,6617600
2024-02-20,151.81209652784148,152.85478482302028,151.26684326935947,151.63034057617188,6622100
2024-02-21,152.2808182012367,153.43829345703125,152.2808182012367,153.43829345703125,7121000
2024-02-22,152.53909029829424,154.09833477324491,151.74511237954135,153.59133911132812,6619500
2024-02-23,153.62960929202512,154.72013017726064,153.20870393342128,154.0409393310547,5486500
2024-02-26,154.04098589935413,154.1749090451669,153.12265992707447,153.26614379882812,4531900
2024-02-27,152.49128898475942,152.86436161674314,152.06082280885926,152.3860626220703,3868200
2024-02-28,152.16602332413098,153.170439365109,151.75467866839068,153.10348510742188,3802900
2024-02-29,152.98870968094886,153.16090490950788,151.31466319684492,152.04168701171875,8348100
2024-03-01,151.19030042869812,152.12776228003986,150.76939501888432,151.95558166503906,4819800
2024-03-04,150.89376495693338,152.82608229451455,150.82679609451384,152.634765625,3841600
2024-03-05,152.5391050046642,153.0461007154607,151.88861085335296,152.40518188476562,4481600
2024-03-06,152.74955991067847,153.0461175484161,152.01298996848635,152.64434814453125,5405700
2024-03-07,153.0078390601688,153.926179513902,152.54867613156537,153.6487579345703,4783900
2024-03-08,152.9121886941841,154.25141999037368,151.41988362575322,153.39048767089844,5080200
2024-03-11,154.3374991351262,155.5619432591918,153.84007874483572,154.53839111328125,5170900
2024-03-12,154.79665898493266,155.4662745082495,154.23225520422224,154.90187072753906,4229100
2024-03-13,155.3323737007931,155.66717421224868,154.3279429733749,155.25584411621094,5410500
2024-03-14,155.19845781134782,155.5619551094001,154.13663349512836,154.49057006835938,5848100
2024-03-15,153.72529921189476,154.49058054877935,153.34266584171618,154.37579345703125,10956900
2024-03-18,154.47143622579995,155.65762296424973,154.01227328687895,154.21316528320312,6086300
2024-03-19,154.77753187050666,155.1314683968496,154.17487056649608,154.8062286376953,6148100
2024-03-20,154.97839573743553,155.35146827490632,154.4618393765234,154.9592742919922,4870300
2024-03-21,155.0549744019447,155.40892560603936,154.12707312583848,154.8349609375,5211500
2024-03-22,155.1602027713561,155.3610947868928,154.46189027296975,154.64364624023438,6393200
2024-03-25,154.17490400665437,154.6436422999446,152.7974004967242,153.23744201660156,7145600
2024-03-26,153.40003118317355,154.14617633540334,153.18957848931134,153.581787109375,5842700
2024-03-27,154.35663606076596,155.6767458193966,154.3375000159455,155.55238342285156,6599700
2024-03-28,155.7532756166943,156.05937935161663,154.68187605315254,155.2080078125,7191500
2024-04-01,154.75840342508033,155.0358249835572,152.86434371501412,153.61048889160156,5971900
2024-04-02,152.71129322303037,153.73486001621689,152.71129322303037,153.60093688964844,6771200
2024-04-03,153.6583417764932,153.89749127706222,148.92316998800496,149.37277221679688,9601800
2024-04-04,150.07111364082905,150.26243034030196,148.66491327508402,148.7031707763672,6801700
2024-04-05,148.55007936398204,150.24326171002147,147.9761293900287,149.32493591308594,5121200
2024-04-08,149.20054758083546,149.89885982952475,148.87530785914709,149.2675018310547,5476800
2024-04-09,149.4875688550629,149.94673179362357,148.9423010058442,149.8606414794922,4608100
2024-04-10,148.89444937635082,150.7406908153383,148.89444937635082,150.4154510498047,7784900
2024-04-11,150.7120065313223,150.75983934704513,149.009263386576,149.0762176513672,8209800
2024-04-12,148.48313728745524,149.20058576116867,148.0239743513061,148.58836364746094,6770500
2024-04-15,149.6310720951657,150.01372009064005,148.58838367598915,148.7031707763672,5754000
2024-04-16,149.08579122694238,150.1284794534732,148.91359601166135,149.1814422607422,6103300
2024-04-17,149.51627059982863,150.30067337110623,148.98057805426788,150.1476287841797,6621900
2024-04-18,150.52019666324844,151.76218428271375,150.15435225824803,151.43482971191406,7819300
2024-04-19,149.21083249065555,152.29170887327072,147.80518952738927,152.25320434570312,12034200
2024-04-22,152.53240264151265,155.28593912336973,151.39633544302052,154.56385803222656,8926300
2024-04-23,155.6614363486172,156.06581472818547,154.4483452822491,155.48814392089844,7707300
2024-04-24,155.19928671175023,156.7974963220208,153.4855488325655,156.54718017578125,7217600
2024-04-25,156.90340232877213,158.20315411879238,156.04653338810581,156.49903869628906,7094600
2024-04-26,156.4508829975608,157.24036527410536,154.51571121039325,155.28591918945312,5659800
2024-04-29,155.17041644458126,155.76733213373294,154.4387128678541,155.64218139648438,4621000
2024-04-30,155.81545793992694,157.26925717650994,155.58440140806582,157.1248321533203,8106100
2024-05-01,157.20186979514264,158.12614007664726,156.1813308471086,157.31739807128906,7543000
2024-05-02,157.45217720814767,158.3668249794098,156.585685803641,157.7410125732422,5647500
2024-05-03,157.45217073395813,158.57863008058618,156.12355161439714,158.3379364013672,5581500
2024-05-06,158.6460349840958,158.83858701154202,157.18261313210394,158.31869506835938,5472400
2024-05-07,158.83857543834998,159.85911433115743,158.4630938704156,159.58953857421875,6433000
2024-05-08,159.8013764598249,160.17685808947027,158.79045985977058,158.92526245117188,4579400
2024-05-09,158.90597798483284,160.13832850941768,158.90597798483284,159.85911560058594,4671100
2024-05-10,159.90727400912454,161.13000220267583,159.53179239891946,160.6389923095703,4879400
2024-05-13,160.6389643523854,161.40917235871487,159.20442476266103,159.6954345703125,5725500
2024-05-14,159.36810449332845,159.88801108940802,157.8469186130162,159.58953857421875,6009800
2024-05-15,159.15628825248615,160.47528493142752,158.9733587032772,160.31161499023438,5102700
2024-05-16,160.7159857237276,162.07350167875498,160.3886458268603,161.6113739013672,6793600
2024-05-17,161.42844871908656,161.74616616551927,160.6678630921313,161.39956665039062,4700800
2024-05-20,161.31290410267874,161.63062151692543,160.58118592776773,161.0818328857422,3804600
2024-05-21,161.5150816333922,162.2660447392413,161.06257634002463,162.0831298828125,5147100
2024-05-22,161.75578443845694,162.1601480805122,161.3899400141844,161.563232421875,4536700
2024-05-23,161.06257254516947,161.85205484802697,159.16591990820598,159.32958984375,4729800
2024-05-24,159.6761993553174,160.11906751678708,159.0022452726669,159.17555236816406,3820100
2024-05-28,158.36681123993438,158.62674982426864,156.21981314192846,157.03817749023438,6466200
2024-05-29,156.5953126250824,156.6819735205689,155.41110375505886,155.63253784179688,4360400
2024-05-30,155.6325202388094,156.64343658507389,155.4688503070562,156.5279083251953,4748200
2024-05-31,156.39315952060252,158.636426835123,155.94065413535535,158.41497802734375,10341400
2024-06-03,157.8276749524703,160.05169720811085,157.53885424854928,158.5208740234375,5828400
2024-06-04,158.6556532888967,160.8989203423059,158.28017170343716,160.7930145263672,6277000
2024-06-05,160.79301474035262,160.79301474035262,158.83858306333693,159.86875915527344,5243300
2024-06-06,159.65694458523035,162.3045752477246,158.93486349545918,162.19866943359375,6302000
2024-06-07,162.13127071422548,162.68005940271445,160.62934437424374,160.84115600585938,4558200
2024-06-10,160.5715574586957,161.47656799434944,159.89761813132876,161.12034606933594,4110600
2024-06-11,160.7545192856906,161.26478878539106,159.83988610834706,161.2455291748047,3947700
2024-06-12,161.2647878993123,161.3995757911194,158.10688755630744,159.03114318847656,5474500
2024-06-13,158.3475770332012,160.78339617119113,158.3475770332012,160.21536254882812,4902200
2024-06-14,159.81099916476305,160.71599516382824,159.09854050257672,160.58120727539062,3695000
2024-06-17,159.67621315625678,162.4297497874251,159.24295272545527,161.26478576660156,6759400
2024-06-18,160.81226465174868,162.37195503924562,160.72561845039368,162.28530883789062,5112600
2024-06-20,162.1023756482301,162.49711681102545,160.64859110304724,161.42843627929688,8483600
2024-06-21,161.24551208501273,162.59340555841013,160.95667671994352,161.99647521972656,14682000
2024-06-24,162.47785539372765,163.10366777209225,161.24550493546593,162.1793975830078,7565200
2024-06-25,162.35273039622712,162.6223061835139,159.7243444340131,160.6389923095703,7968200
2024-06-26,159.86878051640153,161.563259109309,159.4932988802717,161.21665954589844,5164000
2024-06-27,161.25513493985352,161.84242807681414,159.33920805582034,160.41751098632812,5007000
2024-06-28,159.8206213302737,161.01446740479437,158.4534828384141,158.78082275390625,9253100
2024-07-01,159.42587875610744,160.02280913363018,156.16207270725312,156.6627197265625,7638600
2024-07-02,156.5279272638778,157.93357023172467,155.69031789686252,157.7987823486328,5449200
2024-07-03,157.1344838525183,158.09725866649154,156.91303506794443,157.7313995361328,2980500
2024-07-05,157.90468658603612,159.46439172140848,157.41367673627252,159.06002807617188,6509200
2024-07-08,159.77245466881192,160.46565361133528,159.45473726259073,160.3212432861328,5144500
2024-07-09,160.42717891817264,160.55232965969356,158.9926390943936,159.4932861328125,4393100
2024-07-10,159.72432945844253,160.7063638433577,159.37772995145934,160.59083557128906,5037100
2024-07-11,160.1094648902245,160.42718236234336,158.64604296461675,159.37774658203125,5831500
2024-07-12,160.03241639309482,161.39955474336085,159.83986438573473,160.40789794921875,4684600
2024-07-15,160.27311970901664,160.41753005052308,158.33794767894327,158.45347595214844,5752500
2024-07-16,158.77120575844157,160.850802982746,158.4823703621584,160.73526000976562,6378300
2024-07-17,161.50546145138603,163.83537454221775,161.10109782644267,163.13255310058594,7982300
2024-07-18,162.51638405059398,164.557461861147,162.01573705697217,162.16978454589844,5926300
2024-07-19,162.6899018893714,163.72625899410485,161.87631064804435,162.6802215576172,6597100
2024-07-22,162.65115736882694,163.39695675879366,162.42839149670345,162.9611053466797,6383000
2024-07-23,162.8254916454229,163.12574448406215,161.09176649047436,161.38232421875,4863400
2024-07-24,161.09176597459842,162.99014542920105,160.37502242917324,162.7189483642578,5907000
2024-07-25,163.02892498158283,164.74327499092138,161.62449341649184,161.65354919433594,7338300
2024-07-26,161.9925354556383,163.99747258485766,161.77944992173676,163.7940673828125,5581600
2024-07-29,163.54226504133612,165.17912806618315,162.82552136280236,164.5883026123047,6797800
2024-07-30,156.7041717236155,157.27563647670132,153.0720518871044,156.61700439453125,15746300
2024-07-31,155.75497418667197,157.74053588841127,154.20527866709773,155.70654296875,9660900
2024-08-01,155.8227860375135,161.08208838226327,155.6290611593733,160.48158264160156,12532700
2024-08-02,162.17656984232192,164.99509830187952,159.95854711591284,164.73358154296875,11899000
2024-08-05,165.50843011596737,165.50843011596737,161.43076402233814,162.77706909179688,10338800
2024-08-06,162.62209207248756,164.97571320672182,162.57367563552407,162.80612182617188,7454900
2024-08-07,163.2710442195443,166.32201871333436,162.72863528855007,164.6754608154297,8385500
2024-08-08,164.09431691490013,166.1670458833687,163.68752129818748,165.4987335205078,6386900
2024-08-09,164.77229682208375,165.8764604900803,164.31707002413393,165.17909240722656,5377300
2024-08-12,164.0749408229973,164.31708212573437,160.97553510378904,161.5663604736328,7208100
2024-08-13,162.07969647445216,162.52524296776784,161.22736915113614,162.03126525878906,3770000
2024-08-14,161.2661171182548,164.14275714647863,160.60749983001398,163.4938201904297,5476600
2024-08-15,164.13306289591176,164.34613363999608,161.50824473945698,162.64146423339844,9491400
2024-08-16,162.54460436746825,163.05794269505884,161.55666381399195,162.61239624023438,5640800
2024-08-19,162.89330195140124,163.91999356428036,162.8836216190741,163.12576293945312,3885300
2024-08-20,163.46474587055448,165.19847100073417,162.8254893192175,165.05319213867188,4513600
2024-08-21,164.84012144885415,166.4866794099036,164.2686715011655,164.81106567382812,4082000
2024-08-22,165.5084549618145,165.85713908577304,163.82314589949237,164.8013916015625,4097300
2024-08-23,164.70451495553777,164.76262650278483,162.96109464246655,163.8521728515625,4771300
2024-08-26,163.39694523272655,165.5955923607354,163.39694523272655,164.99508666992188,6472400
2024-08-27,165.4600071440488,165.72152390557463,163.76501791851192,163.92967224121094,4456400
2024-08-28,164.09433535278274,165.8183804464807,163.28074402794113,163.7456512451172,5644800
2024-08-29,164.4139530557334,165.23723943924153,163.62941755897998,164.68515014648438,4413200
2024-08-30,164.8110797168527,166.47701326291264,164.3558528304797,166.14768981933594,7301600
2024-09-03,165.65369883873208,169.49890372265656,165.61496273498477,169.03399658203125,10101400
2024-09-04,168.1719882618008,170.467483163717,168.1719882618008,170.37062072753906,7517500
2024-09-05,170.457805412178,171.00019959306672,169.179292175112,169.9541473388672,6061900
2024-09-06,170.235027858841,171.4747902317535,169.82823221577283,170.07037353515625,5785700
2024-09-09,170.02193094047917,171.28106867285962,169.16960360308335,170.5255889892578,6450200
2024-09-10,170.3803249428121,172.3465113133978,170.3803249428121,172.2012176513672,6396300
2024-09-11,171.04862814177534,171.4360483280387,168.1719881824149,168.45286560058594,6828200
2024-09-12,168.43348950947876,169.121177333453,167.01939253383878,168.0170135498047,4838900
2024-09-13,167.92016125558658,169.05338088257704,167.36808671998622,168.60784912109375,3918000
2024-09-16,169.218034013405,171.73629468703683,168.84029417340363,171.6685028076172,6892300
2024-09-17,171.07768124647353,171.40698987757057,169.84759926663165,170.35125732421875,4757100
2024-09-18,169.54734905652245,170.3706206471153,167.1453113875975,168.45286560058594,5102900
2024-09-19,167.44557859066217,167.71677570010132,165.02416527128833,166.14768981933594,8692000
2024-09-20,166.11862039530985,169.0533719149725,166.10894006331583,168.74343872070312,28647500
2024-09-23,168.54003286995,169.68294754357507,167.1646719962968,168.30758666992188,10265000
2024-09-24,167.4455664045022,169.0146373919415,167.1937299789694,167.79425048828125,5422400
2024-09-25,168.59816253876127,169.18897316162432,166.65133690016552,166.8450469970703,8916500
2024-09-26,166.10892952300276,169.1211678448767,165.97333098802682,167.7651824951172,4957200
2024-09-27,167.57146418307988,168.9662004711278,167.15498823049657,168.09449768066406,4599500
2024-09-30,168.26884685386207,168.5303636252311,167.28092088048356,167.75550842285156,6296600
2024-10-01,167.79424977628017,168.5303540481867,166.7869336366892,167.60052490234375,7130600
2024-10-02,166.60289913483558,167.02907019876042,165.70214056901187,166.51573181152344,6212700
2024-10-03,165.9830302297372,165.9830302297372,164.43333462190373,164.77232360839844,4794300
2024-10-04,163.54224854608916,164.74325999870678,162.9707838158474,163.57130432128906,6002800
2024-10-07,163.8425197936953,164.24931547127278,161.62449684366896,161.86663818359375,6325300
2024-10-08,161.60511380388397,163.2904078377923,161.04334419953705,162.87393188476562,7473000
2024-10-09,163.08701320715826,164.47205435003974,162.71895370160618,163.94903564453125,8758800
2024-10-10,163.49382024250409,164.45269039946203,163.0773294919919,163.63909912109375,6932300
2024-10-11,164.13307122652003,166.02177047895043,163.65846894088054,165.71182250976562,7036500
2024-10-14,165.6440359329778,167.40681703198584,165.3728388408227,167.08718872070312,5909000
2024-10-15,167.45524429230105,169.41175022156588,167.3874524104315,168.11387634277344,7172200
2024-10-16,166.47700580995436,167.16467888555528,165.51812085792213,166.96128845214844,6117000
2024-10-17,166.76756321929238,168.22041114280216,166.36076757420562,166.8644256591797,7045600
2024-10-18,165.91647573054743,167.77731583959496,164.1238409550381,166.87124633789062,8372500
2024-10-21,166.57894670887214,167.06607663889716,164.11407045222754,165.17601013183594,5522500
2024-10-22,164.23100555415584,166.33539573063797,164.23100555415584,165.3319091796875,7511400
2024-10-23,165.1857697300468,165.78980611352137,164.38686947291143,165.21499633789062,4837800
2024-10-24,165.05911826915957,165.5852269649803,164.58172554384475,165.25396728515625,5861200
2024-10-25,164.5719783373816,165.03961892068062,163.714624879645,163.88999938964844,4877900
2024-10-28,164.92272560404234,165.2929491476873,164.04589758238856,164.9422149658203,5753800
2024-10-29,164.5135366148126,164.5135366148126,162.5357900952179,162.86703491210938,5681000
2024-10-30,162.78909602495239,163.01318652325153,161.6881923595985,161.88304138183594,5518100
2024-10-31,161.49332573496125,162.74037729538355,160.84057334521106,160.92825317382812,6056500
2024-11-01,161.05491280623147,162.0681514971386,160.74315734704822,160.85032653808594,5454800
2024-11-04,161.45435154597524,161.99019746328005,160.34369585648264,160.83082580566406,5130200
2024-11-05,160.1001321206448,162.0389146851574,160.1001321206448,161.49331665039062,4397400
2024-11-06,161.34717893809463,161.76610354980681,155.696468674315,156.90455627441406,11473700
2024-11-07,157.79113778306888,159.72990544324793,157.32348233393756,159.2038116455078,9056700
2024-11-08,159.79810618428803,163.43209129470242,159.71041149882672,163.39312744140625,7506200
2024-11-11,162.7014115138193,164.1822907990674,161.512813186532,161.75637817382812,6364400
2024-11-12,161.86353948866397,162.75985681438715,161.30821907497767,161.57125854492188,6507500
2024-11-13,161.78560174279264,162.50655944341094,161.415378211931,162.29222106933594,5412300
2024-11-14,162.4188864776351,163.7146391583266,162.22402259040783,162.77935791015625,7444300
2024-11-15,163.61720327537125,166.17951146443113,162.5844902022823,165.17601013183594,9939400
2024-11-18,164.75710316909147,167.0368679178685,164.4843115683503,166.35488891601562,6681000
2024-11-19,166.2964183046085,166.7640588761098,165.29293183554017,166.36460876464844,5683700
2024-11-20,165.63391851250708,166.6666464831532,165.14678856760892,166.49127197265625,7081100
2024-11-21,167.24146598785597,169.04383796930594,165.8385292862996,168.30340576171875,6240400
2024-11-22,169.66736005401555,172.83370481141654,169.40432057770914,171.74253845214844,10609800
2024-11-25,172.9116391718545,174.21715870796535,172.34656665808058,172.82395935058594,19357000
2024-11-26,172.63886046782133,174.84069747291795,172.63886046782133,174.69454956054688,6276700
2024-11-27,175.3667813542975,175.78570597406238,174.12946712336594,174.74325561523438,5522900
2024-11-29,174.10026028049506,175.00632981735419,173.69107286147184,174.64584350585938,3823700
2024-12-02,174.50945132604588,175.52269007937423,173.4280221011439,175.07452392578125,5728200
2024-12-03,174.16843956771453,174.99655153020706,170.69032472716867,170.9046630859375,8127300
2024-12-04,169.68683922064565,170.641609727645,168.99512304017574,170.60264587402344,6823500
2024-12-05,170.35909530454032,171.91791716960515,169.95964515753874,171.4989776611328,5022200
2024-12-06,170.85596199535664,172.1907082304505,169.27766563975774,169.3458709716797,5741200
2024-12-09,169.17049131303642,169.2873977458925,166.04311043989742,166.3938446044922,7164300
2024-12-10,166.033380640056,168.47876778848683,165.55598790776895,167.8455047607422,6219900
2024-12-11,168.55670459120512,168.9269281205337,166.0138855875058,166.23797607421875,5237500
2024-12-12,167.01737396588,167.3973496129271,165.64367875205426,166.4523162841797,4072800
2024-12-13,166.37437728100736,167.3681117351705,165.7410993883452,166.6569061279297,3884500
2024-12-16,167.03685094337044,168.33261834822702,166.69586891010866,166.73483276367188,5943600
2024-12-17,166.27693877470452,167.5239902831141,165.6436757730686,165.94569396972656,6069200
2024-12-18,165.3903643886837,166.16977532485075,164.6694215372016,164.72787475585938,7517100
2024-12-19,164.65967795914273,165.72163266190884,163.0424176503414,164.83505249023438,8585200
2024-12-20,164.5232637370944,165.49752363224584,163.18853243786535,163.73411560058594,21999300
2024-12-23,163.7341209445097,164.33815734208963,162.0778820419015,163.7828369140625,6983900
2024-12-24,163.305431045948,164.8252740310207,163.1105820494561,164.59146118164062,2460800
2024-12-26,163.97768823658117,165.9164708702957,163.7438753650762,165.7800750732422,3629400
2024-12-27,165.05910584377935,166.36461050531057,164.903220696306,165.16627502441406,4367900
2024-12-30,164.32842553706288,164.63044374585553,162.4188843419745,162.78909301757812,4354500
2024-12-31,163.05214218237433,163.75361051997845,162.30195787515362,163.3346710205078,3957600
2025-01-02,163.76336133261674,164.36741264705023,161.6394816488503,161.70767211914062,5401700
2025-01-03,161.9707134844335,162.21427846711686,160.02219362296665,160.87954711914062,5256600
2025-01-06,158.61924673037393,159.29148841785747,156.31025560034428,156.4661407470703,8731700
2025-01-07,157.30401748348595,158.42441047541158,156.60254913281054,157.14813232421875,8447400
2025-01-08,156.8461069252226,158.21980208842885,156.436919550435,157.9275360107422,4974800
2025-01-10,156.02770727149684,157.06043518831177,153.4166980386346,154.4786376953125,8501500
2025-01-13,155.24833168237086,155.96927454366786,154.33252493485887,154.75144958496094,6772200
2025-01-14,154.76118992963058,155.94978818822037,154.23508126250331,155.62828063964844,5982200
2025-01-15,156.4563950710677,157.0019782410295,155.23857018596502,155.54058837890625,8059200
2025-01-16,155.51135991290909,156.44665595454472,155.04371932510438,156.36871337890625,5774400
2025-01-17,155.62829266662456,157.5865498508686,155.4918968657224,156.98251342773438,7262700
2025-01-21,156.81687984045425,158.17110050504635,156.81687984045425,157.55731201171875,13914700
2025-01-22,162.79884206781827,163.81206586528387,160.20730705722528,160.4995880126953,14356700
2025-01-23,159.6617164966892,162.19478330640501,159.1161333335512,161.87327575683594,7614300
2025-01-24,162.6251121750609,162.6251121750609,159.9687615264564,160.87054443359375,6199800
2025-01-27,163.41906503755777,166.57531254867976,162.8211420008129,166.3008575439453,9170800
2025-01-28,165.56569840482737,166.23222767979624,162.82113354336843,162.89955139160156,6716300
2025-01-29,163.41907023138057,163.97777688139118,162.5957051910089,162.9387664794922,4850300
2025-01-30,164.1640042187291,164.28163846980803,162.64469018708937,164.09539794921875,4136500
2025-01-31,162.7133183512419,163.32103800714034,161.93896636894144,162.70352172851562,5464700
2025-02-03,162.19380185576506,166.02638996568848,161.95854831666205,165.4186553955078,8668600
2025-02-04,165.93816889885284,165.93816889885284,162.98777019444887,164.8011474609375,6410900
2025-02-05,164.76192871702293,165.79114242239189,163.31123589844427,165.66371154785156,7536800
2025-02-06,166.01658943471497,166.56549943914155,164.70312407316916,165.5363006591797,4957900
2025-02-07,165.74213765716533,165.77154248249772,164.5462915713944,164.64431762695312,4535600
2025-02-10,164.36986366131921,165.14421566110752,163.10539633730664,164.21302795410156,7062900
2025-02-11,164.36985406949057,166.21263613007164,163.20341286972598,166.0753936767578,5438100
2025-02-12,165.0167999093882,166.71254299501584,164.6443188435241,166.22244262695312,6037400
2025-02-13,166.2714480291436,167.98679923868946,165.79114430606754,167.63392639160156,6328300
2025-02-14,166.42828101740153,166.63412975862934,159.08658687266205,159.66490173339844,13179500
2025-02-18,160.11579766324965,162.47807009140178,158.9885578326006,162.15460205078125,7075300
2025-02-19,162.81132587933627,163.56606957362797,161.96835276384394,163.193603515625,7910700
2025-02-20,159.91974081598178,164.4580749167228,159.57667953942328,163.8993682861328,6162600
2025-02-21,164.12480478040578,167.17322950328233,162.63489555414228,166.85955810546875,9813700
2025-02-24,166.84976518276625,169.55511374385705,166.4282711021925,167.16342163085938,8564100
2025-02-25,167.88877351338104,170.50590756909065,167.41828136857413,169.2316436767578,7314900
2025-02-26,168.86896340156173,169.23163284865834,167.2712315879421,167.9083709716797,5519000
2025-02-27,167.46730445565598,169.66294456778152,167.25165909368985,168.56512451171875,5467000
2025-02-28,170.14323974958262,171.19204672387764,168.447496721979,170.39808654785156,10240100
2025-03-03,170.1432509393131,172.79958664227922,170.07462970641478,172.1134490966797,7615300
2025-03-04,173.25046797116778,176.4263235180975,169.4865009977753,169.7511444091797,12117600
2025-03-05,169.9472045995458,172.38789480542172,169.59433174419706,171.15284729003906,6989100
2025-03-06,171.42730049451944,172.35848817182256,169.41788606033327,171.2018585205078,6702500
2025-03-07,170.64313471018457,175.34810101841884,170.603933263481,172.46630859375,9566700
2025-03-10,173.26025717308488,176.42631596214792,172.3486777706047,172.77015686035156,11047000
2025-03-11,172.34868746144588,172.50552315994102,168.90818845700795,169.6923370361328,11032300
2025-03-12,166.34006097830996,168.42789332045896,164.44828074760636,165.03639221191406,10158800
2025-03-13,164.37966658830985,165.93818222728007,163.96798405858243,165.25204467773438,6609000
2025-03-14,164.46787371828265,165.252037292724,163.3210406602911,164.64431762695312,6790500
2025-03-17,165.0363863771047,167.70253346639882,164.80114778236887,166.39886474609375,9931700
2025-03-18,166.70272409969974,166.8889496510748,164.2620192084349,164.3894500732422,6099900
2025-03-19,164.5462998823629,165.4088813534836,163.8013526751894,165.23245239257812,7569200
2025-03-20,165.5461008882058,165.8597723013832,162.7427261988066,164.23263549804688,8789200
2025-03-21,163.8307510378259,164.81095177754167,160.87054061601492,163.38966369628906,16027300
2025-03-24,163.13479460391397,163.56608530308418,162.08598763700067,162.3702392578125,6102100
2025-03-25,162.02717531904196,162.09578158913843,158.98854722980258,159.6256866455078,8366700
2025-03-26,160.1158008123247,163.5170986605815,159.76292793895095,163.28184509277344,7756000
2025-03-27,164.54627950487298,165.6833158565979,163.32102868361986,165.36965942382812,6211700
2025-03-28,166.02640194836295,166.34986997922223,164.30123911711337,164.703125,5479100
2025-03-31,164.77174896492124,167.75155260805298,164.77174896492124,167.04580688476562,11520100
2025-04-01,167.1928254944029,167.66331760008686,165.71271299866322,167.18301391601562,7021100
2025-04-02,166.7027493186328,167.49670953585996,164.9775864202859,166.14402770996094,6274500
2025-04-03,170.78035700879747,171.33907856487176,167.34965469468202,168.97679138183594,9393300
2025-04-04,168.3690717672986,170.16284077215002,160.2334032877569,160.5078582763672,13454200
2025-04-07,160.41963679203448,161.4390388542025,156.03813883138668,157.0575408935547,15708000
2025-04-08,159.09638298774206,160.04717892162685,153.60726770487824,155.25399780273438,11541100
2025-04-09,154.244383826234,161.41944522281392,153.5876511474539,159.10618591308594,10670200
2025-04-10,159.67470389882254,161.8017527908571,157.56727816728096,160.32164001464844,10581600
2025-04-11,160.1353820818893,164.69332426845705,159.40023156373408,163.6053009033203,8602800
2025-04-14,163.73272588710853,166.74194935389042,162.49767833263667,165.78135681152344,9877300
2025-04-15,165.7911473532041,166.79095626444155,164.94817414503837,165.13441467285156,8765000
2025-04-16,165.9381724033109,166.32045008376,162.5074699020121,163.09559631347656,5897500
2025-04-17,164.21301983793367,168.25144188079534,164.03659089354093,167.25164794921875,7227100
2025-04-21,167.5643129706759,167.6234892007177,162.03110971318088,163.48098754882812,8062400
2025-04-22,163.5894812051201,166.4596487418237,162.28754395345447,165.5818328857422,7907400
2025-04-23,164.12206893602172,164.32920077276793,160.87711385963127,163.46124267578125,9309200
2025-04-24,158.30285286655385,158.7565623690021,154.43651708228148,157.34613037109375,20077700
2025-04-25,157.69134139658902,159.5850559168125,155.61022545693265,158.81573486328125,12892800
2025-04-28,158.8354598896909,160.3346562863379,158.1943639894312,159.63438415527344,8127000
2025-04-29,159.08203480961419,160.16698252202323,157.02064920594285,160.03875732421875,8266200
2025-04-30,160.2261606873367,160.9264478646976,157.76038408380762,160.3445281982422,12475500
2025-05-01,158.46066179058062,159.14121850046533,156.872701150818,157.7899627685547,6792800
2025-05-02,158.72694668094883,159.59490476502432,157.71104803704426,158.32257080078125,5750200
2025-05-05,158.68752884704355,158.70725927513263,155.85682193749486,156.65573120117188,7576200
2025-05-06,155.87651911130675,157.52367104147086,155.49185858298168,157.06996154785156,7703800
2025-05-07,156.84311249716177,157.85901118960808,156.3696725832781,157.10940551757812,6430000
2025-05-08,156.2118868898112,157.80970534041288,155.84694171227522,156.47817993164062,7230800
2025-05-09,155.85681193523436,156.9516173503593,155.25516184133855,155.50173950195312,6453200
2025-05-12,155.2748733876335,158.84532805918576,154.54501316215982,158.69737243652344,7378400
2025-05-13,157.82943227901438,158.51984671463705,155.2058423737423,156.5570831298828,7780800
2025-05-14,155.95543355747913,156.98120505087292,155.41297474548517,155.8568115234375,5988900
2025-05-15,157.40530345505638,160.67986183799675,156.52748763190277,160.18670654296875,8727300
2025-05-16,160.42340408672447,161.192725107652,159.63436769083287,161.04478454589844,7100800
2025-05-19,161.2321974870045,162.889192096753,161.17302125807143,162.514404296875,8119900
2025-05-20,162.3565836161561,163.72755470719,162.34672592841662,163.3724822998047,5576600
2025-05-21,162.56372446362928,164.09249389271022,162.36645029867168,163.1653594970703,6424200
2025-05-22,162.18892384098524,163.92482514718645,161.77467517870676,162.77084350585938,6245600
2025-05-23,162.57357881995605,163.94454995884084,161.24205348331088,163.5894775390625,5349800
2025-05-27,163.00756655412414,165.68046000759375,163.00756655412414,165.46347045898438,11423800
2025-05-28,165.3549779403478,166.52869004658973,164.7730582565509,165.06895446777344,5385900
2025-05-29,164.4574250821057,166.67662380013564,164.1615289097208,166.25250244140625,4842500
2025-05-30,166.43992225642904,168.64926353131023,166.2919816788302,167.56431579589844,12587500
2025-06-02,166.70621532875256,166.7259307040523,163.954400434055,165.48318481445312,7574400
2025-06-03,164.496884260075,165.11826476762872,163.62892609713083,164.56593322753906,6223000
2025-06-04,164.40811316298087,165.74949615520322,163.64864980160002,163.67823791503906,4939000
2025-06-05,163.16536745194793,163.1752401906206,160.28534209204395,160.57138061523438,10351800
2025-06-06,161.0546558673488,162.9779736323892,161.04479817903226,161.77467346191406,5697700
2025-06-09,161.15329540162023,161.7746759228492,159.85137317845712,160.33465576171875,6544200
2025-06-10,160.46288400562636,161.27165092249925,159.70342058192745,160.61082458496094,7680000
2025-06-11,160.4037091267874,160.5417920186331,159.47657468872077,159.8908233642578,5960100
2025-06-12,159.75273951621588,161.07439219452903,159.46670099559347,160.9461669921875,6509900
2025-06-13,160.53192276633473,160.79823086707296,157.72094632487762,158.08587646484375,7104500
2025-06-16,158.6776580810547,159.7330026232889,157.81955760382795,158.6776580810547,6332000
2025-06-17,157.86888743428398,158.17464134174998,156.14284371802773,156.3499755859375,6809700
2025-06-18,156.37955495856676,156.47817699260838,155.50173909109444,155.8568115234375,7211200
2025-06-20,155.86666879457928,157.1587333213417,155.68914010383605,156.9022979736328,16173400
2025-06-23,156.8924317254972,158.98340534633695,156.8233827607047,158.82559204101562,6588200
2025-06-24,158.97353124982223,159.52587781372605,157.46447727410947,158.16476440429688,7470100
2025-06-25,157.63217807055918,158.14504878161839,156.53737262786885,156.79380798339844,5933700
2025-06-26,157.36586958181638,157.37572727049826,155.01844538357764,156.45846557617188,7410400
2025-06-27,156.5077612483099,157.93792368075256,156.1231007102495,157.67161560058594,19257000
2025-06-30,157.0798315451555,157.7110697705886,155.96531072441195,157.13902282714844,11238200
2025-07-01,157.69134786008405,160.30506500166103,157.19819254658609,159.01300048828125,10664900
2025-07-02,158.9340946440863,159.1412264987722,157.67161823907426,158.99327087402344,8848700
2025-07-03,159.57517610922574,159.80203837001744,157.6025550234827,158.62832641601562,6999600
2025-07-07,158.6875169898189,158.97354045115713,157.10941395856372,158.3028564453125,7225700
2025-07-08,157.3362677193161,157.5927030517978,155.28473990974732,155.72857666015625,12034800
2025-07-09,155.9357247208229,156.0343467590009,153.8151477262562,155.36366271972656,18770900
2025-07-10,155.60035595605092,157.42503659912373,154.89021111495595,156.32037353515625,7200500
2025-07-11,155.88639606646956,155.88639606646956,154.29843537069954,154.90008544921875,8053800
2025-07-14,153.45021346512905,153.66720301315684,150.76744728033657,151.65512084960938,11491700
2025-07-15,151.4578629844641,151.94116062724348,149.82058367209933,150.58990478515625,9142600
2025-07-16,150.6490961328743,151.65512217352418,150.18552891712318,151.6255340576172,8479000
2025-07-17,151.93126684473086,153.61786446661108,151.77346859845483,153.48963928222656,8320000
2025-07-18,152.71209325767808,154.48967131733502,152.56314097461245,154.02293395996094,7337300
2025-07-21,153.99314562824213,154.85709918759682,153.81438773327042,153.9534149169922,6328400
2025-07-22,153.8441826826949,157.27022171595968,153.82431732648985,157.2205810546875,8187000
2025-07-23,157.1212662533838,157.77668661947166,156.58500771646584,157.18084716796875,4804800
2025-07-24,157.76674949486846,157.91571693711268,156.9524517246759,157.70716857910156,7027400
2025-07-25,156.24737400986112,157.33974129770593,155.92960407792336,157.20071411132812,5799900
2025-07-28,156.5353598320872,156.99215692470844,155.14507289368441,156.0189666748047,7885000
2025-07-29,157.54827253389936,157.54827253389936,153.7647329385151,155.52244567871094,11466100
2025-07-30,155.90972831611163,155.90972831611163,150.99410615454462,151.81834411621094,8162900
2025-07-31,150.74584512973325,150.94445322182833,148.86897062670647,149.42507934570312,11845400
2025-08-01,150.7259784831005,152.42411023453823,149.47473387607997,149.60382080078125,8594200
2025-08-04,149.20660556504535,150.40820952169784,148.97820701728784,149.7130584716797,7679400
2025-08-05,149.66342122263458,151.02390259190332,149.27613013160342,149.4647979736328,6670100
2025-08-06,149.81238106404246,152.41418210669133,149.16690093070395,151.79849243164062,7376200
2025-08-07,152.05667714547644,152.94049607289915,151.63959558843922,152.4241180419922,6719000
2025-08-08,151.7091182320431,152.72202410062286,151.51051012954667,152.4439697265625,5811000
2025-08-11,152.47376023441552,154.3109192769718,152.2453616741109,153.9037628173828,7331700
2025-08-12,153.98321003035622,154.45987250998377,153.23841827657637,154.01300048828125,6938000
2025-08-13,154.1321719326598,155.9196599552201,153.8739677694877,154.33078002929688,5812400
2025-08-14,153.56612254900423,153.6257034625584,152.20564118009628,152.67237854003906,6343700
2025-08-15,153.39730740628025,154.51946513923528,153.13911839240126,153.28807067871094,7121700
2025-08-18,153.34765073084475,155.83028984088853,153.09938681984036,154.6386260986328,8274500
2025-08-19,154.6485463831562,157.59792276624896,154.5889654708232,157.3000030517578,7868100
2025-08-20,157.47876351174628,159.91174677295075,157.3099458731055,158.4022979736328,7840400
2025-08-21,156.83326852909482,157.9554262410194,156.08847680585137,157.62771606445312,6417500
2025-08-22,158.27320663756868,159.56416679743407,157.21062987046224,157.56813049316406,5797300
2025-08-25,157.2900780819457,157.59792289780728,154.80743904715723,155.0656280517578,4692500
2025-08-26,154.83723078500768,155.61181295804715,154.26125670583,154.8868865966797,6338000
2025-08-27,155.065637808508,156.03884328141413,154.70813715889145,155.87002563476562,4551200
2025-08-28,155.90973825465326,155.91966335621234,153.9534173968114,154.56910705566406,5857400
2025-08-29,155.00604782500864,156.4658407961474,154.56910092850094,155.94944763183594,5318200
2025-09-02,156.26723813181923,157.75682161102972,155.88987213484802,156.8928680419922,6432800
2025-09-03,156.5552163190572,157.53834686228527,155.4132083888322,157.0716094970703,6592500
2025-09-04,157.41918821438233,158.64064243919776,156.7141120251865,158.08453369140625,6934900
2025-09-05,157.44897469767807,159.4450110783647,157.3099475142396,158.9087677001953,6436200
2025-09-08,158.5016164419749,159.15703682228894,157.15106012170375,157.90577697753906,7178400
2025-09-09,157.50855776642823,158.75980243449237,157.10140131192162,158.3526611328125,4984900
2025-09-10,157.49862849363453,157.8362637701154,154.8074410773866,156.25730895996094,6205500
2025-09-11,156.62474281994054,158.2434284247454,156.29703262770738,157.52842712402344,5819500
2025-09-12,156.83327251312446,158.02495142284727,156.6843202258225,156.80348205566406,5957000
2025-09-15,156.78363249437024,157.4191875108382,155.11529110562498,155.7409210205078,5995000
2025-09-16,156.04876930573735,157.2900889085744,155.80050538516994,156.95245361328125,6559600
2025-09-17,157.3297989477332,160.5473047003985,157.3297989477332,159.21661376953125,6764200
2025-09-18,157.05174666754644,157.91571539621702,156.06863126133166,156.22752380371094,7651500
2025-09-19,156.5154949585322,156.52542005959327,154.88688436777977,154.95639038085938,17224800
2025-09-22,154.99612632734056,154.99612632734056,151.98716894613847,152.0070343017578,8712900
2025-09-23,152.136114893359,152.22548626068308,149.92160514809314,151.44097900390625,8853400
2025-09-24,150.994116003069,152.5631457628522,150.735911833883,151.36154174804688,6483300
2025-09-25,152.16591624983818,152.8114115277917,150.72598855721418,151.09341430664062,7511400
2025-09-26,151.17284974910808,151.6197217385544,150.47771385965532,151.44097900390625,5721100
2025-09-29,151.36154426384016,152.65251967274722,150.73591433927763,152.46383666992188,8139700
2025-09-30,152.3943247110678,153.30793407870752,151.778619912247,152.58299255371094,7762600
2025-10-01,152.63264989302996,152.8213328903871,150.3585591289462,152.1162567138672,7566000
2025-10-02,151.65945555472885,151.7389018226974,150.57702856520672,150.99411010742188,6892100
2025-10-03,150.9444561855714,152.36451846711844,150.9444561855714,151.21258544921875,5212600
2025-10-06,150.4479360918388,151.26224902589098,149.35556877855595,149.36550903320312,6737000
2025-10-07,149.71305984017872,152.1063275214406,149.0079988354484,151.48069763183594,6844400
2025-10-08,151.72896241014092,151.72896241014092,149.58397377439974,149.6435546875,5254700
2025-10-09,149.6932095524147,149.8222964790399,148.54126139700892,149.53431701660156,6134500
2025-10-10,149.89181695529618,150.45785077638692,148.41215863390167,148.65049743652344,7374000
2025-10-13,147.96528302316233,148.39228965383253,145.94938138614665,146.4657745361328,7511100
2025-10-14,146.54522126774023,148.21354739216497,146.05861857170342,148.12417602539062,8585300
2025-10-15,147.49854782099578,148.37244160243384,146.24730321352166,146.39625549316406,10003100
2025-10-16,146.98215675814333,149.35555908216645,146.89278538908428,148.56112670898438,8809700
2025-10-17,149.52439470853963,150.97424745464548,149.38535237248615,150.34861755371094,8612900
2025-10-20,150.53729849486277,151.33174602509973,150.24931903097536,150.9047393798828,5601300
2025-10-21,150.9047433328611,151.22251326158414,149.82230115755564,150.5670928955078,6013400
2025-10-22,150.249322385297,152.39432621897618,149.74285430764053,151.14306640625,6394400
2025-10-23,151.29202705612448,152.2354268476482,149.53431439744128,151.1529998779297,8205400
2025-10-24,156.39999389648438,157.39999389648438,151.52999877929688,152.49000549316406,11968500
2025-10-27,151.61000061035156,151.75999450683594,150.1300048828125,151.74000549316406,7775300
2025-10-28,151.1199951171875,153.1699981689453,150.6199951171875,151.3699951171875,5819300
2025-10-29,150.66000366210938,150.97000122070312,148.47000122070312,148.77000427246094,7405500
2025-10-30,149.47000122070312,150.8000030517578,149.33999633789062,149.5800018310547,6760700
2025-10-31,148.7100067138672,151.10000610351562,148.52999877929688,150.3699951171875,7930300
2025-11-03,150.10000610351562,150.22000122070312,147.77000427246094,148.02000427246094,8946400
2025-11-04,148.60000610351562,149.5,146.25,147.1699981689453,9295400
2025-11-05,146.8699951171875,147.4199981689453,145.64999389648438,145.7899932861328,11199900
2025-11-06,145.8800048828125,146.67999267578125,144.4600067138672,146.1300048828125,10024500
2025-11-07,146.9499969482422,147.94000244140625,146.0,146.97999572753906,8500100
2025-11-10,146.3800048828125,146.6199951171875,144.08999633789062,145.5,10208100
2025-11-11,145.9600067138672,148.64999389648438,145.6699981689453,148.5399932861328,7332500
2025-11-12,148.52999877929688,149.14999389648438,147.50999450683594,148.00999450683594,7851100
2025-11-13,148.17999267578125,149.0,147.63999938964844,147.9600067138672,7566800
2025-11-14,149.10000610351562,149.3800048828125,147.61000061035156,147.6699981689453,9150800
2025-11-17,147.75,147.97999572753906,145.00999450683594,145.82000732421875,9902300
2025-11-18,146.3300018310547,147.38999938964844,145.50999450683594,146.99000549316406,10735200
2025-11-19,146.9600067138672,147.5399932861328,145.86000061035156,146.99000549316406,6367000
2025-11-20,146.63999938964844,148.66000366210938,146.1300048828125,148.19000244140625,9021300
2025-11-21,148.3800048828125,151.5,148.3000030517578,150.9199981689453,12018000
2025-11-24,150.10000610351562,150.41000366210938,146.5399932861328,146.97999572753906,13846900
2025-11-25,147.32000732421875,148.64999389648438,147.22000122070312,148.49000549316406,10477700
2025-11-26,147.9199981689453,148.97000122070312,147.61000061035156,148.25,9238500
2025-11-28,147.8000030517578,148.7100067138672,147.17999267578125,148.16000366210938,4707200
2025-12-01,148.10000610351562,148.88999938964844,147.35000610351562,147.44000244140625,8240700
2025-12-02,145.2899932861328,146.19000244140625,142.50999450683594,145.86000061035156,16376800
2025-12-03,145.9199981689453,148.2899932861328,145.86000061035156,146.7100067138672,9125300
2025-12-04,146.6699981689453,147.4199981689453,144.5,145.36000061035156,10479300
2025-12-05,145.16000366210938,145.6300048828125,143.25,143.4499969482422,12791700
2025-12-08,142.91000366210938,142.91000366210938,138.13999938964844,138.33999633789062,17507500
2025-12-09,139.19000244140625,140.8800048828125,139.0,139.6300048828125,10375700
2025-12-10,139.64999389648438,141.27999877929688,139.5399932861328,139.82000732421875,13650400
2025-12-11,141.0,141.83999633789062,140.36000061035156,140.75999450683594,11798000
2025-12-12,141.0,143.11000061035156,140.83999633789062,142.83999633789062,10268800
2025-12-15,143.27000427246094,145.32000732421875,143.1999969482422,145.1300048828125,13859500
2025-12-16,146.10000610351562,146.5399932861328,144.64999389648438,145.3699951171875,5692762
