Date,Open,High,Low,Close,Volume
2015-12-16,100.78577944539349,102.02962679892026,99.59304705849142,101.23731231689453,3516900
2015-12-17,101.23732737530023,103.16273173639935,101.07545462375303,101.56958770751953,3945800
2015-12-18,101.0499179213528,101.26290569093666,98.6729736328125,98.6729736328125,7574800
2015-12-21,99.311907668857,100.33424606157152,98.82629595733725,100.02754974365234,3185200
2015-12-22,100.6920866982834,100.81987414321983,99.00522092655208,100.0531234741211,2821600
2015-12-23,100.4449925051827,101.23730694516762,100.14681104924605,101.11803436279297,2479600
2015-12-24,100.98172746858198,101.53549678956784,100.77726109617154,100.81985473632812,900100
2015-12-28,100.75171166054756,101.0498931649387,100.00199073537064,100.81134796142578,1582600
2015-12-29,101.27139881269186,102.58340388785591,101.12656222981695,102.08074951171875,2027600
2015-12-30,102.25965364137828,102.32781126545167,101.09248520349826,101.3139877319336,1747700
2015-12-31,101.0754540107255,101.69738102615882,99.98495790135098,100.22350311279297,2372500
2016-01-04,99.60158248716144,99.60158248716144,97.57393519240624,99.21820068359375,4991000
2016-01-05,99.43970320327333,100.43648412729253,99.00520645439224,99.40562438964844,2816800
2016-01-06,98.63887409697375,99.380073719438,97.548377985672,98.39180755615234,2677300
2016-01-07,96.80718345680778,97.19908011118501,94.92437264996789,95.49517822265625,5277200
2016-01-08,95.71668204733557,96.27045143076074,93.510132342444,93.85091400146484,4422400
2016-01-11,94.14908790721468,94.24280301836878,92.1725622444656,93.35677337646484,4525800
2016-01-12,94.02129155678315,96.38119243163534,93.75718888663782,95.63999938964844,4037800
2016-01-13,95.76779769973552,96.30452439265581,92.80300589630322,93.05859375,3434300
2016-01-14,92.64116893939695,95.24814395452435,91.59327263418974,94.36211395263672,4238200
2016-01-15,92.93081561646017,94.26837841173389,91.83179805857993,93.09268188476562,6357000
2016-01-19,94.98400592368884,97.25871981215515,93.37381921042429,95.91263580322266,7122800
2016-01-20,95.49514708621797,98.60476831885691,93.84236721314973,97.79541778564453,8380700
2016-01-21,97.69321508485606,98.38329978280296,95.6400166498933,96.6964340209961,5413900
2016-01-22,97.69318642782943,98.1021256288732,97.02866591351791,97.40352630615234,3622200
2016-01-25,97.56538520459763,98.23842699550548,96.14262918451188,96.59416198730469,2908500
2016-01-26,96.19375826229661,97.27573280941156,95.21401364097223,97.08830261230469,4592500
2016-01-27,97.48873381108699,97.81247278678052,95.28217777977584,95.69963836669922,4720300
2016-01-28,95.66557544061232,96.48344759387399,94.23429754743687,94.89029693603516,3525600
2016-01-29,95.35886022403936,98.11066436767578,94.24280667500709,98.11066436767578,5280800
2016-02-01,97.82952384360732,98.95409877663181,97.2161181528904,98.73258972167969,4333500
2016-02-02,97.93174397605338,98.30660441611096,96.50046634113316,97.02015686035156,2997700
2016-02-03,97.43761966752245,97.43761966752245,93.97018001737288,96.05745697021484,3462300
2016-02-04,95.98927175955747,97.59094303441618,95.4525452258849,97.29275512695312,3608300
2016-02-05,97.18202224180197,97.30129482736393,94.48133991178447,95.17993927001953,3330800
2016-02-08,94.1405676805052,94.66877954047537,92.71781133978197,93.73162841796875,5050200
2016-02-09,93.17787270257028,95.6570464530689,92.9819211347242,94.70286560058594,3680200
2016-02-10,94.84769517785215,97.5313418105875,94.84769517785215,96.04894256591797,3023200
2016-02-11,94.8391454437121,95.15436952198972,93.7912432914998,94.24278259277344,3955000
2016-02-12,94.7369248909881,95.34181566949272,93.89349543203024,95.26513671875,2552100
2016-02-16,95.95522253769022,98.20437227675225,95.87002875209393,98.10214233398438,3445700
2016-02-17,98.40030958057163,100.8624466769272,98.14472176093453,100.78577423095703,4466000
2016-02-18,100.95616589558571,102.23409204616274,99.72935471107382,100.06161499023438,3847100
2016-02-19,100.10420934078284,100.99876019441369,98.84331941850589,100.25756072998047,4481400
2016-02-22,101.46731640376431,104.05724703949451,101.3480438382917,103.31604766845703,5054800
2016-02-23,102.77934755628527,103.76761363849427,102.46412340940088,103.2138442993164,2804400
2016-02-24,102.17445613245158,102.50671641284781,100.38536081496378,102.40447998046875,2559700
2016-02-25,102.4044959354224,103.28201082535803,102.08075693225199,103.2564468383789,2281700
2016-02-26,103.4949814142571,104.15950196855181,102.99232708481078,103.3671875,2877500
2016-02-29,103.17126342752813,103.78466917934719,101.35661016162196,101.46736145019531,4526300
2016-03-01,101.7995847247872,104.12541293636657,101.69735480331195,103.6568374633789,3295600
2016-03-02,103.28197536392257,103.80165925641474,102.54929731895238,103.31604766845703,2670900
2016-03-03,102.96679580915475,103.81874678788357,102.31078991560628,103.78466796875,3064100
2016-03-04,103.35866940414279,104.0998689301143,102.86453638682843,103.76760864257812,2873900
2016-03-07,103.1541937636872,104.56842856560394,103.00084237554027,103.7335205078125,2315400
2016-03-08,103.32460806236608,104.21063781222546,102.8560389493733,103.64835357666016,2522000
2016-03-09,104.26425532257898,104.4695719830811,103.04093795885929,103.59699249267578,2094000
2016-03-10,103.68256670002134,105.01709925801345,103.00675371615623,104.44393157958984,2638200
2016-03-11,104.76897780645186,107.20705589829022,104.58077414204836,107.01885223388672,3766200
2016-03-14,106.7622722391564,107.80593637970371,106.38586471282144,107.12156677246094,2856400
2016-03-15,106.53981536660913,107.33539959718516,106.14630149822746,106.80500793457031,2610300
2016-03-16,106.4114809340076,107.40382523965604,106.16339485759549,106.84777069091797,2140900
2016-03-17,106.59969652571232,106.89910853873715,104.55513181673825,106.53125762939453,3911400
2016-03-18,106.81355578864519,108.71269260651555,106.53125025589323,108.40472412109375,6948400
2016-03-21,107.99408834734814,108.64424471009474,107.51502919937244,108.42182159423828,2667000
2016-03-22,108.34483893130351,110.20120628912849,107.80589083235456,109.51683044433594,3984000
2016-03-23,109.628056203416,111.51009345170056,109.51685440484383,111.03102111816406,6166400
2016-03-24,110.32954472885977,111.48443003065313,108.78970201093075,110.00446319580078,4153900
2016-03-28,110.20121959029275,110.78293064387901,109.50828064227134,110.28675842285156,1955100
2016-03-29,110.58617211113032,111.28764794218425,109.96167208862747,111.06523132324219,2463100
2016-03-30,111.28765700741111,112.15168670635171,110.68883294349253,110.9369125366211,2578500
2016-03-31,110.90271105595959,111.18501665523219,109.74782570015226,110.26966094970703,3181800
2016-04-01,110.09002194775283,111.58708881195066,109.80771634409764,111.14224243164062,3901700
2016-04-04,111.63839249153071,111.8094832026799,110.25254076182235,110.77437591552734,2812400
2016-04-05,110.31243542226248,110.74873182138387,108.55873249091499,108.67849731445312,4440000
2016-04-06,108.8409984979074,109.85899912770638,108.54158002127552,109.5253677368164,3021400
2016-04-07,109.08055631011148,109.87614056983695,107.98556002289634,108.5330581665039,3186600
2016-04-08,108.80680931199026,109.62805001636045,107.15575835557499,107.51505279541016,3642300
2016-04-11,107.64334982455715,108.5929181490174,107.64334982455715,108.07108306884766,3119200
2016-04-12,108.04543411971451,108.95222662657744,107.27551287488174,108.4731674194336,2887200
2016-04-13,109.20032410647289,110.06434728944353,108.87524258771744,109.29442596435547,2592400
2016-04-14,109.26019709192498,109.98734893589476,109.1233193007379,109.48262023925781,1674600
2016-04-15,109.40561863680614,109.55104638666421,107.97699103755866,108.92655944824219,2835200
2016-04-18,108.5415893399441,109.52537713994654,108.30205975942695,109.33717346191406,2717400
2016-04-19,111.28765275939527,112.32277314374544,110.45784906914521,111.63839721679688,4340100
2016-04-20,112.31423052177571,115.58211996611536,111.98059899163415,114.57266235351562,7321000
2016-04-21,114.25613874171934,114.63254620586258,113.28945712275028,113.74286651611328,3786000
2016-04-22,114.39297662520349,114.91481169044654,113.81981566065494,114.74372100830078,2782800
2016-04-25,114.38445242988684,114.6924209484855,113.42632089792136,114.44432830810547,2702100
2016-04-26,114.6068652041116,115.15436332392812,113.77706153063244,114.83784484863281,2638000
2016-04-27,114.9234083244461,115.12872505842627,112.83606721583774,113.60599517822266,3358800
2016-04-28,113.5973997495362,114.96615147882589,112.65639435736044,112.98147583007812,3332800
2016-04-29,112.11744966689143,112.81893853925675,110.29530164546944,112.64783477783203,4161100
2016-05-02,113.44342437246479,113.71716689193754,111.99768375510153,113.00714111328125,2887700
2016-05-03,112.38265589072746,113.97382447045693,112.17735223746294,113.31512451171875,3632300
2016-05-04,112.08325654149789,113.27235479445253,111.71539905352913,112.94727325439453,2909300
2016-05-05,112.96437383634382,114.01659416176379,112.79328311687975,113.1867904663086,2054700
2016-05-06,112.99858648998551,113.16112724177441,111.72394953763396,112.955810546875,2618600
2016-05-09,112.70771570334945,114.28177099098649,112.55373799305997,113.49474334716797,2191800
2016-05-10,113.70862543053357,114.29034953967452,113.41776990265566,114.26468658447266,2223500
2016-05-11,114.41010962046681,114.63252624082008,111.70683198824412,111.80093383789062,3450800
2016-05-12,112.0661494469777,112.31422907249205,110.14134917021663,110.98826599121094,3210400
2016-05-13,110.44075361054658,111.23633135733007,109.97024432586439,110.3552017211914,3137300
2016-05-16,110.14133951296384,111.94637480303989,109.9531357914669,111.75817108154297,2466000
2016-05-17,111.69828103018271,112.25432910282419,110.34664222606499,110.8342514038086,2294500
2016-05-18,110.44930920577927,112.29712046156209,110.29531840777089,111.64695739746094,2246400
2016-05-19,110.94547027279265,112.16878129842763,110.149879512395,111.21066284179688,2756000
2016-05-20,111.74959323974494,112.74192446066279,111.38173585643393,112.01478576660156,2538100
2016-05-23,111.32188195701258,112.23722450625762,111.21921708029863,111.56996154785156,3036500
2016-05-24,111.86080231225257,113.76850213310843,111.47584497221686,113.42630767822266,2702400
2016-05-25,113.95671186243291,114.88916732634497,113.58885443559826,114.1363525390625,2211300
2016-05-26,114.20481035119197,114.59833079701578,113.48622141887365,113.75996398925781,1499300
2016-05-27,113.75995815253066,115.08593414869131,113.74285821696229,114.63253784179688,1833400
2016-05-31,115.14583350581009,115.27414830111697,114.18770183843263,114.3502426147461,3634100
2016-06-01,114.27321641964005,115.35966252752637,113.79415726909004,115.08590698242188,2618000
2016-06-02,114.85495584653512,116.47178740716055,114.64108916892124,116.377685546875,4015000
2016-06-03,116.00984469325334,117.30159476653172,115.61632425085676,117.06206512451172,3625600
2016-06-06,117.1305111333467,118.38804835690952,116.77976661719386,118.18273162841797,2959900
2016-06-07,118.19126856264121,118.48212407376455,117.09627235915443,117.14759826660156,2943200
2016-06-08,117.42990420817658,120.52668913288338,117.19892457049876,120.10750579833984,6180800
2016-06-09,120.18454867095674,120.50961721446339,119.37184467871792,120.34707641601562,3682400
2016-06-10,119.97921295543905,120.09897777956927,118.60191095124827,119.11519622802734,2805800
2016-06-13,118.90986358251051,119.87654506785442,118.1228358359965,118.13138580322266,2804300
2016-06-14,117.95173928971938,118.27680772225756,117.48978001463101,117.94317626953125,2970700
2016-06-15,118.3685656542256,118.73808514198673,117.77560358053653,117.95606231689453,2369400
2016-06-16,117.91313717328052,119.35685991314304,117.19986470793245,119.15921020507812,3176100
2016-06-17,119.2451028433706,119.32245541275714,117.34591958611861,118.32559204101562,4430900
2016-06-20,119.64043810007935,120.17323860855393,118.71232510565814,119.03888702392578,3731700
2016-06-21,119.62323843736736,119.64901825925912,118.65216788284309,118.75528717041016,2021400
2016-06-22,118.97869431441245,119.91539596806578,118.27402412702722,118.50604248046875,2375200
2016-06-23,119.75210984309106,120.29349903111894,118.60055470216486,119.61460876464844,2646800
2016-06-24,116.58111305315587,119.12481856064157,116.14282981167348,117.98186492919922,4475100
2016-06-27,117.00220043501875,118.0678146675248,116.42642912713579,117.82719421386719,3996200
2016-06-28,118.77247489647692,119.52870483968839,118.29122097083312,119.20215606689453,4160200
2016-06-29,120.13888730849563,120.89511743700325,119.9670174207817,120.75762939453125,3704500
2016-06-30,120.89511541900083,121.4365180134528,120.51700691747442,121.34198760986328,4730800
2016-07-01,121.30758548263105,121.84897481520946,120.84352249718893,121.04977416992188,2882500
2016-07-05,120.43960235089239,121.95208815565188,120.33648308705007,121.65130615234375,3749300
2016-07-06,121.15288022122364,122.85442683161597,121.14429131977478,122.35599517822266,4083300
2016-07-07,122.3474298602969,122.59665231815755,120.26777426999239,120.99823760986328,3515500
2016-07-08,121.77161140234301,121.84036194639718,119.92398806487932,121.40209197998047,3605500
2016-07-11,121.40214616118502,121.68573736466436,120.31934100011271,120.58575439453125,4084000
2016-07-12,121.07557962476892,121.12713927566166,119.7693449798857,120.19043731689453,4310100
2016-07-13,121.13572158946538,121.6771109486108,120.2419774099262,121.58258056640625,3164700
2016-07-14,122.36462249324715,122.75993500204692,120.71464811205618,121.03260803222656,3000700
2016-07-15,121.72866343120857,122.6997470173895,121.22164282594672,121.45367431640625,3748700
2016-07-18,121.82322024260804,121.94353046509575,119.9841850629642,120.95526885986328,4166300
2016-07-19,120.95526759704725,122.57087323601239,119.72638555966937,122.53649139404297,5326200
2016-07-20,123.29270098402002,124.16065212131224,122.7255187614756,122.90599060058594,5489800
2016-07-21,122.6396039728305,123.51614410882927,122.14117224752982,122.77709197998047,3475100
2016-07-22,123.48178100585938,123.7911519834786,122.82006830956813,123.48178100585938,2697500
2016-07-25,123.36146238745347,123.65364242616404,121.52242756611595,121.79741668701172,2725600
2016-07-26,121.97788863834654,122.19272921630254,121.18727688500789,121.77163696289062,2668100
2016-07-27,121.31618547372095,122.32163788364318,120.2333935967653,121.75445556640625,2684100
2016-07-28,121.47944663344157,122.91457999907824,121.33335662634614,122.68254852294922,2517000
2016-07-29,121.90054535779258,123.66222755156947,121.6857047865683,123.06067657470703,3269700
2016-08-01,123.24970981407307,123.88564248355932,122.9231480226038,123.3270492553711,2494900
2016-08-02,123.58489585233296,123.72239697362825,122.32163216519342,123.03490447998047,2679100
2016-08-03,123.17238541537064,123.42159468315202,122.39895156945909,122.78567504882812,1963600
2016-08-04,122.9747687424664,123.30131754851617,122.25289433689893,122.63961791992188,1890900
2016-08-05,123.17239088969816,123.35284961611936,122.37317719135162,122.88021087646484,2000100
2016-08-08,122.55372581178187,122.94903845775045,121.90920373082366,122.1412353515625,1846400
2016-08-09,122.50207893727195,123.00051056526586,121.75442493886811,121.87474822998047,2140700
2016-08-10,121.91771629602265,122.3216175962034,121.10991369566116,122.19271850585938,1866300
2016-08-11,122.23572622606456,122.94039665454135,121.54823360627987,122.57087707519531,1857500
2016-08-12,122.16693321722948,123.0091044996951,121.59975101945965,122.78567504882812,1787900
2016-08-15,122.85442856891736,122.98332765660624,121.59116505825905,121.70287322998047,2369600
2016-08-16,121.29902490568433,121.70292637391664,120.59435439723242,121.23887634277344,1688500
2016-08-17,121.41930680476598,121.95212040544597,120.87791741359932,121.7802505493164,1849100
2016-08-18,121.74587876533275,122.75133127520157,121.40213902468429,122.1755599975586,1572700
2016-08-19,121.7286462748992,122.24426882262065,121.35912683553217,122.06379699707031,1950200
2016-08-22,122.12400244461426,122.88883452659523,121.7802626980638,122.1068115234375,1587900
2016-08-23,122.65678975785539,122.77709996745644,121.81461829064808,122.03804779052734,2295500
2016-08-24,122.02944334382077,122.09819389952563,119.88962655330059,120.1989974975586,2529800
2016-08-25,120.09592963197868,120.09592963197868,117.75846218868381,117.99049377441406,3891000
2016-08-26,118.30839988340595,118.84980229929626,116.86467759146831,117.40606689453125,3082400
2016-08-29,117.90453711992508,118.62639850188114,117.28579504601083,117.9646987915039,2315900
2016-08-30,117.96464046791635,118.32557098044462,117.07949854396783,117.62088775634766,2026600
2016-08-31,117.345956290132,117.57798784521252,116.48659375869615,116.91627502441406,2837300
2016-09-01,117.57795415010874,117.7154421499856,116.31469054189344,116.64984130859375,2765400
2016-09-02,117.30296107182578,117.54358148140834,116.66702821059822,117.39749145507812,2390500
2016-09-06,117.40603030197924,117.60369299994278,116.555270328258,116.84745025634766,2242400
2016-09-07,116.54967470939745,117.378478192509,115.8590073357019,116.54104614257812,2816300
2016-09-08,116.09209534122074,117.08492050564806,116.04029760024301,116.92952728271484,2826700
2016-09-09,116.29927864850025,116.67913307209666,115.35823822021484,115.35823822021484,3322300
2016-09-12,114.57262403191999,117.17124472006002,114.2963518821926,117.00720977783203,3457400
2016-09-13,115.89350068428476,116.67912149274237,115.14239412902833,115.64312744140625,3331500
2016-09-14,115.57406383992634,116.28200125902839,114.80570012865049,115.41867065429688,4592400
2016-09-15,114.8488389574854,117.49062780242316,114.71934467033202,117.07623291015625,3302900
2016-09-16,117.07631356847807,119.61450873235225,117.00724550995395,119.54544067382812,7421900
2016-09-19,119.72670356338195,120.3396741997298,118.72524989280106,118.86337280273438,3239500
2016-09-20,119.25187693906764,119.59720395878651,118.32810674257856,118.68207550048828,2425700
2016-09-21,119.31227325765978,120.83174337871228,119.13098122854751,120.78857421875,3506600
2016-09-22,121.28938439212257,122.08364738016613,121.15124826201418,121.76420593261719,3018300
2016-09-23,121.74690960433338,122.40303625105207,121.17710813110332,121.30660247802734,2802000
2016-09-26,120.82311221086331,121.01304599260803,119.91661246587795,120.62454986572266,2636500
2016-09-27,120.85765538516836,121.59147849082947,119.73532297096837,121.54830932617188,3048600
2016-09-28,121.84188275211241,122.3426162081486,120.5727853937789,121.22028350830078,1990400
2016-09-29,121.02172992985562,121.10806829683641,119.00153860700377,119.41594696044922,2201000
2016-09-30,120.15837255141898,121.28070520863486,119.50224589604436,120.8663101196289,4164100
2016-10-03,120.30511738767659,120.6245454756312,119.16551473868378,119.56265258789062,2724400
2016-10-04,119.73534286544994,120.31377288250746,118.4144478824087,119.27777862548828,2452600
2016-10-05,119.32094378594682,119.94252978055627,117.93098080938165,118.7943115234375,4625600
2016-10-06,118.54389708418236,118.699303408918,117.11940716988529,117.8187026977539,4025300
2016-10-07,118.45760733154538,118.7511365984887,117.39570111988117,117.98277282714844,2568700
2016-10-10,118.25041964008767,119.44182034859027,118.25041964008767,119.2087173461914,2586000
2016-10-11,118.55256729043592,118.87199540497089,116.00573141781652,116.33380126953125,3353600
2016-10-12,116.53240055097862,117.17127015587465,115.37554031296888,116.6360092163086,4287900
2016-10-13,116.24748948462091,116.24748948462091,115.34963122933765,115.8503646850586,3425700
2016-10-14,116.35971348189233,116.98994121945556,115.5913496674058,115.61724853515625,3452900
2016-10-17,115.73807586622749,116.05750391130458,114.84884657313967,115.79851531982422,3602500
2016-10-18,120.17562640063194,124.27644707532815,119.02739503091132,123.79298400878906,10141900
2016-10-19,124.16421678100505,126.35707077169307,123.30088615621169,124.6390380859375,5796000
2016-10-20,124.74264435186237,125.94267337061983,124.30233731060929,125.24337768554688,5203700
2016-10-21,124.54406761932532,125.56280457752963,124.11240231930542,125.50236511230469,3331800
2016-10-24,126.04628246170486,126.2362162699697,124.33689136070241,124.91532135009766,2930200
2016-10-25,125.07936115589642,125.51102652358145,123.97429886849326,124.12969207763672,3095400
2016-10-26,124.103777778791,124.1296766437614,122.49798228372676,122.79151153564453,3267600
2016-10-27,123.21455746967838,123.67212168276683,122.23036100730573,122.5411605834961,3358000
2016-10-28,122.29937952563276,122.89507956991935,120.3827851107001,121.16841888427734,4033600
2016-10-31,121.55697736304293,122.19583371403128,120.84041122950592,122.01454162597656,3761100
2016-11-01,122.1699129495279,122.1699129495279,119.84756461589262,120.37418365478516,3391400
2016-11-02,120.02027364769337,121.92822769060722,119.94256384958555,119.98573303222656,3149700
2016-11-03,120.1583627078677,121.1598294998576,118.83746776649772,118.99287414550781,2989700
2016-11-04,119.52813087401523,119.90799848369784,118.87200429489671,118.88927459716797,3520700
2016-11-07,120.52099011011698,122.97284652549477,120.47782093359194,122.53253936767578,3896600
2016-11-08,122.03180486741326,123.98292758938652,121.729633840301,123.36995697021484,4389300
2016-11-09,120.46915381215855,124.48364926226154,117.60290288748445,122.5066146850586,8042400
2016-11-10,122.88650015328254,126.53839884018328,122.59297084948004,126.15853118896484,6075500
2016-11-11,126.65930129344639,127.34132701131884,126.05495903332788,126.40892791748047,4475400
2016-11-14,127.1858597582829,132.02050281296033,126.94411509083953,131.4679718017578,5740400
2016-11-15,132.52988211420535,132.91839144181887,130.80322083016364,131.42481994628906,4910700
2016-11-16,131.2176688433926,132.0896283140277,130.56152892537668,130.7946319580078,3899000
2016-11-17,131.07089823620782,131.15722341867024,129.6636647108966,130.16439819335938,4683000
2016-11-18,130.40611476763462,130.93274706154182,128.9816111004847,129.0247802734375,5664800
2016-11-21,129.2578459784792,130.0693787716935,128.25637941777313,129.85354614257812,3867800
2016-11-22,130.43199031339302,132.02914403999327,129.98305470704855,131.45071411132812,4992100
2016-11-23,131.23487614630218,132.7284475279675,130.32838957999164,132.55577087402344,2697200
2016-11-25,132.89252457679729,133.3846295332514,131.7529345921101,131.92559814453125,1664500
2016-11-28,131.86509991799628,131.96006679604645,129.4995697023508,131.32119750976562,5029600
2016-11-29,135.49111694729365,136.50984081083453,133.97164654285226,136.05227661132812,5827400
2016-11-30,136.49004806423346,138.4749422743565,136.14334592583674,137.226806640625,7142400
2016-12-01,137.92020140015342,140.1738048217373,137.92020140015342,139.4977264404297,5250200
2016-12-02,139.54970498692708,140.86719658817424,139.1683247950527,139.315673828125,3480000
2016-12-05,138.84763288597517,139.2636780170598,135.41522418347736,136.6287078857422,5854200
2016-12-06,137.09669973482428,137.1487037012564,135.4411695989705,136.35995483398438,3216700
2016-12-07,136.8540266139986,138.6655689254466,135.5192094439403,138.162841796875,4552300
2016-12-08,138.17154235227926,138.89096165167987,136.94939583549623,138.09353637695312,3407500
2016-12-09,138.2668732613575,138.8216044055764,136.69802486407437,138.78692626953125,4007200
2016-12-12,137.66882021110752,138.388239537035,136.73270879517185,138.2408905029297,3471200
2016-12-13,139.02963867725907,140.1651163305865,138.74361675920312,139.15098571777344,3868900
2016-12-14,139.671046866659,140.24311713333276,137.5734691146902,138.56158447265625,3885700
2016-12-15,138.5702302355358,139.80103951316514,138.18885010497928,139.22030639648438,4422700
2016-12-16,139.87908231437706,142.15001118766878,139.7143942096723,142.09800720214844,7605300
2016-12-19,141.3612702980899,142.0980288072087,139.74041744903357,140.0177764892578,4732600
2016-12-20,140.16510211810728,141.37857240020722,139.90506899313326,140.0610809326172,3131200
2016-12-21,139.9137451128426,140.66782934315086,138.3535594416571,139.8357391357422,2767700
2016-12-22,139.88774109938478,140.3124623449653,138.91696479615524,140.05242919921875,2741700
2016-12-23,140.03505392011587,141.3178670213745,139.15962288916097,141.3092041015625,2044400
2016-12-27,141.5085681863419,142.11531649249724,140.80648807726635,140.97117614746094,1344000
2016-12-28,140.5551809356883,141.49995541170944,139.82709858127774,139.9311065673828,1669100
2016-12-29,140.347095521964,140.72847561937178,139.02094132696197,139.58433532714844,2476300
2016-12-30,139.8703937366855,139.96573877694516,138.55291546779586,138.71759033203125,2855600
2017-01-03,139.66236882764136,140.65048407865348,137.94615821338326,139.93972778320312,3539700
2017-01-04,140.71978945824787,140.91914239412,138.4575244593763,140.33840942382812,2695200
2017-01-05,140.19982087528135,140.96258147459935,139.9917916502385,140.57252502441406,2961100
2017-01-06,140.19976510522372,141.23122144376964,139.6450339516151,140.77183532714844,3081300
2017-01-09,140.41646422899774,140.78916824861236,139.35900584772492,140.3731231689453,3040800
2017-01-10,139.78373313142023,141.26589957825567,139.11631781003234,140.05242919921875,3500700
2017-01-11,139.80974629015822,141.23124594449604,139.2116739749231,140.32113647460938,3330600
2017-01-12,140.1477520020636,141.2312122491872,139.4543347987379,140.72848510742188,2555900
2017-01-13,140.5551554136257,141.05788263157734,139.90507916683507,140.2431182861328,3183300
2017-01-17,140.94518505913277,141.25722215683246,136.52466171269256,139.25498962402344,5475800
2017-01-18,139.60169327514944,139.72304030202554,135.29385398229647,136.72402954101562,6591600
2017-01-19,136.72400136032954,139.1596175429367,136.29061732140778,137.55609130859375,4976900
2017-01-20,137.83352154359156,138.50959987123383,136.78472590793086,137.521484375,3579100
2017-01-23,137.4867747638436,138.26687411969758,135.70123429561195,137.8768310546875,4062600
2017-01-24,138.12825895927006,139.81845525950203,137.902903861186,139.05569458007812,3514100
2017-01-25,139.3936798601031,140.39912100405158,138.98629771417106,139.75772094726562,3605800
2017-01-26,140.29515065676668,141.78599354246066,139.76642134002824,141.0665740966797,4202400
2017-01-27,141.71664432474455,141.9766775099574,140.9538838416768,141.27459716796875,3110400
2017-01-30,141.2312500326299,141.68197331924807,139.81841326013947,140.49449157714844,2784600
2017-01-31,140.08710022764768,140.58116454871407,138.6916026179283,140.50315856933594,3037000
2017-02-01,141.06650999783088,142.06328803467179,140.4424359001426,141.03184509277344,3718500
2017-02-02,140.86721098690495,141.49994824673414,138.9083058422002,139.34169006347656,4714000
2017-02-03,139.66241750122185,140.4165018902159,138.86499204055082,140.30381774902344,2762300
2017-02-06,139.9917377475999,140.87584508131502,138.87361250488726,139.12496948242188,3479400
2017-02-07,139.5930113432371,140.13906627689744,138.28418298963845,139.1422882080078,2942700
2017-02-08,138.68290311244655,139.22897127571815,138.17151308141916,138.95159912109375,2339700
2017-02-09,138.95163167845055,139.80973710381866,138.30155541779345,139.06431579589844,3056800
2017-02-10,138.78693953717294,140.0610900290461,138.76961369332778,139.3330078125,1905900
2017-02-13,139.28106546878965,140.43386943475065,139.28106546878965,140.40786743164062,3275800
2017-02-14,139.93975725129783,141.7166351382598,139.7664062143388,141.39593505859375,2969400
2017-02-15,140.91917050735364,142.92140286167057,140.91917050735364,142.40133666992188,4537900
2017-02-16,142.82610173424027,142.99078985310834,140.70252171257212,141.84664916992188,3191600
2017-02-17,137.81615481988783,138.8216091864847,135.64057122522638,136.62001037597656,12033600
2017-02-21,136.62000973127772,139.39367876064026,136.53334084025647,139.17698669433594,5419000
2017-02-22,139.47168473030962,140.22576888878172,138.37088533025013,139.17698669433594,2725300
2017-02-23,139.83572405132122,140.9365234375,139.2809928976105,140.9365234375,2459600
2017-02-24,140.99721171310648,141.361252847996,140.19112346281597,141.3352508544922,2715700
2017-02-27,141.4218888386517,143.41545814861482,141.1185147080238,143.3461151123047,4071800
2017-02-28,143.42412106846666,144.54224611761708,142.93005689444382,143.3461151123047,4382100
2017-03-01,144.5076202908643,146.13714902023852,144.1869202338074,145.56507873535156,3514200
2017-03-02,145.89444160994762,145.98977342288282,144.71563623326867,145.0189971923828,1889800
2017-03-03,145.0189669439954,146.00708203703223,144.4208948460831,145.79039001464844,2254400
2017-03-06,145.1230315698256,146.78723859053036,144.8630116220623,146.2238311767578,2576500
2017-03-07,146.00708512115642,146.79584727349408,145.55636200184466,145.8770751953125,2702300
2017-03-08,145.73361149753657,146.5601216428268,145.11591928648045,146.0816192626953,2048200
2017-03-09,146.29031738778104,147.0907280998215,145.93362790919585,146.16851806640625,3631400
2017-03-10,146.5252800271623,147.89988050962094,146.2120797491953,147.88247680664062,3716600
2017-03-13,147.8911644272489,148.7089525000279,147.50836266651234,148.0825653076172,3130200
2017-03-14,147.6040053428038,148.05639517833086,146.59480350946737,147.08200073242188,2522600
2017-03-15,147.34304437608515,149.6137425005934,147.28213806856365,149.4484405517578,2807600
2017-03-16,149.700756317037,149.76164935292365,148.09125262029107,149.03085327148438,3138600
2017-03-17,148.84816866713902,149.2396656750609,147.54316979064268,147.6388702392578,5622900
2017-03-20,147.83895842536418,148.1086693298296,146.09026480364264,146.1598663330078,3928600
2017-03-21,146.74278038818235,146.87328824830848,145.34208098369777,145.8988800048828,4953100
2017-03-22,146.2729220870031,146.49042181613973,144.09792479563689,145.31591796875,2999800
2017-03-23,144.61992517990217,145.2289218043554,143.34973411677555,143.8021240234375,3947400
2017-03-24,144.5329844143919,145.63787394021216,142.98438676036048,143.5498809814453,5243900
2017-03-27,142.67111292677586,143.64550736844419,142.0795068192425,143.20181274414062,4383000
2017-03-28,143.18442146651944,144.4807246148183,142.5406174973743,143.8543243408203,7327100
2017-03-29,143.25401133488137,143.5237088496689,141.58361516495626,142.19261169433594,5900400
2017-03-30,142.37534409807822,144.35894093799575,142.2100554240288,143.54115295410156,2993800
2017-03-31,143.2366259228292,143.63683127900296,142.46232739197876,142.6885223388672,3496100
2017-04-03,143.21930139825167,144.54170424408608,142.89740585836518,144.06320190429688,3473700
2017-04-04,144.3067825277467,144.81138372485032,143.36718167194715,143.52378845214844,2886000
2017-04-05,144.2110642976772,145.51606311292267,143.741270565248,143.87176513671875,3541600
2017-04-06,143.94132724897102,144.43723303502762,143.4106273450952,143.8456268310547,2923600
2017-04-07,143.51505892743387,144.85485171484908,143.21924914113737,144.437255859375,2927800
2017-04-10,144.58512758072186,145.2898246059875,143.79342535043037,143.96742248535156,3234900
2017-04-11,143.45415609080572,144.28065260971758,143.2018621840305,144.27195739746094,3172900
2017-04-12,144.69822549181563,144.78521741798335,143.2018263003802,144.03701782226562,2978700
2017-04-13,143.5063519375348,144.11534866544116,143.26275324637226,143.5150604248047,1979800
2017-04-17,143.54121502797668,145.6553073340417,143.5151161063071,145.44650268554688,4396700
2017-04-18,147.9520411870827,148.0999394374332,145.89884283052052,146.6731414794922,5526200
2017-04-19,147.54314147323876,148.93514531772678,146.76014760767208,147.24734497070312,4703400
2017-04-20,147.4822355849932,149.8051313438382,146.48172876049867,149.2396240234375,3652100
2017-04-21,149.75289647317283,150.17918738562113,148.3086952908967,148.90899658203125,2982300
2017-04-24,150.21402691529428,150.64902640483808,149.37882205431262,149.9269256591797,2830300
2017-04-25,150.94481822322425,152.02362170311733,150.6751206720336,151.41461181640625,3394700
2017-04-26,151.45811157566982,152.8153077917504,151.36241116170876,151.71041870117188,2817500
2017-04-27,151.4407202034121,153.18071806440307,151.39721760186129,151.92791748046875,2438600
2017-04-28,151.91054330342808,152.24984242124728,151.30154658876964,152.14544677734375,2010800
2017-05-01,152.24986081893528,153.24165938126467,151.45815835664456,151.89315795898438,2709700
2017-05-02,152.17155099627658,152.5717431619545,148.13475556456086,151.50164794921875,4951000
2017-05-03,151.162308388505,151.64081043699096,149.51801100380214,150.10960388183594,3622200
2017-05-04,150.5533319505064,151.5625339922603,149.97043420444115,151.39723205566406,2585200
2017-05-05,151.8496509921656,152.14546080238176,150.77955571811302,151.4842529296875,2189000
2017-05-08,151.31894148615987,151.8670451831226,151.00575454519046,151.7626495361328,2505900
2017-05-09,151.46687358638601,152.04977148644934,150.27496559583318,150.7186737060547,1653700
2017-05-10,150.54463137174832,151.06663611735183,150.04004359949897,150.84913635253906,1568700
2017-05-11,150.3010583355686,151.25806277404374,149.35276238525603,150.78826904296875,1901300
2017-05-12,150.19663387795975,150.8491331585826,149.22223920027187,149.4745330810547,2335400
2017-05-15,149.45713675518647,149.63984240383084,148.09994030856828,149.23094177246094,2831400
2017-05-16,148.48273668897443,148.76983796929946,145.5073415226043,146.2642364501953,4343700
2017-05-17,146.2642616073036,148.23916351308517,144.98536171822076,146.90806579589844,4442300
2017-05-18,146.37733693320317,151.36242766268785,146.04673305345455,149.1613311767578,3908000
2017-05-19,149.90085854942484,150.46635269573443,148.11735760894533,150.1531524658203,3877300
2017-05-22,150.27494647179347,152.16284299670585,150.16185561163493,151.9888458251953,3480300
2017-05-23,151.76262499854968,152.702225494939,151.12752945682456,152.44122314453125,2471500
2017-05-24,152.6413537217811,153.20686115477216,151.83226085514247,152.76315307617188,1612300
2017-05-25,153.39825602230314,155.4949438781715,153.0676520982901,154.90335083007812,3212200
2017-05-26,154.58147448868505,155.63417951840725,153.98988131670885,154.4248809814453,1583600
2017-05-30,154.45962939792298,154.92943633086523,153.32864122445739,153.6331329345703,2285700
2017-05-31,153.89416819507815,153.90286340860828,152.18026859504718,152.40646362304688,3320400
2017-06-01,152.9284518193199,156.2344512939453,152.41515549915115,156.2344512939453,2890600
2017-06-02,156.53025133678796,156.53025133678796,155.1556510352954,156.06915283203125,2610100
2017-06-05,156.19093033068808,156.87823702282608,155.86903492621937,156.05172729492188,2640600
2017-06-06,155.89514486314343,157.5220389739499,155.27743964519567,157.31324768066406,3443900
2017-06-07,158.33981249538286,159.61871204293294,156.29530960640665,159.39251708984375,3783600
2017-06-08,159.39251628008802,159.87100509091772,157.4524090292968,158.0701141357422,3079900
2017-06-09,158.20066210252776,158.68785956364468,157.34806654557315,157.8700714111328,2392200
2017-06-12,157.87004581099893,158.1832460245193,153.4852428217139,155.9473419189453,3705600
2017-06-13,155.91255616324642,157.80914797042652,155.8603450622466,157.5133514404297,2458500
2017-06-14,157.41764845330613,159.0706415295998,157.41764845330613,158.65304565429688,2039300
2017-06-15,158.77533844598906,160.30412437325444,157.32517259579376,157.57852172851562,3078700
2017-06-16,157.97167109488808,159.39563057408606,157.57855729086438,158.67054748535156,4473300
2017-06-19,159.2557936981216,159.88478088378906,157.9104548115732,159.88478088378906,3887100
2017-06-20,159.64892365884887,160.23422864667663,159.18592100683657,160.1031951904297,2742600
2017-06-21,160.2954169300832,161.71063184621084,159.6140161682471,161.54464721679688,2866300
2017-06-22,161.52712868125835,164.81184258771157,161.42230192422818,162.9248809814453,3841300
2017-06-23,162.723968479766,162.723968479766,160.86321344963486,161.83290100097656,3438500
2017-06-26,161.7281048034685,162.39202998042418,160.20804979706813,161.7193603515625,2327400
2017-06-27,162.2434483259557,163.18692894256645,160.9330608023215,161.26502990722656,2682800
2017-06-28,162.2085528703497,162.75892008476848,161.69313679999712,162.2260284423828,2451200
2017-06-29,162.330865821424,162.56672605511326,161.02920899088704,161.8503875732422,2193600
2017-06-30,161.74554124036575,162.65408431645704,161.55334994849858,161.98141479492188,2392000
2017-07-03,162.7414755315212,163.82473459479655,162.26101051365745,163.05596923828125,2087000
2017-07-05,162.6104250593534,164.5498004935133,162.2435179947768,164.45370483398438,2587400
2017-07-06,164.34009713753113,164.40125496636946,162.61912009960525,163.30926513671875,1844700
2017-07-07,163.66747148983896,164.61093914805738,163.3704400700746,164.2003631591797,2252500
2017-07-10,163.6499776213805,164.23528261408077,162.61913221382193,163.31800842285156,2612000
2017-07-11,163.36170174355567,163.93827565478117,161.69313784741337,162.44442749023438,2664500
2017-07-12,163.1782172766874,163.62375765539977,162.84626143504443,163.0908660888672,3342800
2017-07-13,163.36172297959044,163.60632770161246,161.89409464745825,162.0338592529297,2379300
2017-07-14,162.32209535805504,163.4752429688966,161.4135657225054,163.27430725097656,2716700
2017-07-17,163.42287162139343,163.5801117924274,162.2784548357219,162.79388427734375,2444600
2017-07-18,163.31798778054593,163.53638573514147,160.61859226093398,163.2306365966797,4235800
2017-07-19,163.80723034157992,165.46706313165362,163.80723034157992,165.27487182617188,3401600
2017-07-20,165.46711829285,167.65983013460635,165.0390532734006,167.2929229736328,3099600
2017-07-21,167.1880441118874,168.60325891073347,166.5066434065203,167.5374755859375,4911500
2017-07-24,167.54620672974303,167.8781759611045,166.54158124424725,166.75997924804688,2356500
2017-07-25,167.84323291646365,168.14898211428365,166.24455797886287,166.3319091796875,1960100
2017-07-26,165.99990080135507,167.31901948733272,165.4408026390256,166.6376190185547,2683500
2017-07-27,166.19208474634377,166.4104826646937,164.63709263408836,165.04766845703125,2631400
2017-07-28,165.20496940335167,167.06572446843714,163.8858503959172,166.98709106445312,1925000
2017-07-31,167.37146838418974,168.26253585171474,166.97835469644338,167.56365966796875,3767100
2017-08-01,168.95267346546063,168.95267346546063,167.3976809007327,167.93057250976562,3336800
2017-08-02,167.8519665713825,168.9963699601207,167.8519665713825,168.60325622558594,2463800
2017-08-03,168.8303429757818,170.3154596690142,168.6119450303009,170.14947509765625,2886100
2017-08-04,170.30678050292562,171.25899271104078,170.00103126002256,170.24563598632812,2892300
2017-08-07,170.18447085614184,170.70863143576787,169.3894988646933,170.15826416015625,2074800
2017-08-08,170.07091595747679,170.3417407252723,169.5467686574577,170.2631072998047,1741000
2017-08-09,170.26306405999009,170.6649222182453,169.62534567510642,170.20191955566406,2125900
2017-08-10,169.70394383210163,169.81751503540943,168.07906249764,168.2275848388672,2698600
2017-08-11,169.39823919641302,169.94859312868118,168.30624912371675,168.62074279785156,2210700
2017-08-14,170.0009764245685,170.13200986783832,168.5158596410918,169.22348022460938,2322000
2017-08-15,169.8874285616517,170.35916235218912,169.31085467214066,169.91363525390625,1595200
2017-08-16,170.184408470605,170.58626654500105,168.45470051984026,169.27587890625,1881600
2017-08-17,169.25844550628653,169.68651037370586,168.30623345075668,168.34117126464844,2440900
2017-08-18,168.46348358031207,168.777977243777,166.53285266206188,166.69883728027344,2858500
2017-08-21,166.75126430958525,168.00049461417564,166.75126430958525,167.75588989257812,1930500
2017-08-22,167.86066451705304,170.31546875233926,167.34524853741837,170.1669464111328,2021900
2017-08-23,169.91366784938512,169.99228794123093,169.23226706013898,169.68653869628906,1547000
2017-08-24,169.95728808941632,170.41155955976353,169.66027007532333,170.1320037841797,1923700
2017-08-25,170.63867533322505,170.82212213294824,169.5990990349537,169.79129028320312,1375000
2017-08-28,169.99225066533052,171.0580338876173,169.79132825357465,170.42904663085938,2009900
2017-08-29,170.20193585533264,172.1325667660905,169.76513984276852,171.86175537109375,2072200
2017-08-30,171.5559823533168,171.99277830526643,170.52513697513933,171.1191864013672,1506700
2017-08-31,172.03643873940769,174.27284510009272,171.5647049997816,173.75741577148438,2990200
2017-09-01,174.53490729073064,174.70963632213522,173.2856773619,174.49996948242188,2241800
2017-09-05,174.0195506942187,175.10280974082823,173.5914990790741,174.1156463623047,2700800
2017-09-06,174.31653342031635,174.70966046534951,172.64798291143478,173.3031768798828,3040200
2017-09-07,173.42589965969472,174.9254031238235,172.81206744102977,173.7766571044922,2684600
2017-09-08,174.00469197184506,174.3817690315747,172.75072107905834,173.4084014892578,2206000
2017-09-11,174.7237416067295,175.7497213194078,174.31159419472962,175.01312255859375,3307900
2017-09-12,174.8904114553706,174.91671760654472,172.67183683605464,173.16290283203125,2554700
2017-09-13,173.45223248040898,176.04787008447863,173.43469059130908,173.9169921875,2394400
2017-09-14,173.58380508444372,173.9608821981086,172.82966423765805,173.39088439941406,2378600
2017-09-15,174.0836047562278,175.1271263672005,172.92608093817847,173.7854461669922,4198700
2017-09-18,173.7766628249351,174.34666041716787,173.19790097948245,173.79420471191406,1915200
2017-09-19,174.0134730816137,174.1537814499209,168.70818165731234,170.6899871826172,3819000
2017-09-20,171.01443307173807,171.73348996395754,170.17259633540155,171.65457153320312,2788500
2017-09-21,171.5493296269558,171.98778314979273,170.9091778496253,171.1810302734375,1895000
2017-09-22,171.09342417574462,171.7598690638721,165.07783814426944,169.2694549560547,5660200
2017-09-25,169.4798293427699,172.14562088800437,167.4190924225346,168.1469268798828,3105900
2017-09-26,168.63803294910238,170.43569550735165,168.40126424246353,168.9800262451172,2775400
2017-09-27,169.41848001706407,171.54059398136516,168.13820291010583,170.54969787597656,3267200
2017-09-28,170.3392335668449,172.35612292096502,169.6903173838806,171.96151733398438,2088400
2017-09-29,171.71595765094332,171.95271293796125,170.54089194784464,171.7422637939453,2646300
2017-10-02,172.3911592759148,173.54868304169,172.16316825259852,173.13653564453125,2893600
2017-10-03,173.1892203106976,174.89042289413052,172.9787577069945,174.1801300048828,2533800
2017-10-04,174.53084013273286,176.02157970676464,174.00469045693714,175.80235290527344,2286400
2017-10-05,175.32006823977605,175.32006823977605,172.3648949513383,173.53994750976562,4069000
2017-10-06,173.5399132074822,175.37265925233623,173.1979199668661,173.6802215576172,3361900
2017-10-09,173.63640581216944,173.90825830880794,171.68090632301104,172.13690185546875,3365400
2017-10-10,172.10180836582143,172.2508809894495,169.83062184850854,170.71629333496094,2499100
2017-10-11,170.67245684109045,171.93520538122408,169.7604658374196,171.2248992919922,2935600
2017-10-12,171.0056143389087,171.3125371143563,169.00626762372303,169.17288208007812,2954700
2017-10-13,166.2528140499333,168.98877330353568,163.10472076900112,168.82215881347656,5435000
2017-10-16,168.7871284248119,169.52374079178122,167.80499644291243,169.4185028076172,2927400
2017-10-17,172.57534863691495,181.18657083215834,172.19827156336635,178.79261779785156,8949700
2017-10-18,178.71365025539674,182.22127827461733,178.6084123160536,179.96762084960938,4796300
2017-10-19,180.1780884358505,180.42362133368647,177.74905221739516,178.23135375976562,3471800
2017-10-20,179.1170733055168,182.58086771005856,178.6172431218647,181.94949340820312,5138800
2017-10-23,182.02837740515545,182.79128230030494,180.4674838377574,181.52853393554688,2261400
2017-10-24,180.97611264608253,182.5983829415967,180.53765904504485,182.52822875976562,3459900
2017-10-25,182.67729169320808,183.39634855023613,181.58115782901746,182.01083374023438,2908300
2017-10-26,182.32657433364213,185.64128304124102,182.02842904641867,183.40516662597656,4346000
2017-10-27,183.4051253221545,186.57953830828197,182.8789890597567,186.4304656982422,4385300
2017-10-30,186.0884853464442,186.57955124427872,183.60683633081265,183.6156005859375,2477400
2017-10-31,183.61561019450437,184.60651967769454,182.2213308657885,184.34344482421875,3749600
2017-11-01,185.57107489978563,186.4567596280294,183.20342842274084,183.73834228515625,1902900
2017-11-02,184.24698456083854,185.45712085896253,183.2823812245741,185.11512756347656,2825900
2017-11-03,184.78187604571326,187.50905782226508,184.23819789352353,186.66722106933594,2196900
2017-11-06,185.82542422573053,187.59676729075832,185.72896389006718,186.0095672607422,2293700
2017-11-07,186.5532570015957,187.25477211152472,184.930973203663,186.51817321777344,1845800
2017-11-08,185.97446027702162,186.71982328731787,184.76432419137052,184.82571411132812,2261100
2017-11-09,184.6678773698196,185.69385715111477,183.38760039714344,185.5184783935547,1839700
2017-11-10,185.4308299935926,185.7377395309389,184.32591819362264,185.08883666992188,1384700
2017-11-13,184.42235593537214,187.25476251921978,184.09790454462316,186.48309326171875,2662200
2017-11-14,186.08852388723898,186.51819994656333,184.95730585636585,185.6500701904297,1993900
2017-11-15,184.92223554338744,185.88682564853815,183.81732366330968,184.0277862548828,1816300
2017-11-16,184.4837532721338,185.91310300431002,184.06282815418356,185.1414337158203,1919600
2017-11-17,184.5538844187502,185.4307915675258,183.40512481419955,184.06280517578125,1887500
2017-11-20,184.15047844014754,184.74676880481854,183.78217908893197,184.3697052001953,2040400
2017-11-21,185.14141111552863,186.64969248604325,184.80818211629781,186.4304656982422,2327200
2017-11-22,186.13229916622691,186.61460075494585,184.81693849547014,185.22032165527344,2257800
2017-11-24,185.90434460120966,186.7198619543938,185.0274373153549,186.3515625,744000
2017-11-27,186.12361144297142,187.87742639178623,185.7377700133448,186.25514221191406,2856300
2017-11-28,187.55292347224594,189.6838016280073,186.35155146300878,189.53472900390625,2905700
2017-11-29,190.90268239969004,196.66396875320874,190.6045371823301,195.445068359375,4247200
2017-11-30,196.94083692229316,201.2697854507375,195.58583281550088,200.75946044921875,6846400
2017-12-01,201.39300596588785,201.68336404578463,194.52123835216233,199.53648376464844,3325800
2017-12-04,201.71851972548725,203.92699685429264,194.8027571583104,194.8203582763672,5591500
2017-12-05,194.45079894934892,196.84404062585992,192.83184529339096,193.65011596679688,3246300
2017-12-06,194.46843228432607,195.29551036590263,192.71749010256886,193.51817321777344,2397500
2017-12-07,194.09007068748056,194.10767180593766,191.9783929470963,193.7029266357422,2661600
2017-12-08,194.05488873113805,197.38078867387415,193.76453068207758,197.01124572753906,2233300
2017-12-11,195.77943494308826,197.81194141589123,195.36589588559215,196.00820922851562,1599500
2017-12-12,194.80278965793454,196.5801269580445,194.67960866242524,195.76185607910156,2294100
2017-12-13,195.10195078144085,197.92631976927694,194.65320947303456,197.39840698242188,3059400
2017-12-14,197.97029656878973,199.70363757280518,194.45961847637733,194.67079162597656,2811700
2017-12-15,196.8704408332941,196.8704408332941,194.12525730650785,195.17230224609375,6293400
2017-12-18,195.85862801153004,197.80312883111904,195.4978788985983,195.9202117919922,3194100
2017-12-19,196.20182184007624,196.9057056849291,194.3189043610749,195.36593627929688,2340200
2017-12-20,196.30732359806885,197.87348735323752,195.09310162524787,195.66502380371094,2633200
2017-12-21,196.31614240839704,197.03764060739397,194.77637341981196,195.0579376220703,2955300
2017-12-22,195.3307047063654,195.63866389037997,192.20717048199782,193.5709686279297,1959700
2017-12-26,192.77029859402563,193.94052477682044,192.77029859402563,193.2190399169922,1482400
2017-12-27,193.55336190727655,194.83797511468018,192.91106201643495,193.9405059814453,1861900
2017-12-28,194.8555842313026,196.0257969229939,193.7029458083686,196.00820922851562,1452600
2017-12-29,197.0464697806878,197.0464697806878,193.97573852539062,193.97573852539062,2350200
2018-01-02,194.46840228597875,195.72660690802292,193.57093329061203,194.59158325195312,3485000
2018-01-03,194.9963489760143,196.92326211441124,194.02850219614544,196.63290405273438,2417600
2018-01-04,197.38958788238463,198.93816418610555,197.2400119304517,197.4863739013672,2749100
2018-01-05,198.13747055532318,201.53376146071568,197.72393153485862,201.252197265625,2432800
2018-01-08,200.72428901399883,201.23461405968965,197.6271499275428,197.75912475585938,2850800
2018-01-09,197.75915223147553,199.40451473216706,196.4745523049852,198.74461364746094,2672200
2018-01-10,197.82069373193607,197.9790635033177,196.23692888952905,197.26637268066406,2311600
2018-01-11,197.24878469113716,198.77975971163727,196.82645184696162,198.3134307861328,2543600
2018-01-12,200.12595915947452,202.2816329153916,199.3076884241517,201.17300415039062,3943800
2018-01-16,205.33480370836378,206.7689929343091,203.46948772791055,204.9212646484375,6852600
2018-01-17,206.47862733646855,210.2532686733619,205.75714253901768,209.78692626953125,5124800
2018-01-18,210.51725183656126,214.59983957566698,209.89255295926432,213.94874572753906,6234200
2018-01-19,214.84619977496862,214.995789176046,212.10982269993855,214.1159210205078,4293600
2018-01-22,214.32708466835214,214.51186289168075,212.36498240515678,214.30068969726562,4012200
2018-01-23,213.79913334304987,217.30979812296653,213.2888082843496,215.75244140625,3300000
2018-01-24,216.45635153813345,217.6001827801772,214.4326656011199,215.4357147216797,2733300
2018-01-25,215.34767641707342,216.61468838762192,214.5997833043771,215.72601318359375,2420500
2018-01-26,215.56766078779248,218.85837195307766,215.09253797337306,218.6208038330078,2615300
2018-01-29,219.3334897009157,220.66208552182135,217.67933359685097,217.68814086914062,2564700
2018-01-30,204.90368636560262,213.5791863238098,204.21739032520608,208.2207794189453,11565500
2018-01-31,213.66712632751202,217.32738016295545,207.43765973037824,208.3351287841797,5187400
2018-02-01,206.99772848343295,209.25020170650495,205.73952376292718,206.96253967285156,4268300
2018-02-02,205.00919028133342,207.91275660565444,203.4166317667476,204.02374267578125,3959900
2018-02-05,203.064698737474,205.10599862943738,183.43484880956626,193.58853149414062,6290000
2018-02-06,186.70796529240462,199.29887276614974,184.95703676763873,198.12864685058594,7064800
2018-02-07,195.62105875147245,201.74493266021366,194.8995605297906,198.69180297851562,5589200
2018-02-08,198.26063107735357,199.40446200687725,190.28022295875743,190.45620727539062,4902400
2018-02-09,191.8112190353664,196.45692088106446,186.5408050185208,194.41563415527344,6225300
2018-02-12,195.71783688344428,200.60990073572663,195.462667649193,198.57740783691406,4912000
2018-02-13,196.34254012819068,199.83561718534918,195.67384527702765,199.4132843017578,3536800
2018-02-14,197.92627749445091,201.7888969618161,197.020014649482,201.29617309570312,2878400
2018-02-15,201.727307351916,202.3696071283833,195.1019034621616,198.86773681640625,4662700
2018-02-16,198.8414081742145,202.85360479256977,198.58623889215278,201.8153533935547,3621700
2018-02-20,200.53071265016,201.26979852420732,198.50701363012786,199.43087768554688,3172300
2018-02-21,198.98215729681738,201.79774584210244,198.06710041760456,198.08470153808594,3371900
2018-02-22,199.11414475872428,202.22887178530212,198.04070465095128,199.80923461914062,2767900
2018-02-23,200.52192659285654,202.6512191242565,198.7709977364078,202.51043701171875,2393900
2018-02-26,203.8126307598783,206.33784772000288,202.10568462663088,205.94190979003906,3307000
2018-02-27,206.24102603248633,207.55203400904756,204.51649250332278,204.58688354492188,2899500
2018-02-28,206.25867225335284,206.54903032879938,198.9293695873615,198.990966796875,4368600
2018-03-01,198.58620892356876,201.7449318851587,195.98180710939894,197.4863739013672,3514600
2018-03-02,196.3953316433961,198.69178753713456,195.8498043831942,198.13746643066406,2613600
2018-03-05,196.53612726208183,201.86812563885056,196.0258021684156,200.94427490234375,2627300
2018-03-06,201.41938816146325,201.62175404950804,196.9936530370414,199.008544921875,2652800
2018-03-07,197.39839262299918,200.45153567952573,196.87046644882594,199.9676055908203,3242200
2018-03-08,201.2123333525054,201.26531154495342,197.6723852220331,198.38743591308594,3500900
2018-03-09,199.60568465417893,199.96762822794898,196.41884355256406,199.00538635253906,4834600
2018-03-12,199.69393491532065,200.39132611457072,196.65716552734375,196.65716552734375,3117300
2018-03-13,197.3280916127714,201.32708959518283,197.00146686092884,200.33837890625,3343800
2018-03-14,200.50612524241575,202.50120617357064,198.64345612100658,198.9612579345703,3048200
2018-03-15,199.35849644270843,203.710601651708,199.20842524276085,202.5806427001953,3330200
2018-03-16,202.73945993664572,204.1607376908714,201.05334522464392,201.15045166015625,5690300
2018-03-19,200.664987227354,201.24762603712762,197.46048724377084,198.66990661621094,3407300
2018-03-20,198.76702699922305,200.92101537753635,197.63706809095586,200.19712829589844,3429100
2018-03-21,199.90578022384724,200.77973837444986,196.7012939453125,196.7012939453125,3419800
2018-03-22,195.6684366989049,195.67727313132315,189.88623093694287,189.98333740234375,5894800
2018-03-23,190.46005973433554,192.2079628840033,187.59102059581136,187.63516235351562,5741200
2018-03-26,189.96568902499368,193.69102677527073,189.53312138672578,193.39088439941406,3561300
2018-03-27,194.49435964559214,195.9332838359262,191.04268193502097,192.41099548339844,3722100
2018-03-28,193.23201001929738,194.1324507719379,191.5988591264878,192.88772583007812,3179500
2018-03-29,193.6645435477894,197.16918598182681,188.91517639160156,188.91517639160156,5529400
2018-04-02,192.852364070892,196.85136135633064,189.47131085833686,191.74005126953125,6220700
2018-04-03,194.51199274897039,198.7140395875137,193.93819039723593,198.25498962402344,4652000
2018-04-04,194.82096251725523,202.580602435603,194.58260784933782,201.9714813232422,4674000
2018-04-05,202.56300365168028,204.43449570301578,200.2148021535724,202.21871948242188,3348100
2018-04-06,200.0823575378167,201.44184815592402,195.81853611148006,197.7076873779297,3231700
2018-04-09,199.13777309191804,199.62330541761966,196.29521671617903,196.62184143066406,3031500
2018-04-10,198.97886734808287,201.41535196168016,197.29276557598084,200.2059326171875,2737500
2018-04-11,197.9813455225981,198.97005616626555,195.70376838685942,195.88914489746094,3482100
2018-04-12,197.77829748281428,199.28785928734843,197.22215447707842,197.95486450195312,2664500
2018-04-13,198.7140451001083,199.6233086200219,196.93082337991154,197.9901580810547,2496600
2018-04-16,200.4884254246508,204.67281288127847,199.8175166069086,203.32215881347656,4510600
2018-04-17,211.25837225892732,213.34173648340305,208.40699268112212,210.58746337890625,6180300
2018-04-18,210.98470487087152,211.6379678021604,208.60119834669942,208.68946838378906,2940100
2018-04-19,208.5128917791011,210.34025510997935,207.27700363515243,208.1244659423828,2734900
2018-04-20,208.3805042548373,209.30742720576154,206.12940950835616,207.5065460205078,2842000
2018-04-23,207.7095805999142,208.52175114976248,205.75864171019506,206.87094116210938,3051700
2018-04-24,208.29220698799375,209.50162630776262,205.29957946652482,206.76499938964844,2771200
2018-04-25,206.08529571241235,207.54189296723305,203.42812879811356,207.36532592773438,3118800
2018-04-26,208.0980176816826,209.96068663463504,206.86212933524752,209.24563598632812,2252800
2018-04-27,209.77531625607114,212.3441994991997,209.35157155046028,212.02639770507812,2301800
2018-04-30,212.7502672547282,212.7502672547282,208.68946838378906,208.68946838378906,3446900
2018-05-01,209.21914274791683,209.65171038176305,206.88860093712665,209.08673095703125,2633500
2018-05-02,207.78905459171284,208.52176464442147,205.56444207374457,206.0941162109375,3542700
2018-05-03,204.77875996554096,207.277032425833,202.43055869570392,206.70321655273438,2731600
2018-05-04,205.77630083600772,208.91016328526777,204.94648436194254,208.24807739257812,1999900
2018-05-07,208.2304020219363,209.21028954336032,205.3613635593184,206.37655639648438,3237800
2018-05-08,206.32358238638272,206.32358238638272,203.61343817203664,204.83168029785156,2698300
2018-05-09,205.7321772521532,206.0588020109383,201.47716507366113,202.34230041503906,3504200
2018-05-10,203.17206157810716,206.82677473575902,202.47467044696222,206.3147735595703,2169000
2018-05-11,206.20000692254462,210.80812525205468,205.64385052996468,210.3490753173828,3044900
2018-05-14,210.89636638715487,215.10723534661204,210.82575576395874,214.427490234375,3893600
2018-05-15,213.50943507930256,213.82723681067773,210.69336124548363,211.4260711669922,2396600
2018-05-16,211.55850078078225,213.46531132981252,210.6051089764387,213.3858642578125,1906100
2018-05-17,213.18284032232816,215.01019043171178,212.34418739248034,214.48052978515625,2418700
2018-05-18,214.84242627293912,216.0694914304421,213.97730458963454,215.96356201171875,2283600
2018-05-21,216.2813708461962,219.96256643968852,216.1401226364761,218.8414306640625,3040700
2018-05-22,218.92975729077386,218.97389904877843,215.2573839356354,216.4403076171875,2644100
2018-05-23,215.4251073946625,216.72279690998582,213.31526074562882,215.62814331054688,3047800
2018-05-24,215.9018241305371,216.6698395337359,213.80962333707143,214.27749633789062,2610400
2018-05-25,214.4716510541059,216.79336950062773,214.02143757279876,216.23721313476562,1554900
2018-05-29,215.27504461614794,215.27504461614794,212.07938067613196,213.78314208984375,2837800
2018-05-30,215.1690589837613,216.94344405330847,214.1891714748663,216.2283935546875,2071900
2018-05-31,215.58402070258543,216.0607166633423,212.4677904149429,213.20050048828125,2966100
2018-06-01,215.1690979774711,215.1690979774711,213.0062732267533,214.82481384277344,2371400
2018-06-04,215.39860125378678,216.493254732371,214.28630185067237,215.9547576904297,2188900
2018-06-05,216.36080645622525,216.37846584904784,213.55356915508148,215.77816772460938,1531900
2018-06-06,217.4466414647606,219.56531066258805,216.39612982736014,219.50350952148438,2650300
2018-06-07,220.48342910272706,220.69530144137278,219.15043433128318,219.79486083984375,2117200
2018-06-08,220.2185973643256,222.01946503054072,218.99153207254616,221.2955780029297,3034600
2018-06-11,221.43683242690923,225.10038247994203,221.0484065446434,224.03221130371094,2775200
2018-06-12,223.52017546276693,224.1734383366573,220.84534976385964,223.8556365966797,2567200
2018-06-13,224.3500177521894,226.6364313395388,222.8845977004173,223.2288818359375,3138300
2018-06-14,224.64136598952285,225.98319738197603,223.92631526787466,225.4005584716797,2456600
2018-06-15,225.25874803693858,226.7736358642578,223.74384669180102,226.7736358642578,4772200
2018-06-18,225.01959689064824,225.91435498824663,223.37181504987,225.7903289794922,1961900
2018-06-19,224.10709980865977,224.3994497036368,222.503615990184,224.15139770507812,2370200
2018-06-20,224.41715160959126,224.7803618851553,223.1414480059764,223.96533203125,2580400
2018-06-21,224.08940087035683,224.7095309301914,222.2910169379258,223.1503448486328,2150300
2018-06-22,223.4603548617834,226.00289416313024,222.5301532702753,225.34732055664062,2604000
2018-06-25,225.33850892854275,226.02065869347672,220.24456167571205,222.10496520996094,3060800
2018-06-26,221.97202899594168,223.66410830787953,221.0684034365994,221.2721710205078,2158000
2018-06-27,221.7328479892649,223.03512760873645,219.8193061252701,219.854736328125,2481000
2018-06-28,218.93341521592956,219.70414721311204,214.5924783901401,216.9578399658203,3556900
2018-06-29,216.95782591427724,219.26118110268544,216.69206559992284,217.34762573242188,2772600
2018-07-02,217.04643159326534,219.46494518888662,216.26683192143224,219.24346923828125,1793300
2018-07-03,219.96996740348163,220.3686215026355,218.58795931690963,218.80056762695312,1248000
2018-07-05,220.6875241562016,222.2998622474846,219.33209225167045,221.91893005371094,2182900
2018-07-06,222.3707374539731,223.00858935596642,220.96215346949666,222.14926147460938,1572300
2018-07-09,223.36296303602202,225.0284532385627,222.40618516588782,224.7272491455078,2039600
2018-07-10,225.17902039430015,227.58867980101235,224.798088250547,226.38385009765625,2012200
2018-07-11,226.02953197778749,226.7914099111707,224.78927186196435,225.5422821044922,1486000
2018-07-12,226.95083466437586,227.517826087645,225.83460071490876,226.83566284179688,1592700
2018-07-13,227.13692888697022,229.4579929324356,226.80912171239925,229.18336486816406,2356200
2018-07-16,228.82010827275732,228.96185613011409,227.18118077689144,227.65957641601562,3625400
2018-07-17,222.8490965250922,223.70842426526102,218.17152569088393,221.73284912109375,6932300
2018-07-18,222.4592989811106,227.33175625864905,221.86574506999625,226.2775421142578,3359800
2018-07-19,226.18899386429322,227.2343539945053,223.11490620056372,224.07167053222656,2307600
2018-07-20,222.51247282693745,224.6209283577552,222.51247282693745,223.86790466308594,1959600
2018-07-23,224.05398340519557,226.10927365153327,223.6287397532728,223.90338134765625,1479600
2018-07-24,225.78147604808893,225.87007184818114,223.25664444149402,224.80697631835938,2476500
2018-07-25,225.7371504696432,226.1446721751501,223.92991262261592,225.7814483642578,3016900
2018-07-26,227.01289440407362,228.44805452299343,226.614240317465,227.6773223876953,2021300
2018-07-27,228.37715891350075,228.37715891350075,226.25098158280633,226.74708557128906,1656800
2018-07-30,226.71163489239044,227.57983031165315,224.23110165616006,224.8778076171875,1681500
2018-07-31,225.14358208699753,226.08263791417318,224.00077217905059,224.32855224609375,2355900
2018-08-01,226.87998356532464,226.87998356532464,223.96535230092732,224.46145629882812,3006700
2018-08-02,224.5765934286861,227.05711303494576,223.45149191724957,226.86221313476562,1854400
2018-08-03,227.19010178148469,228.17344228838184,225.28539998555198,227.8722381591797,1422300
2018-08-06,227.23433225625638,228.15567980887283,226.3218523933391,227.4646759033203,1398100
2018-08-07,228.24428739724098,229.30735582615992,227.792467769457,228.2531280517578,1462800
2018-08-08,228.66066389325255,229.8920834057528,228.49236700940884,229.2808074951172,1494300
2018-08-09,230.2552944486371,233.0104427028994,229.72374668175863,231.7436065673828,2315000
2018-08-10,230.76910249888087,231.66387410572332,229.54655076871964,230.6539306640625,1625000
2018-08-13,231.2209024177908,232.59404255659078,230.6007589150581,231.14117431640625,1635100
2018-08-14,231.12345068113922,234.14435878663383,231.08800695987784,233.41793823242188,1941600
2018-08-15,232.08910775162957,232.7180919351937,229.61742836138734,230.87539672851562,2017700
2018-08-16,231.7259125845422,233.65717678945109,231.61960843170596,233.0813446044922,2115900
2018-08-17,233.4799278265988,233.99376715328202,231.85873582278106,232.3991241455078,1969700
2018-08-20,232.9927141025058,233.42679834049346,231.72587807711804,232.46116638183594,1786200
2018-08-21,231.9738706276301,232.5674109190207,230.98166288899318,231.83212280273438,1559300
2018-08-22,232.0625332336869,232.0625332336869,230.55648581659395,230.99057006835938,2148500
2018-08-23,231.2386191417091,232.60291867577857,229.94520705742127,231.59300231933594,1603500
2018-08-24,231.8853427113185,234.56963041084907,231.8853427113185,234.12667846679688,2238600
2018-08-27,234.76452484478116,236.93500013401743,234.25071249740648,236.60719299316406,2614000
2018-08-28,237.900568947461,238.43211653387752,236.82860608690387,237.87399291992188,2603900
2018-08-29,237.76770194160812,238.59158587645823,236.75775876807458,238.30809020996094,2880600
2018-08-30,238.71559658002158,239.34460765462416,237.5196212122233,237.7677001953125,2976300
2018-08-31,237.67027097700597,238.49415502451333,236.71350676629393,237.82972717285156,2961500
2018-09-04,237.42217341612286,238.67130078172994,236.15533771070076,237.87399291992188,2097300
2018-09-05,237.91836427793984,238.1309725759896,236.47433650385113,237.1033477783203,2230600
2018-09-06,237.86773713460153,240.01884268622322,237.28106458592535,239.68995666503906,2556100
2018-09-07,239.68104565438193,241.03215282093157,237.78769982354495,238.47213745117188,2958000
2018-09-10,237.13884593730293,237.15661402957093,230.00103706064965,230.87216186523438,4146200
2018-09-11,229.26326437956772,232.3743894708872,228.87214934079603,232.03660583496094,2283300
2018-09-12,232.10770391366913,235.10326857159438,231.86771260232902,233.48550415039062,2236300
2018-09-13,234.8099414131285,236.1699464053619,234.15216937659366,235.99215698242188,2734500
2018-09-14,235.91222673919532,237.02334313032458,234.02777768013846,235.8322296142578,2084600
2018-09-17,236.89000874574336,237.03223489552363,234.14333234984383,234.55221557617188,1940400
2018-09-18,233.71668173086704,234.74780109440866,232.89001756826758,234.0366973876953,3557000
2018-09-19,235.08552539211442,236.09884927423633,233.92107776893238,235.84996032714844,2274300
2018-09-20,236.51670024467626,238.17005576922787,236.49893214563312,236.7922821044922,2095000
2018-09-21,236.53444688574402,238.081112117741,236.3122236224404,237.04112243652344,5671600
2018-09-24,237.3433128586591,239.5833133043252,237.04109251394016,237.65440368652344,2699800
2018-09-25,237.60107778630802,237.62774349008177,233.80551460592386,234.23219299316406,3789700
2018-09-26,235.11220444838588,235.99219986005423,233.289984603028,233.69886779785156,2238000
2018-09-27,233.77886113677144,235.92109654157517,233.71663211575589,235.2455291748047,2761400
2018-09-28,235.00551360494703,236.61440761366592,234.53440144427563,236.4810791015625,2875100
2018-10-01,237.55666852444733,240.01889251672876,237.35221335649175,239.2011260986328,3314500
2018-10-02,239.11218121913342,241.28108198472694,237.778841918655,240.5610809326172,2777300
2018-10-03,241.7788893831833,241.84111840192705,239.79664828176158,240.8011016845703,3002200
2018-10-04,240.889993357832,241.44110265547474,237.6099761489732,238.5077667236328,2186600
2018-10-05,238.80113156975207,240.89003582981167,238.17892266107097,239.2900390625,2045700
2018-10-08,238.96997001736472,239.68997111440387,236.1343994245871,239.12109375,1865000
2018-10-09,239.28114099186402,241.74336516703784,238.6411368607935,240.09890747070312,2510100
2018-10-10,240.53442171053956,241.26332039154667,233.35215196079918,233.8499298095703,4267300
2018-10-11,232.8899254484228,235.0232628515866,227.36101086606152,228.5521240234375,4558500
2018-10-12,230.84545085238696,232.34768172335453,228.32097164920185,230.7654266357422,4006300
2018-10-15,231.22767253876393,233.28101259572693,230.4987739823315,231.33433532714844,3583400
2018-10-16,239.72549170144484,242.49883278492229,235.556582467995,242.28550720214844,6453600
2018-10-17,240.1699724363446,240.88997350804658,236.11662302274163,237.60105895996094,3985100
2018-10-18,237.64555242502811,238.11666463679228,234.4099688371669,237.16554260253906,3132100
2018-10-19,236.99660249481258,238.20551085213097,234.56994242497584,235.82325744628906,3336600
2018-10-22,237.11214088100692,237.18324036513678,231.1654462179104,233.0587921142578,2618100
2018-10-23,230.86324908148674,236.01881669362407,230.40103457117277,235.43214416503906,4081800
2018-10-24,234.67663820218417,235.84995628873048,227.4943679202957,227.84104919433594,5265600
2018-10-25,229.4766156006605,235.71663457168472,225.21881061927544,234.88107299804688,4675600
2018-10-26,232.44546962651015,233.24546772949026,228.46322007527127,229.4943389892578,4830600
2018-10-29,230.86323608411712,232.92547386361278,225.17432766383175,228.01876831054688,3697700
2018-10-30,228.1699610237619,230.83664019537298,225.76105487083,229.5832977294922,4169200
2018-10-31,231.88553164224342,234.73000032694506,231.30775657009386,232.3122100830078,4230200
2018-11-01,233.70777365566718,235.27220698418697,230.8988683502583,231.93885803222656,2771300
2018-11-02,235.20994152719825,236.78329935001125,230.72104315127675,232.00994873046875,2593600
2018-11-05,233.02327254893737,233.77883695305476,231.174387219119,232.00994873046875,3287000
2018-11-06,231.7343823402345,234.67661557334716,231.7343823402345,234.2588348388672,2582400
2018-11-07,237.2454721269912,246.00107123498012,237.2454721269912,244.1166229248047,5796800
2018-11-08,245.33447167082892,247.1122576974291,244.17892160428357,245.91224670410156,3809100
2018-11-09,246.09885783197888,247.1122086870544,243.72552914821847,245.82330322265625,2904300
2018-11-12,245.33445687495882,246.92558286832818,241.7788850361913,242.11666870117188,3140600
2018-11-13,242.29442172574375,243.2011098710514,238.34776209276566,239.30775451660156,2516900
2018-11-14,239.37002513310944,240.46334626042784,234.08999806722235,235.52110290527344,3511900
2018-11-15,234.6677191664073,236.37440542343495,231.8677120335433,235.50328063964844,3657600
2018-11-16,235.54769701842991,241.60105488379358,235.48549513814635,240.9877166748047,3857800
2018-11-19,241.3166535063936,242.01885936386935,234.82771908048008,236.4899444580078,3670800
2018-11-20,236.10776104709672,237.13888021169967,231.46773836981455,232.44552612304688,3617700
2018-11-21,233.414408264996,235.22775757003106,231.51219136196408,231.60105895996094,3234300
2018-11-23,231.1121069004116,233.7254536639722,229.58321033891937,232.55210876464844,1159300
2018-11-26,235.21891122509908,238.49003164867202,234.22335519417405,236.5878143310547,3879800
2018-11-27,236.0633794806186,241.1567202815612,235.5833695452081,241.0233917236328,3497300
2018-11-28,242.50776306718996,251.0233449581212,242.50776306718996,249.73446655273438,5044300
2018-11-29,249.2722892215844,253.7345500109947,249.16562638829993,251.15673828125,4177800
2018-11-30,252.35160093997715,252.9312493628874,248.85602160087754,250.8980712890625,6143200
2018-12-03,252.36048138116428,255.5082983112642,252.1018711479447,255.32994079589844,4178800
2018-12-04,255.16948208874337,256.7656923389081,246.92987498442366,248.39230346679688,4635500
2018-12-06,243.4610796514265,246.9566870786047,236.53231988924827,246.87643432617188,6694600
2018-12-07,244.12092761419916,246.49294156177044,238.3424857801017,240.03677368164062,3506900
2018-12-10,239.51062858266795,239.87624247809194,232.0557517302341,237.6736602783203,4061300
2018-12-11,240.39349463073955,242.13238576647,236.9068407434183,238.2890167236328,3102800
2018-12-12,242.50691371675057,244.8343248733697,241.204963333759,241.3387451171875,3167900
2018-12-13,241.5348676094502,243.72855111242555,240.42912703020576,242.68521118164062,2350400
2018-12-14,241.08903210759271,241.27631571778815,235.1590103629176,236.32717895507812,3360500
2018-12-17,232.7780878847925,234.30294433661078,228.93471921471783,230.129638671875,5806800
2018-12-18,231.58317802902326,231.84176112480424,221.32823018216087,225.58180236816406,5065500
2018-12-19,225.0467310141353,228.78309575885018,220.78424688232397,223.2097625732422,5468500
2018-12-20,221.59575100883984,222.05053014667763,214.0606064624892,216.1918487548828,7311700
2018-12-21,214.66694755007265,220.70398563366484,211.74206349567115,212.53570556640625,12209700
2018-12-24,210.6631056646133,212.1433727839807,207.3815196404823,207.7203826904297,3091000
2018-12-26,207.50638680783686,217.0211818070673,206.71274452150627,217.00335693359375,4159300
2018-12-27,213.21347150854442,219.3396759033203,209.77137987680334,219.3396759033203,4295800
2018-12-28,219.99954484796757,222.74607164297578,218.3052432874641,219.58042907714844,3312700
2018-12-31,221.20337018319262,223.18301928689118,220.2046331963793,222.1486053466797,3123200
2019-01-02,218.4746863845469,219.67853193590528,215.3268685223236,217.128173828125,4063600
2019-01-03,217.119229286027,217.119229286027,210.5649974170066,211.20704650878906,4623200
2019-01-04,213.8376583594775,217.1014056602799,212.94592501653287,213.67713928222656,5367600
2019-01-07,214.3726889010846,215.7816292072049,212.43762919144274,214.08734130859375,4133000
2019-01-08,216.0936966005225,218.28735253712475,213.75736009381507,216.9497528076172,3618600
2019-01-09,218.2606388027622,219.92818933548227,215.85296160095385,217.26190185546875,3425400
2019-01-10,215.87083432015925,218.59953648884266,215.27337454393145,218.3587646484375,3374100
2019-01-11,217.0925051004153,220.93587408255053,216.9319996110955,220.85562133789062,3967100
2019-01-14,219.89248971149402,222.8619629433728,219.46446157918155,221.20333862304688,4955500
2019-01-15,222.93335092447342,229.10415805202211,220.25815071337973,229.05955505371094,5325600
2019-01-16,230.71817332632529,233.80356301574366,230.2188048406463,233.152587890625,6069400
2019-01-17,232.7334386615019,233.40223856007032,229.96908751824907,231.64552307128906,3583600
2019-01-18,234.16913671128228,237.43288339062713,232.2251649250692,236.75515747070312,4844800
2019-01-22,235.4711526161481,238.53871812159937,235.18579135667645,236.9246826171875,4052700
2019-01-23,238.76155545308868,240.29533758879845,235.12329610585485,238.11058044433594,2971100
2019-01-24,237.91444744908227,239.12721895895078,235.6494643285537,237.31700134277344,2927300
2019-01-25,239.69788317958987,241.13358784195685,236.933531916189,239.02908325195312,2809100
2019-01-28,238.0036250018402,238.03037591372313,235.96154801630087,237.8876953125,2837300
2019-01-29,237.20104627784056,239.38580364213115,236.7016778311809,238.39596557617188,2173000
2019-01-30,240.49158922888023,242.94385614419946,238.26225566949913,241.09796142578125,3659000
2019-01-31,241.19606488392557,242.31963048626383,239.8673635848686,240.94638061523438,4055100
2019-02-01,239.40371455492294,240.22412141989312,237.22788244951195,239.62664794921875,3946800
2019-02-04,239.2609622209708,239.59982523292598,235.6583520289005,239.17178344726562,3398900
2019-02-05,240.8749949869169,242.63171067897525,237.05837754599074,237.4774932861328,3597000
2019-02-06,236.4342591662188,240.70564350561827,236.29157852495507,240.32220458984375,2570000
2019-02-07,239.55524030387346,241.28517782268872,238.32464402894658,239.87625122070312,2458200
2019-02-08,238.5386177004987,239.60870836625182,232.13598021272088,233.54490661621094,4547000
2019-02-11,232.894038744072,232.90293757342366,228.58695091077502,229.30035400390625,4856200
2019-02-12,231.1550779916802,235.41756154011503,229.1041025454956,234.97169494628906,4327900
2019-02-13,234.9895125810271,237.45963085146536,234.65957566591612,235.23919677734375,3066400
2019-02-14,234.7398876678459,238.1552417735628,234.26727006211863,236.60360717773438,3015300
2019-02-15,238.79732440008237,241.7757110595703,237.7539842188214,241.7757110595703,3673700
2019-02-19,241.8113319762828,242.98839925506076,240.1259429695254,241.13360595703125,2486700
2019-02-20,240.06347263918417,241.29406873495455,239.14498858725258,240.3310089111328,2802800
2019-02-21,240.29532064218742,240.71443628964155,236.39845133156865,237.5576934814453,2554300
2019-02-22,237.64697360573817,239.33236295384955,237.15653107470956,238.19091796875,3191100
2019-02-25,238.60998453716564,239.13613113229556,235.75645430412854,235.95263671875,3679100
2019-02-26,236.00614684793453,236.692771716511,234.34750869982838,234.50804138183594,3212900
2019-02-27,233.28635558491035,233.28635558491035,221.98810894321045,223.0046844482422,8952900
2019-02-28,222.66579710515617,224.67219698344874,213.25800828780825,215.99563598632812,11034300
2019-03-01,217.1906118356115,221.14991080287578,217.1906118356115,219.5001983642578,6921300
2019-03-04,221.25690086323038,221.55117453667563,209.1204079765091,210.46693420410156,8646300
2019-03-05,210.921650503674,216.86950925271637,209.50379799611272,215.2911376953125,6924500
2019-03-06,215.56764847350968,215.56764847350968,211.36757794926416,213.1867218017578,4878700
2019-03-07,214.28356455081325,215.0682807847238,210.04783039063878,211.0733184814453,5033500
2019-03-08,210.4914357857414,214.30472770707746,210.03492088557945,212.4070281982422,4921700
2019-03-11,214.1256689993672,218.43127460202572,211.62822980607314,217.65249633789062,4539600
2019-03-12,219.2637680706773,221.52846320223128,218.1806601340407,220.09625244140625,4235800
2019-03-13,221.95813258984788,226.25477841229625,221.1704078150038,225.7982635498047,4881600
2019-03-14,226.46964343282562,228.31362332439565,225.87884978056368,226.71133422851562,3865200
2019-03-15,227.66910382416728,228.02716676044878,223.73050713600193,225.0373992919922,6466200
2019-03-18,226.16528594625893,228.53739319975105,224.16017443062645,228.25990295410156,3927400
2019-03-19,229.11031144216793,232.06426626132438,228.38525266065,230.1665802001953,4164800
2019-03-20,230.43513554609018,230.66787993209715,223.75742047390494,224.23184204101562,4193500
2019-03-21,223.05918322702905,226.43385342061066,222.58476172671593,225.59242248535156,2699700
2019-03-22,224.29446869697904,224.8583956789586,221.08987682580735,221.17938232421875,3777900
2019-03-25,221.4747852549622,221.4747852549622,215.53107638017954,220.9735107421875,4110900
2019-03-26,221.3315305531408,221.89547113417558,216.3724784601424,217.8673553466797,4416200
2019-03-27,217.46453984775832,219.9172059773284,213.18578696817295,216.363525390625,4819200
2019-03-28,217.15127512536606,217.3840194800503,213.8392710551254,216.8290252685547,3601500
2019-03-29,218.67300038268016,221.7791267043341,216.506770594037,221.33155822753906,4294200
2019-04-01,223.52463339527432,223.96324171917476,217.57196502579657,219.79190063476562,4809500
2019-04-02,219.76505315129495,220.56172443778817,217.3392398260121,218.78041076660156,4057100
2019-04-03,220.48118605185806,221.5822007062958,218.9415493626853,220.0604705810547,2851400
2019-04-04,219.73823724222527,222.9875890754199,218.98632540504698,221.4479522705078,2255500
2019-04-05,222.84435610102935,223.1666059712571,219.4607392929913,222.6921844482422,3343000
2019-04-08,223.49776920249786,223.49776920249786,220.4811622936185,222.66529846191406,2195400
2019-04-09,221.6090563510814,223.73052650472877,220.15892523633386,222.70111083984375,2903800
2019-04-10,222.69215625312395,223.6678521932474,219.77401488459427,220.23052978515625,2753700
2019-04-11,220.24843323544889,221.0271979544346,208.28044379782594,210.73312377929688,8223400
2019-04-12,211.6998869911749,211.9505242424849,197.6193867041065,199.81246948242188,13979400
2019-04-15,202.09505139082938,206.74976030078244,200.87766472280742,206.0605010986328,10021800
2019-04-16,213.05151630315518,213.05151630315518,193.18844111675418,197.78944396972656,27361400
2019-04-17,200.32271655604907,200.7255391598311,186.25117454528876,194.1015167236328,22101400
2019-04-18,194.37004573164947,199.615549046668,191.74730090349345,198.4966278076172,13927200
2019-04-22,200.51069422014325,203.69737985360598,198.272851650722,203.29457092285156,11191800
2019-04-23,204.3150400088252,207.6180980436492,202.3905007361902,206.4007110595703,10261400
2019-04-24,205.96204936185006,207.34056785893884,203.86743226018595,206.19479370117188,6104100
2019-04-25,204.56561872761108,207.77915667017106,204.207569458987,206.588623046875,5954500
2019-04-26,207.7970648447095,212.24589601836368,206.9466875810962,212.14743041992188,6186200
2019-04-29,212.5055638949909,213.09635771973913,209.60532813478974,212.55032348632812,5345300
2019-04-30,213.1142088851722,213.1142088851722,206.05157882343934,208.62957763671875,7632300
2019-05-01,208.62957683854378,210.01702819302946,206.19480322614064,207.62701416015625,4823200
2019-05-02,206.6871502463399,208.87128694854556,204.1628707351752,208.07461547851562,5499200
2019-05-03,208.42368550444732,209.37252849217535,203.35720705667416,207.62701416015625,4323100
2019-05-06,204.2434152815754,215.34312269148919,203.64367510821367,215.28045654296875,7180200
2019-05-07,214.10778149414165,217.6525157076472,211.6103420785906,213.0873260498047,5104700
2019-05-08,213.04261933343176,215.5579522754627,210.8316297123588,214.072021484375,3768400
2019-05-09,211.78944412702447,215.31627284109055,210.9569595183377,213.01577758789062,4299500
2019-05-10,214.80602712085886,217.17813470890192,211.58352845530348,215.3610076904297,4374400
2019-05-13,211.6551087109239,214.92236645897273,211.4313244949769,214.43003845214844,4684400
2019-05-14,215.40573932455973,215.71904269759463,211.50294196206642,211.63720703125,5329700
2019-05-15,210.35717930608834,212.6218746544319,208.22674903424513,211.3239288330078,5099700
2019-05-16,211.15385486368496,215.235677175599,211.0016832210318,211.95947265625,4456400
2019-05-17,211.40450642842814,217.01701931660426,210.93903135787477,216.06817626953125,4486400
2019-05-20,214.8328576760503,220.86608534625327,214.62698001188156,220.19473266601562,5390800
2019-05-21,221.10775635894885,224.84047551874346,220.9197852625583,223.7305145263672,5345300
2019-05-22,222.9785658180695,224.70617315785515,222.6294630382904,223.19338989257812,4038000
2019-05-23,221.97604390035022,222.12821553380024,218.76250571811207,220.6512451171875,3934600
2019-05-24,221.32260909390044,223.2113485894423,219.76506589638865,221.6627655029297,2973900
2019-05-28,222.44153354676894,223.15764584324822,216.60523676971584,216.67684936523438,6172700
2019-05-29,214.69858257507107,217.54511125014093,212.9530547610213,216.98117065429688,3958400
2019-05-30,216.55153278728997,219.62185967769054,216.03235170889639,217.96585083007812,2646600
2019-05-31,216.57837212836304,218.07324912546792,214.36738287321796,216.44410705566406,3285700
2019-06-03,216.16663347294948,218.234397704236,211.27023311651408,211.75360107421875,4999400
2019-06-04,213.1589674315992,215.77276570074568,210.20501274881997,215.51316833496094,4992000
2019-06-05,217.67045777576368,220.0157122924506,215.93388984926474,217.31240844726562,3194400
2019-06-06,217.63466341870134,218.3597222041009,216.38146342210737,216.4620361328125,2630100
2019-06-07,217.42874010479437,221.16147286969826,216.79320057642127,220.89292907714844,2837400
2019-06-10,221.17046537795983,223.48886707430663,220.1947692652636,222.1193084716797,2331000
2019-06-11,222.45943183115196,224.4018773141682,219.96199216819863,220.08731079101562,3043000
2019-06-12,220.38272257161216,220.6512663983616,216.89169379998881,218.86099243164062,3251800
2019-06-13,219.14744747929606,219.61290888626579,217.62570364828161,219.27276611328125,3107800
2019-06-14,220.02800132737804,221.26876511731206,218.29272923571722,220.61241149902344,2165500
2019-06-17,221.17885792024637,222.16787456122557,220.47756019998593,221.15188598632812,2270300
2019-06-18,222.52748786733736,224.18183034311878,220.41459512112223,220.9091033935547,3482500
2019-06-19,221.1788701604469,226.0070386677097,220.7383056834126,224.94610595703125,4204600
2019-06-20,226.2138037911895,227.31070804425062,222.4375688377966,222.76124572753906,3800800
2019-06-21,223.67834186618987,227.91311354038325,221.98802762488745,226.8251953125,6323500
2019-06-24,225.97100537194353,227.13983915403125,222.85112450307994,224.45152282714844,3163800
2019-06-25,224.14588128742818,225.71030824186562,222.45556702299078,222.67135620117188,3182700
2019-06-26,222.97705559960013,223.04898532835477,218.5984379705078,218.9041290283203,3852900
2019-06-27,219.6144262013592,223.1119288751234,218.62542323884335,221.48455810546875,3366200
2019-06-28,221.6283842248343,221.85315946238484,214.5704362780706,219.38961791992188,6727600
2019-07-01,221.13387409791181,221.33167740282744,216.43158000929012,218.15785217285156,4102700
2019-07-02,218.11291963703107,219.37166933398868,215.3706587006231,219.3536834716797,3863500
2019-07-03,219.66835233302186,222.5454726507134,219.41659144348148,220.4685516357422,2559400
2019-07-05,219.7312864481113,223.6603533136528,219.4345814804409,222.06895446777344,2965000
2019-07-08,221.5474982302519,222.95907977794855,220.17187468895537,222.8332061767578,1902500
2019-07-09,219.94708427412027,221.2507779936418,219.10192713038845,221.17884826660156,2774800
2019-07-10,221.91612522470433,223.97506056936476,220.71131940480697,222.509521484375,2753000
2019-07-11,229.99002252838068,235.28572650084425,223.9210912009934,234.8092041015625,10268800
2019-07-12,235.23178691572295,239.6283763115256,235.23178691572295,239.07093811035156,5336100
2019-07-15,238.31572298699209,240.64439142237762,237.58745332890723,239.12490844726562,2611400
2019-07-16,238.558467538068,240.1858656683386,236.6344055750431,237.95608520507812,3121600
2019-07-17,237.3626727836873,241.57945882480172,236.91312226705153,239.7452850341797,3995200
2019-07-18,238.83717069346844,239.61938406814087,231.30270093650344,234.30569458007812,5825800
2019-07-19,234.75526747214343,236.2118066454445,230.52948196087644,230.75425720214844,4413200
2019-07-22,232.093943060319,232.82221266818775,228.84817421382587,229.5584716796875,4104300
2019-07-23,228.7942461063867,230.25978521325126,226.59145126987528,229.27975463867188,2889300
2019-07-24,227.28372642017132,227.31969814144193,220.39662346957584,225.79122924804688,4864000
2019-07-25,225.79120653179518,227.24774555530243,223.23774962696285,223.60638427734375,3362800
2019-07-26,223.8941503602541,228.26378207150577,221.63739791374914,227.4186248779297,3362600
2019-07-29,227.32869474593429,229.54048925404018,226.87914424356413,228.20982360839844,2005500
2019-07-30,227.1668600729483,229.3246969674166,225.19782670416998,229.2078094482422,1908800
2019-07-31,230.45755586835637,231.21279735336373,223.40859418404676,223.88511657714844,3532400
2019-08-01,224.04696251144455,226.1958131812496,222.32967644583698,224.1009063720703,3613600
2019-08-02,224.4965135459192,226.18682768550818,221.2687444978245,224.8201904296875,2677600
2019-08-05,223.09394118328794,224.72131183952726,218.11291383409883,220.3336944580078,5812400
2019-08-06,221.1158672631735,223.228759765625,218.99400241024733,223.228759765625,3533000
2019-08-07,221.42158821882518,222.11388605193704,216.91708381288376,221.5834197998047,3205800
2019-08-08,221.34968335588255,222.68034903040277,218.8142118822769,222.63539123535156,2830700
2019-08-09,222.72528713768602,225.1528569447455,221.3047059986354,223.54347229003906,2535000
2019-08-12,221.88913101000705,222.9410912588532,218.50851616977354,218.66136169433594,2667400
2019-08-13,217.29474471220036,225.18886489919836,217.14189917329773,224.073974609375,2763400
2019-08-14,221.8351871447724,223.34568396730572,218.4905303082978,218.66136169433594,3464300
2019-08-15,219.69533856283442,220.51351006012104,217.0879373871078,219.6054229736328,2513500
2019-08-16,220.62139686564373,222.17683767739015,219.54246474361733,220.90011596679688,2810000
2019-08-19,222.51852757377716,223.41762863901158,219.461575720464,220.01902770996094,2672300
2019-08-20,219.56944688277846,219.92009570107223,215.7122961623555,215.92808532714844,3201300
2019-08-21,215.9550480336526,217.48351682453935,215.15484877894656,216.09890747070312,2761900
2019-08-22,216.0989260269474,216.0989260269474,209.19382336668662,209.43658447265625,4498200
2019-08-23,209.40061994008303,211.37865313931468,206.23579425969774,207.3866424560547,4826600
2019-08-26,209.0589746417387,210.89313470039423,207.206828721169,207.76426696777344,2918300
2019-08-27,208.33967428715832,208.95105635104406,200.13987797175264,200.4365692138672,4988100
2019-08-28,199.97802410470666,206.58642132545535,198.50349915112895,204.4105987548828,4847600
2019-08-29,205.3726126060496,208.8611282618376,205.0039779683627,207.3506317138672,4052500
2019-08-30,210.09294344083622,211.33370729612236,208.8521795855501,210.3896484375,3384100
2019-09-03,208.35763398557748,208.74424076228075,205.41757039197068,207.3506317138672,3382300
2019-09-04,208.54648857248816,209.44558963442532,203.64639052876925,203.85317993164062,4526100
2019-09-05,206.79324104553845,208.15087868914523,204.61741815562337,206.4246063232422,4256900
2019-09-06,206.94609641014014,208.55549504531967,205.52551504046207,205.89414978027344,4183200
2019-09-09,205.89416447212977,208.59146793683016,205.49855776890254,207.40464782714844,3895600
2019-09-10,208.09688898525656,210.65033210660914,207.53945084840657,209.00498962402344,4257600
2019-09-11,209.03202095317826,210.61443395992245,205.5165323381243,210.57847595214844,3168100
2019-09-12,211.28872207744462,212.5474579127825,206.52348432505116,206.8831329345703,4713700
2019-09-13,210.46938256546363,213.69430212449868,209.15952734965606,211.02944946289062,4523200
2019-09-16,210.31585216005988,213.23363964627333,209.7106015777231,211.7702178955078,2973600
2019-09-17,210.5417011647415,211.37277326098402,208.825344931812,210.04486083984375,2392900
2019-09-18,208.4910797231787,210.5958656464468,207.0728279126436,208.31944274902344,2960500
2019-09-19,209.57511118240834,211.3366233687584,208.8795347556328,210.34295654296875,2666700
2019-09-20,212.07735950000264,212.2851240598063,209.50283226912597,210.3790740966797,6220100
2019-09-23,207.56061311116855,208.47298232899382,206.25077174810886,206.6572723388672,3281200
2019-09-24,207.20833110762138,207.6238601847055,201.372743080634,203.25169372558594,5006800
2019-09-25,202.60128596245522,204.60670376431312,200.65910863674634,200.6952362060547,4658000
2019-09-26,201.4811723175449,202.01415398791048,192.80006468111304,194.65191650390625,10444400
2019-09-27,197.0909402006206,197.72328995159305,194.23639300866537,194.45318603515625,4834900
2019-09-30,192.9897246247469,197.4070605090362,192.51998355737828,196.31402587890625,5286300
2019-10-01,198.00330235944318,198.00330235944318,191.58054774040622,196.21469116210938,5523600
2019-10-02,195.25710804942852,198.1568380770367,194.47120596570926,195.7991180419922,4921200
2019-10-03,194.78739343974922,195.4468284059858,192.45677237421597,194.54348754882812,3375800
2019-10-04,195.88048652536818,198.60858058637592,194.3448093673847,198.55438232421875,3700500
2019-10-07,197.8768597283941,201.0204827224141,197.82266147082504,199.8551788330078,3843200
2019-10-08,198.27431411395887,200.52362430355896,197.2896619826587,198.83438110351562,4817000
2019-10-09,200.27973614141493,201.86961131513388,198.88858330350746,200.6139678955078,4483100
2019-10-10,197.0999590009441,202.46580631093295,196.49472223412528,202.10446166992188,5252200
2019-10-11,203.739484164985,206.7295538824098,200.1712906532154,200.6049041748047,5891600
2019-10-14,200.20742648961118,201.75213154306925,198.6446369767262,199.2679443359375,4075300
2019-10-15,210.19841565907106,216.6572981776335,208.7530645718944,215.5281219482422,13397700
2019-10-16,213.45039880453552,214.52537659840658,211.45402328782114,214.08274841308594,5368600
2019-10-17,215.6184617058205,220.96623867776387,214.3357191624321,220.11709594726562,6301200
2019-10-18,220.8216832672933,222.59223752041115,218.39169400764843,221.6256561279297,4922100
2019-10-21,221.33662192577805,221.86056137463078,218.7440238095679,220.3429412841797,3029200
2019-10-22,220.0899561915548,227.19021556740245,219.64731422884643,225.36546325683594,5660800
2019-10-23,224.38082238197612,227.41604804326354,222.88127333500788,223.8478546142578,3706600
2019-10-24,224.05563345255902,224.47117631501598,220.33387350277044,220.87586975097656,2546900
2019-10-25,220.33387227556577,222.29412028596292,218.743983541686,221.23721313476562,2815100
2019-10-28,221.55337650585463,224.38083783586615,221.24624391861485,223.1703643798828,2957100
2019-10-29,223.16132990322336,228.72591315615782,222.50189490561712,227.90386962890625,3528900
2019-10-30,227.79547366469268,230.6048644220257,227.6238366878443,230.1712646484375,3299600
2019-10-31,229.79194292015927,231.00241684137663,225.75400658222247,228.27432250976562,3960400
2019-11-01,229.43958036240235,231.553381162566,227.78646471572813,227.83163452148438,2919600
2019-11-04,229.11437240242958,229.29503783789366,225.75394292401882,226.96441650390625,3186400
2019-11-05,229.21374208222477,229.69251169234414,225.91653928013392,226.1062469482422,5393400
2019-11-06,225.57327345691235,227.6328897089478,225.01319269792802,226.3049774169922,3668600
2019-11-07,227.59672926755795,231.93276819705554,226.97342186230742,231.67079162597656,3646300
2019-11-08,231.95085154014177,233.36910348296288,230.35194794352236,232.13153076171875,2200300
2019-11-11,230.3970746864542,231.6707747436187,228.8433274017435,229.5298614501953,1765600
2019-11-12,229.07820962553336,231.03845767400261,228.9156148839855,230.5777587890625,1892500
2019-11-13,230.23451291991861,232.05023712527347,228.7169066781965,229.0601806640625,3289800
2019-11-14,229.26793407642177,231.3275365397382,228.96982991118298,231.10171508789062,2101900
2019-11-15,231.35463744370733,248.93367217736028,230.6771455151791,243.36004638671875,10136000
2019-11-18,242.99865984522611,251.5352408929199,242.99865984522611,246.5487823486328,6985200
2019-11-19,248.63551526035633,248.74391174651095,245.302185472233,247.72315979003906,4002000
2019-11-20,245.9346256457963,249.3492540561836,245.02224227166377,248.9246826171875,4141600
2019-11-21,248.6174318977128,250.8396423305999,247.43405777023187,249.81886291503906,3309900
2019-11-22,249.8008990975094,250.92103317622184,248.41878839569188,250.0809326171875,2802700
2019-11-25,250.92998642121754,255.64542612596924,250.23442398477775,255.3473358154297,4082900
2019-11-26,253.57678116097753,254.96793367306822,253.07995476197434,254.20008850097656,2998600
2019-11-27,253.84788888849477,254.6789472545346,251.75213094040612,253.54075622558594,2323900
2019-11-29,251.21907466034466,253.7665022582496,250.5234846212743,252.81797790527344,1520900
2019-12-02,254.54338939188085,254.74212548610586,251.6436729164949,252.62831115722656,2517100
2019-12-03,250.19829601262344,251.50815116588112,247.379877200306,250.1350555419922,3239200
2019-12-04,254.39890140967384,254.59763754285348,251.70696273125427,252.32122802734375,2694200
2019-12-05,252.24895726873518,255.48293381041668,250.65909569567822,254.7421875,3357300
2019-12-06,256.4832670059199,256.66464087441324,253.10084084226474,254.08021545410156,2828900
2019-12-09,254.60606874264613,254.6967556460286,251.56826503251435,251.6770782470703,2697100
2019-12-10,251.73151298110918,253.5451405563711,248.47605480436528,253.4725799560547,2515300
2019-12-11,252.36626569022312,254.50636061652168,252.12143593044445,254.36126708984375,2751300
2019-12-12,254.84185977028937,257.5260206449036,253.94412303905634,257.1814270019531,2996200
2019-12-13,258.41468293812034,260.99003034331275,257.64388581282805,258.8771667480469,3599300
2019-12-16,261.1351415805031,267.9090410078946,260.309937794913,264.8168029785156,4663600
2019-12-17,264.1004889842522,265.49699023199116,262.22340511819414,263.4022521972656,4409100
2019-12-18,263.8828634470152,267.38315206362637,263.8737864517728,265.6058044433594,3621600
2019-12-19,267.51005996618227,269.5050613134001,266.25865254599654,267.16546630859375,2905900
2019-12-20,271.0466076753057,272.0441082737276,265.25208255942937,265.3246154785156,6608300
2019-12-23,266.086421302052,268.2809233248914,265.5242010584675,267.59173583984375,2098900
2019-12-24,267.74589420777914,268.2627571242738,266.2042994320524,267.0929870605469,714000
2019-12-26,267.78212742982663,268.65268867887585,267.0929676998669,268.0995178222656,1050600
2019-12-27,268.42598977709156,268.9066000342449,267.51917588255594,268.38970947265625,1547100
2019-12-30,268.46225924509014,268.90661689944113,266.1045651104396,266.46728515625,1511700
2019-12-31,266.2949569709449,266.6848802824856,264.01884536501154,266.58514404296875,2224200
2020-01-02,266.5851977505172,268.14491898467145,262.78564476162575,265.24310302734375,2543400
2020-01-03,260.5004742607703,264.68090161548315,257.86164193205116,262.5589599609375,2711400
2020-01-06,261.1623832497166,264.4813251910332,260.4550695686991,264.3815612792969,3079100
2020-01-07,263.6107567761228,264.3271196824865,260.78147475271606,262.7855529785156,2492900
2020-01-08,264.33619707652116,269.66826613145776,263.0122568055106,268.326171875,3379200
2020-01-09,266.8662179772376,269.50504922892276,266.3493275140319,266.802734375,2838200
2020-01-10,268.4803061581847,268.4803061581847,264.97999131140773,267.6278991699219,2477900
2020-01-13,266.93878188221674,267.0113424856986,258.46006706323476,259.2127380371094,6994900
2020-01-14,258.98603080429035,261.3800048828125,257.76182662068,261.3800048828125,6056300
2020-01-15,262.08732866189257,271.7177149837358,262.069202347468,268.7886962890625,6081300
2020-01-16,270.2304881919679,272.9418523554725,268.3533771524223,272.71514892578125,3710300
2020-01-17,272.05317804682556,272.67888169315154,268.3080331611739,270.65667724609375,4632200
2020-01-21,269.2239619196799,274.34745434644526,268.42596134919927,272.5247497558594,4962800
2020-01-22,273.8487270695214,273.97569430183245,269.6411248676323,272.5791931152344,3117600
2020-01-23,272.05317696266343,272.5700397205519,269.0062686526414,271.5544128417969,3169600
2020-01-24,270.53881847612666,271.9806490583967,264.3906221848619,265.5241394042969,3678500
2020-01-27,261.1624059612457,261.23493889755645,253.97137829991902,257.61676025390625,4399400
2020-01-28,257.45348780980356,261.4978692718895,256.9003170475768,259.2308349609375,4341000
2020-01-29,257.53515956249294,259.5210843096401,254.71498148590254,256.53765869140625,3963800
2020-01-30,255.5764011594478,255.5764011594478,250.20807889588497,254.7965545654297,4211800
2020-01-31,252.24836121139379,252.80150424575095,245.9097150798909,247.06138610839844,5532600
2020-02-03,249.49170045046,251.05142138861385,245.5833349477992,248.48512268066406,5646800
2020-02-04,251.44134630868848,257.0817296319015,251.07862629898688,254.6696014404297,4290200
2020-02-05,258.98605925076555,269.32373233072747,258.84096570374237,268.1720886230469,5761000
2020-02-06,269.3236680072238,269.56849774285934,262.97597212826565,265.20672607421875,3044000
2020-02-07,265.57851054414044,266.0500713556465,261.98753622126264,262.2686462402344,3425900
2020-02-10,259.55733587504363,262.33218401677345,258.8500221854608,260.28277587890625,3147400
2020-02-11,260.1195644639854,264.399727042597,259.25808021692126,263.6924133300781,2992200
2020-02-12,267.5100686987383,276.5782066207294,266.6123319000646,275.1998596191406,6701900
2020-02-13,272.171089443037,277.39431777181045,272.171089443037,274.03912353515625,3565500
2020-02-14,274.0482313642013,275.6442327443375,269.60484862042944,270.9378662109375,2485600
2020-02-18,271.7449705018959,275.08203946548286,271.13739292990954,273.98480224609375,3241700
2020-02-19,275.10015365867093,278.12890904174094,274.519807099775,276.859375,3021100
2020-02-20,274.9460055932512,275.8165392520597,270.13082564712255,273.9757080078125,2885500
2020-02-21,272.4703782551429,274.3202863911312,270.78368998221595,273.3409118652344,2987100
2020-02-24,260.1558510732393,262.0601381097263,251.76782256211672,251.90383911132812,8790600
2020-02-25,254.04390001926322,255.70338489784433,237.59431081601002,238.84571838378906,8171200
2020-02-26,240.05177114968905,244.68557678785407,234.6018108814342,238.49205017089844,6806600
2020-02-27,234.33882394872552,237.72122156106454,228.5805510401096,230.25814819335938,7604300
2020-02-28,223.2575800444384,233.14185988453997,222.44145306688162,231.20127868652344,9961000
2020-03-02,233.35948233428797,247.7778176012634,226.9936588107969,247.65992736816406,8866300
2020-03-03,249.69120212388194,254.22527142820607,235.07336711454303,237.0411376953125,9188100
2020-03-04,262.97601309191595,268.2718025864327,255.91192554331076,262.4500732421875,14533000
2020-03-05,255.35881782543424,262.4501096664034,253.8535033241756,256.5920715332031,5908400
2020-03-06,249.754616885278,258.41467579968884,246.5626152637738,257.41717529296875,5361900
2020-03-09,239.8159991160153,255.21370928488554,235.08242939440248,247.95919799804688,8070700
2020-03-10,253.65393018409875,257.4444048220425,247.1067341395787,253.9078369140625,7366000
2020-03-11,249.15616197303135,258.65955263520755,247.79594130890214,251.8947296142578,7744600
2020-03-12,235.77158188444608,246.86192433333355,226.7034441196597,227.0752410888672,10496600
2020-03-13,237.6944662960354,248.83284724152438,220.64539453550327,247.7581787109375,9308400
2020-03-16,222.1481821763856,223.75108305892505,203.9606637172935,204.953369140625,10303500
2020-03-17,210.21742204079968,226.5561177227449,207.91323257742096,222.42135620117188,9642200
2020-03-18,205.5999244371485,210.79114898576677,182.32137043200754,197.68557739257812,12917500
2020-03-19,197.6127621114764,205.93694203889078,190.29040377469457,200.18106079101562,8065200
2020-03-20,203.2593332360301,211.8749561420778,185.29951905203453,188.15013122558594,9364100
2020-03-23,184.0062672852186,187.3851254801652,170.96445192650407,177.46714782714844,10654500
2020-03-24,184.097356434461,200.6091105709388,181.23762759016725,200.18106079101562,8894400
2020-03-25,199.53438470886027,225.41766072718528,196.7201963463631,213.559814453125,10014000
2020-03-26,213.14089991081877,234.93494426572786,211.56532050590118,232.59434509277344,7517600
2020-03-27,221.2556251946367,229.14265287716083,216.97514131900564,220.80935668945312,4879500
2020-03-30,220.98240249938283,231.4103939294764,220.98240249938283,228.85121154785156,5329000
2020-03-31,221.74741865484364,231.81111873637892,221.31026646404828,227.1208038330078,5450000
2020-04-01,217.38497998598618,224.59805395571755,214.42506889742734,216.13726806640625,4548800
2020-04-02,214.29754748766567,220.39951474462026,205.8549671433229,218.978759765625,4636800
2020-04-03,217.04798553888807,217.97693213961594,206.98428618980338,209.00613403320312,4650300
2020-04-06,218.57801650485615,227.0388011124659,214.13359238894296,226.17359924316406,6365900
2020-04-07,236.6197775852384,242.90388919167276,224.5342324214241,225.9003448486328,4984100
2020-04-08,225.58165406169562,245.13528295399843,224.27928597246267,243.92398071289062,6390200
2020-04-09,241.3465706344486,246.2645706660088,238.25005415484648,240.55422973632812,4923300
2020-04-13,238.66900670745474,241.31015251062848,235.13532388661946,239.98959350585938,2964900
2020-04-14,244.9895240092674,248.69624950025099,243.16804055938437,246.3556365966797,4778900
2020-04-15,251.66524599038615,257.7307891502607,246.51956085703904,256.5377197265625,7841800
2020-04-16,258.14062415912895,273.22250416557847,255.01678686530713,271.7926330566406,7738900
2020-04-17,274.1241519030908,276.8654934791993,261.473963380694,264.6251220703125,5857500
2020-04-20,259.834676801547,263.2135495720965,256.1643877194139,256.9567565917969,4072600
2020-04-21,250.40848128960764,255.00771648737214,248.86020903633727,249.71630859375,3977500
2020-04-22,254.62516732074062,258.4867312568646,252.01134293408452,252.29367065429688,3663300
2020-04-23,254.15159755203138,262.7125646797876,253.6780218346573,259.8619384765625,4420500
2020-04-24,261.64707114351506,265.84557832919825,258.6507222479309,265.2900390625,3265000
2020-04-27,267.0386096702277,270.36281185919484,264.68890792982427,267.7398986816406,3706200
2020-04-28,271.4010862548127,271.62877172985867,260.12609708355365,262.62152099609375,3862900
2020-04-29,265.9366475646675,266.61970402245345,260.56327565547895,261.97491455078125,4258400
2020-04-30,261.0640408799154,268.66873783149794,260.03489855581824,266.36456298828125,7631700
2020-05-01,262.6488252406426,263.20436436427417,254.6433975180727,259.1151428222656,3526100
2020-05-04,259.09688557162053,262.2389554113694,256.92931597708423,261.8746643066406,2894200
2020-05-05,264.0787189066545,269.5796078766258,261.64705354869096,266.8838195800781,2501300
2020-05-06,268.75997718330814,271.1096793790178,262.6944319605087,262.9949645996094,2579200
2020-05-07,265.08049420434656,266.2007165738496,259.1242353170718,259.5614013671875,3162300
2020-05-08,263.65064230543084,264.11512953063755,260.1625133411738,261.3829040527344,3200000
2020-05-11,260.0714015766345,264.2061767396209,259.7981901799393,262.9220275878906,3490700
2020-05-12,265.7271141109849,266.98394219055706,262.0204162597656,262.0204162597656,4214300
2020-05-13,259.0968767548074,260.83639659884506,250.9639606904071,253.18617248535156,5474100
2020-05-14,251.30102964188634,266.34650504544356,251.03693447724567,264.67071533203125,5704600
2020-05-15,266.3099663787158,273.22249209344443,264.7708107830991,264.9893798828125,12182800
2020-05-18,271.8381606836548,272.9674713650111,265.9547499814778,267.1751403808594,4015100
2020-05-19,264.7890950220628,268.33189440632356,263.09512840399447,263.24993896484375,3059400
2020-05-20,266.7561987639855,266.7561987639855,261.1096177385542,262.2844543457031,3200600
2020-05-21,260.5085929168567,264.23352355309544,259.4976550635955,261.3009338378906,3604900
2020-05-22,261.65614433083874,264.33372781788,259.37020099530463,264.0605163574219,2922800
2020-05-26,270.03491483351473,270.51760682417,266.3919480229445,268.5686340332031,4567800
2020-05-27,270.87275833814624,276.6832659583996,264.8436260571947,276.65594482421875,5618900
2020-05-28,278.64147463395403,282.0203190486515,276.21889802545786,276.83819580078125,4387700
2020-05-29,277.52121704975906,280.8454187572895,273.9966510527912,277.6396179199219,6251500
2020-06-01,276.88370982111184,278.6687837462857,273.7325510004716,278.62322998046875,2894000
2020-06-02,278.30447828734674,280.59956550423357,274.79814445023214,278.9693298339844,2756800
2020-06-03,280.37188638196517,282.4392603927213,275.71798103758465,278.09503173828125,4360000
2020-06-04,276.11863419767496,277.2934986548691,268.0221557507052,271.4738464355469,4374300
2020-06-05,276.8654732142569,286.2278966572569,273.6778773055401,284.0148010253906,5554300
2020-06-08,281.0913644951307,287.6486888256575,280.4447178011082,281.85638427734375,4635500
2020-06-09,282.23876537664944,284.7433043249304,279.8981532163319,281.6103515625,3061500
2020-06-10,281.3645887874122,282.6123006723803,275.82726278629394,278.4593200683594,3296100
2020-06-11,276.28265626565326,276.28265626565326,255.7363207177674,258.4048156738281,6638900
2020-06-12,264.7070464420941,267.8491161503001,253.82370075319366,259.6979675292969,5416800
2020-06-15,253.20449563307994,261.3829692767895,249.2791996071533,260.72723388671875,4494600
2020-06-16,269.0695633203071,271.00944782799877,261.78362881998714,266.84735107421875,4245400
2020-06-17,268.75991729972344,268.75991729972344,265.2353508946628,266.4830627441406,2538000
2020-06-18,264.50677800628574,265.7362851981561,261.01864856516346,265.46307373046875,2926600
2020-06-19,269.3045915268729,271.21623648176745,266.08498337863017,266.3868103027344,5172800
2020-06-22,265.0605562405814,267.99662061658495,261.8317926104372,267.6947937011719,2174100
2020-06-23,268.9204902209235,273.7407615788452,266.23137464140996,272.2041320800781,4023400
2020-06-24,268.90206463474937,271.7466842341855,261.2006092657237,264.5025329589844,3399900
2020-06-25,263.6794271326968,271.4540737960743,261.64887124055167,270.9418640136719,3112500
2020-06-26,269.9540626069343,271.2711536538409,261.42938375680893,262.39892578125,5043200
2020-06-29,263.83490368503163,267.3380553426693,262.1610525419977,265.0331115722656,2356700
2020-06-30,263.94471015361177,271.15227002474614,263.11236220774805,269.7802734375,2932900
2020-07-01,270.5851136358086,274.7651359704888,270.04546507623354,272.322998046875,2303800
2020-07-02,274.8566702689672,277.21649229423036,271.8199775621341,272.8078308105469,1971700
2020-07-06,277.1433624745754,277.59153917798926,273.78653124787854,276.9695739746094,2395000
2020-07-07,275.0029875459907,277.65550858531924,270.6949262618625,271.3351745605469,2075700
2020-07-08,271.97546939648635,275.1950780886436,270.44796754148933,272.8992614746094,1987400
2020-07-09,269.91737736476585,273.0729517135071,262.96592472840916,266.3135986328125,3061700
2020-07-10,269.13080602001367,269.13080602001367,262.6001176435708,266.377685546875,2391600
2020-07-13,267.16426586837434,278.53353530454086,266.8715666218431,274.1340026855469,4263300
2020-07-14,272.39618302501907,283.3081218284163,271.3900466751374,282.1922302246094,4234900
2020-07-15,275.4236777038409,284.17702074193187,273.17361160174113,278.1219482421875,5116900
2020-07-16,278.981811071054,284.3234480758362,277.2896762665343,280.9391784667969,3844500
2020-07-17,282.7136088841119,284.4331823786829,280.1159654035219,280.3720703125,3016500
2020-07-20,280.60984283415837,282.2653828331829,276.57617028924113,277.5639953613281,2375500
2020-07-21,279.0000508076613,280.801940598393,277.24388306667504,279.0732116699219,2340200
2020-07-22,278.8446082432152,280.7196872308254,276.05489266182724,280.5367431640625,1935800
2020-07-23,281.8995801197828,282.173968275297,275.56093459398033,277.1158752441406,2367700
2020-07-24,277.44511447022285,278.31405673506913,273.6950131082708,275.12188720703125,2415700
2020-07-27,272.9632081957488,276.3474766244651,271.9936664560626,273.11871337890625,2060500
2020-07-28,272.46937097553973,275.67982379646156,271.8473780162857,274.33526611328125,2257400
2020-07-29,275.7346979614889,283.3172729864498,274.39929587065353,280.5092468261719,2672700
2020-07-30,275.9359990005838,280.30809450048116,273.38410496433545,279.1830749511719,2205300
2020-07-31,277.54566771997156,277.8200557757238,272.6156149827426,276.9419860839844,3913500
2020-08-03,277.68294967176104,278.890313326028,273.6675876467472,277.70123291015625,2628500
2020-08-04,276.1462515185454,282.50315048971345,274.4632728647973,278.5152282714844,3594900
2020-08-05,280.6464253878801,286.25332182323353,278.9908852939835,285.8051452636719,2982200
2020-08-06,285.3752845900708,289.25345260223065,283.91181600950466,287.2594909667969,3305300
2020-08-07,286.60092994749976,291.77793362409886,286.60092994749976,289.9760437011719,2600800
2020-08-10,289.9485841460276,293.1224703950114,288.64974855347265,291.869384765625,2563600
2020-08-11,295.3634451560591,296.87263585805056,287.8083081563399,288.6223449707031,3018200
2020-08-12,290.86331349869033,295.70189656099336,290.53404767426747,294.7689208984375,2915800
2020-08-13,293.3145710012672,294.40302386257315,290.7169274733912,294.0828857421875,2159500
2020-08-14,293.1865611811455,296.28725926341326,291.53102070007014,296.076904296875,1787200
2020-08-17,294.01884427434067,296.1682830038849,292.0980437016934,293.1590576171875,2772500
2020-08-18,294.50360675169713,295.1347273204527,288.7686440106867,289.7747802734375,2520000
2020-08-19,289.7382543156723,292.2261427923455,288.2839411569568,288.48516845703125,2066700
2020-08-20,287.9637322084729,288.37534228439665,285.38440024958663,286.59173583984375,2245600
2020-08-21,284.7166570854418,288.3753137058732,283.6282045077967,287.3326110839844,2488500
2020-08-24,289.77473742928146,289.85705385042604,280.3353970180286,282.48486328125,2922200
2020-08-25,285.5581632987153,285.70448500128833,281.53361864457867,285.5764465332031,1879300
2020-08-26,284.44223039080714,284.7897792753666,277.70113303557446,282.466552734375,3178900
2020-08-27,283.9209089863779,287.9088313779848,279.42074897817116,285.0733947753906,2321000
2020-08-28,285.68626225477664,288.8693042697164,282.60384783416356,287.54302978515625,2883500
2020-08-31,288.0186655212376,292.2901323293924,285.86919875374736,285.8783264160156,4341600
2020-09-01,283.69229180320934,287.8631589128957,283.5459421608803,286.1344299316406,2487100
2020-09-02,285.8874639159011,293.8633375203378,285.8874639159011,292.9120788574219,2846500
2020-09-03,294.5218649469588,296.1865604480334,286.9576022531777,289.2442626953125,3872500
2020-09-04,289.47295000272777,290.7077244015124,280.46350161626174,285.375244140625,2901000
2020-09-08,284.48806999771693,284.8813689943612,277.9024750879739,281.0306396484375,2594500
2020-09-09,283.253213212517,288.411932889342,282.10075525904494,285.3935241699219,2195600
2020-09-10,286.0429443579621,287.607012318996,277.8018110112618,278.6067199707031,2421200
2020-09-11,280.1864853012877,281.4630931581727,273.04107453888906,276.8893127441406,3085900
2020-09-14,278.29439364384257,285.7428718562266,278.29439364384257,283.40087890625,1795500
2020-09-15,284.76021803254724,286.05521227882036,281.0864850314972,282.1702575683594,1468300
2020-09-16,283.8601488607481,286.7807596380224,281.22425012619425,281.51812744140625,3438200
2020-09-17,279.6629931601122,282.3080860528645,277.46792370106937,280.1038513183594,2394100
2020-09-18,280.1313176146285,285.07249268541875,278.992441394202,282.8957824707031,3795400
2020-09-21,275.96166532516514,276.01676908300357,267.87026988501145,274.78607177734375,4124700
2020-09-22,274.0971920407317,276.0993695846698,269.02745113346106,270.2581481933594,3163600
2020-09-23,270.93789421409144,271.9481767134446,268.026447560733,268.3111877441406,3709900
2020-09-24,268.3570924486879,270.87359132438826,266.0150981840554,268.78875732421875,2869100
2020-09-25,267.49373481687434,278.53329448631604,267.466182935281,277.82611083984375,2455800
2020-09-28,281.3987425575039,284.72346603196087,278.12909480069413,278.4964904785156,2575700
2020-09-29,278.9006616389928,280.5813823003261,276.154526923151,279.34149169921875,1797800
2020-09-30,279.2220475818202,288.86559605085614,279.19449570732866,286.33990478515625,3497300
2020-10-01,287.3869523455233,289.4626204648316,283.93363434774136,287.5339050292969,2731200
2020-10-02,286.64301389847435,291.5015334858215,283.20805459242706,286.5328063964844,2338000
2020-10-05,289.3708828235206,292.44764100774523,287.5799260813747,292.19964599609375,1638600
2020-10-06,292.9343109152036,294.17417344188146,287.9196449395718,288.8013610839844,2434400
2020-10-07,290.0595692178639,298.25197736284406,290.0595692178639,296.81005859375,2596600
2020-10-08,297.04885234968174,298.8122564807767,294.8078730300034,296.112060546875,2056700
2020-10-09,298.1785103981122,301.4022197296939,297.4988788349193,301.09912109375,2028900
2020-10-12,302.2747764944756,306.35262276793924,302.17376228064944,303.0554504394531,2424200
2020-10-13,301.7053086974173,306.48117258829313,300.9797386154713,304.38714599609375,2713500
2020-10-14,295.7998347777751,303.60651822681797,294.0823689035235,295.5977783203125,4455400
2020-10-15,292.84250688675854,300.3001819079515,290.5280366882061,298.095947265625,3172200
2020-10-16,298.91327356881544,305.2412920275322,298.2428352437242,302.9911193847656,3293300
2020-10-19,301.74214499707426,303.7994270343102,295.79068592431446,297.7745056152344,2482100
2020-10-20,299.97861898879415,301.81548521543874,296.91105575370017,297.03045654296875,1988600
2020-10-21,297.0304836680359,299.8592455829176,295.9008007452784,296.4610595703125,2139000
2020-10-22,296.02942452061586,301.30122263188474,295.9651274635615,299.1612854003906,2100600
2020-10-23,302.31148710199267,308.2721098301579,301.3655019907453,303.634033203125,2349500
2020-10-26,299.70317761901094,301.0165305832309,292.5577672742795,296.7090759277344,2408500
2020-10-27,296.7089976084335,297.1131104181949,293.3750809420791,294.36700439453125,2427700
2020-10-28,287.77274039468136,291.8873323385858,282.3631819519638,282.87750244140625,3301400
2020-10-29,281.58243403928265,284.23671946554083,276.8708671949954,278.9097900390625,3279200
2020-10-30,278.4965215693543,282.1151507787035,275.1626044222529,280.250732421875,3556800
2020-11-02,287.13902828441366,287.13902828441366,282.28967308168063,286.64306640625,4519000
2020-11-03,291.5750240769814,299.8133719896676,289.3248512559046,295.1385498046875,4043900
2020-11-04,317.0706796642613,331.04003972821073,313.3142915247299,325.6396484375,10344900
2020-11-05,328.8633991621148,331.5360432717036,321.1577307736235,325.49273681640625,4786500
2020-11-06,321.78222494308267,323.2884687625186,316.4645171856151,319.1187744140625,2994900
2020-11-09,336.4313372169595,337.9375814497311,320.51489869407516,321.4516906738281,4635300
2020-11-10,320.98323675295063,326.87039741721554,319.77092612983324,324.8406677246094,3733200
2020-11-11,327.10917422417555,327.7061502027907,320.90975007966125,323.0129699707031,2048200
2020-11-12,322.73745988972905,331.11356720177093,321.22205053220415,325.501953125,2907300
2020-11-13,327.752058893819,328.7439824475009,324.0140570645794,326.6591491699219,2442100
2020-11-16,329.67166057684886,330.25025004068726,322.379297571348,327.71539306640625,2790100
2020-11-17,323.6467551418645,324.53760862124665,319.15560241966864,323.3804016113281,2557600
2020-11-18,324.6018320982921,325.17125618538614,315.1052363799771,316.409423828125,2722500
2020-11-19,314.3705749560053,315.0869518837308,307.05982494362814,309.5120544433594,3935600
2020-11-20,307.6752075459656,310.1182439006298,304.65355362988544,307.3996887207031,3702000
2020-11-23,308.18027846884,308.83238628350995,304.5432904975778,307.7302551269531,2535700
2020-11-24,308.75893170181695,312.267353994087,307.1516732621415,308.6028137207031,3759700
2020-11-25,311.18357071718174,311.18357071718174,302.29314329185166,306.0127868652344,3145100
2020-11-27,306.3250416851102,311.2570237681066,304.7728872456102,310.3753356933594,1558600
2020-11-30,307.77620062637305,310.3753828223498,303.34937297723934,308.9058837890625,5265700
2020-12-01,316.6483314061264,325.2173322984068,312.20311629680305,313.3603515625,3817700
2020-12-02,313.8929263978248,323.13236278700305,313.6449595068719,319.2106628417969,2864300
2020-12-03,319.52288109050966,323.9956459598401,318.22788701068964,320.2392578125,4169200
2020-12-04,318.9212625758862,323.9631692105633,318.69082813760883,322.5068359375,3255100
2020-12-07,321.4283290607984,322.5067744030182,318.20224754045336,320.6356201171875,2999400
2020-12-08,317.76902975398195,322.5159726509356,317.15145320038283,320.6356201171875,2471200
2020-12-09,321.5851144636222,322.06440799298844,314.87483627726266,317.4557189941406,2600400
2020-12-10,318.14699055776185,318.42350061838437,312.7087437083001,313.0682067871094,2896900
2020-12-11,311.6671948093251,312.35849813269624,308.164574426722,310.6901550292969,3071700
2020-12-14,313.4185022542543,316.3680744588351,309.5748432606578,309.82373046875,2479000
2020-12-15,312.59811957582,314.3217644776307,310.6624648883682,313.0866394042969,2616500
2020-12-16,310.4689303447288,314.92093966459623,308.10008558037674,312.7825012207031,2365600
2020-12-17,313.21566809266534,315.7873240082076,310.9113239713696,314.93011474609375,2525700
2020-12-18,315.71350037796526,315.7964533727334,307.8603074521042,311.89752197265625,8742700
2020-12-21,306.08140875900415,310.5794927061753,303.62035701286294,309.7775573730469,2892700
2020-12-22,308.92963687671903,310.6072063827473,307.37189778243635,308.7913818359375,2069700
2020-12-23,310.15551647566684,314.9116864875092,309.7315250005422,311.16943359375,2348100
2020-12-24,310.10942355185404,314.6904608911124,310.10942355185404,314.1189880371094,1360600
2020-12-28,316.34957228858957,320.57114649540034,316.211317266358,318.8751525878906,2308200
2020-12-29,320.7553941447756,323.79714449274263,317.99940827440605,320.1654968261719,2275700
2020-12-30,319.9166625153562,321.6956373986234,317.51094096646483,317.990234375,1866000
2020-12-31,318.0363390484707,323.6128400956332,317.12379972625996,323.23492431640625,1969000
2021-01-04,323.9447080169742,324.525379107359,313.74106549077237,322.1473083496094,4203800
2021-01-05,321.4006048194057,323.8616278374829,317.52009837966625,317.8150329589844,3160500
2021-01-06,310.7269408585447,331.3554323177444,308.8834657058613,331.15264892578125,6561400
2021-01-07,330.47984534538887,337.77079398329477,329.9083724677188,336.4619140625,3366700
2021-01-08,338.2776232821424,338.7292656034389,330.6825161640158,334.9501647949219,2947800
2021-01-11,334.24049054816294,335.7798047471154,331.07893726933935,332.516845703125,2695100
2021-01-12,329.92673381314796,331.8992375006116,327.4288329824583,329.4013366699219,2372500
2021-01-13,328.17549134176784,328.88521922859223,323.7419353529469,327.2537536621094,1974500
2021-01-14,328.92206806842836,330.72866588760775,322.9953020535518,323.0966796875,2919900
2021-01-15,321.7970759929391,325.41949856806417,318.68159792424285,323.80645751953125,3777000
2021-01-19,328.33217593861514,329.0234792087678,324.0461012895088,324.6268005371094,3361300
2021-01-20,324.34096953427957,324.5253001417204,318.7644412368095,323.3823547363281,3036800
2021-01-21,323.35480515623703,332.6459370645104,323.2902767652567,327.2168884277344,3749800
2021-01-22,325.6590704613201,326.8665443233284,320.34065526857484,320.349853515625,2585100
2021-01-25,319.9812188686294,322.96766797592437,317.6307991179738,320.5895690917969,2506300
2021-01-26,323.0782038790923,323.9999413327391,315.7596062468009,316.25732421875,2467500
2021-01-27,310.66243633459004,311.5472965195351,303.2608848235098,306.92938232421875,4770900
2021-01-28,310.2938030651049,319.4558502264503,308.3304971986726,311.68560791015625,2769900
2021-01-29,310.1923734312324,312.48749120207907,304.75412686593734,307.4732360839844,3899200
2021-02-01,308.80970953255724,311.6855259949403,306.69892280849956,307.8603210449219,3020200
2021-02-02,310.7177879442953,317.6676981600779,310.7177879442953,312.21099853515625,2663700
2021-02-03,311.54726995532866,313.538226298594,308.41336813191305,311.4458923339844,2537100
2021-02-04,306.31184363820745,309.04940541441954,302.6894216489447,303.546630859375,5962200
2021-02-05,306.1182194182619,307.3810233879404,298.1636486349888,299.113037109375,7227900
2021-02-08,301.41741155025846,301.42660979809705,298.46784007670055,298.95635986328125,4758200
2021-02-09,298.55080041483154,305.13202032354786,296.5321928380706,303.8323669433594,4096900
2021-02-10,306.6252047352292,309.48259665402577,303.96136981816767,307.3072814941406,4122700
2021-02-11,308.7820593990968,310.3029206329845,305.5559781814943,307.00311279296875,2776700
2021-02-12,305.72189628743683,306.3855484322251,302.2193049355638,302.5511169433594,2760800
2021-02-16,301.73999897501335,304.0259182869568,297.24194323865765,299.2144470214844,4339000
2021-02-17,298.14521181193044,302.8829561900869,297.02069090682227,301.27911376953125,2620000
2021-02-18,300.3943150809042,303.7863031141878,299.74911555923984,302.7078857421875,2383500
2021-02-19,303.02120909713074,303.11338847478675,298.7443335108253,299.17755126953125,2313800
2021-02-22,296.3386557307359,303.29776376604485,295.27866305458434,301.9981384277344,2688300
2021-02-23,304.1641567317642,307.80503120549747,301.07635852780965,303.72174072265625,3225700
2021-02-24,302.7815841208144,307.49167802241845,300.5233438119687,306.21044921875,3360500
2021-02-25,305.09517221501926,307.49169580992015,301.74003355631766,303.1318664550781,2780100
2021-02-26,304.6803513638739,311.46435470335655,304.0351519236475,306.21966552734375,5430000
2021-03-01,308.1921303932256,312.38605280586484,307.5653556576649,308.4594421386719,4198900
2021-03-02,308.7820989023375,311.24315069431736,307.7589836587366,308.4502868652344,2568900
2021-03-03,307.2336103464847,311.6948173436017,306.73586412294964,306.8188171386719,3039700
2021-03-04,308.01711242981946,314.1650873928299,306.63450582216626,307.6852722167969,4991600
2021-03-05,308.8097402878179,321.03198959939095,308.80051391067474,319.93511962890625,4563100
2021-03-08,319.8521679205558,326.29510462926464,318.5525145520371,322.7648620605469,3419900
2021-03-09,325.2997243768617,332.97778805396126,323.84336286637415,324.43328857421875,4277600
2021-03-10,326.2121891454965,326.73758637964727,321.2255848685889,322.239501953125,3012300
2021-03-11,323.30871340442326,328.1109587781615,322.48835337794907,325.465576171875,2520500
2021-03-12,326.68658317480816,330.0628721838278,325.5950472843057,329.3228454589844,2088700
2021-03-15,330.15542931328457,331.0989317733164,325.1880891469468,327.3433837890625,2343400
2021-03-16,327.0195381044684,328.71229788628614,325.52102296633757,328.0093078613281,2904200
2021-03-17,328.53661885878205,331.21914878372445,325.44705304943056,325.77081298828125,2633100
2021-03-18,326.4090598196722,337.0004611038184,325.9188044688357,334.9006652832031,3311600
2021-03-19,334.7804649221082,342.6800496600204,332.08867573449385,338.1659851074219,8572900
2021-03-22,337.6294967386136,340.94102842279176,333.10617294465084,339.3500061035156,3505200
2021-03-23,341.19076431861583,343.67904945841536,339.68298987749574,340.86700439453125,3100100
2021-03-24,338.60071718993424,345.7695620082167,338.10123090821685,342.8095397949219,3407800
2021-03-25,342.80950942616863,344.20625858089494,336.1401797095582,343.26275634765625,3021500
2021-03-26,343.80861116898217,348.7851825295386,342.52285857805765,348.2486877441406,2959800
2021-03-29,348.13758753617344,351.96715169859397,346.87032530427473,350.6351318359375,2740400
2021-03-30,349.23839762461523,351.3936921848185,343.91957667038787,345.547607421875,3066000
2021-03-31,344.8445829706441,348.7296460216913,343.91957064697914,344.1693420410156,3356500
2021-04-01,344.2895368629164,344.7427837874933,338.33245630077363,339.5442199707031,2977700
2021-04-05,341.9030463887833,344.68734248239934,340.0715400768986,342.4210510253906,2709400
2021-04-06,341.1260608711769,342.06033239872596,335.52048816415703,337.0467529296875,2698600
2021-04-07,336.8802783053551,338.44355156651295,333.51321951851077,338.2215576171875,2158900
2021-04-08,335.8811308018618,339.396193726883,335.8811308018618,337.5276794433594,2426700
2021-04-09,340.7282022182871,348.3687827338646,339.4794302758066,348.08203125,2483200
2021-04-12,346.39864866390036,351.34744234843504,345.9823817983144,348.06365966796875,3057300
2021-04-13,348.0358244993976,350.86635944496925,346.25978873495524,346.41705322265625,2652300
2021-04-14,347.19404936924997,349.6638441763316,346.4910311173662,347.4623107910156,2805600
2021-04-15,351.5046563934094,362.9377942987477,351.5046563934094,360.7640380859375,4488300
2021-04-16,364.380845487228,364.380845487228,356.55522136518135,361.6890563964844,4532400
2021-04-19,360.7547558268855,363.89056071597946,359.3394882985761,360.60675048828125,2965400
2021-04-20,360.6252908796544,368.04390778056415,360.21831142813073,366.7951354980469,3348100
2021-04-21,368.9503836093501,371.3739394898957,365.7868574272805,368.9041442871094,2473300
2021-04-22,368.5619000339123,368.857910742466,363.7055854989213,366.80438232421875,2718600
2021-04-23,365.95334672525786,371.8456703199432,364.9173375080561,370.2916564941406,2263200
2021-04-26,369.8291330432604,370.004887623212,365.5740711897669,366.1753234863281,1642300
2021-04-27,365.0653637563869,366.61011851467526,362.88232001305306,364.9173583984375,1758500
2021-04-28,365.5463642364402,367.2206342882735,363.80733654679017,365.0006103515625,1886500
2021-04-29,366.99861213604817,372.0029318226142,366.5823453296846,371.43865966796875,1996500
2021-04-30,370.92987446010744,371.7253713640791,368.4785978931673,368.89483642578125,2328100
2021-05-03,370.9299391881422,376.267250095767,370.49518226990335,375.4624938964844,2568500
2021-05-04,375.0739189268421,381.53974451486545,373.242384794361,380.4944763183594,3237200
2021-05-05,379.71757172555635,381.7988495242957,376.29501472041915,381.5675964355469,2767600
2021-05-06,382.03001984815563,385.59132228917645,381.62301224180294,383.852294921875,3058700
2021-05-07,383.8801133750148,387.5986527444959,383.01985869111877,386.3313903808594,1851000
2021-05-10,387.82988657703453,394.03673927046646,386.8586349794367,389.32843017578125,2489300
2021-05-11,389.43011637893267,390.62338996035487,379.81922656012074,380.8275146484375,3024000
2021-05-12,378.59832042894544,380.0413374663184,374.3339987285151,374.9722595214844,2888100
2021-05-13,375.81403803545834,382.19661797158375,374.0010216293811,377.9230651855469,2637500
2021-05-14,380.170743549688,381.6507686707638,377.86747227465287,379.0699768066406,2072900
2021-05-17,378.61673344150734,381.5767837115369,377.9322334610797,377.98773193359375,1583900
2021-05-18,378.9682761456714,381.9930560820667,375.80472178657055,379.6065368652344,2694800
2021-05-19,378.7832213138049,379.9209964359418,373.93616661658655,378.79248046875,2783100
2021-05-20,378.82025547866976,382.7977967556042,377.7009985902709,377.99700927734375,2105800
2021-05-21,379.9580307457825,387.23787244315633,378.7554979152601,380.7627868652344,4295400
2021-05-24,381.4472600041585,382.8625274801703,379.18099714903326,380.1337585449219,1883600
2021-05-25,380.96626576731137,382.82552102298746,378.2282376633107,382.0762634277344,2285600
2021-05-26,381.19755415094835,384.15757641564335,380.1892941852035,382.22430419921875,1903900
2021-05-27,383.80606110075314,383.981787441842,379.6064979546054,381.7525329589844,2041800
2021-05-28,381.7525447610083,384.31481838265,379.27349062041816,381.0310363769531,2367900
2021-06-01,382.7053536349332,382.7053536349332,375.70300366489465,376.22100830078125,2199600
2021-06-02,378.45952747042855,378.45952747042855,374.2136963793534,375.4162292480469,2232900
2021-06-03,373.2424645046882,379.0330505585799,372.6319529968125,377.3680114746094,2281200
2021-06-04,380.14302860829827,380.18003700267496,374.3062035345441,375.22198486328125,2990900
2021-06-07,376.4429381488474,376.6741911872621,368.79309780057577,370.2361145019531,3353800
2021-06-08,370.6708471924628,372.54862061287963,368.8485722393191,371.6143493652344,3051300
2021-06-09,373.08515904635,375.3514502331124,370.49513617216326,371.02239990234375,1925700
2021-06-10,371.771726846651,372.6412407370678,368.58968201983583,371.3832092285156,4033600
2021-06-11,373.1036899938048,373.1129209203284,365.1763283784455,368.0531311035156,3094300
2021-06-14,367.5072462510641,369.5145346569476,365.49998607430575,369.227783203125,2674900
2021-06-15,369.96796629602966,371.3924933527747,366.73968192511717,370.26397705078125,2845800
2021-06-16,371.02248508208874,372.91874924005765,366.92468686106446,367.461181640625,3330800
2021-06-17,366.3048168004507,368.2195987541717,365.0190363430117,367.5535888671875,3532000
2021-06-18,359.55076669922613,364.5455634523711,359.5229158313005,361.4911193847656,5521400
2021-06-21,361.49114504271495,370.6173339585496,361.3518906932029,369.5682373046875,3839300
2021-06-22,371.92634162916073,371.963485565385,369.33612581108747,370.1438293457031,3964600
2021-06-23,369.3361388734285,370.43164420435266,366.96870159140576,367.2379455566406,2942100
2021-06-24,369.80033488118033,373.3653878676817,368.4262925325456,370.3109436035156,3309100
2021-06-25,371.45291149451435,380.62550965326375,370.4502234506094,375.9556579589844,16928900
2021-06-28,375.9556816992222,375.99279730872945,369.4382939998643,372.7155456542969,3193300
2021-06-29,373.18903466131775,374.33097712273684,369.0205267723792,369.59613037109375,2458800
2021-06-30,369.0761999454027,372.6598108896547,368.3891645750225,371.7685546875,2875600
2021-07-01,373.24466352081924,376.1969688211066,373.0404143805938,375.89990234375,2678100
2021-07-02,376.08560734530283,380.5233588579869,374.96225111488604,380.04986572265625,1982400
2021-07-06,379.4092538420027,381.72096085709336,376.66116934570766,380.8854064941406,2615300
2021-07-07,380.96897882480977,382.66793850637316,378.0445242367786,382.1851806640625,2270400
2021-07-08,379.3535751051849,381.41462459003054,376.0763236794983,380.59765625,2032300
2021-07-09,382.99290683188275,383.6613560628613,381.2382453083914,382.60296630859375,2078900
2021-07-12,381.59100026263343,386.58579735164307,380.9318441223899,386.2515869140625,2802600
2021-07-13,386.56728398238573,389.6402864109582,385.9452433753592,388.5726318359375,2948900
2021-07-14,390.6428367466225,392.2768297249648,383.7541249841001,385.0445861816406,3538700
2021-07-15,382.4172945875186,391.53419051228445,378.0445379810565,389.9744567871094,3546500
2021-07-16,391.19065537738487,392.05408900937266,387.73703417952487,389.6495361328125,2625400
2021-07-19,387.36566871612985,389.4917129883268,377.68246197152024,379.7713623046875,3611300
2021-07-20,381.5724483400742,387.8205913313365,381.2103586945929,383.4013977050781,3186700
2021-07-21,387.1985250130092,387.3563654888077,381.41458246555305,384.9518127441406,1863700
2021-07-22,386.2329544901984,386.984956217152,384.10693890783284,386.0008544921875,1421900
2021-07-23,387.97838762579494,389.31528600711533,386.20514007373083,387.792724609375,1611700
2021-07-26,386.98501909806254,387.7649001507183,381.4796130504803,383.93060302734375,2232600
2021-07-27,382.50086013105283,385.52745367325474,380.14271582723524,385.37890625,2630600
2021-07-28,384.8126028546818,384.8126028546818,377.6732028084633,379.87353515625,2446600
2021-07-29,381.83239500691553,383.03930381342764,379.17718429957984,382.5751037597656,1597300
2021-07-30,381.349652364915,384.1441175333311,380.87615922488226,382.7051086425781,1864200
2021-08-02,383.95844633282064,386.62295015723413,383.2528531717132,385.81524658203125,1806500
2021-08-03,386.0473862483184,391.91488243804,385.3603508194573,391.6920471191406,2496500
2021-08-04,391.83122231874205,393.3259611037302,389.65876964295416,391.3577575683594,1995400
2021-08-05,391.8406075594953,392.01700587373756,378.6851918727659,381.7489013671875,3598600
2021-08-06,382.51011981760456,386.9292848605496,382.51011981760456,385.3974304199219,1944000
2021-08-09,385.23967087487284,386.42802198693533,380.9690243265927,381.4517822265625,1509800
2021-08-10,381.11751196545805,384.0326733771064,379.3164136095427,382.29656982421875,1441800
2021-08-11,383.45708173075,384.292636131499,378.33232351797074,378.54583740234375,1542600
2021-08-12,377.85885461955,379.46499705142514,375.35216292419955,376.893310546875,1939900
2021-08-13,377.9330958383493,380.690445236524,376.8561766675165,380.3376770019531,1537800
2021-08-16,380.49555480275393,387.53284455920954,378.1652611104213,387.3378601074219,2377500
2021-08-17,387.2357213915522,392.2490767054242,386.79937217292206,391.58062744140625,2258000
2021-08-18,391.1813927230209,391.40419968341683,387.22639918085525,387.43994140625,3037000
2021-08-19,385.63884867382035,397.68019943518186,382.87220610004715,397.2531433105469,3204500
2021-08-20,397.6801690663319,400.4746339646473,396.3432707210662,398.9427795410156,2401900
2021-08-23,399.73202015581165,399.73202015581165,394.47727119916624,394.9043273925781,2375900
2021-08-24,395.052874602614,395.44281518421343,391.5249648925512,393.0939636230469,1619300
2021-08-25,391.6456151056224,393.2888731972665,389.4174603770725,389.6866760253906,1939000
2021-08-26,389.714575058832,391.21860731068637,386.7994129146191,387.003662109375,1385400
2021-08-27,388.0805553569873,390.2530083057841,386.3258654757337,388.77685546875,1621600
2021-08-30,388.77687697205596,390.45727906811805,387.96917333094086,388.34979248046875,1284200
2021-08-31,387.142860714198,390.61506819232534,384.5619094427376,386.4651184082031,4249100
2021-09-01,386.71583256690184,389.8073928091671,381.7952944396215,387.46783447265625,2034400
2021-09-02,389.1482571823336,394.0130654883361,388.2941164750638,393.3724670410156,3137400
2021-09-03,391.7198771120041,393.6416722646114,390.49438208722347,392.5832824707031,1604800
2021-09-07,390.2065557784242,392.02624039753715,387.68130634023845,391.0792541503906,1920300
2021-09-08,391.0328725314516,392.59257802786567,384.5433643653723,385.6481628417969,2262500
2021-09-09,385.6017607892802,390.1323585936437,384.2927130220953,384.8683166503906,3508500
2021-09-10,387.1601555364756,387.5700877114975,375.07653892415317,376.30633544921875,4215800
2021-09-13,380.0981645919392,388.324699223809,378.67272777597196,386.1911926269531,3068200
2021-09-14,389.05142353087746,389.05142353087746,383.25650423084636,384.3465576171875,2879800
2021-09-15,384.32791164615384,392.61969843892194,381.51431205890964,388.9862060546875,3180600
2021-09-16,390.98936370330796,394.4644337427199,386.6012291328245,388.3527526855469,2262700
2021-09-17,386.61048889048107,392.31223672117505,386.61048889048107,391.44580078125,4534200
2021-09-20,388.42723764667255,390.64456192611283,380.78762336176555,384.4956359863281,2799800
2021-09-21,386.6478511381996,390.16019570013935,384.0391886061032,384.1603088378906,2382200
2021-09-22,377.26590533573864,383.8434139902371,377.26590533573864,380.7689514160156,3629400
2021-09-23,381.7938320388183,386.49872686576487,379.66035348247937,380.1448059082031,2681600
2021-09-24,379.1292566172292,380.01434390200876,377.5361279365979,379.2596740722656,1950400
2021-09-27,379.95840859095557,383.9831815651238,377.2845522947189,377.5733642578125,2608600
2021-09-28,375.0858813346502,376.3901981169777,369.8872087159809,371.37786865234375,3115400
2021-09-29,369.8685115468878,374.3870620217005,368.75050971098665,373.04547119140625,2056300
2021-09-30,374.0517097832731,375.91502751911463,363.7755136073861,364.036376953125,3779900
2021-10-01,364.8376060371485,366.7847695934761,356.9371288686092,365.6108703613281,3146600
2021-10-04,364.8562744560272,368.1450294213175,358.4651076887506,360.56134033203125,3074800
2021-10-05,362.7320903470882,368.9462680222365,362.63891876616435,366.5425720214844,3269400
2021-10-06,364.0457426759361,367.80032718928794,359.47129371953383,367.3065490722656,2809200
2021-10-07,369.6450145690751,380.27524661389504,369.59841456233113,377.0423889160156,2813700
2021-10-08,378.6356117577224,381.16040018124954,375.1232668753402,380.5455017089844,2012200
2021-10-11,380.1168021730861,383.11674473928,376.5858072507715,377.3125,2164200
2021-10-12,377.42423453752457,380.4707766202475,374.8156016040299,375.6820373535156,2415700
2021-10-13,375.77527635091354,377.61064541880336,370.9026903402285,375.9709167480469,3021800
2021-10-14,396.56995058904073,403.87415331794824,389.247096484739,391.63214111328125,6038800
2021-10-15,393.20667169296587,401.06987596983413,392.69427061299933,398.8152770996094,3312000
2021-10-18,398.75002493900365,398.75002493900365,394.87432035018946,395.60101318359375,2232800
2021-10-19,397.6598660668222,398.58222750348386,394.46428358440346,395.3773193359375,1616800
2021-10-20,397.8183516355336,405.76540094193405,397.66928279919637,405.35546875,2764000
2021-10-21,405.7374613001601,412.25907376652316,405.34615204210974,412.0541076660156,2465100
2021-10-22,410.7125191048645,418.5850484326177,410.3584841625077,418.46392822265625,2736200
2021-10-25,419.2464563516268,421.7060492095686,415.9297533270471,418.77130126953125,3553500
2021-10-26,419.7029597262361,426.4295373356067,417.00115491829956,423.5693664550781,3103900
2021-10-27,423.56940568818663,428.97301580456894,422.4886779785156,422.4886779785156,3520400
2021-10-28,422.04150816766014,426.6066313775599,421.5943016321039,424.31475830078125,1672600
2021-10-29,423.35512588012944,429.85811526404916,422.09738067362696,429.0009765625,2497800
2021-11-01,430.25876440720293,433.92950312643455,420.3458990412438,423.0756530761719,2203100
2021-11-02,425.07869639952605,425.24638817690067,419.6005375495038,421.1470947265625,2600000
2021-11-03,419.63779334763313,426.2525484626007,416.48878187335674,426.0755310058594,2438200
2021-11-04,426.3271152049176,427.1749282095469,421.25888855146826,425.5445251464844,2517300
2021-11-05,426.54136449480546,429.9791879718794,423.5134731917763,424.659423828125,2905000
2021-11-08,425.6283969326748,432.46677021285416,423.26197523906217,431.0040588378906,2279900
2021-11-09,431.00400367889944,432.727578201967,428.8332511135889,432.61578369140625,2657800
2021-11-10,433.58479797419983,434.15309631988794,425.42345599235745,428.469970703125,2818200
2021-11-11,428.56311645319016,429.3550322460747,424.3147539211687,426.1315002441406,2246800
2021-11-12,429.18721747112164,429.494652326062,425.8425377832024,427.62200927734375,2609500
2021-11-15,426.69980775549976,426.89544817801533,419.71236548876124,419.9918518066406,2849600
2021-11-16,422.0321726398462,427.0258793252126,418.65957183808933,418.8924865722656,3383800
2021-11-17,419.60987113750076,422.93587184594816,418.063313931322,418.2682800292969,2281500
2021-11-18,418.0633280618924,421.86448404230026,416.55401669016794,418.75274658203125,2073800
2021-11-19,417.5042611728168,418.7340576083061,409.46404120705347,409.92987060546875,3536100
2021-11-22,412.5571887150336,413.4236246427241,407.4982878613887,407.6380310058594,2598700
2021-11-23,406.2125898316358,416.93596400777176,406.2032641447775,416.5726318359375,2857000
2021-11-24,416.11617007311975,420.1595665334121,415.1845111164079,419.3955993652344,2248800
2021-11-26,414.51372037947795,417.550909280146,408.2622682357871,409.8460998535156,2480600
2021-11-29,413.2465692915937,422.1159507084197,410.44226724446327,421.1097717285156,4079700
2021-11-30,416.5073883406173,420.50421262541624,411.0944528898715,413.8614807128906,7435400
2021-12-01,421.9389352732666,424.76186008384843,413.78692139743185,413.9732360839844,4325500
2021-12-02,412.8646565556037,417.28073929683165,409.20324371864115,415.53851318359375,4738700
2021-12-03,418.5295037122618,424.7639488027267,416.0993129483757,419.9783020019531,3038300
2021-12-06,422.6234454504839,431.62458643957564,422.0345814942327,430.0636291503906,4721500
2021-12-07,432.5312771678049,435.33536972642924,430.1758496874541,434.3819885253906,3105200
2021-12-08,435.6531771113683,439.46675908443115,432.28826023063795,438.2422790527344,3228300
2021-12-09,437.93383210906416,443.4952938163397,436.8402234492948,442.4110412597656,2977400
2021-12-10,441.17728126118135,447.23413217111954,440.25193973559516,447.0004577636719,2572300
2021-12-13,445.86940508979467,448.8978444810641,443.05598492383007,446.9162902832031,2724800
2021-12-14,448.4211251932968,451.4962879522534,446.01894577468045,448.1500549316406,3018000
2021-12-15,449.21569281896575,463.04920652204027,448.78573989021106,462.0958251953125,4188600
2021-12-16,461.7499738957867,464.50731472121714,458.10463040924344,460.675048828125,4080800
2021-12-17,459.32906136496194,460.92738611475085,454.61817794354266,455.3098449707031,5707200
2021-12-20,450.52425921235215,453.33770821625285,444.22440629235155,452.14129638671875,3145600
2021-12-21,455.2163566127722,457.06706789276495,450.71113643624386,455.3939514160156,2536000
2021-12-22,455.3379221791313,463.09592923840313,454.16955019954577,461.86212158203125,1687500
2021-12-23,462.67526692561864,465.61955837384085,460.6282770990623,463.03045654296875,1706500
2021-12-27,466.1150108182186,467.62921642635143,464.2082481763444,466.8814697265625,1349400
2021-12-28,469.2181837532701,472.3213865554962,467.7226619248125,470.0968017578125,1495500
2021-12-29,471.81661496304366,474.0972792032867,469.2181569876461,472.5643615722656,1573900
2021-12-30,474.7609128129138,475.9760367250445,470.76040849815047,471.4894714355469,1309800
2021-12-31,471.2185165109718,473.770222999665,469.2556456179468,469.34912109375,1695400
2022-01-03,467.3487796219279,470.05939683879393,460.8526201753008,469.4798889160156,3033600
2022-01-04,470.33981445742506,470.853886695548,458.82433389618234,458.843017578125,3908100
2022-01-05,462.4602562041738,464.5446418277467,457.7120056152344,457.7120056152344,3921100
2022-01-06,448.654807361725,452.52446876707796,432.87710873888494,438.9806823730469,6555200
2022-01-07,437.14871075892245,437.4104249387098,425.80146851629235,428.6523132324219,5494200
2022-01-10,426.2221207157258,435.4382256867104,424.76399468999074,434.6343994140625,5831800
2022-01-11,436.69066389522226,439.7284306344717,430.58709063396446,438.37310791015625,3332800
2022-01-12,438.34506865980893,444.28040323172286,435.8868097777242,442.7848815917969,3502300
2022-01-13,444.81323199880194,445.4301072817772,435.5503758295686,436.9056701660156,3005300
2022-01-14,439.2050224345134,442.27082909678967,434.7091012119986,438.0833740234375,3665400
2022-01-18,434.79338043469505,435.2980966999143,428.41873470627445,430.8863220214844,3938800
2022-01-19,437.4384985868498,444.4393748316258,431.3723199886269,432.31634521484375,4030900
2022-01-20,434.0548407603578,440.8313978093779,431.83025608927846,432.76495361328125,3228600
2022-01-21,433.23233724990024,440.04629073531174,430.96102892966536,431.05450439453125,4273200
2022-01-24,428.15692886617785,433.83055004324217,418.86603260537436,432.0826416015625,4780700
2022-01-25,424.4181306768621,429.4841755111922,418.0621701126798,427.0072326660156,3428900
2022-01-26,428.51212041068777,433.58752146501854,423.8386324730631,428.493408203125,4435900
2022-01-27,428.16617621291107,438.0739744451305,427.1660716648737,431.4563293457031,3508100
2022-01-28,431.2693980098934,435.83072613285833,425.3621032760633,435.6250915527344,3364400
2022-01-31,434.6343547705696,442.28017377845384,434.07353054334396,441.71002197265625,3500500
2022-02-01,443.9813392643714,443.9813392643714,432.53129419913233,437.8216857910156,3148600
2022-02-02,438.42916971006457,450.5054729319288,438.42916971006457,448.4491271972656,3026800
2022-02-03,466.0868659169956,467.51695183823864,451.9916412793377,456.85205078125,4370900
2022-02-04,450.29051486766315,457.6559356374428,448.8323890682828,451.6177978515625,3066400
2022-02-07,453.2441656791882,455.4407104971647,449.8698928897215,452.1131896972656,2937200
2022-02-08,449.9166673617299,463.3015430035981,449.9166673617299,461.1891174316406,3534700
2022-02-09,464.5446724709086,468.21802691836103,463.88104521143896,465.5728454589844,2818100
2022-02-10,460.0954941177536,461.9462054601609,453.3937289314398,454.93597412109375,2626100
2022-02-11,453.0291786175606,458.40368925636363,445.3272803256855,446.90692138671875,2493800
2022-02-14,444.08419009364474,446.5424494953323,438.6816387775595,443.4205627441406,2549500
2022-02-15,444.85999220453306,449.748471077233,444.16832508639453,447.0004577636719,3001000
2022-02-16,444.44873618889636,450.2719128646408,440.61647008779374,448.70159912109375,2651800
2022-02-17,446.9443696622086,447.99122642365165,438.2703769641999,439.62567138671875,2403100
2022-02-18,439.54152859138486,443.9065787574001,436.3448503780315,437.2608642578125,2992300
2022-02-22,433.5407248104417,436.68132321385013,427.9232122848948,432.30694580078125,3029800
2022-02-23,436.68138067631185,437.17676927086796,428.87664989251016,429.605712890625,2840300
2022-02-24,420.16521557951904,426.7735338392857,416.63206012300986,426.1192626953125,3933000
2022-02-25,426.82964358955263,444.71041283324655,426.43708658035155,444.682373046875,3314400
2022-02-28,435.42886582557753,446.1404919204083,435.2045190134529,444.7945251464844,3918300
2022-03-01,440.1396935895359,445.81328540219096,437.1860462402265,445.149658203125,2917600
2022-03-02,446.9630245187267,455.35661880168624,446.68262666310557,453.6835021972656,3675900
2022-03-03,454.26295454236146,459.29163131914896,450.7297993702423,454.8144226074219,3139400
2022-03-04,449.29975453909293,467.03096768848053,446.3087110561021,466.0869140625,4170100
2022-03-07,467.3487233978005,467.3487233978005,451.47755048231835,455.0761413574219,4123300
2022-03-08,447.53315134144964,452.8515823954708,440.72855468621873,442.5418701171875,3849500
2022-03-09,451.06634931795094,455.87070861055145,442.6634271324982,453.8611145019531,3115500
2022-03-10,448.0285460940612,461.46950088711304,446.6264998253791,459.3477478027344,2834800
2022-03-11,457.3228151869732,462.91947353121617,452.335531016442,452.6730041503906,2615000
2022-03-14,459.7321178498464,464.59755594880613,454.93230906538236,457.4072265625,2704100
2022-03-15,459.3571211206021,468.67551072349215,456.835341983272,466.7724609375,3043000
2022-03-16,468.5723207039199,473.8877507934104,459.3664518181783,467.10052490234375,3497100
2022-03-17,464.98190643799813,475.4064962145527,464.21317948455385,475.312744140625,2357200
2022-03-18,476.9251437887287,478.7438251605074,470.19416312074264,474.468994140625,5065600
2022-03-21,473.4284168365981,480.9187405015797,472.81904271865227,475.9126892089844,2617700
2022-03-22,477.4220495327323,479.840721501305,473.2690928922229,473.7190856933594,2752500
2022-03-23,470.8597800698311,475.3502382284474,469.97856209442546,471.759765625,2753200
2022-03-24,473.4190446772903,483.52492818485416,472.350322606436,481.3500061035156,2789200
2022-03-25,482.034393009121,484.228082928305,477.39393691648047,480.94696044921875,2551100
2022-03-28,482.15630846405634,484.7999628075083,476.99087462838617,481.1063537597656,2643000
2022-03-29,484.7623502417037,487.09668240691514,475.57521943691796,478.7907409667969,3478400
2022-03-30,482.89681857798223,488.60599657334416,480.431284950464,488.249755859375,3041200
2022-03-31,484.7623994700732,489.2528866855517,477.79708047213444,478.07830810546875,3979700
2022-04-01,478.7438669674267,482.58750175798457,474.91902836635444,480.5344543457031,2344100
2022-04-04,480.17822867361804,480.4313049253682,472.97848681976484,478.1251525878906,2657500
2022-04-05,478.1063476514149,491.9151656178674,476.23142079788,485.3810729980469,3268600
2022-04-06,485.8123072083141,500.1555445241323,485.6060927031911,498.4962158203125,3955600
2022-04-07,496.855740379333,504.6179669579394,495.34643761735094,503.3711242675781,2867000
2022-04-08,505.29292021953245,514.639405583327,504.4491800257467,511.81768798828125,3986700
2022-04-11,509.6051641242924,513.364402123795,503.0804544201938,503.8304138183594,3574000
2022-04-12,501.9272908044944,506.9146033261914,497.58688758342157,500.3336486816406,3575700
2022-04-13,499.9680791531813,504.61791906949804,495.56198892053527,503.4179382324219,3012000
2022-04-14,504.8241573372229,518.6892236226265,500.67120038353426,501.3742980957031,4211300
2022-04-18,504.26172104235644,507.1678354747864,497.2119760730548,500.68060302734375,2087100
2022-04-19,502.37738140828606,508.5552344786602,501.7680071821169,504.0741882324219,2207600
2022-04-20,508.2364618487485,514.0674571959727,505.29281280614833,511.86444091796875,2986300
2022-04-21,511.38636776089083,513.7300266415549,502.508615385688,503.8304138183594,2539900
2022-04-22,498.78683331599433,499.99614064648034,487.64976222914936,488.36224365234375,3453300
2022-04-25,487.8560599039792,493.3495826376247,479.7282382442253,491.4840393066406,3030400
2022-04-26,491.45588714163216,493.3495818411343,481.3969214608104,481.6500549316406,2895300
2022-04-27,482.7092875099811,488.324741727746,477.937630516102,481.6781005859375,3353700
2022-04-28,484.4435977387041,493.3682676533773,481.07807894279216,491.6245422363281,2582700
2022-04-29,486.4029021645829,487.38728459003784,475.25647629955375,476.7470397949219,2873200
2022-05-02,478.86577726017543,481.39694041342534,462.48828709108653,469.80987548828125,3184300
2022-05-03,469.79112847728805,473.90657871722345,466.36939213171524,468.37554931640625,2763400
2022-05-04,468.26307469802856,477.8908157043488,462.2539295055462,475.8752746582031,4002600
2022-05-05,475.490830779318,478.7344749306748,458.63525617607394,463.78192138671875,3359700
2022-05-06,454.6792201433961,470.20361474126526,454.66983635267724,468.37554931640625,3260300
2022-05-09,459.7320934906061,463.6975743846441,454.1354352656986,456.0010070800781,3862700
2022-05-10,462.92885406847716,465.31001939691976,451.03243982540727,457.4915771484375,4275500
2022-05-11,454.0980083178687,469.2192722002121,454.0980083178687,455.7479248046875,3936300
2022-05-12,455.70104514240256,456.44164937007594,441.9390868600738,448.8575439453125,3997600
2022-05-13,450.90122694975844,456.5447472010935,446.0545278257518,455.0447998046875,2453400
2022-05-16,455.0541817182048,464.5694309552695,453.8729684994254,458.62591552734375,2338800
2022-05-17,463.10698489016477,463.7819597776892,457.91342891141073,461.7289123535156,2289000
2022-05-18,457.72587556848856,458.61644860720145,439.0703315620616,441.9014892578125,3240500
2022-05-19,435.2830217619287,451.4636209265733,434.3549135225259,448.62310791015625,3813800
2022-05-20,451.2762147885486,456.9853644573398,442.7734134011618,455.35418701171875,3068200
2022-05-23,455.8791140007804,464.7381265328332,455.8791140007804,461.3070068359375,2279800
2022-05-24,460.09774845547065,466.9318372068184,458.10094649593873,466.4443664550781,2658100
2022-05-25,467.34438669869684,470.89738208111623,460.53841978885106,466.9412841796875,3161600
2022-05-26,470.3629195809525,475.53773632547745,468.1786422499721,470.8222961425781,2705800
2022-05-27,460.29454214905473,475.3970642089844,458.7852397656247,475.3970642089844,3349100
2022-05-31,472.125381925599,472.5847299038108,464.6631801816456,465.713134765625,4003100
2022-06-01,467.1568330231143,470.0254691354931,457.2759594087448,461.7476501464844,1765900
2022-06-02,463.10691567264143,465.1224562437262,452.76669560269573,461.4757385253906,2093500
2022-06-03,457.79157074588716,460.9227242333706,454.57607757964803,455.2416687011719,1756900
2022-06-06,458.82272029764533,462.76007815260203,455.8791000002135,459.52581787109375,1781500
2022-06-07,458.8884241198018,466.49124004955297,456.65725621362964,466.0131530761719,2341900
2022-06-08,463.10699084608694,466.7630929467327,457.9978030864256,462.6663818359375,3268100
2022-06-09,462.0570758900623,465.4131830782612,457.1166242783727,458.82281494140625,3148800
2022-06-10,454.48232031264365,459.5071398474162,450.85434092991915,454.3229675292969,2599900
2022-06-13,445.4169879782869,451.23862765767115,438.0391556282419,440.3265686035156,3764600
2022-06-14,438.26419452363626,439.8391263671804,428.8145748532554,432.873779296875,3814200
2022-06-15,435.1705732088326,439.68912558849865,427.95209273116654,435.29241943359375,2550700
2022-06-16,426.5617266102658,430.7106873552817,424.0027313903628,429.0924987792969,3135600
2022-06-17,424.06860148198535,434.14463275927653,423.0807659746367,425.3010559082031,5277400
2022-06-21,430.7107074178666,456.404135763185,430.04274270869007,451.8882751464844,5726800
2022-06-22,447.56059013870953,466.56489805300663,446.4504450597201,460.6942443847656,5061000
2022-06-23,465.6523326698644,473.77147115848334,462.8393008413171,470.2246398925781,4687700
2022-06-24,469.8765374103307,470.17760246862565,457.7589415698291,466.3014831542969,15861100
2022-06-27,463.65779588984486,481.58959965215627,463.4225941932544,475.7283630371094,3907100
2022-06-28,481.76826935564856,487.9117067158368,475.18259431397115,478.3437194824219,4978200
2022-06-29,478.72949230712123,487.9964439915019,476.05760473969553,485.1834411621094,3823400
2022-06-30,483.15122085815216,485.75727353099126,479.5479441913314,483.22650146484375,3568900
2022-07-01,481.9941231113268,486.89574697180586,472.57663831599865,486.7734375,2426600
2022-07-05,477.5910887510372,480.7521852287284,463.1120610153455,475.3331298828125,3029600
2022-07-06,475.7094887965414,486.78274403174305,474.44878261838835,484.7882385253906,2506700
2022-07-07,484.7506566666295,486.6792989350432,481.90940203117196,483.9321594238281,2385400
2022-07-08,481.9846975536717,497.0940514661067,480.761660278968,487.93060302734375,3092100
2022-07-11,484.3837253459347,490.60244387168234,481.5142763861189,486.35003662109375,1743600
2022-07-12,482.8690293408234,488.4103944769057,480.39470317438344,483.9697570800781,2706500
2022-07-13,477.995672198731,481.5613089587898,471.5229174380038,471.5699462890625,3467700
2022-07-14,465.69929704428415,475.944695360606,463.1403017787467,472.6894836425781,3765500
2022-07-15,494.9208156813521,500.49979303318014,484.9388694605171,498.39239501953125,5742500
2022-07-18,499.5682941063239,500.6596044735981,488.0434134984096,488.626708984375,3212000
2022-07-19,490.2448756286977,502.2401582902858,489.7744723870668,501.87322998046875,2953500
2022-07-20,501.87331047026214,502.43777148183847,485.2021870535888,488.7207946777344,4327500
2022-07-21,488.64553046157386,491.5431733074029,480.8838763815726,491.5338134765625,2667600
2022-07-22,494.8643487407672,496.3696165665012,487.71424043510046,490.5460205078125,1850300
2022-07-25,494.94900204357816,501.34647586028484,493.1896407572592,498.1288757324219,2337200
2022-07-26,502.2026508854798,505.8153742095496,499.5966551354001,500.1235046386719,2637800
2022-07-27,501.9580210322708,506.02231315022453,496.7835838216144,502.9646911621094,2268100
2022-07-28,505.6741210803236,512.1186806268728,500.2644832283815,509.4373474121094,2344500
2022-07-29,508.04499554654444,511.65766083570503,504.92151065599717,510.2370910644531,2945700
2022-08-01,510.17135147707825,511.4696695303573,499.5684398493969,503.6891784667969,2335000
2022-08-02,505.7305969794668,508.534239809005,500.2456781994431,503.76434326171875,2114200
2022-08-03,505.4578376535531,511.4413547307155,503.98076418302617,508.6471862792969,1802900
2022-08-04,507.3675345820935,508.44006781121254,501.2240977803075,502.1554870605469,2368000
2022-08-05,498.627581625938,503.8020187937543,496.33201084005157,503.3880615234375,2373400
2022-08-08,507.95101302971483,509.258748363233,501.8451856175932,504.8369445800781,1656400
2022-08-09,508.03568726407184,513.4359092707566,504.6299711395294,505.4578857421875,2147200
2022-08-10,508.2802497935858,509.8984097958434,502.21203494054913,505.89056396484375,2291400
2022-08-11,506.3798126987259,506.7467411102316,498.31709201203944,501.3182678222656,3006200
2022-08-12,503.9054502828437,512.1751777205902,502.8141398037693,511.5166015625,1981000
2022-08-15,509.60665367096846,514.8187585631005,506.6807591632819,512.40087890625,1447300
2022-08-16,512.9372261554848,515.0352066582697,510.2841444505864,513.7933349609375,1773000
2022-08-17,512.9654084317727,515.3644539037565,509.51266410603705,512.7396240234375,1471700
2022-08-18,512.7490005726534,515.6843124925525,509.747825301838,512.946533203125,1486400
2022-08-19,513.2100165578119,520.3883757369949,512.570274940219,515.8630981445312,2258000
2022-08-22,509.3433854376661,516.9921489881455,509.3057164170124,512.3351440429688,1672900
2022-08-23,511.1308616528086,511.1308616528086,501.6475712700886,504.084228515625,2039600
2022-08-24,504.9121195835943,507.9038779202219,503.35040576848013,504.7051696777344,1761200
2022-08-25,503.34103575803766,509.93610035813623,499.8035931394984,509.5127258300781,1965800
2022-08-26,510.16184014538067,511.0367834682404,496.9528775908049,497.92193603515625,1906700
2022-08-29,494.8644553438854,501.3560462631336,491.91972499872054,498.41131591796875,1594000
2022-08-30,499.01324394797064,499.6530430195113,490.9034949914379,491.8913879394531,2013400
2022-08-31,489.99090398509543,495.899139617913,488.42913286088265,488.589111328125,2891300
2022-09-01,488.58914544959094,493.22731545568934,484.60013434459734,492.9826965332031,2085300
2022-09-02,498.2700145944375,498.4299356470889,483.3958637185525,485.7854919433594,1944200
2022-09-06,489.15364991849833,496.22853510109474,486.32181239443395,487.0368347167969,2711900
2022-09-07,486.39708021511126,492.5123239702335,484.21440170722406,490.800048828125,2504400
2022-09-08,490.1132832203128,497.206945375602,488.09994301317516,496.28497314453125,1557500
2022-09-09,498.14417252553574,498.14417252553574,493.1894393328725,494.8504638671875,2495500
2022-09-12,495.4733039407169,504.9297842887149,493.1139072552849,501.3717956542969,2792000
2022-09-13,494.5295772179128,495.71872244059404,483.1761607861233,485.05426025390625,3172500
2022-09-14,485.09196311358204,486.3943547044572,477.63627527733513,481.099853515625,2648100
2022-09-15,487.26256281836294,498.2856565612646,485.2240695491259,493.50079345703125,3058100
2022-09-16,489.3578271416673,493.4159784257877,487.9988121774191,491.71722412109375,3981700
2022-09-19,489.42379163107915,494.52950024848906,484.1198153707986,494.10479736328125,2130800
2022-09-20,494.7560485148335,495.16185784094904,485.8564109429125,493.39703369140625,2421700
2022-09-21,495.50168616161847,498.31406881518166,483.2233755581669,483.2799987792969,2427700
2022-09-22,482.28906138226716,491.6699974149081,477.6457553851276,488.3574523925781,2285600
2022-09-23,484.6766700254814,485.7147814567377,477.9004901098953,484.7238464355469,2536900
2022-09-26,478.8537467375437,483.7424099537277,470.9355973187561,479.7691650390625,2867400
2022-09-27,481.66614296608867,487.7250579411611,475.2580130645878,479.77862548828125,2583400
2022-09-28,477.9949076517404,487.23431321332725,472.6343364487776,485.03533935546875,3027300
2022-09-29,485.8186342057128,485.8186342057128,474.21038611508675,480.2126770019531,2392000
2022-09-30,482.3551318751754,487.4986000910631,476.4471925287095,476.6359558105469,3116000
2022-10-03,478.56115155252985,488.6876928276048,476.9756438401147,486.5170593261719,2562400
2022-10-04,489.1972920397066,495.0863946287305,487.7628180060939,493.7462158203125,3189800
2022-10-05,491.6982277837512,499.5785890076342,490.87716241465023,497.4268493652344,2281800
2022-10-06,498.6160324146449,498.85197208127653,487.67784412452113,489.9334411621094,2187300
2022-10-07,485.25238246043665,485.25238246043665,472.8797200388368,476.4565734863281,3273700
2022-10-10,477.16445115955906,477.8345118377644,467.17946700807465,470.8034973144531,2459100
2022-10-11,469.0198321089303,478.32528045154083,467.3304957201128,471.7001037597656,2844500
2022-10-12,473.8895216172784,479.6653197774798,470.1899751453724,471.841552734375,2254300
2022-10-13,465.6977052023152,484.591713712269,460.3088227146497,481.2319641113281,3999700
2022-10-14,490.7545221777441,500.1071455149339,483.13838258472896,484.2709045410156,5628900
2022-10-17,488.6215730920667,494.82207406656727,486.2999637790944,492.52874755859375,3282300
2022-10-18,502.0796172086852,502.0796172086852,489.1784521959398,492.8402404785156,2345500
2022-10-19,492.39663973867647,494.35967390283554,485.65818900386466,491.0565185546875,2500500
2022-10-20,493.63296216342906,499.6447002994568,490.5469104738205,491.58502197265625,2390800
2022-10-21,488.9235985198129,506.35485054624303,488.87642210832485,503.7122802734375,2896000
2022-10-24,507.8081801246887,515.7451643447524,507.5533468782789,511.1396179199219,2627100
2022-10-25,507.54401438177325,513.3292603207452,503.8728364994973,509.83734130859375,2411900
2022-10-26,510.9322132511952,516.8401533592108,509.82803143369046,512.6215209960938,2863500
2022-10-27,515.7830625685975,515.7830625685975,509.4032440527118,511.3284912109375,2212100
2022-10-28,514.3201028660089,521.8985121656209,513.112121796551,520.2374877929688,2761900
2022-10-31,523.7860864916996,526.7117154653537,519.189986160771,523.9276733398438,2770400
2022-11-01,523.7860710570956,524.4372668549406,513.612324766482,516.528564453125,3338900
2022-11-02,513.7916253053274,523.3896923243926,512.5270209618483,512.8667602539062,2696200
2022-11-03,511.2718578681843,517.0571036349232,507.8649025928837,513.0366821289062,2245300
2022-11-04,516.2832005192107,516.9532899528306,497.49298959391535,507.9026184082031,3513100
2022-11-07,507.90264939929267,516.1888791841127,505.35448915827357,514.367431640625,2540300
2022-11-08,516.2830667759031,523.5971950215791,511.51709795566154,521.9456176757812,2797000
2022-11-09,522.6347621175659,523.4180404271149,509.1012359377158,510.2525939941406,2672600
2022-11-10,518.0574864367824,520.6717166207536,503.919998720573,513.565185546875,3426400
2022-11-11,515.5565958129588,515.5565958129588,480.98667682865954,492.7176208496094,7034300
2022-11-14,492.64199610800637,499.2294127955924,484.53508427524866,484.8559875488281,5238400
2022-11-15,483.9688857879248,487.5834976565411,472.606023230439,474.7200622558594,5103800
2022-11-16,477.43812728075403,485.21469015489106,477.04173593369484,482.75146484375,3430800
2022-11-17,483.3554450695488,497.3419563389686,483.3554450695488,486.32830810546875,4246300
2022-11-18,492.7552850324098,503.0233842381891,490.24491224977413,500.1921081542969,3566000
2022-11-21,499.25783566077627,502.03248874604435,486.3943990296743,488.10260009765625,3349600
2022-11-22,490.69794367889415,495.1524574831269,490.669603266236,493.6708068847656,2567400
2022-11-23,495.4732721887171,500.60732135130405,493.5857549613315,499.91839599609375,2238300
2022-11-25,503.96723399095816,510.4319591762587,502.5704893033241,507.3836364746094,1419200
2022-11-28,505.6942206758627,509.2333156631757,501.7870459852794,502.3344421386719,2699900
2022-11-29,501.7681435341947,502.99501825434464,494.199238357755,498.3045654296875,3751000
2022-11-30,499.92780416763514,517.2552567504496,497.81379400913266,516.9532470703125,9688900
2022-12-01,521.2946170366604,521.898636516534,505.6659730103544,506.7135314941406,2997800
2022-12-02,504.4130368922922,509.884746913357,504.04382257076185,507.5653991699219,2346200
2022-12-05,503.14455871105264,511.5604509750827,502.56710510671144,506.5052185058594,2424800
2022-12-06,505.9182499148171,511.7592325399649,505.7478566240706,510.55694580078125,3097700
2022-12-07,511.9958926287092,516.7954480368777,510.85040366852166,513.9554443359375,2849100
2022-12-08,515.8015015161774,521.8885696916207,514.7791416997928,518.6983032226562,2272300
2022-12-09,518.7077829253694,519.2379146866247,510.1309732786155,510.4433898925781,2852400
2022-12-12,512.9520211062197,516.9564659462246,510.5191352475768,516.7481689453125,2714100
2022-12-13,521.197564801165,521.6046251333601,506.56205579278776,509.5156555175781,3369700
2022-12-14,513.0276823240241,514.4950058820561,503.22021762257754,509.6480712890625,2654600
2022-12-15,505.5111610917263,505.5869106988984,497.44553243850754,499.5376892089844,2963800
2022-12-16,497.14279142806816,497.7675669704589,488.2156601184908,495.7701110839844,7109100
2022-12-19,496.62193029984104,499.09277729768286,493.1476754736308,495.6752624511719,1808100
2022-12-20,498.88450375812096,498.88450375812096,491.98331561797903,492.46612548828125,2086100
2022-12-21,495.70370538884106,499.72704386879326,490.46860429110455,499.4051513671875,2182000
2022-12-22,498.4017366696732,500.7968343793049,493.8104201058704,498.979248046875,1851600
2022-12-23,496.148745127969,502.9742431640625,495.01278959300635,502.9742431640625,1292300
2022-12-27,505.4544582254509,507.2626265335239,501.59203645483154,503.617919921875,1596700
2022-12-28,506.53363036419586,509.44938384831323,499.585062141013,500.2666931152344,1694200
2022-12-29,504.1385337091318,505.2177490487935,500.6548025562127,501.62042236328125,1379700
2022-12-30,501.73405615100916,502.20739016624594,496.84927453697907,501.9044494628906,1849600
2023-01-03,497.12375478509904,497.59708876921985,484.8454411913916,490.9798889160156,3525600
2023-01-04,490.9798304496039,490.9798304496039,473.90193424697657,477.59393310546875,5070400
2023-01-05,474.29010460507436,475.31249324870953,462.4472796620668,463.82940673828125,5497100
2023-01-06,465.37250818966754,466.5842420468221,461.53851443187773,463.8673095703125,4841300
2023-01-09,466.1487169615042,473.32444651404927,462.48511702424105,463.9240417480469,3702800
2023-01-10,462.77863689884924,464.31223436791845,456.93768288824447,460.08062744140625,3164000
2023-01-11,459.4085046908605,469.16864909597973,459.1339628918863,467.0859680175781,4274200
2023-01-12,463.8673042273128,472.13172598670633,459.3422324967775,469.23492431640625,3726800
2023-01-13,460.18477398709985,482.32735268101754,460.0806543728646,463.46026611328125,5390100
2023-01-17,465.0032876220077,466.6504805359068,457.9789990382328,459.20965576171875,4495600
2023-01-18,462.02130269854354,463.39398284520416,449.43062994026695,450.8411560058594,4398200
2023-01-19,452.3842405060378,460.44987049771777,451.9298583476436,458.5281066894531,4549600
2023-01-20,459.635700348352,461.0178275014519,453.4539596325526,460.7622375488281,3525900
2023-01-23,460.7242921897987,463.96190887732547,455.71644017404674,459.90069580078125,3418700
2023-01-24,473.58016782074424,473.58016782074424,454.4006638876799,465.38201904296875,3036300
2023-01-25,463.1856759145137,468.9414041213729,459.8250163750335,466.23394775390625,3037300
2023-01-26,466.23391929461565,469.97326888354104,464.41630429865444,466.2149963378906,3005000
2023-01-27,467.0575457763389,467.0575457763389,458.63220708964184,460.1279296875,3177100
2023-01-30,461.79409481446515,468.8373067413259,458.9446150127878,459.8818359375,3606900
2023-01-31,471.4406320346352,478.54064155322914,466.8303638096303,472.5671691894531,5567000
2023-02-01,473.2867008445698,477.48043335200674,469.2349627659369,470.4940185546875,3451200
2023-02-02,467.90008588130667,468.60061088307566,439.14978635720547,445.7196350097656,11169900
2023-02-03,449.8850162996811,453.2456759364509,444.6972655791619,446.84619140625,5440100
2023-02-06,446.82724497234386,453.4255213344215,445.8900530041758,449.8944396972656,4174200
2023-02-07,445.9184840635866,452.5830057026115,444.01567221877275,451.447021484375,3394600
2023-02-08,450.1121764945655,459.17179500827604,449.7713610361445,457.4488525390625,3466400
2023-02-09,459.7304006610547,463.5833464820363,456.67265251956053,459.8250732421875,3664600
2023-02-10,463.04365961316955,469.22539964516693,462.6839212003716,467.8905944824219,3418100
2023-02-13,467.6539383693405,473.21087426966744,465.53341153732765,468.93194580078125,2589000
2023-02-14,467.92851221820746,471.3933204051372,463.00582728934245,466.5463562011719,2072600
2023-02-15,463.5359845880713,465.5997139130157,462.343202542561,465.0506591796875,2242500
2023-02-16,464.95596932075586,467.65397882273595,461.2828929618512,461.358642578125,2611500
2023-02-17,461.38701536782077,472.82275112723323,461.35861648582767,472.4630126953125,3891500
2023-02-21,470.21000677565775,474.6593290380499,464.3406536243995,465.1074523925781,2877300
2023-02-22,466.52738914475145,467.5498066193414,462.6081991988517,462.81646728515625,2982800
2023-02-23,460.7054546948474,467.01971410862063,459.95757888183164,465.4671936035156,2511800
2023-02-24,463.46967092267886,466.2434299048011,457.25008459958906,458.4996643066406,2940400
2023-02-27,462.70287144279865,464.7571535522799,456.25606518278573,457.5435485839844,3006200
2023-02-28,456.92818341319065,457.58135765022683,448.6448397339919,450.5570983886719,3902100
2023-03-01,448.3514292914756,452.89545314384736,446.82730763898223,449.8755798339844,2996900
2023-03-02,449.8660438894436,454.80765147447215,448.01058289786533,452.2232666015625,2188800
2023-03-03,452.45051551871376,453.5486538880572,448.9289093308247,453.0374450683594,2863300
2023-03-06,455.6975381819005,458.5186190220018,453.4539398036041,455.1390075683594,3812700
2023-03-07,457.22167840357275,458.01687598261725,447.3573860518312,448.60699462890625,2589200
2023-03-08,446.59061551412225,450.03650079727254,441.8667515815754,445.501953125,3036600
2023-03-09,448.6732730646226,448.6732730646226,439.0172487068709,440.1153869628906,2780400
2023-03-10,439.64988642807737,445.43562504956327,434.7286874616979,437.331787109375,3787500
2023-03-13,435.7357661043678,446.8702341706637,435.7357661043678,440.51446533203125,2971600
2023-03-14,441.43592501812293,446.36663320420524,436.11569708982285,441.3694152832031,3258200
2023-03-15,437.9588532931715,445.4546814913915,436.2962835855876,442.1770324707031,3770200
2023-03-16,441.4929560148105,449.73932292832194,439.963405961935,448.437744140625,2940500
2023-03-17,447.83925973071746,448.4282797474545,443.003531802406,446.0436706542969,5290000
2023-03-20,446.5186523151636,455.8480489877917,446.5186523151636,453.13092041015625,3119400
2023-03-21,454.48954531509224,457.396664729139,451.952926339782,456.1141052246094,3163300
2023-03-22,457.8716558684216,461.47228554189775,451.0978680079476,451.76287841796875,2632200
2023-03-23,453.5585263844783,456.6556655603519,443.35510771557574,446.4332275390625,3284900
2023-03-24,445.54959254812815,453.05489976646487,444.22902355640343,452.2093505859375,2533200
2023-03-27,461.29176631554344,461.9948154111273,454.6794980989432,457.8241271972656,2271800
2023-03-28,457.9192062303958,459.6197856744544,447.1742578808129,448.9698181152344,2369500
2023-03-29,451.37338113603397,452.10493031428143,441.72100258813845,443.279052734375,3733200
2023-03-30,443.2600541363481,446.908203305598,438.0443161816592,446.57568359375,3324600
2023-03-31,447.96272908137234,452.21891756650547,446.6136888826459,448.9792785644531,3996700
2023-04-03,460.9593343624676,471.34326268410365,459.33474538796344,469.50018310546875,4729100
2023-04-04,468.3980457821037,471.31467445533076,467.26749628326854,468.6070556640625,2624700
2023-04-05,472.54029004724754,486.173337406155,471.3147306390803,483.78875732421875,4964800
2023-04-06,485.4703107483457,488.54843025109255,481.8126519235771,487.18988037109375,3472600
2023-04-10,485.28976799310846,489.64096597583745,482.7056588964877,489.4414367675781,2714500
2023-04-11,490.3534888190403,496.12968825847565,489.47941057351204,494.942138671875,3065300
2023-04-12,498.75181360119615,500.3859120065361,494.0586152536215,495.15118408203125,3422400
2023-04-13,497.735232176325,503.94852840673985,494.4956225834378,499.9393310546875,4224400
2023-04-14,495.9207223946332,500.89892113480954,483.095186470634,486.2208251953125,4872000
2023-04-17,483.30422946054716,484.1307594156065,477.6324909149289,480.10260009765625,3660900
2023-04-18,478.5065016674905,481.6606113921322,473.25278336073944,479.2760314941406,3232000
2023-04-19,475.6373576710368,476.8914170008121,459.46769283383566,461.9093017578125,5809100
2023-04-20,461.2157839948337,465.1869430658484,459.1162043318004,463.1063537597656,3283000
2023-04-21,465.55753390960183,466.21306372229316,458.0522249303024,459.6482849121094,3165300
2023-04-24,459.25870218912723,465.7284703299971,458.536662727867,464.5124206542969,2322400
2023-04-25,468.0656079545671,473.59484662268403,466.0705185493491,467.3435974121094,2937300
2023-04-26,461.5958468896918,463.33443601208717,454.4610384990699,458.8217468261719,2930000
2023-04-27,458.1091850204717,466.45053297451847,458.1091850204717,465.96600341796875,2473200
2023-04-28,464.2748758921674,469.28157437802184,463.73334633685175,467.5050048828125,2398900
2023-05-01,469.8801027869093,474.4403104616273,467.2389937433873,470.9346618652344,2105600
2023-05-02,470.50720290344697,471.89425286970993,464.82595455915794,468.7401428222656,2152300
2023-05-03,469.6996771413403,470.69723633944915,463.64792817922097,464.98748779296875,1749700
2023-05-04,462.7168441916837,465.22496302416806,457.8716647075961,462.93536376953125,2555700
2023-05-05,469.3766224257986,475.8274002519871,467.4480429511127,469.58563232421875,2329400
2023-05-08,467.45756514317907,469.65215463889956,463.9234161252933,468.0085754394531,1738500
2023-05-09,468.21755213991116,474.449810117656,465.80444323609885,465.8804626464844,2038600
2023-05-10,464.9494591303334,468.81612796493147,463.27740884495256,465.58599853515625,2018700
2023-05-11,463.61939118694124,465.6334707884776,461.3963016837598,464.3414306640625,2384200
2023-05-12,464.3414195472757,468.27456888399877,463.3818701591172,466.6880187988281,1536500
2023-05-15,466.8494734857451,467.22000286209084,459.5341856505394,462.5362854003906,2169700
2023-05-16,463.2583596833297,464.76891934611933,455.0785316803706,455.7530517578125,2178900
2023-05-17,456.0190866896627,461.14929561633886,453.68199698839373,460.5887756347656,2682000
2023-05-18,457.9666879392214,458.4417078536871,450.214388448906,455.28759765625,3040100
2023-05-19,455.62005126744396,460.57925992999,453.93849134473754,454.8980407714844,2317900
2023-05-22,456.43712357369276,458.109202898481,454.03352404076657,456.6081237792969,2242800
2023-05-23,452.38992168082865,459.2397291605559,448.9317920634423,455.487060546875,2874200
2023-05-24,456.5985767714123,459.13519558546443,454.9645362831338,456.8075866699219,1904700
2023-05-25,453.7674746365161,457.7006239882957,450.6038261431063,453.833984375,2684100
2023-05-26,454.1760053142714,463.98993227041325,454.1190052481084,457.463134765625,3135200
2023-05-30,452.86494810292214,461.59581586041134,452.2474280544169,455.8765869140625,3180800
2023-05-31,454.2329514074032,463.04931817228606,453.2734020861545,462.8973083496094,4944100
2023-06-01,463.41991083121957,473.8608387002475,461.82382197162315,468.9681396484375,3376600
2023-06-02,467.4195309450926,475.98887857497147,465.8614519253452,474.6208190917969,3064500
2023-06-05,475.6849019564915,477.7749719559723,472.5687728178685,473.30029296875,2688800
2023-06-06,474.92488482647406,474.92488482647406,459.50575760309357,463.2109069824219,3816600
2023-06-07,465.4720122971082,465.9375225220658,457.5391741567671,458.0426940917969,4381700
2023-06-08,460.1897476636046,467.24853572943994,458.3276489626922,465.73797607421875,2725900
2023-06-09,465.50999951549943,473.3288376277344,462.88790934217457,468.9586486816406,3174100
2023-06-12,467.70452187927316,469.7471303812883,464.30339258893514,467.98004150390625,2207700
2023-06-13,466.3460182668029,469.9466771208841,464.24643848859034,466.7640380859375,3016600
2023-06-14,431.9260743762579,437.6168030497697,423.413697567615,436.88525390625,14672400
2023-06-15,440.7105812155787,450.25952667983904,439.68033917564463,444.43096923828125,6798100
2023-06-16,444.66942648720345,446.93977831881176,436.8375612808195,437.37176513671875,7699100
2023-06-20,435.7119634571859,448.8190857842841,435.7119634571859,447.769775390625,4597700
2023-06-21,447.3499931133834,457.2900275771038,445.671050078866,454.79071044921875,4886500
2023-06-22,456.1548793639021,460.92457787022573,455.9831772045375,456.98480224609375,3179000
2023-06-23,456.2979628286389,460.06603627963153,454.5999513310722,455.02923583984375,4862600
2023-06-26,456.11671556027494,459.14068793043054,451.21345181419247,456.99432373046875,2968300
2023-06-27,456.10715384773414,460.92453727001345,455.76372044732665,460.3330993652344,3693200
2023-06-28,459.7607466803044,459.9133805181068,452.148326886433,452.5966796875,3670100
2023-06-29,453.19762209511345,457.61436719590967,451.28974285412517,454.4949951171875,2979300
2023-06-30,455.983172156876,459.8943307111513,453.23582118973763,458.5015869140625,3970400
2023-07-03,456.0785812796323,458.091380094475,454.36147233407456,455.86871337890625,1915700
2023-07-05,454.1038892704104,455.3058625421711,448.9144552586509,449.51544189453125,5053100
2023-07-06,447.73159978396757,450.6411041966857,445.15595097354924,447.7411193847656,3913600
2023-07-07,443.5819444731863,447.0256526920375,439.59448365811807,440.3194580078125,4131600
2023-07-10,438.81226676838975,441.76948569291045,438.0109609051138,441.7217712402344,4339200
2023-07-11,441.0730550830724,445.00328163854914,439.89972798837937,441.5691223144531,3086800
2023-07-12,441.674099704445,443.41027701844024,430.46530775730196,430.89459228515625,7287600
2023-07-13,431.18070822864325,433.947127304185,426.5827122735019,427.12646484375,7276800
2023-07-14,441.24475187403567,462.66070761349266,438.9171369129642,458.0531921386719,11379300
2023-07-17,458.94993986345463,462.27920939225197,456.2693714907349,461.78314208984375,4582000
2023-07-18,466.7912992537394,481.1862749039754,465.0456024169922,476.9698486328125,8816400
2023-07-19,484.1625757307797,490.95459279666926,479.33564305569115,480.49945068359375,4956500
2023-07-20,483.3230731609529,485.25002079996636,477.47541836870994,481.0145263671875,2963100
2023-07-21,481.7871640950416,486.90029528505016,481.28157729170925,483.1990051269531,2887300
2023-07-24,482.0543267600664,486.2993699903037,481.32935239776134,485.2500305175781,2279000
2023-07-25,486.50920544632424,488.8940544926298,483.9144885194668,487.3963623046875,2730600
2023-07-26,487.97827270558093,492.0992696657777,483.29442576107783,484.601318359375,3697200
2023-07-27,485.14517032624286,486.98626715054576,479.95573549327463,481.9590148925781,3028300
2023-07-28,481.9398381047789,484.1052997225003,474.37510373495616,479.74578857421875,2930000
2023-07-31,479.8316755794043,484.48690603617484,476.0731507816967,483.04644775390625,2441600
2023-08-01,484.12436832348607,486.54738316554824,479.3451214011655,481.4914855957031,2161200
2023-08-02,486.21354637262795,486.9576182022335,479.8221384966317,481.54876708984375,3220500
2023-08-03,479.7267542694069,482.6934927908975,477.9619599852361,481.6059875488281,2442900
2023-08-04,486.5091965821139,487.36773640075586,478.6391948726973,479.5740661621094,2411200
2023-08-07,482.4454202474558,489.9433717824255,481.4056295418441,487.2151184082031,2430900
2023-08-08,479.8315918417087,484.7634721058693,476.988841513129,482.5598449707031,2422600
2023-08-09,480.7855648222771,482.4358908326154,477.8092778884284,478.98260498046875,1916900
2023-08-10,481.23394172939174,488.45524283479875,479.6217813740837,480.28955078125,2179700
2023-08-11,482.34048943270017,487.1483532161519,481.0240481136183,484.6108703613281,2029600
2023-08-14,485.698350948195,489.847994111152,484.8398111139104,487.3963623046875,2127200
2023-08-15,488.01646514219385,489.9911564451766,482.95104759953057,483.3517150878906,1817500
2023-08-16,484.60133907419674,486.98618818381385,479.66945830626037,480.3658447265625,1454100
2023-08-17,472.6580452819242,478.1431984669355,469.1666225437726,471.2080383300781,3009500
2023-08-18,471.9902667821106,477.86653861814074,470.76922517409974,475.481689453125,2364400
2023-08-21,474.5945299099704,477.2083152644675,473.3639395963293,474.7566833496094,1533500
2023-08-22,472.60077850083013,473.90767111997457,468.699139843542,469.6626281738281,2079400
2023-08-23,470.2922939125089,471.24623365675336,465.45581242232623,466.8962707519531,2011400
2023-08-24,468.79452594883185,472.6007647108439,464.7688997126485,465.617919921875,2311100
2023-08-25,467.3541115461426,468.5274386473767,462.3268311159638,466.5909423828125,1923500
2023-08-28,467.89780781513775,470.34943948349496,466.6004639807555,468.65142822265625,1344500
2023-08-29,468.8327219648857,470.2350144178984,465.493933182658,470.13006591796875,2113700
2023-08-30,471.2366369940011,473.8313539988044,467.70707776659646,468.88995361328125,2283400
2023-08-31,469.68170636786317,471.0744792004526,454.3519185045266,454.6285400390625,4927700
2023-09-01,456.93708190840215,458.5110764725488,451.55684843162203,454.30419921875,3165900
2023-09-05,455.98321936236596,462.2792277951951,455.54441521055486,458.6637878417969,3443300
2023-09-06,459.8847374546012,460.9054598116524,454.43775049960504,454.9719543457031,2596100
2023-09-07,457.79564488293477,464.6735417984532,456.5555349483836,462.4794921875,2928000
2023-09-08,459.8555236724279,462.517798580199,458.4765006327651,460.41094970703125,1858400
2023-09-11,461.5697383571118,463.3509594295623,457.75826778210075,459.079833984375,2059200
2023-09-12,457.1646047072148,463.1595246047664,452.12733825143107,459.577880859375,2195200
2023-09-13,461.0429898434239,463.54247998353605,459.1564118017442,459.52032470703125,2197800
2023-09-14,462.1921689762176,464.72035822918576,458.50519830810174,463.12109375,2334300
2023-09-15,465.1704755971149,469.0777171837325,463.6382537928216,466.08984375,5334300
2023-09-18,467.72745032164664,468.0434630505607,463.121140300833,465.4769592285156,1997500
2023-09-19,463.27436458682274,465.16094273576624,456.36010666902206,460.3056335449219,3230700
2023-09-20,462.30712448056306,474.14370508440095,458.8500101412615,471.2899169921875,3724800
2023-09-21,473.26263358235866,483.74894773128364,472.1996233414544,479.9183349609375,4703900
2023-09-22,477.8689305913542,487.85724611450297,476.9400058498518,484.66827392578125,4558500
2023-09-25,486.73684613823957,489.30334981277593,485.17586667771513,488.6712951660156,2758500
2023-09-26,487.3880378271646,487.84772189923535,483.02114143089335,484.04583740234375,2420200
2023-09-27,484.7927840940926,484.917254459372,479.8321183668912,482.3986511230469,2593700
2023-09-28,484.5438495306903,492.37747586782126,483.62451053027945,488.49896240234375,2922000
2023-09-29,488.25949301730617,488.2882214444814,482.46567358474687,482.83917236328125,3006200
2023-10-02,484.1224691149454,493.0382481797868,481.8336929367342,492.7796630859375,3550400
2023-10-03,491.56339843045714,492.2145956222827,486.8325890673137,487.8955993652344,3143200
2023-10-04,487.9147343820185,490.1460827721482,485.15668840594356,488.99688720703125,2801700
2023-10-05,489.954586474824,496.2655475663459,489.5811168774851,494.3693542480469,2790700
2023-10-06,494.5800614447874,503.6777678494142,494.1299339968149,502.5860290527344,3647200
2023-10-09,499.08104261316157,504.5587914541829,498.2191312596072,504.21405029296875,2341600
2023-10-10,504.2044363131244,505.77500167183416,500.9292785630468,502.0401306152344,2455700
2023-10-11,498.8607567365101,503.3330398759211,498.1999736002077,501.9348449707031,2819300
2023-10-12,502.2604296232402,506.19642935492607,500.13446722045904,503.2851257324219,2377300
2023-10-13,510.668515524134,521.403827816247,509.4714491492532,516.55810546875,5245400
2023-10-16,520.1780950800303,523.6256819150202,513.4170653462069,515.2462158203125,3827600
2023-10-17,517.0752796194774,519.4598267744716,511.9326865272453,513.9246215820312,2586000
2023-10-18,520.0439585556826,520.9441548772438,512.7275327288671,513.3595581054688,2551400
2023-10-19,514.0874100642236,515.5430616670064,506.837968153754,509.1171875,2351200
2023-10-20,508.51379935517195,511.79854249513795,504.4629454204032,504.7119445800781,2811100
2023-10-23,504.7119923105942,505.4302322081157,498.2573606664371,499.4831848144531,2357700
2023-10-24,500.7185524013781,508.1978217686216,499.9620273939911,502.7679443359375,1978200
2023-10-25,504.94185182106304,509.81627416978563,498.0563225611418,507.7573547363281,2380100
2023-10-26,503.43832481354,508.0062910660457,500.392994495031,505.98565673828125,2675800
2023-10-27,503.7160781390126,505.39197150791585,499.18639648037265,502.4423828125,2585600
2023-10-30,502.7680110086469,509.29921389905047,500.79524743680525,507.54669189453125,2555400
2023-10-31,512.3445148305652,513.9533653584008,509.1076420047531,512.8807983398438,2464200
2023-11-01,507.53704636579016,513.1393529004173,504.49171607104324,509.08843994140625,2747400
2023-11-02,509.47158375374005,514.1066517001052,504.6354460115956,513.4266967773438,2350900
2023-11-03,511.93269231306266,513.2829576442248,506.4070144918971,508.4181213378906,2739500
2023-11-06,509.1171986567573,513.3213104249922,507.60409016547044,510.8697204589844,2684900
2023-11-07,512.6892534694501,516.7976235092161,509.0118975526246,515.0546875,2604800
2023-11-08,517.1328884129972,518.4736266890951,511.5210529483465,514.0013427734375,1769200
2023-11-09,514.8343719120011,518.0042018813041,511.84649840107875,516.1751098632812,1819600
2023-11-10,519.6991648381112,519.6991648381112,513.3212210631966,518.2914428710938,2480800
2023-11-13,518.2340818507536,521.1070416131331,515.1312362089503,519.5939331054688,1507900
2023-11-14,516.2038660715292,519.6896795241634,513.7905611461916,517.5733032226562,2454000
2023-11-15,517.1806729225763,517.5733435230121,509.18429093936305,515.610107421875,2473700
2023-11-16,515.6100643589979,521.7869395564619,514.7098679594394,516.9603881835938,2360300
2023-11-17,517.3913336181103,517.6307469276194,505.9665375023974,513.579833984375,2676900
2023-11-20,511.0133525473756,513.6277857472818,509.280002449157,512.4402465820312,2518400
2023-11-21,514.9971764787738,518.7319888624355,511.56876168052537,516.7401123046875,2115700
2023-11-22,519.9769980076113,521.3464936993159,517.381794904253,520.7335815429688,2234500
2023-11-24,521.8540374850418,524.4014281502205,519.8238170416405,523.93212890625,1135000
2023-11-27,523.9321148802062,527.5616584190585,518.5980372541338,520.57080078125,2675800
2023-11-28,522.5244510575191,522.7064075491103,517.1999002700137,517.6404418945312,2859300
2023-11-29,507.5562228982356,518.9139764240233,506.26341438992756,512.3253173828125,4550000
2023-11-30,513.1009916842812,530.482420803648,511.39639936693885,529.553466796875,7121200
2023-12-01,528.9097090168541,533.0224758499639,523.855259104165,525.777099609375,3462200
2023-12-04,526.8340953483944,530.3030030437128,521.8180616243535,526.8533325195312,2709200
2023-12-05,527.6414638407285,530.9374730222262,524.0380116874275,528.7561645507812,2645600
2023-12-06,526.161521923454,530.3127046953258,525.7194774674487,528.0545654296875,2239700
2023-12-07,529.8033420620902,529.9571221418889,523.2402991598663,526.84375,2511700
2023-12-08,528.7175234520921,530.1685224455483,523.2595033498276,528.28515625,2039900
2023-12-11,528.2754551922136,528.5060666373062,517.9935981658332,522.4330444335938,3655300
2023-12-12,524.4702005800351,526.0941579623158,521.4433373295702,524.393310546875,2706100
2023-12-13,522.7405899735186,527.9487610472345,517.5420374858105,527.5548095703125,2876600
2023-12-14,523.0289165856949,523.6246824899821,508.7112390585734,513.362060546875,5386800
2023-12-15,509.28769620782657,512.6509168431613,502.52283924386506,510.3639221191406,9030100
2023-12-18,508.4325182826215,510.7002760808565,504.7041428821715,505.9725646972656,3260300
2023-12-19,504.0891609478721,507.0007186987961,501.388977492102,503.56060791015625,3645600
2023-12-20,503.3780500919341,504.31979181998076,495.7099252559292,495.767578125,3847800
2023-12-21,498.6022816973023,500.4664692448683,496.3152869126622,499.5632019042969,2491600
2023-12-22,499.56319075273683,502.57087562548344,497.7758932836038,499.97637939453125,1759500
2023-12-26,499.56326646886873,501.100715538797,497.7278757923472,499.7074279785156,1390800
2023-12-27,499.438320503991,502.7150328854598,499.0635475150779,502.3594970703125,1851800
2023-12-28,503.01288689638557,507.2409593872665,502.5036296701639,504.3870544433594,2001000
2023-12-29,505.4247883684817,507.59647740593084,503.4452951011449,505.8956298828125,2080100
2024-01-02,506.2511935347128,518.5701381460897,506.0877948825989,518.2626953125,3415700
2024-01-03,521.8181364831333,525.4215875935288,518.3972625749948,520.84765625,2891400
2024-01-04,523.7015324589609,527.5452134311367,521.7796919728729,524.1051025390625,2994400
2024-01-05,525.6233195682993,525.6233195682993,512.8718904700328,516.3792724609375,2815400
2024-01-08,518.3203723109319,519.1371310098899,507.36585871952224,515.5529174804688,2648900
2024-01-09,516.9750916428645,518.5221591608342,511.5266902774529,517.3306274414062,2677000
2024-01-10,517.0711361466682,520.0500239565399,515.1973886766483,516.629150390625,2180000
2024-01-11,515.1781614580709,519.0506394408326,513.6407125683725,518.5894165039062,2814100
2024-01-12,498.58305454190173,507.82710242691195,493.0770004131774,501.1295166015625,6327300
2024-01-16,503.24361079690925,504.0027167491559,496.3633883401327,498.86181640625,3736700
2024-01-17,500.908442866853,509.92181917679056,499.6784370237624,504.4253845214844,3791300
2024-01-18,485.485721426677,496.6420201568358,478.01935273202247,496.16156005859375,7367000
2024-01-19,494.87394226919736,497.3242772436532,482.2090200662012,483.8810119628906,6143400
2024-01-22,484.2461577497718,493.49982453752733,477.096908675585,492.9424743652344,5922900
2024-01-23,492.4716287821384,497.83358020627014,492.0680586985768,495.3736267089844,2672900
2024-01-24,497.66060483581714,501.34088704632063,492.9040380222069,493.1730651855469,2918800
2024-01-25,468.5351278850341,476.1456296018151,460.2808259860335,474.1180725097656,14671000
2024-01-26,474.00275316208047,484.00593676668257,470.7548379331656,483.53509521484375,6212200
2024-01-29,483.4486155405854,486.7157681387079,481.5652198954627,484.82275390625,4554100
2024-01-30,484.822694201516,486.2736637873329,479.71059161219307,483.92901611328125,4931200
2024-01-31,484.79389817533973,494.8739424937992,484.79389817533973,491.7413330078125,5358100
2024-02-01,488.9450648074999,490.2807581044733,483.34291234473733,487.3211364746094,4242600
2024-02-02,488.38771160754715,492.8655741165688,485.6394937992231,490.29034423828125,3804500
2024-02-05,490.03088514598335,494.10520696912965,480.5081618976613,483.304443359375,3646300
2024-02-06,484.24613121877286,490.9725726644002,482.8143694950472,490.713134765625,2745400
2024-02-07,493.92259093282354,500.6394136046853,492.6541692576781,499.09234619140625,4109100
2024-02-08,500.2838598953075,501.7540372195327,497.0648008688015,499.7649841308594,3343000
2024-02-09,498.7080365586853,500.0533484911101,496.11353991753634,497.9681091308594,2715400
2024-02-12,497.9680886640227,498.70801606143704,492.7695356579494,497.4107971191406,3194000
2024-02-13,501.6004357545462,506.3377661653481,494.11488714720144,496.65167236328125,3436000
2024-02-14,495.1237896401874,498.2660177033479,494.1916664766849,496.7381286621094,1918500
2024-02-15,497.1225028679799,501.3601353212724,495.6426481621341,500.5241394042969,2292100
2024-02-16,501.88865897214555,503.3204208294873,498.61194656808897,501.16796875,2135500
2024-02-20,503.7240353445355,504.8386770506512,499.111571133235,500.6971130371094,2600200
2024-02-21,503.20504818429697,503.2242853556378,497.314602859775,501.57147216796875,2095900
2024-02-22,503.7143947196185,506.15511098221043,498.32364632216866,505.92449951171875,3186800
2024-02-23,506.16471756595627,509.7681683317319,503.675908431098,506.63555908203125,2502000
2024-02-26,507.6733181835508,511.9878400818253,503.82001916886105,504.7905578613281,2308900
2024-02-27,504.2525443449882,505.0501246133293,492.03922625839255,493.3556823730469,3780600
2024-02-28,476.0783628731986,479.06681097475575,465.46020512993573,478.807373046875,9558600
2024-02-29,479.0187450635376,482.14173587889667,472.38840119745936,474.31024169921875,6833200
2024-03-01,470.29360483995265,470.87013353388636,458.59919241534726,470.3992919921875,7315000
2024-03-04,464.35512190613474,468.00663668450335,461.3378473772586,463.0386657714844,5239800
2024-03-05,463.53834714089174,464.02839654186886,452.2282966969417,454.659423828125,5296200
2024-03-06,455.89897953187943,461.0494976996323,449.8932283148409,454.1308898925781,5577500
2024-03-07,455.4761993421619,462.3852182984332,455.091837106443,460.06939697265625,5102000
2024-03-08,461.4489041713062,467.15999021147593,458.0145450084243,459.75103759765625,4673600
2024-03-11,460.16585460106694,473.00611959328586,459.2011463104987,471.8870544433594,4410100
2024-03-12,470.9030717747612,474.9066053706322,470.1506004710567,472.08001708984375,4153800
2024-03-13,476.10282812650377,478.4953153016137,468.2018648190004,470.77764892578125,3669000
2024-03-14,471.4722534522742,472.3983652002896,468.06683424495327,471.74237060546875,3378500
2024-03-15,470.2470458347656,473.8839853200717,470.2470458347656,473.49810791015625,5713500
2024-03-18,474.73297021804075,474.73297021804075,469.21483744934494,469.8611755371094,2970500
2024-03-19,472.38876294626976,476.02570292146453,470.57510649075596,475.9099426269531,2511700
2024-03-20,475.0899151877425,477.1447486529618,472.1668501086374,476.7878112792969,3548200
2024-03-21,474.90657667903804,478.6882459772372,473.94186842792755,474.33740234375,3693400
2024-03-22,477.7235862266725,478.33132775650273,472.4851975164939,472.7746276855469,2847300
2024-03-25,473.2858765410152,474.13482451724985,466.98633280350623,468.7324523925781,2786100
2024-03-26,470.9030429368387,475.9291646776241,468.1053948990365,474.9355163574219,3113300
2024-03-27,476.27649321400503,478.23484985959243,473.97082627589975,475.6976623535156,2653100
2024-03-28,477.53061165318655,478.36990316923874,472.0317625306527,477.2412109375,3820000
2024-04-01,477.0193423550389,478.28310794717675,471.45298573501606,472.4176940917969,2928700
2024-04-02,443.37996252642824,447.315959631511,433.7328790486581,441.97149658203125,11867000
2024-04-03,445.69526497601026,446.51527297500945,439.4728842407044,443.5150146484375,4460400
2024-04-04,444.556883892078,445.4251154700995,435.9709859484241,439.3088684082031,5182000
2024-04-05,434.78439322841706,441.595231583116,434.12839863936966,439.6561584472656,5747400
2024-04-08,439.87804235065386,441.06464415184104,437.5820318985763,439.906982421875,4532300
2024-04-09,438.24771171604095,443.53432411674197,436.4919354386601,443.4957275390625,3521200
2024-04-10,439.41500810026685,442.55031031753623,433.9065315249758,434.1669921875,4493500
2024-04-11,434.49498483225915,434.8615492557356,425.89943035699963,426.1309509277344,5844100
2024-04-12,424.79967286824854,426.63261285187633,420.9794360315579,423.6999206542969,6045700
2024-04-15,426.4010886152718,432.526992495934,426.39143211083905,429.9029846191406,5376800
2024-04-16,459.9439479149622,462.8187891370728,449.16817310483134,452.3420715332031,11816500
2024-04-17,461.70938089289035,470.77763268351833,457.84089133449135,462.0856018066406,8759800
2024-04-18,468.9736594414447,484.2835757409321,468.81930257766385,475.77484130859375,8880400
2024-04-19,479.46002491439634,489.39650862432546,478.07084260768926,483.44427490234375,6618600
2024-04-22,480.21250445259506,481.7946402226068,473.32450238413116,473.8936767578125,4697700
2024-04-23,473.67178224341177,476.8649644079748,467.8545922867618,469.0218811035156,3646700
2024-04-24,466.70656294755764,471.60726797658765,463.74490151028186,470.1023254394531,3724400
2024-04-25,471.7037519702625,479.5854315654401,470.32422619669416,476.4308166503906,4329700
2024-04-26,474.6365375896652,479.68197317118285,474.0577066557113,477.8683166503906,2727000
2024-04-29,478.2155456819206,479.79768143376765,470.55575938411516,471.77130126953125,2192100
2024-04-30,471.7038016298009,472.4273329153966,465.55861395463165,466.62945556640625,3367500
2024-05-01,462.34615125160394,471.925698474518,460.23343752756307,467.02496337890625,2729200
2024-05-02,467.1889179199359,476.26682623662236,466.8609206423356,475.5722351074219,3561400
2024-05-03,473.53670555957837,475.39861496737495,468.6360003126541,475.07061767578125,2487600
2024-05-06,475.09958563154737,477.4052233120761,474.63651501829276,476.9325256347656,2029500
2024-05-07,478.49529818146397,483.9458939762659,477.5691864928566,483.2802429199219,3752100
2024-05-08,486.3770078859799,489.1071194846804,482.4313249394448,485.45086669921875,3078900
2024-05-09,484.4186390931665,490.042875519028,484.4186390931665,489.13604736328125,2342900
2024-05-10,491.0365606312588,495.4549414552848,489.10714389007506,494.71209716796875,2784600
2024-05-13,493.97886678416,496.506397786644,489.4061589228891,493.6798095703125,2454500
2024-05-14,496.4196313409622,497.95348461965733,489.39652640162853,495.74432373046875,2949700
2024-05-15,496.6607812576524,504.14692694618117,496.6607812576524,499.2847595214844,2981200
2024-05-16,501.64830627945383,509.52029994722295,501.17560864259286,502.8735046386719,3655800
2024-05-17,504.48456978778955,507.2918450833477,501.65798148392673,506.11492919921875,2657200
2024-05-20,506.1149394637721,506.1149394637721,498.3104231110895,498.97607421875,2476200
2024-05-21,500.0276531114835,506.20175139658437,497.7123294538666,505.07305908203125,2521900
2024-05-22,504.3687743042009,507.70668604622807,502.27537388852426,502.95062255859375,2299100
2024-05-23,500.0275853094291,501.87015215224915,497.0466109205419,498.5901794433594,3055400
2024-05-24,497.895565823509,498.88924359401955,489.60872540486724,490.2358093261719,2527800
2024-05-28,488.76945116764193,488.76945116764193,484.18708677207337,485.9042663574219,2912800
2024-05-29,474.9645067740239,476.4694494487963,456.5675114246792,467.6134338378906,7521600
2024-05-30,465.29807033460156,468.87712954589676,461.1305238068476,464.6517028808594,5169700
2024-05-31,465.3849314820086,480.8202641807219,465.3849314820086,477.8875427246094,6694800
2024-06-03,476.69130890320884,481.08071981752533,475.6687204778002,479.8844909667969,2795100
2024-06-04,480.96496915145866,490.33227852951137,477.13507601122063,487.650390625,3178400
2024-06-05,490.74713309002846,491.1330105290746,481.1964971904068,485.3640441894531,2464400
2024-06-06,485.8752862320215,486.88824752134633,479.73009961757236,484.20635986328125,2419600
2024-06-07,484.3221248916657,485.113163260311,473.1122200422528,473.3726806640625,3416300
2024-06-10,473.67177592576155,477.90685949982566,469.03153135187625,477.5306091308594,3332800
2024-06-11,473.536668104358,480.212462016261,472.9868067875508,478.70751953125,4599700
2024-06-12,482.3541841333848,482.3541841333848,470.2181658144366,475.66876220703125,4048200
2024-06-13,472.9771785783425,484.2835608988627,467.28540556346,479.7494201660156,4951700
2024-06-14,479.2960015021006,480.2800227890505,474.3760128295919,479.5757751464844,3188400
2024-06-17,476.00088871160096,477.73505043889224,473.45296741765776,473.9664306640625,2407200
2024-06-18,475.400276643127,476.3206493151767,464.09438680897483,466.0416564941406,3692700
2024-06-20,465.063202658589,470.7597568077689,463.193394410252,469.4034118652344,5258100
2024-06-21,469.3258873437064,473.0654444428849,465.595998148543,467.5335998535156,6368600
2024-06-24,473.60800285303156,475.5746971005362,469.38404503955456,474.6930847167969,5139800
2024-06-25,475.3324230758183,475.3324230758183,465.6056550852801,469.38397216796875,2916100
2024-06-26,469.38399458849534,472.2322713481387,466.4485293034084,468.9383544921875,3153100
2024-06-27,469.9168413939542,473.7242512117165,467.0104388382168,471.26348876953125,2991900
2024-06-28,480.88366408447723,493.5071377384906,474.1408185743967,493.37152099609375,22734200
2024-07-01,490.93984267452566,493.0324561092615,477.5122767584579,479.21734619140625,4523100
2024-07-02,478.8395041470746,482.91814733281194,477.9966521616955,482.6953125,3312000
2024-07-03,481.61027674463696,482.5403172879542,471.34098175921685,474.6058654785156,2239200
2024-07-05,473.74364934721234,474.39275897168375,469.3840452121153,472.7845458984375,3499000
2024-07-08,473.9277143426346,478.47139292605635,471.00194627001173,474.0730285644531,3450600
2024-07-09,473.09452561521346,479.9439550033724,470.9244210825123,476.756591796875,3056800
2024-07-10,475.6231107012088,485.8536457214529,474.8286868767024,485.3014221191406,3189800
2024-07-11,482.17220191083726,492.8580742597315,482.17220191083726,488.6243896484375,3535100
2024-07-12,491.10455139679755,498.5158721598449,487.72341624657173,495.5707092285156,3570600
2024-07-15,507.88412139354216,514.2685446763849,497.7698386870101,499.2908630371094,5128000
2024-07-16,517.2428069320214,532.7629566239938,510.68400613561494,531.7457275390625,11062000
2024-07-17,536.7157157427853,555.7138878071705,534.0999414030541,555.3942260742188,10330800
2024-07-18,546.8880143264,563.3576268039001,543.9040915091174,546.7330322265625,6834800
2024-07-19,549.4263931654424,552.1196882046354,544.02046727697,547.6922607421875,4290400
2024-07-22,545.4833713034042,546.6459442871325,539.6996579274604,541.1044311523438,3377300
2024-07-23,541.356283833627,541.4047711878555,535.5628728361919,537.3939208984375,2785600
2024-07-24,542.5284550859759,543.6232047347471,535.7662443355451,542.2862548828125,3156200
2024-07-25,544.4661311477233,552.1099847960038,541.1528484721289,542.218505859375,3102900
2024-07-26,542.5284745752543,561.0616395175568,542.5284745752543,551.9451904296875,3201900
2024-07-29,548.0603395164092,553.5243312649965,544.2335644069094,549.06787109375,2965000
2024-07-30,549.2132142903997,561.3522579446807,548.3315724216119,558.3489990234375,4139100
2024-07-31,547.7987485300142,562.7764307815369,544.776094644128,558.1842651367188,4713200
2024-08-01,559.1919276546386,569.1705657470847,549.4070024500527,554.900146484375,3680800
2024-08-02,564.1617893721432,573.0844069430418,557.3026631156044,571.4277954101562,5094000
2024-08-05,563.958388617299,568.511764781994,549.0776206300927,552.1777954101562,4587400
2024-08-06,550.4823937673017,559.5019279955611,544.9796116201483,550.6179809570312,3216500
2024-08-07,548.9321958724607,553.8149896484026,539.6511269724864,548.4187622070312,4320700
2024-08-08,546.7620777859904,554.5900044490156,546.7620777859904,548.57373046875,2860800
2024-08-09,546.9268480210004,548.2734954861265,540.2324597067237,541.3272094726562,2976700
2024-08-12,544.7760713628837,551.2476535923006,543.5456754285816,547.6533813476562,2532400
2024-08-13,552.2067543460482,557.7676614349585,551.2476510222623,556.3241577148438,2369400
2024-08-14,557.2930576876245,562.9896120927269,555.3845481692715,561.5848388671875,2344400
2024-08-15,561.584675968776,565.1402170535019,555.6168897726014,561.5265502929688,2751800
2024-08-16,562.7957656020992,563.5030304220387,556.1885367988868,559.6568603515625,2728900
2024-08-19,560.0444227805158,565.1015349327051,559.0659244421029,560.7225952148438,1847900
2024-08-20,561.7591527330803,565.5956254101995,557.544892661591,562.5342407226562,1677500
2024-08-21,563.3674063797197,565.1887567555079,559.4146822523799,560.0347290039062,2844300
2024-08-22,561.1779215710014,564.7624967287557,552.8171650698632,560.6644287109375,2282000
2024-08-23,562.8733638785825,566.9520372516492,560.4029332299119,566.2738647460938,2376400
2024-08-26,569.7032918875727,573.6172849171431,567.4653644312314,568.81201171875,1800000
2024-08-27,571.0789995230175,573.8595123184366,565.5665795404526,569.025146484375,1581900
2024-08-28,570.6334067052065,574.3439305731903,565.6537560698639,570.1780395507812,1657000
2024-08-29,572.2512784435181,574.1210569865484,566.13814745101,573.113525390625,1953200
2024-08-30,571.5925439074102,574.7508443736757,568.2889587814127,571.7863159179688,2944700
2024-09-03,574.0339215272437,581.9199158222183,573.3557490789321,580.001708984375,3175500
2024-09-04,581.2804371401426,588.9727172902,579.2265843260531,585.3300170898438,2935000
2024-09-05,585.3398347786369,587.0933620922567,571.2728263887908,576.9112548828125,2144800
2024-09-06,577.2794361180469,581.8715433094266,573.7820787662397,578.2579345703125,2926400
2024-09-09,579.6530070975595,580.7767902121957,557.3221564253435,575.5646362304688,3411400
2024-09-10,576.6399938501957,585.9307611886236,572.7066646373235,580.3408203125,2863500
2024-09-11,570.7593264558675,572.9488257591555,560.9065795910717,571.3502807617188,3563600
2024-09-12,570.1684416554402,572.0866485814727,565.0144135945964,570.0618286132812,3395800
2024-09-13,572.6388654701018,579.0329279022397,568.9089464422583,575.7777709960938,2241900
2024-09-16,578.4805542001167,582.1653081323252,571.441573421655,572.7832641601562,2548600
2024-09-17,569.7401863988628,570.4304361729731,560.3872782234296,561.9136962890625,3416000
2024-09-18,560.8442390396913,568.291602610778,556.4205755750946,564.529052734375,2988300
2024-09-19,567.5137365787089,568.5929639553971,558.6275420204155,561.0484008789062,2945700
2024-09-20,555.8274599723129,562.7692408389695,553.8343875853782,559.0358276367188,5398700
2024-09-23,560.4844332883839,563.342810068817,556.1191022772401,557.4899291992188,2386100
2024-09-24,554.9718527416862,561.2816559343427,550.2856673231173,559.2205200195312,3188500
2024-09-25,561.8261343573298,564.976170185657,557.169144270462,560.3094482421875,2658800
2024-09-26,559.0358014659014,560.5913556120065,555.0593293943117,558.85107421875,2751900
2024-09-27,561.641409276644,570.4207307771425,560.5817050335593,565.6956176757812,2986200
2024-09-30,567.2997290434878,570.138641663442,562.6718760010141,568.4469604492188,3009700
2024-10-01,568.758160038515,572.3554457393545,564.6456200241473,567.1053466796875,2648400
2024-10-02,587.483406831394,587.7361977168574,568.0289525933939,575.8651733398438,3667000
2024-10-03,574.212308365539,576.7595620210137,568.1455650230165,576.2929077148438,2645800
2024-10-04,575.6901832203581,579.5791277323614,572.1026295344119,574.7860107421875,2462600
2024-10-07,572.4429306320808,575.9916164970558,567.1345589599428,567.358154296875,2591100
2024-10-08,571.7331766062632,572.8512718927245,563.4691694958849,565.43310546875,2231400
2024-10-09,565.996962902121,576.3415696323309,564.4900087592297,574.805419921875,2207700
2024-10-10,578.6555365979972,582.3208860749389,576.3027416004052,581.1055908203125,2143200
2024-10-11,579.9291756807951,584.8195523703364,579.6472485384855,581.4458618164062,1909700
2024-10-14,582.4763330301386,591.7320393320188,580.7943836313818,588.5917358398438,2447100
2024-10-15,536.6938674911431,553.882997070968,527.9242776288353,540.8452758789062,11939400
2024-10-16,541.5452566246908,560.183006633779,539.7077160960328,555.4774169921875,5103900
2024-10-17,545.016241702806,553.6593773114845,543.2078370858433,550.31494140625,5588700
2024-10-18,551.1120289313823,555.0982326859265,547.4078116337282,553.79541015625,3687000
2024-10-21,553.8246103504085,563.1969810040714,552.9107060030085,555.603759765625,3018000
2024-10-22,552.0842480843232,557.1301558392069,549.7897851199408,554.0384521484375,2593800
2024-10-23,556.2454792895211,558.1996834667442,544.4522499146584,548.9634399414062,2911900
2024-10-24,549.3036860290907,555.8274118766712,544.7536280248253,545.23974609375,2590200
2024-10-25,550.4412965852025,555.6330647170935,547.9621058023531,548.8857421875,2513700
2024-10-28,550.5287820816828,552.5510501173222,547.1842869745299,549.5468139648438,1826500
2024-10-29,547.193916556525,551.9189696540011,545.0938533972594,546.5230712890625,2600300
2024-10-30,545.6674721150899,554.4759281777478,545.3758131740572,547.3300170898438,2323600
2024-10-31,545.3077806239903,552.6676149153546,545.3077806239903,548.8272705078125,2490000
2024-11-01,549.4301094931102,554.4954813922312,548.2440098279278,551.8023681640625,2548300
2024-11-04,551.0050475060842,552.8037197964801,539.9993283386916,542.2841186523438,2656600
2024-11-05,542.7801028972233,552.9496564832752,539.0078213556695,551.2871704101562,2608100
2024-11-06,587.133502034331,588.6890563164364,574.4457713497524,580.1236572265625,6591300
2024-11-07,582.0680550804965,590.7695803724663,579.5985966557788,588.640380859375,5254300
2024-11-08,592.0918424438405,602.5919814762048,588.3973567728997,598.7127685546875,3875800
2024-11-11,599.7725374748807,613.2185214395669,596.875233237819,607.8906860351562,3003200
2024-11-12,602.3781443065122,607.1420662632261,596.7391860003048,597.6044311523438,2809400
2024-11-13,595.9808779947643,595.9906098526856,586.3168463760052,589.048828125,3409400
2024-11-14,586.7251654685767,589.1752200259925,572.6374704446289,576.6820068359375,3079200
2024-11-15,575.486084711468,582.3014705580057,573.570807715135,575.7874755859375,3423900
2024-11-18,573.074983813099,577.6445064249167,569.0693748871474,573.2791748046875,2577100
2024-11-19,566.541509847862,570.5471780084887,560.7567513190481,560.9803466796875,3198300
2024-11-20,566.5317597302557,585.9084194688302,565.403932542831,583.8278198242188,3928600
2024-11-21,583.341750707611,587.2306957123285,580.1625191772653,580.9014282226562,2722900
2024-11-22,581.9417088585104,584.5667585178719,572.3262784110656,574.4652099609375,3197900
2024-11-25,580.9889388542027,592.9085644446978,578.4902846397983,589.0098876953125,5146200
2024-11-26,591.3529917939233,591.5765871517311,582.252874357283,589.9432373046875,2693600
2024-11-27,594.0654631184378,600.3072023748916,589.8556641160078,591.489013671875,2269800
2024-11-29,591.8973904968894,598.6836395681149,589.777922688135,593.258544921875,2010800
2024-12-02,596.9530184176677,596.9530184176677,584.0903526612718,591.6251831054688,3364900
2024-12-03,593.8904149276831,598.6543956901149,588.0278619341796,588.4264526367188,2329900
2024-12-04,594.055808007737,605.5379156604814,590.1182037523014,593.8321533203125,4147600
2024-12-05,588.8251512395667,592.0821188000466,557.9566516363685,562.8955688476562,5943700
2024-12-06,565.9483547052441,565.9483547052441,529.0325776383695,534.3604125976562,13003600
2024-12-09,538.7328142517995,549.4488935604217,531.5497243581414,547.1456298828125,7684700
2024-12-10,548.4924425541785,554.104242455756,543.6419241015456,551.6057739257812,5360600
2024-12-11,542.3047804973326,544.6861378963755,519.8673507556628,520.7067260742188,10363000
2024-12-12,518.7547896715046,521.165395022042,501.83152760067463,503.3638000488281,9403800
2024-12-13,503.2466383419266,514.8508772133844,498.4448771368879,507.97027587890625,8202900
2024-12-16,505.54996740710413,509.1610505165067,484.15679738016513,486.5186462402344,8880000
2024-12-17,475.29502507272537,483.68833126696774,464.3837419122565,473.8505859375,14132700
2024-12-18,476.6906648663276,494.3654097322328,474.3190766313533,487.7093200683594,10147600
2024-12-19,488.1192107618266,491.5448280893091,474.5532717290708,477.4909362792969,7418100
2024-12-20,477.5299777993906,490.5591179962076,476.9834397196162,488.10943603515625,10956900
2024-12-23,488.72432403446214,496.5515539111152,487.0554021629619,494.1701965332031,4286000
2024-12-24,492.27685184821286,493.9360046386719,488.5584267364179,493.9360046386719,1824400
2024-12-26,493.4968152297538,499.9088841892053,492.5989438924492,498.8646240234375,3387000
2024-12-27,497.1762053819639,500.84581428146595,495.5951167390291,497.73248291015625,3471800
2024-12-30,494.677713607988,497.47875878818195,488.62674715731663,495.5951232910156,5408600
2024-12-31,497.10785985057595,498.7181964066163,491.2422997122224,493.70172119140625,4214000
2025-01-02,495.7903253514563,499.80152805744234,491.1935375642206,492.38421630859375,4234900
2025-01-03,494.180003153723,503.88107019718046,493.23331568353825,500.670166015625,3019500
2025-01-06,500.67012515136406,507.79465887828235,497.56656310270165,501.3240051269531,4444800
2025-01-07,506.3795531032499,507.01395435175624,498.9329631619217,501.89013671875,3914500
2025-01-08,502.1340789966087,512.0596280772745,497.26402233861074,511.91326904296875,4141700
2025-01-10,513.9823592190216,522.5806107835227,506.008680149576,508.17535400390625,5467500
2025-01-13,522.1804263270486,534.2434020983826,520.326128091502,528.1338500976562,6472500
2025-01-14,526.67966124315,531.4618551387367,523.6541332832248,530.6713256835938,3978300
2025-01-15,524.1909013851681,533.1600242346661,521.4875182035121,530.3590087890625,4103900
2025-01-16,517.6031374666634,526.8650975646193,497.742268803449,498.3180847167969,9059900
2025-01-17,493.46748565948764,509.27813272379905,490.71525683692886,497.50799560546875,7495700
2025-01-21,501.69494659677736,512.3817784611779,500.49452834906185,512.3720092773438,5682100
2025-01-22,509.1219514245326,511.8351631208615,503.5980149128159,507.22857666015625,3756100
2025-01-23,515.1828124613498,518.7060329958857,506.8383208281136,517.0371704101562,4580800
2025-01-24,515.417032462217,521.7803454303585,511.90358112649733,519.7113037109375,3671200
2025-01-27,527.0016492061889,538.6449064426826,527.0016492061889,530.4566040039062,4263000
2025-01-28,529.9588184159757,533.3649270836427,524.9130955286945,529.4415283203125,3162700
2025-01-29,528.7096286923778,530.4175678568506,521.1752056566922,525.1668701171875,2737600
2025-01-30,526.5039733722233,533.9603625828805,522.1414370609151,532.4573974609375,2924700
2025-01-31,530.1833288848422,535.9610262242701,528.3972958790782,529.4513549804688,4120500
2025-02-03,528.9731200580401,540.5968389769887,528.0654796016948,535.0045776367188,4083600
2025-02-04,532.0962186702384,535.6194386115687,528.4949048367922,532.3402099609375,2869900
2025-02-05,517.9740340079306,527.7044388252797,509.36601308989236,526.8358154296875,4621600
2025-02-06,524.961961075421,526.1428409008064,512.6452844220886,517.3005981445312,3926800
2025-02-07,516.4808039125817,519.5941353324912,512.7623788245686,514.3629760742188,3349100
2025-02-10,514.9875237358008,521.3215281478717,510.80065460786915,520.550537109375,3143100
2025-02-11,522.141339282295,534.3799204444779,515.5731130854786,521.0872802734375,2631900
2025-02-12,526.8747789021097,529.3146918535286,512.8794715709562,514.7240600585938,3859200
2025-02-13,518.1399077136267,521.487460937888,514.4311925910665,518.4131469726562,2835100
2025-02-14,516.2855906854321,520.3846564381602,510.34193640874815,510.92755126953125,3705300
2025-02-18,498.6596647738373,503.59804633384084,485.05470741844744,488.695068359375,8759300
2025-02-19,489.2806196653615,499.55753201013545,486.1770574835424,498.75726318359375,4380300
2025-02-20,493.04783411681666,496.20995165655063,488.21679473414076,490.34442138671875,4144300
2025-02-21,428.9855059838852,458.41088156775413,427.9607544035126,455.209716796875,19864900
2025-02-24,455.4634129908409,456.751694148159,446.0160774053604,450.42742919921875,6919300
2025-02-25,449.69548269475774,459.4453954740098,439.2526727344916,459.07452392578125,9101000
2025-02-26,453.4822135760772,461.6803151067788,447.1872560543302,452.44769287109375,5108400
2025-02-27,454.9657069682821,463.9738466347329,453.8433231694455,457.2982482910156,4216800
2025-02-28,455.7757587646318,464.91077894800276,453.31633712697686,463.54443359375,6146300
2025-03-03,462.96862716425017,465.7989204097334,454.02878197185214,455.8245544433594,5700200
2025-03-04,458.45967355044553,467.69229642279277,455.248739556868,463.2028503417969,5864100
2025-03-05,459.74795458816675,467.5654159385529,459.68939905626087,464.5399475097656,3637100
2025-03-06,464.5594583123639,476.3881523593999,460.6555973181424,475.9977722167969,4964000
2025-03-07,472.2012356036691,487.9045420809615,471.7522999455181,481.61932373046875,5434100
2025-03-10,482.5014084650127,487.9607738378904,468.22081800284997,470.68096923828125,5108900
2025-03-11,472.91568567949923,477.10085621264864,467.6621703473412,476.3853759765625,4101000
2025-03-12,473.5429887694076,477.91438757615003,469.30879346826936,471.55328369140625,3680800
2025-03-13,469.92628010108064,474.4446933087641,465.56466235238486,471.95513916015625,2876600
2025-03-14,471.44547658165396,479.7276388104786,468.7402913023918,478.9435119628906,3915900
2025-03-17,477.82619689546624,490.6659568763152,476.29718685329823,489.1075439453125,5152300
2025-03-18,492.2635620463555,495.9194805918801,487.9313770872841,493.7925720214844,3617600
2025-03-19,495.0079757577674,496.2919517374039,490.12688690166647,493.20452880859375,3317600
2025-03-20,495.2137736553017,504.172232131932,493.50834638150013,501.1435852050781,4965400
2025-03-21,501.5160261653485,508.6906295058969,495.05693293690314,506.58331298828125,10244900
2025-03-24,504.84854933286636,507.9555642053211,500.9671886085324,506.2403259277344,3840900
2025-03-25,507.98498891184386,508.6906582198818,501.3690400351751,503.2312927246094,3015100
2025-03-26,504.96617712294943,512.5622325965084,502.66282118246903,507.9065856933594,3253800
2025-03-27,506.034453807836,510.7293440901765,502.760832681049,505.47576904296875,2822200
2025-03-28,506.6029584519804,510.63130360253183,504.8191035105759,505.7894287109375,2379100
2025-03-31,508.8670235468622,517.6294421628296,508.2887767823258,513.3462524414062,5238700
2025-04-01,515.2967727419767,517.6784964207452,510.60194209404585,512.7288208007812,2962500
2025-04-02,512.5622169365147,514.5714841003538,506.53435562223365,512.8072509765625,2378900
2025-04-03,519.4623384172891,537.6046677709553,518.7762311611419,529.7047729492188,6457900
2025-04-04,529.9007697426621,540.7802559955209,514.4146320788357,514.6204223632812,9919000
2025-04-07,503.2019389463481,518.6880786321115,493.58677549815445,514.2774658203125,7356700
2025-04-08,570.6058787546779,573.3894919039695,536.5853893036797,542.09375,11762300
2025-04-09,549.0134437736011,577.692235336738,543.446277961502,567.0087280273438,12691900
2025-04-10,568.7141950378262,589.9243558652828,568.4789719314278,582.5929565429688,8646000
2025-04-11,577.2217703059817,594.3153473206794,574.8792903500624,587.5621948242188,6121500
2025-04-14,583.1810263275843,583.7985169059876,567.7830654239833,575.3987426757812,4839300
2025-04-15,580.4758224466136,581.0835020722665,570.449048800578,571.9976806640625,3871300
2025-04-16,573.6933511394554,582.9948344848275,571.3802439706653,573.4188842773438,4192100
2025-04-17,472.3766479321924,480.0609120593661,438.218895786471,445.0896301269531,29120200
2025-04-21,440.82603498719664,444.4917345383184,416.37162660206866,416.88128662109375,13029900
2025-04-22,416.20499496231844,422.9287140424726,408.83435257546824,418.69451904296875,10156900
2025-04-23,418.58673981754424,430.13274211111457,415.3326807214203,419.45904541015625,8345700
2025-04-24,419.07681304247996,421.36051706851197,415.2346662449078,415.82275390625,7629100
2025-04-25,415.14647193468073,415.14647193468073,403.83569220775985,410.32421875,9263800
2025-04-28,411.41216199965703,415.69535232506513,407.2955780746548,411.6571960449219,6614300
2025-04-29,412.82355546130185,413.37242932309414,400.9737127661005,401.10113525390625,9909100
2025-04-30,400.9050802502607,405.05106685025186,393.0345883190306,403.2672119140625,9192800
2025-05-01,403.1496103085428,403.80628478178323,391.917228440082,392.720947265625,9316800
2025-05-02,392.0152581297499,394.01474431189285,385.30131931529314,391.97607421875,11392900
2025-05-05,391.1919436938183,401.56180113098975,389.6923365489881,396.7689208984375,8157200
2025-05-06,394.79883011419787,396.6807046872991,385.60517813276067,386.67352294921875,7858600
2025-05-07,387.4968149693618,387.66342135678536,378.03850754143076,383.2920227050781,8517200
2025-05-08,382.2530973106695,383.15483572687174,377.71506216446795,377.8914794921875,7218300
2025-05-09,378.00912419226535,378.8716188834068,371.0207486188464,373.07904052734375,8381100
2025-05-12,373.4318688118812,379.51850585748656,369.3544988858818,371.2265625,11004800
2025-05-13,329.0708626246093,335.2065237717209,302.9600542215707,305.19476318359375,59478300
2025-05-14,315.06478679276836,316.525180128247,301.0096076599364,301.8917541503906,40029600
2025-05-15,269.43939244936445,271.1546305259573,243.93626335863462,268.90032958984375,121849200
2025-05-16,273.74219935556937,288.6402490191184,263.79382466381117,286.11151123046875,71094300
2025-05-19,298.7160654100118,310.0072523111838,291.34545278059767,309.6152038574219,62524700
2025-05-20,314.5452751990946,318.19138251165873,306.37091419741785,315.192138671875,41487000
2025-05-21,295.02098952170763,303.8030012997249,294.10947005507336,296.961669921875,45506900
2025-05-22,288.05223072540565,299.5982335059974,286.6898271040973,290.7770080566406,27159600
2025-05-23,290.2183235083919,293.7468196733566,285.8469246016927,289.6988525390625,16873600
2025-05-27,293.5507799568823,293.99185319349044,283.38677276222637,289.1401672363281,20144600
2025-05-28,288.16000953271276,297.7457392656111,287.4543103537285,292.1883544921875,16114200
2025-05-29,290.90438080813425,297.3536930586561,289.1401478030405,292.2471923828125,16221100
2025-05-30,292.05116408386226,299.5688213679239,289.9634693394878,295.91290283203125,16309300
2025-06-02,297.098859944654,307.3216726363991,294.9915732403027,298.6670837402344,19074400
2025-06-03,297.0792634716304,299.6472153160375,294.0506464551164,295.2366027832031,12805700
2025-06-04,297.5105333632695,301.52909753376196,294.23688223345425,294.4132995605469,11255600
2025-06-05,294.4132968850753,296.4127829747652,288.26782417809767,289.9634704589844,13529000
2025-06-06,291.32589315454794,298.3436719277344,291.24746550826484,297.1968994140625,12589000
2025-06-09,298.98076902473423,301.2938762091427,295.1582436454414,297.1675109863281,12170300
2025-06-10,297.76533522048055,299.0591220512336,294.61910671461374,297.75555419921875,11384100
2025-06-11,296.6676050546351,305.3908108764983,296.22656173046835,304.3910827636719,14711400
2025-06-12,305.2143975672293,312.467399247979,302.3818195878851,312.1733703613281,15957200
2025-06-13,309.62501145293294,311.11483758102776,305.7142776894487,307.3020935058594,13762400
2025-06-16,308.9604091811427,309.2269137055468,300.85637621202255,303.6893310546875,14240100
2025-06-17,303.482040997663,305.9497758240427,301.5769268176736,304.8836975097656,11593900
2025-06-18,303.58071877793554,307.7660174240138,302.2777777158799,303.2352600097656,12205600
2025-06-20,305.5055674545465,305.5944022922722,297.69765095257475,298.11224365234375,16177900
2025-06-23,298.00366380850596,298.5663146016462,291.7059994539774,296.7994079589844,12274700
2025-06-24,297.55949412737453,301.8730900263734,295.4668295731443,301.6756591796875,8781400
2025-06-25,300.4516581921528,300.4516581921528,295.9307510789483,298.1221008300781,8722100
2025-06-26,298.66504333506776,302.75159689265377,297.40156420087226,298.7143859863281,6532700
2025-06-27,299.0401330653983,306.4433379098259,298.2998125809556,305.12060546875,15304400
2025-06-30,305.0120248863478,308.3484071951905,302.38635141325693,307.9436950683594,10074100
2025-07-01,307.9436829352748,322.3354986375609,307.06515491131813,321.9308166503906,17865500
2025-07-02,316.6004974566706,318.2588381530323,302.47518572880057,303.5906066894531,18177200
2025-07-03,305.8412002663213,308.2201004127761,304.2519933913119,304.5678405761719,6161100
2025-07-07,304.0249245149377,304.62703734111955,297.31269797123696,299.790283203125,9031200
2025-07-08,300.30360358554015,304.3210530724636,299.8791302925454,303.72882080078125,9613800
2025-07-09,299.27702597838163,299.6817381247198,294.89432630061896,299.0006408691406,12816700
2025-07-10,299.14870287290086,300.9945638185611,292.7720841177878,295.64453125,11355600
2025-07-11,296.1479325587523,300.1950240043129,294.1540135130348,300.17529296875,9808200
2025-07-14,297.7470308852492,300.1160503194042,295.1410884210772,296.70068359375,10681400
2025-07-15,295.84191129798575,296.7993936084719,287.27394327400174,287.9451599121094,16019000
2025-07-16,288.77431111528557,292.1699165731637,286.99755412803756,288.715087890625,9714000
2025-07-17,288.55717276368927,289.21853899124505,280.16687385097396,284.3521728515625,14792700
2025-07-18,284.1744986205289,284.3521683061481,277.1858564156644,279.0021057128906,14979700
2025-07-21,280.96642249714233,282.80240269399224,277.5708170671148,278.4986877441406,10319200
2025-07-22,278.982368876204,283.40453050836766,278.3604948657518,281.4501037597656,14600300
2025-07-23,283.78951291230186,288.863190315579,281.2724353690013,288.73486328125,13111100
2025-07-24,279.4463340833569,285.4774643235054,274.62931025640506,274.9846496582031,22585200
2025-07-25,277.3733939616759,282.44707121452234,276.3270768071626,277.4326171875,16486600
2025-07-28,279.84113735419993,281.32177829258194,276.08031178060696,278.47894287109375,15779400
2025-07-29,262.2708723279146,269.3878112120827,257.18731442979237,257.70062255859375,41706000
2025-07-30,261.3824588808696,263.1888576300695,254.78867870189532,262.6064758300781,22371800
2025-07-31,258.02636152497956,258.02636152497956,244.55253466122383,246.33917236328125,29606900
2025-08-01,247.37562280354035,248.24427032529016,231.57225361410582,234.7013397216797,39989200
2025-08-04,235.16526060807587,239.12350179970514,233.89190101834103,237.86988830566406,17427900
2025-08-05,238.0475737663687,248.81677206670605,236.9518989108334,247.7605743408203,23795900
2025-08-06,247.40521769232836,249.89269856981016,242.1440053298811,242.60794067382812,12946400
2025-08-07,243.23969779767694,245.53962858846128,236.40900923391547,241.5122833251953,11369900
2025-08-08,241.63072875348584,247.83955832275083,241.21615108928057,247.65200805664062,10185700
2025-08-11,250.59354073165474,255.0650751998776,248.8858723850487,249.11289978027344,11779500
2025-08-12,250.74162067938164,259.4872740723995,250.39613175659173,258.1941833496094,12171800
2025-08-13,260.97778177309374,268.67710247086285,259.49714086015996,268.302001953125,19480300
2025-08-14,268.58825744804994,270.3156717809819,263.55407251019085,267.9861145019531,25011100
2025-08-15,297.816091740027,306.2952247149541,290.90643444917595,300.08642578125,68198500
2025-08-18,309.1380790374468,312.31652279230343,303.45243831428553,304.50860595703125,39600500
2025-08-19,304.9133073493872,306.49266365382806,295.348364808071,300.3134460449219,22348600
2025-08-20,302.4455792417313,303.235272473315,291.88369208635527,295.9702453613281,16679000
2025-08-21,298.38864982448405,302.6134108847393,293.95657733784043,299.4349670410156,13359000
2025-08-22,302.1494519046866,306.6703287584848,300.64904988216495,303.4524230957031,14930000
2025-08-25,304.50860139611046,304.8837019149344,298.82296075810854,300.9254455566406,8917100
2025-08-26,300.3825723573073,304.9725534268672,290.40306648907733,296.5526428222656,16303200
2025-08-27,296.66123953388853,302.02115273032547,296.6217473392023,299.9581298828125,9982800
2025-08-28,300.32333708278856,300.54049895875846,295.5359253559859,298.3886413574219,11235000
2025-08-29,298.39848036026683,305.9991156037826,297.02643547398856,305.87078857421875,12065400
2025-09-02,304.3309393074557,308.85184655676227,303.333964758734,304.8146057128906,10957100
2025-09-03,304.1335064729303,305.5944163826719,299.78044860508044,303.906494140625,9654600
2025-09-04,302.14944589671825,307.88445899043484,300.17525811578406,306.37420654296875,7725700
2025-09-05,306.43345290192906,313.836657639367,304.2223720599371,311.319580078125,14126700
2025-09-08,315.5837821487358,317.49874672350666,309.7500535883213,316.1168212890625,18438600
2025-09-09,328.20874620843756,347.1708130058691,322.9376680044775,343.42974853515625,46408900
2025-09-10,341.1001875193018,344.0713499881739,336.99387301747385,342.304443359375,17804300
2025-09-11,344.4958062816796,356.3212032558873,341.376585624283,349.0462951660156,18943500
2025-09-12,351.3067123873006,357.63398789037683,347.911106967183,347.9604797363281,14016200
2025-09-15,348.9140775550594,349.36105398769394,340.24237099679607,345.56658935546875,11035900
2025-09-16,345.1791845650643,346.70890800034306,336.06050143948323,337.5107421875,12695800
2025-09-17,335.4347186690546,340.7092530773076,335.4347186690546,339.3285217285156,8467700
2025-09-18,341.2357141029858,342.62635806043994,331.88855568665616,332.5838928222656,11255600
2025-09-19,334.25264224631997,338.682847085119,331.610403754656,334.4413757324219,13656800
2025-09-22,332.2262842727465,340.19274171679007,330.3787209230526,339.0205993652344,8903700
2025-09-23,338.7225973321059,350.3444698352818,337.68953458845925,345.367919921875,12504100
2025-09-24,347.86118570903363,352.13245584054977,345.51693131178916,349.4604187011719,9016300
2025-09-25,346.5698260269809,347.8512191046762,341.3052347988731,343.25213623046875,8104900
2025-09-26,345.6063063806306,347.632690518351,339.02058066836184,341.7820129394531,6774700
2025-09-29,341.68272725861203,343.2422189147916,339.16962517342876,342.87469482421875,6878900
2025-09-30,341.454229928262,346.98703738014825,340.0437002076662,342.9938659667969,7429700
2025-10-01,341.6032381495527,346.37119926371753,339.3484093871316,345.9738464355469,8825500
2025-10-02,344.97061633999635,352.7085686428199,342.3482331501261,351.357666015625,8564200
2025-10-03,354.864062367354,365.5422671831666,354.2283221346902,357.79437255859375,13494800
2025-10-06,358.61881739128955,360.0988565503146,354.7249842351383,356.3739013671875,7181700
2025-10-07,357.00964627753706,362.2841804608158,355.668656331298,361.23126220703125,7236200
2025-10-08,364.47941131337603,372.12799816194246,363.3569532895299,367.449462890625,9438300
2025-10-09,370.03207346027585,373.7073747304739,363.63508128062847,365.2343444824219,8759800
2025-10-10,366.93292950616024,366.93292950616024,350.15574634739306,352.1324462890625,13141900
2025-10-13,352.3708153046097,356.76130912561666,350.9603159260655,356.2646484375,5659400
2025-10-14,352.579462636122,359.91014951167284,351.0397961923581,357.52618408203125,5974800
2025-10-15,356.9898119634027,361.7875412489689,353.4734455278001,358.738037109375,6579600
2025-10-16,359.4234186279184,359.58235369261655,352.03310484515686,354.2879638671875,5872100
2025-10-17,348.65580845093854,355.9964680854549,348.48693047631104,354.2184143066406,8608400
2025-10-20,356.14547514647154,363.1285236092991,355.1223552828288,362.0458068847656,5996500
2025-10-21,362.70139556353934,368.5718984426291,359.08569106692,362.9298400878906,6885300
2025-10-22,361.5292497093187,361.5689910533322,355.6090626293762,359.07574462890625,7833000
2025-10-23,353.20522374063466,359.8604895036545,351.2782080387343,358.042724609375,5756700
2025-10-24,358.9565519697399,362.9795218560382,357.62550492211403,360.0790100097656,5462100
2025-10-27,361.07234899707174,363.77418456800484,358.9863678782146,363.5357971191406,7766400
2025-10-28,378.1376057114592,378.45547585362146,356.234879667484,365.38336181640625,18858700
2025-10-29,361.8471387563185,363.70464502871897,351.51660167732274,352.88739013671875,11874900
2025-10-30,345.19906031166386,352.17219631007026,341.30525719298777,342.44757080078125,11441900
2025-10-31,342.08998628816306,343.9673480521809,334.868519997107,339.27886962890625,8390800
2025-11-03,336.8650931668587,338.4246150491184,324.41877716592853,331.5607604980469,11181400
2025-11-04,325.4419035421334,334.25265973761503,325.0147826043991,328.6205139160156,9646600
2025-11-05,324.12076221313447,328.0046525429837,322.05466702950986,325.5511474609375,9697100
2025-11-06,326.72330675001416,330.1502475860505,319.3031942587717,319.4124450683594,7922100
2025-11-07,317.52513829819844,322.38246442483006,312.0618703239977,322.04473876953125,9402900
2025-11-10,317.8529041106367,322.0844629620614,315.0517608096889,319.4322814941406,9283800
2025-11-11,321.14081426941607,325.6703576790221,317.7436718690941,325.26312255859375,7157800
2025-11-12,326.2564368876053,340.878129598095,324.8955610604442,336.7955627441406,10403300
2025-11-13,336.0903056585224,336.7657569430687,329.07745891812584,330.2992248535156,7788700
2025-11-14,324.76645142106594,326.0180158008625,318.3495732016726,319.7104187011719,8676500
2025-11-17,318.4588467013291,325.6902252762048,317.29664732600827,318.3793640136719,6485400
2025-11-18,314.8928332849909,315.37955108074254,306.707844164843,311.4857177734375,9182100
2025-11-19,311.83339854530067,312.8962597824049,302.4961828875629,307.0257263183594,8181100
2025-11-20,308.7342150670524,312.6479037214223,307.9296271759839,309.4593505859375,7337600
2025-11-21,309.82690030316985,321.67721804860815,309.36003800430336,317.83306884765625,8406300
2025-11-24,322.36260179109473,323.67379335125565,315.49874708649946,316.919189453125,10773800
2025-11-25,318.9753793090345,325.80943573813437,318.75684737739124,324.1009216308594,6149100
2025-11-26,324.40883763752424,332.95140787850204,323.7135308345317,327.50799560546875,5504200
2025-11-28,329.45493139997114,329.8423109937774,326.6934990423703,327.5675964355469,2464500
2025-12-01,324.97505403022774,327.8556802151164,320.8726315307976,321.0514221191406,6154600
2025-12-02,321.2103287273986,326.5047486408198,320.64412826738686,322.3725280761719,7978100
2025-12-03,323.8227944781068,339.1298817443096,322.8394159376119,337.44122314453125,9770000
2025-12-04,337.13328967838436,338.98088331448986,326.5246240057935,331.26275634765625,8061600
2025-12-05,332.76266249842416,333.4679121907911,326.3160164387842,328.6999816894531,5906000
2025-12-08,328.70001220703125,329.1000061035156,322.8299865722656,323.6199951171875,4782800
2025-12-09,323.1600036621094,326.3599853515625,322.4800109863281,323.6000061035156,4628400
2025-12-10,322.75,328.7300109863281,319.6000061035156,328.3699951171875,5910500
2025-12-11,330.3699951171875,339.25,328.760009765625,336.7300109863281,7513200
2025-12-12,337.5,344.9800109863281,337.3699951171875,341.8399963378906,7979000
2025-12-15,340.989990234375,344.9599914550781,337.0,341.1000061035156,6440700
2025-12-16,340.4200134277344,340.989990234375,331.5340881347656,332.0268859863281,3332117
