Date,Open,High,Low,Close,Volume
2015-12-16,69.08230411688744,69.96326429969763,68.7979033571703,69.7204818725586,3483100
2015-12-17,71.03154012095241,71.07315846984798,69.35286634684482,69.36673736572266,4792100
2015-12-18,68.61757332976546,68.73549550970331,67.21636760446043,67.97940063476562,7053500
2015-12-21,68.33318536859007,68.53434957413323,66.82792290535501,67.20944213867188,3311100
2015-12-22,67.6672524426332,68.18750295769519,67.01520343689837,67.97940063476562,2458600
2015-12-23,67.6186781453043,67.7643476161164,67.20247360897203,67.45219421386719,4812200
2015-12-24,67.27879341865224,67.77823474719936,67.07069639326546,67.52157592773438,1497600
2015-12-28,67.38976432620512,67.47300099672033,66.800148310261,67.28571319580078,2274600
2015-12-29,67.50077296405118,67.88229215075022,67.39672708791714,67.7851791381836,1688900
2015-12-30,67.63255827933533,67.7782277697887,67.30653381830392,67.34815216064453,1727300
2015-12-31,67.21636564534599,67.32734966668157,66.59900214218064,66.7516098022461,2178600
2016-01-04,66.13423291616067,66.17585654979844,65.24633968505114,65.78739929199219,3730800
2016-01-05,65.78738906065806,66.66141113946676,65.56541578740222,66.43943786621094,2839600
2016-01-06,65.82207236566634,66.27295705055825,65.27407470769127,65.49604797363281,2443000
2016-01-07,64.53186631493118,65.18391525269851,64.00467769945415,64.23358917236328,3790800
2016-01-08,64.40007984949524,64.51106917545938,63.26940387561293,63.394264221191406,3941100
2016-01-11,63.6647911111607,63.77578043193537,62.92256722833193,63.5815544128418,3484000
2016-01-12,63.58153588779431,64.58041302242407,63.58153588779431,64.51104736328125,4436200
2016-01-13,64.73301331577079,65.04516139268762,62.499404415446996,62.85317611694336,4274500
2016-01-14,62.99192973977367,63.74109174054046,62.15259288960899,63.227779388427734,4001900
2016-01-15,62.131762175039064,62.506343045555546,61.33404394850915,62.457786560058594,5459500
2016-01-19,63.012731781561904,63.435869236386296,62.13871483851655,62.67283630371094,3772000
2016-01-20,61.777995135332056,62.013844720024856,60.55714475286952,61.52827453613281,4836900
2016-01-21,61.60458765754789,62.56185186324699,60.987224219624274,61.784942626953125,3467600
2016-01-22,62.61734075305073,62.908685022142635,61.95142082361138,62.360687255859375,2866000
2016-01-25,62.40923665392895,62.61040076998364,61.84736793505036,62.02771759033203,2069800
2016-01-26,62.37455182882386,63.34568694353214,62.346804506430985,63.075157165527344,2307700
2016-01-27,63.13064033886598,63.91448220805584,62.68669384577053,63.03352737426758,3333900
2016-01-28,63.102920531790325,63.546867218428254,62.61041734168456,63.12372970581055,2286100
2016-01-29,63.560730492945375,64.68447338348105,63.560730492945375,64.64978790283203,5220900
2016-02-01,63.845133942681414,65.55155473238975,63.845133942681414,65.26021575927734,5521800
2016-02-02,65.97471155625381,66.59207516303006,65.21167842012996,65.6833724975586,7634600
2016-02-03,66.05792316376389,66.40475672900156,65.18390109753206,66.12728881835938,4857500
2016-02-04,66.12729981607914,67.28572284648945,66.01631051645941,66.76547241210938,5545600
2016-02-05,66.5018858344234,67.06375465287073,65.95388803335562,66.1550521850586,4273300
2016-02-08,65.47527571756625,67.57708742199675,65.42671920365166,67.49385070800781,4545100
2016-02-09,66.83485359583028,68.61064575621852,66.80710626448302,67.65338134765625,5427500
2016-02-10,67.6603223459608,67.97940873146555,66.51577001804993,66.6753158569336,3634400
2016-02-11,65.62091996331063,66.38395287022774,65.35732831685156,65.9608154296875,3897000
2016-02-12,66.76546219382004,67.50768582158301,66.52961790661513,67.4591293334961,3266700
2016-02-16,67.91695656249952,68.68692226827666,67.63948863029717,68.36783599853516,3205700
2016-02-17,68.54125885549169,69.01989094855801,68.17361606202498,68.18749237060547,3004300
2016-02-18,68.39725632332683,68.55807822690986,67.99171007480496,68.14553833007812,2654700
2016-02-19,67.97772008069721,68.16650588603196,67.46729050620102,68.08260345458984,2313000
2016-02-22,68.08260077548269,69.15939305820044,68.08260077548269,68.5370864868164,2574300
2016-02-23,67.90082248949372,67.97773662676354,67.13168645138677,67.80293273925781,3699700
2016-02-24,67.25754257142667,67.84488104758417,66.65621679749911,67.7330093383789,2366700
2016-02-25,67.9357802013875,68.41823526645669,67.46031345037795,68.32733917236328,2146400
2016-02-26,68.50215231846607,68.8867176928434,68.11059329449158,68.1315689086914,2372900
2016-02-29,68.13157118449814,68.32035705319427,67.48130044962423,67.50926971435547,3124000
2016-03-01,68.12456308227796,68.83776051055096,67.84487582889203,68.77483367919922,2666900
2016-03-02,68.58604145568236,69.20135447053734,68.57205949379501,69.06150817871094,2605000
2016-03-03,68.83077119068643,69.76072369280973,68.76783902566392,69.65584564208984,2541400
2016-03-04,69.60689327415615,70.77458167948322,69.57892401878071,70.20122528076172,3789700
2016-03-07,69.89357676852724,70.87947312811268,69.76072412400677,70.83052825927734,3349700
2016-03-08,70.29909537937918,71.06823101639176,70.18023007816392,70.35503387451172,2985100
2016-03-09,69.57195562935304,70.02644685867423,69.14543366556151,69.61390686035156,3442800
2016-03-10,69.96347470853867,69.96347470853867,69.1174249143211,69.83062744140625,2455200
2016-03-11,70.04041244143903,70.69068304277533,70.04041244143903,70.49490356445312,2315100
2016-03-14,70.31311006374806,71.0402948351803,70.25717687716941,70.82353973388672,2097100
2016-03-15,70.59978389647888,70.99833648426868,70.33407861489206,70.9144287109375,1796300
2016-03-16,70.76060128397052,71.41087186473122,70.41099355957424,71.0892333984375,2252200
2016-03-17,72.11007132835361,72.98409044559405,71.73948807617795,72.54358673095703,4641200
2016-03-18,72.64845678485432,73.70427317877086,72.5995119366377,73.41059875488281,4963700
2016-03-21,73.15190060064297,73.74623248993014,73.01904799748164,73.5224838256836,2789700
2016-03-22,73.04003021793423,73.64135580780643,72.93514685512594,73.31971740722656,2482600
2016-03-23,73.23580474849553,73.56443677382494,73.10994578846702,73.33369445800781,2210400
2016-03-24,72.94914868406791,73.76023582658011,72.93516138779206,73.7182846069336,1996700
2016-03-28,73.68331291139306,73.8161655372135,73.33370523046763,73.45956420898438,1930900
2016-03-29,73.36167794011087,74.32659859904619,73.15191652243067,74.18675231933594,1988400
2016-03-30,74.36854329038992,74.54334712374745,73.88608300325448,73.92803955078125,2277700
2016-03-31,73.87211296098995,74.04691682254716,73.59941936372797,73.74625396728516,3303900
2016-04-01,73.36166904755387,73.64135623848189,73.00507308034537,73.38264465332031,2764400
2016-04-04,73.44557146007274,73.93502000763417,73.1728779357758,73.33369445800781,2796200
2016-04-05,72.99807838898273,73.23580903038655,72.53659373036677,72.6624526977539,2178700
2016-04-06,72.7324060603186,73.29877433704412,72.3478406721086,73.18689727783203,2411100
2016-04-07,72.64149766896546,73.03305664082225,72.30587721725703,72.71141815185547,2107700
2016-04-08,73.05403609180381,73.6413745375694,72.74637957187473,72.93516540527344,1735100
2016-04-11,73.14491011180816,73.63435866891531,72.57854744792857,72.62049865722656,1922500
2016-04-12,72.76736048310617,73.8581350101729,72.71841560906064,73.57845306396484,2555700
2016-04-13,73.81616451083809,74.22870434258068,73.74624404254318,73.7951889038086,2000900
2016-04-14,73.8511334798766,74.1028514540912,73.27777705740783,73.47355651855469,2092000
2016-04-15,73.61339141857,74.10284536581393,73.50850804883275,73.7951889038086,2668400
2016-04-18,73.77421042326695,74.29862191693756,73.47354762017888,74.24268341064453,1333400
2016-04-19,74.29861417636123,74.82302561539761,74.23568202969057,74.70415496826172,2032000
2016-04-20,74.78110507909958,74.9629026258508,74.21474215931075,74.2357177734375,1952800
2016-04-21,73.9769666666332,74.16575241415775,73.3686475520081,73.41059875488281,2187300
2016-04-22,73.69732465469762,74.11685294406647,73.5504900201481,73.7812271118164,2166400
2016-04-25,73.4805575859573,73.63438585629885,73.0120844605289,73.4665756225586,1732100
2016-04-26,73.64835404430333,74.36155135358513,73.63436674994284,74.27764892578125,2216300
2016-04-27,74.3126099509525,74.69718054491712,73.73225990354774,74.43846893310547,2871900
2016-04-28,73.4875760669774,74.49444847883125,72.7603910289266,73.35472869873047,4210000
2016-04-29,73.15891908187551,73.72528728945947,72.97712688473655,73.4665756225586,2516700
2016-05-02,73.64137586543538,73.83715535088744,73.12395789179908,73.24981689453125,2905300
2016-05-03,72.84424416836005,73.12393133224454,72.1310469683141,72.98408508300781,2171900
2016-05-04,72.4667061654113,72.71842421445946,72.01920859701274,72.09612274169922,2524800
2016-05-05,72.2289698111677,72.31986591392925,71.31299379586913,71.41787719726562,3945400
2016-05-06,71.58567455377046,71.78145935727986,70.36904118649517,71.39688873291016,3658500
2016-05-09,71.51574073340349,71.9352688506092,71.31996130101345,71.80242156982422,2476200
2016-05-10,71.80242487413521,72.4876529190342,71.80242487413521,72.47367095947266,2346300
2016-05-11,72.59952593661379,72.76733611506124,71.63460540771484,71.63460540771484,2646500
2016-05-12,71.95167455793684,72.12781946741282,70.96526198976811,71.71916198730469,3391700
2016-05-13,71.6346412788941,71.97284201564896,70.54958752518344,70.92301940917969,2838500
2016-05-16,71.03573428775783,71.831907516112,70.93709354709509,71.62053680419922,2113900
2016-05-17,71.57119237080343,72.11371626204568,70.96525352444615,71.22594451904297,2465100
2016-05-18,71.04982805924847,71.74736596703782,70.49321471944208,71.37393951416016,3444600
2016-05-19,70.98640862054538,71.76849255995451,70.7820798514143,71.36688232421875,2475700
2016-05-20,71.6064424972161,72.14897194864467,71.40211371198481,71.52189636230469,2917000
2016-05-23,71.71210613136844,71.72620073273418,71.1695822401262,71.22594451904297,2562500
2016-05-24,71.51482678289959,72.11371834587987,71.50073755664212,71.85302734375,2444600
2016-05-25,71.97280320172776,72.33918220807067,71.97280320172776,72.0784912109375,1650500
2016-05-26,72.25465111389725,72.43079604067368,72.008043915997,72.18418884277344,1835500
2016-05-27,72.43781932393901,72.79715638722442,72.29690556899169,72.55760192871094,1987700
2016-05-31,72.83944532925904,73.00854832270556,72.45897165727891,72.63511657714844,3200100
2016-06-01,72.62808116081659,72.64217039044186,72.09964635384124,72.49420928955078,1765400
2016-06-02,72.38852546426432,72.71263151966876,72.35329970039346,72.60694885253906,2229400
2016-06-03,72.30395260899074,72.74783577343983,71.8318802430355,72.65624237060547,2001900
2016-06-06,72.57171911989448,73.21993124326842,72.43784723824565,72.64922332763672,2172300
2016-06-07,72.74785105148214,73.60743911042972,72.64921032755534,73.1846923828125,1921000
2016-06-08,73.20584770248709,73.94565332182282,73.14243272053393,73.76246643066406,1908400
2016-06-09,73.40312101892643,74.0513331204283,73.35380064980166,73.9597396850586,1610900
2016-06-10,73.50880318681547,73.65676428236793,73.14946602589288,73.64266967773438,2640800
2016-06-13,73.59337498098417,73.79770381530484,73.0015303923465,73.02266693115234,2593700
2016-06-14,73.02263697499671,73.2974226177841,72.63511600413435,73.08605194091797,1916700
2016-06-15,73.37492115000495,73.74834748828445,73.1776397166132,73.19877624511719,2829300
2016-06-16,72.88877325398973,73.51584880374281,72.50830491805247,73.42425537109375,2653000
2016-06-17,73.45242539854725,74.02313317068742,73.34673738042457,73.99494934082031,3417200
2016-06-20,74.20633384503469,75.17865189658323,74.19928654288474,74.75590515136719,3223800
2016-06-21,74.91795435293207,75.35479028906133,74.63612142204852,75.15750885009766,3688100
2016-06-22,75.0588649834016,75.22796258463505,74.31201231706433,74.65020751953125,3590700
2016-06-23,75.22797982289023,75.79869309304351,75.13638638779956,75.5450439453125,3040500
2016-06-24,73.71312373776006,74.3824722443348,73.12832134750109,73.5651626586914,3627400
2016-06-27,72.85353626696408,73.19173148580558,72.24055004147927,73.11422729492188,3609400
2016-06-28,73.59336339580075,74.01611560744136,73.06492850676767,73.76246643066406,3198400
2016-06-29,74.34020598354341,75.16456294609432,74.19928681760531,74.92500305175781,2728600
2016-06-30,75.20683316024005,75.91141283670046,74.77703912755788,75.89732360839844,2673000
2016-07-01,75.81278445512609,76.48918040959025,75.62959220427626,76.3482666015625,2793400
2016-07-05,76.23552955564423,76.45395294139153,75.77050969910293,76.41167449951172,2823100
2016-07-06,76.31302303726224,76.43984759404577,75.16456009981765,75.89732360839844,3267500
2016-07-07,75.87619977670367,76.24257890455252,75.76346442935497,75.98892974853516,2343800
2016-07-08,76.41167299027556,77.39808573155393,76.40463106303226,77.16557312011719,2445700
2016-07-11,76.86259347151112,77.72218152733252,76.84850424336551,77.51081085205078,2239500
2016-07-12,77.85606046404068,78.02515809474549,77.41217716762178,77.70809936523438,2370400
2016-07-13,77.73630342957074,78.13791376670704,77.48970153405163,78.06040954589844,1792800
2016-07-14,78.46905262023053,78.79315867639072,78.20130886149857,78.5606460571289,2514500
2016-07-15,78.7720139465989,78.7720139465989,78.00401926530104,78.22948455810547,2280500
2016-07-18,78.22946419209705,78.47606595197792,77.94058938066952,78.13787078857422,1964400
2016-07-19,77.92651282254505,78.0603846841258,77.70104753623436,77.95469665527344,1431900
2016-07-20,77.9969759430337,78.17312088001032,77.73628487663913,77.91947174072266,1329300
2016-07-21,77.76445485642668,77.85604827214937,77.21487823554286,77.42625427246094,1198600
2016-07-22,77.34169577787704,77.83490469417812,77.20078201637126,77.75740051269531,2012400
2016-07-25,77.64469091287171,77.79969932716388,77.44036750368718,77.57423400878906,1323600
2016-07-26,77.67993669406874,77.80676129552877,77.37696711144304,77.76448822021484,1404100
2016-07-27,77.58128489817935,77.84198136840524,76.55964630296086,76.65828704833984,4763800
2016-07-28,76.28482878714848,76.80622154689588,76.24255573249918,76.60894012451172,4481700
2016-07-29,75.39002538167617,76.40462183594992,74.65726187309137,76.1650619506836,3993900
2016-08-01,76.19326275468015,76.48918499458722,75.83392553449725,76.10166931152344,2834700
2016-08-02,76.0311906465284,76.18619365008841,75.33365294068643,75.71412658691406,2440300
2016-08-03,75.67183674517466,76.35527969650441,75.67183674517466,76.29891204833984,2335000
2016-08-04,76.36940121358948,76.7991953054319,75.93960712174709,75.98188018798828,2196000
2016-08-05,76.14391643235457,76.7357660859904,76.05232302041189,76.65121459960938,2413000
2016-08-08,76.86262770325209,77.08809845812823,76.48920117264615,76.77103424072266,2037000
2016-08-09,76.84849131349881,77.50375051010487,76.799170960013,77.25714874267578,1790400
2016-08-10,77.2360407198406,77.50377911249753,77.07398499828683,77.41922760009766,1519500
2016-08-11,77.46147508625162,78.22946419209705,77.43329126004878,78.13787078857422,2786800
2016-08-12,78.03144882955473,78.09530755972666,77.78310030067738,77.98887634277344,1700600
2016-08-15,78.08112442438745,78.58491873913367,77.91792085676349,77.94630432128906,1548800
2016-08-16,77.58442402338724,78.0314568348196,77.58442402338724,77.91792297363281,1267300
2016-08-17,77.91794503656598,78.27273033284553,77.71216891509255,78.22306060791016,1542700
2016-08-18,78.07402705096044,78.4217150169268,78.03145456105216,78.40042877197266,1833400
2016-08-19,78.35075483466557,78.57781712457776,78.10950352008038,78.45719146728516,1613300
2016-08-22,78.3223817634506,78.3223817634506,77.81858741003983,77.93212127685547,2061500
2016-08-23,77.93211990692565,78.2230409617395,77.627004412213,77.65538787841797,2150000
2016-08-24,77.66958696781408,77.88955209241112,77.38575768258329,77.79730987548828,2774100
2016-08-25,77.83279262385928,77.83279262385928,77.35737625775221,77.57734680175781,1845000
2016-08-26,77.499280522462,77.92502168286538,77.05224770248478,77.30769348144531,1922900
2016-08-29,77.5205640389141,77.60571443343363,77.27931270816403,77.4283218383789,1924600
2016-08-30,77.54894186709076,77.75471791202845,77.37154928492987,77.61280059814453,1360100
2016-08-31,77.38574135194881,77.63409530761172,77.11610656535665,77.49927520751953,2272800
2016-09-01,77.7050494897173,78.05273744069278,77.44250651488727,77.69795227050781,2739200
2016-09-02,78.25852046280527,78.3507626663801,77.47799410156249,77.7618179321289,1920300
2016-09-06,77.7121412953347,77.71923851454419,77.17287173443984,77.69795227050781,1789600
2016-09-07,77.61278498842464,77.81146918790215,77.36443650606637,77.68374633789062,1517800
2016-09-08,77.5063742022726,77.66957235640352,77.30059814453125,77.30059814453125,2524900
2016-09-09,76.94581127365085,77.34316894136708,76.3568665778627,76.37105560302734,3533700
2016-09-12,76.1723619758037,77.2721979813958,76.00206663893995,77.02384948730469,2718400
2016-09-13,76.44909637790752,76.47038261899866,75.59051703448675,75.82467651367188,3023600
2016-09-14,75.26411537270963,76.16526719831266,75.26411537270963,75.82467651367188,1955300
2016-09-15,75.66149449540123,76.15109983411466,75.50539354513805,75.98080444335938,2134200
2016-09-16,75.65438117135149,76.06592779749315,75.32797950957435,75.82467651367188,3618600
2016-09-19,76.03757688985894,76.43493463495541,75.88856232185451,76.00919342041016,2168900
2016-09-20,76.3426602165249,77.14447805970656,76.3426602165249,76.8819351196289,3242400
2016-09-21,77.45670771874826,77.9817883006793,77.10901432381148,77.81149291992188,2937500
2016-09-22,78.06691386497823,78.56361627122122,77.7050369475853,77.81856536865234,2693800
2016-09-23,77.71923452192091,78.0030637262063,77.48507502236606,77.49217224121094,1651600
2016-09-26,77.4070297400436,77.54184984386924,77.08062801662727,77.2296371459961,2360800
2016-09-27,77.24381523985473,78.21592839842303,76.99546674345879,78.05982208251953,2466000
2016-09-28,77.88244361481182,77.90372985926909,77.10191730768963,77.52056121826172,2752700
2016-09-29,77.59862273969996,77.72634563377834,76.77551844150764,76.7826156616211,2473400
2016-09-30,77.21544889708336,77.90373303508518,77.08062879190169,77.59861755371094,2952500
2016-10-03,77.59862438604597,77.59862438604597,76.85357325251623,77.47090148925781,1445300
2016-10-04,77.4779873492671,77.63409369062931,76.78970325158389,77.00257110595703,1742000
2016-10-05,77.00257317460316,77.71924075484088,76.91033097658928,77.45670318603516,3019100
2016-10-06,77.27931270816403,77.66957316912898,77.09482289350125,77.4283218383789,1861600
2016-10-07,77.37155116554781,77.59861345968913,76.97419350419852,77.20125579833984,1443000
2016-10-10,77.54185264077897,77.77601217262989,77.3147903287518,77.37865447998047,1307700
2016-10-11,77.27220447438084,77.64827585611785,76.84646338965199,77.13028717041016,1944400
2016-10-12,77.36444454299463,77.38573078460936,76.94580068832758,77.1586685180664,1483900
2016-10-13,76.76842051959568,77.14449195175939,76.17947580972798,76.84647369384766,2088600
2016-10-14,77.13738614266383,77.38573466326903,76.92451830225582,76.93161010742188,1566000
2016-10-17,76.85355552179745,77.179957201932,76.56973173983113,76.65487670898438,1759900
2016-10-18,76.95289999620152,77.32187959880476,76.66907619554303,76.72583770751953,1692300
2016-10-19,76.7967902438645,77.00965806989028,76.49167482099534,76.6690673828125,1991400
2016-10-20,76.56972994641501,76.56972994641501,76.05883848909514,76.20784759521484,1946100
2016-10-21,75.739551053967,76.08014726425499,75.49120247021176,76.0375747680664,2816400
2016-10-24,76.50587636749664,77.00257345645437,76.45620665860088,76.9529037475586,1808300
2016-10-25,76.92451794164445,77.15158021850358,76.47748519305898,76.52005767822266,2242500
2016-10-26,76.34975407560523,77.37153691787991,76.34265685764746,77.06642150878906,3310100
2016-10-27,77.52057241705681,77.52057241705681,75.12222622160564,76.69037628173828,3532000
2016-10-28,76.84648483736038,76.9600132986309,75.91694383109196,76.42073822021484,2397500
2016-10-31,76.69038021239794,76.77552520689125,76.30011427565952,76.46331787109375,2328700
2016-11-01,76.64779441104554,76.65489163105377,75.32799840992676,75.81050109863281,2906600
2016-11-02,75.86726214544014,76.22204732802852,75.64019984512726,75.85307312011719,2568900
2016-11-03,76.08014334873347,76.75423310046133,75.69697466197697,76.26463317871094,2245500
2016-11-04,76.20075129626109,76.66907027565262,75.84596615924019,75.8814468383789,2559300
2016-11-07,76.60521536020127,77.91082763671875,76.60521536020127,77.91082763671875,3615400
2016-11-08,77.77600514461139,80.09629776679733,77.70504919356324,79.4931640625,5834300
2016-11-09,78.8357897382828,80.52925872802734,78.77147782200666,80.52925872802734,6744000
2016-11-10,80.67931227940407,81.5367644570808,80.61500036772692,80.96512603759766,4532600
2016-11-11,80.8365010625181,81.67966466402902,80.74361214384777,81.62250518798828,3092600
2016-11-14,81.82260827916747,81.99409767597744,80.62931312841778,80.67933654785156,3396800
2016-11-15,80.75792353040008,80.9794363246771,80.13627248428001,80.87225341796875,3690800
2016-11-16,80.87224813896566,81.02230201794283,80.28632113229585,80.60786437988281,2297800
2016-11-17,80.68645177871663,81.14376032218664,80.3934910484692,81.09374237060547,1621400
2016-11-18,81.26525249156633,81.67968468931834,80.92226829349518,81.5224838256836,1992400
2016-11-21,81.52247802674395,81.97979207549167,81.18664628469804,81.9583511352539,1942500
2016-11-22,82.12985324384844,82.1727242250354,81.74399805851893,81.90834045410156,1987300
2016-11-23,82.06554867490222,82.70864070808273,82.06554867490222,82.65862274169922,1855400
2016-11-25,82.73719903832385,83.16592511815404,82.72290507978572,83.07303619384766,1077600
2016-11-28,83.0730622054757,83.22311610782337,82.49427663750659,82.665771484375,2659100
2016-11-29,82.84440608745064,83.23026130731878,82.72292921063234,83.08734893798828,2772400
2016-11-30,83.21595618128973,83.57322887936407,82.8301010131836,82.8301010131836,3353600
2016-12-01,82.91583917627841,83.43031267637778,82.80150930890161,83.19451141357422,2485200
2016-12-02,83.38032320331756,83.60897756462674,82.88728502205247,83.13737487792969,2088700
2016-12-05,83.53751746775066,83.56609449053965,83.14451526003262,83.28742218017578,2310000
2016-12-06,83.24452697001419,83.40172780735546,82.90868980870295,83.27310943603516,1755400
2016-12-07,83.08017553369137,84.88083265372572,83.08017553369137,84.75936126708984,2539300
2016-12-08,85.03089770038974,85.22382254859167,84.42353523569665,85.01660919189453,2157800
2016-12-09,84.96658506003884,85.59538296755218,84.63074789354887,85.4596176147461,3196800
2016-12-12,85.32386504401619,86.05984590110509,85.2667001061815,85.83833312988281,2760200
2016-12-13,85.9812278490633,86.05268128093508,85.28811811165765,85.85975646972656,3123400
2016-12-14,85.63825988338607,85.68827784027748,83.55178875084663,83.78759002685547,4983900
2016-12-15,83.7518314257534,84.23057533957794,83.2016340914627,83.80184936523438,3045700
2016-12-16,83.87331587877684,83.98049875198119,82.2370066723961,82.75148010253906,5543300
2016-12-19,83.07305084690039,83.81617872707356,82.93013849405045,83.5875244140625,2209900
2016-12-20,83.73758518110054,84.15201740956938,83.68042023526026,83.97338104248047,2074900
2016-12-21,83.63036098175407,83.90188616311798,82.90152191099564,82.95868682861328,3028400
2016-12-22,83.34456632907987,83.41601977131927,82.73720389272263,83.10162353515625,1969700
2016-12-23,83.11591926311029,83.27312012062164,82.80151754808759,82.86582946777344,1229800
2016-12-27,83.1016175257607,83.44459620432701,82.93726971410132,82.98014068603516,990800
2016-12-28,83.01586186084276,83.08731529079738,82.26558721745127,82.31560516357422,1541700
2016-12-29,82.33706835578391,82.52999321396629,81.83688330780033,82.15843200683594,1412300
2016-12-30,82.3441923645406,82.47995770535034,81.71539451258839,81.91546630859375,1734000
2017-01-03,82.54428519633949,82.93728736118052,81.9154871841428,82.22988891601562,2390700
2017-01-04,82.38706996922406,82.78006658800693,82.14412174805219,82.25130462646484,1830800
2017-01-05,82.17272566599375,82.87298259643772,82.06554275959786,82.29419708251953,1856200
2017-01-06,82.17272261419284,82.64432520420036,81.82973841677384,82.45854187011719,1767000
2017-01-09,82.17269434498785,82.30845967144417,81.8154217608792,82.00834655761719,1965200
2017-01-10,81.90834284991605,82.03696124878797,81.0366019815054,81.40101623535156,2892600
2017-01-11,81.20091405151375,81.79398786098271,81.20091405151375,81.5867691040039,2302700
2017-01-12,81.60822018794504,81.60822018794504,80.95798678278564,81.39385986328125,1917000
2017-01-13,81.60107909106657,81.88689832943822,81.4796076865119,81.6296615600586,1788000
2017-01-17,81.23664586698199,81.53675354384632,81.03657408240575,81.50817108154297,2474700
2017-01-18,81.72254778256024,82.49425256205232,81.47245256675333,82.14412689208984,2040000
2017-01-19,82.15127753164775,82.27989590921818,81.4653146684549,81.65109252929688,1848000
2017-01-20,81.77256573541202,82.17270935822629,81.68681833700268,82.14412689208984,2372900
2017-01-23,82.16556575664816,82.20129520367458,81.55820331803687,81.78685760498047,1689500
2017-01-24,81.88687227541915,83.0730198292219,81.56532914177454,82.92296600341797,2157200
2017-01-25,83.05161494386097,83.69470144806682,82.79437816155911,83.59466552734375,2045000
2017-01-26,83.58037079837905,83.85904304987757,83.2731160785796,83.55178833007812,1796400
2017-01-27,83.60180916602427,84.4521199097298,83.30884294451111,84.38066101074219,2283800
2017-01-30,84.25204097806674,84.25918250612496,83.07304011423338,83.62323760986328,2910300
2017-01-31,79.89330646955867,79.89330646955867,77.65678169291557,77.97832489013672,12755500
2017-02-01,77.02084377435112,77.5638997656824,73.76251872946025,75.27735137939453,14684600
2017-02-02,75.2344897428086,75.52745053727782,74.60569172058149,75.09872436523438,4353400
2017-02-03,75.5274571631595,76.59927541307123,75.26307881717297,76.42063903808594,4859700
2017-02-06,76.18481701843315,76.45634225266114,75.56316068428895,75.78466796875,3444300
2017-02-07,76.01332673736333,76.0919271561624,75.24876348758434,75.52029418945312,3589500
2017-02-08,75.6060296840672,76.02761420815318,75.39166938417472,75.85612487792969,3398500
2017-02-09,75.85614288408756,76.46350538860864,75.75610151186699,76.07050323486328,2416000
2017-02-10,76.09905685924812,76.81360199407673,75.92756755332233,76.69927215576172,4012800
2017-02-13,76.92795983897436,77.54961084360514,76.83506544863737,77.5281753540039,3877700
2017-02-14,77.65680380059443,78.12840098754499,76.89938732833018,77.87831115722656,5878800
2017-02-15,77.79254943300565,78.00690975389398,77.37096486762691,77.89972686767578,2843000
2017-02-16,77.83491571232169,77.85651564285826,76.79808059297666,77.2012939453125,5150000
2017-02-17,77.01410135928772,77.07890665770366,76.61808973281438,76.97090148925781,2919000
2017-02-21,76.97089546173301,77.66932260383571,76.7548851417569,77.56131744384766,3822500
2017-02-22,75.91967313771802,76.92051055122604,75.7756643952233,76.04927825927734,5234400
2017-02-23,76.32287563934024,76.38767544410271,75.5236450870435,75.66764831542969,3976300
2017-02-24,75.50201836042719,76.45965542015632,75.43721308528966,76.45245361328125,2717400
2017-02-27,76.42367663406824,76.87729173348816,76.14286650204102,76.84849548339844,2776200
2017-02-28,76.81250152201969,77.03570819499669,75.94847108379705,76.15007781982422,3793900
2017-03-01,77.02128901582712,77.31649722907112,76.81968233490535,76.94928741455078,3386200
2017-03-02,77.03570174443288,77.03570174443288,76.22207305834603,76.28687286376953,2490900
2017-03-03,76.41648707269617,76.75490074588464,76.15008051638574,76.2724838256836,2732500
2017-03-06,75.97725753436914,76.58928496696133,75.7684545085476,76.3948745727539,2481900
2017-03-07,76.32289282029483,76.60370302422047,75.9700809859679,76.06368255615234,2186500
2017-03-08,76.063666075831,76.40207970810424,75.77565412325559,76.12847137451172,2269800
2017-03-09,76.41647290500086,76.4956763241849,76.04926304518837,76.25086975097656,2301000
2017-03-10,76.51727818028702,76.93489522040936,76.14286650204102,76.84849548339844,2957100
2017-03-13,76.70451111200022,77.40293850582965,76.54610421937426,77.39573669433594,2644500
2017-03-14,77.17970426720164,77.34530741889378,76.63968395857218,76.92049407958984,2748900
2017-03-15,77.2517117283487,77.97173886106512,76.93489803207474,77.57572174072266,3253800
2017-03-16,77.61891174316406,77.70531146623378,77.25169644000779,77.61891174316406,2409400
2017-03-17,77.69813617584077,78.46136323411763,77.5109275695831,77.87094116210938,4412200
2017-03-20,77.79893607994313,77.90693575819746,76.9925036909597,77.12931060791016,2370900
2017-03-21,77.41012115080194,77.86373628188491,76.58929063167774,76.69009399414062,3088500
2017-03-22,77.01410987347856,77.1653149286706,76.23647916674385,76.69729614257812,2282200
2017-03-23,76.70449135976757,76.96370157306562,75.86926272287367,76.07086944580078,2414200
2017-03-24,76.09967192111516,76.20767159988287,75.4588481913609,75.63885498046875,2526900
2017-03-27,75.22844551088679,75.58845911681043,74.70282322915473,75.44445037841797,2148400
2017-03-28,75.40123042204635,76.69727576217389,75.24282359868883,76.45967102050781,3191600
2017-03-29,76.07086646400009,76.57488325156157,75.9340595530744,76.34447479248047,1889300
2017-03-30,76.18608339005222,76.92771059638221,75.85487150632096,76.79811096191406,1721600
2017-03-31,76.66849669318901,77.54692524007227,76.66849669318901,77.25891876220703,2478100
2017-04-03,77.51811359732481,77.56851527028215,76.38046955815055,76.61087799072266,2645900
2017-04-04,76.53888448493899,76.82689093610337,76.10686382145059,76.7764892578125,2138600
2017-04-05,76.99970636006778,77.60452653852764,76.71169439697537,76.85569763183594,2622900
2017-04-06,76.87728419768162,76.99969296873289,76.69008112359441,76.80528259277344,2824600
2017-04-07,76.54604672071585,76.75485515020313,75.53801360369931,75.59561157226562,3212200
2017-04-10,75.92685512508544,76.95649409276793,75.86925713232989,76.62528228759766,3687700
2017-04-11,76.43087233079929,76.43807413943121,75.76844876429482,76.14286041259766,3029400
2017-04-12,75.64604205898522,75.84764875922659,75.01242021631649,75.04842376708984,3036000
2017-04-13,75.01243139099697,75.2860397401742,74.66681592954606,74.69561767578125,2840900
2017-04-17,74.9260211175001,75.50924682617188,74.8252177591363,75.50924682617188,1723800
2017-04-18,75.25723644416536,75.41564329851114,74.56601102886934,74.95482635498047,3042300
2017-04-19,75.30042499302061,75.66763480786543,75.12041824298568,75.21401977539062,2047100
2017-04-20,75.42283866472798,76.13566395501451,75.2932335670967,75.98445892333984,2424700
2017-04-21,76.11406484092046,76.41647490752756,75.92685625490951,76.15726470947266,3040600
2017-04-24,76.86290203920298,77.20851750526832,76.52448838313543,77.02130889892578,2441500
2017-04-25,77.10771359461882,77.63333589076628,77.10051727753059,77.3021240234375,2626100
2017-04-26,77.20852392028559,78.18775591986056,77.01411348779229,77.48933410644531,4565600
2017-04-27,77.61892289917688,78.68455992157854,76.02046187220361,78.36054992675781,4672800
2017-04-28,78.48294969462897,78.69896001040276,77.10049905511416,77.37410736083984,3112000
2017-05-01,77.34529933623391,77.34529933623391,76.69007762012087,76.71167755126953,1976600
2017-05-02,76.76209150798309,77.12930687639562,76.72608795472601,76.98529815673828,1908800
2017-05-03,76.96371000911947,77.38132712002736,76.74769964323696,77.294921875,1909000
2017-05-04,77.3381133935299,77.64052345690862,76.75488770744714,77.07890319824219,1744300
2017-05-05,77.27331274913504,77.44611772527112,77.0573024089366,77.3525161743164,2221500
2017-05-08,77.30210352272576,77.46770666578587,76.84848846473503,77.41730499267578,2508200
2017-05-09,77.44611921261226,77.51812632297539,76.38767841338073,76.69009399414062,2336500
2017-05-10,76.37328536055682,76.41648523494732,75.43724779737072,75.67485809326172,3713100
2017-05-11,75.57325028013418,75.66034331615603,74.73863221759709,75.5877685546875,3076700
2017-05-12,75.33374605400985,75.70387895899408,75.224881154915,75.5732421875,2052300
2017-05-15,75.87807832850216,76.55303417682217,75.63857661588222,76.4151382446289,2592900
2017-05-16,76.41511626036517,76.46591913596276,75.42808421695622,75.84176635742188,2458300
2017-05-17,75.84178288569696,75.84178288569696,74.59347705657063,74.65879821777344,3073100
2017-05-18,74.70958210268792,75.21761084016632,74.11446035145696,74.89102172851562,2890800
2017-05-19,74.92733134395887,75.39907563601004,74.76040993324987,75.05796813964844,2361200
2017-05-22,75.00715269611796,75.50792791863731,74.83297217671513,75.31922912597656,1916000
2017-05-23,75.2394027318964,75.71114699200773,75.03619118282678,75.62405395507812,2099600
2017-05-24,75.34825054021698,76.06674993621827,75.28293493017057,76.00143432617188,1865300
2017-05-25,76.33528565186128,76.92314831427963,76.22642076031386,76.8868637084961,2391800
2017-05-26,76.7925179172192,76.99572944516623,76.58930638927215,76.83606719970703,1826000
2017-05-30,76.57479710175276,77.95373965119319,76.4006110381546,77.51828002929688,2400800
2017-05-31,77.7287663389611,77.79408751022495,76.4441756998408,76.90866088867188,5007300
2017-06-01,77.28602825130487,78.4544999871709,76.71267831890924,78.13516998291016,4832300
2017-06-02,78.19325131965175,79.02061590612355,77.6344194817051,78.14244842529297,4182800
2017-06-05,78.01181657431157,78.73032181642868,77.83763600217736,78.34566497802734,2619900
2017-06-06,78.25854334898513,78.33837722997772,77.91017681946303,77.9682388305664,2593900
2017-06-07,77.95374120057468,78.01179768582887,77.13363036185561,77.42393493652344,2442300
2017-06-08,77.42393618860103,77.7868155285294,77.09008786031885,77.47473907470703,2322100
2017-06-09,77.30056352590712,77.69972750330497,76.87962213554604,77.6779556274414,2834200
2017-06-12,77.67797627266279,79.07143206927948,77.67797627266279,79.06417846679688,3337500
2017-06-13,79.15122134058967,79.82617697647473,79.07138746150986,79.72457122802734,2507300
2017-06-14,79.78264978209806,80.00037959512007,79.1512377540136,79.39073944091797,2434300
2017-06-15,78.97703887324617,80.07293574648821,78.97703887324617,80.02213287353516,2311600
2017-06-16,80.23984770159785,80.61724517399136,79.85519663184475,80.2616195678711,4107600
2017-06-19,80.40680461502896,80.68985005653367,79.99312238997598,80.4648666381836,2150900
2017-06-20,80.45034660044166,80.46486487446174,79.53588913564789,79.55040740966797,2081000
2017-06-21,79.70280850102607,79.7318395092122,79.01334005217599,79.2455825805664,2796900
2017-06-22,78.93349442459443,79.50684429252745,78.87543241685741,79.15847778320312,1613600
2017-06-23,79.26736798505489,80.77694744585925,79.07866916817945,80.02941131591797,4352100
2017-06-26,80.3124604767274,80.95838527737807,80.20359556420324,80.56647491455078,2199700
2017-06-27,80.35598944525253,80.87853649956534,79.59394073486328,79.59394073486328,2154600
2017-06-28,80.11647810774666,80.47209821230855,79.54312824449916,79.89149475097656,2996400
2017-06-29,79.63024622747399,80.00763831883522,79.41251640050821,79.67378997802734,2208800
2017-06-30,79.98583336658139,80.56644230698808,79.65198516383158,80.2616195678711,2178100
2017-07-03,80.48662420815843,81.0164248482629,80.25438169391435,80.27615356445312,1288200
2017-07-05,80.24713609568458,80.66807745410777,80.00763440515766,80.21084594726562,1628700
2017-07-06,79.9132722666928,80.08745276369152,79.1729954645265,79.2818603515625,1637200
2017-07-07,79.4270147892665,80.28341007069676,79.22380328809629,80.09471130371094,1742700
2017-07-10,79.89874683450712,80.26162606737257,79.68102261704647,79.98583984375,1698700
2017-07-11,80.01489123416737,80.10198426560105,79.51411599334713,79.8842544555664,1785900
2017-07-12,80.29065219290004,80.63901867161103,79.9350321166827,80.24710845947266,2196000
2017-07-13,80.13828090569866,80.9801637246381,79.96410035378356,80.67534637451172,2285900
2017-07-14,80.5809842812348,81.72768430926615,80.45034749909074,81.58253479003906,3275700
2017-07-17,81.1978749033692,81.47366673117367,80.83499558223617,81.3067398071289,2615100
2017-07-18,81.25592956837605,81.39382546979596,80.9438531589668,81.16158294677734,2142400
2017-07-19,81.08174520364373,82.00345611572266,80.747896938753,82.00345611572266,2541800
2017-07-20,82.16314335490385,82.16314335490385,81.59705244386869,81.70591735839844,2237100
2017-07-21,81.53897125213987,82.08329015974708,81.39382175828392,81.77847290039062,1772900
2017-07-24,81.63331571259178,81.70589045267958,81.27043647505502,81.39381408691406,2296000
2017-07-25,81.88734186499092,82.56229756550137,81.58977818954827,82.1703872680664,2219400
2017-07-26,82.4026281996424,82.47520294878004,81.41559610749485,81.49542999267578,2978400
2017-07-27,80.55919150926749,80.55919150926749,77.64164484768732,78.22950744628906,7446500
2017-07-28,78.65772466700108,79.7681401115798,78.3311354720128,79.58670043945312,4274800
2017-07-31,79.86249037334721,80.55921808149195,79.80442834672691,80.04393005371094,3564200
2017-08-01,80.41405672737335,80.41405672737335,79.57943321300942,79.95682525634766,2663500
2017-08-02,79.73912052607115,80.88581521003566,79.72460224944491,80.7479248046875,2256100
2017-08-03,80.53743580843678,81.12529852505054,80.43583004351832,80.93659973144531,2515300
2017-08-04,81.00918970559837,81.35029165024869,80.64631034834949,81.3212661743164,2185400
2017-08-07,81.28495536060791,81.30672723057236,80.8640140843012,81.183349609375,1696000
2017-08-08,82.0107163366687,82.15586583215975,81.1398082895257,81.20512390136719,2809500
2017-08-09,81.26319920322041,81.64785041256148,81.08175953563693,81.58253479003906,1888700
2017-08-10,81.55327215547418,81.75799527241671,81.07801887497958,81.0999526977539,2058200
2017-08-11,81.51671808878154,82.24056776354081,81.3704888739564,81.48016357421875,2077900
2017-08-14,82.02122558077153,83.19838927204968,81.9554185235084,83.12527465820312,2424900
2017-08-15,83.11796473435278,83.66633272681774,82.98635619302969,83.4835433959961,1985800
2017-08-16,83.54935975184938,84.33169800391462,83.51280522614984,83.90763092041016,2196300
2017-08-17,83.79063094442087,83.94417331806835,82.5549788198422,82.56228637695312,2439900
2017-08-18,82.56960550258655,83.49817294723569,82.38681615237081,82.86937713623047,2249300
2017-08-21,82.86938233813804,83.49817818861425,82.7524000473666,83.22765350341797,1455200
2017-08-22,83.3519408454288,83.96611036355368,83.23495298771658,83.79063415527344,1594100
2017-08-23,83.43968583210746,83.43968583210746,82.81089001177698,83.0229263305664,1528400
2017-08-24,83.2349439802659,83.32268486405499,82.7962507178954,82.87667846679688,1147500
2017-08-25,83.16182932858256,83.43235953642744,82.86205773777537,82.91323852539062,2015100
2017-08-28,83.19837951660156,83.39578950866864,83.04483717204121,83.19837951660156,1928000
2017-08-29,83.02290700326904,84.09039590645983,82.5915213300767,84.00265502929688,2083100
2017-08-30,83.99533492079344,84.5510159401129,83.98802736535191,84.06114196777344,1968500
2017-08-31,84.42672010545735,84.42672010545735,83.27149042721736,83.6151351928711,3262200
2017-09-01,83.87836056268851,84.11233065941802,83.63707733154297,83.63707733154297,1548400
2017-09-05,83.4323710924618,83.62247357777233,83.01561159893105,83.29344940185547,1771500
2017-09-06,83.53473135963442,83.76138836426699,83.15453197331964,83.21302032470703,2144400
2017-09-07,83.26417442637529,83.92221697855437,83.26417442637529,83.84178924560547,1616300
2017-09-08,83.79792558854236,84.38285356903965,83.39578690466463,84.11963653564453,1645400
2017-09-11,84.4486642518735,85.0847730816944,84.30974258623408,84.9604721069336,2021500
2017-09-12,84.98240415590207,85.93290517279385,84.79961485515904,85.65506744384766,2151700
2017-09-13,85.42840081716233,86.02064191637746,85.29679788209953,85.5892562866211,2302600
2017-09-14,85.32605499850493,85.89636238040407,85.17982576927184,85.8232421875,2102800
2017-09-15,85.80861223491333,86.27655241190136,85.61850979479726,86.20343780517578,3411300
2017-09-18,86.22538778522619,86.53978567351245,85.83787527651499,85.97679138183594,2292400
2017-09-19,85.97678963135041,86.26194612829133,85.46498172050848,85.52347564697266,2002700
2017-09-20,85.51615858610403,86.56171376593322,85.28950160431948,86.15226745605469,3481800
2017-09-21,86.15227124302737,86.27656665280588,85.6039032346409,85.73551177978516,1765700
2017-09-22,85.83053233471792,86.3130987028604,85.64774305798868,86.0352554321289,1883300
2017-09-25,86.32773374733137,86.48858923013002,85.66238357009428,86.43740844726562,2361100
2017-09-26,86.29119882492013,87.0077355723156,85.53810755240862,86.9492416381836,2870700
2017-09-27,86.78106970859433,87.1320221210518,86.55440713149886,86.72988891601562,2302400
2017-09-28,86.68598761556925,87.5341325646102,86.5105114661521,87.45370483398438,1629300
2017-09-29,87.41715978785497,88.04595547460556,87.32211135270883,87.80467224121094,2445800
2017-10-02,87.73885250344756,88.32378041811829,87.6364909551231,88.31646728515625,1989900
2017-10-03,87.9801444088977,88.15562056938107,87.38059574715017,87.52682495117188,1857000
2017-10-04,87.38058975554108,87.46101748572414,86.77372800171847,87.00769805908203,2309700
2017-10-05,85.3845258881343,86.42276763916016,85.19442347878339,86.42276763916016,4480300
2017-10-06,86.26925676627347,86.81031723795796,85.83787659434216,86.05722045898438,2828300
2017-10-09,86.37891151286982,86.72986942474263,85.48689883271788,85.65506744384766,1839200
2017-10-10,86.00603249008786,86.71525597432793,85.74281541184851,86.36430358886719,2064200
2017-10-11,86.36431903172942,86.9492416381836,86.24001802712678,86.9492416381836,1810000
2017-10-12,86.86149554699695,87.75350282962847,86.75182082866804,87.42448425292969,2290300
2017-10-13,87.76810869171945,87.81928947126679,86.45202353437861,86.53976440429688,1665500
2017-10-16,86.72256206616517,86.78105598508722,85.88173011109379,86.525146484375,1247300
2017-10-17,86.27654973210569,86.44471834280935,85.83785652709132,86.0425796508789,1484400
2017-10-18,85.84517566400693,86.83954439503994,85.84517566400693,86.38623046875,2089300
2017-10-19,86.04258440936793,87.39522419058797,86.04258440936793,87.3147964477539,2119600
2017-10-20,87.43908405027673,88.05325897917706,87.38059571566107,87.56338500976562,2427600
2017-10-23,87.91435200275917,88.03865298299283,87.46834560444648,87.5049057006836,2052200
2017-10-24,87.87046624721229,88.04594240076706,87.46102002948905,87.5195083618164,1845600
2017-10-25,87.43179446205008,87.54877673360775,86.5982755559087,86.67870330810547,3397000
2017-10-26,86.48858873720826,88.31648179807169,85.5453952484083,87.24899291992188,4104500
2017-10-27,87.2343708360934,89.01839633412489,87.2343708360934,88.28723907470703,3638300
2017-10-30,88.11908166930547,88.11908166930547,86.1595797414639,86.34236907958984,3442000
2017-10-31,86.64211511512057,86.8541513404928,85.87439793974818,85.93289184570312,2499000
2017-11-01,86.23267173605156,86.40083474828673,85.67699076796934,85.8817138671875,2088600
2017-11-02,85.99873886066537,86.09378731831065,84.11235135388257,85.45037078857422,3522300
2017-11-03,85.45033732555987,85.45033732555987,84.20736683527038,84.41940307617188,2957600
2017-11-06,84.50717335953803,84.81425812776317,83.05947925773799,83.29344940185547,3351100
2017-11-07,83.2276257287218,83.98071675503657,83.08139094119817,83.31536102294922,2730400
2017-11-08,83.10333835307405,83.13257973511048,82.36486794518976,82.7158203125,2371900
2017-11-09,82.49647882607661,82.62077422727556,81.6848937834218,82.29175567626953,2713900
2017-11-10,82.18125853363486,83.43345795186578,81.98238191816704,83.40399932861328,2840000
2017-11-13,84.02272800648309,84.60463413629645,83.62496917269688,84.56780242919922,3301300
2017-11-14,84.19213066169765,84.33944622380417,83.72807596357801,84.02271270751953,3238200
2017-11-15,83.78704706678873,84.18480603052849,82.98416729126812,83.15357971191406,2153400
2017-11-16,83.74281363153796,84.12583747738384,83.212468599037,83.75017547607422,2518400
2017-11-17,83.47766855366136,83.60288738868002,82.91049163313842,83.19039916992188,2155400
2017-11-20,83.36717528906956,83.61025110123663,83.10200269756552,83.38190460205078,2811100
2017-11-21,83.27144036132657,84.0743201719814,83.08729299707748,83.91226959228516,2205400
2017-11-22,83.91962243194087,84.11113723090087,83.6691791379577,83.80176544189453,1846200
2017-11-24,83.97117472581316,84.11112848200311,83.2051212293855,83.33770751953125,891700
2017-11-27,83.54396774548943,84.4573426405482,83.5071416476163,84.36894989013672,3060500
2017-11-28,84.78878117247855,85.02448948588177,84.25843606238891,84.84770965576172,2025800
2017-11-29,87.16797785167525,87.84564430033834,84.95084803398967,87.68359375,4122100
2017-11-30,87.68359341130953,89.86389712623411,87.67622594457791,89.45877075195312,5654200
2017-12-01,89.7828614124023,89.7828614124023,87.72777677220547,88.61904907226562,3141900
2017-12-04,89.93755217143188,92.19151924496855,89.93755217143188,91.13082885742188,4535000
2017-12-05,91.2118598709755,91.33707871079525,88.59696545031447,88.66326141357422,3690900
2017-12-06,87.2416311722756,88.35387687577189,86.89543333115866,87.13114166259766,3347000
2017-12-07,87.18270419910742,88.40543943352421,86.80704210756798,88.19183349609375,3280000
2017-12-08,88.43489922120233,88.48646024138536,86.83650197579829,88.06660461425781,3030400
2017-12-11,86.97645010835258,87.95611504829944,86.5934205948153,86.95435333251953,2765500
2017-12-12,86.8512606661719,87.56574767852648,86.63028159366222,87.03540802001953,2541000
2017-12-13,87.27109431957129,87.89719404023924,86.94699326051642,87.21216583251953,2738500
2017-12-14,87.16798682118764,87.16798682118764,85.6874461747077,86.06310272216797,2817400
2017-12-15,86.51241512188562,87.35949398082745,86.40929306459503,86.91754150390625,4997200
2017-12-18,87.4920862620378,88.33179771146388,87.36686741530765,87.5141830444336,2581000
2017-12-19,87.77196309796317,88.01503323895433,87.32264328077574,87.65410614013672,2111200
2017-12-20,88.89157441779678,88.92840612135335,87.079565873447,87.16059112548828,3420000
2017-12-21,87.5436413572786,87.5436413572786,86.54924687878759,87.34476470947266,3377700
2017-12-22,87.65412676035868,87.65412676035868,87.07222053859034,87.38895416259766,1933400
2017-12-26,87.60992785460508,87.71304990080506,86.98382249159515,87.10904693603516,1309100
2017-12-27,87.06484869380768,87.7498769336204,86.95436480007183,87.71305084228516,1508000
2017-12-28,88.01505157781592,88.06661260267602,87.29319722977478,87.69095611572266,1367300
2017-12-29,87.69095248944893,88.62641836457772,87.65412077904473,87.76461029052734,2614400
2018-01-02,88.42017709987748,91.12345838594415,88.10344348735943,91.093994140625,5413000
2018-01-03,91.44756546953708,93.31850302217943,91.26341813899823,93.11225891113281,5655600
2018-01-04,93.55421226581821,94.98319174290584,93.33323321918816,93.71626281738281,5473100
2018-01-05,94.15084802791985,94.76958598798508,92.64083765205034,94.00353240966797,3699200
2018-01-08,94.36445033874338,95.40304389050874,94.09191029004545,95.14523315429688,3243000
2018-01-09,95.18942318287748,95.75660003784265,94.91688876401226,95.10103607177734,2957700
2018-01-10,94.66644564584085,96.0954304697352,94.64434886934427,95.6019058227539,2927900
2018-01-11,96.02179748345573,98.5335701094748,95.77135977749381,98.30522918701172,4252300
2018-01-12,98.29783229614571,98.94603442704604,97.96636938446619,98.76924896240234,4212500
2018-01-16,99.00497146334604,99.225950503365,97.05300305588283,97.87799072265625,4126500
2018-01-17,98.35678263883952,98.92395962940174,97.51707116425628,98.71034240722656,3508800
2018-01-18,99.18172262694058,99.82992466298792,98.35674639157725,98.40093994140625,3371100
2018-01-19,98.59984546417508,98.7177024512194,97.17086040478023,98.02530670166016,3891700
2018-01-22,97.61282068829385,97.95901857088256,96.59632382116433,97.8632583618164,3100000
2018-01-23,97.87061159988727,97.87061159988727,96.42690294113504,97.2813491821289,2952700
2018-01-24,97.605431630509,97.93690576474133,95.86708065495489,97.00143432617188,2862900
2018-01-25,97.20031941194789,97.20768125801784,95.54299364997594,96.70679473876953,3166800
2018-01-26,96.6478860500567,97.7601318359375,96.52265597955999,97.7601318359375,2044500
2018-01-29,97.78957758335255,98.37885118785516,96.20591530824477,96.22801208496094,2753800
2018-01-30,96.02913619346116,96.30168185671525,94.35708670112501,94.36444854736328,4124900
2018-01-31,94.65172257311458,94.997920434212,92.99439669148418,93.78254699707031,5788300
2018-02-01,87.81618120464549,89.12730931860526,86.96910234750601,88.02979278564453,14405900
2018-02-02,87.64676045041946,87.75724997089965,85.09079464477394,85.79055786132812,9235600
2018-02-05,85.36331430744802,85.67268039505741,83.389255203128,83.45555114746094,8119600
2018-02-06,82.95469049422874,85.36333507624971,80.78911611462296,83.02098083496094,11749100
2018-02-07,82.78526899804825,83.42610369682902,82.21809772329054,82.43170928955078,7219700
2018-02-08,82.3212124187702,82.86628686551684,80.45764259997357,80.49446868896484,6999100
2018-02-09,79.6252972356517,79.63266470171631,76.46532866153687,78.36573028564453,11369600
2018-02-12,78.81503386185305,78.87396233870899,77.6438598879178,78.3067855834961,6677300
2018-02-13,78.07109414828328,80.11881139335352,77.71016698415617,79.2275390625,7557900
2018-02-14,78.58671221733992,78.88871090040217,77.40816487151879,78.52041625976562,6504000
2018-02-15,78.92553532597789,79.79471082242735,77.72489131171848,79.77997589111328,5535100
2018-02-16,79.56457173197315,79.97313075554726,78.66574754745677,79.03716278076172,6119600
2018-02-20,78.92572052823012,79.22285378604079,77.49948769155348,77.7817611694336,5228600
2018-02-21,77.80405166354949,79.51999367858629,77.63320385151191,77.77433776855469,5516000
2018-02-22,78.25718709490079,79.0965891339443,77.7372080447074,78.05662536621094,3357000
2018-02-23,77.55148575540989,78.45773964339942,77.50691208286669,78.45030975341797,4417000
2018-02-26,79.25999977613253,80.55252872592764,78.74745066451344,80.27767944335938,4092400
2018-02-27,80.40394894515802,80.64165441109397,78.5023052176705,78.50973510742188,3605100
2018-02-28,79.03716044130108,79.18572426328696,77.53663976944961,77.55892944335938,3729200
2018-03-01,77.96747900539212,81.18393603474445,77.21721870586055,79.05944061279297,8701900
2018-03-02,78.56174472353358,78.96287381978198,77.5292109204918,78.27204132080078,4670600
2018-03-05,78.24975337987271,78.8663039859364,77.72234446406344,78.59888458251953,4997400
2018-03-06,79.84684016560796,81.74106000133229,78.97030004433871,81.56278228759766,8590500
2018-03-07,80.98337212151834,81.37707701551473,80.09940775120802,81.12451171875,7097600
2018-03-08,81.2730809390086,82.11247729367393,79.46057285680234,80.81995391845703,6079000
2018-03-09,81.36222465706047,82.02334335597631,80.90167336907464,81.9936294555664,3201900
2018-03-12,81.8747476187311,82.26844672789983,80.88678206761479,80.90164184570312,3124800
2018-03-13,81.48849720082514,82.12733183417892,81.0576598517523,81.21365356445312,3517900
2018-03-14,81.73362184057689,81.83761763534545,80.61194643432081,80.79022979736328,2310900
2018-03-15,80.9982168425489,81.71876314255228,80.90165094349464,81.50334167480469,2718300
2018-03-16,81.39192580016855,82.60273729851832,81.39192580016855,82.38732147216797,5679200
2018-03-19,81.93420142565122,82.37246867362622,79.809705871684,80.56739044189453,3351200
2018-03-20,80.70108225255518,81.21363696620787,79.86911028750733,80.24795532226562,2513000
2018-03-21,80.36679669042424,81.39933015772118,79.9582378361653,79.96566772460938,2805100
2018-03-22,79.28228869783123,79.57199209171833,77.44749675831558,77.58863067626953,4150000
2018-03-23,77.9154829001836,77.99719470040031,75.3601444221625,75.51614379882812,4278800
2018-03-26,76.55611356644056,77.19494828362411,75.69443308787612,77.03152465820312,3836100
2018-03-27,77.08349340522315,77.74461754902532,75.53841077524038,75.89496612548828,3850200
2018-03-28,76.00639959593092,77.01664930419318,75.54584274831717,76.27381896972656,3811400
2018-03-29,76.68983558177851,78.61376993394066,76.62298354285362,77.74465942382812,3813400
2018-04-02,77.4995043165537,78.31661670030883,76.06584128236598,77.13551330566406,4594400
2018-04-03,77.55893427401719,78.45775848791091,77.07609332147015,78.39833068847656,4453200
2018-04-04,77.11322259316898,79.08915419242663,76.75666717218847,79.04458618164062,3832800
2018-04-05,79.19314120276104,79.75769383520006,78.25717340875475,79.6165542602539,3154700
2018-04-06,79.09657318189421,79.20799319350282,77.54405490111736,78.24231719970703,4397200
2018-04-09,78.41317448068013,78.9331591562485,77.52178027591455,77.70005798339844,3938500
2018-04-10,78.41317388496309,79.37142576484646,78.41317388496309,78.75487518310547,2751100
2018-04-11,78.17547240790246,79.29714793748168,78.03433848082568,78.80687713623047,1623900
2018-04-12,79.17831521884787,79.95828965799961,79.13374719398709,79.47544860839844,2000000
2018-04-13,79.83941733578898,80.47824629343664,79.18572292843886,79.66856384277344,3970800
2018-04-16,80.44854153642746,81.25822402204513,80.34454572483155,81.15422821044922,4595600
2018-04-17,81.36963425527006,81.59990984183183,80.71594561132454,81.35477447509766,2832900
2018-04-18,81.61477605572419,82.47645635124503,80.67880818817645,82.37989044189453,3559500
2018-04-19,82.23131727398749,82.23131727398749,80.96107805872136,81.4736328125,2737200
2018-04-20,81.64448895670192,81.64448895670192,80.21825033440805,80.63423919677734,3632400
2018-04-23,80.7456763254319,81.1319513746572,80.53768468385543,81.05023956298828,2246600
2018-04-24,81.07992385888441,81.39191120733061,79.70568901395657,80.38909149169922,3626100
2018-04-25,80.21080997507221,80.87935264191218,79.78739697464597,80.71593475341797,3195100
2018-04-26,80.26283459146059,84.89066524821169,80.01026928451121,84.14783477783203,7309000
2018-04-27,83.9918369240475,84.68266945418338,83.73927729687885,84.67523956298828,4557400
2018-04-30,84.81636599317709,85.02435757558217,83.83583019944913,84.31124114990234,4479400
2018-05-01,84.34840623758927,84.60839578126411,82.81074731660155,83.53128814697266,4376200
2018-05-02,83.25643770469,83.38271752028139,82.14219203626753,82.56560516357422,3563800
2018-05-03,82.29074439775293,82.43188397631404,80.34453252839398,81.57019805908203,4079400
2018-05-04,81.10964397088101,83.05585577057907,80.82736482386242,82.68444061279297,2412800
2018-05-07,83.04102788834462,83.754144536467,82.80332233897049,83.28616333007812,2583800
2018-05-08,83.19699272804242,84.09581670154071,82.17931318746399,82.65472412109375,2848700
2018-05-09,82.70673857560645,82.96673376381791,81.94905401946478,82.75131225585938,3205400
2018-05-10,83.14501068289339,84.77181114648513,82.85530726709572,84.67523956298828,2477900
2018-05-11,84.63808829526758,86.1608870476382,84.47466471843808,85.75975799560547,3388100
2018-05-14,87.61685600679029,88.22597679564925,86.2574804865817,86.4208984375,4618600
2018-05-15,86.00490377165825,86.51745856696859,85.31407126520155,85.87862396240234,3480400
2018-05-16,85.82662954171649,86.66602589695079,85.8191996504747,86.40603637695312,1970000
2018-05-17,86.60659790039062,87.23800830550556,86.46546397120368,86.60659790039062,3697200
2018-05-18,86.59911228033806,86.79376910185597,86.17236836788685,86.38199615478516,2450900
2018-05-21,86.8461702173413,87.80447187134824,86.47183327674931,87.65473937988281,3333300
2018-05-22,87.60230948786626,87.69963501062999,86.3145898356598,86.36699676513672,2027100
2018-05-23,85.9851608862872,86.41190460518797,85.18408037144096,86.30709075927734,2013600
2018-05-24,86.38197676179323,86.70390670852113,85.6557680093396,86.56914520263672,2303400
2018-05-25,86.46432495117188,86.77128391322513,86.2472088903865,86.46432495117188,1583600
2018-05-29,86.00017151625002,86.06006108618635,84.6076376284999,85.22154998779297,2724100
2018-05-30,85.4386781468226,87.40768869233396,85.28145729370688,87.3627700805664,2911700
2018-05-31,87.19055864339214,87.4675700329481,86.77879144002492,86.9360122680664,5893000
2018-06-01,87.36275739203703,87.81196058025834,87.08574599853513,87.78201293945312,2237800
2018-06-04,88.0515308670409,88.54565263173035,87.53494408910944,87.57238006591797,2248500
2018-06-05,87.44511594518275,88.17881318646161,87.25794746560139,87.45259857177734,3341000
2018-06-06,87.59483128390873,87.9766565067937,86.77129127747118,87.60980224609375,2783700
2018-06-07,87.72212346504503,87.84939666294633,86.69644383122659,86.9884262084961,3106400
2018-06-08,86.95845585299683,87.33279272217725,86.65149687854377,87.29535675048828,2879800
2018-06-11,87.29536024444191,88.15633622040247,87.26541260827756,87.48252868652344,2004700
2018-06-12,88.0515167317929,89.21944590804685,87.83440066739979,88.5980453491211,3414600
2018-06-13,88.7103854917998,88.79274009323915,87.67721737182833,87.84192657470703,1668400
2018-06-14,87.92425952856405,88.1413756323641,87.25794025328342,87.73709106445312,1869300
2018-06-15,87.30284548158197,87.86435078788907,86.88359001402274,87.4226303100586,4286900
2018-06-18,86.98840388091256,87.81943219120124,86.69642157858705,87.4226303100586,2177100
2018-06-19,86.84616577075656,86.84616577075656,85.43117266472176,85.96273040771484,2739000
2018-06-20,85.9103475667468,85.93280687442412,84.99696430833755,85.08680725097656,3112600
2018-06-21,85.09428241507314,85.40123575901823,84.09105636936172,84.91459655761719,2721900
2018-06-22,86.02262621648201,86.68894548377446,85.07180723151762,85.12421417236328,3536300
2018-06-25,84.63010511952216,84.63010511952216,81.8974440232755,82.50386810302734,4044300
2018-06-26,82.64610070587914,82.8781877571317,81.75517705195686,82.03218841552734,2332300
2018-06-27,82.1070634944088,82.47391781018852,81.04394794990111,81.14127349853516,2940800
2018-06-28,79.92094834140288,80.0706808544605,78.68563511692508,79.26959991455078,6173000
2018-06-29,79.58404604903997,80.29528404250024,79.4717438100912,79.5316390991211,3409300
2018-07-02,79.26211728724837,79.7113205383505,78.92521056497485,79.26959991455078,2252300
2018-07-03,79.5541007937307,79.99581571175138,78.95515930930235,79.17976379394531,1145700
2018-07-05,79.3519488791498,79.61398361437014,78.56584467348877,79.57655334472656,2866800
2018-07-06,79.71879601115931,79.87601683807354,78.7005990933001,79.38188934326172,2022400
2018-07-09,79.58403430363887,81.39582368993187,79.5615692896213,81.29849243164062,2103600
2018-07-10,81.38085347580093,81.5829986345119,80.83432470847167,81.23860931396484,1503900
2018-07-11,80.63217689148145,80.98405453902826,80.13805508678804,80.35517120361328,1765000
2018-07-12,80.9166620172459,81.62789981032522,80.71451690170375,81.2535629272461,1920100
2018-07-13,81.13378937395399,81.91241088443259,80.80437104323232,81.58299255371094,1997900
2018-07-16,83.20011951205569,83.5295378204816,82.23432959938442,82.84075927734375,4288800
2018-07-17,82.84825906410484,83.23756699083123,82.09958514107593,83.15521240234375,2102400
2018-07-18,83.07284049392504,84.32312431384763,82.96053828649895,83.97125244140625,2798600
2018-07-19,83.76911643789559,84.52527862409578,83.43969811679291,84.48035430908203,2457900
2018-07-20,83.8664336554329,84.26323555369669,83.6642942496885,83.90386962890625,1776000
2018-07-23,84.20334600440219,84.60014221770952,84.00120087298994,84.38302612304688,1871000
2018-07-24,84.85468717672613,85.10175090574208,83.81403103418639,84.1808853149414,2646000
2018-07-25,84.03864535970946,90.1702864347072,84.03864535970946,89.9906005859375,6725700
2018-07-26,89.83337650033819,90.34996330097614,88.38095306956177,88.99486541748047,3630300
2018-07-27,89.27187299929062,89.27187299929062,88.45582120132737,88.837646484375,2094700
2018-07-30,88.9499425401363,89.795947686687,88.74780310422778,88.87507629394531,2020400
2018-07-31,89.55637496231536,90.85906596334716,89.3242821666434,89.75851440429688,2395100
2018-08-01,89.75851347749301,89.84086806350551,88.19378776711267,89.3617172241211,1913000
2018-08-02,89.09217235046918,89.24190480914447,88.36595793084692,88.7927017211914,1653500
2018-08-03,88.80770202918964,89.34674245103538,88.49325464320212,89.20449829101562,1912900
2018-08-06,88.97988842094861,89.78845757244584,88.97988842094861,89.49647521972656,1603400
2018-08-07,89.48149622505028,89.94567606931084,88.82266529197275,89.84835052490234,1957400
2018-08-08,89.84834162458039,90.43230625704051,89.69860344194471,90.27508544921875,1603100
2018-08-09,90.01307475869629,91.22592294567683,89.93820279146068,90.49222564697266,2050100
2018-08-10,90.23017679575865,90.43232194941238,89.09219496989597,89.2943344116211,2341400
2018-08-13,89.25690274318112,89.45155955536802,88.13389189983344,88.46331024169922,2339100
2018-08-14,88.5381861831031,89.95317954369749,88.5381861831031,89.07723236083984,1914800
2018-08-15,88.7028932688378,90.20024118841222,88.23871335747528,89.87831115722656,2619100
2018-08-16,90.20023538018367,91.03874650551687,89.75851480214968,90.6718978881836,2126800
2018-08-17,90.86046396166437,91.93917292376939,90.50592816384564,91.87882995605469,2384200
2018-08-20,91.87883895359188,92.73878819582788,91.80340016501168,92.44459533691406,2272500
2018-08-21,92.40687189433689,92.94999891935957,92.18811207841544,92.79158782958984,2594900
2018-08-22,92.79159754903195,92.79159754903195,91.8034057590966,91.93164825439453,2272200
2018-08-23,91.91656627583232,92.20321990269792,91.38098417717869,91.81095886230469,1263600
2018-08-24,92.10515797691706,92.74634753234244,91.9014881671411,92.58793640136719,1969600
2018-08-27,92.70860194593268,93.59118040952515,92.67088255647832,93.42522430419922,2641100
2018-08-28,93.5911899627985,93.87029850980657,92.48230655963273,92.595458984375,2126400
2018-08-29,92.75386440374125,93.1687546840294,92.33143484939043,93.13858032226562,1528000
2018-08-30,92.9801813695494,93.25174490568045,92.35407623040436,92.6708984375,1314400
2018-08-31,92.68598794667828,92.88211268980619,91.9241010439991,92.69352722167969,2188500
2018-09-04,93.37997628441133,93.84012526338238,92.85947857750308,93.79486083984375,2396900
2018-09-05,93.5383789256863,94.28517566211286,93.15366301381827,94.03624725341797,2368300
2018-09-06,93.96083017066834,94.16450571729095,93.13105518800374,93.31209564208984,2282200
2018-09-07,93.07825006833697,93.83259199660304,92.1579519950248,92.7765121459961,2530000
2018-09-10,93.30454325207556,94.36061721511916,93.12349706826399,93.79486083984375,2458000
2018-09-11,93.42524643853376,93.76470375853498,92.67090451209398,92.83686065673828,2260400
2018-09-12,92.71616022513764,93.50821572033658,92.48231033640799,93.0103530883789,3243100
2018-09-13,92.85194210216993,94.25501850253214,89.81194515310916,90.29472351074219,5029200
2018-09-14,90.74732043584467,91.1697500002989,89.77421882758014,90.8152084350586,3730600
2018-09-17,90.95853765984926,91.2904441457571,89.49511269345982,89.83456420898438,2945200
2018-09-18,89.54037117822271,90.27962868952662,88.52201087855443,89.19337463378906,2851300
2018-09-19,89.23865476324387,89.60828070636853,88.91428749535054,89.20093536376953,1944800
2018-09-20,89.71385098190902,90.21925849668807,89.42720323214701,89.857177734375,1905500
2018-09-21,90.07596452433492,90.5587428557107,89.3367069671317,89.38196563720703,4348400
2018-09-24,89.23865536444532,89.52530323479546,88.30326719876561,88.50694274902344,1889400
2018-09-25,88.74078070531125,88.8237587747715,87.48103111284664,87.69979095458984,2108700
2018-09-26,87.69977840033178,88.52200819160744,87.69223337095947,88.03168487548828,2220600
2018-09-27,87.88082775627637,88.51447216388212,87.64698361849403,88.05432891845703,1599800
2018-09-28,87.85065240123483,88.15239029653107,87.29998606585298,88.06941223144531,2641800
2018-10-01,89.42724676233036,89.66109094161713,88.40134117778364,88.60501098632812,1820200
2018-10-02,88.62009710181508,88.67290080946881,87.98644685479772,88.2504653930664,1336100
2018-10-03,88.63518256652887,89.41969891561077,88.56729455087563,88.84639739990234,1802900
2018-10-04,88.62007138998484,89.26880000072335,87.72994789409792,88.49182891845703,1799800
2018-10-05,88.60500491721866,89.1179576743567,87.68470681572053,88.43904876708984,2039200
2018-10-08,88.3409662468374,89.93262786180111,88.22781382889205,89.60071563720703,2867100
2018-10-09,89.20846743800999,89.54037393345402,88.58236233077486,88.95198822021484,4652400
2018-10-10,88.51445703616875,89.2009107822605,87.74503099340873,87.99396514892578,4669000
2018-10-11,88.506942490378,88.86902340395454,85.36887721179531,85.8139419555664,5239800
2018-10-12,87.16420580488712,87.93363198375714,85.76112945944315,87.23209381103516,2993000
2018-10-15,87.02842988274234,87.97889656368433,86.94545181065139,87.33016204833984,2648300
2018-10-16,87.88082909461859,88.78603704931847,87.31507268413822,88.62008666992188,2681100
2018-10-17,88.50693710587244,89.05006419836735,87.45085728770701,89.01988983154297,2104400
2018-10-18,88.70303569683412,88.82373312853511,86.13073355178761,86.54562377929688,2270000
2018-10-19,86.54563080202156,88.09202792377293,85.99495879674969,87.8732681274414,2460000
2018-10-22,87.64698414362356,87.76013082053697,86.5456456986828,87.23209381103516,2358900
2018-10-23,86.2061692319042,87.26224877122867,85.20289338178742,86.17599487304688,3120200
2018-10-24,83.7847477180812,84.59189325455003,81.06157322243457,81.4161148071289,5794600
2018-10-25,80.75230439863807,82.40430928093129,79.66605019809407,81.33314514160156,4269800
2018-10-26,80.33741173780673,80.82019008971407,78.78346927730323,79.43974304199219,3965200
2018-10-29,80.38266413287748,81.03894360149074,78.32331414527732,79.303955078125,3355100
2018-10-30,79.54536646233296,81.1294893633443,78.98715495964528,80.76740264892578,3047400
2018-10-31,81.65752365065737,82.23836447367928,80.30725074447379,80.36759948730469,3620800
2018-11-01,80.63160111076475,81.58961849771175,79.91497864444892,81.1068344116211,2897800
2018-11-02,80.79001773781792,81.21999239805591,79.56798752196893,79.95269775390625,2854000
2018-11-05,80.27707369658631,81.05404503031762,79.98288077906034,80.57881164550781,2445600
2018-11-06,80.5335381275274,82.14028420833748,80.3072332687444,81.95924377441406,2582900
2018-11-07,82.40431879402105,83.97335154145965,81.47648135325312,83.83002471923828,3720900
2018-11-08,83.61126238956312,84.44858244866668,83.54337437377383,84.109130859375,2566400
2018-11-09,84.40329478795272,84.58433518972872,82.38920377207918,82.60796356201172,3377000
2018-11-12,82.78901873607026,83.31705573345718,81.07666525439699,81.25770568847656,1810300
2018-11-13,81.52171792336533,83.36985302738783,81.46891422768387,82.52499389648438,3578300
2018-11-14,83.32460084177987,84.53909169208283,81.74802912297748,82.60043334960938,2964400
2018-11-15,82.20065461869758,83.7244230368637,81.0163378230657,83.31707763671875,3303700
2018-11-16,83.24097605769354,84.26779612490253,82.76178910414333,83.73536682128906,2583900
2018-11-19,83.75061393843893,85.11971174826682,83.58327911690628,84.64813232421875,2932500
2018-11-20,83.88752033391003,84.27543233153654,82.16854333160754,82.53363800048828,3485400
2018-11-21,82.90632678626002,83.44635812676677,82.51841482508557,82.73138427734375,1660600
2018-11-23,82.7770322211127,83.6517332388503,82.33587785696918,82.67054748535156,835900
2018-11-26,83.59849128955328,84.36670177239333,82.93675974002466,84.15373229980469,3400000
2018-11-27,83.75059201768954,84.85347188478592,83.38549742963369,84.81544494628906,1933800
2018-11-28,84.91433845395022,86.42034594328926,84.37430707728849,86.36710357666016,2322000
2018-11-29,86.0324224641894,86.65612116266828,85.46196612522765,86.14651489257812,1998400
2018-11-30,86.51162888112201,87.80466710759417,86.09329759257392,87.6905746459961,3564200
2018-12-03,88.70216485668738,89.21177115608533,86.54203371137099,87.67533874511719,3529800
2018-12-04,86.40511625755414,86.54202600670922,80.5104009407349,81.21015930175781,6865900
2018-12-06,80.73099756775325,82.22178975007158,80.1529333981251,82.17615509033203,4269600
2018-12-07,82.16854847312011,83.16494391058454,79.4607836368443,80.1072998046875,3172100
2018-12-10,79.60529922942523,80.2365999600764,76.73780154449905,79.40753936767578,3993400
2018-12-11,80.4571572996237,80.9287366065211,77.79502784416565,78.78382110595703,2382600
2018-12-12,79.61288274760402,79.78782523931548,76.95075325022063,76.9811782836914,4453700
2018-12-13,77.07245838255238,77.46797223735939,75.87069559593611,76.65412139892578,3490500
2018-12-14,75.96199231701566,76.09129440220833,74.18977266825566,75.04165649414062,4532200
2018-12-17,74.84386755522904,75.17092939862566,73.29222572629959,73.68013763427734,4649200
2018-12-18,74.4483530454432,75.35347895848729,73.55083484173903,73.99198913574219,3404700
2018-12-19,71.27663647084584,74.95798538413163,70.9343648967747,71.74060821533203,6326000
2018-12-20,71.86227489458865,72.85106220496421,70.5007853382512,71.45154571533203,5200000
2018-12-21,71.15493796419048,72.47078761310232,70.85830106978918,71.11690521240234,7889200
2018-12-24,70.75940384124824,71.0027983154206,68.37109375,68.37109375,2728300
2018-12-26,69.08607493404526,73.61169341623116,68.40913379912298,73.48239135742188,6259400
2018-12-27,72.44036031339616,74.37230682373047,71.55805736865891,74.37230682373047,4335500
2018-12-28,74.67652900220045,75.16331788826601,73.12488725174853,73.42152404785156,2972200
2018-12-31,73.67253787588608,74.20496149097394,73.35308370683335,74.18214416503906,2656700
2019-01-02,73.10969074526028,74.05284365573185,72.85108083899638,73.93875122070312,3297300
2019-01-03,73.37589452406664,73.51280427051374,71.64170827105781,71.83946228027344,2705000
2019-01-04,73.16294098407965,74.48639828513276,72.8891214317262,74.34188079833984,3347300
2019-01-07,74.14413898358036,74.65374542229918,73.15534534766228,74.09089660644531,3795700
2019-01-08,74.88949835580235,75.38389494991377,73.42152399032265,74.09846496582031,3034300
2019-01-09,74.22778045701449,74.79063492309504,73.90072437407842,74.4787826538086,3678200
2019-01-10,74.08328321477426,75.40674063279586,73.66494613865483,75.23180389404297,2432200
2019-01-11,74.76020526947488,75.26981153841338,74.01480643493731,74.47117614746094,5282800
2019-01-14,74.03003853310746,75.79465030310165,73.49760901619705,75.40673828125,4731000
2019-01-15,75.40674201725714,75.40674201725714,73.64213015983573,74.2049789428711,4777100
2019-01-16,74.46357992172729,75.26221543584349,73.68015402564924,73.77142333984375,4463400
2019-01-17,73.7409974489597,75.79464403935599,73.62691080753444,75.74140167236328,4004300
2019-01-18,76.38793645158161,77.4832149007503,76.14454188543127,77.27784729003906,4249100
2019-01-22,77.20177058719811,78.34268345301878,76.93555874576988,78.09928894042969,5593900
2019-01-23,78.3730891028379,78.44154107242021,75.48277490330074,76.7605972290039,4573100
2019-01-24,76.33465352114642,76.54762292802153,75.17092368859242,75.83264923095703,2807000
2019-01-25,76.59329397367351,77.38432772014738,76.06087020344296,76.69217681884766,3445500
2019-01-28,75.96197988542976,76.5324363122573,75.23179635544844,76.31185913085938,3126200
2019-01-29,76.3422934417092,77.0724770603709,75.89353131388522,77.0496597290039,2209000
2019-01-30,77.49841187229372,77.62011203699592,76.25101419901237,76.96598815917969,4013000
2019-01-31,80.24418101237721,82.14570188944776,78.1525080475996,80.16812133789062,7327400
2019-02-01,80.4115487844657,81.0048226131551,80.06166949582794,80.6929702758789,3526100
2019-02-04,80.62450422895228,81.0732604764931,80.1833498885686,81.06565856933594,3184700
2019-02-05,81.24059359863087,81.92514242246138,80.65492759562069,81.88711547851562,3690400
2019-02-06,81.72738107411199,82.78462642578289,81.51441162240596,82.76941680908203,4490600
2019-02-07,82.4119288613036,82.86829279542924,81.6817454061061,82.10008239746094,3395700
2019-02-08,81.68174752323509,82.23699428951741,81.18735083054197,82.2217788696289,2951000
2019-02-11,82.3054265654937,82.92151745488576,82.06203213238983,82.85306549072266,2765300
2019-02-12,83.33226370774084,84.26781469702028,83.33226370774084,84.16893768310547,2881600
2019-02-13,84.42753127687291,85.23377431319348,84.03201746744627,85.19574737548828,2731500
2019-02-14,84.7393891733089,85.31744741015868,84.13090009948799,85.03602600097656,2359400
2019-02-15,84.3743013401672,85.15011945872197,83.3779060597237,84.32866668701172,4273400
2019-02-19,84.35150735823166,84.99802360311719,83.79626044491626,84.25262451171875,2658700
2019-02-20,84.37430445462203,84.5492469698128,83.97118286224892,84.48078918457031,3346700
2019-02-21,84.25260857346568,85.40112913665453,84.20697391631342,85.005615234375,2260100
2019-02-22,85.10448013756277,85.10448013756277,82.03162126235715,83.94075012207031,4085000
2019-02-25,84.32439844104603,85.34488618237482,84.13257770112276,85.06098937988281,3112700
2019-02-26,84.95357398529408,85.85896815186926,84.91520749405345,85.19910430908203,2927600
2019-02-27,85.11471893137718,85.3218828034027,84.7234028909892,85.26817321777344,2620800
2019-02-28,84.96892186023166,85.23746975234359,84.39345958260394,84.5545883178711,2843600
2019-03-01,85.1223682225904,86.2195830220932,84.66966825999069,86.03543090820312,3904100
2019-03-04,86.4881288546625,86.6262400099085,84.25533282050287,84.76941680908203,2730700
2019-03-05,84.31672112393541,85.0533120378884,83.64151424962124,84.37810516357422,3150900
2019-03-06,84.27069296452767,84.40880413814236,83.11976846904024,83.51875305175781,2679500
2019-03-07,83.36530442528965,83.65686987643616,81.50080638249602,81.99186706542969,3979700
2019-03-08,81.47777750425672,81.89211099550708,80.51867382652098,81.85374450683594,2648600
2019-03-11,81.99952886903289,83.57245536381433,81.93814482967153,83.50340270996094,2963400
2019-03-12,83.69523484683829,84.27836573851592,83.34228535327394,83.64152526855469,2549600
2019-03-13,84.1862872741451,85.72852766222135,84.07886812810042,85.06098937988281,3323800
2019-03-14,85.29118388600297,85.30652697078789,84.46251681389937,85.07633972167969,2539600
2019-03-15,85.05331705167879,85.36023141406082,83.95610215754861,84.03282928466797,4874400
2019-03-18,84.05584754736027,85.06866078350674,84.01748105919621,84.93054962158203,2394600
2019-03-19,85.01494327511314,85.1837405871245,84.48551622818029,84.66966247558594,2940800
2019-03-20,83.11975694688765,83.63383507867283,81.71562785209777,82.80516815185547,4199100
2019-03-21,82.30642728256335,84.37809445312635,82.04555392806846,84.2476577758789,1819900
2019-03-22,83.84101031508052,84.08654063940385,82.32946773172101,82.36782836914062,2727900
2019-03-25,82.15298919310182,82.45222908975285,81.59287003681128,82.02255249023438,2088200
2019-03-26,82.62870765042024,83.4727177746053,82.3141188124223,83.18115234375,2204400
2019-03-27,83.25020135846343,83.74126198572174,82.98932796131564,83.61849975585938,1911300
2019-03-28,83.87170275478397,84.71571873688164,83.64918998258592,84.63131713867188,1621000
2019-03-29,85.16840308111745,85.95870354245272,85.11469351152877,85.73619079589844,3428600
2019-04-01,86.84874941376455,88.06872635995951,86.62623668031502,87.80017852783203,3721700
2019-04-02,87.76181952596812,87.8922620731839,86.78737277947593,87.22472381591797,2456400
2019-04-03,87.85390129611639,88.26056033929028,87.37818374064443,87.73880767822266,2556500
2019-04-04,87.70044752680276,87.90761135703411,87.07894432829946,87.4472427368164,2889400
2019-04-05,87.59302064542685,88.16848283337941,87.50094458794896,87.72345733642578,2487300
2019-04-08,87.26309645951024,87.51629539559198,86.94850762578695,87.4472427368164,1854500
2019-04-09,86.75668862764441,86.91014288617414,86.2502848913725,86.63392639160156,2230000
2019-04-10,86.83340354156621,86.91013066003745,86.1735397856866,86.76435089111328,1767700
2019-04-11,86.85641336492132,87.26307817905915,86.61088309531355,87.07892608642578,2384800
2019-04-12,87.42424227423365,88.14548444047018,87.05594379371898,87.82322692871094,2853700
2019-04-15,88.02270542407028,88.16849106521215,86.87178094070933,87.19403839111328,1768300
2019-04-16,87.23238888268189,87.58533829037565,87.00220168666687,87.42420959472656,2072500
2019-04-17,87.79252760178937,88.02271486471155,87.32448446004484,87.84623718261719,2108400
2019-04-18,87.87691545062611,88.0227010845808,87.5239659955976,87.5853500366211,1859700
2019-04-22,87.14798840313817,87.36282666672045,86.59554380883877,87.17868041992188,2585500
2019-04-23,86.96384251113452,87.50861853055946,86.56485797226853,87.16333770751953,2851300
2019-04-24,87.16333234456997,88.22218644539213,87.04823874397142,87.80017852783203,3570600
2019-04-25,84.08652478066067,84.30903750978531,79.95087068456945,80.66444396972656,10116600
2019-04-26,80.49566053562906,80.58005627814505,79.18360148360165,79.75906372070312,5421700
2019-04-29,79.80511505684406,80.54170611363934,79.04550059029128,80.44195556640625,4551000
2019-04-30,80.3191845655549,81.6542553446564,79.26800474957052,81.50080108642578,5101400
2019-05-01,81.37803109503925,81.71563747994294,79.99692524152381,80.27314758300781,2615100
2019-05-02,80.27315795566463,81.35502405468533,79.8741674757849,80.95603942871094,2589800
2019-05-03,81.4393954996905,82.06089269120578,80.81022384112228,81.8307113647461,3107500
2019-05-06,80.21943800849174,81.24759439320086,79.80510449626573,80.27314758300781,2704900
2019-05-07,79.7053540490952,79.85881415781166,77.57230829612548,78.33191680908203,4221600
2019-05-08,78.44702130819296,79.13757725843959,78.07105423402189,78.14778137207031,2497800
2019-05-09,77.55696914505523,77.55696914505523,76.55182440718231,77.30376434326172,3998700
2019-05-10,76.88942013223112,77.49557433693903,75.5236574815315,77.21167755126953,3071200
2019-05-13,75.66943999649203,76.32930374390203,75.09397783448823,76.22955322265625,3766300
2019-05-14,76.45976495246452,77.44188642066203,76.39070642684447,76.5441665649414,2889100
2019-05-15,76.27560151935384,78.27053603557273,75.8612680203546,77.909912109375,3818300
2019-05-16,77.9559493504368,78.95341956284098,77.48023765084167,77.73343658447266,3337900
2019-05-17,77.10599010463747,77.96582228557688,76.68769288878269,76.99754333496094,2587000
2019-05-20,76.37785873560844,76.56376667901118,75.82012899549325,76.31588745117188,2088500
2019-05-21,76.95881338927924,77.26866384985635,76.33137049129242,77.00529479980469,1762100
2019-05-22,76.47079029604554,76.54825142094303,75.47927371358546,75.52574920654297,2580700
2019-05-23,75.07647364420401,75.13844491405686,73.70539328066678,74.4955062866211,3111900
2019-05-24,74.68143558612881,74.99902806766292,73.85258297721916,74.24764251708984,2401700
2019-05-28,74.2708710467867,74.3250944349441,72.86880493164062,72.86880493164062,3357400
2019-05-29,72.78358320324588,73.68214880435134,72.07093139472398,73.41102600097656,3388100
2019-05-30,73.89907190180749,74.46454366170875,73.60471123399994,74.1701889038086,2518800
2019-05-31,73.10893840470145,73.58920693542521,71.76884352479331,71.97798919677734,4192400
2019-06-03,71.91601851776933,73.64343093739339,71.90827654052848,72.915283203125,4971400
2019-06-04,73.96100280253756,75.66517095014686,73.34904995510313,75.6496810913086,5096000
2019-06-05,76.16867862538004,76.41655774122877,75.58771139355606,76.07572174072266,2766900
2019-06-06,76.08348107521603,76.26164107690731,75.47152812307883,75.9130630493164,2643200
2019-06-07,76.44756589385011,76.64122169484992,75.95180751608312,76.09123992919922,2803200
2019-06-10,76.80389401417663,77.7954107975398,76.62572807189753,77.53203582763672,3327200
2019-06-11,78.22920503544441,78.50032200715725,77.35388283822672,77.47007751464844,3229200
2019-06-12,77.13698022834238,77.79540877108974,76.97431006436288,77.77217102050781,2261700
2019-06-13,78.23693324055216,79.23619775053596,78.20594760730786,79.02704620361328,2943100
2019-06-14,78.8953765289707,78.92636216804102,77.96583099648609,78.71721649169922,1829500
2019-06-17,78.74046216669544,78.9573557521061,78.21371806930944,78.54680633544922,2317800
2019-06-18,78.92636576203971,80.2432229780085,78.73270994146156,79.12776947021484,2524200
2019-06-19,79.21297037876268,79.41436815637273,78.21370573789054,78.67073059082031,2056500
2019-06-20,79.59254014562994,80.32068790285248,79.32917107338734,80.0960464477539,2622900
2019-06-21,80.1037633517206,80.2819233234666,79.1199888802556,79.14322662353516,5283100
2019-06-24,78.74046085070101,79.00382994003883,77.1989621145182,77.24543762207031,3704600
2019-06-25,77.24542820779321,77.24542820779321,75.13070422330065,75.23915100097656,5339400
2019-06-26,75.61096812986855,77.75667171135716,75.24689429422291,77.43907928466797,4624000
2019-06-27,77.72567928289989,79.08126971253309,77.59399477382708,78.77916717529297,2613600
2019-06-28,79.19747745784645,80.1502666320366,79.19747745784645,79.9953384399414,3130400
2019-07-01,81.01009858146085,81.42839583366036,79.30592393436218,79.76295471191406,2627600
2019-07-02,79.88689596182381,79.88689596182381,78.48482972983095,79.0115737915039,2020200
2019-07-03,79.18198886423141,79.94886422021347,78.90312402389134,79.94111633300781,1193300
2019-07-05,79.62351148665837,79.62351148665837,78.43059116858458,79.33689880371094,1572000
2019-07-08,78.78691481906985,79.53830017191466,78.78691481906985,78.9495849609375,1675300
2019-07-09,78.72495452108006,78.82565932048503,78.36088657755049,78.80242156982422,1952300
2019-07-10,79.34465943063101,79.36014929521299,78.43835164997256,78.71721649169922,1992400
2019-07-11,78.7326941070371,80.08828457845291,78.59326170786669,80.04180908203125,1820000
2019-07-12,80.32842180125614,82.27272764749264,80.32842180125614,82.04034423828125,3541300
2019-07-15,81.89318718163545,82.30373663999563,80.98687921771872,81.9474105834961,2288200
2019-07-16,82.3037035577497,83.29522017031941,81.76921173288736,81.80794525146484,2958400
2019-07-17,81.3974025942877,81.3974025942877,79.08127510432529,79.18972778320312,3672300
2019-07-18,78.94184958879246,79.75520036616999,78.8721304307854,79.63126373291016,2359000
2019-07-19,79.94886027262007,81.20375199218829,79.91013265831673,80.02632141113281,3011800
2019-07-22,80.49108135995407,80.91712047773717,80.28192983366927,80.56854248046875,2495400
2019-07-23,80.93263902045281,81.57557182054612,80.56856515069624,81.54458618164062,3362300
2019-07-24,85.26277417803323,89.1204002596661,84.90644822027691,88.60914611816406,12086000
2019-07-25,89.31406865123931,91.63019065820832,88.98872237444863,91.59920501708984,8941300
2019-07-26,91.00273722638231,93.96179764942947,90.97175158882246,93.40406799316406,8526500
2019-07-29,92.47452942182701,92.79987570637641,91.48301252201739,91.98651885986328,4171100
2019-07-30,91.15766416554025,93.40407276929683,90.75486267647729,92.80760955810547,3265900
2019-07-31,92.68366000187274,93.88432232446958,91.55271092521065,92.54422760009766,4859500
2019-08-01,92.07945474167707,93.55123397915021,90.29781915644409,90.61541748046875,5106700
2019-08-02,90.35978846508202,91.47524174328302,90.08867155405765,90.78582763671875,3669300
2019-08-05,89.45349340811732,89.63940132897453,88.02043570137043,88.9654769897461,4332900
2019-08-06,89.55418564814913,89.80206482751376,87.98944352661138,89.0816650390625,4875200
2019-08-07,88.02817517581514,89.51545022034982,86.92821171016378,89.39926147460938,3529400
2019-08-08,90.27458995960252,91.25061686283618,90.0499485186254,91.05696105957031,2349100
2019-08-09,90.82456288018443,90.97174316749266,89.42249689235092,89.66262817382812,2113800
2019-08-12,89.18236787622294,89.80981669390869,88.66337174485196,88.9964599609375,1724000
2019-08-13,88.61688285885381,91.35130142655012,88.50068821313563,89.72459411621094,2804800
2019-08-14,88.8957652655727,89.35279014344272,88.22958880197079,88.3380355834961,3775700
2019-08-15,88.84927107185956,88.94997586158057,87.3077726905626,88.22957611083984,3698000
2019-08-16,88.97955031268927,90.17479703382182,88.97955031268927,90.0732421875,2723300
2019-08-19,91.15130271041699,91.7918927019312,90.82319694991625,91.23723602294922,2382600
2019-08-20,90.81539302622677,90.99507341553667,89.8076344012994,89.87013244628906,2599100
2019-08-21,90.87006966337964,91.08880684225791,90.08104830230488,90.56539916992188,1906900
2019-08-22,90.88570630730399,91.3544357230101,89.1436163714317,90.01075744628906,3005000
2019-08-23,89.31547855349407,89.56546478127733,86.33126535176952,86.93279266357422,4375800
2019-08-26,88.30772658058561,89.64359114517904,87.91712269760008,89.33892059326172,3215800
2019-08-27,89.58106297207269,89.83886287859275,88.63580260830607,89.15921020507812,2883900
2019-08-28,88.9561213482327,91.2372463608613,88.54207626814413,90.87789154052734,2609900
2019-08-29,92.03408484548456,93.362141621465,91.66691624247905,92.47156524658203,2708100
2019-08-30,93.42462226878547,93.62773793155193,92.60435779247356,92.69810485839844,2209700
2019-09-03,91.91689572122948,92.47936022736971,90.76851951259468,91.65909576416016,1981800
2019-09-04,92.62777598820458,93.69803244295909,92.52622115561898,93.33086395263672,2732900
2019-09-05,93.83865055682911,95.72917134713343,93.74490350767088,94.6823501586914,2854900
2019-09-06,94.93233837792151,95.22138731562399,93.55741738811119,93.80740356445312,2116500
2019-09-09,94.5261328390051,95.45577192045228,93.96366233460486,95.04173278808594,2882300
2019-09-10,94.68236686454715,95.67450393940236,94.34644732930239,95.61981964111328,3070200
2019-09-11,95.64326867478968,96.01043728474751,94.69019423025463,95.97137451171875,2437000
2019-09-12,95.94792767875465,96.58070399665914,95.16671999338452,95.74481201171875,2224400
2019-09-13,96.2369655400286,96.4400752234371,95.56512653148428,95.83073425292969,3107300
2019-09-16,95.35421452617288,96.05730268190828,94.83862051872828,95.75263214111328,2294400
2019-09-17,95.08859184016458,95.71355435600593,94.5729919534579,95.61199951171875,2007500
2019-09-18,93.05746332344826,94.76049634700838,92.74497905157506,94.55738067626953,4116500
2019-09-19,94.22143924467684,94.33862156443213,92.88557510380339,93.05744171142578,3733700
2019-09-20,93.61211644782608,94.4636299465422,93.17463610009767,94.29176330566406,5308400
2019-09-23,93.58867518474335,94.44018862899037,92.89340088031415,93.00276947021484,2999900
2019-09-24,93.13557058308382,93.72147628029987,91.7372082705113,92.1746826171875,3160500
2019-09-25,92.36217946073599,93.66679475465226,92.14343632079346,93.00276947021484,3203000
2019-09-26,92.96367828417264,92.96367828417264,91.9168632551169,92.53401184082031,1999400
2019-09-27,92.96371486806439,93.35431871204786,92.44030714756055,92.92465209960938,2456000
2019-09-30,93.2058838777511,93.74491906964684,92.95589766530438,93.60430145263672,2639000
2019-10-01,93.94022862359685,94.29176971463879,89.72170573038407,90.47166442871094,4295800
2019-10-02,89.75291527935197,90.60443442157172,89.32324883692833,90.02633666992188,3903400
2019-10-03,90.1513730644457,90.98726509556764,89.06549479859969,90.54197692871094,2936300
2019-10-04,90.72944388130368,91.8700061828153,90.56539101192261,91.78407287597656,2321800
2019-10-07,91.16692689389203,91.42472683899362,90.1747958386935,90.28416442871094,2775800
2019-10-08,89.37796256488717,89.37796256488717,87.83898267046472,88.0733413696289,3373900
2019-10-09,89.05766417772134,89.4482679679745,88.39363892631913,88.94829559326172,2553200
2019-10-10,89.0888911783411,90.17476897006506,88.91702459948303,90.05758666992188,2209500
2019-10-11,91.30755074603893,92.1668839551246,90.53415681800335,90.63571166992188,3083300
2019-10-14,90.57320082794932,91.14347897390118,90.23728135946001,90.51851654052734,1960300
2019-10-15,90.69040254240409,92.30750826573204,90.48729282384457,90.99507904052734,2616300
2019-10-16,90.73727147907535,91.82314965658168,90.73727147907535,91.79190063476562,2260600
2019-10-17,92.03406551961574,92.90120643309466,91.92469693234281,92.48716735839844,2197500
2019-10-18,92.52623254095172,92.68247168109943,91.4247269344446,91.67471313476562,2720600
2019-10-21,91.94813223472138,93.1590064000786,91.87001266666566,92.5887222290039,3251100
2019-10-22,90.4872806043091,91.05755883269177,87.3233873400472,90.69820404052734,8275700
2019-10-23,90.15134893797104,90.67475654557704,89.57325704240827,89.95604705810547,3644200
2019-10-24,89.68263783290891,90.2294807869552,88.60456749473026,89.06548309326172,2969600
2019-10-25,89.05768130756164,90.59666149079749,88.95612644821291,90.40135955810547,2704400
2019-10-28,90.68258766720312,91.6200344861455,90.60446809231485,90.81539154052734,1730400
2019-10-29,91.12005662715912,91.90126424979262,90.85444889633149,91.33098602294922,2867300
2019-10-30,91.29972548022084,91.40128031269552,89.90136329697216,91.30753326416016,2417300
2019-10-31,90.651332458944,91.30754399539384,89.45608576030958,89.9716796875,2954200
2019-11-01,90.97944346191954,93.41681350927635,90.70602197266673,93.36212921142578,4171900
2019-11-04,93.74491216056185,96.1666545326815,93.74491216056185,96.10415649414062,4230700
2019-11-05,96.33851077579038,96.69786551845976,94.74484672559981,94.83078002929688,3117800
2019-11-06,94.82298426908409,95.26827239990234,94.32301184010012,95.26827239990234,2820200
2019-11-07,95.58076763027019,97.38536159718002,95.32296764069133,96.47134399414062,3156200
2019-11-08,96.49477134184585,97.8931338235469,96.48696355624013,97.10411834716797,2310700
2019-11-11,96.40883589063208,96.68225736743472,95.88542225201998,96.19790649414062,1318700
2019-11-12,96.08851499212282,96.61973628902145,95.7916583109682,96.09632873535156,1555800
2019-11-13,95.79167822171821,96.44788974597446,95.33076263765547,96.10415649414062,1613600
2019-11-14,95.88539939147944,97.04940276685922,95.88539939147944,96.93222045898438,1580400
2019-11-15,97.2629097564988,97.64080987617793,96.87713496573058,97.4124984741211,1891000
2019-11-18,97.25502605440676,97.42823276259843,96.49134520825994,96.65667724609375,1772700
2019-11-19,97.19991991552848,97.26290526810645,94.65694787298469,94.90100860595703,3642600
2019-11-20,94.63330782432696,94.72778583718375,93.55471237562278,93.69642639160156,2904600
2019-11-21,93.52323659529038,94.24755013816754,93.45237657119702,94.09796142578125,1994700
2019-11-22,94.44438447513726,95.3497794991954,93.73581419515199,93.94051361083984,2597800
2019-11-25,94.34988864497615,94.79078007306273,93.88538521972593,94.71205139160156,2460400
2019-11-26,94.76717026073422,95.79852989223448,94.4050134894182,95.42062377929688,2872800
2019-11-27,95.60957891175612,95.81427229794036,94.2790418684894,94.37351989746094,1862700
2019-11-29,94.49160177735972,94.67268314895365,94.17668705450417,94.26329040527344,1372000
2019-12-02,94.54672326764283,94.99548941292446,93.01936746595011,93.07447814941406,2438300
2019-12-03,91.98012446712335,92.4288845634552,91.10622227848553,92.05885314941406,2037000
2019-12-04,92.28718288533474,93.08235649811593,91.62584865102355,91.69670867919922,2202200
2019-12-05,91.38965072892113,91.64158611729155,89.9488924110777,90.5472412109375,4889400
2019-12-06,91.32665337738167,92.78315483768118,91.32665337738167,92.53121948242188,2762700
2019-12-09,92.11397717484564,93.1847042276636,91.76756371463563,93.0114974975586,1974100
2019-12-10,93.00360536467919,93.97986020441193,92.75954465805259,93.32640075683594,2438800
2019-12-11,93.32641198598428,93.32641198598428,91.9250209101601,91.94863891601562,3354200
2019-12-12,90.68108386612867,92.54698434586763,90.36616311757253,92.07460021972656,4320600
2019-12-13,92.9248871980793,94.18456422309407,92.74381181674704,93.38939666748047,2968100
2019-12-16,93.78302764892578,94.42073770333845,93.48385028484068,93.78302764892578,2978200
2019-12-17,94.4994784769024,95.51509469777906,94.12157839871455,94.70417785644531,2804800
2019-12-18,93.32641745896777,93.49174951626597,92.1533437153104,92.86190795898438,4957500
2019-12-19,93.1846904630103,94.129446661066,93.11383044451874,93.34214782714844,3201000
2019-12-20,94.38926666414662,94.38926666414662,92.37378335905176,92.42889404296875,6945000
2019-12-23,93.08235302685588,94.01923464782139,92.55485819068618,93.6413345336914,2047500
2019-12-24,92.45248648794741,93.18467451847286,92.38162648158048,93.16105651855469,872000
2019-12-26,93.75941596449343,93.8696433281685,93.37364121477783,93.72005462646484,1274600
2019-12-27,94.04285265412777,94.0743453314076,93.35003177381346,93.6413345336914,1419500
2019-12-30,93.86178591959332,93.86178591959332,91.5235069739112,91.673095703125,2430700
2019-12-31,91.35815929280244,92.18481948149727,90.98812787217133,92.16120147705078,2875100
2020-01-02,92.64933445392771,92.87765185488762,90.72045455861716,91.94863891601562,4158100
2020-01-03,90.51573613086696,92.00373025302507,90.41338345152941,91.89350891113281,2477800
2020-01-06,90.89366425754267,91.50776250357478,90.04338592960299,91.48413848876953,3381600
2020-01-07,91.216438805556,91.67307354792439,90.59447203714657,91.32666015625,1952300
2020-01-08,90.838558063793,92.5548701544048,90.7913220450745,91.84630584716797,2016000
2020-01-09,92.13758183170478,92.76742330325736,91.62583638689499,92.05885314941406,2151500
2020-01-10,92.1690756706619,92.1690756706619,91.01174540586186,91.22431945800781,2545000
2020-01-13,91.42116381693333,92.28719153242062,91.2479570725129,91.91716003417969,1826200
2020-01-14,91.91713771093306,93.04297526962701,91.86990170360474,92.32653045654297,2598600
2020-01-15,92.51550438959812,93.45238608692493,92.32654831051809,92.8461685180664,3168400
2020-01-16,93.30278682058118,93.77516492128565,92.97999141435484,93.38151550292969,2426800
2020-01-17,93.48387096412442,93.87752041943004,93.0351108253406,93.37364959716797,3403400
2020-01-21,93.06659770463556,93.3264077705388,91.91714208754638,92.42101287841797,2960700
2020-01-22,92.73593197894817,93.87751290531476,92.31078988045353,92.31866455078125,2425300
2020-01-23,92.13758183170478,92.20844185039583,90.97238291792996,92.05885314941406,2493700
2020-01-24,92.14547731007652,92.20058800078638,91.27157492409532,91.84630584716797,2015400
2020-01-27,90.49998976680232,90.8936391455298,89.24031295619695,90.47637176513672,2903800
2020-01-28,90.89364492795615,91.61008972599274,90.09847745710131,90.8306655883789,2039600
2020-01-29,91.1377182006836,92.10609243993575,90.79917944881662,91.1377182006836,2845400
2020-01-30,88.38218512979586,89.01989538114113,84.50866958522238,85.02828979492188,9473000
2020-01-31,84.90231369204649,84.9495557123241,81.16264377613123,81.50118255615234,7234300
2020-02-03,82.00504474726202,82.25698011948317,80.03679777471768,80.32809448242188,5627100
2020-02-04,81.35946801556985,81.76886682021963,80.79261783520063,81.39096069335938,4858700
2020-02-05,82.37508175412302,83.91818687750738,82.14676435230301,83.48517608642578,4439900
2020-02-06,83.92605573411626,84.86294328243495,83.06002820533594,83.8552017211914,3861800
2020-02-07,83.49304218950762,83.74497757141938,81.09177838799451,81.1862564086914,5754400
2020-02-10,81.40669878380314,81.68225216810784,80.01317651564138,81.14688873291016,4669400
2020-02-11,81.42246160655739,83.0206776246881,81.26500420829794,82.56404876708984,2806300
2020-02-12,83.27259759048269,84.05989644869761,83.05215487124069,83.09152221679688,2493300
2020-02-13,82.65850670334154,83.55602693487188,82.1703852480332,82.85533142089844,2768300
2020-02-14,82.65849294243154,83.60325503338971,82.41443225540837,83.41429901123047,2694600
2020-02-18,83.41430089855565,84.17798165387671,83.21747620931261,83.78433227539062,3371600
2020-02-19,84.2252391902247,84.2252391902247,83.41431627549967,84.05203247070312,2663200
2020-02-20,83.83159637451172,84.72124204192681,83.41432287781221,83.83159637451172,3171200
2020-02-21,83.1545092578511,83.24111261454476,80.89495932644914,81.04454803466797,6034600
2020-02-24,79.31918292944685,79.6213187655647,77.61766930252621,78.30940246582031,7300400
2020-02-25,78.77057075455717,78.8898369889766,74.11923614126069,74.65990447998047,7609100
2020-02-26,75.59810293243152,75.84458197000048,74.08741184956433,74.52471923828125,7411700
2020-02-27,72.75961268900511,74.05562368315061,71.471548328336,71.74983215332031,9143800
2020-02-28,70.46971421247757,72.63238728728857,69.70641890362637,71.94860076904297,11498000
2020-03-02,73.18896156974951,74.05561770706856,71.08989793621004,73.74552917480469,8738800
2020-03-03,75.42318238392167,76.3295958493421,72.01220284146844,72.5926284790039,9263400
2020-03-04,73.37977578261825,76.23418171740586,72.69598933409202,76.18647766113281,6644800
2020-03-05,73.76936246354104,74.93816020334113,73.10148150715837,73.93633270263672,5277200
2020-03-06,71.773684318596,75.12106112259727,71.67032348802016,74.73941040039062,5598400
2020-03-09,70.31864593574434,73.14919999436415,69.253208781438,69.31681823730469,8648300
2020-03-10,71.94064698552349,73.90453878941587,69.3247673915285,73.80117797851562,8914200
2020-03-11,71.41588816304186,72.48927204609329,69.42018528551935,69.96085357666016,5557200
2020-03-12,65.37312095120164,73.49904367077248,65.19819798602397,68.51376342773438,9412800
2020-03-13,72.35409619449247,75.21645483071866,69.57919903895672,74.92227172851562,10918900
2020-03-16,68.26727991813884,74.90636306624835,67.98104346038359,69.22139739990234,9006300
2020-03-17,70.80365355952281,77.29166605079266,69.80182591572061,76.95772552490234,10476100
2020-03-18,72.35410289782476,80.98093703010828,71.80548193469006,78.921630859375,11152100
2020-03-19,78.45252205138276,82.53138927202913,75.90025156762016,76.52838134765625,7690300
2020-03-20,76.44886422036858,77.70512364349217,72.2825420274925,74.31004333496094,7355300
2020-03-23,74.8825138118013,76.43295629360804,71.75777075404899,73.06968688964844,7117800
2020-03-24,74.68374928426569,76.87822716030712,73.2764248395166,75.7412338256836,6067100
2020-03-25,76.0354084197109,77.75282727732451,72.39385514474527,75.13694763183594,5682000
2020-03-26,75.13692675934084,79.53382742875115,74.365679027315,79.33505249023438,6373900
2020-03-27,76.01155647495756,79.1522050191168,75.53449770269316,77.53814697265625,4671100
2020-03-30,78.02315937455427,78.56382760720957,76.25804250271896,77.7925796508789,3994200
2020-03-31,77.05313168713748,77.37116678377541,74.07150716017709,74.27822875976562,5391300
2020-04-01,72.28254260881927,73.84888448503474,70.82750817917531,71.86908721923828,5762800
2020-04-02,71.36817770661331,74.38955406727713,70.24708379474296,73.97610473632812,4039900
2020-04-03,73.28436360641822,74.2623392496575,70.6207798900723,71.55899810791016,4471900
2020-04-06,74.11127434578454,76.71125488573297,73.48314458332196,76.0751724243164,5642700
2020-04-07,76.5283648042766,77.48248225070877,73.6978111225478,73.87273406982422,5113900
2020-04-08,77.12469067126392,79.11244043083258,74.54856868137958,78.54792022705078,6628400
2020-04-09,78.38095282874498,79.53384530481503,76.42500772205635,78.46841430664062,5588500
2020-04-13,78.38097259517875,79.70878836189408,78.07088402848792,78.25375366210938,3355100
2020-04-14,79.95522103165254,80.96500101157538,79.16012136008518,80.62310791015625,4093100
2020-04-15,79.46229364120224,79.49409836821746,77.87209368722904,79.4463882446289,3721200
2020-04-16,79.65311885577033,81.48979792874594,79.191959396349,81.2751235961914,4303400
2020-04-17,81.22742706776536,82.49163328296078,79.3748424258763,81.696533203125,5850100
2020-04-20,80.89345835263055,81.8952858783974,80.34484357220035,80.46410369873047,4359500
2020-04-21,79.79624773620267,81.18767293238736,79.70878623858046,80.00297546386719,3793800
2020-04-22,80.70264917650843,80.91732350522,77.42683502612753,77.60971069335938,5099500
2020-04-23,78.20605941689922,79.70084567139361,77.967526920504,79.07271575927734,4061800
2020-04-24,79.66108227728527,79.86780393908792,78.3889172433453,79.65312957763672,2792400
2020-04-27,80.30512123929634,82.28491906440131,79.35100341340154,81.53752899169922,4362300
2020-04-28,78.91367529603957,78.96933205360311,76.47271852952775,76.67149353027344,10400900
2020-04-29,76.40910815359983,77.24396557313432,74.82686086522817,76.41706085205078,9974000
2020-04-30,76.01157305980486,76.12288659541618,73.80119561533351,75.2641830444336,6262500
2020-05-01,74.12717128294803,74.50881586333219,72.55287070700244,73.06968688964844,5415600
2020-05-04,72.839094056893,72.990164961908,71.24094174077018,71.90882873535156,4784400
2020-05-05,72.77548136458508,74.6201125981508,72.67212057774209,73.71369934082031,5001000
2020-05-06,74.05561162522594,75.08129132699214,73.70576569298993,73.88864135742188,3630300
2020-05-07,74.7314328454219,74.95405983177585,73.5069783543448,73.80912017822266,3309800
2020-05-08,74.37366552116507,75.51861162848365,74.19078982552794,75.39934539794922,3418000
2020-05-11,74.90637304885074,75.42318928123548,74.02381153084357,74.6678466796875,3118400
2020-05-12,75.34367124753608,75.66171243353148,73.80912813627953,73.82502746582031,3504600
2020-05-13,73.59445886603848,74.12718051109594,71.86114051017262,72.14737701416016,3690800
2020-05-14,71.55900419970325,72.9901867101501,70.64463793281398,72.90272521972656,4031700
2020-05-15,72.2268816333813,73.06173906613493,72.06786405863376,72.3779525756836,3990600
2020-05-18,74.20670144655945,77.16447509436517,73.9920210003716,76.40912628173828,5509500
2020-05-19,76.27394352878206,77.49839826131131,75.86049419632893,76.67149353027344,3674300
2020-05-20,77.52225403622683,78.2855493480323,76.70330196416882,77.267822265625,3291700
2020-05-21,76.91003187577905,77.91185358901186,76.80666498511307,77.37118530273438,5452100
2020-05-22,77.76486628169212,78.39154775909847,76.8891145308845,77.70862579345703,2406600
2020-05-26,78.85753796662955,79.4922555032711,77.7568243454026,77.98982238769531,5563700
2020-05-27,78.56027361616697,80.13501350454801,77.86931550507325,80.03860473632812,4436400
2020-05-28,80.34391186259133,81.22769366712903,79.00217000562702,80.11894989013672,5460800
2020-05-29,79.80559626971622,80.67331184920751,79.01822336319566,80.11090087890625,5962400
2020-06-01,79.92611047627652,80.08679581645256,79.02625663393334,79.76541900634766,2510300
2020-06-02,80.14305345010472,81.29197165452948,79.52440801530099,81.283935546875,2860500
2020-06-03,82.43284528601752,83.73441875344406,82.01505967720044,83.27645874023438,3633800
2020-06-04,82.99525053660525,83.41303611641658,82.18377543629036,82.91490173339844,2768400
2020-06-05,84.34504098606432,86.10456847960384,84.09597069219261,85.68678283691406,5026800
2020-06-08,85.70283912002989,88.77197594297768,85.70283912002989,88.73983764648438,4561100
2020-06-09,87.6391331027105,87.73554186573159,85.59036107196327,86.63483428955078,4567900
2020-06-10,86.68304266932675,86.84372803494254,84.85923863759707,85.67070770263672,3793300
2020-06-11,83.13183653469541,83.32466018352294,80.70544725712314,80.72151947021484,5306100
2020-06-12,82.68191521296849,82.73011959423468,80.31176634807407,81.53299713134766,3334400
2020-06-15,80.27962537317724,85.30915535257292,80.01448902554903,84.87529754638672,6440200
2020-06-16,86.64285436576726,87.43022724240122,83.38089415489686,85.02794647216797,4283300
2020-06-17,85.57431354229244,87.20529418773297,85.30114101841183,85.9599609375,4413500
2020-06-18,85.59840542054913,87.1892114611012,85.34130514481575,86.4339828491211,3204500
2020-06-19,87.02047430258028,87.6069874573652,85.46180684351698,86.58661651611328,9027100
2020-06-22,86.04027588318013,86.40986320153588,84.74674478794641,85.88762664794922,4385700
2020-06-23,86.9401305533345,89.07728116430167,86.77944521059763,88.8683853149414,5565900
2020-06-24,88.31402069549011,89.59952197560389,87.14903650127061,87.97657775878906,5471300
2020-06-25,87.79178272555946,88.90053254302157,87.06065637395731,88.79608154296875,2987000
2020-06-26,88.89249991572217,89.10139579425122,86.09653533127259,86.22508239746094,5489000
2020-06-29,87.55077740194632,88.49079986778578,86.64288711241741,87.96053314208984,3395200
2020-06-30,87.98461322074151,90.00124084892309,87.26955294736574,89.32635498046875,3954900
2020-07-01,94.69334484039422,96.34039765643598,91.7929288307236,91.92951202392578,8982100
2020-07-02,92.8855931067329,93.10251896259008,91.79291546075845,91.88129425048828,3442900
2020-07-06,92.9337946770731,93.03020957106531,92.08215123427932,92.68473052978516,3445900
2020-07-07,91.72059847903556,92.75702938690624,91.48760043525165,91.9535903930664,2194700
2020-07-08,92.00984906591341,92.61242843041092,91.57599731765899,91.96968078613281,3051600
2020-07-09,91.99376479465963,92.4276225869035,91.35904725395581,91.9535903930664,2366200
2020-07-10,92.15446177822547,92.92576870389028,91.58402075613778,92.45173645019531,2281800
2020-07-13,92.8936281280348,93.00610910823906,91.36709265843665,91.39923095703125,2301700
2020-07-14,91.24658230805915,92.91773717984078,90.8287966549908,92.66063690185547,2538000
2020-07-15,93.77740782243505,96.17968888931694,93.28730950671702,95.77796936035156,4841800
2020-07-16,95.44856779883926,96.29217517834623,94.94239724138119,96.20379638671875,2528200
2020-07-17,96.41268774391698,96.95902655298931,95.17539084896627,95.2477035522461,2782400
2020-07-20,95.14326136856288,95.38429556216283,94.0505836491503,95.08702087402344,2365900
2020-07-21,95.60924964097815,96.65372288727686,95.46463036271761,95.64138793945312,2054400
2020-07-22,95.40839479520038,95.8101143522328,94.72547277419605,95.38429260253906,3508200
2020-07-23,95.37624153316128,95.93061639642114,94.7656261859296,94.91828155517578,2349200
2020-07-24,94.93437160584736,95.99491102412965,94.45230321864744,95.08702087402344,2539000
2020-07-27,94.90222092236405,97.84280459993876,94.43622481140713,97.22415924072266,4446000
2020-07-28,96.58946127924087,97.00724696474083,95.79405819025278,96.1073989868164,2497600
2020-07-29,96.87867179623197,99.86746572449069,96.75815472562422,99.36933135986328,6769600
2020-07-30,110.60142434814188,116.90038365939745,108.5847844540498,113.65449523925781,30970900
2020-07-31,113.94374448790163,115.79968693601018,112.24044517809598,114.69896697998047,7429900
2020-08-03,115.2693760556162,115.29347824103866,112.91529378348761,114.2329330444336,4317200
2020-08-04,113.79105831674408,117.25387810511283,113.55805416430573,116.273681640625,4841700
2020-08-05,116.77985920066905,117.30208962739968,115.11673464810137,116.56292724609375,3939300
2020-08-06,116.47454699953505,117.0289218433968,116.04872533154092,116.87626647949219,2420900
2020-08-07,117.04498402946477,126.05957031250001,116.97267746397391,126.0595703125,10074200
2020-08-10,126.51756857540987,130.71955205149197,126.13995118028778,128.22085571289062,7396400
2020-08-11,129.08048106469298,129.56253699091215,124.43660576294643,125.2159423828125,6071900
2020-08-12,126.34077604276213,128.75109291480211,125.65784802521524,126.77462768554688,4247200
2020-08-13,125.95516236585573,128.32530547020144,125.72215814076407,127.97982025146484,2848200
2020-08-14,127.52988546410577,130.50260769511254,127.2486891335894,129.14480590820312,3479000
2020-08-17,129.44204332140998,130.26958441821128,128.34936591308428,128.791259765625,2408900
2020-08-18,128.8635764962117,129.63488330511544,127.78697121377813,128.54220581054688,2606600
2020-08-19,128.9921376232301,130.0687429720079,128.4377627357158,128.8234100341797,2691600
2020-08-20,127.87534947745564,128.7591249892358,126.38898247834,128.18869018554688,2296700
2020-08-21,128.36655545422286,129.56322916877863,127.36395227526685,128.58486938476562,4420700
2020-08-24,129.14281122287238,130.22627536500212,128.61725375713138,129.65220642089844,4084000
2020-08-25,130.63055553691166,131.3097409164969,127.79252298375323,128.59298706054688,2931500
2020-08-26,128.56872392319696,129.34494455349386,127.63888773114485,128.4797821044922,2761700
2020-08-27,129.15897845588228,130.15350071837742,128.33424635796504,129.53900146484375,2913400
2020-08-28,129.78964676295064,131.4795288911012,128.83554254585005,131.2773895263672,2979800
2020-08-31,130.76803009205102,133.58990083593176,130.38800699555784,132.29620361328125,3960900
2020-09-01,131.89997251389556,132.71661104576188,130.6224503423139,131.51185607910156,3097000
2020-09-02,131.99701405248146,134.38225624930783,131.14802619595451,134.04266357421875,3778000
2020-09-03,131.2046499536277,132.15874203409484,126.90311744394182,127.76828002929688,4759900
2020-09-04,129.56326229457682,130.8650404038038,125.02725408417568,129.9998779296875,3601300
2020-09-08,129.3934937721894,129.4177495173105,126.10267019543406,126.49885559082031,3176400
2020-09-09,127.79251341006886,130.1454186605147,127.79251341006886,129.20748901367188,2317600
2020-09-10,130.16967245294532,130.38797408830402,127.00820976196974,127.66313934326172,2450900
2020-09-11,128.14824673789963,129.86238420994485,127.29116566427213,128.4554901123047,2466800
2020-09-14,130.09692124887206,131.1157117862837,128.58492238793343,129.482421875,3617900
2020-09-15,129.83813522470194,130.80032040432093,128.05121812860875,130.60626220703125,3238500
2020-09-16,134.8673778450063,135.3201680185395,128.98916204638576,129.26406860351562,5736800
2020-09-17,126.9758570946823,129.58750655309112,126.91926448848186,129.16705322265625,3002200
2020-09-18,129.4823422609796,132.40123408296935,128.90018012258366,129.09423828125,7274000
2020-09-21,130.5173384916791,131.75443036898383,127.25077191249704,130.22625732421875,3894400
2020-09-22,129.64413305398543,131.09953931860764,129.02155253497244,130.89739990234375,3051900
2020-09-23,131.39059420113134,134.0264872186427,130.45266453688492,130.62246704101562,3842400
2020-09-24,130.27478303866602,131.4472013070319,127.74400640298926,129.70071411132812,2975100
2020-09-25,128.778954529406,135.0291004552285,128.778954529406,134.31756591796875,4399300
2020-09-28,137.38197364409325,139.05568083759007,136.23382375994248,136.56532287597656,4338400
2020-09-29,136.49259421883775,137.83480267527372,135.12613002358984,136.241943359375,3113700
2020-09-30,136.8806571735667,137.1879128895063,133.81623049589277,134.7299041748047,5426700
2020-10-01,136.67858215999817,138.10165154539615,134.93210698149923,135.5546875,4934100
2020-10-02,134.75418018870963,136.24192285410265,134.01838998853123,134.9967498779297,4482700
2020-10-05,135.96704666181478,137.42245278455448,135.3848842127189,136.77560424804688,2739000
2020-10-06,136.8726247842426,139.11233271293654,136.41983451799604,136.92922973632812,3671400
2020-10-07,137.94800076294635,141.853335115515,137.70543103629072,141.48948669433594,3847000
2020-10-08,141.94227453624856,142.28994834640693,140.24429881599107,140.8588104248047,2797500
2020-10-09,141.10137095279248,141.8048243976245,139.76725595545022,141.24691772460938,2861100
2020-10-12,141.38435101350368,142.95295438297316,140.85879362532796,142.7427215576172,2274000
2020-10-13,141.90182706003876,143.23594186658605,141.40860654085571,141.76437377929688,3018000
2020-10-14,142.07972569179077,142.27378393442896,140.52729676351035,140.9962615966797,3156900
2020-10-15,139.61362415046608,140.73751859891496,139.0799732313903,140.72134399414062,3059700
2020-10-16,141.55414913545908,142.4597294702776,140.89920728159206,141.0447540283203,3446000
2020-10-19,141.3035093888104,142.46783420510124,138.35227934170254,139.1527557373047,2884600
2020-10-20,139.99361847095034,143.39765032805394,139.36294472772735,141.4005126953125,2784700
2020-10-21,142.65381589719442,143.93133842557032,139.5974690608356,139.6621551513672,4428700
2020-10-22,140.98014152637958,141.27122283412956,138.7889444128155,139.87242126464844,3897700
2020-10-23,139.4114964870232,140.48687954912097,138.51399707956472,138.9910430908203,2763100
2020-10-26,138.1986481929489,138.1986481929489,134.3660811522277,135.83766174316406,4053900
2020-10-27,138.1744177772078,138.80509176387295,136.33090730270794,138.1339874267578,5753900
2020-10-28,131.92423488208362,132.49830375546986,125.811542609207,125.95707702636719,11120900
2020-10-29,127.80869274798476,132.6196075108945,127.54186728662428,130.46884155273438,5849600
2020-10-30,129.3772747734188,129.7411355006185,125.52854570415703,127.03246307373047,5240500
2020-11-02,128.46360857794582,130.33137426943154,126.91926092379866,129.00534057617188,3924000
2020-11-03,130.37988848520487,133.12897887326073,129.65219171707466,132.18296813964844,3142200
2020-11-04,132.38512802230105,133.6869062088226,129.822001995445,131.45529174804688,3530000
2020-11-05,133.89714509685658,134.09928449927477,131.15613529357026,132.2476806640625,3998300
2020-11-06,132.66811879993097,136.0802325068808,131.8514801497306,135.57891845703125,2960000
2020-11-09,132.68428230583459,135.45762843364167,128.3261581495609,131.97274780273438,9453000
2020-11-10,132.38512227139208,133.62221431779605,130.2020193858326,133.1936798095703,3329800
2020-11-11,134.51969263610854,136.01552878279205,133.5575073421712,134.73800659179688,3240200
2020-11-12,134.50210890242633,134.63226996727747,131.5166092996417,132.6880340576172,4070000
2020-11-13,133.57473287062072,134.30687954986004,132.72871077583216,133.14358520507812,2628500
2020-11-16,132.72869519470794,137.05644457839261,131.17493025110147,137.02391052246094,4406300
2020-11-17,137.17849444169144,137.80487130567573,134.6322728619806,137.38186645507812,3627800
2020-11-18,137.43881804245495,139.57016539869966,137.03207397460938,137.03207397460938,3393500
2020-11-19,136.6659944660308,136.6659944660308,134.7949694401773,135.4294891357422,3143600
2020-11-20,135.3074515963459,135.6897919241306,133.1761171491691,133.21678161621094,3988100
2020-11-23,134.63227304292298,135.63285987453426,133.3388300151276,135.52711486816406,3770900
2020-11-24,136.6334372815748,140.82289512825452,136.31617748748488,140.48123168945312,5371700
2020-11-25,140.00940783351217,140.7252811825113,137.7885892648916,138.69969177246094,3497700
2020-11-27,139.07394109538268,139.45626911021654,136.57652648960658,137.3900146484375,2216600
2020-11-30,137.94312892471282,139.29350920685152,136.7554313033,139.16336059570312,4708600
2020-12-01,141.14831771511646,141.7096264979369,136.5846489144659,136.6334686279297,5371500
2020-12-02,136.60089425550473,137.44692866962353,135.44574286297106,137.34117126464844,3853300
2020-12-03,137.57707340112455,138.48004549108833,136.1941464162465,136.52767944335938,2844200
2020-12-04,136.7229285175969,137.15407614690852,135.31558539799966,136.0558624267578,2766200
2020-12-07,136.7717531275325,136.90190178492085,135.12037333910803,136.23484802246094,3117200
2020-12-08,136.29991122695762,136.86121990972146,134.9739218698687,135.35626220703125,3885000
2020-12-09,136.2917652722835,138.17093285792984,135.86061765310484,137.62588500976562,3327300
2020-12-10,135.8931840273128,136.22671711374824,133.11105632868856,133.60728454589844,4708600
2020-12-11,134.63226847097323,137.49574980166167,134.51025023205787,136.9913787841797,4777500
2020-12-14,139.74099796590943,139.74099796590943,135.51899234382637,135.54339599609375,3388700
2020-12-15,135.93384598766622,136.98324001685418,135.1528920677178,135.99078369140625,2555300
2020-12-16,136.1778960792016,139.64336315393993,136.1778960792016,138.3987274169922,3421600
2020-12-17,138.89494611156147,142.62072265513,138.32549457914405,141.94552612304688,4386900
2020-12-18,140.77408462081246,142.75899709757664,139.2203197412162,142.50680541992188,8581300
2020-12-21,140.27785360792078,141.90482938641608,139.13083270499996,140.39987182617188,3180000
2020-12-22,140.18838198531873,142.56376534489095,139.93620270314557,142.00245666503906,2489200
2020-12-23,141.8560251845127,143.1250643332865,140.42427852407837,140.4405517578125,2553800
2020-12-24,140.74153174731856,141.01812705653728,139.48876589070582,140.07447814941406,1006100
2020-12-28,140.4080214926416,140.89610680227497,139.02508208324528,139.3992919921875,1861700
2020-12-29,139.71659509548593,139.92809755393512,136.9914047238277,137.50390625,2864600
2020-12-30,138.14653604628822,138.14653604628822,135.16102420776318,135.22610473632812,3107100
2020-12-31,135.68166256417194,137.05645931588197,134.5834611754071,136.9913787841797,2349400
2021-01-04,136.9913500460488,137.10523784942575,131.6874181598199,133.2493133544922,4304000
2021-01-05,132.33822898202433,133.42016956961345,131.1586738013074,131.39459228515625,3967000
2021-01-06,130.3858581908188,132.70430400118872,130.1662129509378,131.0041046142578,5061400
2021-01-07,131.4759082654784,131.6792802371366,128.6449738955916,129.34457397460938,6024300
2021-01-08,129.4340858097052,130.07673591588434,128.09996588692638,128.84837341308594,4844800
2021-01-11,129.23882443929224,131.7362383613446,128.3195915122083,131.67115783691406,6127800
2021-01-12,132.08604293663373,133.77809947064225,130.10113022533835,133.3388214111328,4612100
2021-01-13,133.04597077953662,133.77810504685016,131.74438495671,132.6880340576172,2643000
2021-01-14,133.1679794966218,134.70547127830403,132.77750874283433,132.9808807373047,2625000
2021-01-15,132.37888968598926,132.57413126122282,128.70193311539745,129.2632293701172,4816300
2021-01-19,129.91407107518336,129.9954248653421,126.94484392707304,127.13194274902344,4537400
2021-01-20,127.64439463795391,130.39397541274056,126.92852128428979,130.0279083251953,3029800
2021-01-21,129.621197246149,131.5410297530277,129.52358264146085,130.2394561767578,2002800
2021-01-22,128.85651936902622,130.52417257687938,128.04303121035096,129.33648681640625,3131600
2021-01-25,129.9221702861935,133.52591606663538,129.43407253478978,131.58168029785156,3938100
2021-01-26,132.09417355858002,132.40329053010885,130.5566818730612,131.32135009765625,2962400
2021-01-27,129.75134149587436,129.832695264457,127.70949099801079,128.2463836669922,2821500
2021-01-28,129.40157526398724,129.65375462252754,127.88034387359599,127.93729400634766,2565100
2021-01-29,127.73387867740522,128.2870445135177,125.8953880051519,126.09062957763672,5007900
2021-02-01,127.0668009299091,127.83961191239786,126.01740705479736,127.11560821533203,4783000
2021-02-02,132.76125045359896,133.57473852306077,127.66067678247741,130.3939971923828,10758300
2021-02-03,130.71939497843877,131.35391465585795,127.59560388763013,129.92218017578125,4559200
2021-02-04,129.5316989693557,132.11859742789582,128.38469025046027,131.99656677246094,2811100
2021-02-05,132.59852835026857,133.85129426076244,131.55726482618937,133.7211456298828,2560300
2021-02-08,133.76998783071554,134.60787959747887,132.44399822903375,132.96463012695312,2242200
2021-02-09,133.00527215301133,136.3405775207612,132.419559869769,135.7873992919922,3073600
2021-02-10,136.6171567718483,136.8530627957762,133.85129052771882,134.7624053955078,2943700
2021-02-11,135.03904096200762,135.26681666457858,131.12616471295883,132.08607482910156,3188400
2021-02-12,132.1674097146222,133.27375400298286,131.81760338458045,132.9158172607422,2563800
2021-02-16,133.3713513649295,133.38762460006734,131.03664484272755,131.58168029785156,2867700
2021-02-17,131.04476855230166,131.71183461758383,130.07671592298965,130.9715576171875,2845400
2021-02-18,129.99538939999178,132.28941918503307,129.03546707195613,131.88267517089844,3595900
2021-02-19,132.07095629107687,132.84866040069028,131.24413586801478,131.42422485351562,3081700
2021-02-22,130.75293266392558,133.0369284157816,129.35305543499805,132.29197692871094,3894800
2021-02-23,130.95759510641014,132.14461837205013,129.15659299736,131.64524841308594,4385800
2021-02-24,131.21139686088972,132.53758742648043,130.229033016325,131.03948974609375,2963400
2021-02-25,130.1635166612982,131.2277491700228,128.55079787693487,128.94374084472656,2617100
2021-02-26,129.8196825522893,130.3517925303963,128.19058759443266,129.20570373535156,3492800
2021-03-01,130.61380783726617,133.15977470862038,129.81972729436745,132.1855926513672,3271500
2021-03-02,132.43117694172895,133.57726604679195,130.8921322937006,132.1037139892578,2653600
2021-03-03,131.4651526373367,132.7586029556855,130.88392630231232,131.33416748046875,2635100
2021-03-04,131.03129142899041,132.03821340256215,128.97651305383778,130.53192138671875,3710400
2021-03-05,131.39964924457902,135.22268919456857,130.22900229142638,134.5841522216797,3671700
2021-03-08,135.26363067806594,136.08226914671974,131.60431572386892,131.69436645507812,3176400
2021-03-09,131.97271018310877,135.19813518727494,131.97271018310877,133.6591033935547,2551000
2021-03-10,134.54326311982658,136.04136081227819,134.03569867775715,135.26365661621094,2511700
2021-03-11,135.97588633896405,138.08796308800288,135.3946473944902,136.9091339111328,2906700
2021-03-12,136.3933955524212,137.63772988538832,135.84490911738376,137.27752685546875,1914800
2021-03-15,137.44943730800577,137.4739954705083,131.8172113587305,133.14340209960938,4535900
2021-03-16,133.25797317301658,134.3876982930038,132.15280620855674,133.2907257080078,2397800
2021-03-17,131.6207245098292,132.41480501992808,130.62198433200243,131.51429748535156,3644100
2021-03-18,131.35059476139787,131.91545753976715,130.1144546533783,131.14593505859375,2964900
2021-03-19,132.15284154773704,135.27186553952825,129.9097794668699,130.4009552001953,14934200
2021-03-22,130.7283989342522,132.3902342789748,129.78695705730192,131.8499298095703,3893900
2021-03-23,130.8184221455281,132.7504093183236,130.3517922497731,130.86753845214844,2920800
2021-03-24,131.03131437366602,132.84051148043616,130.7366039284005,130.9085235595703,2285300
2021-03-25,130.57283643924075,133.97018110550724,129.91792316257576,133.64273071289062,2944500
2021-03-26,134.66603407820534,137.6131376929031,134.08479524340052,137.514892578125,3135500
2021-03-29,137.21199662678893,138.32534546325724,136.43429256627348,137.6458740234375,2702600
2021-03-30,137.1710599937305,139.1603579707827,137.0400748406259,138.05519104003906,2401100
2021-03-31,138.53819658830187,139.9871903013025,137.20382426264504,139.16036987304688,3688400
2021-04-01,139.31589280719564,140.9204297504468,138.21073833599448,140.21640014648438,3615000
2021-04-05,140.88769585234755,141.65720557688536,140.07723921163623,140.764892578125,2315900
2021-04-06,140.87955415489577,142.46771549385062,140.17552425694993,141.59996032714844,2465600
2021-04-07,141.56715483902855,141.91099401370556,140.15091368131016,140.764892578125,2079700
2021-04-08,141.24789836052457,141.8209553729119,140.20004195322835,141.64085388183594,2029100
2021-04-09,141.84551690545783,144.03946240684576,141.47713202547064,144.03128051757812,2579800
2021-04-12,143.6219498072141,146.80645328028476,143.0570872067385,146.19247436523438,3024000
2021-04-13,145.67672728685804,147.28944622759857,144.63705283209396,146.880126953125,2465400
2021-04-14,146.3889511876462,146.86375055314977,143.99033374583192,144.25230407714844,2591900
2021-04-15,146.41353787512807,148.05081529059973,144.49791380553535,147.0602569580078,3139200
2021-04-16,147.95254077440956,148.329120001427,146.4871832747517,147.11753845214844,2820500
2021-04-19,147.28128646641815,147.28128646641815,145.4393494545563,145.7667999267578,2614200
2021-04-20,145.63579574465282,147.23215093985328,144.7680408642169,147.10116577148438,2642500
2021-04-21,146.85557278713202,146.97836357623805,145.3656570831012,146.18429565429688,3204400
2021-04-22,145.55395578495248,148.00167737607623,145.07096197502764,145.31654357910156,3077900
2021-04-23,145.5948812035129,147.6087251808659,145.16918563041182,146.50357055664062,2407100
2021-04-26,147.17481550291726,147.23212618873163,143.01613079206803,143.92481994628906,3972900
2021-04-27,155.75416263244807,161.50100862583466,155.30392143290447,158.92230224609375,14666500
2021-04-28,159.95378641465962,162.4424421202282,158.897748177232,162.39332580566406,6308800
2021-04-29,163.63765373193024,167.41157781959905,161.82027521300924,166.77304077148438,6950000
2021-04-30,165.11120544298683,168.45125211054904,163.58035540464135,166.8876495361328,5931200
2021-05-03,169.8019968444212,174.68108782000067,169.5564027951608,173.715087890625,7286100
2021-05-04,173.22392507643076,176.25288526385052,172.61812804237354,175.4424285888672,5775400
2021-05-05,175.94998168512257,176.6212713077654,174.17353748890173,175.61434936523438,4187000
2021-05-06,175.94180311606218,176.00729570180698,173.6086906446425,175.8271942138672,4470100
2021-05-07,175.7371302647056,178.74153214567824,175.0249187468273,178.0538787841797,2644100
2021-05-10,178.05390398506216,179.76485574265254,176.6294682562653,176.932373046875,3566300
2021-05-11,175.1313078952639,176.007256984048,173.2238914050586,175.45877075195312,3088500
2021-05-12,173.551369434697,175.06585572114832,172.2088027368406,172.4871368408203,2667100
2021-05-13,172.880079364752,177.56269277178922,172.8391574312572,176.55577087402344,3208000
2021-05-14,177.48901723810695,178.26672134133744,176.09733423894204,177.1370086669922,2333700
2021-05-17,176.4247869139709,177.60362840789816,176.00728575630197,177.06332397460938,2071200
2021-05-18,177.6609240006596,177.6609240006596,175.16407417247586,175.18045043945312,2041500
2021-05-19,173.55138349909544,175.55704557426523,172.43803450151935,175.47518920898438,2141100
2021-05-20,175.46697677749225,176.56394939258888,174.15716264484078,175.1395263671875,2716600
2021-05-21,176.175929841085,176.75995307988637,174.20179046866417,174.27581787109375,3927700
2021-05-24,176.09370797288267,176.46385759225245,174.84341282068297,175.5590362548828,1981300
2021-05-25,175.501455748505,176.97383307601575,173.70004678965572,173.96327209472656,2414300
2021-05-26,175.17244383725824,176.2006441936321,174.25116778308103,175.87161254882812,2376300
2021-05-27,176.27470368931935,178.38045639422018,174.38281217900882,175.04086303710938,5110200
2021-05-28,175.88801806556438,177.5660350551936,175.22996751131492,176.52139282226562,2128000
2021-06-01,177.33578476840037,178.1254482355297,175.37809964902516,175.4438934326172,1865300
2021-06-02,176.2664312064266,176.2664312064266,173.56021349487253,174.30874633789062,2486000
2021-06-03,173.60134274346694,175.35338753575934,172.844588821927,174.36631774902344,2172400
2021-06-04,174.720046306031,175.53437301668666,171.61076919869623,173.25588989257812,2943900
2021-06-07,173.22295948462627,177.187705901636,172.99264361946015,175.1395263671875,3444300
2021-06-08,175.081958195754,175.45210780637717,172.37572788328902,172.5402374267578,3402000
2021-06-09,171.14187848692606,171.84105969901873,162.04436440229048,165.3839569091797,10560600
2021-06-10,167.94211045296097,168.08194417741538,165.5484573167343,167.14422607421875,4880000
2021-06-11,167.52260927959773,168.82225587021628,166.01732264396875,167.14422607421875,2699200
2021-06-14,166.93859287072348,167.6130982706111,164.60252487597313,165.40863037109375,2157500
2021-06-15,165.70476572567264,167.68713901074375,163.91159034172452,166.4368438720703,2414900
2021-06-16,165.8856983215941,166.5519700123071,163.94445593134233,164.8574981689453,2102900
2021-06-17,164.92332052201158,164.92332052201158,160.7858437095263,162.90805053710938,3068700
2021-06-18,161.44389407419115,164.18302104813952,160.8187402889669,162.677734375,8170500
2021-06-21,163.98562139785562,168.28760823906197,163.67304446842422,167.2429656982422,3638000
2021-06-22,166.33812205132128,169.546101760731,166.27231573019588,168.953857421875,3460700
2021-06-23,168.8305017592631,169.68595894963613,167.45682756291674,167.81875610351562,2504500
2021-06-24,169.89159432403724,169.97385537236056,168.83049708779984,169.52967834472656,2602500
2021-06-25,166.60136641185,169.7353318629395,166.32169890742986,169.1266326904297,6618600
2021-06-28,169.19243967843227,169.46388609892807,166.77411025153768,168.81405639648438,2288100
2021-06-29,168.85517677611432,171.06786598340616,168.00794067424576,170.77174377441406,2291100
2021-06-30,169.8504853320926,171.19948375751687,169.3898410089086,171.06787109375,2744800
2021-07-01,172.23588313367821,173.05022226601182,171.0925249354394,172.91860961914062,2746100
2021-07-02,172.40040113821775,174.46503541473623,172.14540946692028,173.9961700439453,2172300
2021-07-06,173.1160226614541,174.06196185699443,171.24880752063538,173.79873657226562,2421300
2021-07-07,173.81520994945703,176.7928741327879,173.00088330886308,176.24176025390625,2553700
2021-07-08,173.00088812893858,174.9585731059032,172.65540175820016,174.44036865234375,2354300
2021-07-09,175.93740610651983,176.43916834605838,174.93388162744273,175.9620819091797,2050500
2021-07-12,173.56020927279172,176.09369629818713,173.07490174732027,175.47677612304688,2216100
2021-07-13,175.47677491765376,176.18417721567286,173.35456802359647,173.7823028564453,1852200
2021-07-14,173.839881587015,174.71179345065414,172.4333105771891,173.9961700439453,2867500
2021-07-15,173.64247788770015,175.83047866529648,173.23941883724294,175.09017944335938,1663200
2021-07-16,175.3040618692104,175.64131463289172,172.8281596763532,173.20654296875,3805300
2021-07-19,171.47092581929752,173.93860672158195,169.99853585222098,173.89747619628906,2910700
2021-07-20,174.43216823810604,176.26647454007076,173.32171915360965,174.76119995117188,2257000
2021-07-21,174.9256575956917,176.61190853957712,174.52259857358513,174.75291442871094,1770900
2021-07-22,174.6788926007345,175.80579611010972,174.26761248183576,175.39451599121094,1629700
2021-07-23,175.19711604568636,175.4109771969639,173.5108649855898,174.08665466308594,2188900
2021-07-26,173.7247713690478,174.58846238580537,172.20304200740526,172.62254333496094,2673700
2021-07-27,162.92450411528833,162.92450411528833,156.50029843874037,160.55552673339844,13741500
2021-07-28,160.47325801048973,161.11485392882264,156.70593098542582,157.96444702148438,6295500
2021-07-29,158.77879299389033,159.97973639780062,157.59430430819043,157.7752685546875,3150300
2021-07-30,156.28646877286755,158.45802762639747,154.90457338938265,157.4051513671875,3741600
2021-08-02,158.21950070696505,159.3546255438017,157.1419360211886,157.8822479248047,2782500
2021-08-03,157.3146534521803,159.78233429064585,156.75531848673953,159.7000732421875,2726600
2021-08-04,158.6883213809999,159.41217841493116,156.76353341488988,156.93626403808594,2341700
2021-08-05,157.4791789184475,158.17836024720717,156.36872995963955,156.63194274902344,2045200
2021-08-06,157.74241373270686,159.535589406358,157.3393546123443,158.42514038085938,2340100
2021-08-09,157.16659977911817,158.0631874780304,156.98563551220164,157.09255981445312,2150100
2021-08-10,157.2570761228453,158.03028483268434,156.61548007665422,156.78822326660156,1668000
2021-08-11,157.3639867527938,158.35929009774037,156.87867925666265,158.2605743408203,2131100
2021-08-12,158.490915189715,160.037332595592,158.153675000129,159.28057861328125,2457900
2021-08-13,158.77882711725374,160.3170109917794,158.70479969630628,159.5602569580078,2432200
2021-08-16,159.59317792772205,162.30762985331643,159.23124933080598,162.10198974609375,3091700
2021-08-17,160.9668016044197,163.11368414922248,160.02908351308466,162.66949462890625,2957700
2021-08-18,162.06087229088863,164.10903989127382,160.15252591726764,160.2347869873047,2605800
2021-08-19,159.2723579453062,161.3781103452931,158.34286077215796,159.6260528564453,2858800
2021-08-20,159.138164366442,160.64314035658217,158.84875464205618,159.7914276123047,2222800
2021-08-23,160.61835587207815,161.51968111274667,159.50202682228527,159.59298706054688,2248700
2021-08-24,159.79972725319774,160.98219783308863,159.4937757975104,159.81626892089844,1667500
2021-08-25,159.69220028505293,160.39507594970777,158.93972486026885,159.4854736328125,1593900
2021-08-26,159.9154793344745,159.9898979060529,158.82396909854143,159.0637664794922,1969700
2021-08-27,159.0306842547458,160.32065653912008,158.88183450476768,159.84104919433594,1947800
2021-08-30,160.32065708330427,161.75120198120652,159.47720881081452,160.4281463623047,1507700
2021-08-31,160.99873144083023,162.1646729122463,159.5102968621709,161.76776123046875,2782000
2021-09-01,161.84214383136666,163.1403804964117,159.94852084960314,162.40443420410156,2381100
2021-09-02,162.82618881065605,164.76114731171538,162.53676644086264,163.88462829589844,2021200
2021-09-03,163.07425815715587,164.14922665639293,162.84271269810262,163.18174743652344,1491800
2021-09-07,163.43808590723773,163.68616041297895,161.47832128530968,161.70985412597656,2266200
2021-09-08,161.69330787100517,161.69330787100517,159.98988232691298,160.89122009277344,2455300
2021-09-09,159.78318762803534,160.71759629233821,155.4998167232755,156.29364013671875,3636700
2021-09-10,157.50916875551403,160.16354454584138,157.120521636407,159.80796813964844,3094100
2021-09-13,161.00700205310739,161.5196801470105,159.2622284878629,160.7423858642578,2136200
2021-09-14,161.4452732559203,161.97449305431368,157.7903470517668,157.94744873046875,1895300
2021-09-15,158.43532904395514,160.27932745525155,157.81514901787116,159.88241577148438,1769200
2021-09-16,159.89063877707065,160.59351433782012,158.2781736514831,159.56814575195312,1657200
2021-09-17,159.2291270554617,162.2804143167157,156.83936757353965,157.13705444335938,4504200
2021-09-20,155.7478565863266,156.76494812849128,154.4909550744268,156.6078338623047,2439500
2021-09-21,157.19492576735954,157.7076037436524,155.46668164718795,156.8889617919922,2496400
2021-09-22,152.02677234293174,154.88786190391593,150.59621494484716,153.2257843017578,4229800
2021-09-23,153.80463504829365,155.32614023775312,153.52348981890103,154.4578857421875,2527500
2021-09-24,154.21807407662294,156.03726599261415,153.63924200575204,155.4749755859375,2312900
2021-09-27,154.93748127811298,155.95458545238003,154.3421075333299,154.4992218017578,1847600
2021-09-28,154.36693616008074,155.30134476544558,153.88734137924033,154.43309020996094,3093900
2021-09-29,154.6480872664581,155.41710440470956,152.51466656705904,152.7627410888672,2467400
2021-09-30,153.1844784393569,154.8300274464381,150.49703144919275,150.57972717285156,2902800
2021-10-01,151.23295108511002,151.24949275042073,147.87571222987697,150.07528686523438,3014500
2021-10-04,149.2566340284341,150.24891937657273,146.46996295982655,147.5366668701172,3512500
2021-10-05,147.58629159279633,149.7031705439603,146.8834285287893,148.5703125,2491800
2021-10-06,147.52009459530703,149.8106288233516,147.04876451521997,149.42198181152344,2119200
2021-10-07,151.3073824164516,152.16737243884282,149.81068332821476,150.166259765625,2518400
2021-10-08,149.42200396934604,152.5642512337216,148.57855579545335,151.7290802001953,2781700
2021-10-11,152.3988918576725,152.4154335229193,150.1083569983458,150.28201293945312,1780200
2021-10-12,150.5135299413454,151.11716817458893,149.36413037074033,150.4887237548828,2615700
2021-10-13,150.64582067215304,152.91981355558505,149.3971963948562,152.20040893554688,3780400
2021-10-14,155.1607623964941,158.5841554028272,154.84653383369636,158.28646850585938,4106400
2021-10-15,158.7330079143927,160.428156472346,157.69937458998493,160.21316528320312,3153400
2021-10-18,159.98160508537168,161.75118452961388,159.6508475251289,159.9154510498047,2305000
2021-10-19,160.33720658101157,161.17239043628447,159.63434344561793,160.24624633789062,1974500
2021-10-20,161.08966442892398,161.7015798237358,159.75834436680094,161.4700469970703,1952000
2021-10-21,161.75120479145636,165.38132435637505,161.6023550383869,164.9182586669922,2997300
2021-10-22,164.4469390446374,168.82128275707004,164.3477142736499,168.5318603515625,3735900
2021-10-25,167.87859292930244,169.97893028499274,166.9028365135198,168.60626220703125,4829700
2021-10-26,176.96629561392731,182.1179333606838,176.6768858439174,180.32354736328125,6596500
2021-10-27,179.5379614145629,179.83564830266195,174.05557910032968,175.4778594970703,3309000
2021-10-28,176.37090689319623,176.9910868563155,174.43594843648668,176.8753204345703,2236400
2021-10-29,175.91612182207064,178.66972242681612,175.51093302916303,176.51976013183594,2362000
2021-11-01,177.66911679578027,177.66911679578027,173.5676553341281,174.39456176757812,1868400
2021-11-02,174.39460590965433,174.39460590965433,172.36042263433362,172.9392547607422,2206700
2021-11-03,172.65809329286952,176.01533192790316,171.49215200801513,175.91610717773438,1765800
2021-11-04,176.2551350185367,176.56936356109225,173.49327002978032,174.24575805664062,2451900
2021-11-05,174.90726068096694,175.06437492963278,171.21925226008779,172.178466796875,2117800
2021-11-08,172.6250270655218,173.5594356141544,171.3929442368938,173.07156372070312,2166100
2021-11-09,173.31134555842476,173.75788217357209,172.00483165933866,173.6173095703125,1552900
2021-11-10,173.559428926605,176.08976114982062,173.19558799717123,175.0065155029297,2415500
2021-11-11,176.62727758115244,179.01703745858154,175.5357546719679,176.3709259033203,2113700
2021-11-12,175.8582435154557,177.85109165827504,175.3042175495755,176.28823852539062,1600300
2021-11-15,176.01532405818645,176.4618480315745,174.3367048157214,174.9072723388672,1378300
2021-11-16,174.9569036824193,176.88359761572022,174.89901416273688,175.1967010498047,2302800
2021-11-17,175.2959361836948,175.51919188294733,171.5748564516974,171.87254333496094,2542300
2021-11-18,172.2115850929567,172.38524105199423,169.88797928081462,171.55833435058594,3919400
2021-11-19,172.6219692975091,175.06508787264588,171.43365679160533,173.23690795898438,2677600
2021-11-22,173.27846700598735,176.41961596215765,172.55549529516992,175.23960876464844,2220500
2021-11-23,175.36427828750897,177.30879694060704,173.2784924857603,176.012451171875,2345300
2021-11-24,175.00692502463082,176.17030878425214,173.0623940550752,173.23690795898438,2518700
2021-11-26,171.30899672898062,174.11775376297024,170.17054173990678,170.6026611328125,1941000
2021-11-29,169.65535706252615,171.18437954537845,167.444914943659,170.05422973632812,3435100
2021-11-30,169.10689621592482,169.10689621592482,164.61954384531347,164.84390258789062,6267600
2021-12-01,166.92966685837015,167.98501750459158,161.21243818873808,161.3370819091797,2938400
2021-12-02,162.276146247351,166.7219593275709,161.06290480754586,166.11532592773438,2423400
2021-12-03,167.0626134062065,168.38390022255365,164.33696086771582,166.8050079345703,2606400
2021-12-06,167.8521002076161,170.02929546972774,167.34519451530005,167.91026306152344,3006700
2021-12-07,169.79662533675886,171.09297104521636,169.00718534044782,170.67747497558594,2250600
2021-12-08,171.20095853352444,172.42251766764133,169.01544573113713,170.12066650390625,1615500
2021-12-09,169.56397035688875,172.75497753880722,169.32297550474996,171.6331329345703,1931500
2021-12-10,172.84638169826798,174.39202773411333,172.29792379007944,173.76878356933594,1887900
2021-12-13,171.97382054548547,173.9432805363018,170.86859947956697,171.44198608398438,1909700
2021-12-14,170.51956144940786,172.13999336649903,168.75786240928127,169.3063201904297,1930500
2021-12-15,171.72453539763072,173.21201855665987,169.95453060987145,170.99327087402344,3703400
2021-12-16,172.72171139813784,176.0290563739925,172.6967826497719,172.82142639160156,2932600
2021-12-17,175.17318107202095,176.61079421455784,171.51680730865806,171.67469787597656,5625800
2021-12-20,170.3783122309252,171.1760702400598,167.37843019021759,168.2177276611328,2936400
2021-12-21,169.7384227706039,172.9045129681472,169.28138731073818,172.09844970703125,2317000
2021-12-22,172.28129846567057,173.32003865221373,171.63311292372842,173.21200561523438,1716500
2021-12-23,173.85186363353014,177.18413740534413,173.85186363353014,176.32821655273438,2573900
2021-12-27,176.9099114499234,179.17021102471722,176.66892931493393,178.7547149658203,1807200
2021-12-28,178.2976543951271,179.61892872756795,177.60792946361792,178.39736938476562,1375400
2021-12-29,178.27271131492,179.77680479406018,177.6743960653271,178.3308868408203,1154900
2021-12-30,178.43064147408452,179.49431044752697,177.0262626644787,177.7492218017578,1207000
2021-12-31,177.11766486956034,179.01232594139537,175.95428094121738,178.11485290527344,1579900
2022-01-03,178.37242956109023,179.20342156963,175.2312807832044,177.4167938232422,2319600
2022-01-04,178.16468718874015,181.70472137213665,177.4999037048474,180.56625366210938,2741200
2022-01-05,180.15907996523893,181.13964450325565,178.01511894287458,178.2976531982422,2710800
2022-01-06,178.71315404367562,180.4333137293645,177.27554130090437,180.026123046875,2102200
2022-01-07,180.616128808748,182.36120452191676,178.8128648852415,181.2892303466797,3014000
2022-01-10,180.36682177493222,180.51639425324123,175.0152310988323,175.94593811035156,2853800
2022-01-11,175.7548453533641,175.7548453533641,172.87960684311665,175.563720703125,1771700
2022-01-12,176.1038170882359,177.38355182517677,174.59141829358813,175.52212524414062,1865700
2022-01-13,175.80467354196728,177.53313850271198,174.45015246236053,174.89889526367188,1828500
2022-01-14,173.03751185930372,173.81034124176227,170.7689065777765,171.6331329345703,1921600
2022-01-18,169.95453387521243,171.21763293113608,167.4532391559187,170.84368896484375,2339700
2022-01-19,170.39492386627796,172.22310385614682,169.07364953850265,169.32293701171875,1701700
2022-01-20,170.94339893438251,172.0070678606551,167.9518221542822,168.1013946533203,1706800
2022-01-21,168.3340866727229,169.97112955008296,166.53082254073044,167.81886291503906,2570400
2022-01-24,165.37574368621512,170.20381874285818,163.11544401726687,169.63043212890625,3660900
2022-01-25,166.23995719560676,169.14011124871857,163.8550014606656,167.81053161621094,3817200
2022-01-26,168.9572769100895,171.21756318199505,163.88822131665032,165.3673858642578,3074700
2022-01-27,166.69703480456545,167.6443653736151,161.14600050106088,161.90220642089844,3371000
2022-01-28,162.70825826051478,164.82729068464008,160.16542442353773,164.7441864013672,3066200
2022-01-31,164.6777119986333,168.26760415457503,163.61404306648774,168.03492736816406,4626700
2022-02-01,186.98154178902865,194.21948909853006,184.48856530326617,191.7015838623047,19125300
2022-02-02,191.66833765761208,193.04778769377748,187.55492897958874,192.881591796875,5474000
2022-02-03,190.99523245686296,192.94806907871953,188.82634244107214,190.0395965576172,3503300
2022-02-04,188.8761708481146,189.31660828472184,185.24473977441897,186.79869079589844,3623100
2022-02-07,187.38041975693272,189.09226151410212,184.09799070301634,187.02308654785156,3295900
2022-02-08,186.75715506041183,188.25293058386904,185.44418611965511,187.139404296875,2759600
2022-02-09,189.3582167264537,191.41908681859374,186.64088095775995,187.0314483642578,2130300
2022-02-10,184.98713725977726,186.22531995564015,182.21162690844315,183.38331604003906,3379500
2022-02-11,183.03431569796481,183.87362583557447,176.26173514321815,177.40850830078125,3821000
2022-02-14,177.57472019684496,178.60514238038317,175.93766459500546,177.8240203857422,3641400
2022-02-15,179.46936184768214,182.37783414900412,179.24499043405606,180.5413360595703,3149000
2022-02-16,179.3696412507317,181.1479637522096,177.41680483745645,178.9208984375,2226700
2022-02-17,177.89050773416,178.1148665003649,174.27568656386362,175.09837341308594,2815600
2022-02-18,174.2697034216368,176.53806112201505,173.72563884321912,175.24066162109375,2823900
2022-02-22,174.713323226818,176.23672443613185,172.98904292849977,174.91421508789062,3558300
2022-02-23,175.33269917764417,176.57987864670196,170.89643701457027,171.15591430664062,2836000
2022-02-24,167.49811065254588,173.61679925483773,166.61086070092313,173.42428588867188,3347000
2022-02-25,173.46613720092927,177.10721078080337,173.1564273527164,175.73448181152344,2657100
2022-02-28,172.570505747764,176.5547646927931,171.20614250628122,176.1278839111328,3536700
2022-03-01,175.33273803121656,176.28695206270635,170.57839928388466,172.07669067382812,2986100
2022-03-02,172.34451440926782,178.59713107357894,172.2105992829992,176.9984130859375,2854200
2022-03-03,179.02400662925896,180.99939822860048,177.29972662099917,177.810302734375,3019500
2022-03-04,176.68032077561358,176.78076030381277,173.31545608821315,176.10276794433594,2442900
2022-03-07,173.64190524709224,174.930938854086,167.52321678192683,168.3937225341797,4043100
2022-03-08,169.15541379422174,174.48730434074935,166.1755886121603,170.2602996826172,4001000
2022-03-09,174.93929307191348,175.17366048105796,172.68768003142864,173.08108520507812,3097600
2022-03-10,171.1726740325421,173.57494659327227,170.63697522126913,173.41590881347656,2284100
2022-03-11,174.03532097709726,175.0816087470914,170.51143092011478,170.6704559326172,2006600
2022-03-14,172.08502756916863,174.8639738316076,170.1263800596086,171.00526428222656,2237200
2022-03-15,173.6754044611349,176.8058893010766,172.88859401299953,176.219970703125,2865400
2022-03-16,177.95262052416766,182.48094406949932,177.87727810155778,182.3888702392578,3022000
2022-03-17,180.79852496547005,186.29781956376212,179.76060290939068,186.08856201171875,3520200
2022-03-18,184.96692756876084,185.15107523208601,181.50162309756345,183.96249389648438,6278200
2022-03-21,182.63160238375352,185.65328160231388,181.59368044577644,182.94129943847656,2244600
2022-03-22,183.79510059426963,184.48145874571964,181.86992849872425,182.8241424560547,2182100
2022-03-23,182.03732201564327,182.23821385904466,179.30860819612678,179.6099395751953,1939300
2022-03-24,179.75220952465168,180.34650650064685,178.55526264187753,179.6768798828125,1882500
2022-03-25,179.54297479986434,180.41348057312388,177.50899757957694,180.25445556640625,1754200
2022-03-28,181.09984550716408,184.0127068810088,180.8571123810381,183.7699737548828,2353200
2022-03-29,185.78719012168986,187.46961587538198,184.55675496216153,186.19732666015625,3034800
2022-03-30,185.82069800021856,186.07180960598356,182.94969064369013,184.3140411376953,2200200
2022-03-31,183.43515162816053,184.84136891676326,179.50949096679688,179.50949096679688,2858600
2022-04-01,179.8777775359843,180.13726761593912,170.51978641218366,172.9639129638672,3993600
2022-04-04,171.41538863307926,172.65420237749984,169.5739249666997,171.76695251464844,3204600
2022-04-05,167.61527507562272,169.247481192358,164.0662629055411,165.07070922851562,6270700
2022-04-06,163.70637994355351,164.8279974277541,161.75609790319794,162.71031188964844,3911700
2022-04-07,162.7521524630445,162.7521524630445,158.63396545391097,161.29571533203125,3627900
2022-04-08,157.97270402828644,160.58424690354232,155.7294692518688,159.84765625,5465800
2022-04-11,158.82651628422414,162.55129896019113,157.8974120417182,159.73887634277344,2787300
2022-04-12,159.85601234903038,160.81860467199365,156.3572324990621,157.26959228515625,3428800
2022-04-13,156.90968665308358,159.06921332610494,156.24842564381584,158.0898895263672,2296000
2022-04-14,159.9732038626685,160.11549746057432,157.22774589492403,157.37841796875,2624300
2022-04-18,157.11056000702823,158.0312983008181,155.41138978745246,156.6585693359375,2552600
2022-04-19,157.57094070525386,160.2912889511613,157.07709593513923,159.61329650878906,2448800
2022-04-20,160.69309057591306,161.32086336794384,159.24503157847505,159.39569091796875,2526000
2022-04-21,160.31640000215748,160.31640000215748,157.20264650397067,158.03131103515625,2618200
2022-04-22,157.57929626657662,159.82254377874574,156.47442307621688,156.6501922607422,3964200
2022-04-25,156.2149342143751,159.32030878399394,153.327170104319,158.73439025878906,5354900
2022-04-26,156.2651732683143,156.87620175059644,151.36017568540188,153.2183837890625,7811800
2022-04-27,152.81661586494715,156.80924088296464,152.2892827307658,156.02243041992188,3978600
2022-04-28,157.56258116350705,159.7388521821109,155.7880683225349,159.169677734375,3176700
2022-04-29,155.81315609301802,157.81365762496324,150.29713051302707,150.648681640625,4853500
2022-05-02,150.8997857772889,151.4940827694592,146.6644155044049,149.47683715820312,5026600
2022-05-03,150.0292792691755,150.631941961122,147.77766626344004,149.091796875,3266300
2022-05-04,149.0416027061864,154.18934635286396,148.16271839850313,153.84616088867188,3920500
2022-05-05,152.04654664574664,153.46112987543358,148.84073188340528,150.4896697998047,3249700
2022-05-06,149.9455976549416,151.54432848900382,147.03273597703406,150.59848022460938,2826600
2022-05-09,148.7486404302711,153.6871134340002,148.02041548121062,151.8623809814453,3925400
2022-05-10,153.34390718826663,154.4320488401987,150.4059362229088,152.34783935546875,3510200
2022-05-11,151.7368472017843,152.92542865941323,148.079028987782,148.53939819335938,4934100
2022-05-12,147.43450487799393,149.62752000359748,144.96526824257447,149.5354461669922,5352400
2022-05-13,149.3075000818173,151.17321633463195,148.37042320943837,150.3036651611328,3598100
2022-05-16,150.11794753944048,153.6129885111541,149.2906096034711,151.76416015625,3003600
2022-05-17,154.491002571765,155.14105028781435,152.25384293309327,154.60919189453125,2640900
2022-05-18,151.5193162567144,152.07649982028855,144.7993892933015,145.39877319335938,4275300
2022-05-19,143.65127865399168,144.53770482776585,139.58216605206354,141.31280517578125,4382900
2022-05-20,142.83237894317952,144.53769256424235,140.6120949510779,144.3941650390625,3483300
2022-05-23,145.78713065689848,147.45023113345528,144.7403020027121,147.2222900390625,2837700
2022-05-24,145.87153372574508,147.50930872751266,143.82854015994883,146.98590087890625,2865100
2022-05-25,145.0948531604458,147.78789411562659,144.45325605504695,146.77484130859375,3370100
2022-05-26,148.1509385363416,151.98365974686928,148.1509385363416,150.59071350097656,2628400
2022-05-27,150.81865699100632,154.11109563162438,150.75956877567592,154.09420776367188,2959800
2022-05-31,152.10183894045176,155.85014633403193,150.85240743648063,153.85780334472656,8734300
2022-06-01,153.84937261128138,155.32674527345375,151.40959770158915,152.15249633789062,3253800
2022-06-02,153.80717771130014,155.41117735437024,152.1356394783987,155.39430236816406,2317800
2022-06-03,153.95911021414375,156.63526369628687,153.70585663670687,156.5930633544922,3802200
2022-06-06,157.7665127381585,159.4549385581074,157.47947055870048,157.96067810058594,2649200
2022-06-07,156.05279922777316,157.03207664964415,153.82407712276256,156.60997009277344,2984000
2022-06-08,154.10264849736456,154.7020454464284,150.2614893250396,151.485595703125,3592200
2022-06-09,151.11407973514443,153.14018514876005,148.99511040530766,149.04576110839844,2891600
2022-06-10,146.30211770634196,147.73727725188377,145.0695610396208,146.091064453125,3220600
2022-06-13,144.21690743762568,147.63597264266554,143.09410260881825,145.81246948242188,4302900
2022-06-14,146.93527326300537,150.24458663298662,145.2383969114112,147.02813720703125,3925500
2022-06-15,147.8217089489375,152.02588629527085,146.42031220627015,148.48019409179688,3465100
2022-06-16,144.47864013126133,146.2936932781726,144.14096001889152,145.3650665283203,3355500
2022-06-17,144.7487677036189,146.64824696747223,143.06034169130484,144.41952514648438,7578300
2022-06-21,145.74490338146958,147.73724618818835,145.5591755271569,147.3151397705078,2845800
2022-06-22,145.93908204312103,149.2652829790133,145.51697558692487,148.70809936523438,2671000
2022-06-23,149.73804129050907,151.12254996212144,147.93987653293746,150.8017578125,2923600
2022-06-24,152.60841964636052,155.8586326495152,152.60841964636052,154.74427795410156,4826400
2022-06-27,156.05277329561176,156.14563723795837,152.84476142015356,153.48635864257812,1902300
2022-06-28,154.288354539843,156.41577478671124,151.54466244460312,151.8907928466797,2380800
2022-06-29,152.23691955860082,153.32594857284172,149.99131006809841,152.91229248046875,2101000
2022-06-30,151.03816123431812,155.24233865450762,149.9069188286785,154.10264587402344,3728200
2022-07-01,153.46106020217096,157.11650456421964,153.23311905248883,156.17098999023438,2962500
2022-07-05,153.89156689722245,156.15406421214988,153.41880972499885,155.86703491210938,2471800
2022-07-06,155.99366396714572,156.98984192168606,154.24614990283956,156.32290649414062,2005000
2022-07-07,156.96448689621567,157.87623830769496,154.51627481696508,157.18399047851562,2961800
2022-07-08,156.7787914180677,157.27687396317305,154.5669447463841,156.51707458496094,1938200
2022-07-11,155.0987834991564,157.7158484474504,155.0987834991564,155.87545776367188,2275900
2022-07-12,153.24997090101826,154.0604209751341,150.3205510273048,151.4264678955078,4207600
2022-07-13,150.6329060148691,152.8025394151798,148.77564015632186,150.20236206054688,2414400
2022-07-14,149.36659396377283,150.6751266380423,147.84702092956834,150.50628662109375,2487000
2022-07-15,152.4395355750264,154.3305643016721,152.4395355750264,154.14483642578125,5014100
2022-07-18,153.92535816025384,155.2507658745802,151.73039920295992,152.02587890625,2289200
2022-07-19,153.01361087944036,156.98140952315285,153.0051733865856,156.86322021484375,2710800
2022-07-20,156.89696754720444,158.28991363452175,155.56310966251093,157.74118041992188,1754800
2022-07-21,157.82561576120494,158.8302312794618,156.88010133539515,157.8762664794922,2320100
2022-07-22,159.25235890934098,159.8010922725022,156.73660747440752,158.69517517089844,2255200
2022-07-25,159.52247347473914,160.34134812748306,157.83404769354942,158.63604736328125,2816100
2022-07-26,151.32516506608948,155.20009925567967,150.82708253766722,153.24996948242188,4961000
2022-07-27,154.39811246117634,156.20472773556236,152.00898816550833,155.25076293945312,2739300
2022-07-28,155.89235857954768,159.6153405929599,155.16633496388224,158.91464233398438,2452500
2022-07-29,159.17636392942,165.23780709395285,158.69515633560536,164.52867126464844,4093100
2022-08-01,163.00065253540308,165.31380086304358,162.86557535970104,164.9085693359375,2086100
2022-08-02,164.21629910116772,164.59619233489212,162.0382282443699,163.38052368164062,2075100
2022-08-03,164.35984340657953,164.9085767452293,162.73050549543075,163.28768920898438,1916700
2022-08-04,162.67981970725603,164.31759475861926,161.75119326649997,164.21629333496094,1627300
2022-08-05,163.3130176085258,166.2340005307359,163.3130176085258,166.10736083984375,1785900
2022-08-08,167.03599348357088,168.03215869278168,165.13651413363314,165.54173278808594,2102500
2022-08-09,165.8625131898449,166.75737682272063,164.80724704132786,166.01446533203125,2022400
2022-08-10,168.6484226154715,171.09663498858404,168.00681253686233,170.84336853027344,2791400
2022-08-11,171.67915727885975,173.82345264446002,170.31997382501422,172.58245849609375,2730600
2022-08-12,172.26775812892117,174.3515841597511,171.4937793229584,174.2665252685547,1883100
2022-08-15,173.37347859870692,175.30420144123536,172.90568060009878,175.10858154296875,1618200
2022-08-16,173.73069894177144,176.65654856763592,173.32244477807305,175.50833129882812,2296000
2022-08-17,172.22523461884944,175.31267497492436,172.10615996294248,174.3430633544922,1767300
2022-08-18,173.8412401395867,177.0987980926944,173.5180319577554,176.95420837402344,1913900
2022-08-19,177.68568714675794,178.09394127140595,175.84002342076477,177.2774200439453,2704300
2022-08-22,174.78536412986827,176.60551290143712,174.50468534541855,175.55084228515625,3593500
2022-08-23,175.7123929804126,176.61395990463708,173.88374406642225,174.58969116210938,2088000
2022-08-24,173.42448600768773,174.43662709609575,172.54843395160583,172.69302368164062,2024000
2022-08-25,173.23737704744335,174.39410793409093,172.24225027394118,174.36009216308594,1984400
2022-08-26,174.25803241640568,174.95546603859137,169.1462965144067,169.19732666015625,2203900
2022-08-29,168.64446857168048,169.70763977912662,167.71738639354686,167.78543090820312,1928000
2022-08-30,168.125634676224,168.75503668135664,165.5314944243334,165.89723205566406,2238000
2022-08-31,166.0418294681448,166.85833769721071,165.0211876927303,165.4379425048828,2627700
2022-09-01,165.3274116668319,167.63236002392966,164.2472258766403,167.22410583496094,2343300
2022-09-02,169.6140775951454,170.08187551488754,165.29334831690107,166.74777221679688,2665100
2022-09-06,165.67609443261009,166.8753547022627,162.71622934378118,166.67123413085938,3760600
2022-09-07,165.7696432191393,167.64083485617456,164.08558372397127,166.95188903808594,2902300
2022-09-08,166.05881862399121,167.17301981667663,164.646924343692,166.8157958984375,2166300
2022-09-09,168.04061248856422,169.60559755782353,167.67487480560933,168.9932098388672,1748000
2022-09-12,169.72465487445376,170.92391511631484,169.68212543034215,170.25198364257812,2382600
2022-09-13,166.84136338694296,168.13417045586522,163.42220055498248,163.90701293945312,2382500
2022-09-14,164.01753388376775,164.45981670889614,161.261802613588,162.4185333251953,2608300
2022-09-15,162.22290777440963,162.5971461064585,156.9921107575222,157.34933471679688,4041800
2022-09-16,151.1148937997642,152.02497453838464,147.31299270946838,150.2983856201172,12562000
2022-09-19,149.9581634598704,153.43685637507983,149.39680597352697,153.12216186523438,3018000
2022-09-20,151.70179414608052,152.00798801408416,148.5462958680939,149.42234802246094,2827400
2022-09-21,150.61310719537204,152.73944988847674,147.79783154620796,147.84886169433594,3162900
2022-09-22,146.14778178354916,146.16479615831028,142.65207401464338,142.77114868164062,5238500
2022-09-23,140.2365510184242,140.89996887000007,137.7019413001828,139.7687530517578,4252800
2022-09-26,138.92672216703963,139.4455502998671,136.17949105952644,137.57437133789062,4163600
2022-09-27,139.0968202207875,141.26569224362188,138.21226741969411,140.1429901123047,3371200
2022-09-28,140.57673883992499,143.0432906770159,139.82826220934257,142.1417236328125,2958100
2022-09-29,141.46131578281995,141.7930246836416,139.27542952953976,140.61077880859375,2494900
2022-09-30,140.3045533945811,140.61074715550137,137.37870478537877,137.3957061767578,2823300
2022-10-03,136.62176698900512,139.96437128021955,135.5926114745189,138.71408081054688,3494500
2022-10-04,140.84892539861312,143.85982051874035,140.3130829622031,143.64718627929688,3414500
2022-10-05,142.08219429866008,144.4892153263753,141.7760004900209,142.83065795898438,2811400
2022-10-06,142.35437919382548,143.25594637314538,140.1004612455258,140.84893798828125,2375000
2022-10-07,139.4540406399215,139.49655710385605,134.67401427205277,135.3544464111328,3491000
2022-10-10,136.97047964307117,137.61689610153508,134.72506236951804,135.8647918701172,3141700
2022-10-11,135.55859137353545,137.13207703849992,134.77609888998862,135.5841064453125,2164600
2022-10-12,136.00082434993564,137.5573081966233,135.22684575253456,135.6436004638672,2229200
2022-10-13,132.7773118088587,140.18549368563023,131.7226414138371,139.19886779785156,2574100
2022-10-14,139.9728806795401,140.81490400568046,137.3447114793751,137.5148162841797,1936400
2022-10-17,139.68369604068795,141.2912105455213,139.25842751583082,140.1004638671875,2274700
2022-10-18,142.4479132129811,143.5280986858655,140.01537721390451,142.03115844726562,2282500
2022-10-19,141.85254954681136,142.23528857345514,140.04941539043213,141.01051330566406,2129900
2022-10-20,140.0494162959155,140.52571490798846,136.35808907418618,136.91943359375,2832600
2022-10-21,137.47227825726677,141.22313598527415,136.9619509447213,140.80638122558594,3161000
2022-10-24,142.08222352030944,144.78692523775453,141.67396935088047,142.5074920654297,4471300
2022-10-25,146.53052272013818,148.6738797314981,141.63143395805247,142.03968811035156,7698800
2022-10-26,142.46493408671063,145.02504554353297,140.77236094392967,143.73223876953125,4819800
2022-10-27,144.53174766324082,145.1441353477765,141.26568866449364,141.6059112548828,3325300
2022-10-28,140.64479528215895,142.48195827045583,138.20375830690654,142.18426513671875,4771600
2022-10-31,141.29973029336358,144.41268616566853,140.69584325172605,142.69461059570312,2908900
2022-11-01,143.70674678112962,144.31912152191651,140.16850951121918,142.37989807128906,2454500
2022-11-02,141.31673605414468,145.11013728638284,139.95588446101047,139.9813995361328,2824000
2022-11-03,138.06770106668176,141.1211264077732,136.14549172483183,139.49659729003906,2671800
2022-11-04,141.19765645087176,141.5804085206845,138.3058355604669,140.9254913330078,2400900
2022-11-07,141.09560390501082,144.23408798962566,140.6618346410708,143.85134887695312,2624400
2022-11-08,144.42118446071643,145.71400432802378,142.59252213312314,143.5621337890625,2715600
2022-11-09,143.05184942739353,143.81732769302533,139.38603628252972,139.49659729003906,2687100
2022-11-10,143.79763324078178,147.96133114459604,143.79763324078178,147.93557739257812,3338900
2022-11-11,148.27037520136074,153.66171177176034,148.09866607144036,152.97491455078125,3851400
2022-11-14,152.90623964215015,155.8079511397185,152.57142778470518,152.6315155029297,3082500
2022-11-15,153.21529172844163,155.8680327331568,152.86330635123454,155.790771484375,3105000
2022-11-16,154.8378522905241,154.91511354371684,151.0089664042991,152.00482177734375,2713500
2022-11-17,150.23633096405806,151.17208553873775,147.32603913393703,151.14633178710938,2517400
2022-11-18,153.24960338897168,153.86771948839325,151.74724041668202,153.64451599121094,3003000
2022-11-21,152.94056064910438,155.16406802634316,152.72593734586422,155.05245971679688,2465600
2022-11-22,155.79081312630638,157.0098722980138,154.93231964485852,156.881103515625,2210300
2022-11-23,157.41333914943323,157.90267354084523,156.8553237189589,156.9669189453125,1583500
2022-11-25,157.66228822165806,157.8683313280866,156.4260688817911,156.69219970703125,912400
2022-11-28,155.36152357077216,156.48614762561155,153.18953670923486,154.45152282714844,2043000
2022-11-29,157.95416800329144,158.98435721959171,156.46038512493777,158.726806640625,3671400
2022-11-30,158.6066345936934,162.88192749023438,157.90266381135774,162.88192749023438,7146900
2022-12-01,162.75315878135885,164.48731888748563,161.73154967477709,163.27684020996094,3934700
2022-12-02,160.7871858930757,163.50862086856839,160.18624327213357,162.59002685546875,3661500
2022-12-05,161.43967685201753,161.4740108221571,155.03531070654543,155.524658203125,5004700
2022-12-06,153.68745045688388,154.09094329342494,149.27479610154865,150.32215881347656,5598200
2022-12-07,149.72122133725006,151.9962363668832,149.36924905154194,149.95301818847656,5124300
2022-12-08,150.34791651044284,155.00094802686758,150.1075394652819,154.2111358642578,3109600
2022-12-09,153.89350151149208,154.6489797939488,152.27094972726513,152.50274658203125,3487100
2022-12-12,153.39560069903138,157.37902281356477,152.8290049875271,156.7008056640625,3214500
2022-12-13,161.3881613985798,161.90324952271905,156.1856809577523,157.83399963378906,3863700
2022-12-14,157.45624318482677,160.7528539755972,156.93256180143095,158.2288818359375,3188900
2022-12-15,155.81653847718115,156.5033357570494,154.02229057194643,155.5675811767578,3478300
2022-12-16,154.83786938659074,156.15136323416627,152.48559276631264,152.9835205078125,8241400
2022-12-19,152.8203579179348,154.49443000724898,151.57554549476623,153.18092346191406,3690200
2022-12-20,152.2366340979945,152.44267722700286,148.92284909563506,149.06021118164062,3062200
2022-12-21,151.39528237755135,151.92754397432276,149.61819515029183,151.67857360839844,2833000
2022-12-22,150.06463228473382,150.80293705077457,148.27896463897082,150.760009765625,2626400
2022-12-23,151.026159387808,152.1164496883552,149.51521569932638,151.9619140625,1897600
2022-12-27,152.03055052602718,152.65725996437263,150.7685645331481,151.8931884765625,1294200
2022-12-28,151.95332169361043,152.35681461273978,148.83698666701505,149.04302978515625,1455900
2022-12-29,150.05605905917162,151.44682730673406,149.7384206857585,150.88021850585938,1369200
2022-12-30,149.60102884945474,150.10754982201755,147.5664040412603,149.24046325683594,1670900
2023-01-03,149.60962633929879,150.94887374912003,149.07735160238354,150.47669982910156,2206500
2023-01-04,151.4811056406393,152.70016427685232,150.407989260216,152.04771423339844,1965100
2023-01-05,150.1333035715212,151.01755056999366,148.80263641570613,149.24046325683594,2736800
2023-01-06,150.77718929781702,154.13388829713128,149.62679826805729,153.62738037109375,3690100
2023-01-09,153.8591653443647,157.65370403684065,153.65312224312171,155.97964477539062,3214600
2023-01-10,155.653406409506,155.86802971834922,152.17650618633286,153.47283935546875,2324200
2023-01-11,154.12529287945844,156.64068492605418,153.66171228599742,156.44322204589844,2674700
2023-01-12,157.50776049805182,157.705210281274,155.11255695111095,157.06134033203125,1832200
2023-01-13,156.40029598619026,157.31889006316462,155.18983044396768,156.37454223632812,2078100
2023-01-17,155.91952067331601,156.5719838466953,153.55866452653024,153.67027282714844,2703300
2023-01-18,153.49857315321606,155.00093611984514,151.48970238744775,151.71290588378906,3085100
2023-01-19,151.23214983340102,152.14215043666945,149.08591705227158,151.2235565185547,2711600
2023-01-20,151.73012611114575,152.97493890383333,150.3393579148768,152.92343139648438,2296400
2023-01-23,153.2496392880082,155.99682841766776,152.13360844109872,154.9408721923828,2240100
2023-01-24,152.41686867269712,155.7134923370311,152.36536117942978,154.5201873779297,1958400
2023-01-25,152.82038164207992,152.82897495846757,150.159060375875,152.3482208251953,1722000
2023-01-26,153.35267440187386,154.3399365345005,151.1377599421585,154.27125549316406,1627000
2023-01-27,154.18540386302516,157.81682689991285,153.4986065944558,156.3230438232422,2831600
2023-01-30,155.1383363167566,156.11701819457983,151.4296388221199,151.9275665283203,4593300
2023-01-31,153.472833271693,159.74841647756847,153.472833271693,159.01869201660156,6872100
2023-02-01,158.54652655444633,159.5338016481513,155.21558166408042,158.8040771484375,4005200
2023-02-02,159.70549130584874,166.29872599096268,159.69691108956604,164.22116088867188,4995900
2023-02-03,162.30673068419253,165.0453262296557,160.7528600078181,164.538818359375,2766300
2023-02-06,163.1137154093484,163.61164305991448,161.55125142658235,162.04917907714844,2243300
2023-02-07,161.2851253190297,162.435516248484,159.49945775792602,161.64569091796875,2037800
2023-02-08,160.30642306532994,161.56840905035844,159.67972673044912,159.98878479003906,1970000
2023-02-09,159.7140789500139,160.98465839555143,158.44351260404383,158.60662841796875,2135600
2023-02-10,157.4905950102206,159.32777016859538,156.72653648873688,159.0101318359375,2533900
2023-02-13,158.60664805177484,160.9331708181309,157.29315426066478,160.89024353027344,2481400
2023-02-14,159.8514271368407,161.2593554248939,158.79548419569238,160.3407745361328,1876400
2023-02-15,159.35353123141255,160.57259021490577,158.84702329945662,160.40089416503906,1750000
2023-02-16,158.95003657690174,160.34938491222184,157.2072961455912,159.29344177246094,2633000
2023-02-17,158.58329584974413,159.362739888155,157.05904415054061,158.66990661621094,2510100
2023-02-21,155.1796690292219,155.51744303600287,152.53821286445654,154.55612182617188,3994800
2023-02-22,154.47816994535623,155.40485480154433,152.50356632061528,152.95391845703125,2376900
2023-02-23,154.1057660714258,156.13233077473757,154.0278243247473,155.83787536621094,2341200
2023-02-24,154.8332541935982,156.87714376119297,153.94121893292655,156.01974487304688,2674400
2023-02-27,157.5180405030526,158.91238916449396,156.78188868731186,157.82115173339844,2925400
2023-02-28,156.92909257832372,159.18949563742717,156.86847562743768,158.0463104248047,3703000
2023-03-01,157.56131075167912,160.00359112446557,157.2322189820781,158.55728149414062,2307500
2023-03-02,158.33209861671278,160.32401350274463,157.43139448751555,159.9429473876953,2334500
2023-03-03,161.30267848954418,161.68374464976307,159.8910051819002,160.80902099609375,2499600
2023-03-06,160.6098314795455,162.5324738511225,160.53188973298174,161.52784729003906,2419500
2023-03-07,160.3846709615431,161.07751736001433,158.2281900152247,158.7218475341797,2822300
2023-03-08,158.64388613825054,159.8563705901678,157.86444223090362,159.61387634277344,2277900
2023-03-09,160.76572927238615,162.49783857630905,158.05497398296436,158.3840789794922,2497400
2023-03-10,158.21951194699741,159.63118512879907,155.48277632661214,157.22354125976562,3442600
2023-03-13,155.08442879552467,159.23282518984277,154.33962118975575,157.82115173339844,4435900
2023-03-14,160.3500212186029,162.671054668999,157.84712368293805,160.27207946777344,4892100
2023-03-15,157.11962978649532,160.1768015809378,156.72990784499785,159.66583251953125,4306700
2023-03-16,158.96430841152062,163.4851140239421,158.96430841152062,162.74896240234375,4710200
2023-03-17,164.5070913095421,166.23054495855496,160.61851407694257,161.77035522460938,20535900
2023-03-20,161.31131509498698,161.7963167416436,157.24953037191892,158.912353515625,3974300
2023-03-21,159.89101806927636,161.8136606035693,159.18086007112962,161.77035522460938,2965600
2023-03-22,161.51917760272195,164.22126363732053,160.49723955141138,160.68775939941406,2758400
2023-03-23,160.02958456566296,163.32925082026767,158.87773024213593,160.4712677001953,2901700
2023-03-24,160.2980616865055,161.4412602367825,159.11157097306773,161.1468048095703,2586700
2023-03-27,162.2899718089424,162.78362927668164,160.67910971597178,162.22935485839844,2283400
2023-03-28,162.31595206741184,163.8228918336307,161.38928051420737,162.5844268798828,1850100
2023-03-29,164.1346974923834,165.849482171834,163.56309819425098,165.82350158691406,2546100
2023-03-30,166.18724647166738,166.45572133142818,163.84890127526586,165.49440002441406,2075300
2023-03-31,166.22185210239985,168.11851378015157,165.355797507258,168.0059356689453,2571200
2023-04-03,167.00132186566287,167.7980905679858,165.69358408493918,167.77210998535156,2735200
2023-04-04,168.59482284847454,168.7767001025684,164.48971988480545,165.07864379882812,2498700
2023-04-05,164.4118432112335,166.1872582282474,163.9874848086674,164.03077697753906,2718300
2023-04-06,163.1040582575729,164.16930167524708,161.5451573933278,163.32057189941406,2206100
2023-04-10,162.31595132384675,165.02670644691545,161.76167690920383,164.77554321289062,2157900
2023-04-11,164.98340680994733,167.23515413112665,164.19529392604005,166.67221069335938,2844400
2023-04-12,166.71552606853717,168.04924446250936,163.70165947927515,164.4204864501953,3729000
2023-04-13,165.34715691132286,165.93608096190266,163.28594255671197,165.41644287109375,2355600
2023-04-14,165.41646202415077,167.16589636982698,164.7669209429041,167.03598022460938,2034900
2023-04-17,167.33907177014788,168.34369828314345,166.78479735176145,167.39968872070312,1920500
2023-04-18,167.65085134441333,168.59484768846303,167.0446157663513,168.11851501464844,2461400
2023-04-19,168.2570790785745,169.93722704155203,168.10985138897615,169.77267456054688,2652200
2023-04-20,169.634115113764,171.30560741123153,168.11851952051614,168.8633270263672,3336300
2023-04-21,168.76807713156862,170.17975053784085,167.67685295420276,169.0625457763672,3371700
2023-04-24,169.19241927993102,170.88122302804123,168.64680067864006,169.61679077148438,3689100
2023-04-25,158.2021903238889,158.48798992429982,152.61614086298852,152.6767578125,12474900
2023-04-26,151.7587582777475,153.34363993213432,149.0739966916114,149.45506286621094,5845600
2023-04-27,149.61961631544006,154.2963199713892,149.12597197158672,153.94989013671875,4679000
2023-04-28,153.1530974558048,156.30553577748807,152.86729784237605,155.72528076171875,3440800
2023-05-01,155.84654291199226,158.21953758224117,155.6040486496248,157.795166015625,2807800
2023-05-02,156.49608201549242,156.55671218780927,153.8805931151492,154.0191650390625,3527800
2023-05-03,153.72470634229484,154.1577336841041,151.9925969750577,152.2783966064453,3825200
2023-05-04,151.1698352920439,151.5075960624042,149.70620088216776,150.07859802246094,3495100
2023-05-05,151.71543777882857,152.6767589089529,150.52029142255233,152.200439453125,2775300
2023-05-08,152.34767198665196,152.73739392422567,150.34708792082142,151.03126525878906,2589100
2023-05-09,149.71487347467811,150.52031122667353,149.09131302634174,149.83612060546875,2180600
2023-05-10,150.45970344260306,150.6762171523003,147.099419654267,148.5890350341797,3233300
2023-05-11,148.55435576416806,148.74488884783545,146.51912201360523,147.42848205566406,3136500
2023-05-12,147.86569093456714,148.5214727795241,145.91583665129826,147.3323211669922,3346600
2023-05-15,146.5103689615609,147.69952027520233,145.3736780476237,147.63832092285156,3048400
2023-05-16,146.4491881478658,146.74647267843062,145.27751459119813,145.6797332763672,3458900
2023-05-17,146.62406579794302,150.19152031653496,145.7671813328921,149.83302307128906,3882200
2023-05-18,150.07783813156476,151.63422574298193,148.434007617159,149.55320739746094,2747200
2023-05-19,149.63190178601354,149.9204473371423,148.09299217999344,149.45701599121094,2350100
2023-05-22,150.05160000286176,150.26145495380086,148.04928571256443,149.9641571044922,2675400
2023-05-23,149.15975411407575,150.6199599971772,147.98809382587436,148.4602508544922,2660500
2023-05-24,147.6383325588197,148.34657469447106,146.41419865428827,146.65028381347656,2410500
2023-05-25,147.4022398372229,150.46255442867312,147.0437426401654,149.71932983398438,2976900
2023-05-26,150.15655258597505,151.18832296906112,149.67564322699067,150.01666259765625,2291800
2023-05-30,150.12155768183257,150.25270869274064,147.69953339239217,148.4340057373047,2542200
2023-05-31,147.82194843741613,147.961851746488,145.40867639453887,146.02073669433594,5106100
2023-06-01,146.4666533621272,147.69952617204828,145.32997574472105,146.7464599609375,2524800
2023-06-02,147.5596232569761,149.46576902607532,146.83388989907374,148.76626586914062,2752200
2023-06-05,148.6001581466117,148.6001581466117,146.56286101925681,146.76397705078125,2314100
2023-06-06,145.59229373199784,147.47220950154767,145.30374814852513,146.53662109375,2521900
2023-06-07,146.32677534295098,150.10407134167627,145.93329561353218,149.95542907714844,3435600
2023-06-08,149.9379425048828,150.0603545701897,148.32035545203556,149.9379425048828,3676000
2023-06-09,149.51825349028343,149.85052054523024,148.25915027355356,149.07232666015625,2838500
2023-06-12,149.37833792645398,150.23523569878722,148.67009576056262,149.95542907714844,2795100
2023-06-13,149.78929174494752,151.5992557600105,149.61441928183805,151.17080688476562,3528000
2023-06-14,151.8440882087291,154.50218448282362,151.3456876525095,152.91082763671875,4476000
2023-06-15,153.4179456764793,156.77554471342168,153.38296318168534,156.5132293701172,4162900
2023-06-16,157.37888426985003,157.62370839417807,153.97756339052754,156.14601135253906,8469300
2023-06-20,154.29232248200063,156.23342401724295,154.29232248200063,155.0005645751953,3088200
2023-06-21,152.25505898416162,154.40601593351403,151.15333696149838,151.81787109375,4935300
2023-06-22,150.5325062844448,151.70416638472304,149.4832582343163,149.85049438476562,4192700
2023-06-23,148.29413899056814,149.65816308522443,147.51594507287754,148.0230712890625,11278600
2023-06-26,147.9618706987327,151.301979243692,147.9618706987327,151.0484161376953,3763100
2023-06-27,151.6079883828883,153.4441825236491,150.80356441264362,152.72718811035156,2711600
2023-06-28,152.24631870996114,153.9601012461498,151.84411329049425,153.59286499023438,2746400
2023-06-29,153.38297695441332,154.0562499495705,152.83211601820165,153.933837890625,2301600
2023-06-30,154.40601454171997,157.08160227221518,153.50540856294322,156.7318572998047,4892900
2023-07-03,155.8661877027596,161.0250116833616,155.79623605460526,160.6840057373047,3330000
2023-07-05,156.8367736334325,158.87407072709559,156.32963409861415,157.3614044189453,4820200
2023-07-06,156.21594803755303,156.8629774433066,155.28035974059944,156.758056640625,3011100
2023-07-07,155.73505038066847,158.89154706811317,155.67383767993937,157.17776489257812,3145300
2023-07-10,157.10780929179228,159.51234231251664,157.10780929179228,158.550537109375,2372700
2023-07-11,159.07518054775457,162.19670851191475,158.5767932868888,161.96937561035156,2896600
2023-07-12,163.56945636361297,164.09407373920848,162.17045001153147,163.06231689453125,2586000
2023-07-13,163.19347961034677,164.2252498709559,162.0480495815904,162.07427978515625,2857200
2023-07-14,161.56713507957934,162.345328891453,160.79768022130824,161.98683166503906,2213500
2023-07-17,161.30485270230898,161.32234395500552,159.50364059014674,159.783447265625,2556000
2023-07-18,159.85335707103408,161.67204661768574,159.85335707103408,161.38351440429688,2387500
2023-07-19,161.40977046937573,163.04484886950772,161.40977046937573,162.65138244628906,3018900
2023-07-20,163.18474095613155,164.56625616143185,162.28413505361212,163.45579528808594,2703600
2023-07-21,163.42956286339412,165.67670144124602,163.28092059763003,163.77056884765625,5071500
2023-07-24,162.51145332046747,165.56302903836252,162.38904126730364,164.67990112304688,2460200
2023-07-25,164.2165125097321,168.73703367485817,159.25880345619635,161.48846435546875,10006600
2023-07-26,160.22936265116144,161.8731933968865,158.89156876704797,161.2261505126953,4189100
2023-07-27,161.86444315047154,163.7093766144418,160.92886798617573,163.0885772705078,3251400
2023-07-28,164.7236411064049,165.82534970883876,164.11158077171942,164.2864532470703,2299000
2023-07-31,164.21648675548016,164.66242687054668,162.80874144190264,163.62191772460938,2323100
2023-08-01,163.38583722860474,163.508249287978,160.68401962692153,162.19668579101562,2823500
2023-08-02,160.84142043606093,162.07429347545286,159.87086279639934,160.31680297851562,2008500
2023-08-03,159.4336606122646,161.37477571750188,158.489333263075,158.69918823242188,3692800
2023-08-04,159.2500428591205,159.66100048572886,157.79857606479789,158.20953369140625,4437100
2023-08-07,159.13636608093802,160.22059667490797,158.0346575803896,159.26751708984375,4411700
2023-08-08,160.06322387833814,161.1736848250247,153.90762442193807,157.86854553222656,6433400
2023-08-09,156.6181827921,158.58552826378602,156.1285344982979,156.83677673339844,3249400
2023-08-10,157.45759426192308,159.35498812998546,157.32642988794234,157.71990966796875,3964800
2023-08-11,157.28757446265908,157.95811740157367,155.19651497674045,155.83177185058594,3558500
2023-08-14,155.39060504106305,155.6729473821177,154.0142197854811,154.85240173339844,2980700
2023-08-15,153.91715665557527,154.01421014638566,152.42606823440775,152.86721801757812,2269300
2023-08-16,151.84378802755663,153.1495878507069,150.50268867623112,150.64385986328125,2500300
2023-08-17,151.1908813845688,151.35852048633765,150.03507089909976,150.64385986328125,2986500
2023-08-18,149.82329600048487,151.89670548821823,149.82329600048487,151.08499145507812,2868300
2023-08-21,150.79383973192225,151.51731846017918,147.40581223242123,148.65867614746094,3512000
2023-08-22,149.10862527602032,150.30855321320416,146.81464104049087,147.2205047607422,2701000
2023-08-23,147.97050322299702,149.39100641878727,147.64404314703748,149.00279235839844,2375200
2023-08-24,148.2528074693944,148.9498317243509,147.31757200481147,147.3440399169922,2207400
2023-08-25,147.72345882818541,149.41748640358355,147.21173675760699,148.9939727783203,2506900
2023-08-28,149.72627716505542,150.57329091818255,148.19108409032614,148.96749877929688,1967800
2023-08-29,149.40864268576746,151.69379590280906,149.10866398929335,151.5349884033203,3261200
2023-08-30,151.79964278348396,152.41724978614542,150.86440739905044,151.76434326171875,2713300
2023-08-31,151.7820311145162,152.36435220437738,149.37335646823294,149.46157836914062,3549800
2023-09-01,150.44976336736968,150.59092110146526,147.64404304555916,148.2263641357422,3286600
2023-09-05,147.78518613265774,148.24398570397366,144.35304115441824,144.67066955566406,4897500
2023-09-06,144.5912870128292,144.9177336114906,142.44729162448297,143.20606994628906,3883500
2023-09-07,142.9237274521114,143.50603499874387,141.62674586869568,143.14430236816406,3013200
2023-09-08,143.30308791226412,143.30308791226412,141.69730976984224,142.08551025390625,3561500
2023-09-11,142.5796400182662,143.17959736520987,141.4679337557848,141.9532012939453,3638000
2023-09-12,138.84750688381794,139.4033600325583,136.84469615126824,138.1416778564453,6232500
2023-09-13,138.13283401446063,139.4474653677911,137.51522693877084,139.26217651367188,4071900
2023-09-14,140.95619519171746,141.94438001020245,140.3121201804623,141.81202697753906,2796400
2023-09-15,141.8120087875111,142.46491532822475,140.85912361842492,141.6002655029297,4382300
2023-09-18,141.08853116147966,141.30027444761336,139.47392129059324,139.7915496826172,2729200
2023-09-19,139.6680448617138,140.00330959217462,138.08872086338604,139.41217041015625,2348900
2023-09-20,139.93273751081463,140.65621626262396,138.82986288813427,139.08572387695312,2300300
2023-09-21,138.5210507094851,139.20924338757632,136.9593764955898,137.13583374023438,3801200
2023-09-22,137.1270093327267,137.49757356841846,135.4418137781951,135.68003845214844,3206200
2023-09-25,134.9300965769442,137.10055992212816,134.83305652712326,136.14767456054688,2900500
2023-09-26,134.99185156522637,135.88296939887664,133.9330946376719,134.0213165283203,3461800
2023-09-27,134.53305219505265,134.8153945563998,132.82138865215356,134.47129821777344,3419500
2023-09-28,134.66540552496048,137.2505371455235,134.48893481731366,137.19760131835938,5571600
2023-09-29,138.0799162827251,138.8122267194442,136.8094024389149,137.52406311035156,5034600
2023-10-02,136.88881087112722,137.12703559069737,135.5565429974938,136.82705688476562,3243600
2023-10-03,136.10351709626704,137.95635144600143,135.00947432384893,135.65354919433594,3687600
2023-10-04,136.22706302351907,137.09172638929465,134.50658136765867,135.62710571289062,2600400
2023-10-05,135.02712582203944,135.85648960599804,134.63892530404635,135.32711791992188,2922100
2023-10-06,134.88596979319254,136.8887802311156,134.37423439964903,136.11236572265625,2383500
2023-10-09,135.38885675988686,136.5799664803745,134.58596097682695,136.17410278320312,1765800
2023-10-10,136.32410013738192,138.03576343743677,136.12117500821935,137.24169921875,2083400
2023-10-11,137.4446181641202,137.8504818670079,135.4065084267412,137.0211181640625,2209800
2023-10-12,137.19759222836842,137.24170990235712,135.4859287950688,137.0917205810547,2340300
2023-10-13,137.74464276844708,138.8475175368668,136.38590697739772,136.82705688476562,2759600
2023-10-16,138.29166696470674,139.83569151942575,137.74463196774195,138.21224975585938,3349700
2023-10-17,136.92410268926503,139.10338418591851,136.77411334474883,138.67987060546875,2937000
2023-10-18,137.19758890907698,137.45344987150298,135.55651110129793,135.71533203125,2974700
2023-10-19,136.2888363625799,136.87997554875852,133.91544800461685,134.16249084472656,3035100
2023-10-20,134.4095139511757,135.29181352569492,134.0565995064973,134.07424926757812,5022500
2023-10-23,133.44781437110947,133.7389748543671,130.48328717945984,130.7215118408203,4552700
2023-10-24,131.23325968554943,132.53024129648176,130.88033173468278,131.7449951171875,2802300
2023-10-25,131.2332498604308,131.37440756738454,128.8245622131321,129.6362762451172,3565800
2023-10-26,125.72770183835223,129.07161163377864,121.695585920749,121.94264221191406,10581400
2023-10-27,122.13674300104755,123.33667115113289,117.94581935768834,118.9604721069336,6594600
2023-10-30,119.91335322743862,122.84258117627984,118.50166834856891,122.44554901123047,5665500
2023-10-31,122.30437215565975,124.68659196106667,121.9514576837305,124.62482452392578,3996900
2023-11-01,124.73954766320207,125.41009065185038,121.80148776945896,123.34551239013672,3566800
2023-11-02,125.19832327298958,126.50413653503283,125.03951578758777,125.27774047851562,3904600
2023-11-03,126.37178043849168,127.76581555992168,126.00121618537608,126.04533386230469,3272000
2023-11-06,126.36294692307351,126.60117157926106,124.66010173302637,125.52476501464844,2931300
2023-11-07,124.82775292066445,125.37478786806221,124.05133836964984,125.15421295166016,2952600
2023-11-08,125.40126021611482,126.53942090136042,124.8101210347892,125.24243927001953,2896600
2023-11-09,126.11591747916447,126.11591747916447,123.40725101947056,123.47783660888672,3411100
2023-11-10,123.81706384637609,123.91525396919207,121.86219643244344,123.28147888183594,5683900
2023-11-13,122.88869815314187,123.67421900630936,122.29955751326625,123.33501434326172,3211500
2023-11-14,125.00424330641961,128.33377217834615,124.88821034892342,127.79818725585938,4258800
2023-11-15,128.53905527389355,132.0203159060328,128.49442093338132,131.3686981201172,4766700
2023-11-16,131.45796010511245,132.28810159030394,130.0029651255545,131.13661193847656,3729300
2023-11-17,131.82394340162188,132.1542266443075,130.50285129234697,132.09173583984375,3320200
2023-11-20,131.97570331561758,134.14479346914447,131.1009137732544,133.5110321044922,4733300
2023-11-21,133.448560603228,133.9930669806093,132.55592809083183,133.6895751953125,3080700
2023-11-22,134.75177456713612,135.00171051512797,133.84128583060146,134.56431579589844,2640200
2023-11-24,134.93922956164056,135.71581534094625,134.56432561230372,135.70689392089844,1644400
2023-11-27,134.82319921572034,135.1802603679105,133.5110420454535,133.5288848876953,3320000
2023-11-28,133.6270745498122,134.85891168484198,132.98437809853493,134.555419921875,3073900
2023-11-29,135.25167815355107,136.9833873564518,135.18918734166724,135.93899536132812,2981600
2023-11-30,136.43886982834897,136.63525004892458,134.57325773288068,135.33200073242188,4664400
2023-12-01,135.67120960892643,138.3312504693292,134.80535505153026,138.27769470214844,3945300
2023-12-04,137.2154413559124,139.45594357632234,136.83160237555813,139.17922973632812,2717800
2023-12-05,138.3580232860835,138.8311173728419,137.072630438857,137.60821533203125,2485300
2023-12-06,138.37589661015227,139.30422843489038,137.87602457987086,138.6168975830078,2995800
2023-12-07,139.13461291688844,140.68779825305674,138.80434327536878,139.6969757080078,3241200
2023-12-08,139.3131462361952,140.75027133515425,139.2149561266494,139.51844787597656,2845900
2023-12-11,138.93824418708343,139.58094068139604,138.21521403610453,139.05429077148438,3742100
2023-12-12,139.20600657456177,140.2414633272009,138.28659638124077,138.6882781982422,3039900
2023-12-13,138.21520756921822,140.49142307836698,137.48325603079815,140.366455078125,4058100
2023-12-14,141.89285073182978,145.91861790804631,141.73216981894768,144.92779541015625,6401900
2023-12-15,144.04407159882183,146.22209661590125,142.87472545124757,145.4455108642578,8738200
2023-12-18,145.8382882232073,146.23104866482157,144.06194481517525,144.22262573242188,3883800
2023-12-19,144.61538381433363,144.78498616555441,142.96402189140088,144.2672576904297,3926500
2023-12-20,140.02722720279326,143.303186171574,139.6969576040747,140.10757446289062,5624500
2023-12-21,140.6788627051204,140.96449797222658,138.572249830819,140.28610229492188,3778600
2023-12-22,141.03589040747184,142.45517236480745,140.8752231461071,141.25904846191406,2332500
2023-12-26,140.18792241804542,141.51793598901853,140.18792241804542,141.0626983642578,2384000
2023-12-27,141.05380179102391,141.4287058340137,139.4916948016539,140.00048828125,3116400
2023-12-28,139.16138323839803,140.82168001770808,139.16138323839803,140.4199981689453,2254900
2023-12-29,140.21469762566622,141.20552012458714,139.3666995782359,140.3485870361328,2186500
2024-01-02,140.08973654297031,143.28536229506653,139.5184523293296,141.33941650390625,4363800
2024-01-03,140.38431946224918,142.18742733598123,139.4113396692256,140.6253204345703,3257200
2024-01-04,140.1879246625502,141.32157165273966,139.61664045703162,140.13436889648438,3173400
2024-01-05,139.6255620860785,142.33917228170543,139.47381620850243,141.67861938476562,2537300
2024-01-08,141.54472555599023,142.81226192371213,140.57174589288525,142.74977111816406,2469500
2024-01-09,141.94638858173693,143.05324388872444,141.30369225229813,142.76760864257812,2639500
2024-01-10,142.94615736367575,144.14228155571345,142.24990515514693,143.9102020263672,2399200
2024-01-11,144.1065853909886,144.13336327493928,141.82144849059674,142.15171813964844,3341800
2024-01-12,143.0264899543616,143.7138207368402,141.29478086682565,141.31263732910156,3474500
2024-01-16,141.18766055660438,141.18766055660438,138.48298556077268,138.652587890625,5331400
2024-01-17,137.08155841574384,138.19734886861477,135.69797553008613,137.9652557373047,3930000
2024-01-18,138.5900927341584,140.07186569313305,137.30471360086125,139.72373962402344,3095800
2024-01-19,140.10759579000256,140.86632520261816,138.37588665222412,140.04510498046875,3097600
2024-01-22,140.839537586964,142.1784861736981,140.41999927348152,141.57150268554688,2631600
2024-01-23,141.9553454734438,143.23181703189118,141.59829792141866,142.874755859375,3443000
2024-01-24,143.52636172528096,143.5531532289008,139.72375249544044,139.7683868408203,3187600
2024-01-25,141.52687526004635,143.11575990433326,141.17874915529785,142.5623321533203,4070000
2024-01-26,142.88366555610918,144.02623386450463,141.25906815544425,142.1963348388672,2818200
2024-01-29,141.40189805473187,141.70538979387695,139.69696694640467,141.05377197265625,5459700
2024-01-30,131.03844536405163,133.44855023619252,129.0478788297841,129.48526000976562,16983600
2024-01-31,129.26212250288356,129.9583748298044,126.66455841064453,126.66455841064453,10906800
2024-02-01,126.75380655400384,127.37864653827063,124.61149414494913,127.11978912353516,6774900
2024-02-02,126.64670433818343,127.10194201296851,124.56686896427898,126.61992645263672,4343000
2024-02-05,126.09324032657945,126.09324032657945,123.98662744463194,124.14730834960938,4536700
2024-02-06,126.49493976022855,130.70815203624645,126.17359156064786,130.25291442871094,7566800
2024-02-07,130.3957412779084,131.92213503864832,129.5120303076715,131.4311981201172,3985200
2024-02-08,131.03843360230857,132.18100193722063,130.1904355816223,132.03817749023438,3316400
2024-02-09,131.8418045963862,131.95785116856283,130.24399857109654,130.55641174316406,2825900
2024-02-12,130.77063907783722,132.06495325928805,130.63674967373458,131.61863708496094,3253700
2024-02-13,130.33324494187738,130.94916344464866,127.91421889302319,129.34242248535156,3706000
2024-02-14,129.61023439760882,130.22615299296157,128.06598400872537,128.73545837402344,3831400
2024-02-15,129.6727030155312,131.65434788728624,128.6908019996207,131.1990966796875,3855400
2024-02-16,131.4789446267381,134.48474659944577,130.82904075300482,133.96121215820312,5442400
2024-02-20,133.48278932123063,135.18878324884523,132.7155376178834,134.16879272460938,4254900
2024-02-21,134.31322308972253,134.88187856808457,132.71554181390886,133.83482360839844,3017100
2024-02-22,133.4105857488364,135.28808410411375,132.85997318419626,135.15267944335938,3027500
2024-02-23,135.3512558567184,135.76647751521526,134.08756171908993,134.15977478027344,2414200
2024-02-26,133.6633201363023,133.82578919591634,132.29129950443945,133.13978576660156,3052900
2024-02-27,133.13978494236352,134.3312797984234,133.02243699565767,133.83482360839844,2382200
2024-02-28,133.07660542147156,133.92509175535704,132.74263203298938,133.38351440429688,2258700
2024-02-29,134.34934009818758,134.99022249418545,133.3654628319412,133.8258056640625,3338600
2024-03-01,133.60011353274163,134.13268308363368,132.54402344419714,133.64524841308594,2936200
2024-03-04,134.5659641119727,137.4183181109417,134.17782062136,135.94700622558594,4562200
2024-03-05,135.46861633299486,136.80452365537187,134.49376057669778,135.08950805664062,3614400
2024-03-06,136.2990516545258,138.14947199786008,135.7303823295916,137.69815063476562,3471200
2024-03-07,138.31192817310543,139.79226155501274,137.62592472356965,138.4744110107422,3514800
2024-03-08,138.94377902031383,140.0901390630856,137.98697999769882,138.9708709716797,3448900
2024-03-11,138.9076715021474,140.11720930093895,138.5917410775342,139.68394470214844,3266000
2024-03-12,139.72005213317834,142.31064594897464,139.33192239816384,142.0579071044922,3879500
2024-03-13,142.3918689562213,143.43893766901886,139.503415415084,139.69296264648438,4244800
2024-03-14,139.45828160393285,139.6568640776547,137.78838728578995,138.9076690673828,4101600
2024-03-15,138.49244981021468,139.64784502880528,138.04112850270843,138.43829345703125,8821700
2024-03-18,139.07917502860062,139.31385714888225,136.74133397382252,136.92185974121094,5181600
2024-03-19,136.21780546820074,138.69103751162805,135.58595836853806,138.28485107421875,4210000
2024-03-20,137.65299534595084,139.74713277154598,137.21069551729508,139.69296264648438,2862300
2024-03-21,140.05402968838644,140.8844592309593,139.27775649831548,140.19845581054688,4036400
2024-03-22,143.1952433782902,143.47506042329962,140.83934528162666,141.0559844970703,3939400
2024-03-25,140.31579782935248,141.98569224878048,139.92766809923023,141.32676696777344,3807700
2024-03-26,142.0308147398262,142.60850543711769,129.10496644973438,129.7909698486328,18208800
2024-03-27,130.3325568326498,133.22101022889646,130.00760496474504,132.986328125,7078800
2024-03-28,132.93218028662017,134.538883021562,132.36351103807078,134.15977478027344,5197000
2024-04-01,134.6201132232861,135.36930821409598,132.0746683212442,133.2480926513672,5421900
2024-04-02,133.28422161051753,136.29904486012555,133.0766038771145,134.629150390625,4935000
2024-04-03,136.1094980867657,137.52665385575938,134.67429937898785,137.44541931152344,4314200
2024-04-04,138.37511621900214,139.26872359675977,134.97214968956388,135.39639282226562,3689100
2024-04-05,135.11658133766622,136.93992335871562,133.75358211266717,136.62399291992188,3374000
2024-04-08,137.09337846611132,137.4092951489742,135.4054272416752,135.49569702148438,3196400
2024-04-09,134.9721327530929,136.45246591126627,134.71939395339732,135.910888671875,2664300
2024-04-10,133.79873660325333,134.04245401250938,131.8761168306925,132.9231719970703,4024400
2024-04-11,133.08563529295722,134.69233811743362,132.77874009575024,134.50277709960938,2232500
2024-04-12,133.6362380973749,133.8618987446946,130.29646327168987,130.80194091796875,4123900
2024-04-15,131.66847302040875,132.27324191589426,129.46602284984468,130.74778747558594,3271000
2024-04-16,130.46797746980957,130.62143885828013,128.8161533521222,128.97862243652344,4197100
2024-04-17,128.62658535868505,129.45701499382665,127.58855175806671,128.4009246826172,4165700
2024-04-18,129.1501111357178,129.35771508729925,128.06694271773722,128.8432159423828,3430600
2024-04-19,129.21327984886415,130.0888442535339,128.67170256467318,128.8702850341797,5118500
2024-04-22,129.26745378737579,131.8490121938994,128.68072782898264,131.2081298828125,4578500
2024-04-23,131.78582387008905,135.16171226183755,131.10884189815366,134.37640380859375,6371100
2024-04-24,133.5279340298453,133.55502598344455,129.78197216497497,132.34547424316406,5284700
2024-04-25,133.5459898125555,133.97925446860293,131.1359353642661,133.04051208496094,3553300
2024-04-26,132.54402640021368,134.2409987717373,132.54402640021368,133.22100830078125,2607600
2024-04-29,133.82578087644717,136.1907137474874,133.4286297198912,134.08755493164062,2654700
2024-04-30,133.17587570961115,133.78967980542845,132.38155963175006,133.12171936035156,2402900
2024-05-01,132.95022375437662,133.71747548094473,131.21715159873204,131.71360778808594,2842200
2024-05-02,133.1217365782487,133.41961031093552,132.3093636878184,132.88705444335938,2038800
2024-05-03,133.54597081304038,133.77163146455726,132.16492872761575,132.1739501953125,2039300
2024-05-06,133.2029657707164,133.41959116468635,131.93925795521932,132.3905792236328,2073600
2024-05-07,133.02245321516475,133.36546185613852,132.11981049532625,132.76971435546875,3403500
2024-05-08,131.8941456991039,133.5279267673056,131.71361991541715,133.38351440429688,2799600
2024-05-09,133.66330511987002,133.9431220954803,132.8870320069358,133.64524841308594,2510600
2024-05-10,134.1746199631449,135.0690666440756,133.71827473160724,134.50318908691406,2504500
2024-05-13,134.94127341990674,137.61544945277143,134.94127341990674,137.451171875,4185600
2024-05-14,138.190474712495,140.0249776406438,134.9686782971526,135.0234375,3597300
2024-05-15,135.49804046893107,135.9908872211099,134.88652556632937,135.0234375,2695900
2024-05-16,135.53453741074486,136.93095274267083,134.5123285211132,136.59326171875,2298700
2024-05-17,136.5202571301345,136.63891136073,135.24248197621822,136.20994567871094,1956700
2024-05-20,135.37023821017397,136.51110113767388,134.43015434548857,134.70396423339844,1812700
2024-05-21,134.56707292999806,134.82262512431473,132.44962454674575,132.7234344482422,2750200
2024-05-22,131.81077260646754,132.24886018780592,130.31396060422102,131.217529296875,3590500
2024-05-23,130.5238628572908,130.67901857046962,126.89135858159082,126.95525360107422,4437200
2024-05-24,128.0413488909354,128.22389813898266,125.8873986735701,126.55367279052734,2995400
2024-05-28,125.95128333867358,127.06476681274827,124.34495314443443,125.56795501708984,3314700
2024-05-29,124.41797825692132,124.9655842124873,122.5743395087793,122.67473602294922,3996900
2024-05-30,122.56519878226693,125.02947422656027,121.91719633848138,124.91082000732422,4077000
2024-05-31,125.54058353037166,126.92787701710172,124.23542884788527,126.80008697509766,5887400
2024-06-03,127.4481242312169,127.58502226069713,125.3580687306771,126.33464050292969,2728300
2024-06-04,125.86914884065291,126.23421946609716,123.66956141698941,123.78821563720703,3874800
2024-06-05,124.26280513433377,125.6683562933616,123.39575195071494,125.558837890625,3109000
2024-06-06,125.04771533596056,125.6957316924451,123.98900498294192,125.54969787597656,2852500
2024-06-07,124.9473304215079,127.40247022330509,124.47274136377617,125.62272644042969,3209300
2024-06-10,124.82867250795398,126.00603702079955,124.500103400047,125.65921020507812,3633000
2024-06-11,124.81954949869885,125.93303303827602,124.53661766802058,125.35804748535156,2659800
2024-06-12,126.38936686086355,126.47151958375116,124.31756961165227,124.51834869384766,3484600
2024-06-13,124.41798587989717,124.41798587989717,122.12712362344796,123.11283111572266,4944200
2024-06-14,122.3918135071717,123.85211009306292,121.29657365956183,123.80647277832031,3800200
2024-06-17,123.67868069819518,124.39057815137362,122.92114593616144,123.98900604248047,4117600
2024-06-18,124.39971062269971,125.25764187051608,122.22750290389241,122.4830551147461,4104100
2024-06-20,122.318792654553,125.48583000938949,121.96284389349469,124.91995239257812,4165700
2024-06-21,124.69176673138128,126.48976805953055,124.3905772070843,124.67352294921875,9144100
2024-06-24,125.76876139590208,127.44810867648653,125.16638228659917,126.49891662597656,3695900
2024-06-25,125.98779136333889,125.98779136333889,122.34616515615552,122.62909698486328,4818700
2024-06-26,124.56398915629767,126.81833568987997,123.30448580090612,126.08818054199219,6104300
2024-06-27,125.94216366991337,125.94216366991337,123.38662755437774,123.97074890136719,3732500
2024-06-28,124.29016520269197,125.22111325930886,123.85207773403971,124.90167999267578,6609600
2024-07-01,124.71004286005817,126.04257726195853,123.72433534219078,124.08028411865234,2668200
2024-07-02,123.76995353316488,124.08940076399946,122.355280538335,123.13107299804688,3280400
2024-07-03,123.88860047779734,124.57311828093701,123.38661797018484,123.7151870727539,1539900
2024-07-05,123.09457382293392,124.54576242642388,122.70212355906104,124.44536590576172,3237500
2024-07-08,124.44535042679969,125.33066129164249,123.58741916177254,123.69693756103516,2773700
2024-07-09,123.45051650226574,124.00725828455815,122.23663642197073,122.55608367919922,3116800
2024-07-10,122.61085033545115,123.90686930013278,122.12712543759649,123.80647277832031,2834800
2024-07-11,124.02549071709433,126.90959555645887,123.91597233193221,126.17031860351562,3449600
2024-07-12,126.86397489562174,130.86156359703057,126.58104307913871,129.92149353027344,4801300
2024-07-15,130.5238644334433,132.5682961833231,130.28656991510755,131.5643310546875,4164000
2024-07-16,131.45480869475108,134.68574079219258,131.45480869475108,134.46669006347656,3805100
2024-07-17,134.15638036691894,134.8865216189199,133.61788239272343,134.5123291015625,2863600
2024-07-18,133.27107749273736,135.21509888662996,131.8381466500584,132.12107849121094,3412900
2024-07-19,133.13413784669643,133.1432736632532,130.7337716791455,132.50437927246094,3073800
2024-07-22,133.02461946041186,133.40794773895746,131.1444795542622,132.50437927246094,3629800
2024-07-23,118.77753580938982,120.71243512649785,114.06805666057673,116.53231811523438,25353900
2024-07-24,115.46447377574539,117.9652437239281,113.90377390133524,117.30810546875,11642500
2024-07-25,117.98350512147043,118.239057347968,115.49185698656723,115.98471069335938,7761900
2024-07-26,117.59103107038358,118.52197920375917,117.2442181787736,117.5819091796875,7271300
2024-07-29,117.86485125732906,117.95612587844882,116.50494435461144,117.3811264038086,5414300
2024-07-30,117.46325293747496,119.43466756470501,117.2442161521497,117.76444244384766,4747700
2024-07-31,117.96524079732413,119.69934708368564,116.32239520013628,118.9874496459961,7025800
2024-08-01,119.59895274101225,120.92236506021125,118.2938120571501,119.17912292480469,4790600
2024-08-02,118.54024614971459,119.23388591354158,116.09422837712675,116.87914276123047,5099000
2024-08-05,115.7565340773763,116.77874294812841,114.81646400662005,115.01725006103516,5243000
2024-08-06,115.05376168114908,116.63271930284591,113.55694982498402,113.62996673583984,5608300
2024-08-07,114.31447899407807,116.01208379009408,112.48909809197701,112.55298614501953,4741900
2024-08-08,112.44345841972313,115.30930581869848,112.37044847726371,115.19065856933594,3823200
2024-08-09,115.30930512535228,115.30930512535228,113.79424263847945,114.83470916748047,3825000
2024-08-12,115.00812198894559,115.10851849239532,113.69384555344021,113.95852661132812,2549500
2024-08-13,114.36924532006451,115.87518605079899,113.94940852201127,115.44622039794922,3057600
2024-08-14,115.3275726461511,115.7291586961721,114.75258013539224,115.38233184814453,3155700
2024-08-15,116.71485470336341,118.10214115281127,116.71485470336341,117.32636260986328,4448300
2024-08-16,117.28984805071012,118.70452107374211,117.16207194113925,118.33031463623047,3255900
2024-08-19,118.09000061728456,120.04954289551314,117.97908073484093,119.18992614746094,3157800
2024-08-20,119.07901050225986,119.42100112415811,117.93285956657192,119.12522888183594,2342300
2024-08-21,119.83694370661006,119.95710867812271,117.93286485519063,118.21940612792969,4895900
2024-08-22,118.47819759157746,118.47819759157746,116.59260903290685,117.2396240234375,5083000
2024-08-23,117.8774118189701,119.47646632200588,117.33207156993916,118.28411102294922,6310300
2024-08-26,119.11598250593002,119.77224967837144,118.67231706904944,119.4764633178711,4501400
2024-08-27,119.84619584526173,119.91089029647401,117.6186024261713,118.21940612792969,3214000
2024-08-28,117.95134987104898,119.01430208314069,117.06401198728646,117.56314086914062,3361100
2024-08-29,118.33031826294582,118.57987212053904,117.16568423063612,117.36903381347656,3477600
2024-08-30,117.85892120955353,118.95884672472076,117.28584573598364,118.82020568847656,4116100
2024-09-03,117.93286266264998,118.60761999366257,117.44297885479514,117.84967803955078,5821200
2024-09-04,118.0253096315075,119.72603900223511,117.50769051925244,119.1622085571289,5710400
2024-09-05,119.50418072871427,119.51343286656267,117.10098023419826,117.75724029541016,5311100
2024-09-06,118.00680036434969,118.44122772408944,117.11946252510721,117.88664245605469,3590200
2024-09-09,118.1269711192437,119.90164688478458,117.9513497391762,119.12522888183594,3770800
2024-09-10,119.63359346867932,120.29909867001484,118.80171901894484,120.00332641601562,2590100
2024-09-11,119.48571037520665,119.48571037520665,116.77747127954424,118.77398681640625,3404400
2024-09-12,119.12522442599365,119.28235562757943,117.83118741754767,118.70003509521484,3443500
2024-09-13,118.93112509129782,119.04203792642379,116.14895334721659,117.60935974121094,5214500
2024-09-16,118.48744894318568,119.70753233096391,118.2840993612445,119.1529541015625,4589600
2024-09-17,120.16046430634464,121.54693120218708,119.62436208082109,120.76126098632812,3141700
2024-09-18,121.0847755702396,122.1292518116795,120.58565369343938,120.76126098632812,2939600
2024-09-19,122.70230270223641,123.46024459989621,121.81495781032596,122.12923431396484,4092300
2024-09-20,118.773980176627,119.42099514669873,116.96233120849189,118.86641693115234,14211500
2024-09-23,119.58739298120233,119.60586905125233,118.17319085757693,118.99583435058594,2991700
2024-09-24,119.60585468987883,119.984825638454,118.88489313612871,119.71678161621094,3829500
2024-09-25,119.73525827863227,121.83344850515442,119.45797622109649,121.55615234375,5048200
2024-09-26,122.53593194651512,124.07027768675331,122.53593194651512,123.2384033203125,3997100
2024-09-27,123.8299707931401,125.336602540488,123.8299707931401,124.09801483154297,4104400
2024-09-30,124.56016319457682,126.56591666054368,124.56016319457682,126.02057647705078,4115600
2024-10-01,125.98362238472322,126.13151556517829,122.01831934400768,123.1829605102539,3658500
2024-10-02,123.38629882452403,124.21817320674177,122.50819196078803,122.94261932373047,2258400
2024-10-03,122.55441564065201,122.55441564065201,120.46547745688038,120.82595825195312,3635000
2024-10-04,121.87044168542361,122.41578192784318,120.54866928851587,121.31584930419922,3270500
2024-10-07,121.12173725055021,121.80573263744914,120.29910082084005,121.2696304321289,1955600
2024-10-08,121.55615802187947,121.80572598918813,120.62260880887423,121.04779815673828,2618200
2024-10-09,121.9443755853375,123.34933262454395,121.78724436640663,122.93339538574219,2703900
2024-10-10,122.66534870430316,123.93165056754793,122.51745552358071,122.7854995727539,2462600
2024-10-11,123.18294179071944,124.68955926305823,123.02581059931565,124.41227722167969,2429800
2024-10-14,123.85770309711334,124.63412113458438,123.17370771903462,124.38456726074219,2319600
2024-10-15,124.72655815869699,126.07604464038039,123.55267896138724,123.67284393310547,2957500
2024-10-16,124.32910546458332,125.94665020808536,124.32910546458332,125.55844116210938,4056700
2024-10-17,125.5676794002851,125.91890805793015,124.76351908333743,125.16098022460938,3800700
2024-10-18,125.83572838235222,126.12226260269365,124.95763554792433,125.64161682128906,3237500
2024-10-21,123.41403721075686,123.71906160376312,121.1864438006586,121.3897933959961,4414000
2024-10-22,120.91839975436997,122.10151697967738,119.94787015914456,121.3897933959961,3280100
2024-10-23,121.30659865762404,122.10150679933896,120.65956957884057,121.46372985839844,3454500
2024-10-24,134.02511975970634,134.03435779402102,126.23318336008546,127.87845611572266,11959800
2024-10-25,127.86921039379291,129.70859479328854,126.7970059969853,127.02808380126953,4916700
2024-10-28,126.93566744988738,127.36084273273211,124.93915173672693,125.09628295898438,4069000
2024-10-29,124.55092522954645,125.77102269552955,123.82996367378138,124.14422607421875,3061700
2024-10-30,123.85770335614663,125.07780093518414,123.48798451006431,123.67284393310547,2754600
2024-10-31,123.53419123917568,124.70807045977837,122.96112278521588,123.91316223144531,3303600
2024-11-01,124.39380685759569,125.12400652260511,123.33084048221153,123.90392303466797,2266700
2024-11-04,124.19045924105947,124.56943023582409,122.10152090813867,122.93339538574219,2422200
2024-11-05,122.65608657516559,123.7282908922666,122.07378014228892,123.70980072021484,2537900
2024-11-06,125.10553248337867,125.51221758337849,122.19394360323774,123.78376007080078,5624600
2024-11-07,124.92064906119654,125.15172685383943,123.89466309770737,123.996337890625,3075500
2024-11-08,123.95938487018411,123.96862290548218,122.23092731010772,122.41578674316406,3111700
2024-11-11,122.61913498928838,123.60814070228811,121.30661469412892,121.64860534667969,4684100
2024-11-12,121.94437449175363,122.28637923941405,120.16969861260968,120.28986358642578,3243500
2024-11-13,120.76125822867822,124.14424076221044,119.97560213463075,123.56192016601562,5345600
2024-11-14,123.53418090819329,123.79298690471674,122.04603937624891,122.60063171386719,2971300
2024-11-15,122.26787658787316,123.95936766815579,122.09225521448614,123.92240142822266,3337600
2024-11-18,123.79140356891466,126.60781654050146,123.53876405956811,126.43939971923828,4037800
2024-11-19,126.07448048210273,126.07448048210273,124.13760140124009,124.63351440429688,3835900
2024-11-20,124.80194635804482,124.83936755888384,122.40658973570065,123.59490203857422,3848600
2024-11-21,123.29548700104176,124.02532176036054,122.58435570302248,122.92120361328125,3014700
2024-11-22,123.21126665918756,126.40196299796582,123.21126665918756,126.14933776855469,3677500
2024-11-25,127.2347123007627,129.7517125763507,127.2347123007627,128.6943817138672,5029000
2024-11-26,128.39498213145993,128.74118178192933,125.67212930479312,126.28033447265625,3424800
2024-11-27,126.46746303150616,128.28269816314264,126.46746303150616,126.95401000976562,2453400
2024-11-29,126.13062465451199,127.78679482863976,125.98091129107003,126.991455078125,1533500
2024-12-02,127.38443940847641,127.38443940847641,124.57737814845935,125.40078735351562,2832300
2024-12-03,125.3446432832579,125.57856504535326,121.18082449599939,121.36797332763672,5604700
2024-12-04,121.29312724717508,121.29312724717508,119.58081808574798,120.49778747558594,4793200
2024-12-05,121.08726515375558,121.3398903787146,119.2533122447915,119.38430786132812,4632500
2024-12-06,119.86152810104606,120.2825844576986,117.34452741517607,117.53166198730469,5745000
2024-12-09,118.0649993381816,120.50713611757666,117.47551903125535,120.26386260986328,6139500
2024-12-10,120.98434626823308,122.50015481877274,119.82408911108963,121.84517669677734,6415900
2024-12-11,121.94810568105231,122.09781904882747,120.58199618564603,120.81591796875,7485500
2024-12-12,120.94691251719138,121.11534362379895,119.39367560337556,120.68492126464844,4980100
2024-12-13,120.73170445417473,120.74105618522097,119.37496102496593,120.47906494140625,4284800
2024-12-16,120.31064698497484,121.92002991179761,119.98315079456427,120.28257751464844,4515900
2024-12-17,119.7679432040353,120.57263464353548,118.62640385317573,119.13167572021484,3549500
2024-12-18,118.7386991008169,118.953903144618,115.79128319182517,115.85678100585938,4849400
2024-12-19,116.09070560854225,116.64276474485601,114.46261194964634,114.76203155517578,6391800
2024-12-20,116.06262646711856,118.66383541196781,114.16318283352255,117.59715270996094,12899000
2024-12-23,117.26966419919425,117.83107502303719,116.25912043304139,117.66265106201172,3419000
2024-12-24,117.15738769337572,118.18664213501008,116.49305067069604,118.13986206054688,1579200
2024-12-26,117.50358653729589,118.88839943353769,117.37259091572507,118.2334213256836,3011100
2024-12-27,117.75621582396678,118.70126175943479,117.28837229098421,117.99949645996094,2904000
2024-12-30,117.10124221799998,117.73750973277295,116.22169405791577,117.26030731201172,2953900
2024-12-31,117.31643937686972,118.01820466208355,116.99830920749443,117.9901351928711,3400800
2025-01-02,118.86969869210294,119.03812266791006,115.59479360375207,115.90357208251953,3050500
2025-01-03,115.98776228489093,116.33396905265695,114.8649407150032,115.82869720458984,3490400
2025-01-06,116.68017963083227,116.96088861900833,115.84741867496301,116.22169494628906,5049200
2025-01-07,117.12931138322891,118.90711829975501,116.03455919027388,116.94217681884766,3725300
2025-01-08,117.81236394111393,118.6264071338069,117.16673757003255,118.60769653320312,4536300
2025-01-10,116.97025098210648,117.36323786630813,114.9959505521596,115.35150909423828,5231800
2025-01-13,115.40763496489544,117.11994394474068,113.74211319208551,116.9702377319336,6939200
2025-01-14,117.30708976596894,117.83107223733785,116.54917838990947,117.74685668945312,4247600
2025-01-15,119.30010316171874,119.73051836353744,118.43927275808134,119.27203369140625,4315900
2025-01-16,121.18083041384668,122.2568791385048,120.48843110180002,121.58318328857422,5471300
2025-01-17,121.77966746240176,122.18202033012311,121.10597162420227,121.38668060302734,4261100
2025-01-21,122.03230706204293,124.9797299257254,121.77966755316689,124.32473754882812,5282700
2025-01-22,124.12825574329399,124.84872453999348,122.80893348837321,124.02532958984375,4420700
2025-01-23,124.390242250862,125.07328981911145,123.52004584532625,125.01715087890625,3282600
2025-01-24,124.82064115248573,125.28848465647175,124.00659802433431,124.47444152832031,3212300
2025-01-27,125.28849722885019,128.05813733245188,125.13879814341526,127.49671936035156,4944400
2025-01-28,127.02888460460372,128.1797900993502,126.64526371714132,126.71075439453125,3094500
2025-01-29,127.28151205053156,127.79614279881028,125.03586877479944,125.17621612548828,4262100
2025-01-30,109.84031121682094,110.39237033363422,102.5700253844204,107.51045227050781,41170400
2025-01-31,107.61337206587677,109.09175221305547,106.06948697053222,106.88353729248047,15844600
2025-02-03,105.1057372389537,105.3209412816026,102.36417365695505,104.13262176513672,12635200
2025-02-04,104.17939560481908,104.93730699063676,103.12207177898627,104.58174133300781,9347800
2025-02-05,104.53496805864657,105.42386798305783,103.87063104820923,104.7033920288086,7122900
2025-02-06,105.12444456203205,106.54669295584202,105.04958788052078,106.17241668701172,6318200
2025-02-07,106.54669550296776,106.6309039176365,105.37708659661594,105.8355712890625,4830700
2025-02-10,106.21919265022963,107.38880148337873,105.50807561955753,106.81803894042969,6101500
2025-02-11,106.66832497583881,107.33266193263773,106.12562476705352,107.16423797607422,4589100
2025-02-12,106.0601271809013,107.4542989061594,106.00398824150423,106.91160583496094,5172900
2025-02-13,107.17360356707466,108.66134266108658,106.99582072990613,108.2028579711914,5854000
2025-02-14,108.595846324579,109.25083160063124,108.22157718252205,108.74555969238281,5942300
2025-02-18,108.71708330444346,109.88444728883859,108.11915845501342,109.54277801513672,5407800
2025-02-19,109.10620098231442,109.56176242238801,108.43235526706862,109.1441650390625,4252000
2025-02-20,109.11569946048085,110.69116807218933,109.00180728433534,110.6626968383789,5801200
2025-02-21,110.52032566210221,110.89995898167304,109.3909257685307,110.40644073486328,6459900
2025-02-24,110.64371366670585,112.06733322317636,109.96037512105543,110.24510192871094,6269900
2025-02-25,110.52981937684712,112.31408658003106,110.52981937684712,112.0958023071289,4985600
2025-02-26,112.08631283170403,112.5323814560534,110.7765854324493,110.93792724609375,3445300
2025-02-27,111.04232592050369,112.68423700259075,111.03283309596348,111.64024353027344,4821600
2025-02-28,111.80159201279251,113.53840236779642,111.80159201279251,112.96895599365234,8754900
2025-03-03,113.71873055043464,114.81966648955091,112.72219395867951,113.18724822998047,5165100
2025-03-04,112.45645015060232,112.61779920057275,110.66269012040101,110.843017578125,5387000
2025-03-05,111.497888630847,113.50044017732456,111.34603240009601,112.95946502685547,6812000
2025-03-06,112.88354319190273,114.44003333933883,112.15274775921293,114.36410522460938,5742100
2025-03-07,113.50993315620393,115.46504230480964,113.24419199293223,115.42707824707031,5635800
2025-03-10,114.8766085651596,117.40115681965207,113.93702168300182,114.47799682617188,6279900
2025-03-11,114.14581146889172,114.44003109747878,110.03630190208833,110.4349136352539,6498300
2025-03-12,109.99834061520522,110.15968242922955,109.0967105397858,109.39093017578125,4970900
2025-03-13,109.87495394260645,111.48839378096065,109.10620170087921,109.36245727539062,4629100
2025-03-14,109.89393623612396,110.96639366018688,109.22957612029734,110.81454467773438,4020700
2025-03-17,111.04232530456834,112.73168601817873,110.96639719047486,112.04834747314453,4427900
2025-03-18,112.02936452246274,112.94048013192959,111.85852989313126,112.80760955810547,3930700
2025-03-19,112.34256888575005,112.81710874500082,110.34001010043957,111.48839569091797,5010300
2025-03-20,110.34948540848866,112.19070220801764,110.33050700188348,111.0233383178711,3655600
2025-03-21,108.53675773922053,109.5427799288605,106.73350481671397,109.23907470703125,19575300
2025-03-24,109.82749901368325,111.22264726734575,109.38143041656362,109.90342712402344,6611600
2025-03-25,109.93190403285257,110.09324584498097,104.29436826473598,104.35131072998047,10645500
2025-03-26,105.06311832523795,106.62910125504138,104.74043470768869,105.35733795166016,6609200
2025-03-27,105.177010494263,106.0881261237533,104.79737717174955,105.35733795166016,4031700
2025-03-28,105.59460634950547,105.67052722019001,104.03811626647172,104.07608032226562,3284100
2025-03-31,103.45918054231733,105.21497654622817,102.78533482150414,104.38927459716797,6536100
2025-04-01,104.40825904950188,104.49367274623424,102.67144147357625,103.69644927978516,5877400
2025-04-02,103.30732115766058,104.87330406931976,103.06055841475043,104.58857727050781,4540000
2025-04-03,101.30476093362081,101.92166416112221,94.87949481807738,95.02185821533203,10057700
2025-04-04,93.323013042142,95.46792805189654,91.6526306638742,92.73458099365234,9567700
2025-04-07,90.16257133595843,94.14870317234468,88.48270345601232,90.69405364990234,8729800
2025-04-08,92.81999594424974,92.81999594424974,86.09101722284984,87.2394027709961,8233800
2025-04-09,86.53708973620728,95.08830009787401,85.93917211534607,94.58528900146484,8849800
2025-04-10,93.12370435175181,93.13318993546235,89.19451490631548,91.64313507080078,7553700
2025-04-11,90.87437999382293,94.62324185960884,88.84335004372933,92.13665771484375,5544100
2025-04-14,93.45588549098304,95.80011366588924,93.00032401840491,93.64569854736328,4926900
2025-04-15,93.47486359558619,93.55079171425238,91.3204557249863,91.58619689941406,5767000
2025-04-16,91.53873438372858,91.7285546687167,88.75793056655834,89.40330505371094,4632800
2025-04-17,90.10562582723871,92.36443282609767,89.83988467924391,91.5197525024414,4740100
2025-04-21,90.70354823252042,91.43433642835878,89.80192539804531,91.34892272949219,3930800
2025-04-22,91.36789937330046,92.81999739412126,91.16859350555724,91.90887451171875,4305300
2025-04-23,93.56028212846765,94.73713897385298,92.03226317397778,92.26004028320312,5817200
2025-04-24,92.06072626407547,93.93990716144262,91.38688057991689,93.8829574584961,6641000
2025-04-25,93.04777808841463,93.62671730603759,92.16513364522748,92.92440032958984,4577700
2025-04-28,92.91490819652938,93.92093040603108,91.60517351829864,92.14614868164062,8664600
2025-04-29,91.11165014735465,93.76907617301386,90.6560887106204,91.80448150634766,10314600
2025-04-30,91.55771762719652,91.62415291497105,89.27992495350779,90.44729614257812,9305800
2025-05-01,90.02020601570614,91.19706278904624,88.80538518633527,89.7829360961914,7501500
2025-05-02,91.11165389204771,92.68712971623147,91.00725454269077,91.49128723144531,5689600
2025-05-05,90.79845299598468,91.53873400209326,90.17206416039413,90.69405364990234,5406800
2025-05-06,90.16256442003588,90.65608263928512,89.03315734863281,89.03315734863281,5154300
2025-05-07,88.93825955035912,89.57414122392747,88.45422686647855,89.17552947998047,5890000
2025-05-08,89.86836021164375,92.58272876618719,89.6405758674012,92.01327514648438,6649600
2025-05-09,92.25054769466396,92.73458038879832,90.82692808677777,91.00725555419922,5619000
2025-05-12,95.46791871705497,97.60334793401042,95.24014162803259,96.05635070800781,8336500
2025-05-13,96.2177007658325,96.29362888232177,94.25310600732114,94.72764587402344,7031800
2025-05-14,94.76560344259421,95.05982306361562,93.75008848703125,94.57579040527344,6175500
2025-05-15,94.81305986988052,95.29709252591266,94.1866638160856,95.24014282226562,4523300
2025-05-16,96.12279491365753,96.47395702420117,95.24015046577546,96.16075897216797,6321200
2025-05-19,94.96453440490345,95.63981764978391,94.89700608041541,95.61087799072266,6217700
2025-05-20,95.12853090702248,95.49511218927186,93.93231171649285,94.10595703125,4671800
2025-05-21,93.28596181144601,93.7683090956004,92.42738423445402,92.46597290039062,5298600
2025-05-22,92.36950395639609,93.84548545297618,91.88715667725042,93.54643249511719,5179900
2025-05-23,92.23444668973595,92.77467328355218,91.86786540965142,92.00292205810547,3318500
2025-05-27,93.02549647720156,94.26995333962194,92.55279820482083,94.10595703125,6117400
2025-05-28,94.20243007064413,94.5883093863733,93.12196945860961,93.32455444335938,3816500
2025-05-29,93.84548639320829,94.85841863357686,93.382437122209,94.63653564453125,4593900
2025-05-30,94.2699511579064,94.54006445015837,93.21843028731388,94.09630584716797,6763200
2025-06-02,93.83584211432228,94.08666477543775,92.55280386792543,93.92266845703125,4274800
2025-06-03,93.51749727530115,94.94524116772831,92.82291598275357,94.61724853515625,4098100
2025-06-04,94.80052754446801,95.28287480600706,94.3374782950102,95.07064819335938,3933800
2025-06-05,95.25394058129805,95.31182726080853,93.17020411980928,93.44996643066406,4584200
2025-06-06,94.47254039977948,95.26358966002331,94.47254039977948,94.78124237060547,3043400
2025-06-09,95.02241748330613,96.27652339918129,94.96453816289319,95.80381774902344,4037200
2025-06-10,96.14147260901053,99.03555656675265,96.08358592503114,98.84261322021484,6902500
2025-06-11,98.98731282244152,99.6722451005849,97.3859162645017,97.58850860595703,4917400
2025-06-12,97.4920360282338,97.4920360282338,96.6431074114957,97.35697937011719,3106400
2025-06-13,96.84568983706994,97.90685241993341,96.18969721783942,96.4694595336914,4240000
2025-06-16,97.35697689060663,97.89721086935012,96.9807465868586,97.5209732055664,4293700
2025-06-17,96.9903947289841,97.34733437604011,95.81346615440356,96.15110778808594,3800500
2025-06-18,96.10287234784286,96.71062725604875,95.48546843346492,95.70734405517578,4363000
2025-06-20,96.20899425767959,96.96145485682138,95.61088096501109,95.76522827148438,11096600
2025-06-23,95.63017278998352,96.90356936414122,95.24430083905476,96.85533905029297,5077200
2025-06-24,97.64638116193284,98.0033134263592,96.57556964858345,97.06756591796875,3686800
2025-06-25,96.11251725403129,96.73957019585038,95.13818103862589,95.86170196533203,6058100
2025-06-26,96.59486355878971,97.72356178663044,96.26687094149327,97.04827117919922,4161700
2025-06-27,97.43415040041504,98.36025629329393,96.88427479651708,97.60779571533203,5869900
2025-06-30,97.58850809594168,97.69461772943355,96.72028149436939,97.37627410888672,5446800
2025-07-01,97.19298161437898,102.151511303471,97.16404195378688,100.78164672851562,6819300
2025-07-02,100.56941632096199,102.15151494334738,100.28000498465704,101.81387329101562,5243200
2025-07-03,102.67244427315458,102.7013839329008,100.45364379882812,100.45364379882812,2961300
2025-07-07,100.32823327655228,100.60799557946997,97.22191564557644,97.28944396972656,5299800
2025-07-08,97.71392064385088,100.03883089130053,97.6270942993209,98.76543426513672,6511400
2025-07-09,99.2863678271497,99.60471881592396,98.30238256007158,98.5435562133789,4566500
2025-07-10,99.11271638027912,100.80093184915108,98.86190109555788,99.28636169433594,3645800
2025-07-11,98.62073151149724,99.26707512259983,97.61744825126074,97.69461822509766,4342900
2025-07-14,97.43414888551176,97.51132621539391,96.05463539401845,96.58522033691406,4030600
2025-07-15,96.75887120882948,97.10616185321891,96.00640323929524,96.01605224609375,4033400
2025-07-16,96.18969564331908,96.69134094630287,95.06100475165888,96.11251831054688,4782700
2025-07-17,95.82311763490513,96.46946125893137,94.80053634073612,95.98711395263672,3949900
2025-07-18,96.19934251834293,96.25722183662182,95.09959131083168,95.71699523925781,4572400
2025-07-21,96.04499694857729,96.08358561776144,95.24430598312331,95.4083023071289,3750200
2025-07-22,95.69770393787456,97.64639120366216,95.50476795672382,97.5692138671875,5751700
2025-07-23,98.12872976216833,100.270352818045,97.82002780384599,99.87482452392578,5079500
2025-07-24,99.47930698693068,99.84588827494572,98.5049634076889,98.9101333618164,3676800
2025-07-25,99.23813617742847,100.48259309495648,98.66896253606184,99.90377044677734,5473600
2025-07-28,99.42141905999853,99.72047937860792,97.7042639197401,97.9936752319336,7045900
2025-07-29,94.72336157927064,94.72336157927064,87.51709200973379,87.63285064697266,26112300
2025-07-30,87.58462168750766,87.78720666583996,83.93807735745538,84.1020736694336,20976500
2025-07-31,83.8319596902708,84.00560500744885,82.73220846815512,83.11808776855469,15782000
2025-08-01,82.71291234984322,83.48467096832124,81.30445912715113,81.51669311523438,11276600
2025-08-04,82.38491443794908,83.06984667190902,81.77715217285979,82.01832580566406,8579500
2025-08-05,82.01832963775185,83.98630745658751,81.89292199244696,83.71619415283203,9513400
2025-08-06,83.73549525889203,83.90914058343952,82.70327231853634,83.20491027832031,6331600
2025-08-07,83.7644318680888,84.57477177976573,83.38820157194802,83.43643188476562,6839200
2025-08-08,83.4460805932389,83.97666555258584,82.72255966323974,83.61007690429688,6285100
2025-08-11,84.07313413985379,85.12464769949746,82.70326960232266,83.26278686523438,8701400
2025-08-12,83.57148786076607,85.16323537158333,83.44608021641197,84.34324645996094,7308600
2025-08-13,84.99923650814443,85.18253082595558,83.33996072173993,85.06676483154297,13633200
2025-08-14,83.93808304887654,86.1568763144151,83.60044139542893,85.42371368408203,12487300
2025-08-15,85.45264626810982,86.2533445228499,85.06676697040076,85.3561782836914,8897400
2025-08-18,85.51343989556787,85.94592406024714,84.9138623032741,85.03181457519531,9385600
2025-08-19,85.36600221478754,86.80105445737127,85.16942259214447,86.29977416992188,7227600
2025-08-20,85.67070985644598,86.92883743136964,85.39548788777854,85.4544677734375,7076400
2025-08-21,85.3660071039187,85.43481072568754,84.51087744751081,84.67797088623047,6193200
2025-08-22,84.97283842159163,87.77414688525269,84.90403480137381,87.3023452758789,10230700
2025-08-25,87.03696371275177,87.14508476076522,85.98524692673837,86.24079895019531,6029900
2025-08-26,86.10319104331083,86.76174105865597,85.55276207514562,85.96558380126953,5478000
2025-08-27,86.11302110376828,86.54550528660766,85.66088195763263,86.35874938964844,5482200
2025-08-28,86.69293334525231,86.73225076955558,84.98266663273562,85.77882385253906,8618500
2025-08-29,85.72968838246273,87.02713347439612,85.52327751545428,85.94593048095703,6838500
2025-09-02,85.13993791917498,85.36600373934864,83.36086005664527,83.77368927001953,10058800
2025-09-03,83.91129934247655,84.41257965581053,83.33137667737982,83.8326644897461,7430900
2025-09-04,84.1766820133942,84.22583067076826,82.2403418977593,83.03650665283203,10741500
2025-09-05,83.16428398724813,84.86471957339539,82.75146225525042,83.5869369506836,8585400
2025-09-08,83.59676419404374,83.59676419404374,81.63093794608534,82.87923431396484,11783700
2025-09-09,82.79077704943143,83.4788132475498,82.61385238433925,82.95787048339844,7889700
2025-09-10,82.90872342498463,83.71471191504503,82.28949083474156,82.41726684570312,6684600
2025-09-11,81.02152967222841,83.4198401110832,80.59887672602092,83.20359802246094,10453500
2025-09-12,83.34120610545557,83.56727192837381,82.43692781571832,82.90872192382812,5545500
2025-09-15,83.41984037841952,83.7147098191868,82.4762446697065,82.58435821533203,6389000
2025-09-16,82.9873542351082,83.89163249717087,82.86940196217449,83.74419403076172,6185500
2025-09-17,83.61642267138606,84.89421278587794,82.29932262943097,82.74163055419922,9007000
2025-09-18,83.22325182695302,83.6360735363766,82.56470183824895,83.59676361083984,8067300
2025-09-19,83.65573423620499,84.14719078441485,82.57453132994966,82.62367248535156,18120200
2025-09-22,82.36812615323477,84.2356551658452,81.70956863400687,82.79077911376953,10224300
2025-09-23,83.0266771638098,84.2651498651086,82.68265905206913,82.96770477294922,7486300
2025-09-24,82.86940590030873,83.56727334217554,82.27965950567801,82.46641540527344,6988400
2025-09-25,82.36812342098304,82.55487181663003,80.95272611190408,81.1689682006836,9021100
2025-09-26,81.3262315638712,82.44675194988655,81.22794174912167,82.28948974609375,6845800
2025-09-29,82.49589978571301,83.07581493628594,82.03392941205274,83.05615997314453,7275300
2025-09-30,83.0561567013541,83.1053053558197,81.22793774090471,82.10272979736328,9876200
2025-10-01,81.96512760745446,83.15445162819567,81.89632398638786,82.9382095336914,7074800
2025-10-02,83.22325628605753,85.62156682002701,83.09548027363694,84.10787963867188,9815500
2025-10-03,84.23565504842254,85.83780830309257,83.96044056269653,85.29720306396484,7098900
2025-10-06,85.3758354068893,85.56259130201272,84.31428742255419,85.13993835449219,6987000
2025-10-07,85.53309491507852,85.9360928868042,84.33394722872315,84.51087188720703,4726800
2025-10-08,84.39292484202517,85.63139752811631,83.75402978576207,84.77626037597656,4896000
2025-10-09,84.80574332636839,85.00233045102223,83.42966344991967,83.82283020019531,5784700
2025-10-10,83.94078677595014,84.58950557296681,81.13948572263006,81.45401763916016,8506000
2025-10-13,81.75871276855469,82.55486998775797,81.44418087339756,81.75871276855469,6132200
2025-10-14,81.0903350688352,82.85958174267722,80.59887849266045,82.61385345458984,6306800
2025-10-15,82.8005985620115,83.47881100985701,82.18136600030383,82.65316009521484,4903000
2025-10-16,83.30188941547114,84.2651476015015,82.41726608116412,84.17668151855469,7056200
2025-10-17,84.20616398773663,85.29719813527363,83.783511052213,84.93352508544922,9396100
2025-10-20,85.16942826727842,86.00490296772988,84.92369997308491,85.42498779296875,5456500
2025-10-21,85.2677145604824,87.18439217635014,84.89421026839929,86.55532836914062,6181500
2025-10-22,86.25062917533677,86.70276832583073,85.44464068984192,85.59207916259766,5258500
2025-10-23,86.03438718008624,86.9583279446473,84.8254081999794,85.54293060302734,5764800
2025-10-24,86.41771910190394,86.80105461608116,85.6510480735495,85.72968292236328,5256200
2025-10-27,86.712597731951,87.79380067768207,86.712597731951,87.69551086425781,12012900
2025-10-28,96.76779342207769,98.85157193091136,93.37674616618176,94.71350860595703,30027000
2025-10-29,95.244284095082,96.6105327501381,94.09427752914823,95.7357406616211,10789200
2025-10-30,95.42121112865709,96.62036638063705,93.23914271918962,93.43572235107422,10073600
2025-10-31,93.29811410531254,95.24428543577649,92.96392723489721,94.7724838256836,7305400
2025-11-03,94.76265782050677,94.76265782050677,91.9908356136242,92.48229217529297,7693100
2025-11-04,92.14810327933877,92.98357791593173,91.29296618125504,91.65664672851562,6457700
2025-11-05,90.8506623796302,92.42332191333529,89.54338609575602,91.32246398925781,6215300
2025-11-06,91.50921480078645,92.31520330175412,91.04724441016492,92.00067138671875,6571800
2025-11-07,91.80408482822307,94.57589946387351,91.60749770925705,94.31050872802734,7741700
2025-11-10,94.20239173854858,94.2810265895167,90.47715753707772,91.46989440917969,9771900
2025-11-11,92.20707950739664,93.86820511807699,91.27331502154172,93.40623474121094,6859200
2025-11-12,93.91735038891692,94.85111484110782,93.72076326806544,94.53658294677734,5814500
2025-11-13,94.45795331846973,95.46052894263794,94.11393521175802,94.3301773071289,6119500
2025-11-14,94.07461322708667,95.05752634094073,93.53401551388612,94.34000396728516,6583000
2025-11-17,94.22000122070312,95.41000366210938,93.55999755859375,94.19000244140625,6488200
2025-11-18,93.5999984741211,93.68000030517578,92.06999969482422,92.83000183105469,6347800
2025-11-19,93.2300033569336,94.0,92.37999725341797,92.41000366210938,5604300
2025-11-20,92.77999877929688,93.83999633789062,90.83999633789062,90.87000274658203,7452700
2025-11-21,91.58000183105469,96.22000122070312,91.30999755859375,94.66000366210938,8913200
2025-11-24,94.69999694824219,94.75,93.3499984741211,93.55999755859375,6554600
2025-11-25,94.05000305175781,95.37999725341797,93.54000091552734,94.54000091552734,5840200
2025-11-26,94.25,95.80000305175781,93.76000213623047,95.66999816894531,4685800
2025-11-28,95.52999877929688,96.3499984741211,95.29000091552734,95.79000091552734,2554800
2025-12-01,95.54000091552734,96.66000366210938,95.02999877929688,95.22000122070312,4772500
2025-12-02,95.44000244140625,96.0,94.5,95.58000183105469,4854500
2025-12-03,96.05999755859375,98.25,95.88999938964844,98.20999908447266,7259000
2025-12-04,98.30999755859375,98.69000244140625,94.5,94.76000213623047,9451300
2025-12-05,95.0,95.8499984741211,94.58000183105469,94.87000274658203,5523600
2025-12-08,95.04000091552734,96.43000030517578,94.87000274658203,95.55000305175781,5617400
2025-12-09,95.5999984741211,97.19000244140625,95.52999877929688,96.97000122070312,4738300
2025-12-10,97.13999938964844,100.11000061035156,97.0999984741211,99.63999938964844,7188100
2025-12-11,100.11000061035156,101.19999694824219,99.0,100.4800033569336,5264200
2025-12-12,101.05999755859375,101.66000366210938,100.0199966430664,100.91999816894531,4510200
2025-12-15,101.0,101.26000213623047,99.75,100.06999969482422,5060500
2025-12-16,100.13999938964844,100.58999633789062,99.31999969482422,99.41999816894531,2035486
